ngram,freq
_VERB_ _NOUN_ _NOUN_,4790412
_VERB_ _PRT_ _NOUN_,3813930
的 _NOUN_ _._,3766547
的_PRT _NOUN_ _._,3766545
的 _NOUN_ _NOUN_,3508321
的_PRT _NOUN_ _NOUN_,3508321
_VERB_ 的_PRT _NOUN_,2924903
_VERB_ 的 _NOUN_,2924903
_VERB_ _VERB_ _NOUN_,2312112
_VERB_ _NOUN_ _._,2212051
"的 _NOUN_ ,",2105175
"的 _NOUN_ ,_.",2105174
"的_PRT _NOUN_ ,",2105173
"的_PRT _NOUN_ ,_.",2105172
_VERB_ _VERB_ _VERB_,1801597
_VERB_ _._ _END_,1651370
_VERB_ _NOUN_ _PRT_,1622873
_VERB_ _VERB_ _PRT_,1542833
_VERB_ ._. _END_,1476791
_VERB_ . _END_,1476791
_VERB_ _VERB_ _._,1440984
_START_ _NOUN_ _NOUN_,1406372
_VERB_ _._ _NOUN_,1345084
"_VERB_ _NOUN_ ,",1309966
"_VERB_ _NOUN_ ,_.",1309965
的 _NOUN_ _VERB_,1305234
的_PRT _NOUN_ _VERB_,1305234
的_PRT _NOUN_ .,1243360
的 _NOUN_ .,1243360
的 _NOUN_ ._.,1243355
的_PRT _NOUN_ ._.,1243355
_VERB_ _NOUN_ 的,1206956
_VERB_ _NOUN_ 的_PRT,1206955
_VERB_ _ADJ_ _NOUN_,1164690
的 _ADJ_ _NOUN_,1162536
的_PRT _ADJ_ _NOUN_,1162535
_VERB_ _NOUN_ _VERB_,1148831
_VERB_ _ADV_ _VERB_,1121184
_VERB_ _VERB_ 的,1108627
_VERB_ _VERB_ 的_PRT,1108627
_VERB_ _PRT_ _._,1053533
_VERB_ _._ _ADV_,989792
_VERB_ _._ _VERB_,972551
和 _NOUN_ _NOUN_,940715
"_VERB_ , _ADV_",930761
"_VERB_ ,_. _ADV_",930761
和_CONJ _NOUN_ _NOUN_,923815
"_VERB_ ,_. _NOUN_",903951
"_VERB_ , _NOUN_",903951
_VERB_ _ADP_ _NOUN_,871271
"_VERB_ , _VERB_",833640
"_VERB_ ,_. _VERB_",833640
_VERB_ _NUM_ _NUM_,830705
_VERB_ _PRT_ _VERB_,812495
"_VERB_ _VERB_ ,_.",796079
"_VERB_ _VERB_ ,",796079
的 _NOUN_ _ADV_,706534
的_PRT _NOUN_ _ADV_,706534
_VERB_ 了 _NOUN_,700287
_VERB_ 了_PRT _NOUN_,700273
的 _NOUN_ _PRT_,677954
的_PRT _NOUN_ _PRT_,677953
在 _NOUN_ _NOUN_,660797
在_ADP _NOUN_ _NOUN_,659286
的 _NOUN_ _CONJ_,617767
的_PRT _NOUN_ _CONJ_,617767
_VERB_ _NOUN_ .,559877
_VERB_ _NOUN_ ._.,559851
_VERB_ 的_PRT _._,550211
_VERB_ 的 _._,550211
_VERB_ _PRT_ _ADJ_,550084
_START_ _ADP_ _NOUN_,549128
_START_ _ADV_ _._,547450
"_START_ _ADV_ ,_.",525022
"_START_ _ADV_ ,",525022
"_VERB_ _PRT_ ,_.",494336
"_VERB_ _PRT_ ,",494336
_VERB_ _DET_ _NOUN_,479321
· _NOUN_ _NOUN_,434784
·_NOUN _NOUN_ _NOUN_,429741
_START_ _ADV_ _VERB_,421374
_VERB_ _NOUN_ _CONJ_,416746
_PRT_ 的 _NOUN_,409913
_PRT_ 的_PRT _NOUN_,409913
· _NOUN_ ·,384376
· _NOUN_ ·_NOUN,384247
_VERB_ _VERB_ _ADJ_,382466
·_NOUN _NOUN_ ·,382395
·_NOUN _NOUN_ ·_NOUN,382314
· · _NOUN_,381542
· ·_NOUN _NOUN_,381536
与 _NOUN_ _NOUN_,380983
·_NOUN · _NOUN_,379692
·_NOUN ·_NOUN _NOUN_,379690
的 _NOUN_ 和,378910
的_PRT _NOUN_ 和,378910
· · ·,378876
的_PRT _NOUN_ 和_CONJ,378608
的 _NOUN_ 和_CONJ,378608
_START_ _NOUN_ _VERB_,378189
· ·_NOUN ·_NOUN,375959
· · ·_NOUN,375959
· ·_NOUN ·,375959
_VERB_ _ADJ_ _PRT_,374177
·_NOUN ·_NOUN ·,374122
·_NOUN · ·_NOUN,374122
·_NOUN · ·,374122
·_NOUN ·_NOUN ·_NOUN,374122
_VERB_ _ADJ_ 的_PRT,372855
_VERB_ _ADJ_ 的,372855
_VERB_ _VERB_ ._.,365565
_VERB_ _VERB_ .,365565
_VERB_ _NUM_ _NOUN_,364524
_VERB_ 的_PRT _ADJ_,358552
_VERB_ 的 _ADJ_,358552
和 _NOUN_ _._,350358
_VERB_ _NOUN_ _ADV_,347256
和_CONJ _NOUN_ _._,347093
了 _NOUN_ _NOUN_,335145
了_PRT _NOUN_ _NOUN_,334321
_VERB_ _PRON_ _VERB_,332866
对 _NOUN_ _NOUN_,329206
_VERB_ _._ _._,328567
对_ADP _NOUN_ _NOUN_,326976
是 _NOUN_ _NOUN_,323849
"_VERB_ ""_. _NOUN_",317694
"_VERB_ "" _NOUN_",317694
_VERB_ _._ _ADP_,314758
_VERB_ _PRON_ _PRT_,313017
是_VERB _NOUN_ _NOUN_,308111
在 _NOUN_ _PRT_,307114
在_ADP _NOUN_ _PRT_,306078
年 _NOUN_ _NOUN_,301269
_VERB_ _PRT_ _NUM_,301134
_VERB_ _PRT_ .,295965
_VERB_ _PRT_ ._.,295943
_START_ _VERB_ _NOUN_,292305
_START_ _NUM_ _._,290587
与_CONJ _NOUN_ _NOUN_,283767
_VERB_ _PRON_ 的_PRT,282991
_VERB_ _PRON_ 的,282991
_START_ _PRON_ _VERB_,282870
_VERB_ _VERB_ _NUM_,282594
_VERB_ _VERB_ _ADV_,281158
"_VERB_ , _ADP_",271215
"_VERB_ ,_. _ADP_",271215
年_NOUN _NOUN_ _NOUN_,270102
_VERB_ _PRT_ _ADV_,267058
的 _._ _END_,266780
的_PRT _._ _END_,266751
_START_ _._ _NUM_,265947
_VERB_ _VERB_ _PRON_,258769
_VERB_ 在 _NOUN_,255643
_VERB_ 了_PRT _._,254701
_VERB_ 了 _._,254701
_VERB_ 在_ADP _NOUN_,253990
_VERB_ 地 _VERB_,252415
_VERB_ 地_PRT _VERB_,252205
_VERB_ _._ _PRON_,248184
和 _NOUN_ _PRT_,243125
"_VERB_ 的 ,_.",241798
"_VERB_ 的 ,",241798
"_VERB_ 的_PRT ,_.",241798
"_VERB_ 的_PRT ,",241798
的 . _END_,241160
的 ._. _END_,241105
的_PRT . _END_,241089
的_PRT ._. _END_,241089
_VERB_ _NOUN_ 和,240638
_VERB_ _CONJ_ _VERB_,240389
_VERB_ _NOUN_ 和_CONJ,240255
和_CONJ _NOUN_ _PRT_,237331
_START_ _NOUN_ _._,233816
_START_ ( _NUM_,230897
_START_ (_. _NUM_,230897
_START_ _NOUN_ _PRT_,224902
"_VERB_ , _PRON_",224766
"_VERB_ ,_. _PRON_",224766
_VERB_ _VERB_ _ADP_,219877
的 _._ _NOUN_,216184
_VERB_ _VERB_ 了,216122
_VERB_ _VERB_ 了_PRT,216113
的_PRT _._ _NOUN_,216024
_VERB_ 的_PRT _VERB_,212728
_VERB_ 的 _VERB_,212728
_VERB_ _ADJ_ _ADJ_,209808
_START_ _DET_ _NOUN_,202915
_START_ _VERB_ _VERB_,198629
月 _NOUN_ _NOUN_,196817
月_NOUN _NOUN_ _NOUN_,196736
_VERB_ _NOUN_ _ADP_,191004
中国 _NOUN_ _NOUN_,190139
中国_NOUN _NOUN_ _NOUN_,190139
是 _ADV_ _VERB_,189219
_START_ _NUM_ _NUM_,188889
所 _VERB_ _PRT_,188845
所_PRT _VERB_ _PRT_,188571
_VERB_ 了 _NUM_,188397
_VERB_ 了_PRT _NUM_,188386
是_VERB _ADV_ _VERB_,185730
是 _VERB_ _NOUN_,185684
和 _NOUN_ _VERB_,185460
_START_ _ADV_ _ADV_,184273
所 _VERB_ 的,183834
所 _VERB_ 的_PRT,183834
所_PRT _VERB_ 的,183595
所_PRT _VERB_ 的_PRT,183595
"和 _NOUN_ ,",183581
"和 _NOUN_ ,_.",183581
是_VERB _VERB_ _NOUN_,183479
_VERB_ 的 .,183069
_VERB_ 的_PRT .,183069
_VERB_ 的 ._.,183047
_VERB_ 的_PRT ._.,183047
年 _NOUN_ 月_NOUN,182365
年 _NOUN_ 月,182365
"和_CONJ _NOUN_ ,",181758
"和_CONJ _NOUN_ ,_.",181758
_VERB_ _ADV_ _ADV_,178609
的_PRT _NOUN_ 是,178557
的 _NOUN_ 是,178557
的_PRT _NOUN_ 是_VERB,178553
的 _NOUN_ 是_VERB,178553
"_VERB_ _._ ""_.",177919
"_VERB_ _._ """,177919
_VERB_ _CONJ_ _NOUN_,177788
的_PRT _NUM_ _NUM_,176876
的 _NUM_ _NUM_,176876
和_CONJ _NOUN_ _VERB_,176039
_START_ _ADJ_ _NOUN_,176020
_VERB_ _VERB_ _DET_,175390
_START_ 在 _NOUN_,174534
_START_ 在_ADP _NOUN_,174534
年_NOUN _NOUN_ 月_NOUN,174071
年_NOUN _NOUN_ 月,174071
社会_NOUN _NOUN_ _NOUN_,173995
社会 _NOUN_ _NOUN_,173995
"_VERB_ _PRT_ """,172871
"_VERB_ _PRT_ ""_.",172871
_START_ _._ _NOUN_,165046
月 _NOUN_ 日,164454
月 _NOUN_ 日_NOUN,164454
月_NOUN _NOUN_ 日,164449
月_NOUN _NOUN_ 日_NOUN,164449
在 _NOUN_ _VERB_,163968
_START_ _NOUN_ 年,163528
在_ADP _NOUN_ _VERB_,163509
_START_ _NOUN_ 年_NOUN,163383
是 _VERB_ _PRT_,162351
和 _NOUN_ 的_PRT,161525
和 _NOUN_ 的,161525
是_VERB _VERB_ _PRT_,161143
"_START_ _NUM_ ,",160828
"_START_ _NUM_ ,_.",160827
_VERB_ 了 _ADJ_,159876
_VERB_ 了_PRT _ADJ_,159876
为 _NOUN_ _NOUN_,157879
_VERB_ _PRON_ _._,157755
和_CONJ _NOUN_ 的_PRT,157310
和_CONJ _NOUN_ 的,157310
_VERB_ _NOUN_ _ADJ_,155781
"的 ""_. _NOUN_",155494
"的 "" _NOUN_",155494
"的_PRT ""_. _NOUN_",155386
"的_PRT "" _NOUN_",155386
_START_ _PRON_ _ADV_,154789
"_VERB_ _VERB_ ""_.",154194
"_VERB_ _VERB_ """,154194
这 _NUM_ _NOUN_,154114
这_DET _NUM_ _NOUN_,154093
第 _NUM_ _NUM_,153002
第_NUM _NUM_ _NUM_,152953
_START_ _NOUN_ _ADV_,152364
_VERB_ _NUM_ %_NUM,152352
_VERB_ _NUM_ %,152352
_VERB_ _ADP_ _VERB_,151676
_START_ _ADV_ _NOUN_,151631
的_PRT _ADJ_ _ADJ_,150964
的 _ADJ_ _ADJ_,150964
是 _ADP_ _NOUN_,149788
_START_ _NUM_ 是_VERB,149665
_START_ _NUM_ 是,149665
_VERB_ _PRON_ _NOUN_,147094
了 _NOUN_ _._,147070
的 _NOUN_ _ADP_,146892
的_PRT _NOUN_ _ADP_,146892
了_PRT _NOUN_ _._,146508
_VERB_ _._ _ADJ_,143596
和 _ADJ_ _NOUN_,142145
_START_ _NOUN_ 的_PRT,140978
_START_ _NOUN_ 的,140978
和_CONJ _ADJ_ _NOUN_,139760
一 _NUM_ _NOUN_,138701
一_NUM _NUM_ _NOUN_,138691
自己 _PRT_ _NOUN_,138673
自己_PRON _PRT_ _NOUN_,138673
自己 的 _NOUN_,138319
自己_PRON 的_PRT _NOUN_,138319
自己_PRON 的 _NOUN_,138319
自己 的_PRT _NOUN_,138319
是_VERB _ADP_ _NOUN_,138049
_VERB_ _DET_ _NUM_,137543
"_VERB_ _NOUN_ """,137272
"_VERB_ _NOUN_ ""_.",137272
也 _ADV_ _VERB_,136828
也_ADV _ADV_ _VERB_,136826
经济 _NOUN_ _NOUN_,136065
经济_NOUN _NOUN_ _NOUN_,136065
_VERB_ _._ _CONJ_,135339
_VERB_ 了 _VERB_,134946
_VERB_ 了_PRT _VERB_,134890
的 _._ _ADV_,134235
是 _VERB_ 的_PRT,134184
是 _VERB_ 的,134184
了 _._ _END_,134133
的_PRT _._ _ADV_,134116
了_PRT _._ _END_,133998
对 _NOUN_ _PRT_,133566
是_VERB _VERB_ 的,133513
是_VERB _VERB_ 的_PRT,133513
企业_NOUN _NOUN_ _NOUN_,133438
企业 _NOUN_ _NOUN_,133438
对_ADP _NOUN_ _PRT_,132547
是 _VERB_ _VERB_,132140
之 _NOUN_ _._,131071
是_VERB _VERB_ _VERB_,131002
"的 _NOUN_ """,129233
"的 _NOUN_ ""_.",129233
"的_PRT _NOUN_ """,129233
"的_PRT _NOUN_ ""_.",129233
_START_ _ADP_ _VERB_,128419
"_START_ _NOUN_ ,_.",128084
"_START_ _NOUN_ ,",128084
之_PRT _NOUN_ _._,127859
_VERB_ _._ _NUM_,127219
_VERB_ 到 _NOUN_,126158
及 _NOUN_ _NOUN_,125905
亿 _NUM_ _._,125521
亿_NUM _NUM_ _._,125521
在 _VERB_ _NOUN_,125450
及_CONJ _NOUN_ _NOUN_,124678
了 . _END_,124462
了 ._. _END_,124414
了_PRT . _END_,124279
了_PRT ._. _END_,124279
"的 ,_. _ADV_",124237
"的 , _ADV_",124237
"的_PRT , _ADV_",124125
"的_PRT ,_. _ADV_",124125
_VERB_ 到_VERB _NOUN_,123180
_START_ _ADV_ _ADP_,122318
和 _VERB_ _NOUN_,122091
与 _NOUN_ _._,122032
中 _NOUN_ _NOUN_,121948
和_CONJ _VERB_ _NOUN_,120714
从 _NOUN_ _NOUN_,120362
从_ADP _NOUN_ _NOUN_,120309
_VERB_ _NOUN_ _NUM_,119886
在 _DET_ _NOUN_,119799
在_ADP _DET_ _NOUN_,119647
_VERB_ _PRT_ _DET_,119151
_START_ _VERB_ _PRT_,118970
_VERB_ 对 _NOUN_,118690
_VERB_ 对_ADP _NOUN_,118462
的 _._ _VERB_,117431
的_PRT _._ _VERB_,117299
与 _NOUN_ _PRT_,117229
和 _NOUN_ .,116662
和 _NOUN_ ._.,116658
对 _NOUN_ 的_PRT,116135
对 _NOUN_ 的,116135
和_CONJ _NOUN_ .,115901
和_CONJ _NOUN_ ._.,115899
对_ADP _NOUN_ 的,115376
对_ADP _NOUN_ 的_PRT,115376
_VERB_ _ADP_ _ADJ_,115184
_X_ _NOUN_ _NOUN_,114957
_VERB_ _PRON_ _ADV_,114476
"_VERB_ , _CONJ_",114408
"_VERB_ ,_. _CONJ_",114408
_START_ _NUM_ .,113809
的_PRT _NOUN_ 与,113719
的 _NOUN_ 与,113719
在 _ADJ_ _NOUN_,113652
_START_ _NUM_ ._.,113642
__ __ __,113433
在_ADP _ADJ_ _NOUN_,113197
的 _NOUN_ 的_PRT,113123
的 _NOUN_ 的,113123
的_PRT _NOUN_ 的,113123
的_PRT _NOUN_ 的_PRT,113123
_VERB_ 于 _NOUN_,111935
_VERB_ :_. _._,111928
_VERB_ : _._,111928
中 _PRT_ _NOUN_,111778
_VERB_ ; _END_,111759
_VERB_ ;_. _END_,111759
与_CONJ _NOUN_ _._,111225
_VERB_ 为 _NOUN_,110859
不 _VERB_ _._,110282
不_ADV _VERB_ _._,110218
的 _NOUN_ 与_CONJ,110078
的_PRT _NOUN_ 与_CONJ,110078
_VERB_ _VERB_ _CONJ_,109938
中 的 _NOUN_,109853
中 的_PRT _NOUN_,109853
中_PRT _PRT_ _NOUN_,109769
_VERB_ 和 _NOUN_,109072
_START_ _NUM_ _NOUN_,108336
中_PRT 的 _NOUN_,108328
中_PRT 的_PRT _NOUN_,108328
_VERB_ _PRT_ _PRON_,107944
也 _VERB_ _VERB_,106911
也_ADV _VERB_ _VERB_,106907
_VERB_ _PRT_ _PRT_,106697
"_START_ ""_. _NOUN_",106532
"_START_ "" _NOUN_",106532
人 _PRT_ _NOUN_,106527
人_NOUN _PRT_ _NOUN_,106258
_VERB_ 一 _NUM_,106140
的 _DET_ _NOUN_,106123
_VERB_ 一_NUM _NUM_,106121
的_PRT _DET_ _NOUN_,106121
不 _VERB_ _NOUN_,105692
不_ADV _VERB_ _NOUN_,105686
_VERB_ 了 _ADV_,105498
_VERB_ 了_PRT _ADV_,105490
的_PRT _NOUN_ 中,105205
的 _NOUN_ 中,105205
万 _NUM_ _._,104951
万_NUM _NUM_ _._,104949
到 _NOUN_ _NOUN_,104838
的 _NOUN_ 中_PRT,104009
的_PRT _NOUN_ 中_PRT,104009
在 _NOUN_ 的_PRT,103704
在 _NOUN_ 的,103704
为 _NOUN_ _._,103510
在_ADP _NOUN_ 的_PRT,103495
在_ADP _NOUN_ 的,103495
这 一 _NOUN_,103011
这_DET 一 _NOUN_,103010
这 一_NUM _NOUN_,103005
这_DET 一_NUM _NOUN_,103004
_VERB_ 和 _VERB_,102717
以 _NOUN_ _NOUN_,102648
国家_NOUN _NOUN_ _NOUN_,101858
国家 _NOUN_ _NOUN_,101858
_START_ _NOUN_ _ADP_,101741
人 的 _NOUN_,101517
人 的_PRT _NOUN_,101517
人_NOUN 的_PRT _NOUN_,101459
人_NOUN 的 _NOUN_,101459
了 _NOUN_ _PRT_,101305
于 _NOUN_ _NOUN_,101071
了_PRT _NOUN_ _PRT_,100961
_VERB_ 和_CONJ _VERB_,100877
_VERB_ _ADP_ _PRON_,100814
_VERB_ _PRT_ 是,100734
_VERB_ _PRT_ 是_VERB,100734
在_ADP _VERB_ _NOUN_,100646
与 _NOUN_ _VERB_,100480
是 _NOUN_ _PRT_,99673
_VERB_ _PRT_ _ADP_,99581
的 _NUM_ _NOUN_,99354
的_PRT _NUM_ _NOUN_,99354
_VERB_ 的 是_VERB,98558
_VERB_ 的 是,98558
_VERB_ 的_PRT 是_VERB,98558
_VERB_ 的_PRT 是,98558
地 _VERB_ _NOUN_,98510
的 _ADV_ _VERB_,98312
的_PRT _ADV_ _VERB_,98131
以_ADP _NOUN_ _NOUN_,97783
"_VERB_ "" _._",97302
"_VERB_ ""_. _._",97302
与_ADP _NOUN_ _NOUN_,97216
了 _ADJ_ _NOUN_,97142
了_PRT _ADJ_ _NOUN_,97039
"_VERB_ "" _VERB_",96881
"_VERB_ ""_. _VERB_",96881
十 七 条,96830
十_NUM 七 条,96797
十_NUM 七_NUM 条,96797
十 七_NUM 条,96797
"_VERB_ :_. """,95961
"_VERB_ : ""_.",95961
"_VERB_ : """,95961
"_VERB_ :_. ""_.",95961
十 七 条_NUM,95906
十 七_NUM 条_NUM,95906
十_NUM 七 条_NUM,95906
十_NUM 七_NUM 条_NUM,95906
是_VERB _NOUN_ _PRT_,95561
_VERB_ 和_CONJ _NOUN_,95522
的 _VERB_ _._,95492
的_PRT _VERB_ _._,95488
地_PRT _VERB_ _NOUN_,94898
_VERB_ _._ _PRT_,92850
_VERB_ 自己 _PRT_,92842
_VERB_ 自己_PRON _PRT_,92842
"_VERB_ 的 """,92587
"_VERB_ 的_PRT """,92587
"_VERB_ 的 ""_.",92587
"_VERB_ 的_PRT ""_.",92587
与_CONJ _NOUN_ _PRT_,92268
不 _VERB_ _VERB_,92172
不_ADV _VERB_ _VERB_,92142
国际 _NOUN_ _NOUN_,91990
国际_NOUN _NOUN_ _NOUN_,91989
了 _NUM_ _NUM_,91194
了_PRT _NUM_ _NUM_,91136
一 _NOUN_ _NOUN_,90974
_VERB_ _NUM_ _._,90918
要 _VERB_ _NOUN_,90615
要_VERB _VERB_ _NOUN_,90609
_VERB_ 一_NUM 种_NUM,90566
_VERB_ 一_NUM 种,90566
_VERB_ 一 种_NUM,90566
_VERB_ 一 种,90566
我_PRON _ADV_ _VERB_,90399
我 _ADV_ _VERB_,90399
的 _VERB_ _NOUN_,90335
的_PRT _VERB_ _NOUN_,90314
对 _NOUN_ _VERB_,90218
_VERB_ 自己_PRON 的,89914
_VERB_ 自己 的,89914
_VERB_ 自己 的_PRT,89914
_VERB_ 自己_PRON 的_PRT,89914
_VERB_ 不 _VERB_,89444
_VERB_ 不_ADV _VERB_,89444
对_ADP _NOUN_ _VERB_,89249
有 _NOUN_ _NOUN_,88560
"_VERB_ , _ADJ_",88528
"_VERB_ ,_. _ADJ_",88528
为_VERB _NOUN_ _._,88489
有_VERB _NOUN_ _NOUN_,88475
经济 _NOUN_ _PRT_,88150
经济_NOUN _NOUN_ _PRT_,88149
"的 ,_. _VERB_",87865
"的 , _VERB_",87865
"的_PRT ,_. _VERB_",87755
"的_PRT , _VERB_",87755
等 _NOUN_ _NOUN_,87748
在 _NOUN_ _._,87674
"亿 _NUM_ ,_.",87526
"亿_NUM _NUM_ ,",87526
"亿 _NUM_ ,",87526
"亿_NUM _NUM_ ,_.",87526
进行 _NOUN_ _._,87517
第 _NUM_ 百,87481
第_NUM _NUM_ 百,87463
进行_VERB _NOUN_ _._,87223
_VERB_ 了_PRT ._.,87211
_VERB_ 了 .,87211
_VERB_ 了_PRT .,87211
_VERB_ 了 ._.,87211
在_ADP _NOUN_ _._,87179
就 _VERB_ _VERB_,86846
就_ADV _VERB_ _VERB_,86838
_START_ _ADP_ _DET_,86837
_START_ _NUM_ _VERB_,86796
_VERB_ 的_PRT _NUM_,86646
_VERB_ 的 _NUM_,86646
等_PRT _NOUN_ _NOUN_,86523
第 _NUM_ 百_NUM,86451
第_NUM _NUM_ 百_NUM,86433
推进 _NOUN_ _NOUN_,86084
他 _PRT_ _NOUN_,85865
他_PRON _PRT_ _NOUN_,85804
推进_VERB _NOUN_ _NOUN_,85658
他 的 _NOUN_,85551
他 的_PRT _NOUN_,85551
他_PRON 的_PRT _NOUN_,85494
他_PRON 的 _NOUN_,85494
_VERB_ 社会 _NOUN_,85493
_VERB_ 社会_NOUN _NOUN_,85493
发展 _NOUN_ _._,85478
_VERB_ 中国 _NOUN_,85008
_VERB_ 中国_NOUN _NOUN_,85008
年 _._ _NOUN_,84846
的_PRT _NOUN_ ;,84695
的_PRT _NOUN_ ;_.,84695
的 _NOUN_ ;_.,84695
的 _NOUN_ ;,84695
_VERB_ _._ _DET_,84398
_X_ _NOUN_ _VERB_,84392
_START_ _ADP_ _PRON_,83852
管理 _NOUN_ _._,83761
我们_PRON _ADV_ _VERB_,83609
我们 _ADV_ _VERB_,83609
_VERB_ 为_VERB _NOUN_,83303
第 _NUM_ _NOUN_,83291
第_NUM _NUM_ _NOUN_,83267
他 _ADV_ _VERB_,82881
他_PRON _ADV_ _VERB_,82846
说 _._ _._,82240
_X_ _X_ ^,82160
管理_NOUN _NOUN_ _._,82124
"_VERB_ _PRON_ ,",82121
"_VERB_ _PRON_ ,_.",82121
说_VERB _._ _._,82117
了 _NOUN_ 的_PRT,82013
了 _NOUN_ 的,82013
_X_ ^ ^,81857
_X_ ^_X ^,81847
了_PRT _NOUN_ 的_PRT,81732
了_PRT _NOUN_ 的,81732
增长 _NUM_ _NUM_,81725
"_VERB_ 了 ,",81653
"_VERB_ 了_PRT ,",81653
"_VERB_ 了_PRT ,_.",81653
"_VERB_ 了 ,_.",81653
增长_VERB _NUM_ _NUM_,81480
与 _NOUN_ 的_PRT,80961
与 _NOUN_ 的,80961
_VERB_ _ADP_ _DET_,80959
发展 _PRT_ _NOUN_,80605
_START_ _DET_ _NUM_,80483
中_NOUN _NOUN_ _NOUN_,80446
经济 _NOUN_ _._,79937
经济_NOUN _NOUN_ _._,79937
_VERB_ _._ 在,79776
_VERB_ _._ 在_ADP,79544
为_ADP _NOUN_ _NOUN_,79454
_VERB_ 的 _ADV_,79448
_VERB_ 的_PRT _ADV_,79446
_X_ _X_ ^_X,79242
_X_ ^ ^_X,78943
_X_ ^_X ^_X,78943
的 _VERB_ _VERB_,78922
的_PRT _VERB_ _VERB_,78916
_VERB_ 一个 _NOUN_,78880
"说 _._ """,78707
"说 _._ ""_.",78707
各_DET 种 _NOUN_,78701
各 种 _NOUN_,78701
各 种_NUM _NOUN_,78701
各_DET 种_NUM _NOUN_,78701
"说_VERB _._ """,78615
"说_VERB _._ ""_.",78615
为_VERB _NOUN_ _NOUN_,78111
上 _PRT_ _NOUN_,77919
中 _._ _NOUN_,77776
或 _NOUN_ _NOUN_,77731
或_CONJ _NOUN_ _NOUN_,77692
人_NOUN _ADV_ _VERB_,77648
人 _ADV_ _VERB_,77648
"了 _NOUN_ ,_.",77571
"了 _NOUN_ ,",77571
发展_NOUN _NOUN_ _._,77533
不 _VERB_ _PRT_,77508
不_ADV _VERB_ _PRT_,77468
新 _PRT_ _NOUN_,77460
新 的_PRT _NOUN_,77304
新 的 _NOUN_,77304
"了_PRT _NOUN_ ,_.",77270
"了_PRT _NOUN_ ,",77270
由 _NOUN_ _NOUN_,76981
等 _NOUN_ _._,76836
由_ADP _NOUN_ _NOUN_,76827
问题_NOUN _._ _END_,76773
问题 _._ _END_,76773
企业_NOUN _VERB_ _NOUN_,76671
企业 _VERB_ _NOUN_,76671
在 _NOUN_ 中,76582
"等 _NOUN_ ,",76406
"等 _NOUN_ ,_.",76406
_VERB_ _ADV_ _NOUN_,76391
在_ADP _NOUN_ 中,76379
_VERB_ 了 _PRON_,76372
_VERB_ 了_PRT _PRON_,76372
等 _._ _END_,76101
最 _VERB_ _PRT_,75956
最_ADV _VERB_ _PRT_,75954
"为 _NOUN_ ,_.",75818
"为 _NOUN_ ,",75818
个 _NOUN_ _._,75796
等_PRT _._ _END_,75525
等_PRT _NOUN_ _._,75451
的 _NOUN_ 下,75315
的_PRT _NOUN_ 下,75315
"等_PRT _NOUN_ ,_.",75190
"等_PRT _NOUN_ ,",75190
新 _NOUN_ _._,75140
的 _NOUN_ 下_PRT,75021
的_PRT _NOUN_ 下_PRT,75021
在 _NOUN_ 中_PRT,74966
到_VERB _NOUN_ _NOUN_,74923
有 _NOUN_ _PRT_,74820
有_VERB _NOUN_ _PRT_,74802
在_ADP _NOUN_ 中_PRT,74771
是 _NOUN_ 的,74282
是 _NOUN_ 的_PRT,74282
最 _VERB_ 的,74217
最 _VERB_ 的_PRT,74217
最_ADV _VERB_ 的_PRT,74216
最_ADV _VERB_ 的,74216
_VERB_ _NOUN_ 与,74205
个_NUM _NOUN_ _._,74203
_VERB_ _PRT_ 人,74168
_VERB_ _NUM_ 个,74040
_VERB_ _NUM_ 个_NUM,74040
于_ADP _NOUN_ _NOUN_,74007
新_ADJ _NOUN_ _._,73800
上 的 _NOUN_,73770
上 的_PRT _NOUN_,73770
和 _NOUN_ _ADV_,73762
_VERB_ _PRT_ 人_NOUN,73573
的_PRT _NOUN_ 上,73571
的 _NOUN_ 上,73571
年_NOUN _._ _NOUN_,73465
_VERB_ _VERB_ 在,73460
的_PRT _NOUN_ 上_PRT,73333
的 _NOUN_ 上_PRT,73333
_START_ 因此_ADV _._,73315
_START_ 因此 _._,73315
是 _NOUN_ _._,73279
增长 _NUM_ %,73278
增长 _NUM_ %_NUM,73278
_PRT_ 重要 _NOUN_,73261
重要 _NOUN_ _._,73254
增长_VERB _NUM_ %,73252
增长_VERB _NUM_ %_NUM,73252
_PRT_ 重要_ADJ _NOUN_,73212
重要_ADJ _NOUN_ _._,73201
为 _NOUN_ _PRT_,73108
"中 , _NOUN_",73085
"中 ,_. _NOUN_",73084
上_PRT _PRT_ _NOUN_,72960
"_VERB_ 了 ""_.",72434
"_VERB_ 了_PRT ""_.",72434
"_VERB_ 了 """,72434
"_VERB_ 了_PRT """,72434
"_START_ 因此 ,",72432
"_START_ 因此_ADV ,",72397
"_START_ 因此_ADV ,_.",72397
"_START_ 因此 ,_.",72397
可以 _VERB_ _NOUN_,72143
可以_VERB _VERB_ _NOUN_,72143
"_VERB_ , _DET_",72141
"_VERB_ ,_. _DET_",72141
上_PRT 的 _NOUN_,72121
上_PRT 的_PRT _NOUN_,72121
_VERB_ _NOUN_ 与_CONJ,72098
中 _VERB_ _PRT_,72057
来 _VERB_ _NOUN_,72002
都 _VERB_ _VERB_,71922
都_ADV _VERB_ _VERB_,71920
发展 的 _NOUN_,71814
发展 的_PRT _NOUN_,71814
中_PRT _._ _NOUN_,71749
个 _NOUN_ _NOUN_,71471
是_VERB _NOUN_ 的_PRT,71130
是_VERB _NOUN_ 的,71130
社会 _NOUN_ _._,70988
社会_NOUN _NOUN_ _._,70988
中_PRT _VERB_ _PRT_,70984
_VERB_ 与 _NOUN_,70906
问题 . _END_,70881
_PRT_ 的_PRT _ADJ_,70875
_PRT_ 的 _ADJ_,70875
问题 ._. _END_,70868
问题_NOUN ._. _END_,70868
问题_NOUN . _END_,70868
_VERB_ _NUM_ 亿_NUM,70846
_VERB_ _NUM_ 亿,70846
和_CONJ _NOUN_ _ADV_,70752
_VERB_ 着 _NOUN_,70575
_VERB_ 着_PRT _NOUN_,70542
新 _NOUN_ _NOUN_,70347
亿 元 _._,70099
亿_NUM 元_NUM _._,70098
亿 元_NUM _._,70098
亿_NUM 元 _._,70098
社会 _NOUN_ _PRT_,70072
社会_NOUN _NOUN_ _PRT_,70072
"_VERB_ ,_. 在",70067
"_VERB_ , 在",70067
"_VERB_ , 在_ADP",69906
"_VERB_ ,_. 在_ADP",69906
工作 _NOUN_ _._,69800
发展 _NOUN_ _NOUN_,69738
其 _NOUN_ _NOUN_,69722
工作_NOUN _NOUN_ _._,69681
是_VERB _NOUN_ _._,69544
在 _NOUN_ 上,69541
等 . _END_,69318
其_PRON _NOUN_ _NOUN_,69318
等 ._. _END_,69304
在 _NOUN_ 上_PRT,69260
_VERB_ _VERB_ 在_ADP,69229
在_ADP _NOUN_ 上,69181
有 _NOUN_ _._,69084
有_VERB _NOUN_ _._,69049
在_ADP _NOUN_ 上_PRT,68900
等_PRT . _END_,68763
等_PRT ._. _END_,68763
"中_PRT , _NOUN_",68728
"中_PRT ,_. _NOUN_",68728
其他_DET _NOUN_ _NOUN_,68591
其他 _NOUN_ _NOUN_,68591
一个 _NOUN_ _._,68509
_VERB_ 一个 _VERB_,68409
个_NUM _NOUN_ _NOUN_,68225
中 _ADV_ _VERB_,68201
为 _NUM_ _NUM_,68174
_VERB_ :_. _NOUN_,68155
_VERB_ : _NOUN_,68155
_VERB_ 的 人,67938
_VERB_ 的_PRT 人,67938
企业 _PRT_ _NOUN_,67802
企业_NOUN _PRT_ _NOUN_,67802
_VERB_ 的_PRT 人_NOUN,67502
_VERB_ 的 人_NOUN,67502
"不 _VERB_ ,_.",67230
"不 _VERB_ ,",67230
_VERB_ _ADV_ _ADP_,67221
"不_ADV _VERB_ ,",67206
"不_ADV _VERB_ ,_.",67206
_VERB_ _VERB_ 地,67150
_START_ _ADP_ _ADJ_,66946
中_PRT _ADV_ _VERB_,66920
是 _NOUN_ _VERB_,66823
"在 _NOUN_ ,_.",66780
"在 _NOUN_ ,",66780
而 _VERB_ _PRT_,66735
_VERB_ 一个_ADV _VERB_,66678
"年 ,_. _NOUN_",66590
"年 , _NOUN_",66590
"在_ADP _NOUN_ ,",66488
"在_ADP _NOUN_ ,_.",66488
_VERB_ _._ 但,66438
_VERB_ 经济_NOUN _NOUN_,66414
_VERB_ 经济 _NOUN_,66414
"为_VERB _NOUN_ ,_.",66384
"为_VERB _NOUN_ ,",66384
_VERB_ _._ 但_ADV,66284
是 _ADJ_ _NOUN_,66108
一个 _VERB_ _PRT_,65872
"_VERB_ , 但",65759
"_VERB_ ,_. 但",65759
"_VERB_ ,_. 但_ADV",65607
"_VERB_ , 但_ADV",65607
和 _VERB_ _PRT_,65451
_VERB_ _NOUN_ 在,65378
_VERB_ 各 _NUM_,65356
_VERB_ 各_DET _NUM_,65339
企业 的 _NOUN_,65323
企业 的_PRT _NOUN_,65323
企业_NOUN 的_PRT _NOUN_,65323
企业_NOUN 的 _NOUN_,65323
在 _VERB_ _PRT_,65299
"之 _NOUN_ ,",65285
"之 _NOUN_ ,_.",65285
各 _NUM_ _NOUN_,65255
管理 _NOUN_ _NOUN_,65186
各_DET _NUM_ _NOUN_,65128
的 重要 _NOUN_,65115
的_PRT 重要_ADJ _NOUN_,65115
的_PRT 重要 _NOUN_,65115
的 重要_ADJ _NOUN_,65115
市 _NOUN_ _NOUN_,65096
市_NOUN _NOUN_ _NOUN_,65091
_VERB_ _VERB_ 地_PRT,65069
"的 _VERB_ ,_.",64897
"的 _VERB_ ,",64897
"的_PRT _VERB_ ,",64893
"的_PRT _VERB_ ,_.",64893
为_VERB _NUM_ _NUM_,64868
一个_ADV _VERB_ _PRT_,64661
大 _NOUN_ _NOUN_,64627
进行 _NOUN_ _NOUN_,64610
进行_VERB _NOUN_ _NOUN_,64495
工作 _._ _END_,64438
是_VERB _NOUN_ _VERB_,64391
和_CONJ _VERB_ _PRT_,64313
_PRT_ 问题 _._,64241
_PRT_ 问题_NOUN _._,64241
日 _._ _NOUN_,64069
_VERB_ _NUM_ _ADJ_,64026
日_NOUN _._ _NOUN_,63921
_PRT_ 社会_NOUN _NOUN_,63883
_PRT_ 社会 _NOUN_,63883
_VERB_ _NOUN_ 在_ADP,63871
_START_ _ADV_ _PRON_,63671
是_VERB _ADJ_ _NOUN_,63570
并 _ADV_ _VERB_,63556
"之_PRT _NOUN_ ,_.",63541
"之_PRT _NOUN_ ,",63541
"与 _NOUN_ ,_.",63508
"与 _NOUN_ ,",63508
"_VERB_ "" _PRT_",63377
"_VERB_ ""_. _PRT_",63374
_VERB_ _ADV_ _._,63061
_START_ _NOUN_ _CONJ_,63032
经济 _NOUN_ 的,62951
经济 _NOUN_ 的_PRT,62951
经济_NOUN _NOUN_ 的,62950
经济_NOUN _NOUN_ 的_PRT,62950
以 _VERB_ _NOUN_,62887
十 _NUM_ 条,62651
十_NUM _NUM_ 条,62651
来_PRT _VERB_ _NOUN_,62460
管理_NOUN _NOUN_ _NOUN_,62353
说 :_. _._,62349
说 : _._,62349
_VERB_ _ADV_ _ADJ_,62317
说_VERB :_. _._,62277
说_VERB : _._,62277
_START_ 二 _VERB_,62259
_START_ 二_NUM _VERB_,62256
市场 _NOUN_ _NOUN_,62250
市场_NOUN _NOUN_ _NOUN_,62247
来 _VERB_ _._,62125
_VERB_ _NOUN_ 中,62077
一个 _VERB_ 的,61892
一个 _VERB_ 的_PRT,61892
十 _NUM_ 条_NUM,61882
十_NUM _NUM_ 条_NUM,61882
_VERB_ _PRON_ _ADP_,61683
加强 _NOUN_ _NOUN_,61522
了 _._ _NOUN_,61510
中 _VERB_ _VERB_,61481
的 人_NOUN _._,61430
的_PRT 人 _._,61430
的_PRT 人_NOUN _._,61430
的 人 _._,61430
与_CONJ _NOUN_ 的_PRT,61412
与_CONJ _NOUN_ 的,61412
了_PRT _._ _NOUN_,61394
加强_VERB _NOUN_ _NOUN_,61370
的_PRT _NOUN_ 性,61232
的 _NOUN_ 性,61232
的 _NOUN_ 性_NOUN,61222
的_PRT _NOUN_ 性_NOUN,61222
地 _VERB_ _VERB_,61202
与_CONJ _NOUN_ _VERB_,61169
"说 : """,60958
工作_NOUN _._ _END_,60950
"说 : ""_.",60940
"说 :_. ""_.",60940
"说 :_. """,60940
新_ADJ _NOUN_ _NOUN_,60934
"说_VERB :_. """,60870
"说_VERB : """,60870
"说_VERB : ""_.",60870
"说_VERB :_. ""_.",60870
一个_ADV _VERB_ 的,60767
一个_ADV _VERB_ 的_PRT,60767
性 _NOUN_ _NOUN_,60661
这 _ADV_ _VERB_,60653
为 _NOUN_ _VERB_,60570
_VERB_ 新 _NOUN_,60477
_X_ _VERB_ _VERB_,60365
大 _NOUN_ _._,60364
_START_ 二 是,60334
_START_ 二_NUM 是,60331
_START_ 二_NUM 是_VERB,60331
_START_ 二 是_VERB,60331
并 _VERB_ _NOUN_,60313
中_PRT _VERB_ _VERB_,60213
"_VERB_ _._ ,_.",60203
"_VERB_ _._ ,",60203
一 _NUM_ _NUM_,60110
提高 _NOUN_ _NOUN_,60039
一_NUM _NUM_ _NUM_,59968
了 _VERB_ _PRT_,59934
_VERB_ _PRT_ 的,59855
_VERB_ _PRT_ 的_PRT,59852
市场 _NOUN_ _PRT_,59771
市场_NOUN _NOUN_ _PRT_,59762
_START_ _PRON_ 是_VERB,59619
_START_ _PRON_ 是,59619
也 _VERB_ _NOUN_,59597
也_ADV _VERB_ _NOUN_,59596
提高_VERB _NOUN_ _NOUN_,59318
了_PRT _VERB_ _PRT_,59174
了 _ADV_ _VERB_,59020
_VERB_ 而 _VERB_,58987
地 _VERB_ _._,58944
要 _VERB_ _VERB_,58940
要_VERB _VERB_ _VERB_,58936
_START_ _PRON_ _PRT_,58910
生产 _NOUN_ _NOUN_,58879
地_PRT _VERB_ _VERB_,58877
_VERB_ 其 _NOUN_,58739
了_PRT _ADV_ _VERB_,58720
_VERB_ 其_PRON _NOUN_,58707
为 _VERB_ _NOUN_,58638
就 _ADV_ _VERB_,58626
的_PRT _ADJ_ 性,58590
的 _ADJ_ 性,58590
就_ADV _ADV_ _VERB_,58590
工作 . _END_,58587
工作 ._. _END_,58583
信息 _NOUN_ _NOUN_,58503
信息_NOUN _NOUN_ _NOUN_,58502
通过 _NOUN_ _NOUN_,58500
_VERB_ 于_ADP _NOUN_,58464
_VERB_ 新_ADJ _NOUN_,58416
为 _NOUN_ 的_PRT,58382
为 _NOUN_ 的,58382
可以 _VERB_ _VERB_,58320
可以_VERB _VERB_ _VERB_,58320
_PRT_ 经济 _NOUN_,58219
_PRT_ 经济_NOUN _NOUN_,58219
呢_PRT _._ _END_,58176
呢 _._ _END_,58176
不同 _PRT_ _NOUN_,58079
"万 _NUM_ ,_.",58025
"万 _NUM_ ,",58025
"万_NUM _NUM_ ,",58025
"万_NUM _NUM_ ,_.",58025
_VERB_ 这 _NUM_,57966
_VERB_ 这_DET _NUM_,57953
从 _NOUN_ _PRT_,57945
不 _VERB_ 的_PRT,57940
不 _VERB_ 的,57940
从_ADP _NOUN_ _PRT_,57922
不_ADV _VERB_ 的,57905
不_ADV _VERB_ 的_PRT,57905
_VERB_ _NOUN_ 中_PRT,57849
有 _NUM_ _NUM_,57731
有_VERB _NUM_ _NUM_,57730
"年_NOUN , _NOUN_",57710
"年_NOUN ,_. _NOUN_",57710
一个 _NOUN_ _NOUN_,57563
这_PRON _ADV_ _VERB_,57555
有 _NUM_ _NOUN_,57547
有_VERB _NUM_ _NOUN_,57546
不同 的_PRT _NOUN_,57443
不同 的 _NOUN_,57443
业 _NOUN_ _NOUN_,57437
业_NOUN _NOUN_ _NOUN_,57435
了 _NUM_ _NOUN_,57409
会 _VERB_ _NOUN_,57397
各 _NOUN_ _NOUN_,57373
各_DET _NOUN_ _NOUN_,57372
地_PRT _VERB_ _._,57350
了_PRT _NUM_ _NOUN_,57350
对 _ADJ_ _NOUN_,57130
_VERB_ _VERB_ 企业,57062
_VERB_ _VERB_ 企业_NOUN,57062
_VERB_ 了_PRT 一,56911
_VERB_ 了 一,56911
了 _VERB_ 的,56884
了 _VERB_ 的_PRT,56884
人 _VERB_ _VERB_,56755
十 三条 _NOUN_,56642
十_NUM 三条 _NOUN_,56637
了_PRT _VERB_ 的,56601
了_PRT _VERB_ 的_PRT,56601
人_NOUN _VERB_ _VERB_,56544
十_NUM 三条_NUM _NOUN_,56345
十 三条_NUM _NOUN_,56345
会_VERB _VERB_ _NOUN_,56335
农村 _NOUN_ _NOUN_,56334
农村_NOUN _NOUN_ _NOUN_,56334
大_ADJ _NOUN_ _._,56313
有 _NOUN_ 的,56298
有 _NOUN_ 的_PRT,56298
有_VERB _NOUN_ 的_PRT,56287
有_VERB _NOUN_ 的,56287
文化 _NOUN_ _NOUN_,56188
文化_NOUN _NOUN_ _NOUN_,56186
对_ADP _ADJ_ _NOUN_,56185
十_NUM 九_NUM 条_NUM,56159
十_NUM 九 条_NUM,56159
十 九_NUM 条_NUM,56159
十 九 条_NUM,56159
也_ADV _VERB_ _PRT_,56094
也 _VERB_ _PRT_,56094
和 _VERB_ _VERB_,56091
"与_CONJ _NOUN_ ,_.",56056
"与_CONJ _NOUN_ ,",56056
的 问题_NOUN _._,56013
的 问题 _._,56013
的_PRT 问题_NOUN _._,56013
的_PRT 问题 _._,56013
性 _NOUN_ _._,55959
_VERB_ _NOUN_ 发展,55919
在 _ADV_ _VERB_,55919
中 _VERB_ _NOUN_,55893
发展 _._ _END_,55836
"日 ,_. _NOUN_",55833
"日 , _NOUN_",55833
"日_NOUN , _NOUN_",55721
"日_NOUN ,_. _NOUN_",55721
通过_ADP _NOUN_ _NOUN_,55475
工作_NOUN . _END_,55431
工作_NOUN ._. _END_,55431
_START_ _VERB_ 的_PRT,55426
_START_ _VERB_ 的,55426
和_CONJ _VERB_ _VERB_,55341
以 _NOUN_ _VERB_,55339
_VERB_ 了 _DET_,55336
_VERB_ 了_PRT _DET_,55336
你 _ADV_ _VERB_,55308
你_PRON _ADV_ _VERB_,55307
我们 _VERB_ _VERB_,55255
我们_PRON _VERB_ _VERB_,55255
第 一 百,55237
第 一_NUM 百,55226
第_NUM 一 百,55219
第_NUM 一_NUM 百,55219
了 _NOUN_ .,55139
了 _NOUN_ ._.,55138
大_ADJ _NOUN_ _NOUN_,55066
了_PRT _NOUN_ .,54935
了_PRT _NOUN_ ._.,54934
中_PRT _VERB_ _NOUN_,54926
十 四条 _NOUN_,54899
十_NUM 四条 _NOUN_,54894
十 四条_NUM _NOUN_,54885
十_NUM 四条_NUM _NOUN_,54885
的 社会 _NOUN_,54874
的_PRT 社会 _NOUN_,54874
的_PRT 社会_NOUN _NOUN_,54874
的 社会_NOUN _NOUN_,54874
第 一 百_NUM,54752
第 一_NUM 百_NUM,54752
第_NUM 一 百_NUM,54745
第_NUM 一_NUM 百_NUM,54745
的_PRT _NOUN_ (,54737
的 _NOUN_ (,54737
_VERB_ 了 一_NUM,54736
_VERB_ 了_PRT 一_NUM,54736
的_PRT _NOUN_ (_.,54733
的 _NOUN_ (_.,54733
_VERB_ 时 _._,54710
_VERB_ _NOUN_ (,54709
_VERB_ _NOUN_ (_.,54697
_VERB_ 时_PRT _._,54613
_START_ _VERB_ _._,54545
呢 ? _END_,54473
呢 ?_. _END_,54463
呢_PRT ?_. _END_,54463
呢_PRT ? _END_,54463
新_VERB _PRT_ _NOUN_,54341
新_VERB 的_PRT _NOUN_,54258
新_VERB 的 _NOUN_,54258
以_ADP _NOUN_ _VERB_,54111
来_PRT _VERB_ _._,54026
地 _VERB_ _PRT_,54024
而 _VERB_ _._,53912
服务 _NOUN_ _NOUN_,53673
被 _VERB_ _VERB_,53484
被_X _VERB_ _VERB_,53484
向 _NOUN_ _NOUN_,53452
更 _VERB_ _PRT_,53443
更_ADV _VERB_ _PRT_,53443
省 _NOUN_ _NOUN_,53199
_VERB_ 于_VERB _NOUN_,53182
_VERB_ _PRT_ 一个,53139
一 _._ _NOUN_,53051
十 八 条,53045
十 八_NUM 条,53026
十_NUM 八_NUM 条,53026
十_NUM 八 条,53026
向_ADP _NOUN_ _NOUN_,53012
生产_NOUN _NOUN_ _NOUN_,52835
一 _NOUN_ _._,52798
作为 _NOUN_ _NOUN_,52695
"_VERB_ 时 ,_.",52613
"_VERB_ 时 ,",52613
"亿 元 ,",52597
"亿 元 ,_.",52596
"亿_NUM 元 ,_.",52595
"亿_NUM 元_NUM ,_.",52595
"亿_NUM 元_NUM ,",52595
"亿 元_NUM ,_.",52595
"亿 元_NUM ,",52595
"亿_NUM 元 ,",52595
要 _ADV_ _VERB_,52570
要_VERB _ADV_ _VERB_,52568
十 八 条_NUM,52558
十_NUM 八_NUM 条_NUM,52558
十 八_NUM 条_NUM,52558
十_NUM 八 条_NUM,52558
"_VERB_ 时_PRT ,",52554
"_VERB_ 时_PRT ,_.",52554
_VERB_ _._ 的,52413
_VERB_ _._ 的_PRT,52412
的_PRT _NOUN_ 也,52383
的 _NOUN_ 也,52383
_VERB_ _X_ _NOUN_,52338
的 _ADJ_ 性_ADJ,52302
的_PRT _ADJ_ 性_ADJ,52302
为_VERB _NOUN_ _PRT_,52294
是 _._ _NOUN_,52291
在_ADP _VERB_ _PRT_,52254
的 _NOUN_ 也_ADV,52245
的_PRT _NOUN_ 也_ADV,52245
是_VERB _._ _NOUN_,52229
_START_ 从_ADP _NOUN_,52181
_START_ 从 _NOUN_,52181
为_ADP _VERB_ _NOUN_,52126
_START_ _PRON_ _ADP_,52110
_X_ ^_X _X_,52093
_X_ ^ _X_,52093
而 _VERB_ 的_PRT,52083
而 _VERB_ 的,52083
"的 , _NOUN_",52067
"的 ,_. _NOUN_",52067
"的_PRT ,_. _NOUN_",52015
"的_PRT , _NOUN_",52015
_VERB_ 企业 _NOUN_,52007
_VERB_ 企业_NOUN _NOUN_,52007
你 _PRT_ _NOUN_,51989
你_PRON _PRT_ _NOUN_,51986
经济 _NOUN_ _VERB_,51943
经济_NOUN _NOUN_ _VERB_,51942
_START_ 这 _VERB_,51923
有 _NOUN_ _VERB_,51911
有_VERB _NOUN_ _VERB_,51900
你 的_PRT _NOUN_,51885
你 的 _NOUN_,51885
你_PRON 的 _NOUN_,51883
你_PRON 的_PRT _NOUN_,51883
_START_ 这_PRON _VERB_,51873
人 _._ _END_,51837
发展 . _END_,51830
发展 ._. _END_,51819
人_NOUN _._ _END_,51810
这样 _PRT_ _NOUN_,51760
这样 的_PRT _NOUN_,51736
这样 的 _NOUN_,51736
和 _VERB_ 的,51693
和 _VERB_ 的_PRT,51693
一_NUM _NOUN_ _NOUN_,51653
地_PRT _VERB_ _PRT_,51622
我 _PRT_ _NOUN_,51590
我_PRON _PRT_ _NOUN_,51589
_VERB_ 有_VERB _NOUN_,51570
_VERB_ 有 _NOUN_,51570
_VERB_ _._ 这,51514
_VERB_ _VERB_ 一个,51507
_START_ _CONJ_ _NOUN_,51503
我国 _NOUN_ _NOUN_,51403
我国_NOUN _NOUN_ _NOUN_,51384
_VERB_ _VERB_ 到,51291
_START_ _NOUN_ 是,51214
_START_ _NOUN_ 是_VERB,51213
_VERB_ 金融 _NOUN_,51193
_VERB_ 金融_NOUN _NOUN_,51193
两 个 _NOUN_,51082
两_NUM 个 _NOUN_,51082
两 个_NUM _NOUN_,51082
两_NUM 个_NUM _NOUN_,51082
国 _NOUN_ _NOUN_,51035
国_NOUN _NOUN_ _NOUN_,51009
教育 _NOUN_ _NOUN_,51003
一些_NUM _NOUN_ _NOUN_,50967
一些 _NOUN_ _NOUN_,50967
和_CONJ _VERB_ 的_PRT,50967
和_CONJ _VERB_ 的,50967
中国 _NOUN_ _PRT_,50961
中国_NOUN _NOUN_ _PRT_,50960
教育_NOUN _NOUN_ _NOUN_,50937
他们_PRON _PRT_ _NOUN_,50888
他们 _PRT_ _NOUN_,50888
我 的 _NOUN_,50865
我 的_PRT _NOUN_,50865
我_PRON 的 _NOUN_,50864
我_PRON 的_PRT _NOUN_,50864
_VERB_ _VERB_ 到_VERB,50825
方面_NOUN _PRT_ _NOUN_,50753
方面 _PRT_ _NOUN_,50753
工作 _PRT_ _NOUN_,50738
了 一_NUM _NUM_,50724
了 一 _NUM_,50724
人 _._ _NOUN_,50723
人_NOUN _._ _NOUN_,50707
的 经济 _NOUN_,50687
的 经济_NOUN _NOUN_,50687
的_PRT 经济 _NOUN_,50687
的_PRT 经济_NOUN _NOUN_,50687
了_PRT 一_NUM _NUM_,50678
了_PRT 一 _NUM_,50678
_VERB_ 的 _DET_,50601
_VERB_ 的_PRT _DET_,50601
我们_PRON _PRT_ _NOUN_,50526
我们 _PRT_ _NOUN_,50526
方面_NOUN 的 _NOUN_,50518
方面_NOUN 的_PRT _NOUN_,50518
方面 的 _NOUN_,50518
方面 的_PRT _NOUN_,50518
以及 _NOUN_ _NOUN_,50501
以及_CONJ _NOUN_ _NOUN_,50501
的_PRT _NOUN_ 在,50475
的 _NOUN_ 在,50475
人 _VERB_ _NOUN_,50428
很 _VERB_ _._,50390
很_ADV _VERB_ _._,50390
_START_ 第 _NUM_,50331
_START_ 第_NUM _NUM_,50331
人_NOUN _VERB_ _NOUN_,50277
_VERB_ _VERB_ 和,50262
社会 _NOUN_ 的,50246
社会_NOUN _NOUN_ 的,50246
社会_NOUN _NOUN_ 的_PRT,50246
社会 _NOUN_ 的_PRT,50246
全国 _NOUN_ _NOUN_,50223
他们_PRON 的_PRT _NOUN_,50203
他们_PRON 的 _NOUN_,50203
他们 的_PRT _NOUN_,50203
他们 的 _NOUN_,50203
"发展 _NOUN_ ,",50182
"发展 _NOUN_ ,_.",50182
就 _VERB_ _PRT_,50134
就_ADV _VERB_ _PRT_,50126
我们_PRON 的_PRT _NOUN_,50099
我们 的 _NOUN_,50099
我们_PRON 的 _NOUN_,50099
我们 的_PRT _NOUN_,50099
"_VERB_ "" ,",50046
"_VERB_ "" ,_.",50046
"_VERB_ ""_. ,_.",50046
"_VERB_ ""_. ,",50046
性 _PRT_ _NOUN_,49901
并_ADV _ADV_ _VERB_,49862
服务_NOUN _NOUN_ _NOUN_,49860
根据 _NOUN_ _NOUN_,49776
人民_NOUN _NOUN_ _NOUN_,49734
人民 _NOUN_ _NOUN_,49734
省_NOUN _NOUN_ _NOUN_,49716
根据_ADP _NOUN_ _NOUN_,49559
一_NUM _._ _NOUN_,49534
_START_ 他 _VERB_,49528
_START_ 他_PRON _VERB_,49528
_VERB_ _NOUN_ 发展_NOUN,49517
服务 _NOUN_ _._,49424
十 _NUM_ _NUM_,49329
十_NUM _NUM_ _NUM_,49329
_VERB_ _DET_ 一,49307
_VERB_ _NOUN_ ;,49297
_VERB_ _NOUN_ ;_.,49297
_VERB_ _DET_ 一_NUM,49288
经营 _NOUN_ _NOUN_,49146
的 _NOUN_ _ADJ_,49035
的_PRT _NOUN_ _ADJ_,49035
我_PRON _VERB_ _VERB_,48936
我 _VERB_ _VERB_,48936
工作 的 _NOUN_,48914
工作 的_PRT _NOUN_,48914
都 _ADV_ _VERB_,48894
都_ADV _ADV_ _VERB_,48884
_START_ _ADV_ 在,48720
上 _ADV_ _VERB_,48720
有 _ADJ_ _NOUN_,48613
_VERB_ _PRT_ 问题,48563
_VERB_ _PRT_ 问题_NOUN,48563
使 _NOUN_ _NOUN_,48528
"_VERB_ ,_. _NUM_",48509
"_VERB_ , _NUM_",48509
的_PRT _NOUN_ 来,48484
的 _NOUN_ 来,48484
_START_ _PRON_ 的_PRT,48454
_START_ _PRON_ 的,48454
_START_ _._ _._,48445
使_VERB _NOUN_ _NOUN_,48327
较 _VERB_ _._,48291
较_ADV _VERB_ _._,48291
的_PRT _NOUN_ 在_ADP,48280
的 _NOUN_ 在_ADP,48280
_VERB_ 与_ADP _NOUN_,48235
是 _NUM_ _NUM_,48233
性 的 _NOUN_,48210
性 的_PRT _NOUN_,48210
_VERB_ _ADJ_ 企业_NOUN,48176
_VERB_ _ADJ_ 企业,48176
中 _._ _VERB_,48084
_VERB_ _._ 而,48081
_VERB_ _NOUN_ 是,48080
_VERB_ _NOUN_ 是_VERB,48078
从 _NOUN_ _VERB_,48053
_PRT_ 基本 _NOUN_,48042
从_ADP _NOUN_ _VERB_,48032
"进行 _NOUN_ ,",48027
"进行 _NOUN_ ,_.",48027
_PRT_ 基本_ADJ _NOUN_,47957
_VERB_ _NOUN_ 经济_NOUN,47902
_VERB_ _NOUN_ 经济,47902
"进行_VERB _NOUN_ ,_.",47871
"进行_VERB _NOUN_ ,",47871
作用 _._ _END_,47833
作用_NOUN _._ _END_,47833
是_VERB _NUM_ _NUM_,47798
_X_ _VERB_ _NOUN_,47793
_VERB_ 国家_NOUN _NOUN_,47756
_VERB_ 国家 _NOUN_,47756
以_PRT _VERB_ _NOUN_,47609
_VERB_ 了 _ADP_,47489
_VERB_ 了_PRT _ADP_,47487
服务_NOUN _NOUN_ _._,47457
"_VERB_ , 这",47383
"_VERB_ ,_. 这",47383
成为_VERB _NOUN_ _NOUN_,47380
成为 _NOUN_ _NOUN_,47380
_START_ _CONJ_ _VERB_,47364
在 _NUM_ _NUM_,47341
美国 _NOUN_ _NOUN_,47331
主要 _NOUN_ _NOUN_,47325
美国_NOUN _NOUN_ _NOUN_,47315
主要_ADJ _NOUN_ _NOUN_,47314
了 _NOUN_ _VERB_,47232
而 _VERB_ _NOUN_,47210
有_VERB _ADJ_ _NOUN_,47190
了_PRT _NOUN_ _VERB_,47082
他 _VERB_ _VERB_,46983
达到_VERB _NUM_ _NUM_,46977
达到 _NUM_ _NUM_,46977
他_PRON _VERB_ _VERB_,46961
建设 _NOUN_ _NOUN_,46882
他们_PRON _ADV_ _VERB_,46854
他们 _ADV_ _VERB_,46854
"_VERB_ "" 的",46798
"_VERB_ "" 的_PRT",46798
"_VERB_ ""_. 的_PRT",46795
_VERB_ 之 _NOUN_,46795
"_VERB_ ""_. 的",46795
等 _ADJ_ _NOUN_,46750
中国 _PRT_ _NOUN_,46744
中国_NOUN _PRT_ _NOUN_,46741
二 _._ _NOUN_,46715
的_PRT 主要_ADJ _NOUN_,46663
的_PRT 主要 _NOUN_,46663
的 主要_ADJ _NOUN_,46663
的 主要 _NOUN_,46663
_VERB_ 之_PRT _NOUN_,46657
_VERB_ _NOUN_ 企业_NOUN,46642
_VERB_ _NOUN_ 企业,46642
"_VERB_ , 而",46584
"_VERB_ ,_. 而",46584
技术 _NOUN_ _NOUN_,46577
技术_NOUN _NOUN_ _NOUN_,46576
在_ADP _NUM_ _NUM_,46513
等_PRT _ADJ_ _NOUN_,46512
"中 ,_. _VERB_",46465
"中 , _VERB_",46465
上 _VERB_ _NOUN_,46464
_VERB_ 在 _VERB_,46406
中_PRT _._ _VERB_,46363
_PRT_ 时候_NOUN _._,46344
_PRT_ 时候 _._,46344
的 时候 _._,46326
的_PRT 时候 _._,46326
的_PRT 时候_NOUN _._,46326
的 时候_NOUN _._,46326
一 _NUM_ _VERB_,46286
一_NUM _NUM_ _VERB_,46286
二_NUM _._ _NOUN_,46138
一个 _ADJ_ _NOUN_,46102
"有 _NOUN_ ,",46034
"有 _NOUN_ ,_.",46034
发展_NOUN _PRT_ _NOUN_,46033
"_VERB_ ,_. _._",46031
"_VERB_ , _._",46031
上_PRT _ADV_ _VERB_,46018
"有_VERB _NOUN_ ,",46008
"有_VERB _NOUN_ ,_.",46008
的 基本 _NOUN_,45987
的_PRT 基本 _NOUN_,45987
_VERB_ _ADP_ _NUM_,45965
_START_ 我 _VERB_,45946
_START_ 我_PRON _VERB_,45946
的 基本_ADJ _NOUN_,45915
的_PRT 基本_ADJ _NOUN_,45915
种 _NOUN_ _NOUN_,45915
国家 _PRT_ _NOUN_,45822
国家_NOUN _PRT_ _NOUN_,45822
在 _VERB_ _VERB_,45722
_START_ 这 _NUM_,45692
之间_PRT _PRT_ _NOUN_,45679
之间 _PRT_ _NOUN_,45679
_START_ 这_DET _NUM_,45613
而_PRT _VERB_ _._,45597
之间_PRT 的_PRT _NOUN_,45591
之间 的_PRT _NOUN_,45591
之间_PRT 的 _NOUN_,45591
之间 的 _NOUN_,45591
一_NUM _NOUN_ _._,45554
将 _NOUN_ _NOUN_,45498
将_X _NOUN_ _NOUN_,45460
中国_NOUN 的_PRT _NOUN_,45427
中国 的 _NOUN_,45427
中国 的_PRT _NOUN_,45427
中国_NOUN 的 _NOUN_,45427
_VERB_ _NOUN_ 对,45279
下 _._ _NOUN_,45256
发展_NOUN _NOUN_ _NOUN_,45180
"经济 _NOUN_ ,_.",45107
"经济_NOUN _NOUN_ ,",45107
"经济 _NOUN_ ,",45107
"经济_NOUN _NOUN_ ,_.",45107
_VERB_ _VERB_ :_.,45092
_VERB_ _VERB_ :,45092
而 _VERB_ _VERB_,45052
"中_PRT , _VERB_",45037
"中_PRT ,_. _VERB_",45037
还 _VERB_ _VERB_,45024
人 . _END_,45022
人 ._. _END_,45007
还_ADV _VERB_ _VERB_,44997
人_NOUN . _END_,44983
人_NOUN ._. _END_,44983
他 _VERB_ _PRT_,44961
_START_ _VERB_ _ADJ_,44947
他_PRON _VERB_ _PRT_,44925
作用 . _END_,44884
作用_NOUN ._. _END_,44867
作用_NOUN . _END_,44867
作用 ._. _END_,44867
_START_ _ADV_ 是,44854
工作_NOUN _PRT_ _NOUN_,44764
了 _ADJ_ _PRT_,44761
_VERB_ _VERB_ 和_CONJ,44754
_VERB_ _NOUN_ 对_ADP,44741
与 _ADJ_ _NOUN_,44731
了_PRT _ADJ_ _PRT_,44715
了 _ADJ_ 的_PRT,44707
了 _ADJ_ 的,44707
而_PRT _VERB_ _PRT_,44697
公共 _NOUN_ _NOUN_,44663
了_PRT _ADJ_ 的_PRT,44662
了_PRT _ADJ_ 的,44662
的 _NOUN_ :,44661
的_PRT _NOUN_ :,44661
公共_ADJ _NOUN_ _NOUN_,44661
的_PRT _NOUN_ :_.,44659
的 _NOUN_ :_.,44659
下_PRT _._ _NOUN_,44640
_VERB_ _NUM_ _PRT_,44629
为_VERB _NOUN_ 的,44577
为_VERB _NOUN_ 的_PRT,44577
的 _DET_ _NUM_,44551
一 _NUM_ _._,44550
的_PRT _DET_ _NUM_,44550
一_NUM _NUM_ _._,44548
"发展_NOUN _NOUN_ ,",44467
"发展_NOUN _NOUN_ ,_.",44467
_VERB_ 是 _VERB_,44451
_VERB_ 是_VERB _VERB_,44451
_START_ _NOUN_ 月_NOUN,44414
_START_ _NOUN_ 月,44414
"下 ,_. _NOUN_",44378
"下 , _NOUN_",44378
_VERB_ _VERB_ 自己,44357
_VERB_ _VERB_ 自己_PRON,44352
中国 _NOUN_ _VERB_,44237
中国_NOUN _NOUN_ _VERB_,44235
第 三 人,44224
第 三_NUM 人,44219
第 三_NUM 人_NOUN,44216
第 三 人_NOUN,44216
人 _NOUN_ _NOUN_,44206
到 _NOUN_ 年,44178
到 _NOUN_ 年_NOUN,44162
人_NOUN _NOUN_ _NOUN_,44138
_VERB_ 的 问题_NOUN,44110
_VERB_ 的 问题,44110
_VERB_ 的_PRT 问题_NOUN,44110
_VERB_ 的_PRT 问题,44110
"是 _NOUN_ ,",44056
"是 _NOUN_ ,_.",44055
_START_ 三 _VERB_,44049
_START_ 三_NUM _VERB_,44047
第_NUM 三 人,44044
第_NUM 三_NUM 人,44043
第_NUM 三 人_NOUN,44040
第_NUM 三_NUM 人_NOUN,44040
等 _NOUN_ _VERB_,44039
_PRT_ 影响 _._,44034
重要 _PRT_ _NOUN_,43984
"下_PRT , _NOUN_",43981
"下_PRT ,_. _NOUN_",43981
_START_ 在_ADP _DET_,43945
_START_ 在 _DET_,43945
年 _PRT_ _NOUN_,43928
_VERB_ 后 _._,43903
_PRT_ 看 _._,43897
_VERB_ 后_PRT _._,43892
的 _NOUN_ 来_PRT,43862
的_PRT _NOUN_ 来_PRT,43862
重要 的_PRT _NOUN_,43853
重要 的 _NOUN_,43853
_PRT_ 影响_NOUN _._,43703
十 五条 _NOUN_,43654
上 _VERB_ _PRT_,43650
十_NUM 五条 _NOUN_,43649
中 _VERB_ 的_PRT,43643
中 _VERB_ 的,43643
十_NUM 五条_NUM _NOUN_,43635
十 五条_NUM _NOUN_,43635
_PRT_ 看_VERB _._,43531
种 _NOUN_ 的_PRT,43510
种 _NOUN_ 的,43510
国有 _NOUN_ _NOUN_,43501
国有_ADJ _NOUN_ _NOUN_,43500
并_CONJ _VERB_ _NOUN_,43493
"_VERB_ "" _ADJ_",43473
"_VERB_ ""_. _ADJ_",43473
_VERB_ _NOUN_ 年,43417
"管理 _NOUN_ ,",43401
"的 时候 ,",43401
"管理 _NOUN_ ,_.",43401
是 一 种,43398
"_PRT_ 时候_NOUN ,",43395
"_PRT_ 时候 ,_.",43395
"_PRT_ 时候_NOUN ,_.",43395
"_PRT_ 时候 ,",43395
是 一_NUM 种_NUM,43391
是 一_NUM 种,43391
是 一 种_NUM,43391
"的_PRT 时候_NOUN ,",43377
"的_PRT 时候 ,",43377
"的_PRT 时候 ,_.",43377
"的_PRT 时候_NOUN ,_.",43377
"的 时候 ,_.",43377
"的 时候_NOUN ,",43377
"的 时候_NOUN ,_.",43377
是_VERB 一 种,43351
是_VERB 一_NUM 种,43351
是_VERB 一_NUM 种_NUM,43351
是_VERB 一 种_NUM,43351
_VERB_ 以 _NOUN_,43295
工作_NOUN 的_PRT _NOUN_,43280
工作_NOUN 的 _NOUN_,43280
等 _NUM_ _NUM_,43255
_VERB_ _ADP_ _ADV_,43236
等_PRT _NOUN_ _VERB_,43168
中_PRT _VERB_ 的,43136
中_PRT _VERB_ 的_PRT,43136
你 _VERB_ _VERB_,43113
你_PRON _VERB_ _VERB_,43107
安全 _NOUN_ _NOUN_,43100
_VERB_ _NOUN_ 工作,43090
越 _VERB_ _ADV_,43079
安全_NOUN _NOUN_ _NOUN_,43056
等_PRT _NUM_ _NUM_,43056
十 七 大,43019
"建设 , _VERB_",43003
"建设 ,_. _VERB_",43003
十 七_NUM 大,43000
十_NUM 七_NUM 大,43000
十_NUM 七 大,43000
_VERB_ _NOUN_ 性,42975
_VERB_ _NOUN_ 年_NOUN,42936
另 _NUM_ _NOUN_,42934
_VERB_ _NOUN_ 性_NOUN,42929
越_ADV _VERB_ _ADV_,42906
包括 _NOUN_ _NOUN_,42896
包括_VERB _NOUN_ _NOUN_,42895
的 影响 _._,42852
的_PRT 影响 _._,42852
的 影响_NOUN _._,42848
的_PRT 影响_NOUN _._,42848
但 _ADV_ _VERB_,42838
但_ADV _ADV_ _VERB_,42837
"_PRT_ 看 ,_.",42826
"_PRT_ 看 ,",42826
中 _._ _ADV_,42764
经营_NOUN _NOUN_ _NOUN_,42743
种_NUM _NOUN_ _NOUN_,42733
把 _NOUN_ _NOUN_,42728
工作 _NOUN_ _NOUN_,42701
_VERB_ _NUM_ 万,42626
_VERB_ _NUM_ 万_NUM,42626
"社会_NOUN _NOUN_ ,_.",42624
"社会 _NOUN_ ,_.",42624
"社会_NOUN _NOUN_ ,",42624
"社会 _NOUN_ ,",42624
越 _VERB_ 越,42515
基本 _NOUN_ _._,42507
工作_NOUN _NOUN_ _NOUN_,42496
"_PRT_ 看_VERB ,_.",42469
"_PRT_ 看_VERB ,",42469
把_X _NOUN_ _NOUN_,42458
级 人民 政府,42457
级 人民 政府_NOUN,42453
级 人民_NOUN 政府_NOUN,42453
级 人民_NOUN 政府,42453
"管理_NOUN _NOUN_ ,",42432
"管理_NOUN _NOUN_ ,_.",42432
日 _NOUN_ _NOUN_,42426
越_ADV _VERB_ 越,42363
基本_ADJ _NOUN_ _._,42336
_START_ _ADV_ 在_ADP,42328
"_VERB_ 后 ,",42223
"_VERB_ 后 ,_.",42223
"_VERB_ 后_PRT ,_.",42223
"_VERB_ 后_PRT ,",42223
_START_ 三 是,42195
_VERB_ _VERB_ 于,42193
_START_ 三_NUM 是_VERB,42191
_START_ 三_NUM 是,42191
_START_ 三 是_VERB,42191
市场 _NOUN_ 的,42162
市场 _NOUN_ 的_PRT,42162
市场_NOUN _NOUN_ 的,42153
市场_NOUN _NOUN_ 的_PRT,42153
另_DET _NUM_ _NOUN_,42153
金融 _NOUN_ _NOUN_,42136
金融_NOUN _NOUN_ _NOUN_,42136
在 _NOUN_ _ADV_,42130
一个 _NOUN_ _PRT_,42068
银行 _NOUN_ _NOUN_,42065
重要 _NOUN_ .,42059
重要 _NOUN_ ._.,42059
在_ADP _NOUN_ _ADV_,42041
投资 _NOUN_ _NOUN_,42035
上_PRT _VERB_ _NOUN_,42032
银行_NOUN _NOUN_ _NOUN_,42030
重要_ADJ _NOUN_ ._.,42026
重要_ADJ _NOUN_ .,42026
"了 "" _NOUN_",42014
"了 ""_. _NOUN_",42014
_VERB_ 企业 _VERB_,41992
_VERB_ 企业_NOUN _VERB_,41992
日_NOUN _NOUN_ _NOUN_,41982
_PRT_ 新 _NOUN_,41961
"了_PRT "" _NOUN_",41924
"了_PRT ""_. _NOUN_",41924
"中 , _ADV_",41902
"中 ,_. _ADV_",41902
_VERB_ _NOUN_ 工作_NOUN,41867
所 _VERB_ _._,41863
各 级 _NOUN_,41857
各_DET 级 _NOUN_,41857
也 _VERB_ 了,41784
也_ADV _VERB_ 了_PRT,41784
也 _VERB_ 了_PRT,41784
也_ADV _VERB_ 了,41784
_VERB_ 是 _NOUN_,41783
_VERB_ 是_VERB _NOUN_,41783
价格_NOUN _NOUN_ _NOUN_,41778
价格 _NOUN_ _NOUN_,41778
_VERB_ 以_ADP _NOUN_,41760
"_VERB_ ,_. """,41750
"_VERB_ ,_. ""_.",41750
"_VERB_ , ""_.",41750
"_VERB_ , """,41750
种_NUM _NOUN_ 的,41718
种_NUM _NOUN_ 的_PRT,41718
所_PRT _VERB_ _._,41706
文化 _NOUN_ _._,41701
文化_NOUN _NOUN_ _._,41699
_VERB_ _NOUN_ 上,41684
"看 , _NOUN_",41681
"看 ,_. _NOUN_",41681
_START_ 这 _ADV_,41664
越 _VERB_ 越_ADV,41619
在 _NOUN_ _CONJ_,41611
_VERB_ 企业_NOUN _PRT_,41597
_VERB_ 企业 _PRT_,41597
的 _NOUN_ _NUM_,41565
的_PRT _NOUN_ _NUM_,41565
_VERB_ _NOUN_ 人,41506
上海 _NOUN_ _NOUN_,41506
上海_NOUN _NOUN_ _NOUN_,41505
而 _ADV_ _VERB_,41496
越_ADV _VERB_ 越_ADV,41468
_VERB_ _NOUN_ 人_NOUN,41451
"看_VERB , _NOUN_",41444
"看_VERB ,_. _NOUN_",41444
_VERB_ 这个 _NOUN_,41420
人 _VERB_ _._,41415
在_ADP _NOUN_ _CONJ_,41411
"建设_NOUN ,_. _VERB_",41407
"建设_NOUN , _VERB_",41407
● _._ _._,41395
●_. _._ _._,41395
_VERB_ _._ 而_ADV,41357
_VERB_ 这个_DET _NOUN_,41354
"一个 _NOUN_ ,_.",41265
"一个 _NOUN_ ,",41265
"是_VERB _NOUN_ ,",41244
"是_VERB _NOUN_ ,_.",41243
_VERB_ _NOUN_ 上_PRT,41201
人_NOUN _VERB_ _._,41195
向 _NOUN_ _VERB_,41189
_X_ _VERB_ _PRT_,41188
中_PRT _._ _ADV_,41148
重大 _NOUN_ _._,41138
重大_ADJ _NOUN_ _._,41128
公司_NOUN _NOUN_ _NOUN_,41123
公司 _NOUN_ _NOUN_,41123
向_ADP _NOUN_ _VERB_,41042
是 _ADV_ _ADV_,41028
_VERB_ _VERB_ 为,40995
我_PRON _ADV_ _ADV_,40964
我 _ADV_ _ADV_,40964
性 _._ _END_,40962
_VERB_ _NUM_ 人,40910
_PRT_ 新_ADJ _NOUN_,40903
上 _VERB_ _VERB_,40895
_VERB_ _NUM_ 人_NOUN,40893
●_. ● _._,40843
● ● _._,40843
● ●_. _._,40843
●_. ●_. _._,40843
_VERB_ _NOUN_ 管理,40817
人 _VERB_ _PRT_,40805
"工作 _NOUN_ ,",40802
"工作 _NOUN_ ,_.",40802
开展 _NOUN_ _NOUN_,40768
"的 人 ,",40762
时 _._ _NOUN_,40745
"的_PRT 人 ,_.",40743
"的_PRT 人_NOUN ,_.",40743
"的_PRT 人_NOUN ,",40743
"的_PRT 人 ,",40743
"的 人 ,_.",40743
"的 人_NOUN ,_.",40743
"的 人_NOUN ,",40743
和 _ADV_ _VERB_,40734
情况_NOUN _PRT_ _._,40725
情况 _PRT_ _._,40725
"工作_NOUN _NOUN_ ,_.",40716
"工作_NOUN _NOUN_ ,",40716
上_PRT _VERB_ _PRT_,40710
"_VERB_ , 而_ADV",40680
"_VERB_ ,_. 而_ADV",40680
中央 _NOUN_ _NOUN_,40660
中央_NOUN _NOUN_ _NOUN_,40658
人_NOUN _VERB_ _PRT_,40646
● _._ ●,40602
●_. _._ ●,40602
● _._ ●_.,40602
●_. _._ ●_.,40602
工业_NOUN _NOUN_ _NOUN_,40595
工业 _NOUN_ _NOUN_,40595
_VERB_ _NOUN_ 管理_NOUN,40560
_VERB_ _DET_ _ADJ_,40560
开展_VERB _NOUN_ _NOUN_,40510
政府 _NOUN_ _NOUN_,40505
的 _PRT_ _._,40502
实现 _NOUN_ _NOUN_,40500
的_PRT _PRT_ _._,40500
十 六条 _NOUN_,40463
_VERB_ 他 _VERB_,40459
_VERB_ 他_PRON _VERB_,40459
十_NUM 六条 _NOUN_,40448
_VERB_ 一个_ADV _NOUN_,40445
"中_PRT ,_. _ADV_",40435
"中_PRT , _ADV_",40435
_START_ _PRON_ _NOUN_,40420
而 _NOUN_ _NOUN_,40412
从 _NOUN_ 年,40368
从_ADP _NOUN_ 年,40368
从_ADP _NOUN_ 年_NOUN,40356
从 _NOUN_ 年_NOUN,40356
的 _._ _ADP_,40277
● ● ●,40274
政治 _NOUN_ _._,40272
政治_NOUN _NOUN_ _._,40272
实现_VERB _NOUN_ _NOUN_,40271
中国 _NOUN_ 的_PRT,40255
中国_NOUN _NOUN_ 的_PRT,40255
中国 _NOUN_ 的,40255
中国_NOUN _NOUN_ 的,40255
的_PRT _._ _ADP_,40252
● ●_. ●_.,40250
●_. ●_. ●,40250
●_. ●_. ●_.,40250
● ●_. ●,40250
●_. ● ●_.,40250
● ● ●_.,40250
●_. ● ●,40250
越 来 越,40250
非 _NOUN_ _NOUN_,40234
越 来_VERB 越,40226
发展_NOUN 的_PRT _NOUN_,40200
发展_NOUN 的 _NOUN_,40200
全 _NOUN_ _NOUN_,40167
一个 _NOUN_ _VERB_,40167
促进 _NOUN_ _NOUN_,40149
这 _VERB_ _NOUN_,40143
这_PRON _VERB_ _NOUN_,40120
_VERB_ 自己 _VERB_,40082
"时 , _NOUN_",40078
越_ADV 来 越,40078
越_ADV 来_VERB 越,40078
"时 ,_. _NOUN_",40078
_VERB_ 自己_PRON _VERB_,40071
中 _VERB_ _._,40047
_START_ _NOUN_ 在,40043
了 _._ _ADV_,39957
了_PRT _._ _ADV_,39878
是_VERB _ADV_ _ADV_,39871
人民 法院 _ADP_,39849
人民_NOUN 法院 _ADP_,39849
人民 法院_NOUN _ADP_,39849
人民_NOUN 法院_NOUN _ADP_,39849
科学 _NOUN_ _NOUN_,39813
来 说 _._,39784
来 说_VERB _._,39784
的_PRT _ADJ_ _PRT_,39754
的 _ADJ_ _PRT_,39754
之 _NOUN_ ._.,39750
之 _NOUN_ .,39750
有 _ADJ_ _PRT_,39697
并 _VERB_ _VERB_,39697
"来 _VERB_ ,_.",39692
"来 _VERB_ ,",39692
把 _NOUN_ _VERB_,39673
在_ADP _ADV_ _VERB_,39630
_VERB_ _NOUN_ 或,39596
_VERB_ _PRT_ 一,39566
促进_VERB _NOUN_ _NOUN_,39550
有 _ADJ_ 的_PRT,39546
有 _ADJ_ 的,39546
社会_NOUN _PRT_ _NOUN_,39542
社会 _PRT_ _NOUN_,39542
城市 _NOUN_ _NOUN_,39541
_VERB_ _NOUN_ 或_CONJ,39525
政府_NOUN _NOUN_ _NOUN_,39471
有_VERB _ADJ_ _PRT_,39457
_START_ _NOUN_ 在_ADP,39446
等 _NOUN_ _PRT_,39432
亿 美元 _._,39427
亿_NUM 美元 _._,39426
亿_NUM 美元_NUM _._,39426
亿 美元_NUM _._,39426
这 种_NUM _NOUN_,39413
这 种 _NOUN_,39413
这_DET 种_NUM _NOUN_,39410
这_DET 种 _NOUN_,39410
越 来 _ADV_,39369
越 来_VERB _ADV_,39369
把_X _NOUN_ _VERB_,39357
城市_NOUN _NOUN_ _NOUN_,39357
越 来_VERB 越_ADV,39349
越 来 越_ADV,39349
_VERB_ _NOUN_ 者,39345
_VERB_ _NOUN_ 者_NOUN,39342
问题_NOUN _PRT_ _NOUN_,39338
问题 _PRT_ _NOUN_,39338
与_ADP _NOUN_ _VERB_,39311
有_VERB _ADJ_ 的_PRT,39308
有_VERB _ADJ_ 的,39308
地 _VERB_ 了,39295
地 _VERB_ 了_PRT,39295
一_NOUN _NOUN_ _NOUN_,39266
中_PRT _VERB_ _._,39254
时_PRT _._ _NOUN_,39253
十_NUM 七_NUM _ADJ_,39236
十 七 _ADJ_,39236
十 七_NUM _ADJ_,39236
十_NUM 七 _ADJ_,39236
各 级_NUM _NOUN_,39228
各_DET 级_NUM _NOUN_,39228
越_ADV 来 _ADV_,39222
越_ADV 来_VERB _ADV_,39222
生产 _NOUN_ _._,39210
越_ADV 来 越_ADV,39202
越_ADV 来_VERB 越_ADV,39202
就 _VERB_ 了_PRT,39178
就 _VERB_ 了,39178
十 七 大_ADJ,39174
十_NUM 七 大_ADJ,39174
十_NUM 七_NUM 大_ADJ,39174
十 七_NUM 大_ADJ,39174
_VERB_ _NOUN_ 时,39173
就_ADV _VERB_ 了_PRT,39173
就_ADV _VERB_ 了,39173
组织 _NOUN_ _NOUN_,39168
全_DET _NOUN_ _NOUN_,39151
农业 _NOUN_ _NOUN_,39109
农业_NOUN _NOUN_ _NOUN_,39067
_VERB_ _ADP_ _._,38953
"来 说 ,",38946
"来 说_VERB ,",38934
"来 说_VERB ,_.",38934
"来 说 ,_.",38934
_VERB_ 国际_NOUN _NOUN_,38934
_VERB_ 国际 _NOUN_,38934
在 _NOUN_ 年,38928
在_ADP _NOUN_ 年,38927
时 _._ _ADV_,38910
在 _NOUN_ 年_NOUN,38897
在_ADP _NOUN_ 年_NOUN,38896
他 _VERB_ _NOUN_,38894
他_PRON _VERB_ _NOUN_,38887
_X_ _PRON_ _VERB_,38886
等_PRT _NOUN_ _PRT_,38875
_PRT_ 发展 _NOUN_,38870
和_CONJ _ADV_ _VERB_,38868
_VERB_ _NOUN_ 时_PRT,38843
一个_NUM _NOUN_ _._,38814
是 _VERB_ _._,38805
_VERB_ _NUM_ 的_PRT,38801
_VERB_ _NUM_ 的,38801
会 _VERB_ _VERB_,38746
由于 _NOUN_ _NOUN_,38716
由于_ADP _NOUN_ _NOUN_,38714
"时_PRT ,_. _NOUN_",38711
"时_PRT , _NOUN_",38711
_VERB_ 到_VERB _PRT_,38675
_VERB_ 到 _PRT_,38675
之_PRT _NOUN_ ._.,38662
之_PRT _NOUN_ .,38662
十 六条_NUM _NOUN_,38657
时 _._ _VERB_,38657
十_NUM 六条_NUM _NOUN_,38657
发展 _NOUN_ _PRT_,38642
全国 人大 常委,38630
来_PRT 说 _._,38629
来_PRT 说_VERB _._,38629
全国 人大_NOUN 常委_NOUN,38622
全国 人大_NOUN 常委,38622
全国 人大 常委_NOUN,38622
_VERB_ _PRON_ .,38612
_VERB_ _PRON_ ._.,38612
投资_NOUN _NOUN_ _NOUN_,38595
_START_ 但是 _._,38565
_START_ 但是_ADV _._,38565
而_ADV _NOUN_ _NOUN_,38551
_VERB_ 并 _VERB_,38501
这个 _NOUN_ _PRT_,38469
十 二条 _NOUN_,38466
来 越 _VERB_,38463
十_NUM 二条 _NOUN_,38460
人民 法院_NOUN _VERB_,38459
人民_NOUN 法院 _VERB_,38459
人民_NOUN 法院_NOUN _VERB_,38459
人民 法院 _VERB_,38459
和 _VERB_ _._,38438
_VERB_ 一个_NUM _NOUN_,38435
的 _ADJ_ 的_PRT,38423
的_PRT _ADJ_ 的,38423
的_PRT _ADJ_ 的_PRT,38423
这个_DET _NOUN_ _PRT_,38423
的 _ADJ_ 的,38423
来 越_ADV _VERB_,38399
政治 _NOUN_ _NOUN_,38377
"时 , _ADV_",38376
"时 ,_. _ADV_",38376
政治_NOUN _NOUN_ _NOUN_,38375
被 _VERB_ _NOUN_,38366
被_X _VERB_ _NOUN_,38366
_VERB_ 在_ADP _VERB_,38356
是_VERB _VERB_ _._,38329
_START_ _._ 2,38323
十 二条_NUM _NOUN_,38308
十_NUM 二条_NUM _NOUN_,38308
级_NUM 人民 政府_NOUN,38293
级_NUM 人民 政府,38293
级_NUM 人民_NOUN 政府,38293
级_NUM 人民_NOUN 政府_NOUN,38293
"情况_NOUN _PRT_ ,_.",38283
"情况 _PRT_ ,",38283
"情况_NOUN _PRT_ ,",38283
"情况 _PRT_ ,_.",38283
_START_ _._ 2_NUM,38272
行政 _NOUN_ _NOUN_,38247
_PRT_ 重大 _NOUN_,38243
会_VERB _VERB_ _VERB_,38219
他 _VERB_ _._,38197
他_PRON _VERB_ _._,38195
_PRT_ 是_VERB _._,38193
_PRT_ 是 _._,38193
_PRT_ 重大_ADJ _NOUN_,38191
发展_NOUN _._ _END_,38136
年 第_NUM _NUM_,38126
年 第 _NUM_,38126
"时 ,_. _VERB_",38097
"时 , _VERB_",38097
投资 _NOUN_ _VERB_,38040
地_PRT _VERB_ 了_PRT,38028
问题_NOUN 的_PRT _NOUN_,38028
问题 的 _NOUN_,38028
地_PRT _VERB_ 了,38028
问题 的_PRT _NOUN_,38028
问题_NOUN 的 _NOUN_,38028
管理 _NOUN_ _PRT_,37961
和_CONJ _VERB_ _._,37953
时_PRT _._ _VERB_,37948
_VERB_ . _._,37945
_VERB_ ._. _._,37943
国家_NOUN 的 _NOUN_,37932
国家 的 _NOUN_,37932
国家_NOUN 的_PRT _NOUN_,37932
国家 的_PRT _NOUN_,37932
行政_NOUN _NOUN_ _NOUN_,37928
"_START_ 但是 ,",37918
_VERB_ _PRT_ ?_.,37912
_VERB_ _PRT_ ?,37912
"_START_ 但是_ADV ,_.",37907
"_START_ 但是_ADV ,",37907
"_START_ 但是 ,_.",37907
影响 _._ _END_,37861
研究 _NOUN_ _NOUN_,37809
时_PRT _._ _ADV_,37807
"来_PRT 说_VERB ,_.",37802
"来_PRT 说 ,_.",37802
"来_PRT 说 ,",37802
"来_PRT 说_VERB ,",37802
_VERB_ 这些_DET _NOUN_,37759
_VERB_ 这些 _NOUN_,37759
建立 _NOUN_ _NOUN_,37746
问题 _._ _ADV_,37741
问题_NOUN _._ _ADV_,37741
社会 _NOUN_ _VERB_,37721
社会_NOUN _NOUN_ _VERB_,37721
一 _VERB_ _NOUN_,37712
之 一 _._,37685
_VERB_ _X_ _VERB_,37684
_VERB_ _CONJ_ _ADV_,37655
来_VERB 越 _VERB_,37653
_VERB_ 于 _VERB_,37653
"新 _NOUN_ ,",37626
"新 _NOUN_ ,_.",37626
年_NOUN 第 _NUM_,37609
年_NOUN 第_NUM _NUM_,37609
来 看 _._,37601
来 看_VERB _._,37601
来_VERB 越_ADV _VERB_,37592
_VERB_ _._ .,37573
_VERB_ _._ ._.,37573
_VERB_ _PRT_ 一_NUM,37546
的_PRT 是_VERB _._,37544
的 是_VERB _._,37544
的 是 _._,37544
的_PRT 是 _._,37544
对 _DET_ _NOUN_,37539
两岸 _NOUN_ _NOUN_,37532
_START_ 在 _VERB_,37526
建立_VERB _NOUN_ _NOUN_,37520
_PRT_ 发展 _._,37499
对_ADP _DET_ _NOUN_,37491
为_ADP _NOUN_ _VERB_,37488
性_NOUN _._ _END_,37480
_START_ 2_NUM _._,37455
_START_ 2 _._,37455
"时_PRT ,_. _VERB_",37447
"时_PRT , _VERB_",37447
世界 _NOUN_ _NOUN_,37390
世界_NOUN _NOUN_ _NOUN_,37389
技术 _NOUN_ _._,37378
技术_NOUN _NOUN_ _._,37377
三 _._ _NOUN_,37366
_VERB_ ?_. _END_,37333
_VERB_ ? _END_,37333
"时_PRT ,_. _ADV_",37326
十_NUM _NUM_ 届,37326
十 _NUM_ 届,37326
十 _NUM_ 届_NUM,37326
"时_PRT , _ADV_",37326
十_NUM _NUM_ 届_NUM,37326
及 _PRON_ _NOUN_,37320
_START_ 在_ADP _VERB_,37312
而 言 _._,37293
而 言_VERB _._,37293
性 . _END_,37267
性 ._. _END_,37266
或 _NOUN_ _._,37254
或_CONJ _NOUN_ _._,37240
及_CONJ _PRON_ _NOUN_,37229
之_PRT 一 _._,37202
影响_NOUN _._ _END_,37196
社会 的 _NOUN_,37172
社会 的_PRT _NOUN_,37172
社会_NOUN 的_PRT _NOUN_,37172
社会_NOUN 的 _NOUN_,37172
带 _VERB_ _PRT_,37167
可以 _VERB_ _._,37152
可以_VERB _VERB_ _._,37152
都 _VERB_ _PRT_,37095
另 一 _NOUN_,37094
另 一_NUM _NOUN_,37093
都_ADV _VERB_ _PRT_,37093
另_DET 一 _NOUN_,37068
另_DET 一_NUM _NOUN_,37067
并 不 _VERB_,37056
并 不_ADV _VERB_,37056
科学_NOUN _NOUN_ _NOUN_,37052
要 _VERB_ _._,37051
_VERB_ 从 _NOUN_,37049
"新_ADJ _NOUN_ ,_.",37048
"新_ADJ _NOUN_ ,",37048
_START_ _VERB_ _ADV_,37040
_VERB_ 从_ADP _NOUN_,37023
要_VERB _VERB_ _._,37021
经 _NOUN_ _NOUN_,37020
_PRT_ 金融_NOUN _NOUN_,37014
_PRT_ 金融 _NOUN_,37014
"了 , _ADV_",37012
"了 ,_. _ADV_",37012
_VERB_ _VERB_ 一个_ADV,36982
"了_PRT , _ADV_",36941
"了_PRT ,_. _ADV_",36941
带_VERB _VERB_ _PRT_,36890
_START_ _VERB_ _NUM_,36883
一 _NUM_ _ADJ_,36870
一_NUM _NUM_ _ADJ_,36868
及 其 _NOUN_,36835
在 _VERB_ 的_PRT,36834
在 _VERB_ 的,36834
及 其_PRON _NOUN_,36824
投资_NOUN _NOUN_ _VERB_,36822
两岸_NOUN _NOUN_ _NOUN_,36821
及_CONJ 其 _NOUN_,36802
_VERB_ 并_CONJ _VERB_,36801
及_CONJ 其_PRON _NOUN_,36792
都 _VERB_ _NOUN_,36760
都_ADV _VERB_ _NOUN_,36758
"来 看 ,",36746
"来 看_VERB ,",36740
"来 看_VERB ,_.",36740
"来 看 ,_.",36740
不同_ADJ _PRT_ _NOUN_,36733
管理_NOUN _NOUN_ _PRT_,36729
为 _ADJ_ _NOUN_,36727
我 _VERB_ _PRT_,36720
我_PRON _VERB_ _PRT_,36718
现代 _NOUN_ _NOUN_,36711
不同_ADJ 的 _NOUN_,36702
不同_ADJ 的_PRT _NOUN_,36702
研究 _NOUN_ _._,36687
而_PRT 言_VERB _._,36666
而_PRT 言 _._,36666
"_VERB_ _ADV_ ,",36661
"_VERB_ _ADV_ ,_.",36660
为了 _VERB_ _NOUN_,36657
"_PRT_ 言 ,",36644
"_PRT_ 言 ,_.",36644
到 _NOUN_ _PRT_,36639
_PRT_ 发展_NOUN _NOUN_,36612
关于_ADP _NOUN_ _NOUN_,36590
关于 _NOUN_ _NOUN_,36590
的 _NOUN_ 或,36574
的_PRT _NOUN_ 或,36574
_VERB_ 他 _PRT_,36571
_VERB_ 他_PRON _PRT_,36562
的_PRT _NOUN_ 或_CONJ,36540
的 _NOUN_ 或_CONJ,36540
_START_ ( 2,36533
_START_ (_. 2,36527
上_PRT _VERB_ _VERB_,36519
_START_ ( 2_NUM,36514
_START_ (_. 2_NUM,36514
三_NUM _._ _NOUN_,36496
_VERB_ _NUM_ 种,36465
_VERB_ _NUM_ 种_NUM,36460
_PRT_ 是 _NOUN_,36449
_PRT_ 是_VERB _NOUN_,36449
企业 _ADP_ _NOUN_,36424
企业_NOUN _ADP_ _NOUN_,36424
生产_NOUN _NOUN_ _._,36412
_VERB_ 而_PRT _VERB_,36389
为了_ADP _VERB_ _NOUN_,36366
近 _NUM_ _NUM_,36318
_VERB_ _VERB_ 一,36316
化 _NOUN_ _NOUN_,36301
_START_ _._ _VERB_,36297
企业_NOUN _ADV_ _VERB_,36285
企业 _ADV_ _VERB_,36285
的_PRT _NUM_ 种,36275
的 _NUM_ 种,36275
的 _NUM_ 种_NUM,36275
的_PRT _NUM_ 种_NUM,36275
年 _PRT_ _._,36267
"问题 ,_. _ADV_",36260
"问题_NOUN ,_. _ADV_",36260
"问题_NOUN , _ADV_",36260
"问题 , _ADV_",36260
近_ADV _NUM_ _NUM_,36254
在 _PRON_ _PRT_,36237
"而 言 ,",36209
产业_NOUN _NOUN_ _NOUN_,36205
"而 言_VERB ,_.",36205
"而 言_VERB ,",36205
"而 言 ,_.",36205
产业 _NOUN_ _NOUN_,36205
"_PRT_ 言_VERB ,_.",36203
"_PRT_ 言_VERB ,",36203
的 _._ _ADJ_,36196
被 _VERB_ _PRT_,36172
的_PRT _._ _ADJ_,36172
被_X _VERB_ _PRT_,36170
_START_ _NOUN_ _NUM_,36153
先进_ADJ 性_ADJ _NOUN_,36138
先进 性 _NOUN_,36138
先进 性_ADJ _NOUN_,36138
先进_ADJ 性 _NOUN_,36138
对于 _NOUN_ _NOUN_,36131
情况 下 _._,36123
情况_NOUN 下_PRT _._,36123
情况_NOUN 下 _._,36123
情况 下_PRT _._,36123
好 _PRT_ _NOUN_,36099
_START_ 所以 _._,36096
_START_ 所以_ADV _._,36096
个 _NOUN_ _PRT_,36047
的 _._ _PRON_,36032
而_PRT _VERB_ 的,36004
而_PRT _VERB_ 的_PRT,36004
中_PRT _NOUN_ _NOUN_,35993
_START_ 这 是,35990
的_PRT _._ _PRON_,35987
_START_ 这_PRON 是_VERB,35979
_START_ 这 是_VERB,35979
_START_ 这_PRON 是,35979
过程_NOUN _PRT_ _._,35973
过程 _PRT_ _._,35973
_START_ _NOUN_ _ADJ_,35961
管理 _NOUN_ _VERB_,35932
_VERB_ 企业_NOUN 的,35913
_VERB_ 企业_NOUN 的_PRT,35913
_VERB_ 企业 的,35913
_VERB_ 企业 的_PRT,35913
_START_ _._ 二,35910
_VERB_ _ADJ_ 性,35900
"_VERB_ , 中国",35898
"_VERB_ ,_. 中国",35898
并_ADV 不 _VERB_,35898
并_ADV 不_ADV _VERB_,35898
在_ADP _PRON_ _PRT_,35867
的_PRT 发展 _NOUN_,35866
的 发展 _NOUN_,35866
_START_ _._ 二_NUM,35860
"_VERB_ , 中国_NOUN",35859
"_VERB_ ,_. 中国_NOUN",35859
化 _PRT_ _NOUN_,35817
组织_NOUN _NOUN_ _NOUN_,35808
对于_ADP _NOUN_ _NOUN_,35803
_VERB_ 在 _ADJ_,35758
吗 _._ _END_,35755
吗_PRT _._ _END_,35755
公司 _PRT_ _NOUN_,35718
公司_NOUN _PRT_ _NOUN_,35718
_START_ _CONJ_ _PRON_,35705
_VERB_ 在_ADP _ADJ_,35688
_VERB_ _NUM_ _VERB_,35680
更_ADV _VERB_ 的_PRT,35654
更 _VERB_ 的_PRT,35654
更_ADV _VERB_ 的,35654
更 _VERB_ 的,35654
_VERB_ _._ 并,35645
的_PRT 发展_NOUN _NOUN_,35626
的 发展_NOUN _NOUN_,35626
重要_VERB _PRT_ _NOUN_,35622
_VERB_ _._ 是_VERB,35613
_VERB_ _._ 是,35613
"而_PRT 言_VERB ,",35601
"而_PRT 言_VERB ,_.",35601
"而_PRT 言 ,",35601
"而_PRT 言 ,_.",35601
各_DET 项 _NOUN_,35567
各 项_NUM _NOUN_,35567
各_DET 项_NUM _NOUN_,35567
各 项 _NOUN_,35567
后 _._ _NOUN_,35555
可以 _ADP_ _NOUN_,35533
可以_VERB _ADP_ _NOUN_,35533
重要_VERB 的_PRT _NOUN_,35518
重要_VERB 的 _NOUN_,35518
能 _VERB_ _NOUN_,35501
资源 _NOUN_ _NOUN_,35490
资源_NOUN _NOUN_ _NOUN_,35490
_START_ 2008_NOUN _NOUN_,35457
_START_ 2008 _NOUN_,35457
发展_NOUN ._. _END_,35449
发展_NOUN . _END_,35449
_START_ ( 二,35433
_START_ (_. 二,35429
年 _NOUN_ _._,35428
"_START_ 所以 ,",35426
有限 _NOUN_ _NOUN_,35424
_START_ ( 二_NUM,35423
_START_ (_. 二_NUM,35423
"_START_ 所以 ,_.",35408
"_START_ 所以_ADV ,",35408
"_START_ 所以_ADV ,_.",35408
管理_NOUN _NOUN_ _VERB_,35400
的_PRT _NOUN_ 而,35399
的 _NOUN_ 而,35399
有限_ADJ _NOUN_ _NOUN_,35395
能_VERB _VERB_ _NOUN_,35394
_VERB_ 或 _VERB_,35389
已经_ADV _VERB_ _PRT_,35387
已经 _VERB_ _PRT_,35387
吗 ? _END_,35386
后_PRT _._ _NOUN_,35382
_START_ _VERB_ _ADP_,35377
吗_PRT ? _END_,35376
吗_PRT ?_. _END_,35376
吗 ?_. _END_,35376
现代_ADJ _NOUN_ _NOUN_,35373
的_PRT _DET_ 种_NUM,35367
的_PRT _DET_ 种,35367
的 _DET_ 种,35367
的 _DET_ 种_NUM,35367
_VERB_ 或_CONJ _VERB_,35319
_VERB_ 新 _PRT_,35305
_PRT_ 政治 _NOUN_,35286
_PRT_ 政治_NOUN _NOUN_,35286
一 种_NUM _ADJ_,35273
一 种 _ADJ_,35273
一_NUM 种 _ADJ_,35273
一_NUM 种_NUM _ADJ_,35273
个_NUM _NOUN_ _PRT_,35234
按 _NOUN_ _NOUN_,35222
"_VERB_ , 并",35220
"_VERB_ ,_. 并",35220
"个 _NOUN_ ,",35211
"个 _NOUN_ ,_.",35211
这个 _NOUN_ _._,35210
_VERB_ 起来_VERB _._,35203
_VERB_ 起来 _._,35203
_VERB_ _PRT_ 社会,35193
_VERB_ _PRT_ 社会_NOUN,35193
按_ADP _NOUN_ _NOUN_,35182
这个_DET _NOUN_ _._,35166
_VERB_ 新 的_PRT,35133
_VERB_ 新 的,35133
_PRT_ 发展_NOUN _._,35088
_VERB_ _ADJ_ 性_ADJ,35060
的_PRT 发展 _._,35051
的 发展 _._,35051
维护 _NOUN_ _NOUN_,35006
"_PRT_ 关系 ,_.",34988
"_PRT_ 关系 ,",34988
"_PRT_ 关系_NOUN ,_.",34982
"_PRT_ 关系_NOUN ,",34982
如 _NOUN_ _NOUN_,34949
地区 _NOUN_ _NOUN_,34944
地区_NOUN _NOUN_ _NOUN_,34925
"情况 下 ,",34921
"情况_NOUN 下 ,",34915
"情况_NOUN 下_PRT ,",34915
"情况_NOUN 下_PRT ,_.",34915
"情况_NOUN 下 ,_.",34915
"情况 下 ,_.",34915
"情况 下_PRT ,",34915
"情况 下_PRT ,_.",34915
"来_PRT _VERB_ ,",34859
"来_PRT _VERB_ ,_.",34859
影响 . _END_,34849
的_PRT 新 _NOUN_,34843
影响 ._. _END_,34843
的 新 _NOUN_,34843
_VERB_ _._ 这_PRON,34809
就 _VERB_ _NOUN_,34795
就_ADV _VERB_ _NOUN_,34794
级_NUM _NOUN_ _NOUN_,34786
_VERB_ 要 _VERB_,34751
_VERB_ 要_VERB _VERB_,34751
"的 ,_. _ADP_",34726
"的 , _ADP_",34726
好 的 _NOUN_,34721
好 的_PRT _NOUN_,34721
人 _._ _ADV_,34712
"的_PRT , _ADP_",34702
"的_PRT ,_. _ADP_",34702
带 来 _PRT_,34701
"后 ,_. _NOUN_",34698
"后 , _NOUN_",34698
教育 _NOUN_ _._,34694
人_NOUN _._ _ADV_,34693
至 _NOUN_ _NOUN_,34677
的_PRT _NUM_ _ADJ_,34661
的 _NUM_ _ADJ_,34661
教育_NOUN _NOUN_ _._,34645
维护_VERB _NOUN_ _NOUN_,34641
三_NUM 个_NUM _NOUN_,34631
三_NUM 个 _NOUN_,34631
三 个 _NOUN_,34631
三 个_NUM _NOUN_,34631
的_PRT 发展_NOUN _._,34628
的 发展_NOUN _._,34628
社会 保障 _NOUN_,34618
社会_NOUN 保障 _NOUN_,34618
_X_ _VERB_ _._,34607
另 _NUM_ 方面_NOUN,34597
另 _NUM_ 方面,34597
带 来_VERB _PRT_,34586
发展_VERB _PRT_ _NOUN_,34572
另_DET _NUM_ 方面_NOUN,34567
另_DET _NUM_ 方面,34567
"后_PRT , _NOUN_",34551
"后_PRT ,_. _NOUN_",34551
资产 _NOUN_ _NOUN_,34500
资产_NOUN _NOUN_ _NOUN_,34500
出版 _NOUN_ _NOUN_,34490
"个_NUM _NOUN_ ,",34456
"个_NUM _NOUN_ ,_.",34456
带_VERB 来 _PRT_,34446
一个 _ADV_ _VERB_,34432
带_VERB 来_VERB _PRT_,34429
与 _NOUN_ _ADV_,34408
化 的_PRT _NOUN_,34374
化 的 _NOUN_,34374
的 规定 _._,34367
的_PRT 规定 _._,34367
世纪 _NOUN_ _NOUN_,34358
世纪_NOUN _NOUN_ _NOUN_,34358
"_VERB_ _NUM_ ,",34326
"_VERB_ _NUM_ ,_.",34325
并 _ADP_ _NOUN_,34323
_VERB_ _NOUN_ 等,34300
和 _NUM_ _NUM_,34296
社会 保障_NOUN _NOUN_,34285
社会_NOUN 保障_NOUN _NOUN_,34285
公司 的_PRT _NOUN_,34259
公司 的 _NOUN_,34259
公司_NOUN 的 _NOUN_,34259
公司_NOUN 的_PRT _NOUN_,34259
_VERB_ _NOUN_ 等_PRT,34257
影响_NOUN . _END_,34254
影响_NOUN ._. _END_,34254
性_NOUN ._. _END_,34248
性_NOUN . _END_,34248
关系 _._ _END_,34244
的 规定_NOUN _._,34235
的_PRT 规定_NOUN _._,34235
另 一 方面,34233
另 一 方面_NOUN,34220
另 一_NUM 方面,34220
另 一_NUM 方面_NOUN,34220
"的 关系 ,",34217
_VERB_ _NOUN_ 之,34211
"的 关系_NOUN ,_.",34207
"的_PRT 关系 ,_.",34207
"的_PRT 关系 ,",34207
"的_PRT 关系_NOUN ,",34207
"的 关系 ,_.",34207
"的 关系_NOUN ,",34207
"的_PRT 关系_NOUN ,_.",34207
大 _NOUN_ _PRT_,34201
另_DET 一 方面,34194
另_DET 一 方面_NOUN,34194
另_DET 一_NUM 方面_NOUN,34194
另_DET 一_NUM 方面,34194
_START_ _ADJ_ _ADJ_,34170
年 12 _NOUN_,34160
万元 _._ _NOUN_,34147
年 12_NOUN _NOUN_,34132
"过程_NOUN _PRT_ ,",34128
"过程_NOUN _PRT_ ,_.",34128
"过程 _PRT_ ,",34128
"过程 _PRT_ ,_.",34128
过程_NOUN 中_PRT _._,34113
过程_NOUN 中 _._,34113
过程 中_PRT _._,34113
过程 中 _._,34113
的 新_ADJ _NOUN_,34087
的_PRT 新_ADJ _NOUN_,34087
关系_NOUN _._ _END_,34076
以 _VERB_ _VERB_,34067
居民 _NOUN_ _NOUN_,34064
居民_NOUN _NOUN_ _NOUN_,34064
_START_ _ADP_ _ADV_,34062
"_VERB_ ._. ""_.",33978
"_VERB_ . ""_.",33978
"_VERB_ ._. """,33978
"_VERB_ . """,33978
是 _NUM_ _NOUN_,33933
年_NOUN 12 _NOUN_,33927
基本 _NOUN_ _NOUN_,33909
年_NOUN 12_NOUN _NOUN_,33908
着 _NOUN_ _NOUN_,33906
来_PRT 看 _._,33905
来_PRT 看_VERB _._,33905
万元_NUM _._ _NOUN_,33901
用 _NOUN_ _NOUN_,33867
研究_NOUN _NOUN_ _._,33842
一定 _PRT_ _NOUN_,33804
是 _ADP_ _VERB_,33799
_VERB_ _._ 我,33773
_VERB_ _._ 我_PRON,33773
基本_ADJ _NOUN_ _NOUN_,33766
不 _ADV_ _VERB_,33763
不_ADV _ADV_ _VERB_,33759
一定_ADJ _PRT_ _NOUN_,33752
_VERB_ _NOUN_ 主义,33749
_VERB_ _NOUN_ 主义_NOUN,33749
是_VERB _NUM_ _NOUN_,33742
了 _DET_ _NOUN_,33738
"较 _VERB_ ,_.",33736
"较 _VERB_ ,",33736
"较_ADV _VERB_ ,",33736
"较_ADV _VERB_ ,_.",33736
中国 _NOUN_ _._,33727
中国_NOUN _NOUN_ _._,33727
一定 的 _NOUN_,33726
一定 的_PRT _NOUN_,33726
很 _VERB_ _PRT_,33725
很_ADV _VERB_ _PRT_,33725
_VERB_ _VERB_ 对,33718
_VERB_ 指 _NOUN_,33706
_VERB_ 指_VERB _NOUN_,33706
_START_ 2008 年,33696
一定_ADJ 的 _NOUN_,33675
一定_ADJ 的_PRT _NOUN_,33675
_VERB_ _VERB_ 发展_VERB,33668
_START_ 2008_NOUN 年,33666
_START_ 2008_NOUN 年_NOUN,33666
_START_ 2008 年_NOUN,33666
了_PRT _DET_ _NOUN_,33663
在 _DET_ _NUM_,33634
新 _NOUN_ _PRT_,33631
在_ADP _DET_ _NUM_,33624
是 在 _NOUN_,33607
旅游 _NOUN_ _NOUN_,33586
是 在_ADP _NOUN_,33567
第 _NUM_ 十条_NUM,33556
和_CONJ _NUM_ _NUM_,33555
第_NUM _NUM_ 十条_NUM,33555
_VERB_ 他_PRON 的,33535
_VERB_ 他 的_PRT,33535
_VERB_ 他 的,33535
_VERB_ 他_PRON 的_PRT,33535
万元 ) _NOUN_,33497
万元 )_. _NOUN_,33491
一个_ADV _ADV_ _VERB_,33490
本 _NOUN_ _NOUN_,33486
_VERB_ 我_PRON _VERB_,33477
_VERB_ 我 _VERB_,33477
万元_NUM )_. _NOUN_,33473
万元_NUM ) _NOUN_,33473
被_X _VERB_ _._,33451
被 _VERB_ _._,33451
总 _NOUN_ _NOUN_,33421
_VERB_ 了 一个,33409
_VERB_ 了_PRT 一个,33405
年 _VERB_ _NUM_,33353
其 _NOUN_ _VERB_,33346
台湾 _NOUN_ _NOUN_,33333
台湾_NOUN _NOUN_ _NOUN_,33333
旅游_NOUN _NOUN_ _NOUN_,33322
建设_NOUN _NOUN_ _NOUN_,33287
的_PRT _NUM_ %,33241
的 _NUM_ %_NUM,33241
的 _NUM_ %,33241
的_PRT _NUM_ %_NUM,33241
其_PRON _NOUN_ _VERB_,33229
_VERB_ 由 _NOUN_,33228
_START_ _ADV_ 是_VERB,33227
"来_PRT 看 ,_.",33166
"来_PRT 看_VERB ,",33166
"来_PRT 看 ,",33166
"来_PRT 看_VERB ,_.",33166
_VERB_ 出 _NOUN_,33162
可以_VERB _ADV_ _VERB_,33159
可以 _ADV_ _VERB_,33159
万 元 _NUM_,33148
万_NUM 元 _NUM_,33148
万_NUM 元_NUM _NUM_,33148
万 元_NUM _NUM_,33148
月 _._ _NOUN_,33137
月_NOUN _._ _NOUN_,33132
积极 _VERB_ _NOUN_,33111
又 _VERB_ _NOUN_,33108
_VERB_ 由_ADP _NOUN_,33096
积极_ADV _VERB_ _NOUN_,33076
一定 _VERB_ _VERB_,33060
一定_ADV _VERB_ _VERB_,33056
以来 _._ _NOUN_,33040
_PRT_ 工作 _NOUN_,33038
这些 _NOUN_ _VERB_,33032
这些_DET _NOUN_ _VERB_,33030
_VERB_ 出_VERB _NOUN_,33023
一_NUM 种 _VERB_,33015
一 种 _VERB_,33015
的_PRT 人_NOUN _VERB_,33003
的 人_NOUN _VERB_,33003
的_PRT 人 _VERB_,33003
的 人 _VERB_,33003
_PRT_ 工作_NOUN _NOUN_,32981
_VERB_ 两岸 _NOUN_,32938
_VERB_ 该 _NOUN_,32937
而_PRT _VERB_ _NOUN_,32937
又_ADV _VERB_ _NOUN_,32925
_VERB_ 该_DET _NOUN_,32913
的 政治_NOUN _NOUN_,32894
的 政治 _NOUN_,32894
的_PRT 政治 _NOUN_,32894
的_PRT 政治_NOUN _NOUN_,32894
新_ADJ _NOUN_ _PRT_,32883
_VERB_ 人 _VERB_,32880
以来_PRT _._ _NOUN_,32879
市场 _NOUN_ _._,32836
"年_NOUN _NOUN_ ,",32835
"年_NOUN _NOUN_ ,_.",32835
市场_NOUN _NOUN_ _._,32835
"过程 中 ,",32817
_VERB_ 什么 _NOUN_,32816
"以来 ,_. _NOUN_",32814
"以来 , _NOUN_",32814
中 医药 _NOUN_,32809
中 医药_NOUN _NOUN_,32809
_VERB_ _VERB_ 一_NUM,32805
_VERB_ 什么_DET _NOUN_,32801
"过程_NOUN 中_PRT ,",32800
"过程 中 ,_.",32800
"过程_NOUN 中_PRT ,_.",32800
"过程 中_PRT ,_.",32800
"过程 中_PRT ,",32800
"过程_NOUN 中 ,_.",32800
"过程_NOUN 中 ,",32800
_VERB_ 两岸_NOUN _NOUN_,32798
发展_NOUN _NOUN_ _PRT_,32797
的 _NOUN_ 而_PRT,32797
的_PRT _NOUN_ 而_PRT,32797
"_VERB_ "" _ADV_",32784
"_VERB_ ""_. _ADV_",32784
"_VERB_ "" _NUM_",32775
"_VERB_ ""_. _NUM_",32775
_VERB_ _._ 他_PRON,32768
_VERB_ _._ 他,32768
"_VERB_ ,_. 这_PRON",32758
"_VERB_ , 这_PRON",32758
产品 _NOUN_ _NOUN_,32714
产品_NOUN _NOUN_ _NOUN_,32714
年 12 月,32711
有 _VERB_ _VERB_,32678
在 _._ _NOUN_,32674
年 12 月_NOUN,32666
年 12_NOUN 月_NOUN,32664
年 12_NOUN 月,32664
一_NUM 种_NUM _VERB_,32661
一 种_NUM _VERB_,32661
性_ADJ _NOUN_ _NOUN_,32659
"以来_PRT , _NOUN_",32656
"以来_PRT ,_. _NOUN_",32656
_PRT_ 作用_NOUN _._,32656
_PRT_ 作用 _._,32656
有_VERB _VERB_ _VERB_,32655
_PRT_ 说 _._,32649
市场_NOUN 经济_NOUN _NOUN_,32635
市场 经济_NOUN _NOUN_,32635
市场_NOUN 经济 _NOUN_,32635
市场 经济 _NOUN_,32635
到_VERB _NOUN_ _PRT_,32634
_VERB_ 各 种_NUM,32626
_VERB_ 各 种,32626
_VERB_ 各_DET 种,32626
_VERB_ 各_DET 种_NUM,32626
年 的_PRT _NOUN_,32585
年 的 _NOUN_,32585
"很 _VERB_ ,",32569
"很_ADV _VERB_ ,",32569
"很 _VERB_ ,_.",32569
"很_ADV _VERB_ ,_.",32569
_PRT_ 关系 _._,32556
_PRT_ 关系_NOUN _._,32555
具有 _NOUN_ _NOUN_,32520
具有_VERB _NOUN_ _NOUN_,32520
"人 ,_. _ADV_",32503
"人 , _ADV_",32503
"人_NOUN , _ADV_",32484
"人_NOUN ,_. _ADV_",32484
_START_ _NOUN_ :,32482
_START_ _NOUN_ :_.,32476
的 _NOUN_ 都,32468
的_PRT _NOUN_ 都,32468
信息 化 _NOUN_,32460
在 _NUM_ _NOUN_,32460
年_NOUN 12_NOUN 月_NOUN,32453
年_NOUN 12 月_NOUN,32453
年_NOUN 12_NOUN 月,32453
年_NOUN 12 月,32453
和 _DET_ _NOUN_,32420
所 _VERB_ _VERB_,32394
信息_NOUN 化 _NOUN_,32394
信息_NOUN 化_NOUN _NOUN_,32394
信息 化_NOUN _NOUN_,32394
"比较 _VERB_ ,_.",32386
"比较 _VERB_ ,",32386
"比较_ADV _VERB_ ,_.",32378
"比较_ADV _VERB_ ,",32378
了 _ADP_ _NOUN_,32355
推动 _NOUN_ _NOUN_,32350
_START_ _._ _END_,32345
的_PRT _NOUN_ 都_ADV,32328
的 _NOUN_ 都_ADV,32328
"_START_ "" _._",32324
"_START_ ""_. _._",32324
_VERB_ _VERB_ 为_VERB,32315
_PRT_ 说_VERB _._,32270
是_VERB _ADP_ _VERB_,32253
了_PRT _ADP_ _NOUN_,32246
在_ADP _NUM_ _NOUN_,32239
应 _VERB_ _NOUN_,32224
所_PRT _VERB_ _VERB_,32215
市 _._ _NOUN_,32212
市_NOUN _._ _NOUN_,32209
_START_ _ADP_ _NUM_,32207
"_PRT_ 要求 ,_.",32196
"_PRT_ 要求 ,",32196
_VERB_ _VERB_ 对_ADP,32173
着_PRT _NOUN_ _NOUN_,32160
在_ADP _._ _NOUN_,32146
可 _VERB_ _NOUN_,32134
_VERB_ 人_NOUN _VERB_,32128
大_ADJ _NOUN_ _PRT_,32109
会 _ADV_ _VERB_,32086
推动_VERB _NOUN_ _NOUN_,32086
_VERB_ 被_X _VERB_,32059
_VERB_ 被 _VERB_,32059
_VERB_ 这 一,32041
_VERB_ _ADV_ _PRT_,32020
应_VERB _VERB_ _NOUN_,32005
_START_ 这_PRON _ADV_,32000
因此 _._ _NOUN_,31986
因此_ADV _._ _NOUN_,31986
大力 _VERB_ _NOUN_,31976
大力_ADV _VERB_ _NOUN_,31976
"_PRT_ 要求_NOUN ,",31954
"_PRT_ 要求_NOUN ,_.",31954
_START_ 我们 _VERB_,31950
_START_ 我们_PRON _VERB_,31950
"的 ,_. _PRON_",31947
"的 , _PRON_",31947
是 _VERB_ _ADP_,31933
者 _PRT_ _NOUN_,31932
_VERB_ 了 中国_NOUN,31932
_VERB_ 了 中国,31932
_VERB_ 了_PRT 中国_NOUN,31932
_VERB_ 了_PRT 中国,31932
者_NOUN _PRT_ _NOUN_,31930
和 社会_NOUN _NOUN_,31925
和 社会 _NOUN_,31925
的_PRT 作用 _._,31916
的 作用 _._,31916
的_PRT 作用_NOUN _._,31916
的 作用_NOUN _._,31916
"的_PRT ,_. _PRON_",31903
"的_PRT , _PRON_",31903
_VERB_ 这_DET 一,31901
_VERB_ 这_DET 一_NUM,31897
_VERB_ 这 一_NUM,31897
_VERB_ _NOUN_ 之_PRT,31888
"地 _VERB_ ,_.",31860
"地 _VERB_ ,",31860
"_PRT_ 问题_NOUN ,_.",31854
"_PRT_ 问题 ,",31854
"_PRT_ 问题 ,_.",31854
"_PRT_ 问题_NOUN ,",31854
_VERB_ _NOUN_ 投资,31834
的_PRT 是_VERB _NOUN_,31827
的 是_VERB _NOUN_,31827
的 是 _NOUN_,31827
的_PRT 是 _NOUN_,31827
"_VERB_ _ADP_ """,31816
"_VERB_ _ADP_ ""_.",31816
_VERB_ _NUM_ 元,31782
_VERB_ _NUM_ 元_NUM,31782
主义_NOUN _NOUN_ _NOUN_,31779
主义 _NOUN_ _NOUN_,31779
级_NUM _NOUN_ 政府,31774
级_NUM _NOUN_ 政府_NOUN,31774
进行 _NOUN_ .,31765
进行 _NOUN_ ._.,31765
超过 _NUM_ _NUM_,31760
和_CONJ 社会 _NOUN_,31745
和_CONJ 社会_NOUN _NOUN_,31745
的_PRT _NOUN_ 有,31732
的 _NOUN_ 有,31732
或 _NOUN_ _PRT_,31724
或_CONJ _NOUN_ _PRT_,31706
的_PRT 关系 _._,31700
的 关系_NOUN _._,31700
的 关系 _._,31700
的_PRT 关系_NOUN _._,31700
是_VERB _VERB_ _ADP_,31672
_VERB_ _NOUN_ _DET_,31665
研究_NOUN _NOUN_ _PRT_,31658
进行_VERB _NOUN_ ._.,31648
进行_VERB _NOUN_ .,31648
_VERB_ _._ 也,31632
发展_VERB 的_PRT _NOUN_,31614
发展_VERB 的 _NOUN_,31614
"企业 _NOUN_ ,_.",31613
"企业_NOUN _NOUN_ ,",31613
"企业 _NOUN_ ,",31613
"企业_NOUN _NOUN_ ,_.",31613
可能 _VERB_ _VERB_,31603
_START_ _VERB_ 了_PRT,31591
_START_ _VERB_ 了,31591
"因此_ADV , _NOUN_",31587
"因此 , _NOUN_",31587
"因此_ADV ,_. _NOUN_",31587
"因此 ,_. _NOUN_",31587
这个 _NOUN_ _VERB_,31585
经营 _NOUN_ _VERB_,31563
在_ADP _VERB_ _VERB_,31549
将 _VERB_ _NOUN_,31544
大 _PRT_ _NOUN_,31517
的 _NOUN_ 有_VERB,31497
的_PRT _NOUN_ 有_VERB,31497
这个_DET _NOUN_ _VERB_,31496
生产 _NOUN_ _PRT_,31487
"的 要求 ,",31484
"的_PRT 要求 ,",31479
"的 要求 ,_.",31479
"的_PRT 要求 ,_.",31479
高 _NOUN_ _NOUN_,31478
_VERB_ 我们_PRON _VERB_,31476
_VERB_ 我们 _VERB_,31476
_VERB_ _._ 也_ADV,31459
我_PRON _VERB_ _NOUN_,31455
我 _VERB_ _NOUN_,31455
两_NUM _NUM_ _NOUN_,31450
两 _NUM_ _NOUN_,31450
和 _._ _NOUN_,31428
看 _VERB_ _._,31427
"的_PRT 要求_NOUN ,",31421
"的_PRT 要求_NOUN ,_.",31421
"的 要求_NOUN ,_.",31421
"的 要求_NOUN ,",31421
看_VERB _VERB_ _._,31417
"_PRT_ 是 ,",31414
"_PRT_ 是 ,_.",31414
"_PRT_ 是_VERB ,_.",31414
"_PRT_ 是_VERB ,",31414
其中 _._ _NOUN_,31358
在_ADP _VERB_ 的,31354
在_ADP _VERB_ 的_PRT,31354
其中_NOUN _._ _NOUN_,31344
"的 是 ,",31337
一个 _VERB_ _NOUN_,31335
"的 是_VERB ,",31324
"的 是_VERB ,_.",31324
"的 是 ,_.",31324
"的_PRT 是 ,_.",31324
"的_PRT 是_VERB ,",31324
"的_PRT 是 ,",31324
"的_PRT 是_VERB ,_.",31324
主要 _VERB_ _NOUN_,31247
主要_ADV _VERB_ _NOUN_,31241
将_ADV _VERB_ _NOUN_,31224
超过_VERB _NUM_ _NUM_,31116
化 _NOUN_ _._,31116
它 _PRT_ _NOUN_,31110
一 _NOUN_ _VERB_,31096
它_PRON _PRT_ _NOUN_,31092
_VERB_ 城市_NOUN _NOUN_,31079
_VERB_ 城市 _NOUN_,31079
工作 _._ _VERB_,31061
"_VERB_ , 他",31046
"_VERB_ ,_. 他",31046
"_VERB_ , 他_PRON",31046
"_VERB_ ,_. 他_PRON",31046
它 的 _NOUN_,31018
它 的_PRT _NOUN_,31018
它_PRON 的_PRT _NOUN_,31001
它_PRON 的 _NOUN_,31001
使 _NOUN_ _VERB_,30994
可_VERB _VERB_ _NOUN_,30989
上 _._ _NOUN_,30988
"_START_ "" """,30975
"地_PRT _VERB_ ,_.",30974
"地_PRT _VERB_ ,",30974
"_START_ ""_. """,30967
"_START_ ""_. ""_.",30967
"_START_ "" ""_.",30967
_PRT_ 对 _NOUN_,30964
_VERB_ _PRT_ 一个_NUM,30943
经济 社会 _NOUN_,30933
经济 社会_NOUN _NOUN_,30933
经济_NOUN 社会 _NOUN_,30931
经济_NOUN 社会_NOUN _NOUN_,30931
这样_PRON _PRT_ _NOUN_,30912
这样_PRON 的 _NOUN_,30896
这样_PRON 的_PRT _NOUN_,30896
区 _NOUN_ _NOUN_,30895
_START_ 同时_ADV _._,30894
使_VERB _NOUN_ _VERB_,30894
_START_ 同时 _._,30894
全国_ADJ 人大 常委,30874
全国_ADJ 人大_NOUN 常委_NOUN,30874
全国_ADJ 人大_NOUN 常委,30874
全国_ADJ 人大 常委_NOUN,30874
_VERB_ 一种 _VERB_,30866
的_PRT 工作 _NOUN_,30815
的 工作 _NOUN_,30815
_X_ _NOUN_ _PRT_,30811
的_PRT 工作_NOUN _NOUN_,30802
的 工作_NOUN _NOUN_,30802
"年 _PRT_ ,_.",30788
"年 _PRT_ ,",30788
_PRT_ 基础 _PRT_,30785
_PRT_ 基础_NOUN _PRT_,30784
第 _NUM_ 十,30766
第 _NUM_ 十_NUM,30766
第_NUM _NUM_ 十,30765
第_NUM _NUM_ 十_NUM,30765
"在 ""_. _NOUN_",30751
"在 "" _NOUN_",30751
发展 中 _NOUN_,30733
"在_ADP "" _NOUN_",30731
"在_ADP ""_. _NOUN_",30731
进一步 _VERB_ _NOUN_,30723
进一步_ADV _VERB_ _NOUN_,30719
进行 _PRT_ _NOUN_,30718
进行_VERB _PRT_ _NOUN_,30707
了 _PRON_ _PRT_,30672
