ngram,freq
十 七 条,96830
第 一 百,55237
十 八 条,53045
第 三 人,44224
是 一 种,43398
十 七 大,43019
级 人民 政府,42457
越 来 越,40250
全国 人大 常委,38630
另 一 方面,34233
年 12 月,32711
的 十 六,29932
的 十 七,29441
的 基础 上,29228
的 一 种,28890
十 二 条,28442
第 二 百,28087
十 三 条,27373
年 6 月,27189
十 四 条,26839
人大 常委 会,26728
十 六 届,26329
的 情况 下,25863
民事 诉讼 法,25782
年 4 月,25731
发展 中 国家,25633
年 7 月,25499
经济 社会 发展,25454
年 5 月,25333
可 持续 发展,24403
十 九 条,23949
带 来 的,23490
先进 性 教育,22938
级 以上 人民,22831
届 全国 人大,22700
第 十 四条,22643
第 十 一条,22545
三 十 一条,22352
第 十 二条,22119
第 十 六条,22109
二 十 四条,22039
二 十 三条,21758
有限 责任 公司,21547
第 十 三条,21528
的 各 种,21501
主义 民主 政治,21491
二 十 二条,21461
第 二 十条,21377
中国 特色 社会,21298
落实 科学 发展,21052
中华 人民 共和国,20958
特色 社会 主义,20948
"元 , 增长",20934
人民 代表 大会,20536
三 十 二条,20328
年 以下 有,20327
房 地产 业,19961
性 教育 活动,19881
之 间 的,19478
未 成年 人,19440
二 十 五条,19243
三 十 四条,19218
地方 人民 政府,19189
人民 法院 关于,19106
一 九 五,18918
以上 地方 人民,18911
三 十 三条,18845
行政 管理 体制,18837
各 级 人民,18755
第 一 款,18658
第 三 百,18434
其 常委 会,18304
的 过程 中,18251
十 届 全国,18154
经济 学 家,18042
一定 程度 上,17838
十 六 大,17616
人民 法院 应当,17576
比 上 年,17557
年 1 月,17442
地方 各 级,17375
"版 , 第",16971
更 好 地,16965
第 十 五条,16959
税 费 改革,16831
百 分 之,16811
中共 中央 政治,16419
常委 会 第,16371
农村 义务 教育,16330
经济 增长 的,16254
以上 人民 政府,16247
有 助 于,16170
相关 法律 文件,16169
三 十 六条,16016
月 1 日,15841
二 十 一条,15804
二 十 六条,15741
节能 减 排,15486
年 3 月,15478
年 10 月,15423
国际 金融 危机,15388
和 供应 业,15376
三 十 五条,15338
第 十 届,15262
市场 准 人,15258
民族 自治 地方,15141
产业 增加 值,14864
私营 企业 主,14817
在 一定 程度,14780
经济 的 发展,14710
最 重要 的,14699
财政 一般 预算,14659
基础 设施 建设,14536
违反 本 法,14489
期 徒刑 或者,14427
推进 社会 主义,14140
世纪 90 年代,14096
大会 常务 委员会,14093
贯彻 落实 科学,14028
的 第 一,14020
上 年 增加,14015
年 9 月,13982
规模 以上 工业,13962
第 三 十条,13924
条 第 一,13887
"的 , 应当",13820
信息 产业 部,13792
地方 财政 一般,13782
本 法 规定,13664
党 内 民主,13460
年 11 月,13458
农村 税 费,13457
党 风 廉政,13445
四 十 四条,13270
环境 保护 行政,13231
被 申请 人,13228
萨 达 姆,13224
金融 危机 的,13190
主义 市场 经济,13089
风 廉政 建设,13047
及 其 常委,13005
校 学生 数,13004
反 垄断 法,12997
余额 万 元,12961
十 一 届,12942
文件 中华 人民,12917
在 校 学生,12900
值 万 元,12866
生产 和 供应,12862
四 十 一条,12758
法律 文件 中华,12744
自主 知识 产权,12743
社会 主义 市场,12729
增加 值 万,12699
人员 数 人,12683
从业 人员 数,12650
七 大 报告,12535
学生 数 人,12485
社会 主义 法治,12423
本 条例 第,12362
诉讼 法 第,12274
实施 行政 处罚,12232
国家 和 地区,12217
人口 万 人,12205
违法 行为 的,12166
对话 框 中,12046
四 十 二条,12023
农村 合作 医疗,11938
四 十 三条,11932
重要 组成 部分,11916
保护 行政 主管,11867
第 一条 为了,11803
六 大 报告,11723
行政 许可 法,11683
突 发 公共,11661
个 数 个,11654
年 8 月,11618
行政 管理 局,11604
居民 收 人,11549
监督 管理 局,11486
市场 经济 的,11461
更 大 的,11396
的 重要 性,11385
四 次 会议,11376
在 内 的,11375
第 六 十,11360
为 基础 的,11339
不 予 受理,11317
第 九 十,11249
的 社会 主义,11221
比 上年 增长,11205
来 越 多,11193
农民 收 人,11165
收 人 分配,11131
带 来 了,11118
每 本 定价,11103
四 十 六条,11080
"亿元 , 增长",11055
竞争 力 的,11045
较 大 的,11036
管理 体制 改革,11032
第 二 产业,10992
国务院 有关 部门,10968
法 第 二,10938
第 四 十条,10922
主义 核心 价值,10907
第 一 次,10871
的 重要 组成,10852
万 亿 元,10851
"的 , 但",10834
和 社会 保障,10813
之 日 起,10770
什么 样 的,10736
相 结合 的,10725
重要 的 是,10675
市场 经济 体制,10648
生产 总 值,10647
科学 发展 观,10647
七 大 精神,10633
的 生产 和,10621
所 需要 的,10580
改革 开放 以来,10567
人民 法院 可以,10553
国家 中 医药,10548
区域 自治 法,10546
一 百 零,10544
年 2 月,10490
二 十 条,10475
第 二 十,10475
县 ( 市,10463
六 大 提出,10459
在 这 一,10456
第 二 次,10451
一般 预算 收入,10447
"的 , 是",10439
"法 "" 第",10412
共产党 员 先进,10370
罗 尔 斯,10365
当事人 之 间,10341
四 十 五条,10335
第 三 届,10328
"了 "" 关于",10265
村 委 会,10243
与 此 同时,10243
装备 制造 业,10237
巿 场 经济,10186
十 六 条,10185
居 委 会,10155
社会 主义 理论,10154
等 方面 的,10151
的 各 项,10146
非 农 产业,10139
国 领导 人,10113
有 一定 的,10105
民主 政治 建设,10103
固定 资产 投资,10099
大 程度 上,10091
十 五 条,10088
被告 人 的,10067
人民 法院 对,10066
可 操作 性,10059
中国 银行 业,10045
和 社会 发展,10038
的 一 项,9997
的 可能 性,9968
全国 人民 代表,9967
"元 , 比",9960
员 先进 性,9950
经济 法 的,9947
条 人民 法院,9928
中国 一 东盟,9922
保持 共产党 员,9909
中级 人民 法院,9905
为 总 书记,9898
五 次 会议,9884
"实践 "" 三",9874
"的 , 而",9871
好 又 快,9855
第 三 条,9793
的 人民 法院,9783
由 县 级,9776
月 30 日,9758
人民 政府 应当,9755
经济 责任 审计,9740
书记 的 党,9707
经济 发展 的,9697
期货 交易 所,9694
月 28 日,9689
内 资 企业,9686
级 人民 法院,9668
三 十 年,9664
的 十 五大,9661
月 10 日,9642
人民 群众 的,9634
刑事 诉讼 法,9595
胡锦涛 总 书记,9578
又 好 又,9574
监督 检 查,9537
为 代表 的,9536
万 元 以下,9525
社会 分 层,9508
很 大 程度,9486
人民 法院 在,9481
专利 权 人,9468
现 有 的,9460
发展 的 重要,9450
院 床位 数,9449
和 信息 化,9422
"同时 , 也",9418
以下 的 罚款,9417
美 两 国,9415
新型 农村 合作,9412
月 31 日,9369
工业 增加 值,9343
各 项 贷款,9338
服务 业 发展,9300
"年 , 中国",9297
法 第 十,9271
社区 卫生 服务,9268
了 一 种,9265
新 农村 建设,9246
行政 诉讼 法,9245
机关 及 其,9243
了 一 系列,9239
人民 共和国 民事,9215
行为 之 一,9188
一 届 全国,9176
报 业 集团,9163
这 两 个,9155
下列 行为 之,9154
发 展 的,9152
农民 专业 合作,9148
所 产生 的,9143
法 第 一,9121
的 经济 发展,9102
人民 共和国 行政,9094
党 和 国家,9094
生活 保障 制度,9081
自 收 到,9073
自主 创新 能力,8974
届 人大 常委,8946
两 个 方面,8945
中共 中央 关于,8937
企业 社会 责任,8929
第 九 条,8927
各 级 政府,8907
本 办法 第,8893
大学 出版 社,8885
自然 科学 基金,8868
单 边 主义,8858
第 一 产业,8857
新 中国 成立,8851
人民 出版 社,8829
可以 看 出,8827
人民 共和国 民法,8811
党 内 监督,8804
先进 性 建设,8800
月 5 日,8792
银行 业 金融,8789
"中 , 有",8773
登记 注册 类型,8752
平稳 较 快,8732
工业 总 产值,8725
国际 奥 委,8689
工作 日 内,8672
"法 "" 的",8648
月 18 日,8637
人民 法院 的,8633
的 经济 增长,8622
不 确定 性,8616
"页 , 北京",8614
长 效 机制,8612
十 年 来,8606
社会 主义 核心,8602
法 第 三,8600
制度 经济 学,8600
奥 委 会,8596
突 发 事件,8574
国土 资源 部,8538
温 家宝 总理,8485
了 新 的,8479
第 二 届,8478
持续 发展 的,8471
各 级 党,8471
人大 及 其,8470
一 级 人民,8452
人民 法院 提起,8438
"部 , 国家",8423
出版 总 署,8421
业 金融 机构,8408
发展 改革 委,8397
第 一 审,8390
第 五 次,8386
行政 处罚 权,8362
的 积极 性,8361
年 义务 教育,8333
"人 , 被告",8326
五 十 三条,8313
重要 的 作用,8303
区域 经济 一体,8297
五 十 二条,8281
一 百 三,8260
发展 过程 中,8246
较 高 的,8239
经济 发展 方式,8233
小学 在 校,8230
主义 经济 学,8182
下列 情形 之,8178
石化 集团 公司,8166
了 自己 的,8161
第 五 届,8155
社会 主义 事业,8153
六 大 以来,8150
更 多 的,8144
统计 年鉴 一,8134
级 以上 地方,8123
集团 有限 公司,8116
共和国 民法 通则,8103
体制 改革 的,8090
储蓄 存款 余额,8081
着 社会 主义,8075
经济 全球 化,8064
非常 重要 的,8063
者 之 间,8061
新 形势 下,8060
上 年 增长,8059
发 公共 事件,8054
银行 业 监督,8048
有 很 大,8047
月 22 日,8040
之间 的 关系,8029
的 这 种,8018
一般 预算 支出,8002
核心 竞争 力,8002
申请 行政 复议,7967
收 人 水平,7967
义务 教育 阶段,7958
为 核心 的,7955
社区 居 委,7952
业 监督 管理,7932
月 9 日,7926
收 人 和,7925
第 一 个,7902
中小 企业 发展,7902
共和国 民事 诉讼,7900
利益 相关 者,7894
月 14 日,7890
月 17 日,7886
月 29 日,7885
机关 交通 管理,7873
公安 机关 交通,7871
人口 计 生,7868
全国 人大 代表,7860
这 是 一个,7859
市 人民 政府,7850
社会 主义 精神,7848
单位 : 中国,7843
过程 中 的,7839
坚定 不 移,7836
第 十 八,7835
其中 : 乡村,7822
有关 部门 要,7819
由 人民 法院,7815
项 贷款 余额,7812
"法律 , 法规",7812
月 23 日,7811
与 计划 生育,7809
"亿元 , 比",7809
世纪 70 年代,7806
各 种 社会,7798
的 一个 重要,7795
和 发展 的,7784
十 一 五,7784
十 五大 报告,7783
法定 代理 人,7765
五 十 四条,7764
在 中国 的,7762
第 五 十,7756
第 一条 为,7750
被 执行 人,7747
中 西部 地区,7739
县 级 以上,7727
市 人大 常委,7723
知识 产权 制度,7719
第 四 届,7718
第 一 届,7718
又 快 发展,7713
实践 科学 发展,7709
第 八 条,7701
人民 法院 受理,7700
国有 大 中型,7699
"因此 , 在",7698
规范 性 文件,7686
强制 性 标准,7674
二 产业 增加,7664
五 十 一条,7656
月 3 日,7646
年末 总 人口,7643
一 产业 增加,7629
社会 主义 法制,7627
人大 代表 的,7623
社会 主义 经济,7616
月 6 日,7614
三 十 条,7608
改革 开放 30,7607
经 办 机构,7597
外商 投资 企业,7588
城乡 二 元,7584
"的 , 可以",7573
十 四 大,7570
国家 知识 产权,7570
行政 区域 土地,7566
两岸 关系 和平,7562
的 合法 权益,7560
压延 加 工业,7557
和 计划 生育,7541
会 第 十,7540
不仅 仅 是,7539
进 一 步,7534
中国 气象 局,7527
主义 精神 文明,7512
月 2 日,7507
保护 知识 产权,7491
月 7 日,7479
中 医药 管理局,7462
工业 和 信息,7453
主义 政治 文明,7444
"自治区 , 直辖市",7439
月 24 日,7428
关系 和平 发展,7426
本 规定 第,7419
经济 平稳 较,7416
义务 教育 经费,7415
的 刑事 责任,7412
牧 渔 业,7406
应 有 的,7403
行政 处罚 法,7403
人民 共和国 刑法,7392
思想 政治 教育,7392
月 13 日,7391
月 11 日,7378
"的 , 但是",7375
人民 政府 土地,7371
较 快 发展,7362
很 好 的,7344
范围 内 的,7330
收 人 增长,7319
第 四 十八,7311
市 中级 人民,7300
一个 人 的,7284
机械 总 动力,7267
人民 政府 及,7267
这 是 一,7260
为 中心 的,7249
的 角度 来,7249
国 务 院,7244
数字 图书 馆,7228
亿 元 的,7222
了 很 大,7208
阿拉 法 特,7208
有 组织 犯罪,7205
被 上诉 人,7199
刑事 责任 的,7181
科学 发展 的,7173
党 的 建设,7171
十 四 届,7167
设备 制造 业,7154
收 人 的,7151
企业 事业 单位,7150
产量 ( 吨,7147
意义 上 的,7135
人民 政府 卫生,7134
了 一定 的,7130
资产 负债 表,7130
第 二条 本,7119
为 主 的,7098
机构 各 项,7089
种 所有制 经济,7081
六 大 和,7079
以上 工业 企业,7077
日 ) 最高,7077
电子 出版 物,7075
人民 陪审 员,7071
第 七 十,7034
"徒刑 , 并",7029
年 以上 有,7025
文化 体制 改革,7023
越 多 的,7023
六 届 五,7023
的 实际 情况,7019
诉讼 代理 人,7006
人民 法院 管辖,7002
所 说 的,6989
区域 土地 面积,6989
以下 几 个,6987
然后 单 击,6985
上 年 同期,6982
的 巿 场,6978
五 十 五条,6977
"说 , 在",6969
国务院 银行 业,6969
就业 再 就业,6964
知识 产权 法,6961
法院 关于 审理,6961
农村 社会 保障,6960
几 个 方面,6943
以上 有 期,6939
国家 自然 科学,6937
政府 卫生 行政,6935
应当 自 收,6917
在 很 大,6905
十 七 届,6901
社会 的 发展,6894
总 书记 的,6893
处罚 权 的,6886
中国 人民 大学,6883
委 会 选举,6877
受 让 人,6875
的 前提 下,6858
第 六 次,6851
其中 : 农林,6840
普通 中学 在,6839
中小 企业 信用,6828
在 不同 的,6827
两 国 领导,6808
第 三 十,6805
坚持 社会 主义,6796
人口 和 计划,6792
人民 法院 审理,6791
投资 体制 改革,6785
十 一 以来,6783
六 大 精神,6773
第 三 产业,6773
大陆 法 系,6772
及 压延 加,6765
医疗 事故 技术,6763
个 方面 的,6763
"医院 , 卫生",6760
全面 建设 小康,6759
哈 马 斯,6747
单位 从业 人员,6743
社会 保障 制度,6734
高 人民 法院,6734
违反 本 条例,6733
建设 小康 社会,6732
被 审计 单位,6730
有 管辖 权,6725
所 面临 的,6722
分 之 二,6708
全国 人大 及,6703
信息 化 部,6682
有限 公司 上海,6680
第 七 届,6679
全 年 共,6678
第 五 十条,6677
信息 化 建设,6676
经济 第 一,6669
机构 投资 者,6666
绝 大 多数,6664
房 地产 市场,6653
产业 的 发展,6652
一 款 规定,6651
"但是 , 在",6646
徒刑 或者 拘役,6644
总 户 数,6639
第 九 届,6638
的 可 持续,6635
义务 教育 法,6635
共和国 公司 法,6633
学习 实践 科学,6633
年末 金融 机构,6626
"元 , 同比",6622
产品 和 服务,6620
不 移 地,6619
以上 工业 总,6616
民事 责任 的,6607
的 第 二,6605
五 十 六条,6602
"经济 , 社会",6599
五 届 全国,6592
了 良好 的,6586
类 总 产量,6571
的 侵权 行为,6561
中小 企 业,6553
"说 , 这",6552
办法 第 十,6543
公司 登记 机关,6539
总理 温 家宝,6534
面积 平方 公里,6530
最高 人民 法院,6530
加强 社会 主义,6530
最 好 的,6529
第 二 审,6523
存款 余额 万,6518
具有 一定 的,6514
申请 人民 法院,6513
多 党 合作,6513
九 年 义务,6512
的 货币 政策,6510
人民 政府 批准,6508
建立 和 完善,6505
不断 加 大,6500
第 六 届,6492
纳 斯 达,6485
低 收 人,6484
的 收 人,6467
种 全 新,6461
道路 交通 安全,6458
月 二 十,6452
三峡 库 区,6447
在 2008 年,6445
六 十 一条,6444
的 重 要,6443
中国 人民 解放军,6437
进一步 做 好,6434
居民 储蓄 存款,6431
管理 总 局,6424
行政 事业 单位,6422
股份 有限 公司,6421
社会 消费品 零售,6418
主要 表现 在,6418
战略 投资 者,6416
民事 诉讼 的,6413
中学 在 校,6411
把 自己 的,6409
极 大 的,6408
贷款 余额 万,6407
起 到 了,6406
精神 文明 建设,6404
党 政 领导,6399
年末 单位 从业,6392
第 八 届,6391
农林 牧 渔,6390
企业 个 数,6385
对 企业 的,6382
土地 面积 平方,6382
数 ( 人,6379
社会 主义 伟大,6377
行为 构成 犯罪,6374
是 一 项,6371
按 登记 注册,6369
完善 社会 主义,6367
"的 , 因为",6366
专利 行政 部门,6358
中 医药 管理,6358
村民 委员会 个,6349
监督 管理 部门,6348
的 第 三代,6346
世纪 80 年代,6344
十 三 届,6333
农业 机械 总,6333
跨国 公司 在,6332
工商 行政 管理,6331
日 中共 中央,6328
有限 公司 董事,6328
常务 委员会 关于,6326
年末 总 户,6319
斯 达 克,6317
社会 发展 的,6315
乡村 人口 万,6314
支出 万 元,6308
诉讼 法 的,6299
管理 办法 第,6296
深 人 开展,6295
金融 机构 各,6294
收入 万 元,6290
很 重要 的,6290
做 出 了,6289
本 刊 记者,6289
离 退休 人员,6288
有 一 种,6282
黑 格 尔,6279
"亿元 , 同比",6274
各 级 人大,6274
"市 , 区",6273
提出 的 事实,6272
农村 信用 社,6271
对 自己 的,6269
我国 高等 教育,6268
更 重要 的,6258
同志 为 总,6251
委员会 第 二,6248
可 再生 能源,6248
令 ( 第,6246
乡村 从业 人员,6239
六 届 六,6229
一 款 第,6228
渔 业 人,6221
的 社会 保障,6217
粮食 总 产量,6211
因素 的 影响,6208
消费品 零售 总额,6206
工作 中 的,6205
"的 , 所以",6203
第 三 部门,6203
专利 权 的,6198
人力 资源 管理,6191
综合 经济 第,6189
民法 通则 第,6185
"代表 "" 要求",6178
中 的 重要,6168
知识 产权 战略,6165
产值 ( 现价,6160
少数 民族 地区,6146
是 指 企业,6140
"比 , 我国",6135
事故 技术 鉴定,6133
贝 马 斯,6126
违法 行为 构成,6124
月 15 日,6109
的 影 响,6104
财务 收 支,6100
具有 行政 处罚,6099
的 两 个,6094
"委 , 省",6093
国有 独资 公司,6093
经济 条件 下,6084
国家 质 检,6079
第 二 个,6078
被 征地 农民,6076
义务 教育 的,6075
三 个 方面,6070
全球 化 的,6069
"时 , 他",6068
显 着 的,6064
外汇 管理 局,6060
一 九 六,6057
出版 社 2004,6054
镇 ) 个,6052
进 一 歩,6048
直辖市 人民 政府,6045
同 级 人民,6041
制品 业 Manufacture,6037
金融 机构 的,6036
的 一 系列,6031
人民 政 府,6027
工业 企业 个,6016
经济 体制 改革,6014
发展 的 需要,6009
额 万 元,6005
乡村 户 数,6001
社会 工作 者,6001
国务院 专利 行政,5997
处 三 年,5993
通知 申请 人,5993
申请 人 应当,5993
主要 体现 在,5991
国务院 总理 温,5990
"日 , 中国",5989
行政 管理 总,5984
更 好 的,5984
"中 , 我们",5981
协调 可 持续,5980
更 高 的,5965
二 元 结构,5964
冶炼 及 压延,5959
四条 行政 处罚,5948
中 专 文化,5948
另 一 种,5947
了 他 的,5941
规定 第 十,5941
法律 另 有,5941
事业 单位 的,5932
条 违反 本,5932
列表 框 中,5931
总 人口 万,5928
企业 的 发展,5927
中共 十 六,5925
的 跨国 公司,5918
四 十 条,5914
县 级 人民,5912
在 他 的,5908
委托 代理 人,5908
开放 20 多年,5908
企 事业 单位,5902
处罚 决定 的,5898
发达 国家 的,5897
高 技术 产业,5896
这 一 问题,5893
法律 援助 工作,5890
世纪 新 阶段,5887
常委 会 会议,5885
农村 中 小学,5885
五 次 人口,5885
对 违法 行为,5881
常 委 会,5879
注册 类型 分,5877
省 级 人民,5866
的 竞争 力,5866
个 文明 建设,5863
犯罪 嫌疑 人,5863
专利 法 第,5862
共处 五 项,5850
向 人民 法院,5845
复 选 框,5845
人民 政府 建设,5843
经济 学 的,5843
委员会 个 数,5842
消费 者 的,5834
中 美 两,5834
七 条 第,5830
"的 , 在",5828
中 出现 的,5808
所 具有 的,5806
收养 性 单位,5796
两 种 资源,5791
市 ) 社会,5790
院 校 的,5789
北京 大学 出版,5788
"依照 "" 中华",5781
人民 法院 不,5779
年 下 半年,5771
可 持续 性,5769
二 次 现代化,5763
公共 服务 的,5763
文本 框 中,5762
交流 与 合作,5762
社会 保障 体系,5754
加 大 对,5753
级 人大 常委,5748
法 第 五,5747
长 三角 地区,5746
以下 有 期,5742
开放 30 年,5738
刑法 第 一,5737
而 产生 的,5734
二 十 三,5731
农民 工 的,5730
"的 , 这",5729
国务院 办公 厅,5728
向 非 农,5724
这 一 时期,5723
水 的 生产,5722
地方 性 法规,5719
经济 发展 水平,5712
中 医药 工作,5710
和平 共处 五,5708
基本 公共 服务,5703
社会 主义 文化,5699
哈 贝 马,5699
亿 美元 的,5699
新 制度 经济,5698
至 关 重要,5695
乡镇 卫生 院,5687
卫生 院 床位,5686
各 项 工作,5682
侵权 行为 的,5680
全面 协调 可,5680
社会 福利 收养,5676
"五 "" 规划",5675
社会 经济 主要,5662
福利 收养 性,5660
人民 法院 院,5656
进一步 加 大,5650
的 民事 责任,5648
人民 政府 要,5647
得 不 到,5638
月 20 日,5636
物业 管理 企业,5634
被 请求 方,5633
六 十 三条,5632
完成 额 万,5631
在 知识 产权,5630
主 营 业务,5628
本 法 第,5628
资金 投 人,5625
中国 社会 主义,5616
处 3 年,5615
这 是 因为,5614
塔 利 班,5607
知识 分子 的,5602
城镇 固定 资产,5601
一 届 三,5600
民用 爆炸 物品,5598
"区 , 市",5594
十 一 条,5575
廉政 建设 和,5573
刑事 诉讼 中,5558
经济 体制 的,5537
中国 证监 会,5535
在 岗 职工,5529
经济 主要 指标,5527
常务 委员会 第,5524
国际 竞争 力,5523
大 规模 杀伤,5523
土地 承包 经营,5523
传染 病 防治,5521
一个 新 的,5521
外 经贸 主管,5512
生产 监督 管理,5512
所 带 来,5511
的 十 一,5511
中小 企业 的,5506
指 标 Item,5505
城乡 居民 储蓄,5503
非典 型 肺炎,5498
农林 牧 渔业,5483
银行 行 长,5481
各 有关 部门,5471
财政 收 人,5469
规模 杀伤 性,5468
学习 实践 活动,5465
小 额 贷款,5458
知识 产权 局,5457
"的 , 其",5456
"中央 , 国务院",5454
检察 官 的,5454
巿 场 的,5450
高等 教育 发展,5450
国际 恐怖 主义,5444
业 的 发展,5443
文化 遗产 保护,5442
"了 , 我",5440
的 重要 因素,5433
发 公共 卫生,5431
元 以下 罚金,5428
计划 生育 技术,5426
美 之 间,5426
基本 医疗 保险,5425
和 环境 保护,5423
二 十 六,5421
这 部 法律,5420
医药 管理 局,5415
农村 劳动力 转移,5413
年鉴 一 1996,5411
的 复杂 性,5410
党 和 政府,5405
变 成 了,5404
处 五 年,5400
六 十 二条,5392
六 十 四条,5385
第 四 次,5384
动 车 驾驶,5381
基层 人民 法院,5380
图书 馆 的,5380
自治区 人民 政府,5379
出 行政 处罚,5374
对 人 的,5371
中 国家 成员,5370
最大 限度 地,5362
毕业 生 就业,5361
中国 红 十字,5361
国务院 药品 监督,5360
外汇 储备 的,5358
项 目 Item,5355
人民 共和国 公司,5354
建设 社会 主义,5353
种 社会 福利,5353
资产 投资 完成,5352
进行 社会 主义,5345
人民 政府 和,5342
非 公有制 经济,5341
的 条件 下,5335
社会 危害 性,5335
生态 环境 保护,5327
共和国 行政 处罚,5327
常委 会 工作,5325
安全 生产 许可,5323
年 均 增长,5316
"时 , 我",5316
的 方式 来,5312
"教育 , 卫生",5305
在 此 基础,5298
项 社会 事业,5292
原 有 的,5290
收 人 差距,5288
单位 : 万元,5285
一 东盟 自由,5271
组织 开展 了,5271
的 研究 成果,5269
"时 , 就",5264
房 地产 管理,5261
对 经济 增长,5260
存在 的 问题,5259
七 条 规定,5259
发展 的 新,5259
五 十 七,5258
八 条 行政,5253
第 四 百,5250
及 有关 部门,5250
党 组织 和,5249
性 服务 业,5246
本地 电话 年末,5245
"经济 , 文化",5235
投资 完成 额,5235
纯 收 人,5232
美国 对 华,5227
一 种 观点,5224
这个 意义 上,5223
自由 贸易 区,5222
日 第 十,5213
对 房 地产,5210
少数 民族 和,5209
的 全面 发展,5209
中央 政治 局,5206
及 国有 控股,5201
的 人民 政府,5200
的 快速 发展,5197
一 百 九,5197
的 合理 性,5196
车 驾驶 证,5192
"的 , 我",5191
建立 社会 主义,5190
人民 法院 应,5189
"电力 , 热力",5187
中 单 击,5184
第 七 次,5183
的 重要 作用,5183
年 第 1,5181
诉讼 时效 期间,5176
此 基础 上,5173
企业 技术 创新,5170
电话 年末 用户,5165
个 月 的,5163
吊销 许可 证,5158
依照 刑法 第,5157
对 中小 企业,5153
战略 性 调整,5152
"中 , 他",5145
除 此 之,5144
离 不 开,5144
政府 土地 行政,5143
卫生 体制 改革,5142
大 规模 的,5142
很 强 的,5140
可以 说 是,5135
人均 纯 收入,5133
"外 , 还",5133
农 牧 民,5128
告知 申请 人,5121
国 资 委,5119
月 25 日,5115
之 外 的,5114
县 人大 常委,5111
社会 主义 本质,5110
人民 政府 组织,5107
的 事业 单位,5105
近 几 年,5104
民主 政治 的,5103
水 污染 防治,5095
好 各 项,5094
九 条 规定,5094
政府 绩效 评估,5093
土地 管理 局,5087
项 重要 任务,5086
总 书记 在,5085
级 工商 行政,5083
赔偿 义务 机关,5081
面 向 市场,5081
框 中 选择,5079
专业 合作 组织,5078
正当 竞争 法,5073
国家 环境 保护,5072
世纪 60 年代,5067
特别 是 在,5065
和 服务 的,5060
较 强 的,5058
发展 循环 经济,5052
国家 发展 改革,5050
的 某 些,5049
合作 医疗 的,5046
法院 院 长,5044
数 ( 个,5040
或者 不 予,5035
二 百 一,5032
"的 , 也",5027
中国 特色 社会主义,5025
六 十 六条,5023
图 分类 号,5019
是 指 在,5017
条 公安 机关,5016
沃 尔 玛,5009
月 8 日,5007
的 组成 部分,5003
"吨 , 增长",5001
条 县 级,4998
前 款 所,4997
第 六 十条,4997
按时 足 额,4997
看 到 了,4992
从 根本 上,4991
的 政策 措施,4990
股份 合作 企业,4987
各 类 企业,4985
社会 主义 现代化,4983
少数 民族 聚居,4981
当事人 有 权,4978
依法 具有 行政,4976
号 公布 自,4975
土地 使用 权,4973
技术性 贸易 壁垒,4971
各 项 改革,4970
人 之 间,4970
增长 率 为,4969
第 1 期,4969
上级 人民 法院,4967
人民 法院 强制,4966
所 需 的,4966
国有 及 国有,4964
核心 价值 体系,4962
高级 人民 法院,4961
建设 和 反,4958
行政 区域 内,4957
两 国 经贸,4951
社会 主义 和,4948
紧 紧 围绕,4946
和谐 社会 中,4945
国有 产权 转让,4944
物 权 的,4940
打击 恐怖 主义,4936
农村 社会 养老,4936
中 医药 事业,4928
和 民族 地区,4926
中 图 分类,4926
政府 规 制,4925
种 新 的,4921
的 认 知,4920
国家 林业 局,4920
本条 第 一,4920
的 投 人,4919
这种 情况 下,4917
司法 鉴定 机构,4912
收 到 申请,4911
政治 局 委员,4911
知识 产权 的,4908
会 上 的,4907
和谐 社会 的,4905
一 种 新,4904
城乡 一体 化,4899
国际 事务 中,4898
十 四条 第,4898
百 三 十,4897
委员会 第 十,4889
很 大 的,4887
中共 十 一,4883
之 间 存在,4881
自 己 的,4878
甘 宁 边区,4876
民事 诉讼 中,4876
行政 法 的,4873
被 称 为,4871
高校 图书 馆,4870
乡 ( 镇,4869
有 两 个,4869
矿物 制品 业,4863
老 工业 基地,4860
"日 , 市",4858
竟 争 力,4856
上 年 提高,4855
条 各 级,4854
电影 制 片,4852
是 世界 上,4851
少数 民族 干部,4848
市场 上 的,4848
保险 经 办,4845
所 提供 的,4844
"法律 , 行政",4844
全 党 全国,4841
重要 的 意义,4840
高校 毕业 生,4840
的 战略 性,4840
全国 各 族,4838
"的 , 它",4829
分 之 一,4828
世贸 组织 后,4828
企业 的 经营,4828
一 是 要,4827
和 可 持续,4826
社会 主义 物质,4824
要求 各 级,4822
民航 总 局,4820
新 一 轮,4819
最低 生活 保障,4814
共产党 第 十,4814
加强 和 改进,4812
所 形成 的,4808
十 二条 规定,4803
行政 许可 决定,4803
物质 文化 遗产,4802
经济 发展 和,4798
主义 市 场,4796
依照 本 法,4794
"解释 "" 第",4792
房 地 产,4789
一 方面 是,4787
内 设 机构,4786
一 款 的,4785
检 总 局,4776
审 人民 法院,4775
的 长 效,4775
"省 , 市",4774
行政 许可 的,4772
月 26 日,4771
非 物质 文化,4766
国内 生产 总,4765
在 市场 经济,4763
社 科 院,4760
应对 国际 金融,4759
日 中华 人民,4758
人大 主席团 成员,4758
二 十 一,4756
技术 的 发展,4755
有 针对 性,4754
北京 ) 中国,4754
质 检 总,4752
合作 经济 组织,4751
十 二 届,4751
企业 发展 的,4746
指 的 是,4741
十 五 届,4735
过 程 中,4730
伊 拉 克,4729
附带 民事 诉讼,4729
的 复 函,4728
月 12 日,4728
住宿 和 餐饮,4727
级 财政 部门,4727
社会 主义 市,4723
中国 人民 银行,4720
投资 自由 化,4719
环境 保护 的,4717
现实 生活 中,4715
政府 环境 保护,4715
世纪 50 年代,4715
社会 学 研究,4712
统计 指标 解释,4712
的 每 一个,4707
机械 及 器材,4707
占 全 省,4705
了 较 好,4705
事业 的 发展,4705
月 16 日,4704
的 目的 是,4699
在 20 世纪,4698
当代 文学 研究,4696
人民 共和国 合同,4691
人民 政府 环境,4691
数额 较 大,4689
日报 报 业,4689
中 美 之,4686
以 人 为本,4685
的 这 一,4682
法院 不 予,4677
奥 组 委,4676
十 四条 规定,4673
是 社会 主义,4672
劳动 关系 的,4671
两 国 人民,4670
一 系列 的,4670
"后 , 他",4667
继续 做 好,4666
维护 社会 主义,4663
新 军事 变革,4663
一 系列 重大,4660
农产品 质量 安全,4659
及 其 工作,4656
人 与 自然,4656
社会 主义 法律,4655
"的 "" 中国",4653
之 一 的,4653
教育 行政 部门,4648
月 4 日,4648
人民 法院 执行,4647
中国 共产党 的,4647
全球 金融 危机,4646
社会 责任 的,4646
新闻 发言 人,4641
发展 提供 了,4640
生活 中 的,4640
法制 宣传 教育,4639
民族 和 民族,4639
图书 馆 学,4637
可以 看 到,4635
中 的 一,4635
常委 会 组成,4632
塑料 制品 业,4630
影响 力 的,4629
主要 集中 在,4628
"二 , 综合",4628
研讨 会 在,4627
农村 最低 生活,4624
隐 性 知识,4623
的 社会 责任,4623
关于 做 好,4620
省 各 级,4617
十 一条 第,4614
只 能 是,4612
"以来 , 我国",4612
省 级 财政,4609
对 华 投资,4609
了 这 一,4608
社会 主义 民主,4604
法 第 六,4603
国民 收 人,4602
级 公安 机关,4602
环境 保护 总,4597
种 形式 的,4597
执法 责任 制,4592
也 不 会,4591
电气 机械 及,4590
非 营利 组织,4590
共和国 合同 法,4588
第 四 十,4587
质 检 总局,4587
化学 原料 及,4587
次 全体 会议,4586
本 法 的,4586
干部 教育 培训,4585
对 各 级,4582
第 一 批,4582
棉花 产量 油料,4579
经济 社会 又,4576
级 地方 政府,4576
国防 科技 工业,4575
月 27 日,4573
在 2009 年,4569
意见 和 建议,4566
合作 医疗 制度,4566
利害 关系 方,4565
了 重要 的,4565
八 条 第,4564
经济 体 的,4564
公共 卫生 服务,4563
反 倾销 法,4563
八 条 的,4560
管理 层 收购,4560
在 某 种,4560
较 好 的,4559
"日 , 在",4558
中国 社会 科学院,4557
参与 经济 全球,4556
被 认为 是,4552
国家 有关 部门,4552
赔偿 请求 人,4550
适用 本 法,4547
十 三条 规定,4545
月 21 日,4544
二 款 的,4542
人民 法院 裁定,4540
的 若干 意见,4537
十 三 大,4536
重 要 的,4532
其 法定 代理,4532
被 代理 人,4531
阶段 性 成果,4529
常委 会 委员,4529
移送 司法 机关,4527
对 未 成年,4527
五 十 九,4525
"经济 , 政治",4524
基本 养老 保险,4523
座谈 会 上,4521
这样 一 种,4519
"年 , 美国",4518
企 业 的,4513
事业 发展 的,4513
国家 海洋 局,4510
十 二条 第,4509
农村 公共 产品,4508
劳动 密集 型,4503
居民 基本 医疗,4503
"年 , 我国",4502
外向 型 经济,4500
侵权 行为 法,4499
标准化 行政 主管,4498
等 多 种,4496
十 七 年,4496
进 城 就业,4495
的 第 三,4495
"同时 , 在",4494
条 申请 人,4494
社会 保险 费,4494
发展 观 活动,4493
居民 身份 证,4492
做 出 行政,4489
在 这种 情况,4488
对 华 政策,4485
共和国 行政 诉讼,4485
几 十 年,4484
各 民主 党派,4483
这 两 种,4476
国民 经济 中,4472
社会 主义 政治,4472
生存 和 发展,4471
民法 典 的,4470
马 克 思,4469
农业 转 基因,4468
"框 , 如",4468
法律 援助 机构,4466
的 知识 分子,4466
在 这样 的,4466
做 大 做,4466
符合 本 法,4464
在 刑事 诉讼,4463
自然 保护 区,4459
图书 馆 员,4456
五 次 全国,4450
和 软件 业,4449
金融 全球 化,4448
规定 第 二,4447
非 典 型,4447
"等 , 都",4446
环境 保护 工作,4444
了 重要 作用,4442
各 级 各,4441
遇 到 的,4441
十 七 次,4441
数 ( 所,4439
上 年 下降,4438
二 十 八,4437
三 个 代,4435
的 阶段 性,4435
二 十 七,4434
原料 及 化学,4433
经 人民 法院,4433
纸 制品 业,4432
周 作 人,4432
政 领导 干部,4430
我国 银行 业,4427
总 计 Total,4424
市场 经济 条件,4422
五 届 五,4421
九 届 全国,4420
九 条 的,4420
行政 机关 实施,4417
房 地产 投资,4415
是 一致 的,4415
人均 收 人,4412
"政治 , 经济",4412
期 撰文 指出,4411
各 族 人民,4410
卫生 服务 体系,4409
知识 产权 工作,4408
影响 报告 书,4406
数字 档案 馆,4405
企业 下岗 职工,4404
社会 主义 改造,4403
国务院 环境 保护,4402
之 类 的,4402
企业 国有 产权,4401
具有 较 强,4400
中共 中央 总,4400
知识 产权 法律,4400
一 项 基本,4399
九 届 人大,4399
经济 发 展,4399
某 种 程度,4398
处罚 法 第,4397
人 大 常委,4397
非 公有 资本,4396
框 中 输入,4396
一 种 是,4395
人口 与 计划,4392
常委 会 审议,4391
二 十 九,4390
地方 政府 的,4389
下级 人民 法院,4388
里 德 曼,4387
了 很 好,4382
政协 工作 的,4382
大 做 强,4381
主要 统计 指标,4376
发挥 了 重要,4375
行政 机关 申请,4372
或者 盖 章,4371
人 世界 贸易,4370
近 两 年,4369
处罚 的 规定,4362
人民 政府 关于,4362
来 越 大,4359
年 第 2,4359
强 有力 的,4358
地区 生产 总,4358
国有 企业 的,4358
的 农民 工,4358
医疗 保障 制度,4358
人口 ( 人,4353
国际 标准 刊号,4352
的 流动 性,4352
中 日 韩,4348
"农业 , 工业",4347
较 上 年,4347
北京 市 的,4346
"的 "" 关于",4339
和 国家 的,4339
视 为 一,4338
中央 人民 政府,4337
这 方面 的,4336
一 项 重要,4334
社会 学 的,4332
及 化学 制品,4332
条件 下 的,4332
十 四条 的,4330
西部 民族 地区,4330
六 次 会议,4329
保护 总 局,4328
企业 自主 创新,4328
的 原因 是,4327
热力 的 生产,4326
科学 技术 的,4326
行政 主管 部门,4325
"的 , 即",4324
"年 , 全国",4323
的 不 确定,4323
社会 主义 新,4320
许可 证 管理,4319
一 条 第,4319
国有 企业 下岗,4318
国家 外汇 管理,4313
农村 综合 改革,4310
月 19 日,4310
较 快 增长,4308
问题 上 的,4305
八 次 会议,4304
及 水 的,4302
费 改革 试点,4302
十 二 次,4300
社会 主义 建设,4300
进 出口 总额,4297
"吨 , 比",4295
利益 遭受 重大,4293
第 2 期,4293
有关 部门 在,4293
成年 人 犯罪,4291
三联 生活 周刊,4290
条 人民 检察院,4290
产量 油料 产量,4289
社会 主义 民族,4288
的 知识 产权,4288
水 行政 主管,4286
条 行政 处罚,4282
对 其 直接,4280
证券 交易 所,4280
地区 生产 总值,4279
新 自由 主义,4277
国 特色 社会,4277
经济 适用 住房,4276
准 据 法,4276
年 全 省,4274
方面 的 问题,4273
商业 银行 的,4272
条 的 规定,4270
大学 社会 学,4270
为 主体 的,4266
应对 气候 变化,4265
主要 是 指,4265
会同 国务院 有关,4264
届 五 中,4264
并 处罚 金,4264
企业 党 组织,4260
城镇 居民 基本,4260
国内 生产 总值,4259
服务 型 政府,4258
产品 或 服务,4258
农业 产业 化,4253
单 击 按钮,4252
一体 化 的,4252
二 百 三,4250
作 了 规定,4247
六 十 五条,4244
科学 研究 所,4242
收 到 通知,4239
第 七 条,4238
行政 主管 部,4238
为 中小 企业,4238
的 必要 性,4238
有关 部门 应当,4235
"年 , 他",4234
等 一 系列,4233
依法 治 税,4233
出口 许可 证,4232
第 九 次,4228
一 轮 经济,4227
扩大 对外 开放,4225
五 中 全会,4225
的 突出 问题,4224
另 有 约定,4223
大 中型 企业,4222
社会 力量 办学,4220
十 届 人民,4220
城乡 之 间,4219
的 基础 性,4216
我国 对外 贸易,4215
在 实践 中,4214
"代表 "" 思想",4214
政协 副 主席,4214
二 次 全国,4213
政府 办公 厅,4212
推动 科学 发展,4212
"的 , 对",4211
主义 意识 形态,4211
转变 经济 发展,4211
破产 管理 人,4210
推动 两 国,4210
条例 第 十,4208
在 这 方面,4206
中国 经济 的,4205
外商 直接 投资,4203
集体 所有制 企业,4203
社会 主义 和谐,4202
高等 教育 质量,4201
上市 公司 的,4199
色 社会 主义,4197
人民 监督 员,4197
人民 法院 认为,4195
两 位 数,4194
货币 政策 的,4194
随 着 经济,4193
减 排 的,4190
中 亚 地区,4186
城市 房 地产,4186
提供 了 一个,4185
国土 资源 管理,4185
的 人 的,4183
企业 所得税 法,4183
全 国 人大,4183
百 一 十,4181
年 第 3,4181
百 四 十,4179
作出 具体 行政,4176
贫 富 差距,4176
公司 法 的,4175
第 3 期,4173
深入 贯彻 落实,4171
专业 化 的,4166
经济 社会 的,4165
人均 可 支配,4164
居民 消费 价格,4163
大 常委 会,4161
在 这 种,4160
第 八 十,4160
二 次 会议,4159
资源 综合 利用,4159
所 提出 的,4157
双边 贸易 额,4156
人民 政府 或者,4154
劳动 合同 法,4154
共和国 主席 令,4154
在 全 省,4153
和 餐饮 业,4149
总额 ( 万元,4149
发展 不 平衡,4148
文化 创意 产业,4146
第 五 代,4143
群众 日益 增长,4143
称 之 为,4140
人大 四 次,4139
很 好 地,4139
十 六条 规定,4139
仲裁 协议 的,4138
第 八 次,4135
计划 经济 体制,4134
"省 , 自治区",4128
的 地位 和,4127
主义 和谐 社会,4126
机关 实施 行政,4125
几 年 来,4125
重 化 工业,4123
十 一 以后,4123
非金属 矿物 制品,4123
药品 监督 管理,4122
会 副 委员,4122
在 短期 内,4121
十 几 年,4120
改革 开放 和,4119
处罚 的 种类,4118
十 二 五,4118
号 邮 编,4118
企业 之 间,4118
司法 机关 的,4117
所 规定 的,4116
设备 制造业 Manufacture,4115
在 国际 事务,4115
的 专业 化,4114
宁夏 回族 自治区,4114
由 此 可见,4111
全 省 经济,4109
制定 本 法,4109
级 各 类,4108
的 权利 和,4108
具有 自主 知识,4108
级 劳动 保障,4107
的 领导 下,4105
正当 竞争 行为,4104
的 作 用,4103
"农 , 林",4102
的 负面 影响,4102
工作 人员 的,4101
治安 管理 行为,4101
民族 区域 自治,4098
煤矿 安全 监察,4098
社会 工作 人才,4097
省 人大 常委,4092
专业 技术 人员,4092
要 面 向,4091
年 来 的,4089
集团 有限 责任,4088
预算 外 资金,4088
"目前 , 我国",4087
二 十 四,4086
第 二 批,4085
及 其 常务,4085
江 泽 民,4085
机 动 车,4084
德国 民法 典,4083
多 种 形式,4082
"的 , 由",4082
"的 , 应",4081
六 届 四,4080
姆 斯 菲尔德,4080
穆 沙拉 夫,4080
卫生 服务 中心,4079
机动 车 驾驶,4079
"的 , 因此",4078
为 一 种,4077
单位 和 个人,4076
实践 来 看,4075
委 会 主任,4075
有 不 少,4074
文物 保护 法,4074
办法 第 二,4072
十 五条 规定,4072
营利 组织 的,4072
其他 有限 责任,4072
城市 化 的,4069
本 法 所,4069
人民 银行 批准,4068
地产 业 的,4067
黑色 金属 冶炼,4067
国家 公务员 暂行,4067
中央 档案 馆,4062
不 予 批准,4061
"中 , 我",4061
朝 核 问题,4059
"的 , 并",4057
工具 栏 中,4055
成为 一 种,4055
的 有关 规定,4052
和 社会 主义,4049
"中 , 由于",4049
"财经 "" 记者",4044
所 取得 的,4044
事业 单位 改革,4043
与 发展 的,4043
典 型 肺炎,4042
主义 法治 理念,4041
西部 大 开发,4040
最 基本 的,4039
为 两 国,4038
"时候 , 我",4036
级 人大 代表,4035
社会 保险 经,4035
各 方面 的,4035
对外 贸易 经营,4034
的 未 成年,4033
公司 董事 长,4033
了 一 批,4033
当事人 应当 在,4033
所有 者 和,4033
的 财政 政策,4032
其 常务 委员会,4030
下拉 列表 框,4030
在 工作 中,4029
进 人 了,4028
社区 党 组织,4026
江 总 书记,4024
所 涉及 的,4024
消费 者 权益,4023
农民 进 城,4021
医疗 卫生 机构,4020
内 控 制度,4020
和 地方 各,4018
角度 来 看,4017
监督 管理 机构,4017
"执行 "" 中华",4014
重点 实验 室,4012
二 款 规定,4010
成年 人 保护,4009
会同 有关 部门,4009
十 年 的,4007
土地 使用 者,4007
法制 出版 社,4006
北京 : 中国,4006
较 大 幅度,4006
继续 加 大,4005
主义 法制 的,4004
限制 人身 自由,4004
所 处 的,4003
外资 进 人,4003
"运输 , 仓储",4002
知识 产权 保护,3996
尚 不 构成,3994
主体 之 间,3991
养老 保险 制度,3991
信息 服务 业,3987
刑法 第 二,3985
残疾 人 就业,3985
公务员 暂行 条例,3982
夫 斯 基,3982
权 的 人民,3982
行为 的 事实,3981
是 我们 的,3980
金融 市场 的,3980
依法 承担 民事,3978
三 次 会议,3977
听证 主持 人,3976
比 2006 年,3975
专用 设备 制造业,3974
行政 审批 项目,3972
中国 人 的,3971
的 公共 服务,3965
公共 卫生 体系,3963
"拘役 , 并",3962
中 医药 服务,3960
国内 统一 刊号,3959
批发 和 零售业,3958
城市 居民 最低,3957
外资 保险 公司,3955
和 地区 的,3955
反对 霸权 主义,3951
应当 在 收,3949
违反 本 规定,3948
负 刑事 责任,3948
自己 的 工作,3946
"的 , 有",3946
公共 就业 服务,3944
的 发展 和,3944
各 类 学校,3943
内 外资 企业,3943
服务 业 的,3942
少数 民族 文化,3942
了 知识 产权,3942
人民 政府 的,3941
看 到 的,3940
年鉴 一 1995,3939
是 一 个,3939
人口 城市 化,3939
第 二 代,3937
建筑 业 企业,3937
红 十字 会,3937
与 违法 行为,3934
三代 领导 集体,3934
档案 馆 馆藏,3931
鹏 委员 长,3931
关于 完善 社会,3930
新 能源 汽车,3929
贸易 区 的,3928
贯彻 十 六,3928
人民 法院 和,3927
的 特殊 性,3926
道路 运输 管理,3926
了 一个 新,3926
国家 统计 局,3925
社会 又 好,3924
的 法律 法规,3923
计算 公式 为,3922
党 的 先进,3921
资本 进 人,3921
贸易 保护 主义,3920
要 看 到,3919
百 八 十,3917
处罚 决 定,3917
生产 过程 中,3916
较 低 的,3915
六 届 精神,3915
民主 主义 革命,3914
价格 主管 部门,3914
广大 人民 群众,3914
的 影响 力,3914
工作 的 通知,3913
届 通过 的,3913
安全 生产 监督,3909
人民 法院 申请,3906
所 获得 的,3906
这 意味 着,3905
反 腐败 工作,3904
资产 阶级 民主,3904
学报 : 社科,3904
被 视 为,3904
残疾 人 事业,3903
三 年 以下,3902
"是 , 在",3901
对 人民 法院,3901
现代 远程 教育,3900
情形 之 一,3900
在 社会 主义,3899
的 市场 经济,3897
劳动 者 的,3897
经济 活动 的,3896
利害 关系 人,3895
资本 主义 的,3895
其他 有关 部门,3892
目标 责任 制,3892
"的 , 他们",3888
赫 鲁 晓,3887
最 主要 的,3887
的 发 展,3886
"林 , 牧",3886
人 的 全面,3884
的 重要 原因,3883
计划 生育 行政,3883
足 额 发放,3882
政府 及 其,3881
一 项 重大,3879
"法院 "" 关于",3877
控 辩 双方,3877
"中 , 中国",3875
部 办公 厅,3872
形成 一 批,3872
在 第 一,3872
贯彻 党 的,3870
计划 生育 政策,3869
执行 人 的,3865
违法 行为 给予,3864
从 这个 意义,3863
标志 着 我国,3862
新闻 出版 署,3862
"徒刑 , 拘役",3861
于 2008 年,3860
年 第 4,3860
海德 格 尔,3860
的 民主 政治,3858
为 构建 社会,3857
当事人 及 其,3856
经 济 发展,3856
第 十 一,3855
的 主要 任务,3855
这 一 系列,3855
还 很 不,3855
社 2001 年,3853
二 十 五,3853
一体 化 进程,3853
的 对话 框,3853
主营 业务 收入,3851
国家 税务 局,3850
承担 保证 责任,3850
主义 新 农村,3849
家宝 总理 在,3849
首席 执行 官,3849
在 某 些,3848
发达 国家 相,3847
"击 "" 确定",3846
地方 税务 局,3844
所持 有 的,3843
面 对 的,3843
普通 高等 学校,3843
从 20 世纪,3842
出版 社 2001,3841
通用 设备 制造业,3840
关系 民主 化,3839
不同 的 是,3838
的 主要 内容,3838
发展 方式 转变,3837
行政 执法 责任,3837
交通 安全 法,3837
卫生 技术 人员,3835
九 十 年代,3833
九 次 会议,3832
矿采选 业 Miningand,3832
第 4 期,3831
福利 院 床位,3831
的 科学 性,3831
法 所 称,3830
社会 固定 资产,3829
越来越 多 的,3829
我国 加入 世贸,3828
间 的 关系,3826
社会主义 市场 经济,3825
三角 洲 地区,3824
图书 馆 服务,3824
国际 化 的,3824
第 三方 物流,3823
中 的 作用,3823
十 二条 当事人,3822
三 百 八,3819
仪器 仪表 及,3819
的 金融 危机,3819
个 维 度,3818
级 卫生 行政,3818
十 一条 的,3818
的 人 都,3818
银行 不良 资产,3816
有 不同 的,3816
前 三 季度,3815
灾后 恢复 重建,3814
依照 前 款,3813
共 建 共享,3813
党 政 机关,3812
水平 的 提高,3812
七 十 三条,3812
对 外资 银行,3811
法律 援助 的,3809
在 弹出 的,3808
意识 形态 的,3808
运输 设备 制造业,3807
这 两 项,3806
发 事件 的,3805
检 察 院,3805
居民 服务 和,3803
"下 , 中国",3800
产 学 研,3799
管理 和 服务,3798
语 境 中,3798
多 方面 的,3798
五 条 第,3797
知识 产权 权利,3797
承包 经营 权,3795
的 几 个,3795
企业 主 阶层,3795
间 的 矛盾,3795
法 第 四条,3794
不 意味 着,3794
实施 科教 兴国,3794
"犯罪 , 应当",3793
会 委员 长,3792
基 辛 格,3792
外 经贸 部,3792
和 知识 产权,3791
可 持续 发,3790
人员 ( 人,3789
社会 福利 院,3788
金属 冶炼 及,3787
各 级 国家,3787
的 知情 权,3786
这 一 轮,3786
人民 法院 根据,3786
种 程度 上,3785
国际 原子能 机构,3784
集团 ) 有限,3784
不 正当 竞争,3783
最 广大 人民,3783
当 事 方,3783
各 类 人才,3783
年 第 二,3782
解决 问题 的,3782
"以来 , 中国",3782
对 这 一,3782
"五 "" 期间",3781
发展 起来 的,3778
七 次 会议,3778
人 武 部,3777
科 学 发展,3776
农村 基础 设施,3775
文献 标识 码,3775
企业 单位 数,3775
第 五 条,3774
个 国家 和,3774
全国 工商 联,3773
生产 经营 活动,3772
基本 养老 金,3772
仪表 及 文化,3772
发展 的 基础,3772
的 理论 和,3770
金融 体制 改革,3770
看 作 是,3769
的 根本 原因,3768
保障 性 住房,3768
农村 信息 化,3767
政府 采购 工作,3767
主要 经济 指标,3766
基础 之 上,3765
的 指导 下,3763
七 条 公民,3762
军事 变革 的,3760
这 是 一种,3759
"证据 , 应当",3759
少数 民族 语言,3759
十分 重要 的,3759
"人 , 其中",3758
一 号 文件,3757
的 不 平衡,3757
款 所 列,3757
人民 保险 公司,3757
引 人 竞争,3757
人民 政府 有关,3757
其 违法 行为,3756
政治 上 的,3755
一 百 六,3754
"条例 "" 第",3753
作为 行政 处罚,3752
报 业 的,3751
所 带来 的,3750
废弃 物 的,3750
三 步 战略,3750
合同 法 第,3749
框 中 的,3748
国家 或 地区,3747
的 重要 手段,3747
和 构建 社会,3743
应当 告知 当事人,3743
这 是 我,3740
年鉴 一 2002,3739
社会 保障 和,3738
加 入 世贸,3736
经 公布 的,3735
在 改革 开放,3734
城市 化 进程,3733
以上 10 万,3733
各 样 的,3732
分支 机构 的,3732
七 条 国家,3730
主义 荣辱 观,3730
一 种 意见,3727
这 是 我们,3727
产业 结构 调整,3727
的 民事 诉讼,3727
本条 是 关于,3726
"的 , 而且",3725
农村 居民 家庭,3725
制造 业 基地,3724
的 申请 人,3724
档案 信息 资源,3723
中央 政府 与,3723
中国 宏观 经济,3722
口 口 口,3721
有 较 大,3720
人民 检察院 关于,3720
开放 二 十,3720
七 十 二条,3719
奥 巴 马,3718
"问题 , 在",3718
总 量 的,3717
中国 少数 民族,3716
"时 , 应",3715
计 生 委,3714
行为 给予 行政,3713
服务 体系 建设,3713
公共 卫生 事件,3713
准 人 的,3712
行政 法 规,3712
体系 中 的,3712
亿 元 增加,3712
"但是 , 由于",3710
会计师 事务 所,3710
制造业 Manufacture of,3709
元 以上 10,3708
"问题 , 是",3706
企业 会计 准则,3705
和 私营 企业,3704
中共 十 四,3704
七 十 四条,3703
"为 , 应当",3702
产业 结构 优化,3702
私营 企业 的,3702
"所以 , 在",3701
突破 性 进展,3701
的 全 过程,3701
罚款 决定 的,3700
根本 性 转变,3699
安理会 常任 理事,3698
燃气 及 水,3697
大 和 十,3695
主义 巿 场,3695
"化 "" 的",3695
的 经济 利益,3694
和 公共 服务,3693
相当 大 的,3693
不得 作为 行政,3692
七 十 一条,3690
劳动 保障 部门,3689
请求 人民 法院,3689
居民 人均 可,3688
社会 主义 荣辱,3688
这 是 中国,3688
最 根本 的,3686
条 用人 单位,3685
在 新 的,3685
十 四条 本,3685
副 局 长,3683
人 的 行为,3681
的 有效 性,3681
中等 职业 教育,3681
文艺 出版 社,3678
行政 处罚 必须,3678
有 了 很,3677
在 中 亚,3677
中国 第 一,3677
经济 和 社会,3677
和 政治 协商,3677
中 存在 的,3675
委 副 书记,3675
多 的 人,3675
地方 保护 主义,3675
前 款 的,3675
的 根本 利益,3674
人才 队伍 建设,3674
出口 经营 者,3673
政府 信息 公开,3672
刑法 修正 案,3672
人民 法院 审判,3671
改革 发展 稳定,3670
廉 租 住房,3670
第 三代 领导,3669
自治 地方 的,3669
司法 鉴定 人,3667
工作 取得 新,3667
主要 表现 为,3667
世界 贸易 组织,3666
了 这 种,3666
企业 信用 担保,3666
斯 特 罗,3664
最低 收购 价,3663
东北 亚 区域,3662
文化 服务 体系,3662
国民 经济 的,3660
十 三条 行政,3659
深 人 和,3659
民族 文化 的,3658
师范 大学 学报,3657
市场 化 的,3657
领导 的 多,3655
人民 检察院 应当,3655
十 万 元,3654
的 中共 中央,3653
持续 发展 战略,3651
没有 社会 主义,3651
广大 发展 中,3651
"年 , 在",3651
恐怖 主义 犯罪,3651
社会 生活 的,3650
造纸 及 纸,3649
了 不 少,3649
省 中小 企业,3648
一 条 为了,3648
人民 政府 根据,3648
第 三代 中央,3647
的 各 类,3647
中央 书记 处,3646
案 ( 第,3643
国际 关系 民主,3642
处罚 决定 之前,3642
第 一次 现代化,3639
国务院 外 经贸,3638
种 意义 上,3638
"同志 "" 三",3636
人民 检 察,3635
元 以下 罚款,3635
助 学 贷款,3633
社 2002 年,3633
每个 人 都,3633
年鉴 一 1999,3632
就 有 了,3631
全面 落实 科学,3631
计划 生育 工作,3630
我国 现 有,3630
租赁 和 商务,3629
次 世界 大战,3629
结构 性 矛盾,3628
优先 购买 权,3628
国有 资产 所有,3628
台 商 投资,3627
化学 纤维 制造业,3626
的 主要 原因,3626
条例 第 三,3626
大会 闭会 期间,3624
哲学 社会 科学,3623
委 宣传 部,3622
电子 文件 管理,3620
危害 程度 相当,3620
行政 处罚 决,3619
中小 企业 和,3618
思想 政治 理论,3617
级 自然 保护,3617
社会 主义 发展,3617
涉嫌 下列 情形,3617
以 科学 发展,3617
爱国 主义 教育,3616
政府 建设 行政,3616
所 进行 的,3616
标 单 位,3616
电子 文件 的,3615
各 级 工商,3615
中国 的 经济,3615
对外 直接 投资,3614
职工 代表 大会,3613
种 各 样,3613
的 新 局面,3610
"港 , 澳",3610
国家 的 经济,3610
多 的 是,3610
的 市场 化,3610
出版 社 2002,3609
日 ( 人民,3609
的 重大 问题,3608
社 会 危害,3608
私营 企业 家,3608
日 最高 人民,3607
十 三条 本,3607
多元 化 的,3607
万 余 人,3606
院 校 和,3605
受 教育 程度,3605
条 本 法,3605
不 予 支持,3605
国有 企业 改革,3605
代表 候选 人,3604
年鉴 一 2001,3602
了 深 人,3602
社 2004 年,3602
方面 : 一,3602
处罚 必须 以,3601
年 上 半年,3600
主要 有 以下,3598
民主 化 进程,3596
十 九 次,3595
日 起 施行,3595
十 几 亿,3594
业 发展 的,3593
世界 上 最,3592
的 少数 民族,3592
的 其他 行政,3591
城镇 居民 人均,3591
或者 吊销 许可,3590
开展 多 种,3587
处罚 与 教育,3585
文化 产业 的,3585
户 和 私营,3585
全国 人大 一次,3584
传统 文化 的,3583
失地 农民 的,3582
是 不 可能,3580
电力 监管 机构,3580
年鉴 一 2000,3578
共和国 国务院 令,3577
改革 开放 二,3576
发展 中 的,3576
"年 , 第",3576
中 国 的,3575
七 条 的,3574
资产 管理 局,3574
法院 关于 适用,3573
加 大 了,3573
化 的 发展,3573
人民 法院 依法,3573
应当 依法 追究,3573
而 这 种,3571
进口 许可 证,3571
我国 刑事 诉讼,3571
的 一 年,3570
和平 发展 的,3570
省 人民 政府,3569
要 做 好,3569
部门 应当 自,3568
的 重要 途径,3568
上级 人民 政府,3567
年 国民 经济,3567
万 平方 米,3565
届 联 大,3564
十 三条 的,3563
安全 生产 工作,3563
与 环境 保护,3562
另 一方 当事人,3562
社会 保障 部,3561
是 中国 的,3560
社 2006 年,3559
理论 和 实践,3558
"三 , 农业",3558
在 行政 处罚,3557
缴 税 款,3556
资产 阶级 自由,3553
"法院 , 人民",3553
到 2008 年,3551
建设 项目 环境,3549
基础 上 的,3545
马克思 主义 哲学,3545
基础 教育 改革,3542
计划 生育 家庭,3542
思想 政治 工作,3541
而 是 一,3541
八 届 全国,3540
参考 咨询 服务,3539
就 意味 着,3539
"性质 , 情节",3539
是 必要 的,3538
"月 , 中国",3535
着 经济 全球,3534
的 企业 文化,3532
的 最 佳,3532
国民 经济 和,3531
馆 馆藏 档案,3530
精神 损害 赔偿,3530
知识 产权 管理,3529
的 积极 作用,3528
的 制度 安排,3527
有 足够 的,3524
各 种 各,3524
二 十 二,3523
人民 共和国 海关,3523
党 合作 和,3522
档案 馆 的,3522
的 中小 企业,3522
年 的 时间,3521
反 垄断 执法,3521
第 十 条,3518
各 项 规章,3517
全 年 完成,3516
而 形成 的,3515
发展 观 是,3513
及 其 法定,3512
社会 主义 巿,3512
项 规章 制度,3512
月 在 县,3511
外交 部 发言,3508
到 2020 年,3508
"加工 , 炼焦",3508
省 ( 区,3508
届 理事 会,3506
利益 最大 化,3506
预防 腐败 体系,3505
经济 增长 方式,3505
的 合法 性,3504
对 农民 工,3504
非 公有 经济,3503
问题 进行 了,3503
高等 教育 的,3500
"上 , 对",3500
"月 , 在",3500
社 会 的,3500
投资 者 的,3499
办法 所 称,3498
服务 均等 化,3498
达尔 富 尔,3498
的 生产 经营,3497
一条 为了 加强,3497
单位 : 亿元,3496
湖南 省 委,3494
"部 , 财政",3494
循环 经济 的,3494
总统 普 京,3492
大会 第 五,3491
百 六 十,3490
五 届 六,3489
极 化 的,3489
"结合 , 教育",3488
的 监督 检,3488
该 具体 行政,3488
十 六条 本,3488
流动 人口 计划,3488
管理 和 公共,3487
我国 现 阶段,3486
了 全国 人大,3485
对 被告 人,3485
的 要 求,3484
各 项 社会,3484
尔 巴 乔,3483
坚持 处罚 与,3483
条 商业 银行,3483
"时 , 应当",3481
基础 设施 的,3481
一 要 务,3479
了 巨大 的,3478
有 的 法律,3477
这 种 情况,3476
与 上 年,3475
第 四条 行政,3475
大会 及 其,3475
巴 乔 夫,3475
文学 出版 社,3474
"市 , 自治区",3474
追究 刑事 责任,3474
倍 以下 的,3474
十 一条 国家,3473
陕 甘 宁,3473
五 年 以下,3472
各 级 劳动,3472
卫生 和 社会,3471
未 经 公布,3470
深入 学习 实践,3470
"法 "" 和",3469
的 一 个,3469
大 工作 力度,3469
民营 中小 企业,3468
进 人 国际,3468
九 条 本,3468
出口 商品 结构,3468
"因此 , 我们",3468
执法 检 查,3466
的 因 索,3466
就 不 会,3465
工 农业 产品,3465
北 约 的,3465
址 : 北京市,3464
应当 在 行政,3464
与 试验 发展,3463
港澳台 商 投资,3462
刑事 管辖 权,3461
法律 工作 者,3459
设施 管理 业,3459
政府 信息 资源,3457
民事 诉讼 程序,3457
人 及 其,3456
积极 做 好,3456
五 条 规定,3456
准 入 制度,3455
委员 长 会议,3455
都 是 在,3455
"美元 , 增长",3454
中国 共产党 领导,3454
"传输 , 计算机",3454
会 第 二,3453
对 他 的,3453
级 党 组织,3453
年 关 贸,3453
意味 着 我国,3452
主义 市场 经,3452
中国 行政 管理,3452
公开 的 原,3449
中 美 关系,3449
第 一 季度,3449
种 不同 的,3448
"时 , 你",3447
人 际 关系,3447
发展 多 种,3447
"据 , 与",3447
国有 中小 企业,3446
运输 管理 机构,3445
阿 巴 斯,3445
其他 组织 自觉,3445
出版 社 2006,3445
农民 工 社会,3444
收 人 中,3444
学 研究 所,3443
共和国 宪法 第,3441
现代 企业 制度,3441
和 他 的,3441
档案 工作 者,3441
会 危害 程度,3440
档案 工作 的,3440
三 条 第,3439
共和国 劳动 法,3438
化学 制品 制造业,3438
的 刑事 诉讼,3436
城镇 登记 失业,3436
经济 发展 中,3435
也 就是 说,3435
联 产 承包,3435
条例 第 二,3435
组织 自觉 守法,3434
的 问题 上,3434
向 申请 人,3434
应当 坚持 处罚,3434
国务院 批 转,3433
特 色 社会,3433
事业 性 收费,3432
的 基 本,3432
了 大量 的,3432
根据 中央 档案,3432
将 这 一,3431
文物 行政 部门,3431
广告 部 电话,3429
前 款 规定,3428
人大 常 委,3428
人 与 人,3428
城市 化 水平,3428
十 年 以下,3428
保险 股份 有限,3427
责任 制 和,3427
的 权威 性,3427
金融 危机 对,3426
并 处 或者,3426
规定 定罪 处罚,3426
人力 资源 和,3426
的 非 农,3425
但 另 一,3425
人民 法院 经,3425
行政 处 分,3425
组 委 会,3424
发展 进 人,3423
科 工 委,3422
土地 行政 主管,3419
"处罚 , 纠正",3418
农民 工 问题,3418
可 支配 收入,3418
申请 执行 人,3417
非 公 经济,3416
"设备 , 计算机",3416
是 加 大,3416
第 一 位,3414
十 二条 本,3413
间 的 相互,3413
主义 理论 体系,3412
规定 必须 公,3412
贸易 壁垒 的,3412
的 物 权,3412
司法 行政 部门,3412
财政 体制 改革,3410
吴邦国 委员 长,3410
"的 , 以",3409
增值 税 转型,3409
人大 二 次,3409
本 行政 区域,3408
新 的 经济,3408
招待 会 上,3408
农 牧 业,3407
出资 人 职责,3407
的 地方 各,3407
有关 各 方,3407
若干 问题 的,3406
实际 利用 外资,3406
工作 的 意见,3405
保持 经济 平稳,3405
教育 改革 与,3404
各 项 政策,3402
四 条 第,3401
减 排 工作,3400
发展 的 基本,3400
中央 党校 出版,3399
农民 专业 合作社,3398
年 第 一,3397
的 必然 要求,3397
好 这 项,3394
这 项 制度,3393
的 单 边,3393
反 倾销 协议,3393
持续 发展 能力,3392
社会 主义 制度,3392
经费 保障 机制,3391
和 精神 文明,3391
企业 退休 人员,3390
加入 世贸 组织,3390
政府 交通 主管,3390
政治 理论 课,3390
及 器材 制造业,3390
第 六 条,3389
中国 全国 人大,3388
社会 基本 矛盾,3388
处 或者 单,3387
符合 条件 的,3387
种 意识 形态,3387
发展 党 内,3386
的 问题 是,3385
和 邮政 业,3385
和 武装 力量,3385
随 着 我国,3385
财政 分 权,3383
新 世纪 新,3383
国家 之 间,3383
比 上 年末,3383
燃气 生产 和,3382
处罚 的 依,3381
的 问 题,3380
司法 行政 工作,3379
产品 质量 监督,3379
金融 资产 管理,3378
深 人 研究,3378
以上 地方 各,3377
提出 了 新,3377
房 地产 企业,3377
党 的 十,3377
积极 性 和,3374
中国 法制 出版,3374
的 中国 人,3373
政治 体制 改革,3373
两岸 关系 的,3371
"中 , 在",3371
社会 主义 基本,3370
数 年末 总,3370
"中 , 这",3370
社 2005 年,3370
非 流通 股,3369
有 两 种,3369
予 批准 的,3368
适应 社会 主义,3367
八 条 本,3366
和 政府 的,3365
"市 , 县",3365
区域 经济 发展,3364
并 告知 当事人,3364
炼焦 及 核燃料,3364
做 出 的,3364
书面 通知 申请,3363
代表 大会 常务,3362
道路 交通 事故,3362
的 国际 化,3362
企业 技术 中心,3362
常委 会 主任,3361
了 显 着,3360
进 人 中国,3360
这个 过程 中,3359
的 社会 关系,3359
图书 馆 事业,3359
跨国 公司 的,3357
华 人民 共和国,3357
个体 私营 经济,3357
申请 人 提交,3356
档案 馆 保存,3356
部 副 部长,3356
突 发 性,3355
反腐 倡 廉,3355
六 届 中央,3355
格林 斯 潘,3355
的 健康 发展,3355
全国 人大 法律,3354
九 条 国家,3354
有 期 徒刑,3353
纠正 违法 行,3352
银行 分支 机构,3352
中国 报 业,3351
李 鹏 委员,3350
工业 企业 主要,3350
社会 学 系,3349
随 着 市场,3348
国家 工商 行政,3348
尤其 是 在,3347
安置 补助 费,3345
环境 保护 部门,3344
地方 政府 对,3344
工艺品 及 其他,3343
随 着 改革,3343
中外 合资 经营,3343
政治 协商 制度,3342
提高 对外 开放,3342
师范 大学 出版,3342
珠江 三角 洲,3342
发展 和 改革,3341
人民 法院 作出,3340
的 市场 竞争,3340
明文 规定 为,3339
十 三条 第,3339
治理 商业 贿赂,3338
少数 民族 经济,3336
十 六条 第,3336
北京 奥 组,3335
"说 , 我",3334
合作 经营 企业,3334
各 级 法院,3333
深 人 发展,3333
经济 学 分析,3331
"同时 , 要",3331
行政 复议 机关,3331
收 人 家庭,3331
以下 几个 方面,3331
出口 退税 率,3330
解放 和 发展,3330
一 百 二,3330
世纪 30 年代,3330
到 2010 年,3330
医疗 保险 制度,3329
到 2007 年,3329
在 自己 的,3328
的 党 中央,3328
的 经验 和,3328
进 城 的,3327
日期 : 2004,3327
"此 , 我们",3326
非 公 企业,3326
中小 企业 融资,3326
建设 的 重要,3325
签名 或者 盖,3325
人民 法院 或者,3323
承担 民事 责任,3323
的 体制 改革,3322
直接 向 人民,3322
"期 , 第",3321
机构 及 其,3321
教育 科学 研究,3321
"法 "" 规定",3320
党 的 各,3319
中型 企业 的,3319
十 五大 精神,3318
马克思 主义 的,3318
理由 及 依据,3317
大 中 专,3316
公共 设施 管理,3316
快 又 好,3314
对 各 类,3314
"时 , 必须",3314
级 领导 干部,3313
主义 伟大 旗帜,3312
的 三 个,3312
优惠 政策 的,3311
核燃料 加 工业,3310
年 以上 十,3310
日 第 八,3309
利润 最大 化,3309
资源 和 社会,3309
不 予 执行,3308
"时 , 可以",3308
农村 基层 党,3307
六 十 年代,3307
的 被告 人,3306
情节 以及 社,3306
提高 自主 创新,3305
人民 共和国 主席,3305
造成 损 害,3305
国际 油 价,3305
发展 高新 技术,3304
这 就 要求,3304
常委 会 通过,3303
的 是 一,3303
出版 社 2005,3303
教育 公 民,3300
违反 本 办法,3300
十 世纪 中国,3299
中 美 贸易,3299
是 第 一,3298
受到 行政 处罚,3298
资源 总 量,3298
人民 政府 可以,3298
城乡 居民 的,3297
中国 法 学会,3297
认真 贯彻 落实,3297
群体 性 事件,3297
电话 用户 户,3297
理由 或者 证据,3296
这 三 个,3296
中央 批 转,3295
并 报 国务院,3295
生产 建设 兵团,3294
以上 十 年,3294
少数 民族 传统,3294
区 人民 政府,3294
的 竞争 优势,3293
通过 各 种,3293
政府 有关 部门,3292
家庭 联 产,3292
根据 自己 的,3291
问 责 制,3291
缴 义务 人,3290
刑事 诉讼 的,3290
六 十 八,3289
人数 ( 人,3288
哈 耶 克,3288
经济 结构 调整,3286
"的 , 他",3286
的 综合 性,3285
管理 暂行 办法,3285
大 国 的,3284
十 五条 第,3284
的 意识 形态,3284
随 着 社会,3284
某 种 意义,3284
继续 抓 好,3283
常委 会 对,3282
保险 费 率,3282
第 四 季度,3281
是 跨国 公司,3281
电话 : 年,3281
在 构建 社会,3279
问题 的 批复,3278
的 内容 和,3278
在 民事 诉讼,3278
八 条 国家,3278
鲁 晓 夫,3277
设计 研究 院,3275
"了 , 但",3274
社会 主义 国家,3274
地产 市场 的,3274
两 方面 的,3271
公共 利益 的,3270
这 种 法律,3270
经 济 的,3269
学术 研讨 会,3269
人口 老龄 化,3268
我国 各 级,3268
推 向 前进,3267
和 经济 全球,3267
保护 消费 者,3266
"后 , 我",3266
的 研究 和,3265
跨越 式 发展,3264
执行 通知 书,3264
全球 范围 内,3264
其他 行政 处罚,3264
十 届 人大,3264
几 亿 人口,3263
政治 民主 化,3263
惩治 和 预防,3262
正 处 在,3262
"一 , 基本",3261
深化 行政 管理,3261
经营 者 的,3261
"协调 , 可",3260
代表 大会 制度,3260
对外 贸易 经济,3259
个 省 市,3259
在 以 胡锦涛,3257
馆藏 档案 刊印,3257
做 好 这,3257
内 民主 的,3256
政策 性 金融,3256
各 类 社会,3255
数 社会 福利,3255
有 价值 的,3255
一 种 公共,3255
的 过 程,3255
农副 食品 加,3255
"因此 , 要",3255
的 地方 性,3255
决定 的 期限,3253
不可 或 缺,3253
转变 增长 方式,3253
经济 危机 的,3252
二 条 规定,3252
更 高 要求,3251
"水利 , 环境",3251
长期 股权 投资,3250
在 这个 过程,3250
青年 志愿 者,3249
所 列 行为,3249
