ngram,freq
_VERB_ _NOUN_ _NOUN_ _NOUN_,1841317
的 _NOUN_ _._ _END_,1340889
_VERB_ _PRT_ _NOUN_ _NOUN_,1320120
的 _NOUN_ _NOUN_ _._,1317034
_VERB_ _PRT_ _NOUN_ _._,1278908
的 _NOUN_ . _END_,1226693
_VERB_ 的 _NOUN_ _._,1079527
_VERB_ _NOUN_ _NOUN_ _._,1071003
_VERB_ _NOUN_ _PRT_ _NOUN_,1000055
_VERB_ _VERB_ _NOUN_ _NOUN_,985987
的 _NOUN_ _NOUN_ _NOUN_,933918
_VERB_ _NOUN_ 的 _NOUN_,932405
_VERB_ 的 _NOUN_ _NOUN_,926792
_VERB_ _VERB_ _PRT_ _NOUN_,829585
_VERB_ _NOUN_ _NOUN_ _PRT_,810011
"的 _NOUN_ _NOUN_ ,",729285
_VERB_ _VERB_ 的 _NOUN_,719643
"_VERB_ _PRT_ _NOUN_ ,",689603
的 _NOUN_ _._ _ADV_,681575
_START_ _NOUN_ _NOUN_ _NOUN_,667505
"_VERB_ _NOUN_ _NOUN_ ,",659625
"的 _NOUN_ , _ADV_",658137
_VERB_ _._ _NOUN_ _NOUN_,633395
_VERB_ _NOUN_ _NOUN_ 的,631881
_VERB_ _NOUN_ _._ _END_,615711
"_VERB_ 的 _NOUN_ ,",583559
_VERB_ _NOUN_ . _END_,551555
的 _ADJ_ _NOUN_ _._,545926
的 _NOUN_ _._ _VERB_,533273
"的 _NOUN_ , _VERB_",504399
_VERB_ _._ _ADV_ _VERB_,501551
"_VERB_ , _ADV_ _VERB_",468815
的 _NOUN_ _ADV_ _VERB_,461691
_VERB_ _NOUN_ _NOUN_ _VERB_,459310
_VERB_ _PRT_ _NOUN_ .,459112
_VERB_ _VERB_ _NOUN_ _._,455159
的 _NOUN_ _._ _NOUN_,453633
_VERB_ _VERB_ _VERB_ _NOUN_,452545
的 _NOUN_ _CONJ_ _NOUN_,449300
的 _NOUN_ _NOUN_ .,440759
的 _NOUN_ _NOUN_ _VERB_,425311
_VERB_ _ADP_ _NOUN_ _NOUN_,419103
_VERB_ _NOUN_ _._ _NOUN_,417145
"_VERB_ , _NOUN_ _NOUN_",413696
_VERB_ _PRT_ _ADJ_ _NOUN_,411312
· _NOUN_ _NOUN_ _NOUN_,404085
_VERB_ _NOUN_ _._ _VERB_,401470
_VERB_ _VERB_ _._ _END_,401255
_VERB_ _PRT_ _NOUN_ _VERB_,399163
_VERB_ 的 _NOUN_ .,386844
_VERB_ _ADJ_ _NOUN_ _NOUN_,386322
"的 _NOUN_ , _NOUN_",385383
_VERB_ _VERB_ _NOUN_ _PRT_,384360
· _NOUN_ · _NOUN_,378408
"_VERB_ _NOUN_ , _VERB_",374507
· · _NOUN_ _NOUN_,374039
_VERB_ _VERB_ _VERB_ _VERB_,371504
· · · _NOUN_,370433
· _NOUN_ _NOUN_ ·,369016
· · · ·,368090
· · _NOUN_ ·,366164
· _NOUN_ · ·,366068
·_NOUN ·_NOUN ·_NOUN ·_NOUN,363403
_VERB_ _VERB_ . _END_,358828
和 _NOUN_ _NOUN_ _NOUN_,351795
_VERB_ _PRT_ _._ _END_,346468
_VERB_ _ADJ_ _NOUN_ _._,346110
_VERB_ _NOUN_ _._ _ADV_,342583
_VERB_ _VERB_ _VERB_ _PRT_,340618
_VERB_ 的 _NOUN_ _VERB_,332841
_VERB_ 了 _NOUN_ _NOUN_,332370
_VERB_ _PRT_ _NOUN_ _PRT_,329892
"_VERB_ _NOUN_ , _NOUN_",328726
"_VERB_ _NOUN_ , _ADV_",328627
_VERB_ _VERB_ _VERB_ _._,327946
_VERB_ _ADJ_ _PRT_ _NOUN_,326249
_VERB_ _ADJ_ 的 _NOUN_,325216
的 _NOUN_ _VERB_ _VERB_,319771
_VERB_ _ADV_ _VERB_ _PRT_,307272
_VERB_ 的 _ADJ_ _NOUN_,296942
_VERB_ _NUM_ _NUM_ _._,296167
_VERB_ _VERB_ _NOUN_ 的,295674
_START_ _ADP_ _NOUN_ _NOUN_,293113
的 _NOUN_ 和 _NOUN_,292387
_VERB_ _VERB_ _PRT_ _._,289644
_VERB_ _PRT_ . _END_,288153
_VERB_ _._ _VERB_ _NOUN_,288066
_VERB_ _NOUN_ _VERB_ _NOUN_,286196
_VERB_ _NOUN_ _CONJ_ _NOUN_,285842
的 _NOUN_ _PRT_ _._,280494
的 _NOUN_ _VERB_ _NOUN_,277853
"的 _ADJ_ _NOUN_ ,",275098
_VERB_ _VERB_ _VERB_ 的,273466
"_VERB_ _VERB_ _NOUN_ ,",272965
的 _NOUN_ _VERB_ _._,263340
_VERB_ _NOUN_ _NOUN_ .,262178
_VERB_ _VERB_ _._ _NOUN_,261610
的 _ADJ_ _NOUN_ _NOUN_,261553
的 _NOUN_ _NOUN_ _PRT_,252129
_VERB_ _ADV_ _VERB_ 的,252105
在 _NOUN_ _NOUN_ _NOUN_,250900
_START_ _._ _NUM_ _._,249598
_VERB_ _NOUN_ _ADV_ _VERB_,249324
"_VERB_ , _VERB_ _NOUN_",244764
_VERB_ _PRON_ _PRT_ _NOUN_,244309
_VERB_ _VERB_ _ADJ_ _NOUN_,242739
_VERB_ _PRON_ 的 _NOUN_,242414
_VERB_ _VERB_ _._ _VERB_,238289
的 _NOUN_ _NOUN_ _ADV_,238069
_VERB_ _NOUN_ _VERB_ _PRT_,237385
_VERB_ _ADV_ _VERB_ _._,237265
_VERB_ _ADV_ _VERB_ _NOUN_,233110
_VERB_ _NOUN_ _NOUN_ _CONJ_,232281
的 _NOUN_ _NOUN_ _CONJ_,229880
_START_ ( _NUM_ _._,228592
_START_ _._ _NUM_ ),228391
_START_ ( _NUM_ ),228304
_VERB_ _VERB_ _._ _ADV_,227544
_VERB_ _NOUN_ _VERB_ _VERB_,226473
_VERB_ _VERB_ _NOUN_ _VERB_,224574
和 _NOUN_ _NOUN_ _._,222931
的 _ADJ_ _NOUN_ .,220176
_VERB_ _._ _VERB_ _VERB_,218298
_VERB_ _ADJ_ _NOUN_ _PRT_,216284
"_VERB_ _VERB_ , _ADV_",215192
"的 _NOUN_ _PRT_ ,",213129
_START_ _NOUN_ _NOUN_ _VERB_,212987
"_VERB_ _VERB_ , _VERB_",210727
_VERB_ _PRT_ _._ _NOUN_,204189
_VERB_ _NUM_ _NUM_ _NOUN_,197522
_VERB_ _PRT_ _NOUN_ _ADV_,197481
_VERB_ _._ _NOUN_ _VERB_,197100
_VERB_ 的 _NOUN_ _PRT_,196434
_VERB_ 的 _._ _END_,195942
_VERB_ _VERB_ 的 _._,194859
在 _NOUN_ _NOUN_ _PRT_,193744
_VERB_ _NOUN_ _VERB_ _._,192931
_VERB_ _._ _NOUN_ _._,191656
_VERB_ _PRT_ _VERB_ _NOUN_,191570
"_VERB_ , _VERB_ _VERB_",188416
"_VERB_ _ADJ_ _NOUN_ ,",187507
的 _NOUN_ _._ _ADP_,186609
_VERB_ _._ _ADV_ _ADV_,186534
_START_ _ADV_ _._ _NOUN_,185497
的 _NOUN_ _PRT_ _VERB_,184418
"_VERB_ _VERB_ _VERB_ ,",184138
_VERB_ _NOUN_ _VERB_ 的,180488
年 _NOUN_ _NOUN_ _NOUN_,179750
_VERB_ 的 . _END_,179400
_VERB_ _VERB_ _ADV_ _VERB_,179163
_VERB_ _NOUN_ _PRT_ _._,178570
"_VERB_ , _ADV_ _ADV_",178466
"_START_ _ADV_ , _NOUN_",177963
"_VERB_ _VERB_ , _NOUN_",175945
"的 _NOUN_ , _ADP_",175787
_VERB_ 的 _NOUN_ _ADV_,175599
_VERB_ _NOUN_ 和 _NOUN_,174903
_VERB_ _PRT_ _VERB_ _._,173618
_VERB_ _NUM_ _NUM_ _NUM_,173021
_VERB_ _._ _ADP_ _NOUN_,171828
_VERB_ _ADJ_ _NOUN_ 的,169317
_VERB_ _PRT_ _NOUN_ _CONJ_,166624
和 _NOUN_ _NOUN_ _PRT_,166117
_START_ _NOUN_ _NOUN_ _._,165336
_VERB_ _ADV_ _VERB_ _VERB_,164861
的 _NOUN_ _._ _PRON_,162225
_VERB_ _PRT_ _VERB_ _PRT_,161795
"_VERB_ "" _NOUN_ _NOUN_",161099
_VERB_ _PRT_ _ADV_ _VERB_,161062
_VERB_ _NUM_ % _._,160210
_VERB_ _ADP_ _NOUN_ _PRT_,159936
"_VERB_ , _NOUN_ _VERB_",159591
_VERB_ _PRT_ _._ _ADV_,157900
_VERB_ _VERB_ _PRT_ _VERB_,156703
_START_ _VERB_ _NOUN_ _NOUN_,156668
"的 _NOUN_ , _PRON_",155370
_PRT_ 的 _NOUN_ _NOUN_,153156
"_VERB_ _PRT_ , _ADV_",149838
"的 _NOUN_ _VERB_ ,",148835
_VERB_ _VERB_ _NUM_ _NUM_,148809
_VERB_ _NOUN_ _NOUN_ _ADV_,148235
"_VERB_ , _ADP_ _NOUN_",147986
和 _NOUN_ _PRT_ _NOUN_,147717
的 _NOUN_ _VERB_ _PRT_,146269
的 _NOUN_ _NOUN_ 和,145406
_VERB_ 了 _NOUN_ _._,145344
与 _NOUN_ _NOUN_ _NOUN_,144219
_VERB_ _NOUN_ _NOUN_ 和,143390
_VERB_ _PRT_ _NUM_ _NUM_,142138
_VERB_ _PRT_ _VERB_ _VERB_,141184
_VERB_ _PRT_ _NOUN_ 的,140113
"_VERB_ _NUM_ _NUM_ ,",138811
的 _NOUN_ _ADV_ _ADV_,138252
了 _NOUN_ _NOUN_ _NOUN_,137759
"_VERB_ _VERB_ _PRT_ ,",137502
_VERB_ 的 _NOUN_ _CONJ_,136741
_VERB_ _NOUN_ _PRT_ _VERB_,134237
_VERB_ _VERB_ _ADP_ _NOUN_,133324
_VERB_ _NOUN_ _PRT_ _ADJ_,132556
"_VERB_ _ADV_ _VERB_ ,",131964
_VERB_ _ADJ_ _ADJ_ _NOUN_,130811
_VERB_ _ADP_ _NOUN_ _VERB_,129126
和 _NOUN_ 的 _NOUN_,129123
和 _NOUN_ _._ _END_,129003
_VERB_ _._ _VERB_ _._,128937
对 _NOUN_ _NOUN_ _NOUN_,127709
的 _ADJ_ _NOUN_ _VERB_,127671
_START_ _ADV_ _VERB_ _NOUN_,125247
_START_ _NOUN_ _PRT_ _NOUN_,124402
_VERB_ _NOUN_ 的 _ADJ_,123863
是 _NOUN_ _NOUN_ _NOUN_,123831
_PRT_ 的 _NOUN_ _._,123728
的 _NOUN_ _._ _._,123588
_VERB_ _DET_ _NOUN_ _._,123423
_START_ _NOUN_ _NOUN_ _PRT_,123335
_VERB_ _._ _VERB_ _PRT_,123211
_VERB_ _DET_ _NOUN_ _NOUN_,123098
的 _NOUN_ _PRT_ _NOUN_,120213
所 _VERB_ _PRT_ _NOUN_,119873
_VERB_ _ADV_ _ADV_ _VERB_,119842
_VERB_ _VERB_ _NOUN_ .,119714
_START_ _NOUN_ _._ _NOUN_,119487
"和 _NOUN_ _NOUN_ ,",118806
_VERB_ _PRT_ _._ _VERB_,118693
_VERB_ _NOUN_ _ADJ_ _NOUN_,118607
_VERB_ _NOUN_ _ADP_ _NOUN_,118421
_VERB_ 在 _NOUN_ _NOUN_,118253
所 _VERB_ 的 _NOUN_,118198
_START_ _NUM_ _._ _END_,117561
_VERB_ _NUM_ _NOUN_ _._,116925
"月 _NOUN_ _NOUN_ ,",116247
和 _NOUN_ . _END_,115688
"_VERB_ _NOUN_ _VERB_ ,",115018
_VERB_ _VERB_ _DET_ _NOUN_,114296
"月 _NOUN_ 日 ,",113895
_START_ _NUM_ . _END_,113609
年 _NOUN_ 月 _NOUN_,112379
_START_ _NOUN_ 的 _NOUN_,112238
和 _NOUN_ _NOUN_ 的,112057
_VERB_ _ADJ_ _NOUN_ .,110740
"_VERB_ , _VERB_ _PRT_",110021
_VERB_ _DET_ _NOUN_ _PRT_,108665
__ __ __ __,108264
"_VERB_ _NOUN_ _PRT_ ,",107392
_VERB_ _PRT_ _VERB_ 的,106919
_VERB_ _VERB_ _PRT_ _ADJ_,106201
"_START_ _NOUN_ _NOUN_ ,",104339
的 _._ _NOUN_ _NOUN_,103550
"_VERB_ _PRT_ "" _NOUN_",103494
"_VERB_ _PRT_ _VERB_ ,",103393
_VERB_ _NUM_ _NOUN_ _NOUN_,103347
中国 _NOUN_ _NOUN_ _NOUN_,103224
_VERB_ _._ _ADJ_ _NOUN_,103188
_VERB_ _NUM_ _NUM_ .,102564
_VERB_ _._ _NOUN_ _PRT_,102215
_VERB_ _PRT_ _NOUN_ 和,102013
_VERB_ _._ _NOUN_ _ADV_,101526
_VERB_ _NOUN_ _._ _ADP_,100911
_START_ _PRON_ _ADV_ _VERB_,100356
_VERB_ 了 _NOUN_ _PRT_,100305
对 _NOUN_ _PRT_ _NOUN_,100264
和 _NOUN_ _NOUN_ _VERB_,100074
_START_ _NOUN_ _ADV_ _VERB_,99455
的 _NOUN_ _._ _CONJ_,99012
"_VERB_ , _VERB_ _._",98850
_VERB_ _VERB_ _PRT_ .,97773
对 _NOUN_ 的 _NOUN_,97588
"_VERB_ _PRT_ , _VERB_",96787
_VERB_ 了 _ADJ_ _NOUN_,96625
_START_ _NOUN_ _VERB_ _NOUN_,96252
对 _NOUN_ _NOUN_ _PRT_,96148
_VERB_ _ADP_ _NOUN_ 的,94934
是 _VERB_ _PRT_ _._,94934
_START_ 在 _NOUN_ _NOUN_,94400
的 _ADJ_ _ADJ_ _NOUN_,94386
_VERB_ _PRT_ _NUM_ _NOUN_,93854
"_VERB_ _PRT_ , _NOUN_",93789
_VERB_ _ADJ_ _NOUN_ _VERB_,93708
"_VERB_ _NOUN_ , _ADP_",93620
的 _NOUN_ 与 _NOUN_,93381
_VERB_ 的 _._ _NOUN_,93323
"_VERB_ "" _NOUN_ _._",92768
_VERB_ _._ _PRON_ _VERB_,92236
"_VERB_ _VERB_ 的 ,",92159
这 _NUM_ _NOUN_ _NOUN_,91657
在 _NOUN_ _PRT_ _NOUN_,91611
各 _NUM_ _NOUN_ _NOUN_,91497
_VERB_ 了 _._ _END_,90935
是 _VERB_ 的 _._,90638
"_VERB_ , _NOUN_ _ADV_",90364
_START_ _ADV_ _VERB_ _VERB_,90332
_VERB_ _VERB_ _NOUN_ _CONJ_,90272
_VERB_ 了 _NUM_ _NUM_,89648
"的 _NOUN_ , _CONJ_",89592
_START_ _ADP_ _NOUN_ _PRT_,89183
_VERB_ 的 _._ _ADV_,88654
_START_ _ADV_ _._ _ADP_,88244
第 十 _NUM_ 条,87852
是 _ADV_ _VERB_ _PRT_,87736
"_START_ _ADV_ , _ADP_",87390
_VERB_ _._ _ADV_ _NOUN_,87266
在 _NOUN_ _PRT_ _VERB_,87256
的 _NOUN_ _NOUN_ 的,87186
_VERB_ 这 _NUM_ _NOUN_,87083
_VERB_ _VERB_ _VERB_ .,86952
_START_ _ADV_ _ADV_ _VERB_,86729
对 _NOUN_ _NOUN_ 的,86256
第 _NUM_ 百 _NUM_,86087
_VERB_ _NOUN_ _NOUN_ _ADP_,86076
月 _NOUN_ _NOUN_ _._,85354
_VERB_ _DET_ _NUM_ _NOUN_,85350
_VERB_ _NOUN_ _NUM_ _NUM_,85327
_START_ _NOUN_ 年 _NOUN_,85065
_START_ _NOUN_ _NOUN_ _ADV_,84442
是 _VERB_ _NOUN_ _NOUN_,84434
_VERB_ _VERB_ 的 _ADJ_,84404
的 _NOUN_ ; _END_,84399
的 _NOUN_ 的 _NOUN_,84281
_VERB_ _VERB_ _ADJ_ _PRT_,84259
"_VERB_ 的 , _ADV_",84197
_VERB_ 了 . _END_,84163
_VERB_ 的 _NOUN_ 和,83985
_VERB_ _VERB_ _ADJ_ 的,83976
_VERB_ _PRT_ 一 _NUM_,83326
_START_ _NOUN_ _NOUN_ 的,83183
"_VERB_ , _PRON_ _VERB_",83051
在 _NOUN_ 的 _NOUN_,82866
月 _NOUN_ 日 _._,82628
"_VERB_ , _ADV_ _NOUN_",82546
的 _NOUN_ _ADP_ _NOUN_,82310
"的 "" _NOUN_ _NOUN_",82223
的 _NOUN_ _CONJ_ _VERB_,81934
_START_ _NOUN_ _VERB_ _VERB_,81679
_VERB_ 了 _NOUN_ 的,81211
_VERB_ 自己 _PRT_ _NOUN_,80945
_VERB_ 自己 的 _NOUN_,80786
_START_ _NUM_ _._ _NOUN_,80549
是 _ADV_ _VERB_ 的,80467
_START_ _._ _NOUN_ _NOUN_,80362
_VERB_ _DET_ _NOUN_ 的,80227
_VERB_ _PRON_ _ADV_ _VERB_,80056
_X_ _X_ _X_ ^,80033
_VERB_ _._ _ADV_ _ADP_,80003
在 _NOUN_ _NOUN_ _VERB_,79829
_X_ ^ _X_ ^,79829
"_VERB_ _._ _NOUN_ """,79820
_X_ _X_ ^ ^,79790
_X_ ^ ^ ^,79632
_VERB_ _ADP_ _ADJ_ _NOUN_,79190
_VERB_ _VERB_ _PRON_ _PRT_,78970
_VERB_ _NOUN_ _._ _._,78948
"_VERB_ , _NOUN_ _PRT_",77833
_X_ ^ _X_ _X_,77770
_X_ _X_ ^ _X_,77759
_VERB_ _VERB_ 了 _NOUN_,77620
_X_ ^ ^ _X_,77510
_VERB_ _CONJ_ _NOUN_ _NOUN_,77437
_VERB_ _NUM_ % .,77351
"_VERB_ , _ADV_ _ADP_",76717
"_VERB_ 了 _NOUN_ ,",76698
_VERB_ _._ _PRON_ _ADV_,76683
"_VERB_ _._ _VERB_ ,",76496
十 _NUM_ 条 _NOUN_,76400
_VERB_ _PRON_ _VERB_ _VERB_,76033
_VERB_ _VERB_ _NUM_ _NOUN_,75538
_VERB_ _ADV_ _VERB_ .,75443
"_VERB_ _._ _NOUN_ ,",75300
的 _ADJ_ _NOUN_ _PRT_,75198
_VERB_ _._ _._ _END_,75131
"_VERB_ "" _NOUN_ """,75009
了 _NOUN_ _NOUN_ _._,74518
是 _ADP_ _NOUN_ _NOUN_,74202
的 _NOUN_ _VERB_ _ADV_,74165
_VERB_ _CONJ_ _VERB_ _NOUN_,74141
"_START_ _NUM_ , _NOUN_",73642
与 _NOUN_ _PRT_ _NOUN_,73496
_VERB_ _VERB_ 的 .,73381
"_START_ _NOUN_ , _NOUN_",73297
企业 _PRT_ _NOUN_ _NOUN_,73289
和 _NOUN_ _NOUN_ .,72712
_VERB_ _PRT_ _DET_ _NOUN_,72376
增长 _NUM_ _NUM_ _._,72208
_VERB_ _PRON_ _VERB_ _PRT_,71920
"_VERB_ , _PRON_ _ADV_",71895
_VERB_ _VERB_ _PRON_ 的,71664
_START_ _ADJ_ _NOUN_ _NOUN_,71547
"_VERB_ , _VERB_ ,",71499
_VERB_ _._ _._ _NOUN_,71259
_VERB_ 地 _VERB_ _NOUN_,71137
的 _NOUN_ _VERB_ 了,71127
是 _NOUN_ _NOUN_ _PRT_,71052
企业 的 _NOUN_ _NOUN_,70726
的 _ADJ_ _NOUN_ _CONJ_,70464
"_VERB_ , _NOUN_ _._",70447
_VERB_ _NOUN_ _CONJ_ _VERB_,70240
与 _NOUN_ _NOUN_ _PRT_,70032
了 _NOUN_ _PRT_ _NOUN_,69944
_VERB_ _NOUN_ _PRT_ _PRT_,69762
_START_ _ADV_ _ADP_ _NOUN_,69381
"_PRT_ 的 _NOUN_ ,",69038
_VERB_ _VERB_ _VERB_ _ADJ_,68972
_VERB_ _NOUN_ 的 _._,68908
增长 _NUM_ % _._,68791
_START_ _ADV_ _._ _VERB_,68621
社会 _NOUN_ _NOUN_ _NOUN_,68351
_VERB_ _PRT_ _ADJ_ _PRT_,68332
_START_ 第 _NUM_ 百,68117
_VERB_ _PRT_ _ADJ_ 的,67920
"_VERB_ _DET_ _NOUN_ ,",67887
_VERB_ _ADP_ _NOUN_ _._,67535
_START_ _ADP_ _NOUN_ _VERB_,67444
年 _NOUN_ 月 _._,67350
加强 _NOUN_ _NOUN_ _NOUN_,67057
_VERB_ _VERB_ _._ _ADP_,66924
"_START_ _ADV_ , _VERB_",66703
"的 _NOUN_ "" _._",66420
与 _NOUN_ 的 _NOUN_,66164
了 _NOUN_ 的 _NOUN_,66036
在 _NOUN_ _NOUN_ 中,65515
_VERB_ 的 _._ _VERB_,64991
"_VERB_ _NUM_ _NOUN_ ,",64956
_VERB_ 在 _NOUN_ _PRT_,64837
"_VERB_ _VERB_ "" _NOUN_",64751
_VERB_ _PRT_ _ADP_ _NOUN_,64603
的 _NOUN_ _VERB_ .,64596
的 _NUM_ _NUM_ _NOUN_,64105
_VERB_ _PRON_ _VERB_ _NOUN_,63934
了 _NOUN_ _NOUN_ _PRT_,63880
_START_ _PRON_ _VERB_ _VERB_,63696
_VERB_ _VERB_ _NOUN_ _ADV_,63505
_VERB_ _VERB_ _._ _._,63302
_VERB_ 对 _NOUN_ _NOUN_,63195
_VERB_ _NOUN_ _NOUN_ _NUM_,63194
_START_ 第 _NUM_ _._,63067
"_VERB_ , _ADJ_ _NOUN_",63009
_START_ _NOUN_ 月 _NOUN_,62842
_START_ _ADV_ _NOUN_ _NOUN_,62680
"_START_ 第 _NUM_ ,",62050
_VERB_ _VERB_ _PRON_ _VERB_,61994
在 _VERB_ _NOUN_ _NOUN_,61973
中 _NOUN_ _NOUN_ _NOUN_,61752
全国 _NOUN_ _NOUN_ _NOUN_,61651
_VERB_ 的 _VERB_ _._,61644
_VERB_ _NOUN_ 与 _NOUN_,61633
_START_ _VERB_ _VERB_ _NOUN_,61403
_START_ _NUM_ 是 _VERB_,61385
_START_ _ADV_ _._ _PRON_,61246
_VERB_ _PRT_ _ADJ_ _ADJ_,61040
与 _NOUN_ _NOUN_ _._,60992
的 _NOUN_ _NOUN_ _ADP_,60904
第 _NUM_ 十 一条,60764
和 _VERB_ _NOUN_ _NOUN_,60734
"_START_ _ADV_ , _PRON_",60722
_VERB_ _NUM_ 亿 _NUM_,60518
_VERB_ _NOUN_ _._ _PRON_,60487
为 _NOUN_ _NOUN_ _NOUN_,60335
_START_ _NUM_ _NUM_ _NUM_,60321
_VERB_ _._ _NOUN_ 的,60261
省 _NOUN_ _NOUN_ _NOUN_,60009
第 _NUM_ 十 二条,59951
_START_ _NOUN_ _ADP_ _NOUN_,59832
_START_ _VERB_ _PRT_ _NOUN_,59789
_VERB_ _NUM_ _NUM_ _PRT_,59721
_PRT_ 的 _ADJ_ _NOUN_,59689
第 _NUM_ 十 三条,59671
_VERB_ _PRT_ _._ _PRON_,59505
_START_ _ADP_ _DET_ _NOUN_,59152
"_VERB_ _VERB_ , _ADP_",59056
及 _NOUN_ _NOUN_ _NOUN_,58926
_VERB_ 了 _VERB_ _PRT_,58806
_VERB_ _DET_ _NOUN_ _VERB_,58800
的 _NOUN_ _VERB_ _ADP_,58749
在 _NOUN_ _NOUN_ _._,58728
_VERB_ _ADP_ _VERB_ _NOUN_,58445
"_VERB_ 的 "" _NOUN_",58275
_START_ _ADV_ _VERB_ _PRT_,58206
第 _NUM_ 十 四条,58155
_VERB_ 了 _ADV_ _VERB_,57946
了 _NOUN_ _._ _END_,57663
_VERB_ 了 _._ _NOUN_,57658
"_VERB_ _NOUN_ , _PRON_",57632
_VERB_ 到 _NOUN_ _NOUN_,57611
"年 _NOUN_ 月 ,",57605
和 _ADJ_ _NOUN_ _NOUN_,57374
社会 主义 _NOUN_ _NOUN_,57210
_VERB_ 于 _NOUN_ _NOUN_,57155
_VERB_ _NOUN_ _PRT_ 的,57027
"_VERB_ , _NOUN_ ,",56835
_START_ _NOUN_ _VERB_ _._,56829
_VERB_ 了 _NUM_ _NOUN_,56677
_START_ _NOUN_ _VERB_ _PRT_,56514
_START_ _NOUN_ _NOUN_ _ADP_,56360
_VERB_ 了 _VERB_ 的,56316
"_VERB_ _PRT_ , _PRON_",56100
是 _NOUN_ _PRT_ _NOUN_,56094
的 _._ _NOUN_ _._,55913
_START_ _PRON_ _VERB_ _NOUN_,55831
在 _NOUN_ _NOUN_ 的,55780
企业 _NOUN_ _NOUN_ _NOUN_,55659
的 _._ _ADV_ _VERB_,55580
_VERB_ _CONJ_ _VERB_ _PRT_,55562
在 _DET_ _NOUN_ _PRT_,55468
是 _NOUN_ _NOUN_ 的,55355
三 十 _NUM_ 条,55284
_VERB_ _VERB_ 地 _VERB_,55202
的 _ADJ_ _NOUN_ _ADV_,55164
_START_ _ADP_ _VERB_ _NOUN_,55093
_VERB_ _NOUN_ _NOUN_ _ADJ_,54940
_VERB_ _ADP_ _DET_ _NOUN_,54686
的 _NOUN_ _._ _NUM_,54623
的 _NOUN_ 是 _VERB_,54601
推进 _NOUN_ _NOUN_ _NOUN_,54580
和 _NOUN_ _._ _VERB_,54577
_VERB_ 的 _VERB_ _NOUN_,54501
_VERB_ 了 _NOUN_ .,54482
了 _NOUN_ . _END_,54479
第 一 百 _NUM_,54462
_VERB_ _._ _VERB_ 的,54334
的 _NOUN_ 下 _._,54325
自己 _PRT_ _NOUN_ _._,54278
与 _NOUN_ _NOUN_ _VERB_,54189
自己 的 _NOUN_ _._,54127
_VERB_ _ADJ_ _NOUN_ _CONJ_,54098
了 _NOUN_ _NOUN_ 的,54093
_VERB_ _._ _DET_ _NOUN_,53993
对 _NOUN_ _NOUN_ _VERB_,53920
_START_ _NUM_ _NUM_ _NOUN_,53896
一个 _VERB_ _PRT_ _NOUN_,53881
_VERB_ _PRON_ _._ _END_,53827
"_VERB_ 的 , _VERB_",53677
"_VERB_ _._ "" _NOUN_",53552
和 _NOUN_ _._ _ADV_,53529
_VERB_ _PRT_ _NOUN_ _ADP_,53449
"_VERB_ _NUM_ % ,",53346
一 _NUM_ _NOUN_ _NOUN_,53225
在 _ADJ_ _NOUN_ _PRT_,52890
一个 _VERB_ 的 _NOUN_,52778
_VERB_ _VERB_ _CONJ_ _VERB_,52764
和 _NOUN_ _ADV_ _VERB_,52645
的 _NOUN_ _NOUN_ 是,52583
最 _VERB_ _PRT_ _NOUN_,52582
"的 _NOUN_ 下 ,",52493
_VERB_ _PRT_ _._ _ADP_,52428
最 _VERB_ 的 _NOUN_,52252
_VERB_ _VERB_ _NOUN_ 和,52131
月 _NOUN_ _NOUN_ _NOUN_,52024
_VERB_ _NUM_ _NOUN_ _PRT_,52013
是 _NOUN_ _NOUN_ _._,51790
的 _NOUN_ _VERB_ _ADJ_,51751
_START_ _DET_ _NOUN_ _VERB_,51733
"的 "" _NOUN_ _._",51707
和 _NOUN_ _._ _NOUN_,51586
在 _NOUN_ _VERB_ _PRT_,51527
"和 _NOUN_ , _VERB_",51455
十 七 条 _NOUN_,51443
是 _NOUN_ 的 _NOUN_,51442
_VERB_ 各 _NUM_ _NOUN_,51285
"和 _NOUN_ , _ADV_",51278
_VERB_ _NUM_ 个 _NOUN_,51174
的 _NOUN_ 中 _._,51047
"_START_ "" _NOUN_ _NOUN_",51039
_VERB_ _VERB_ _._ _PRON_,50592
_START_ _ADV_ _._ _ADV_,50585
年 _._ _NOUN_ _NOUN_,50332
这 _NUM_ _NOUN_ 的,50217
了 _VERB_ _PRT_ _NOUN_,50186
_START_ _ADV_ _VERB_ _._,50181
"的 , _ADV_ _VERB_",50063
_VERB_ _VERB_ _VERB_ _NUM_,49957
"_START_ _ADV_ , _ADV_",49919
_PRT_ 的 _NOUN_ _VERB_,49834
_START_ _DET_ _NUM_ _NOUN_,49796
年 _NOUN_ _NOUN_ _._,49717
了 _VERB_ 的 _NOUN_,49346
_VERB_ _._ _NOUN_ _CONJ_,49244
国家 _NOUN_ _NOUN_ _NOUN_,49214
_VERB_ _NOUN_ _._ _CONJ_,49210
_VERB_ 了 一 _NUM_,49189
_VERB_ _NOUN_ ; _END_,49183
_VERB_ 地 _VERB_ 了,49006
经济 _NOUN_ _PRT_ _NOUN_,48913
第 _NUM_ _NUM_ _NOUN_,48832
_VERB_ _PRON_ _VERB_ 的,48757
"的 _._ _NOUN_ """,48560
"_VERB_ _NOUN_ _NOUN_ """,48508
_VERB_ _VERB_ _VERB_ _ADV_,48487
"的 "" _NOUN_ """,48372
_VERB_ _VERB_ 了 _._,48330
与 _NOUN_ _NOUN_ 的,48321
_START_ _ADP_ _ADJ_ _NOUN_,48145
_VERB_ 和 _NOUN_ _NOUN_,48122
_VERB_ 为 _NOUN_ _NOUN_,48037
_START_ _DET_ _NOUN_ _NOUN_,47867
_START_ _ADP_ _NOUN_ 的,47765
_VERB_ _NUM_ _NOUN_ _VERB_,47647
"是 _VERB_ _PRT_ ,",47573
的 _NOUN_ _._ 是,47542
_VERB_ _._ _PRT_ _NOUN_,47278
第 _NUM_ 十 五条,46836
_VERB_ 了 _NOUN_ _VERB_,46747
_VERB_ _NOUN_ _VERB_ .,46744
_VERB_ _VERB_ 的 _VERB_,46714
_VERB_ _PRT_ _NOUN_ 是,46685
的 _ADJ_ _NOUN_ 和,46621
_VERB_ _NOUN_ _ADV_ _ADV_,46590
_PRT_ 重要 _NOUN_ _._,46527
有 _NUM_ _NUM_ _NOUN_,46458
和 _NOUN_ _NOUN_ _ADV_,46358
"_VERB_ , _VERB_ 的",46333
经济 _NOUN_ 的 _NOUN_,46331
_VERB_ _._ _NUM_ _NUM_,46290
"是 _VERB_ 的 ,",46120
"_VERB_ _VERB_ , _PRON_",46022
的 _NOUN_ _._ 在,45960
"_VERB_ , _DET_ _NOUN_",45911
"在 _NOUN_ _NOUN_ ,",45851
"的 _NOUN_ 中 ,",45735
十 九 条 _NOUN_,45720
"的 _NOUN_ , 是",45646
中 _PRT_ _NOUN_ _NOUN_,45285
_VERB_ _VERB_ _VERB_ _PRON_,45113
"_VERB_ , _NOUN_ 的",45105
_VERB_ 的 _NOUN_ 是,45095
一 _NOUN_ _NOUN_ _NOUN_,45059
_VERB_ 的 _ADV_ _VERB_,45048
_VERB_ _PRON_ _VERB_ _._,45035
_VERB_ _._ _CONJ_ _VERB_,44819
了 _ADJ_ _NOUN_ _._,44806
_START_ _NOUN_ _CONJ_ _NOUN_,44779
_VERB_ _NOUN_ _VERB_ _ADJ_,44742
中 的 _NOUN_ _NOUN_,44731
"_VERB_ _ADP_ _NOUN_ ,",44646
和 _VERB_ _PRT_ _NOUN_,44645
_START_ _NOUN_ 年 _._,44637
第 _NUM_ 十 六条,44624
_VERB_ 地 _VERB_ _VERB_,44578
_VERB_ 了 _ADJ_ _PRT_,44529
_VERB_ 了 _ADJ_ 的,44476
"_VERB_ 的 _VERB_ ,",44297
_VERB_ _PRON_ _NOUN_ _NOUN_,44265
为 _NOUN_ _PRT_ _NOUN_,44060
的 _NOUN_ 和 _VERB_,44058
的 _NOUN_ _._ 而,43995
的 _NOUN_ _NOUN_ 中,43983
_START_ _VERB_ _VERB_ _VERB_,43958
_START_ _NUM_ _NOUN_ _NOUN_,43920
_START_ 第 一 百,43890
和 _NOUN_ _VERB_ _NOUN_,43827
_VERB_ _VERB_ _ADJ_ _ADJ_,43714
_VERB_ _._ 在 _NOUN_,43605
_VERB_ 地 _VERB_ _._,43598
_START_ _ADP_ _NOUN_ _._,43481
_START_ 第_NUM 一_NUM 百_NUM,43473
于 _NOUN_ _NOUN_ _NOUN_,43419
重要 _NOUN_ _._ _END_,43275
"的 _NOUN_ , 而",43162
第 _NUM_ _NUM_ 四条,43142
的 _NOUN_ 来 _VERB_,42929
_VERB_ _VERB_ _PRT_ _ADV_,42924
_VERB_ _ADJ_ _ADJ_ _PRT_,42872
_VERB_ _._ _NUM_ _NOUN_,42859
"的 _NOUN_ , 在",42852
_VERB_ _PRT_ _VERB_ .,42849
_VERB_ _NOUN_ _._ _NUM_,42839
的 _NOUN_ _VERB_ _NUM_,42793
"了 _NOUN_ _NOUN_ ,",42724
_VERB_ _PRT_ _PRT_ _NOUN_,42714
_VERB_ _._ 的 _NOUN_,42695
的 _NUM_ _NUM_ _._,42656
之 _NOUN_ _._ _END_,42628
_VERB_ _ADJ_ _ADJ_ 的,42580
有 _NOUN_ _PRT_ _NOUN_,42249
"_START_ _NOUN_ 年 ,",42151
"_VERB_ "" _PRT_ _NOUN_",42044
"_VERB_ _NOUN_ , _CONJ_",42013
_VERB_ _VERB_ 在 _NOUN_,41979
"经济 _NOUN_ _NOUN_ ,",41975
为 _NOUN_ 的 _NOUN_,41933
_VERB_ 的 _ADJ_ _ADJ_,41921
在 _NOUN_ _._ _NOUN_,41873
重要 _NOUN_ . _END_,41852
"_VERB_ _PRT_ , _ADP_",41818
的 _NOUN_ _VERB_ 的,41705
_VERB_ 的 _NUM_ _NUM_,41687
"_VERB_ 了 "" _NOUN_",41616
的 _NOUN_ _ADV_ 是,41472
_START_ _PRON_ _PRT_ _NOUN_,41456
_VERB_ 的 _VERB_ _VERB_,41392
的 _NOUN_ _ADV_ _ADP_,41392
_VERB_ _._ _VERB_ _ADV_,41269
"_VERB_ , _NOUN_ _CONJ_",41262
的 _NUM_ _NOUN_ _._,41210
经济 _NOUN_ _ADV_ _VERB_,41210
"_VERB_ , _CONJ_ _VERB_",41174
_VERB_ _VERB_ _PRT_ _NUM_,41097
的 _NOUN_ _._ _DET_,41084
_VERB_ _PRT_ 的 _NOUN_,40988
_VERB_ _VERB_ _NOUN_ _ADP_,40961
_VERB_ _._ _ADP_ _VERB_,40957
十 三条 _NOUN_ _NOUN_,40954
进一步 _VERB_ _NOUN_ _NOUN_,40904
_START_ _._ _NOUN_ _._,40867
经济 _NOUN_ _NOUN_ _NOUN_,40848
_START_ _NUM_ 是 _NOUN_,40821
十 二条 _NOUN_ _NOUN_,40725
_START_ _PRON_ 的 _NOUN_,40686
十 四条 _NOUN_ _NOUN_,40667
的 _NOUN_ _PRT_ .,40656
"_VERB_ _._ "" _END_",40649
_START_ _NOUN_ _NOUN_ _CONJ_,40601
在 _NOUN_ _PRT_ _._,40588
的 重要 _NOUN_ _._,40576
了 _ADJ_ _PRT_ _NOUN_,40553
了 _ADJ_ 的 _NOUN_,40511
_VERB_ 中国 _NOUN_ _NOUN_,40510
的 _NOUN_ 上 _._,40485
日 _._ _NOUN_ _NOUN_,40467
"_VERB_ _NOUN_ "" _._",40442
企业 _VERB_ _NOUN_ _NOUN_,40382
_VERB_ _NOUN_ 在 _NOUN_,40362
_VERB_ _ADV_ _ADP_ _NOUN_,40301
的 _NUM_ 六 _ADJ_,40264
是 _VERB_ _PRT_ _NOUN_,40248
_VERB_ _NOUN_ _._ _PRT_,40092
_VERB_ _._ _ADV_ _PRON_,40088
的 十 六 _ADJ_,40027
_VERB_ _NUM_ _NUM_ 元,39994
的_PRT 十_NUM 六_NUM 大_ADJ,39965
_VERB_ _._ _VERB_ _ADJ_,39897
有 _NOUN_ 的 _NOUN_,39854
地 _VERB_ _NOUN_ _NOUN_,39740
社会 _NOUN_ _PRT_ _NOUN_,39735
的 _NOUN_ _._ _ADJ_,39735
_VERB_ 和 _VERB_ _NOUN_,39655
也 _ADV_ _VERB_ _._,39649
"_VERB_ _PRT_ _NOUN_ """,39634
_VERB_ _NOUN_ _NOUN_ 与,39612
第 _NUM_ _NUM_ 一条,39558
● _._ _._ _._,39524
"年 , _NOUN_ _NOUN_",39485
和 _VERB_ 的 _NOUN_,39468
要 _VERB_ _NOUN_ _NOUN_,39216
"的 _NOUN_ _NOUN_ """,39176
_START_ _PRON_ _VERB_ _._,39154
和 _NOUN_ _VERB_ _VERB_,39124
不 _VERB_ _PRT_ _NOUN_,39107
_VERB_ _PRT_ _ADV_ _ADV_,39105
● ● _._ _._,39093
● _._ ● _._,39091
从 _NOUN_ _NOUN_ _NOUN_,39024
之 _NOUN_ . _END_,39011
_VERB_ _PRT_ _PRT_ _._,38941
_VERB_ 一 _NUM_ _ADJ_,38939
一 _NUM_ _NUM_ _NUM_,38891
_VERB_ 一 _NUM_ _NOUN_,38776
● _._ _._ ●,38772
"_VERB_ , _ADV_ _PRON_",38759
● ● ● _._,38748
和 _NOUN_ _VERB_ _PRT_,38658
_VERB_ _._ _VERB_ 了,38641
_PRT_ 的 _NOUN_ .,38510
● ● _._ ●,38481
● _._ ● ●,38478
市 _NOUN_ _NOUN_ _NOUN_,38429
_VERB_ 地 _VERB_ _PRT_,38405
_X_ _NOUN_ _NOUN_ _NOUN_,38375
"_VERB_ "" 的 _NOUN_",38318
社会 _NOUN_ _NOUN_ _._,38268
_VERB_ _PRT_ _VERB_ 了,38240
● ● ● ●,38212
全国 _NOUN_ 常委 会,38205
●_. ●_. ●_. ●_.,38192
全国 人大 _NOUN_ 会,38076
"_VERB_ , 在 _NOUN_",38027
_VERB_ _CONJ_ _NOUN_ _._,38019
全国 人大 常委 会,37974
_START_ _._ 2 _._,37935
_VERB_ _NUM_ _NUM_ _VERB_,37893
_VERB_ _PRT_ _PRON_ _PRT_,37887
_VERB_ _PRON_ _NOUN_ _PRT_,37884
_VERB_ . _._ _END_,37858
越 _VERB_ _ADV_ _VERB_,37853
_VERB_ 一 种 _NOUN_,37827
的 _NOUN_ _VERB_ _PRON_,37774
在 _NOUN_ _VERB_ _NOUN_,37626
是 _VERB_ _PRT_ .,37591
"的 _NOUN_ , _DET_",37547
在 _VERB_ _PRT_ _NOUN_,37500
_VERB_ _CONJ_ _VERB_ 的,37428
_VERB_ _DET_ _NOUN_ .,37407
种 _NOUN_ _NOUN_ _._,37300
_VERB_ _CONJ_ _VERB_ _VERB_,37297
_VERB_ _._ _ADV_ 是,37281
而 _VERB_ _PRT_ _NOUN_,37280
_START_ _NUM_ _._ _VERB_,37270
随 _PRT_ _NOUN_ _NOUN_,37245
"年 _NOUN_ _NOUN_ ,",37229
"_VERB_ , _VERB_ _ADV_",37221
_VERB_ _NOUN_ _VERB_ _ADV_,37215
以 _NOUN_ _NOUN_ _NOUN_,37198
增长 _NUM_ _NUM_ .,37176
随 着 _NOUN_ _NOUN_,37110
是 _VERB_ _NOUN_ _PRT_,37086
_VERB_ _._ . _END_,37061
越 _VERB_ 越 _VERB_,37026
_VERB_ _NOUN_ _PRT_ .,36976
_VERB_ _NOUN_ 和 _VERB_,36958
_VERB_ _PRON_ . _END_,36863
不 _VERB_ _NOUN_ _NOUN_,36825
_X_ _NOUN_ _NOUN_ _VERB_,36810
"和 _NOUN_ , _NOUN_",36755
_VERB_ _NOUN_ _PRT_ _ADV_,36678
_START_ _VERB_ _NOUN_ _VERB_,36672
月 _._ _NOUN_ _NOUN_,36670
的 _DET_ _NOUN_ _._,36652
"_START_ _ADP_ _NOUN_ ,",36623
的 _NOUN_ _._ 也,36622
一 种 _NOUN_ _NOUN_,36567
是 _VERB_ _VERB_ _PRT_,36543
社会 _NOUN_ 的 _NOUN_,36523
是 _VERB_ 的 .,36481
有 _ADJ_ _PRT_ _NOUN_,36397
_VERB_ _VERB_ _CONJ_ _NOUN_,36379
_START_ ( 2 _._,36348
_START_ ( 2 ),36305
_START_ _._ 2 ),36304
_START_ (_. 2_NUM )_.,36299
的 _NOUN_ _NOUN_ 与,36272
这 种 _NOUN_ _NOUN_,36259
有 _ADJ_ 的 _NOUN_,36253
一 _NUM_ _NOUN_ _._,36243
_START_ _VERB_ 的 _NOUN_,36239
不 _VERB_ 的 _NOUN_,36238
的 _NOUN_ _ADJ_ _NOUN_,36230
_VERB_ 的 _NOUN_ _ADP_,36224
种 _NOUN_ _PRT_ _NOUN_,36180
增长 _NUM_ % .,36149
是 _VERB_ _VERB_ _NOUN_,36128
_VERB_ 的 _NOUN_ 的,36088
"_VERB_ , _VERB_ 了",35999
"的 _NOUN_ , 也",35987
"的 _NOUN_ _._ ,",35985
第 _NUM_ _NUM_ _._,35888
_VERB_ _VERB_ _PRON_ _._,35886
_VERB_ 社会 _NOUN_ _NOUN_,35865
为 _NUM_ _NUM_ _._,35844
_VERB_ _PRON_ _ADP_ _NOUN_,35833
_VERB_ _._ _ADV_ _._,35825
"在 _NOUN_ , _NOUN_",35771
"_VERB_ _NOUN_ "" _NOUN_",35687
"_START_ _NOUN_ _VERB_ ,",35677
万 元 _NUM_ _NUM_,35661
各 种 _NOUN_ _NOUN_,35658
_VERB_ _VERB_ _VERB_ _ADP_,35629
的 _NOUN_ _PRT_ _ADV_,35612
地 _VERB_ 了 _NOUN_,35570
_VERB_ _NUM_ _NOUN_ 的,35542
_VERB_ _PRT_ _PRON_ 的,35486
"_VERB_ , _VERB_ _ADJ_",35479
"的 _NOUN_ _._ """,35467
国际 _NOUN_ _NOUN_ _NOUN_,35439
在 _ADJ_ _NOUN_ _NOUN_,35425
_VERB_ _ADP_ _PRON_ _VERB_,35415
_START_ _ADV_ _VERB_ 的,35413
_START_ _._ 二 _._,35310
_VERB_ : _NOUN_ _NOUN_,35177
_START_ ( 二 _._,35159
_START_ ( 二 ),35154
_START_ _._ 二 ),35152
_START_ (_. 二_NUM )_.,35149
_VERB_ _NOUN_ _NOUN_ 中,35140
_VERB_ _NOUN_ _PRT_ _NUM_,35092
_VERB_ _VERB_ _DET_ _NUM_,35084
"日 , _NOUN_ _NOUN_",35046
"_VERB_ , _ADV_ 是",35022
_VERB_ _NOUN_ _VERB_ _NUM_,35008
"_START_ _NUM_ , _VERB_",35005
_VERB_ _NUM_ _NUM_ ;,34999
在 _NOUN_ _NOUN_ 上,34985
"_PRT_ 重要 _NOUN_ ,",34982
到 _NOUN_ _NOUN_ _NOUN_,34892
越 来 越 _VERB_,34859
_VERB_ _NUM_ _ADJ_ _NOUN_,34851
_START_ _ADJ_ _NOUN_ _VERB_,34845
越 来 _ADV_ _VERB_,34813
进行 _NOUN_ _._ _END_,34726
新 _PRT_ _NOUN_ _NOUN_,34671
在 _NOUN_ 中 _VERB_,34640
新 的 _NOUN_ _NOUN_,34628
_START_ _NUM_ _VERB_ _VERB_,34614
_VERB_ _PRT_ ? _END_,34514
_START_ _DET_ _NOUN_ _ADV_,34512
这 _NUM_ _NOUN_ _PRT_,34476
亿 元 _._ 增长,34400
中 _._ _NOUN_ _NOUN_,34376
种 _NOUN_ 的 _NOUN_,34375
一 _._ _NOUN_ _NOUN_,34356
_START_ _NOUN_ _NOUN_ 是,34346
由 _NOUN_ _NOUN_ _NOUN_,34326
的 _NOUN_ _._ _PRT_,34307
的 _NOUN_ _NOUN_ ;,34292
"亿 元 , 增长",34287
"_START_ _ADV_ _VERB_ ,",34239
_VERB_ _NOUN_ _._ _ADJ_,34232
_VERB_ _._ _VERB_ _ADP_,34208
生产 _NOUN_ _NOUN_ _NOUN_,34186
市场 _NOUN_ _PRT_ _NOUN_,34180
和 _ADJ_ _NOUN_ _._,34110
_VERB_ _._ _VERB_ _PRON_,34061
"来 _VERB_ , _NOUN_",34035
_VERB_ _ADV_ _VERB_ _ADJ_,34026
中 _VERB_ _PRT_ _NOUN_,33975
"_VERB_ . "" _END_",33923
的 _VERB_ _NOUN_ _NOUN_,33915
_VERB_ _NUM_ _PRT_ _NOUN_,33913
_START_ _ADV_ _._ 在,33874
_VERB_ _PRT_ _NOUN_ 中,33836
_START_ _NUM_ _NUM_ _._,33835
_VERB_ _PRT_ 是 _._,33804
"的 _NOUN_ 上 ,",33786
"的 _NOUN_ , _ADJ_",33731
_VERB_ 的 是 _._,33707
的 _NOUN_ 是 _NOUN_,33700
"_START_ _ADV_ , 在",33611
在 _VERB_ _NOUN_ _PRT_,33569
_VERB_ _ADJ_ _NOUN_ 和,33554
为 _NOUN_ _NOUN_ _._,33535
在 _NOUN_ _CONJ_ _NOUN_,33471
的 _NOUN_ _._ 但,33444
是 _ADV_ _VERB_ _NOUN_,33431
_VERB_ 了 _DET_ _NOUN_,33415
_START_ _PRON_ _VERB_ _PRT_,33413
"_VERB_ , _ADP_ _VERB_",33381
_START_ 在 _NOUN_ _PRT_,33302
的 _ADJ_ _PRT_ _NOUN_,33257
_VERB_ _ADV_ _ADJ_ _NOUN_,33233
自己 _PRT_ _NOUN_ _NOUN_,33215
自己 的 _NOUN_ _NOUN_,33169
_VERB_ _NUM_ 的 _NOUN_,33122
"的 _NOUN_ , 但",33122
"自己 _PRT_ _NOUN_ ,",33117
_START_ _NOUN_ _PRT_ _._,33084
金融 _NOUN_ _NOUN_ _NOUN_,33049
_VERB_ : _._ _NOUN_,33037
"自己 的 _NOUN_ ,",33027
而 _VERB_ 的 _NOUN_,33023
第 _NUM_ _NOUN_ _._,33008
"在 _NOUN_ _PRT_ ,",32932
了 _NUM_ _NUM_ _NOUN_,32920
以 _NOUN_ _NOUN_ _VERB_,32897
_VERB_ 经济 _NOUN_ _PRT_,32883
_VERB_ _._ _._ _PRON_,32876
_VERB_ 与 _NOUN_ _NOUN_,32874
_VERB_ 一个 _VERB_ _PRT_,32850
市场 _NOUN_ _NOUN_ _NOUN_,32848
_START_ _VERB_ _NOUN_ _PRT_,32841
"月 , _NOUN_ _NOUN_",32806
与 _NOUN_ _._ _NOUN_,32805
_VERB_ _NUM_ _NUM_ 的,32804
"是 _NOUN_ _NOUN_ ,",32803
了 _._ _NOUN_ _NOUN_,32750
第 _NUM_ _NUM_ 六条,32735
年 _NUM_ _NUM_ _NUM_,32732
的 _NOUN_ 中 _VERB_,32571
_VERB_ _._ _._ _VERB_,32537
_START_ _VERB_ _ADJ_ _NOUN_,32346
_VERB_ _VERB_ _PRON_ _NOUN_,32342
是 _NOUN_ _NOUN_ _VERB_,32327
人 _PRT_ _NOUN_ _._,32305
十 _NUM_ _NUM_ _NOUN_,32262
_VERB_ _VERB_ _VERB_ _DET_,32251
第 _NUM_ _NUM_ _NUM_,32240
_VERB_ _ADV_ _VERB_ _ADV_,32232
"中 , _NOUN_ _NOUN_",32232
在 _VERB_ 的 _NOUN_,32222
的 _ADJ_ 的 _NOUN_,32219
中国 _NOUN_ _PRT_ _NOUN_,32205
发展 _PRT_ _NOUN_ _._,32132
"_VERB_ "" _._ _END_",32107
_VERB_ 了 _ADP_ _NOUN_,32104
_VERB_ 着 _NOUN_ _NOUN_,32047
从 _NOUN_ _NOUN_ _PRT_,32004
亿 _NUM_ _._ _NOUN_,32001
九 _NUM_ _NUM_ 年,31946
_VERB_ _DET_ 一 _NOUN_,31922
是 _VERB_ _VERB_ 的,31908
市场 _NOUN_ 的 _NOUN_,31886
二 _._ _NOUN_ _NOUN_,31883
是 _VERB_ _NOUN_ 的,31870
_VERB_ _PRT_ _._ _._,31804
"_VERB_ "" _ADJ_ _NOUN_",31718
万 _NUM_ _._ _NOUN_,31703
"_VERB_ : "" _NOUN_",31676
等 _NUM_ _NUM_ _NOUN_,31631
_VERB_ _PRT_ _VERB_ _PRON_,31583
进行 _NOUN_ . _END_,31578
_VERB_ _PRT_ _DET_ _NUM_,31524
"的 重要 _NOUN_ ,",31459
_VERB_ _VERB_ _._ _CONJ_,31446
_VERB_ 一个 _VERB_ 的,31395
