ngram,freq
的 _NOUN_ _NOUN_ _._ _END_,477909
的 _NOUN_ _NOUN_ . _END_,436759
_START_ _NOUN_ _NOUN_ _NOUN_ _NOUN_,360638
的 _NOUN_ _NOUN_ _NOUN_ _._,335115
的 _NOUN_ _._ _ADV_ _VERB_,323991
"的 _NOUN_ , _ADV_ _VERB_",314155
的 _NOUN_ _NOUN_ _NOUN_ _NOUN_,259601
_VERB_ _._ _NOUN_ _NOUN_ _NOUN_,241118
的 _ADJ_ _NOUN_ _._ _END_,234118
的 _ADJ_ _NOUN_ . _END_,218378
的 _NOUN_ _NOUN_ _._ _ADV_,217718
"的 _NOUN_ _NOUN_ , _ADV_",209536
的 _NOUN_ _NOUN_ _._ _VERB_,204005
"的 _NOUN_ _NOUN_ , _VERB_",193587
"的 _NOUN_ _NOUN_ _NOUN_ ,",184398
的 _NOUN_ _CONJ_ _NOUN_ _._,172702
的 _NOUN_ _NOUN_ _._ _NOUN_,168678
的 _NOUN_ _._ _NOUN_ _NOUN_,165211
的 _NOUN_ _NOUN_ _CONJ_ _NOUN_,162253
的 _NOUN_ _NOUN_ _ADV_ _VERB_,158167
的 _NOUN_ _._ _VERB_ _NOUN_,151836
"_VERB_ , _NOUN_ _NOUN_ _NOUN_",148209
_VERB_ _ADJ_ _PRT_ _NOUN_ _._,146979
_VERB_ _ADJ_ 的 _NOUN_ _._,146339
年 _NOUN_ _NOUN_ _NOUN_ _NOUN_,144530
"的 _NOUN_ , _VERB_ _NOUN_",143462
"的 _NOUN_ _NOUN_ , _NOUN_",140532
的 _NOUN_ _._ _ADV_ _ADV_,138515
_VERB_ _ADJ_ _NOUN_ _PRT_ _NOUN_,137529
"的 _NOUN_ , _NOUN_ _NOUN_",136952
的 _NOUN_ _CONJ_ _NOUN_ _NOUN_,134901
"的 _NOUN_ , _ADV_ _ADV_",134846
和 _NOUN_ _NOUN_ _NOUN_ _NOUN_,132839
_VERB_ _._ _NOUN_ _NOUN_ _._,131850
_VERB_ _ADJ_ _NOUN_ _NOUN_ _NOUN_,130559
_VERB_ _ADJ_ _NOUN_ 的 _NOUN_,130420
的 _NOUN_ _ADV_ _VERB_ _._,127956
的 _NOUN_ _._ _VERB_ _VERB_,123221
_VERB_ _._ _VERB_ _NOUN_ _NOUN_,122907
_VERB_ _._ _ADV_ _VERB_ _NOUN_,122370
_VERB_ _ADJ_ _NOUN_ _._ _END_,120655
_VERB_ _._ _ADV_ _VERB_ _VERB_,119763
_START_ _ADP_ _NOUN_ _NOUN_ _NOUN_,119070
_VERB_ _ADJ_ _PRT_ _NOUN_ _NOUN_,118956
_VERB_ _ADJ_ 的 _NOUN_ _NOUN_,118768
的 _NOUN_ 和 _NOUN_ _._,118117
"的 _NOUN_ , _VERB_ _VERB_",117010
的 _NOUN_ _NOUN_ _NOUN_ _VERB_,114802
_VERB_ _._ _ADV_ _ADV_ _VERB_,114152
"_VERB_ , _ADV_ _VERB_ _NOUN_",114122
的 _ADJ_ _NOUN_ _NOUN_ _._,113856
"_VERB_ , _ADV_ _VERB_ _VERB_",113574
_START_ _._ _NUM_ _._ _NOUN_,111460
的 _NOUN_ _NOUN_ _NOUN_ .,110753
_VERB_ _ADJ_ _NOUN_ . _END_,109862
"_VERB_ , _ADV_ _ADV_ _VERB_",109547
的 _NOUN_ _NOUN_ 和 _NOUN_,108289
"_VERB_ , _VERB_ _NOUN_ _NOUN_",105771
_VERB_ _ADJ_ _NOUN_ _NOUN_ _._,104875
年 _NOUN_ 月 _NOUN_ _NOUN_,103589
_START_ ( _NUM_ _._ _NOUN_,100656
_START_ _._ _NUM_ ) _NOUN_,100632
_START_ ( _NUM_ ) _NOUN_,100616
的 _NOUN_ _ADV_ _VERB_ _VERB_,100428
和 _NOUN_ _NOUN_ _PRT_ _NOUN_,100344
的 _NOUN_ _NOUN_ _VERB_ _VERB_,97573
的 _NOUN_ _NOUN_ _VERB_ _NOUN_,96869
在 _NOUN_ _NOUN_ _NOUN_ _NOUN_,96831
的 _NOUN_ _._ _ADP_ _NOUN_,96210
的 _NOUN_ _ADV_ _ADV_ _VERB_,96062
_START_ _NUM_ 十 _NUM_ 条,94176
_START_ _NOUN_ _NOUN_ _NOUN_ _VERB_,93175
_VERB_ _._ _NOUN_ _NOUN_ _VERB_,93059
的 _NOUN_ _VERB_ _NOUN_ _._,92452
"的 _NOUN_ _CONJ_ _NOUN_ ,",91338
的 _NOUN_ _VERB_ _NOUN_ _NOUN_,91198
月 _NOUN_ _NOUN_ _._ _NOUN_,90388
"的 _NOUN_ , _ADP_ _NOUN_",90088
_START_ 第 十 _NUM_ 条,89674
年 _NOUN_ _NOUN_ _NOUN_ 日,88880
年 _NOUN_ 月 _NOUN_ 日,88761
月 _NOUN_ 日 _._ _NOUN_,88452
和 _NOUN_ _NOUN_ 的 _NOUN_,88208
的 _ADJ_ _NOUN_ _._ _ADV_,86606
_START_ _ADV_ _._ _NOUN_ _NOUN_,86347
的 _NOUN_ 和 _NOUN_ _NOUN_,85531
_START_ _NOUN_ _NOUN_ _._ _NOUN_,85111
和 _NOUN_ _NOUN_ _NOUN_ _._,84929
_VERB_ _._ _ADP_ _NOUN_ _NOUN_,84665
"的 _ADJ_ _NOUN_ , _ADV_",83607
第 _NUM_ 十 _NUM_ 条,83045
"_START_ _ADV_ , _NOUN_ _NOUN_",82680
第 _NUM_ 百 _NUM_ _NUM_,81780
和 _NOUN_ _NOUN_ _._ _END_,81047
的 _NOUN_ _NOUN_ _PRT_ _NOUN_,81041
"月 _NOUN_ _NOUN_ , _NOUN_",80389
"月 _NOUN_ 日 , _NOUN_",79185
的 _NOUN_ _NOUN_ _VERB_ _._,78389
的 _ADJ_ _NOUN_ _._ _VERB_,77832
的 _NOUN_ _NOUN_ _NOUN_ _PRT_,77022
_START_ _VERB_ _NOUN_ _NOUN_ _NOUN_,77005
"_VERB_ , _NOUN_ _NOUN_ _VERB_",76832
_VERB_ _._ _ADV_ _VERB_ _._,76779
的 _NOUN_ _._ _VERB_ _PRT_,76664
的 _NOUN_ _NOUN_ _PRT_ _._,76651
_START_ _._ _NUM_ _._ _VERB_,75897
的 _NOUN_ _ADV_ _VERB_ _NOUN_,75845
第 十 _NUM_ 条 _NOUN_,75673
"的 _ADJ_ _NOUN_ , _VERB_",74445
_START_ ( _NUM_ _._ _VERB_,74420
_START_ _._ _NUM_ ) _VERB_,74407
_START_ ( _NUM_ ) _VERB_,74383
对 _NOUN_ _NOUN_ _PRT_ _NOUN_,73938
_VERB_ _ADJ_ _NOUN_ _NOUN_ _PRT_,73866
在 _NOUN_ _NOUN_ _NOUN_ _PRT_,73633
"的 _NOUN_ , _VERB_ _PRT_",73295
"_VERB_ , _ADP_ _NOUN_ _NOUN_",72713
"_VERB_ _ADJ_ _PRT_ _NOUN_ ,",72662
对 _NOUN_ _NOUN_ 的 _NOUN_,72502
"_VERB_ _ADJ_ 的 _NOUN_ ,",72339
和 _NOUN_ _NOUN_ . _END_,72276
的 _NOUN_ _VERB_ _VERB_ _NOUN_,71736
_START_ _NOUN_ _NOUN_ _PRT_ _NOUN_,71705
的 _NOUN_ _._ _NOUN_ _._,71572
_START_ _NOUN_ 年 _NOUN_ _NOUN_,71110
的 _NOUN_ _VERB_ _._ _END_,70906
"的 _NOUN_ _ADV_ _VERB_ ,",70624
_VERB_ _._ _NOUN_ _ADV_ _VERB_,69932
的 _NOUN_ _NOUN_ _._ _ADP_,69295
"_VERB_ "" _NOUN_ _NOUN_ _._",69196
的 _NOUN_ _NOUN_ 的 _NOUN_,68927
"_VERB_ , _ADV_ _VERB_ _._",68158
_VERB_ _._ _NOUN_ _._ _NOUN_,67835
_START_ 第 _NUM_ 百 _NUM_,66932
"_VERB_ "" _NOUN_ _NOUN_ _NOUN_",66191
_START_ _NOUN_ _NOUN_ 的 _NOUN_,66114
_VERB_ _._ _ADV_ _VERB_ _PRT_,65762
第 _NUM_ 百 _NUM_ 十,65468
"的 _NOUN_ _NOUN_ , _ADP_",65287
"_VERB_ _._ _NOUN_ _NOUN_ """,65006
_START_ _ADP_ _NOUN_ _NOUN_ _PRT_,64658
_VERB_ _._ _VERB_ _PRT_ _NOUN_,64492
的 _NOUN_ _VERB_ _VERB_ _VERB_,64283
_START_ _NOUN_ _NOUN_ _NOUN_ _._,64054
的 _NOUN_ _VERB_ . _END_,63627
_START_ _ADV_ _VERB_ _NOUN_ _NOUN_,63343
"的 _NOUN_ 和 _NOUN_ ,",63316
"_START_ _NOUN_ _NOUN_ , _NOUN_",62899
的 _NOUN_ _VERB_ _VERB_ _._,62763
的 _NOUN_ _CONJ_ _NOUN_ .,62740
的 _NOUN_ _._ _ADV_ _NOUN_,62353
"_VERB_ , _NOUN_ _ADV_ _VERB_",62238
"_VERB_ _ADJ_ _NOUN_ _NOUN_ ,",62210
第 二 十 _NUM_ 条,62033
"_VERB_ "" _NOUN_ _NOUN_ """,62005
"_VERB_ , _ADV_ _VERB_ _PRT_",61870
_VERB_ _ADJ_ _PRT_ _NOUN_ .,61743
_VERB_ _ADJ_ 的 _NOUN_ .,61503
_VERB_ _._ _NOUN_ _PRT_ _NOUN_,61493
的 _ADJ_ _NOUN_ _NOUN_ _NOUN_,61447
的 _NOUN_ _._ _ADV_ _ADP_,60976
的 _NOUN_ _NOUN_ _NOUN_ _ADV_,60603
的 _NOUN_ _._ _PRON_ _VERB_,60469
的 _NOUN_ _._ _NOUN_ _VERB_,60209
_VERB_ _ADJ_ _NOUN_ _NOUN_ 的,59544
"的 _NOUN_ , _ADV_ _ADP_",59330
_START_ _NOUN_ 月 _NOUN_ _NOUN_,59298
"的 _NOUN_ , _ADV_ _NOUN_",58768
_START_ _NOUN_ _NOUN_ _NOUN_ 日,58259
的 _NOUN_ _PRT_ _._ _END_,58232
"的 _ADJ_ _NOUN_ _NOUN_ ,",58226
"的 _NOUN_ _NOUN_ _PRT_ ,",58189
_START_ _NOUN_ _NOUN_ _VERB_ _NOUN_,57828
_START_ _NOUN_ _NOUN_ _ADV_ _VERB_,57718
_START_ _NOUN_ _NOUN_ _NOUN_ 月,57700
"的 _NOUN_ , _PRON_ _VERB_",57574
的 _NOUN_ _ADV_ _VERB_ _PRT_,57484
"_VERB_ , _VERB_ _PRT_ _NOUN_",57427
了 _NOUN_ _NOUN_ _NOUN_ _NOUN_,57302
_VERB_ _ADJ_ _NOUN_ _._ _VERB_,57245
和 _NOUN_ _PRT_ _NOUN_ _._,56706
的 _NOUN_ _VERB_ _PRT_ _NOUN_,56628
_START_ _NOUN_ 月 _NOUN_ 日,56597
的 _NOUN_ _VERB_ _VERB_ _PRT_,56331
_VERB_ _._ _VERB_ _VERB_ _NOUN_,56295
第 _NUM_ 十 七 条,56241
与 _NOUN_ _NOUN_ _NOUN_ _NOUN_,56016
_START_ _NOUN_ 年 _NOUN_ 月,55754
_VERB_ _._ _NOUN_ _NOUN_ _ADV_,55327
和 _NOUN_ _NOUN_ _NOUN_ _PRT_,55003
的 _NOUN_ _NOUN_ _PRT_ _VERB_,54734
中国 _NOUN_ _NOUN_ _NOUN_ _NOUN_,54512
的 _NOUN_ _PRT_ _._ _NOUN_,54308
_VERB_ _._ _VERB_ _NOUN_ _._,54241
_PRT_ 的 _NOUN_ _NOUN_ _._,54157
"的 _NOUN_ , _NOUN_ _VERB_",54111
的 _NOUN_ _CONJ_ _NOUN_ _PRT_,54052
增长 _NUM_ _NUM_ _._ _END_,53879
_VERB_ _._ _NOUN_ _NOUN_ _PRT_,53837
"_VERB_ _ADJ_ _NOUN_ , _VERB_",53758
_VERB_ _ADJ_ _NOUN_ _._ _ADV_,53221
的 _NOUN_ _NOUN_ _VERB_ _PRT_,52970
的 _ADJ_ _NOUN_ _._ _NOUN_,52898
的 _NOUN_ _PRT_ _NOUN_ _._,52502
的 _NOUN_ _VERB_ _ADV_ _VERB_,52435
_START_ _NUM_ _._ _NOUN_ _NOUN_,52418
增长 _NUM_ % _._ _END_,52404
"的 _NOUN_ _PRT_ , _NOUN_",52366
和 _NOUN_ 的 _NOUN_ _._,51907
第 一 百 _NUM_ _NUM_,51562
"的 _NOUN_ _VERB_ _NOUN_ ,",51497
_VERB_ _._ _NOUN_ _VERB_ _._,51396
_START_ _NOUN_ _._ _NOUN_ _NOUN_,51139
的 _NOUN_ _NOUN_ _NOUN_ _CONJ_,50835
"_VERB_ _ADJ_ _NOUN_ , _ADV_",50820
"_VERB_ , _NOUN_ _NOUN_ _ADV_",50573
"的 _NOUN_ _._ _NOUN_ ,",50567
_VERB_ _._ _VERB_ _VERB_ _VERB_,50389
"的 _NOUN_ , _NOUN_ _._",50323
的 _NOUN_ _._ _NOUN_ _PRT_,50171
在 _NOUN_ _NOUN_ _PRT_ _NOUN_,49938
_VERB_ _._ _NOUN_ 的 _NOUN_,49676
十 _NUM_ 条 _NOUN_ _NOUN_,49530
的 _NOUN_ _._ _PRON_ _ADV_,49472
"_VERB_ _._ _NOUN_ _NOUN_ ,",49327
是 _ADV_ _VERB_ _PRT_ _._,49209
"_VERB_ , _NOUN_ _NOUN_ _._",49138
_VERB_ _._ _PRON_ _ADV_ _VERB_,49094
"_VERB_ , _VERB_ _VERB_ _NOUN_",48683
_START_ _NOUN_ _NOUN_ _NOUN_ _PRT_,48678
在 _NOUN_ _NOUN_ _PRT_ _VERB_,48675
_START_ _NOUN_ _NOUN_ _VERB_ _VERB_,48655
_START_ _ADV_ _._ _ADP_ _NOUN_,48567
的 _NOUN_ _PRT_ _._ _ADV_,48457
"_START_ _NUM_ , _NOUN_ _NOUN_",48354
"_START_ _ADV_ , _ADP_ _NOUN_",48067
第 三 _NUM_ _NUM_ 条,48061
第 三 十 _NUM_ 条,48033
"的 _NOUN_ , _PRON_ _ADV_",47888
的 _NOUN_ _PRT_ _._ _VERB_,47812
"的 _NOUN_ _PRT_ , _ADV_",47695
是 _ADV_ _VERB_ 的 _._,47163
"的 _NOUN_ _PRT_ , _VERB_",46860
的 _NOUN_ _CONJ_ _NOUN_ _VERB_,46750
_VERB_ _ADJ_ _ADJ_ _NOUN_ _NOUN_,46672
的 _NOUN_ _._ _._ _END_,46529
对 _NOUN_ _NOUN_ _NOUN_ _NOUN_,46426
"和 _NOUN_ _NOUN_ _NOUN_ ,",46268
"_VERB_ , _NOUN_ _PRT_ _NOUN_",46211
的 _NOUN_ _VERB_ _._ _NOUN_,46015
_START_ _NOUN_ _PRT_ _NOUN_ _NOUN_,45983
"_VERB_ , _PRON_ _ADV_ _VERB_",45954
_VERB_ _._ _ADV_ _ADP_ _NOUN_,45698
_VERB_ _ADJ_ _NOUN_ _._ _NOUN_,45683
"的 _NOUN_ , _NOUN_ _PRT_",45424
_START_ _NUM_ _NUM_ 十 二条,45305
_START_ 第 _NUM_ 十 二条,45288
的 _NOUN_ _NOUN_ _ADV_ _ADV_,45171
"的 _NOUN_ , _NOUN_ ,",44984
是 _NOUN_ _NOUN_ _NOUN_ _NOUN_,44938
_START_ _NUM_ _NUM_ 十 三条,44832
的 _NOUN_ 和 _NOUN_ .,44822
_START_ 第 _NUM_ 十 三条,44811
在 _NOUN_ _NOUN_ 的 _NOUN_,44714
"的 _ADJ_ _NOUN_ , _NOUN_",44317
_PRT_ 的 _NOUN_ _NOUN_ _NOUN_,44308
三 十 _NUM_ 条 _NOUN_,44246
第 _NUM_ _NUM_ 八 条,44178
的 _ADJ_ _NOUN_ _NOUN_ .,44064
第 _NUM_ 十 八 条,44063
"_VERB_ , _NOUN_ _NOUN_ _PRT_",44040
的 _NOUN_ _VERB_ _._ _ADV_,43965
_START_ _NUM_ _NUM_ 十 四条,43828
_START_ 第 _NUM_ 十 四条,43811
和 _NOUN_ _PRT_ _NOUN_ _NOUN_,43789
"_VERB_ , _ADV_ _ADP_ _NOUN_",43759
_START_ _NUM_ _NUM_ 百 _NUM_,43650
的 _NOUN_ _._ _NOUN_ _CONJ_,43597
所 _VERB_ _PRT_ _NOUN_ _NOUN_,43519
"的 _NOUN_ _NOUN_ _VERB_ ,",43442
"_VERB_ , _VERB_ _VERB_ _VERB_",43438
_START_ 第 一 百 _NUM_,43273
了 _NOUN_ _NOUN_ _PRT_ _NOUN_,43098
的 _NOUN_ _ADV_ _VERB_ .,43095
_START_ _NOUN_ _VERB_ _NOUN_ _NOUN_,43087
与 _NOUN_ _NOUN_ _PRT_ _NOUN_,43072
所 _VERB_ 的 _NOUN_ _NOUN_,42962
的 _._ _NOUN_ _NOUN_ _._,42883
的 _NOUN_ _PRT_ _VERB_ _._,42616
"_VERB_ _._ _ADV_ _VERB_ ,",42579
第 _NUM_ 十 二条 _NOUN_,42296
_PRT_ 的 _NOUN_ _._ _END_,42224
党 _PRT_ 十 _NUM_ 大,42200
党 的 十 _NUM_ 大,42200
"_VERB_ , _NOUN_ _VERB_ _._",42077
的 _ADJ_ _NOUN_ _CONJ_ _NOUN_,42029
_START_ _ADP_ _NOUN_ _PRT_ _NOUN_,41805
_VERB_ _._ _NOUN_ _VERB_ _VERB_,41490
了 _NOUN_ _NOUN_ 的 _NOUN_,41455
"的 _NOUN_ , _NOUN_ _CONJ_",41370
的 _NOUN_ _NOUN_ _._ _PRON_,41253
"的 _NOUN_ _VERB_ , _ADV_",41172
_START_ _NOUN_ 的 _NOUN_ _NOUN_,41120
的 _NOUN_ _PRT_ _VERB_ _NOUN_,41056
年 _NOUN_ 月 _._ _NOUN_,40964
"的 "" _NOUN_ _NOUN_ _._",40956
是 _VERB_ _PRT_ _._ _END_,40914
第 _NUM_ 十 三条 _NOUN_,40781
"_VERB_ , _VERB_ _NOUN_ _._",40756
"_VERB_ _._ _NOUN_ , _NOUN_",40731
第 一 _NUM_ _NUM_ 十,40727
_START_ _ADP_ _NOUN_ _NOUN_ _VERB_,40722
在 _NOUN_ _NOUN_ _PRT_ _._,40692
第 一 百 _NUM_ 十,40473
_VERB_ _._ _VERB_ _VERB_ _._,40449
和 _NOUN_ _NOUN_ _._ _VERB_,40170
这 _NUM_ _NOUN_ _PRT_ _NOUN_,40112
"_VERB_ , _ADV_ _VERB_ ,",40111
_VERB_ _._ _VERB_ _._ _VERB_,40027
百 _NUM_ _NUM_ _NUM_ 条,39929
百 _NUM_ 十 _NUM_ 条,39917
_VERB_ _._ _VERB_ 的 _NOUN_,39832
的 _ADJ_ _ADJ_ _NOUN_ _._,39826
的 _NOUN_ _PRT_ . _END_,39822
_START_ 第 _NUM_ _NUM_ 二条,39803
"的 _NOUN_ _NOUN_ , _PRON_",39676
"_VERB_ , _NOUN_ _NOUN_ ,",39474
_START_ 第 _NUM_ _NUM_ 三条,39392
"的 _._ _NOUN_ _NOUN_ """,39374
对 _NOUN_ _NOUN_ _NOUN_ _PRT_,39356
"的 "" _NOUN_ _NOUN_ """,39285
_START_ 在 _NOUN_ _NOUN_ _NOUN_,39246
的 _NOUN_ _._ _ADV_ 是,39228
第 _NUM_ 十 一条 _NOUN_,39186
_START_ _ADP_ _NOUN_ 的 _NOUN_,39087
与 _NOUN_ _NOUN_ 的 _NOUN_,39077
是 _VERB_ 的 _._ _END_,38976
第 _NUM_ 十 四条 _NOUN_,38731
_VERB_ _._ _NOUN_ _VERB_ _NOUN_,38668
的 _NOUN_ _._ _NOUN_ _ADV_,38656
_START_ 第 _NUM_ _NUM_ 四条,38584
的 _NOUN_ 与 _NOUN_ _._,38499
第 _NUM_ _NUM_ 七 条,38447
是 _NOUN_ _NOUN_ _PRT_ _NOUN_,38394
_START_ 第 _NUM_ 十 一条,38284
这 _NUM_ _NOUN_ 的 _NOUN_,38165
二 十 _NUM_ 条 _NOUN_,38105
的 _NOUN_ _._ _VERB_ 了,38091
_PRT_ 的 _NOUN_ . _END_,38048
"和 _NOUN_ _NOUN_ , _VERB_",38029
_VERB_ _ADJ_ _ADJ_ _NOUN_ _._,37847
"的 _NOUN_ _NOUN_ 中 ,",37824
的 _NOUN_ _VERB_ _VERB_ 的,37690
的 _._ _NOUN_ _NOUN_ _NOUN_,37594
_START_ _NUM_ _NUM_ 十 六条,37568
"的 _NOUN_ , _ADV_ 是",37558
第 _NUM_ _NUM_ 二条 _NOUN_,37553
_START_ 第 _NUM_ 十 六条,37549
和 _NOUN_ 的 _NOUN_ _NOUN_,37526
_VERB_ _._ _VERB_ _NOUN_ _VERB_,37442
"年 _NOUN_ 月 , _NOUN_",37380
"_VERB_ , _NOUN_ 的 _NOUN_",37363
的 _NOUN_ _VERB_ _._ _VERB_,37326
增长 _NUM_ _NUM_ . _END_,37160
"的 _NOUN_ , _VERB_ 了",36981
和 _NOUN_ _NOUN_ _NOUN_ 的,36979
是 _VERB_ _PRT_ . _END_,36925
_START_ _NOUN_ _._ _NOUN_ _._,36880
和 _NOUN_ _NOUN_ _NOUN_ _VERB_,36666
"的 _NOUN_ , _NOUN_ _ADV_",36515
"_VERB_ _ADJ_ _NOUN_ , _NOUN_",36352
是 _NOUN_ _NOUN_ 的 _NOUN_,36313
增长 _NUM_ % . _END_,36137
_START_ _NOUN_ _NOUN_ _NOUN_ _ADV_,36119
_START_ _._ _NOUN_ _NOUN_ _NOUN_,36075
的 _ADJ_ _NOUN_ _ADV_ _VERB_,36043
"_VERB_ , _NOUN_ _._ _NOUN_",36040
"在 _NOUN_ _NOUN_ _PRT_ ,",35993
的 _NOUN_ _NOUN_ _NOUN_ 的,35974
_START_ _ADP_ _NOUN_ _NOUN_ _._,35961
_VERB_ _._ _ADJ_ _NOUN_ _NOUN_,35946
是 _VERB_ 的 . _END_,35867
的 _NOUN_ _NOUN_ _._ _._,35861
"_VERB_ _._ _VERB_ , _VERB_",35737
"_VERB_ , _VERB_ _._ _VERB_",35704
省 _NOUN_ _NOUN_ _NOUN_ _NOUN_,35638
_START_ _NOUN_ _NOUN_ _NOUN_ 的,35621
对 _NOUN_ _NOUN_ _NOUN_ 的,35562
的 _NOUN_ _ADP_ _NOUN_ _NOUN_,35232
的 _NOUN_ _NOUN_ _ADP_ _NOUN_,35213
"的 _NOUN_ _VERB_ _VERB_ ,",35182
_START_ _NOUN_ _NOUN_ _ADP_ _NOUN_,35144
的 _NOUN_ 的 _NOUN_ _._,34966
的 _NOUN_ _PRT_ _VERB_ _PRT_,34743
_VERB_ _._ _VERB_ _NOUN_ _PRT_,34715
_START_ _NUM_ _NUM_ 十 五条,34646
_START_ 第 _NUM_ 十 五条,34625
"_VERB_ , _VERB_ 的 _NOUN_",34534
"文化 _._ _NOUN_ 党员 ,",34520
和 _NOUN_ _NOUN_ _ADV_ _VERB_,34507
"文化 , _NOUN_ 党员 ,",34487
_START_ _ADV_ _ADP_ _NOUN_ _NOUN_,34442
的 _NOUN_ _CONJ_ _NOUN_ 的,34438
"文化 _._ 中共 _NOUN_ ,",34264
_VERB_ _ADJ_ _ADJ_ _PRT_ _NOUN_,34251
"_VERB_ _._ _NOUN_ _VERB_ ,",34248
"文化 _._ 中共 党员 ,",34240
"文化 , 中共 _NOUN_ ,",34233
"文化 , 中共 党员 ,",34209
"文化_NOUN ,_. 中共_NOUN 党员_NOUN ,_.",34209
的 _NOUN_ _VERB_ _NOUN_ _PRT_,34189
的 _NOUN_ _NOUN_ ; _END_,34166
党 _PRT_ _NUM_ _NUM_ 大,34122
党 的 _NUM_ _NUM_ 大,34120
_VERB_ _ADJ_ _ADJ_ 的 _NOUN_,34111
_VERB_ _._ _NOUN_ _CONJ_ _NOUN_,33845
"_VERB_ , _NOUN_ _VERB_ _VERB_",33783
_START_ _DET_ _NUM_ _NOUN_ _NOUN_,33776
的 _NOUN_ 和 _NOUN_ _PRT_,33764
"_VERB_ , _VERB_ , _VERB_",33750
的 _NOUN_ _._ _NOUN_ 的,33543
_START_ 第 _NUM_ _NUM_ 一条,33487
了 _NOUN_ _PRT_ _NOUN_ _._,33416
党 _PRT_ 十 _NUM_ _ADJ_,33347
党 的 十 _NUM_ _ADJ_,33347
"_START_ _NOUN_ _NOUN_ _NOUN_ ,",33280
_VERB_ _._ _ADV_ _NOUN_ _NOUN_,33180
"_VERB_ , _VERB_ _NOUN_ _VERB_",33149
的 _NOUN_ _NOUN_ _._ _CONJ_,33142
和 _NOUN_ _NOUN_ _._ _NOUN_,32980
发展 _PRT_ _ADJ_ _NOUN_ _._,32952
十 七 条 _NOUN_ _NOUN_,32876
的 _NOUN_ _VERB_ _ADP_ _NOUN_,32832
万 元 _NUM_ _NUM_ _NUM_,32830
发展 的 _ADJ_ _NOUN_ _._,32710
的 _NOUN_ _._ _VERB_ _PRON_,32694
人民 _NOUN_ _NOUN_ _NOUN_ _NOUN_,32692
的 _NOUN_ _._ _CONJ_ _VERB_,32634
"_VERB_ _._ _VERB_ _NOUN_ ,",32527
_VERB_ _._ _NOUN_ _NOUN_ 的,32486
是 _VERB_ _NOUN_ _NOUN_ _NOUN_,32447
月 _NOUN_ _NOUN_ _NOUN_ _NOUN_,32418
全国 _NOUN_ _NOUN_ _NOUN_ _NOUN_,32414
加强 _NOUN_ _NOUN_ _NOUN_ _NOUN_,32386
党 的 _NUM_ 六 _ADJ_,32363
党 _PRT_ _NUM_ 六 _ADJ_,32363
了 _NOUN_ 的 _NOUN_ _._,32363
党 _PRT_ 十 六 _ADJ_,32357
党 的 十 六 _ADJ_,32357
第 _NUM_ _NUM_ 九 条,32353
党_NOUN 的_PRT 十_NUM 六_NUM 大_ADJ,32308
"_VERB_ , _NOUN_ , _NOUN_",32306
第 _NUM_ 十 九 条,32280
_VERB_ _._ _NOUN_ _._ _._,32229
第 _NUM_ _NUM_ 三条 _NOUN_,32207
在 _NOUN_ _PRT_ _NOUN_ _NOUN_,32207
"_VERB_ , _VERB_ _VERB_ _._",32189
"的 _NOUN_ _VERB_ , _NOUN_",32141
_START_ _VERB_ _VERB_ _NOUN_ _NOUN_,32081
的 _NUM_ _NUM_ _._ _END_,32034
"的 _NOUN_ , _VERB_ _PRON_",31840
"的 _NOUN_ _VERB_ , _VERB_",31796
所 _VERB_ _PRT_ _NOUN_ _._,31792
的 _NOUN_ _PRT_ _VERB_ _VERB_,31752
的 _NOUN_ _NOUN_ _NOUN_ 和,31725
"_VERB_ , _ADV_ _NOUN_ _NOUN_",31657
的 _NOUN_ _VERB_ _NOUN_ .,31627
"的 "" _NOUN_ _NOUN_ _NOUN_",31623
"_VERB_ , _NOUN_ _VERB_ ,",31577
的 _NOUN_ _._ _VERB_ _ADP_,31535
第 _NUM_ 十 五条 _NOUN_,31292
所 _VERB_ 的 _NOUN_ _._,31284
_START_ 第 _NUM_ _NUM_ 条,31266
_VERB_ _ADJ_ _NOUN_ _NOUN_ _VERB_,31059
经济 _NOUN_ _CONJ_ _NOUN_ _NOUN_,31052
中 _NOUN_ _NOUN_ _NOUN_ _NOUN_,31014
了 _NOUN_ _NOUN_ _NOUN_ _._,30988
"和 _NOUN_ _PRT_ _NOUN_ ,",30926
"的 _NOUN_ , _CONJ_ _VERB_",30909
_VERB_ _ADJ_ _NOUN_ _CONJ_ _NOUN_,30835
_VERB_ _._ _VERB_ _._ _NOUN_,30807
_VERB_ _._ _._ _NOUN_ _NOUN_,30791
_VERB_ _._ _ADV_ _ADV_ _ADV_,30774
_START_ _NOUN_ _PRT_ _._ _NOUN_,30763
_START_ _NOUN_ _ADP_ _NOUN_ _NOUN_,30650
是 _NOUN_ _NOUN_ _NOUN_ _PRT_,30636
_START_ _NOUN_ _NOUN_ _CONJ_ _NOUN_,30605
"的 _NOUN_ , _NOUN_ 的",30575
第 _NUM_ _NUM_ 一条 _NOUN_,30501
第 _NUM_ _NUM_ 四条 _NOUN_,30478
"的 _NOUN_ , _VERB_ _ADP_",30453
_VERB_ _._ _ADV_ _VERB_ 的,30427
_START_ 第 _NUM_ _NUM_ 五条,30383
"_START_ _ADP_ _NOUN_ _NOUN_ ,",30349
"_VERB_ , _VERB_ _NOUN_ _PRT_",30232
"_PRT_ 的 _NOUN_ _NOUN_ ,",30224
_START_ _ADP_ _NOUN_ _NOUN_ 的,30199
"的 _NOUN_ _NOUN_ , _CONJ_",30170
和 _NOUN_ _NOUN_ _._ _ADV_,30097
_START_ _ADV_ _VERB_ _PRT_ _NOUN_,30008
年 _PRT_ _ADJ_ 期 徒刑,30005
年 _PRT_ _ADJ_ _ADJ_ 徒刑,30005
年 _PRT_ 有 _ADJ_ 徒刑,29998
年 _PRT_ 有 期 徒刑,29998
_VERB_ _._ _VERB_ _VERB_ _PRT_,29874
的 _NOUN_ _NOUN_ _._ 是,29872
"_START_ _NOUN_ , _NOUN_ _NOUN_",29754
的 _ADJ_ _NOUN_ _NOUN_ _VERB_,29740
"_VERB_ , _ADV_ _ADV_ _ADV_",29724
三 _NUM_ _NUM_ 条 _NOUN_,29633
的 _NOUN_ 和 _NOUN_ _VERB_,29577
在 _NOUN_ 的 _NOUN_ _NOUN_,29501
的 _ADJ_ _NOUN_ _VERB_ _VERB_,29496
的 _ADJ_ _NOUN_ _VERB_ _NOUN_,29273
十 九 条 _NOUN_ _NOUN_,29269
推进 _NOUN_ _NOUN_ _NOUN_ _NOUN_,29258
的 _NOUN_ _NOUN_ 与 _NOUN_,29239
_VERB_ _._ _ADP_ _NOUN_ _VERB_,29173
对 _NOUN_ _PRT_ _NOUN_ _NOUN_,29083
的 _ADJ_ _NOUN_ _NOUN_ _ADV_,29030
了 _VERB_ _PRT_ _NOUN_ _._,29023
_VERB_ _ADJ_ _NOUN_ _NOUN_ .,29021
"的 _NOUN_ _NOUN_ , 是",28933
_START_ _ADV_ _._ _NOUN_ _VERB_,28862
_VERB_ _._ _VERB_ _ADV_ _VERB_,28853
_START_ _NOUN_ 年 _._ _NOUN_,28792
_START_ 第 _NUM_ _NUM_ 六条,28790
_PRT_ 重要 _NOUN_ _._ _END_,28711
的 _NOUN_ _._ _NOUN_ 和,28710
了 _VERB_ 的 _NOUN_ _._,28706
"和 _NOUN_ _NOUN_ , _ADV_",28700
在 _NOUN_ _NOUN_ _NOUN_ _VERB_,28681
和 _NOUN_ _._ _ADV_ _VERB_,28647
"和 _NOUN_ 的 _NOUN_ ,",28618
_START_ _NUM_ 一 百 _NUM_,28603
_VERB_ _._ _NOUN_ _VERB_ _PRT_,28490
的 _NOUN_ _._ _ADV_ _PRON_,28437
的 _ADJ_ _NOUN_ 和 _NOUN_,28437
"_VERB_ , _VERB_ _NOUN_ ,",28436
在 _NOUN_ _NOUN_ _NOUN_ _._,28410
的 _NOUN_ _._ _VERB_ _._,28342
各 _NUM_ _NOUN_ _NOUN_ _NOUN_,28284
"_START_ _ADV_ , _NOUN_ _VERB_",28260
_VERB_ _._ _NOUN_ _._ _VERB_,28239
_START_ _NOUN_ _PRT_ _NOUN_ _VERB_,28195
及 _NOUN_ _NOUN_ _NOUN_ _NOUN_,28165
_VERB_ _._ _ADP_ _NOUN_ _PRT_,28142
第 二 _NUM_ _NUM_ 条,28141
是 _ADV_ _VERB_ _PRT_ _NOUN_,28121
_START_ _ADP_ _VERB_ _NOUN_ _NOUN_,28092
"_VERB_ , _ADV_ _VERB_ 的",28081
的 _NOUN_ _VERB_ _NOUN_ _VERB_,28074
"_VERB_ , _NOUN_ _VERB_ _NOUN_",27983
对 _NOUN_ 的 _NOUN_ _NOUN_,27948
的 _NOUN_ _._ _VERB_ _ADV_,27906
"的 _NOUN_ , _ADV_ _PRON_",27904
_START_ _NOUN_ _NOUN_ _VERB_ _._,27900
"_VERB_ , _NOUN_ _CONJ_ _NOUN_",27877
十 八 条 _NOUN_ _NOUN_,27836
中国 _NOUN_ _NOUN_ _NOUN_ _PRT_,27818
_PRT_ 重要 _NOUN_ . _END_,27804
的 _NUM_ _NUM_ . _END_,27800
是 _ADP_ _NOUN_ _NOUN_ _NOUN_,27754
_START_ _NOUN_ _NOUN_ _VERB_ _PRT_,27702
"的 _NOUN_ , _NOUN_ 和",27676
第 _NUM_ _NUM_ 五条 _NOUN_,27676
的 _NOUN_ _VERB_ _ADJ_ _NOUN_,27659
_START_ _NUM_ 是 _NOUN_ _NOUN_,27622
_START_ _ADJ_ _NOUN_ _NOUN_ _NOUN_,27614
_VERB_ _._ _ADJ_ _NOUN_ _._,27613
是 _NOUN_ _PRT_ _NOUN_ _._,27575
"和 _NOUN_ , _ADV_ _VERB_",27523
的 _NOUN_ _VERB_ 了 _NOUN_,27505
_START_ _._ _NUM_ _._ _ADP_,27495
第 _NUM_ 十 六条 _NOUN_,27494
"_START_ _NOUN_ 年 , _NOUN_",27482
年 _NOUN_ _NOUN_ _._ _NOUN_,27373
在 _NOUN_ _PRT_ _NOUN_ _PRT_,27352
"的 _NOUN_ _PRT_ _NOUN_ ,",27336
的 _NOUN_ _ADV_ _VERB_ 了,27327
_START_ _ADV_ _._ _ADV_ _VERB_,27300
_PRT_ 的 _ADJ_ _NOUN_ _._,27292
_START_ _NUM_ 是 _VERB_ _NOUN_,27284
在 _NOUN_ _NOUN_ _NOUN_ 中,27112
年 _._ _NOUN_ _NOUN_ _NOUN_,27088
_START_ 在 _NOUN_ _NOUN_ _PRT_,27086
了 _NOUN_ _NOUN_ _._ _END_,27019
的 _NOUN_ _PRT_ _NOUN_ _NOUN_,26952
_START_ 第 _NUM_ _NUM_ 七,26909
"_START_ _ADV_ , _ADV_ _VERB_",26898
"的 _NOUN_ , _VERB_ _ADV_",26851
的 _ADJ_ _NOUN_ _._ _ADP_,26793
"_VERB_ , _VERB_ _VERB_ _PRT_",26781
出版 _NOUN_ _NOUN_ _NOUN_ 版,26770
了 _NOUN_ _NOUN_ _NOUN_ _PRT_,26761
第 _NUM_ _NUM_ 三 条,26761
_VERB_ _._ _VERB_ _ADJ_ _NOUN_,26758
出版 _NOUN_ _NOUN_ 年 版,26735
第 _NUM_ 十 三 条,26734
于 _NOUN_ _NOUN_ _NOUN_ _NOUN_,26693
的 _NOUN_ _._ _ADV_ _._,26665
对 _NOUN_ _PRT_ _NOUN_ _._,26586
是 _ADV_ _VERB_ 的 _NOUN_,26560
的 _NOUN_ _PRT_ _ADV_ _VERB_,26521
的 _NOUN_ _VERB_ _PRT_ _._,26488
社会 _NOUN_ _NOUN_ _NOUN_ _NOUN_,26446
_START_ _._ _NUM_ ) _ADP_,26397
_START_ ( _NUM_ _._ _ADP_,26389
_START_ ( _NUM_ ) _ADP_,26380
对 _NOUN_ 的 _NOUN_ _._,26375
的 _NOUN_ _NOUN_ _CONJ_ _VERB_,26375
出版 社 _NOUN_ _NOUN_ 版,26294
出版 社 _NOUN_ 年 版,26286
法 _NUM_ _NUM_ 十 _NUM_,26247
法 第 _NUM_ 十 _NUM_,26235
"_VERB_ "" _NOUN_ _._ _._",26221
的 _NUM_ 六 _ADJ_ _NOUN_,26215
的 _NUM_ 六 大 _NOUN_,26186
在 _DET_ _NOUN_ _PRT_ _._,26169
"_VERB_ , _VERB_ _ADV_ _VERB_",26150
在 _NOUN_ _NOUN_ _._ _NOUN_,26131
社 _NOUN_ 年 _NOUN_ _._,26107
第 二 百 _NUM_ _NUM_,26084
_START_ _NOUN_ 的 _NOUN_ _VERB_,26076
的 _NOUN_ _._ _DET_ _NOUN_,26066
社 _NOUN_ 年 版 _._,25993
"_VERB_ _._ _NOUN_ "" _._",25988
的 十 六 _ADJ_ _NOUN_,25986
_START_ _._ _NOUN_ _NOUN_ _._,25980
"_VERB_ , _NOUN_ _NOUN_ 的",25973
的 十 六 大 _NOUN_,25969
_VERB_ _._ _ADV_ _VERB_ _ADV_,25968
对 _ADJ_ _NOUN_ _PRT_ _NOUN_,25966
的 _ADJ_ _NOUN_ _VERB_ _._,25857
_VERB_ _._ _NOUN_ _NOUN_ _CONJ_,25834
是 _NOUN_ 的 _NOUN_ _._,25832
的 _NOUN_ _NOUN_ _VERB_ 了,25807
在 _NOUN_ 的 _NOUN_ _PRT_,25737
"_VERB_ "" _NOUN_ "" _._",25544
对 _ADJ_ _NOUN_ 的 _NOUN_,25464
在 _NOUN_ _NOUN_ _VERB_ _PRT_,25457
"_START_ _NOUN_ _PRT_ , _NOUN_",25429
_START_ _ADV_ _VERB_ _VERB_ _NOUN_,25411
_START_ _ADP_ _DET_ _NOUN_ _PRT_,25403
和 _NOUN_ _NOUN_ _VERB_ _NOUN_,25395
的 _NOUN_ 与 _NOUN_ _NOUN_,25386
"的 _ADJ_ _NOUN_ , _ADP_",25344
的 _NOUN_ _._ _ADJ_ _NOUN_,25342
了 _NOUN_ _NOUN_ . _END_,25280
的 _NOUN_ _._ . _END_,25272
_VERB_ _ADJ_ _NOUN_ _VERB_ _NOUN_,25249
_START_ _VERB_ _PRT_ _NOUN_ _NOUN_,25170
在 _NOUN_ _VERB_ _PRT_ _NOUN_,25152
_VERB_ _._ _VERB_ _NOUN_ 的,25146
三 _NUM_ 代表 _._ 的,25146
三 个 代表 _._ 的,25146
_VERB_ _._ _PRON_ _VERB_ _VERB_,25122
"和 _NOUN_ _NOUN_ , _NOUN_",25087
社会 主义 _NOUN_ _NOUN_ _NOUN_,25074
的 十 _NUM_ 大 _NOUN_,25040
"_VERB_ , _NOUN_ _VERB_ _PRT_",24978
的 _ADJ_ _ADJ_ _NOUN_ _NOUN_,24922
和 _NOUN_ _NOUN_ _NOUN_ .,24915
"_VERB_ , _ADP_ _NOUN_ _VERB_",24893
"_VERB_ , _ADP_ _NOUN_ _PRT_",24812
"在 _DET_ _NOUN_ _PRT_ ,",24812
县 级 _PRT_ _NOUN_ _NOUN_,24806
是 _NOUN_ _NOUN_ _NOUN_ 的,24730
"三 个 代表 "" 的",24706
_START_ _NOUN_ _VERB_ _PRT_ _NOUN_,24694
"三 _NUM_ 代表 "" 的",24686
"三_NUM 个_NUM 代表_NOUN ""_. 的_PRT",24686
"_VERB_ , _ADV_ _VERB_ _ADV_",24663
年 _PRT_ 有 期 _NOUN_,24639
在 _VERB_ _NOUN_ _NOUN_ _NOUN_,24568
的 _NOUN_ _VERB_ 的 _NOUN_,24544
和 _VERB_ _NOUN_ _NOUN_ _NOUN_,24541
的 重要 _NOUN_ _._ _END_,24535
是 _NOUN_ _NOUN_ _NOUN_ _VERB_,24486
的 _NOUN_ _._ _VERB_ _ADJ_,24482
国家 _NOUN_ _NOUN_ _NOUN_ _NOUN_,24480
"_VERB_ , _VERB_ _._ _NOUN_",24466
的 _ADJ_ _NOUN_ _PRT_ _._,24343
_START_ _NUM_ _NUM_ _NOUN_ _NOUN_,24338
_START_ 第 三 十 _NUM_,24280
_START_ 第 _NUM_ 十 七,24262
的 _NOUN_ _._ 对 _NOUN_,24254
大专 文化 _._ _NOUN_ _NOUN_,24173
第 _NUM_ _NUM_ 六条 _NOUN_,24169
县 级 以上 _NOUN_ _NOUN_,24152
"大专 文化 , _NOUN_ _NOUN_",24140
"的 _NOUN_ , _ADV_ _._",24054
日 _._ _NOUN_ _NOUN_ _NOUN_,24045
与 _NOUN_ _PRT_ _NOUN_ _._,23933
与 _NOUN_ _NOUN_ _NOUN_ _._,23890
"的 _NOUN_ , _VERB_ _._",23868
的 _NOUN_ _._ _ADP_ _VERB_,23860
"的 _NOUN_ , _DET_ _NOUN_",23858
的 _NOUN_ _CONJ_ _NOUN_ _ADV_,23832
与 _NOUN_ _NOUN_ _NOUN_ _PRT_,23824
"的 _NOUN_ _._ "" _END_",23822
为 _NOUN_ _PRT_ _NOUN_ _NOUN_,23758
的 重要 _NOUN_ . _END_,23741
为 _NOUN_ _NOUN_ _NOUN_ _NOUN_,23710
的 _ADJ_ _NOUN_ _PRT_ _NOUN_,23699
的 _NOUN_ _._ 在 _NOUN_,23681
"_VERB_ , _VERB_ _ADJ_ _NOUN_",23670
了 _NOUN_ _PRT_ _NOUN_ _NOUN_,23666
企业 _NOUN_ _NOUN_ _NOUN_ _NOUN_,23636
了 _ADJ_ _NOUN_ _._ _END_,23559
_START_ _PRON_ _ADV_ _VERB_ _VERB_,23525
个 _NOUN_ _NOUN_ _NOUN_ _NOUN_,23519
_START_ _NOUN_ _ADV_ _VERB_ _NOUN_,23437
"的 _NOUN_ , 对 _NOUN_",23406
"年 _NOUN_ _NOUN_ , _NOUN_",23400
年 以下 有 期 徒刑,23391
年 以下 _ADJ_ _ADJ_ 徒刑,23386
年 以下 _ADJ_ 期 徒刑,23386
年 以下 有 _ADJ_ 徒刑,23385
是 _ADV_ _VERB_ _PRT_ .,23384
"的 _NOUN_ , _VERB_ _ADJ_",23375
第 _NUM_ _NUM_ _NOUN_ _NOUN_,23370
的 _NOUN_ _ADV_ _VERB_ _ADV_,23360
在 _NOUN_ _NOUN_ 中 _VERB_,23354
"_VERB_ _._ _VERB_ _VERB_ ,",23330
的 _NOUN_ _VERB_ _NOUN_ 的,23321
"的 _NOUN_ _PRT_ _VERB_ ,",23281
_START_ _ADV_ _._ _PRON_ _VERB_,23274
市 _NOUN_ _NOUN_ _NOUN_ _NOUN_,23273
进一步 _VERB_ _NOUN_ _NOUN_ _NOUN_,23244
了 _ADJ_ _PRT_ _NOUN_ _._,23167
了 _NOUN_ _NOUN_ _NOUN_ 的,23151
_VERB_ _ADJ_ _NOUN_ _PRT_ _._,23140
了 _ADJ_ 的 _NOUN_ _._,23138
"_VERB_ _._ "" _NOUN_ _NOUN_",23102
_START_ _NOUN_ _VERB_ _VERB_ _NOUN_,23072
_START_ _NOUN_ _NOUN_ _NOUN_ _ADP_,23063
"_START_ _ADV_ , _PRON_ _VERB_",23061
为 _NOUN_ 的 _NOUN_ _NOUN_,23058
_START_ _VERB_ _NOUN_ _NOUN_ _._,23034
_START_ _ADV_ _NOUN_ _NOUN_ _NOUN_,23010
_VERB_ _._ _ADV_ _VERB_ _ADP_,22948
这 _NUM_ _NOUN_ _NOUN_ _NOUN_,22941
的 _NOUN_ _._ _VERB_ 的,22896
"_VERB_ , _PRON_ _VERB_ _VERB_",22892
企业 _PRT_ _NOUN_ _NOUN_ _._,22773
的 _NOUN_ _NOUN_ _VERB_ _ADV_,22769
的 _NOUN_ _._ _._ _NOUN_,22751
的 _NOUN_ _ADV_ _VERB_ _ADP_,22744
完善 _NOUN_ _NOUN_ _NOUN_ _NOUN_,22740
十 _NUM_ 条 _NOUN_ _VERB_,22706
了 _ADJ_ _NOUN_ . _END_,22700
的 _NOUN_ _VERB_ _PRT_ _VERB_,22698
"的 _NOUN_ , _ADP_ _VERB_",22685
的 _NOUN_ _ADV_ _ADP_ _NOUN_,22683
是 _ADV_ _VERB_ 的 .,22676
"的 _NOUN_ "" _._ _END_",22668
第 _NUM_ _NUM_ _NUM_ 十,22667
"在 _NOUN_ _NOUN_ , _NOUN_",22663
有 _ADJ_ _NOUN_ 之 一,22644
_PRT_ 的 _NOUN_ _._ _ADV_,22619
_START_ _DET_ _NOUN_ _ADV_ _VERB_,22478
_START_ _ADP_ _NOUN_ _._ _NOUN_,22463
和 _NOUN_ _VERB_ _PRT_ _NOUN_,22448
企业 的 _NOUN_ _NOUN_ _._,22417
_START_ _NUM_ _NUM_ _NUM_ _NUM_,22331
有 下列 _NOUN_ 之 一,22321
有 下列 _NOUN_ _PRT_ 一,22318
在 _NOUN_ _PRT_ _ADV_ _VERB_,22316
"经济 _NOUN_ , _NOUN_ _NOUN_",22305
_START_ 第 _NUM_ _NUM_ 八,22303
_START_ _PRON_ _VERB_ _NOUN_ _NOUN_,22245
了 _NOUN_ 的 _NOUN_ _NOUN_,22213
与 _NOUN_ _PRT_ _NOUN_ _NOUN_,22208
第 _NUM_ 十条 _NOUN_ _NOUN_,22203
"_VERB_ , _ADJ_ _NOUN_ _NOUN_",22176
地 _VERB_ _PRT_ _NOUN_ _NOUN_,22146
_START_ _._ _NUM_ _._ _ADV_,22141
的 _NOUN_ _NOUN_ 中 _._,22121
百 _NUM_ 十 _NUM_ _NUM_,22096
"的 _NOUN_ 来 _VERB_ ,",22072
"的 _NOUN_ . "" _END_",22045
"的 _NOUN_ , 在 _NOUN_",22037
"_VERB_ , _ADV_ _VERB_ _ADP_",22022
这 _NUM_ _NOUN_ _NOUN_ _PRT_,22011
_VERB_ _._ _ADV_ _VERB_ 了,21954
与 _NOUN_ 的 _NOUN_ _._,21940
_START_ 第 _NUM_ 十条 _NOUN_,21908
七 条 _NOUN_ _NOUN_ _NOUN_,21896
_START_ _ADV_ _VERB_ 的 _NOUN_,21876
了 _ADV_ _VERB_ _PRT_ _NOUN_,21830
"_PRT_ 的 _NOUN_ , _ADV_",21764
_START_ _ADP_ _NOUN_ _PRT_ _._,21764
年 _NUM_ _NUM_ _NUM_ _._,21749
_START_ _VERB_ _VERB_ _VERB_ _NOUN_,21734
的 _NOUN_ _PRT_ _._ _PRON_,21730
"_VERB_ , _VERB_ _NOUN_ 的",21718
企业 _PRT_ _NOUN_ _NOUN_ _NOUN_,21713
_VERB_ _ADJ_ _ADJ_ _NOUN_ _PRT_,21708
万 _NUM_ _NUM_ _NUM_ _NUM_,21679
的 _NOUN_ _VERB_ _NUM_ _NUM_,21678
在 _NOUN_ _NOUN_ _NOUN_ 的,21642
中国 _NOUN_ _NOUN_ _NOUN_ 的,21607
_VERB_ _._ 在 _NOUN_ _NOUN_,21582
第 _NUM_ _NUM_ . _END_,21565
的 _NOUN_ _PRT_ _VERB_ 的,21529
在 _NOUN_ _NOUN_ _PRT_ _PRT_,21528
"_START_ "" _NOUN_ _NOUN_ _NOUN_",21517
"_VERB_ , _NOUN_ _NOUN_ _CONJ_",21500
的 _NOUN_ _._ 也 _VERB_,21491
了 _ADV_ _VERB_ 的 _NOUN_,21471
"的 _NOUN_ _PRT_ , _PRON_",21466
_START_ _ADV_ _ADV_ _VERB_ _NOUN_,21464
_VERB_ _._ _VERB_ _PRT_ _VERB_,21453
之 _PRT_ _PRT_ _NOUN_ _NOUN_,21438
之 _PRT_ 的 _NOUN_ _NOUN_,21436
是 _VERB_ _NOUN_ _NOUN_ _._,21394
的 _NOUN_ 和 _NOUN_ 的,21379
_START_ _ADV_ _._ _PRON_ _ADV_,21378
在 _VERB_ _NOUN_ _NOUN_ _PRT_,21371
人民 _NOUN_ _NOUN_ 行政 _NOUN_,21370
"_VERB_ , _VERB_ _VERB_ ,",21353
"的 _NOUN_ , _VERB_ 的",21308
"_START_ _ADV_ , _PRON_ _ADV_",21302
月 _._ _NOUN_ _NOUN_ _NOUN_,21249
"的 _NOUN_ , _ADJ_ _NOUN_",21239
"年 , _NOUN_ _NOUN_ _NOUN_",21216
"的 _NOUN_ , 也 _VERB_",21215
的 _NUM_ _NUM_ _NOUN_ _NOUN_,21204
_VERB_ _._ _PRT_ _NOUN_ _._,21189
的 _DET_ _NUM_ _NOUN_ _NOUN_,21182
"日 , _NOUN_ _NOUN_ _NOUN_",21177
最 _VERB_ _PRT_ _NOUN_ _._,21162
"_VERB_ , _ADV_ _VERB_ 了",21160
年 第 _NUM_ _NUM_ _._,21110
第 二 百 _NUM_ 十,21095
和 _ADJ_ _NOUN_ _NOUN_ _NOUN_,21088
的 _._ _NOUN_ _._ _._,21070
之 间 _PRT_ _NOUN_ _NOUN_,21053
_START_ 第 _NUM_ _._ _NOUN_,21052
之 间 的 _NOUN_ _NOUN_,21043
党 的 十 七 大,21031
党 _PRT_ _NUM_ 七 大,21025
党 的 _NUM_ 七 大,21025
党 _PRT_ 十 七 大,21024
级 以上 _NOUN_ 人民 _NOUN_,21004
最 _VERB_ 的 _NOUN_ _._,20997
人民 _NOUN_ _NOUN_ _NOUN_ 部门,20992
_VERB_ _._ _VERB_ _VERB_ 的,20975
"_START_ 第 _NUM_ , _NOUN_",20933
对 _NOUN_ _NOUN_ _NOUN_ _VERB_,20899
"的 _NOUN_ "" . _END_",20886
的 _NOUN_ _NOUN_ _VERB_ _ADJ_,20844
级 _PRT_ _NOUN_ 人民 _NOUN_,20842
全国 人大 _NOUN_ _NOUN_ _NOUN_,20838
级 以上 地方 人民 _NOUN_,20838
和 _NOUN_ _._ _NOUN_ _NOUN_,20830
企业 的 _NOUN_ _NOUN_ _NOUN_,20810
的 _NOUN_ 的 _NOUN_ _NOUN_,20808
本 _NOUN_ _NUM_ _NUM_ 十,20806
_START_ _NOUN_ _ADV_ _VERB_ _VERB_,20800
"_VERB_ _ADJ_ _ADJ_ _NOUN_ ,",20794
年 _NUM_ _NUM_ 期 _._,20776
本 _NOUN_ 第 _NUM_ 十,20768
年 第 _NUM_ 期 _._,20768
的 _NUM_ _NUM_ _NOUN_ _._,20738
级 以上 _NOUN_ _NOUN_ 政府,20715
有 _ADJ_ _NOUN_ 之 _NUM_,20700
亿 元 _._ 增长 _NUM_,20699
"亿 元 , 增长 _NUM_",20667
级 _PRT_ 地方 人民 _NOUN_,20665
_START_ _._ _NUM_ ) _ADV_,20657
_START_ ( _NUM_ _._ _ADV_,20655
_START_ _ADJ_ 词 _._ _NOUN_,20650
_START_ 关键 词 _._ _NOUN_,20646
_START_ ( _NUM_ ) _ADV_,20646
的 _NOUN_ _._ _ADP_ _PRON_,20628
是 _NOUN_ _NOUN_ _NOUN_ _._,20621
的 _NOUN_ _PRT_ _._ _ADP_,20609
级 _PRT_ _NOUN_ _NOUN_ 政府,20578
与 _NOUN_ _NOUN_ _ADV_ _VERB_,20572
"_START_ _ADP_ _NOUN_ _PRT_ ,",20550
十 _NUM_ _NUM_ _NUM_ 中,20516
"_VERB_ : "" _NOUN_ _NOUN_",20501
十 _NUM_ 届 _NUM_ _NOUN_,20500
_START_ _ADV_ _._ _NOUN_ _PRT_,20494
"的 _NOUN_ _._ _ADV_ ,",20494
十 _NUM_ 届 _NUM_ 中,20471
"是 _ADV_ _VERB_ _PRT_ ,",20433
"在 _NOUN_ _NOUN_ _NOUN_ ,",20423
有 下列 _NOUN_ _PRT_ _NUM_,20413
有 下列 _NOUN_ 之 _NUM_,20409
_START_ _ADV_ _._ _VERB_ _NOUN_,20380
_VERB_ _ADJ_ _NOUN_ _NOUN_ _CONJ_,20368
级 以上 _NOUN_ 人民 政府,20325
的 _NOUN_ 是 _VERB_ _PRT_,20322
"的 _NOUN_ _PRT_ , _ADP_",20309
和 _NOUN_ _NOUN_ _VERB_ _PRT_,20289
"的 _ADJ_ _ADJ_ _NOUN_ ,",20286
的 _ADJ_ _NOUN_ 的 _NOUN_,20268
"的 "" _NOUN_ _._ _._",20255
和 _NOUN_ _PRT_ _NOUN_ .,20244
"_START_ _NUM_ _NUM_ , _VERB_",20206
_START_ _ADV_ _._ _NOUN_ _ADV_,20200
的 _NOUN_ _._ _NUM_ _NUM_,20186
级 以上 地方 _NOUN_ 政府,20173
级 以上 地方 人民 政府,20167
和 _VERB_ _NOUN_ _NOUN_ 的,20158
级 _PRT_ _NOUN_ 人民 政府,20155
"_START_ _ADV_ , _NOUN_ _PRT_",20129
和 _NOUN_ _NOUN_ _VERB_ _VERB_,20129
与 _NOUN_ 的 _NOUN_ _NOUN_,20122
"的 _._ _NOUN_ "" _._",20110
不 _VERB_ _VERB_ _NOUN_ _NOUN_,20093
"的 "" _NOUN_ "" _._",20072
年 12 _NOUN_ _NOUN_ _NOUN_,20072
党 的 十 六 大,20069
党 _PRT_ _NUM_ 六 大,20068
党 的 _NUM_ 六 大,20068
党 _PRT_ 十 六 大,20065
经济 _NOUN_ 和 _NOUN_ _NOUN_,20012
级 _PRT_ 地方 _NOUN_ 政府,20005
人民 政府 _NOUN_ _NOUN_ 部门,20003
_VERB_ _._ _._ _NUM_ _._,20000
级 _PRT_ 地方 人民 政府,19997
级 以上 地方 _NOUN_ _NOUN_,19994
"_START_ _ADV_ , _NOUN_ _ADV_",19982
"_VERB_ _._ _VERB_ , _NOUN_",19976
_VERB_ _ADJ_ _NOUN_ 和 _NOUN_,19937
的 _NOUN_ _NOUN_ _._ _NUM_,19932
_PRT_ 间 _PRT_ _NOUN_ _NOUN_,19917
"_VERB_ , _VERB_ _PRT_ _VERB_",19916
级_NOUN 以上_PRT 地方_NOUN 人民_NOUN 政府_NOUN,19904
国际 _NOUN_ _NOUN_ _PRT_ _NOUN_,19904
级 _PRT_ 地方 _NOUN_ _NOUN_,19903
年 12 月 _NOUN_ _NOUN_,19895
人民 政府 _NOUN_ 行政 _NOUN_,19892
第 _NUM_ _NUM_ _NUM_ _NUM_,19890
_PRT_ 间 的 _NOUN_ _NOUN_,19884
十 _NUM_ 条 的 _NOUN_,19876
是 _VERB_ _PRT_ _._ _ADV_,19858
元 _NUM_ _NUM_ _NUM_ _NUM_,19855
和 _NOUN_ _._ _VERB_ _NOUN_,19843
的 _ADJ_ _NOUN_ _NOUN_ _PRT_,19825
"的 _NOUN_ , _ADP_ _PRON_",19814
"_START_ _ADV_ , _VERB_ _NOUN_",19811
在 _NOUN_ _VERB_ 的 _NOUN_,19795
"是 _ADV_ _VERB_ 的 ,",19785
_VERB_ _ADJ_ _PRT_ _NOUN_ _CONJ_,19748
_VERB_ _._ _NOUN_ _._ _PRT_,19722
_VERB_ _ADJ_ 的 _NOUN_ _CONJ_,19709
_VERB_ _._ _VERB_ _ADP_ _NOUN_,19693
_START_ _PRON_ _ADV_ _VERB_ _NOUN_,19673
在 _NOUN_ _PRT_ _VERB_ _NOUN_,19670
是 _VERB_ _NOUN_ _NOUN_ _PRT_,19666
_VERB_ _ADJ_ _NOUN_ _ADV_ _VERB_,19609
的 _NOUN_ _PRT_ _NOUN_ .,19595
与 _NOUN_ _NOUN_ _NOUN_ _VERB_,19590
_START_ _NUM_ _NOUN_ _NOUN_ _NOUN_,19582
_START_ _VERB_ _NOUN_ _PRT_ _NOUN_,19581
十 三条 _NOUN_ _NOUN_ _NOUN_,19578
十 四条 _NOUN_ _NOUN_ _NOUN_,19522
"的 _NOUN_ 与 _NOUN_ ,",19512
有 _ADJ_ _PRT_ _NOUN_ _NOUN_,19504
_VERB_ _._ _NOUN_ 和 _NOUN_,19480
_START_ _ADV_ _VERB_ _VERB_ _VERB_,19471
有 _ADJ_ 的 _NOUN_ _NOUN_,19471
的 _NOUN_ _NOUN_ _VERB_ _ADP_,19468
_VERB_ _._ 的 _NOUN_ _._,19461
有 _ADJ_ _PRT_ _NOUN_ _._,19363
_PRT_ 的 _NOUN_ _ADV_ _VERB_,19346
"是 _VERB_ _PRT_ , _ADV_",19331
"_VERB_ "" _PRT_ _NOUN_ _._",19302
的 _NOUN_ _NOUN_ _NOUN_ _ADP_,19278
有 _ADJ_ 的 _NOUN_ _._,19273
比 _NOUN_ _VERB_ _NUM_ _NUM_,19248
_START_ _NUM_ _NUM_ 十 八,19242
第 _NUM_ _._ _NOUN_ _NOUN_,19236
"的 _NOUN_ _NOUN_ "" _._",19231
年 以下 有 期 _NOUN_,19227
年 以下 有 _ADJ_ _NOUN_,19225
年 以下 _ADJ_ _ADJ_ _NOUN_,19223
年 以下 _ADJ_ 期 _NOUN_,19222
的 _ADJ_ _NOUN_ _._ 是,19220
_START_ 第 _NUM_ 十 八,19209
同比 _VERB_ _NUM_ _NUM_ _._,19203
亿 元 _._ _NOUN_ _NOUN_,19198
是 _VERB_ 的 _._ _ADV_,19179
在 _NOUN_ _NOUN_ _ADV_ _VERB_,19174
_START_ _NUM_ _NUM_ 十 条,19173
_START_ 第 _NUM_ 十 条,19170
"_VERB_ "" _NOUN_ _._ _NOUN_",19167
亿 元 _._ _VERB_ _NUM_,19140
_VERB_ _ADJ_ _NOUN_ _PRT_ _ADJ_,19137
_START_ _PRON_ _ADV_ _ADV_ _VERB_,19136
_PRT_ 的 _NOUN_ _NOUN_ _VERB_,19130
地 _VERB_ 了 _NOUN_ _NOUN_,19110
"的 _NOUN_ , _ADV_ ,",19098
十 届 全国 _NOUN_ _NOUN_,19095
的 _NOUN_ _._ _PRT_ _VERB_,19083
