ngram,freq
in der,119663971
in den,62179674
auf die,51156506
und die,50073845
für die,49169204
in die,45942357
mit dem,41051397
mit der,34695578
auf den,33155249
von der,33008677
und der,31438820
aus dem,27884185
über die,27372776
auf dem,27300602
durch die,27123413
auf der,26069180
nicht mehr,25162390
an der,24291471
mit den,22725254
bei der,22410686
er sich,22291943
sie sich,21822089
aus der,21639634
sich die,21547356
mit einem,21509601
dass die,20010758
in einem,19600063
dass sie,18834072
sich in,18699765
für den,18445128
an die,18214272
an den,18071202
ist die,18019644
und das,17812459
dass er,17602778
in dem,17395100
von den,17319915
um die,16531377
auch die,16515484
in einer,15650150
ist es,15574259
Es ist,15526144
nach dem,14880568
die sich,14481919
und den,14180730
mit einer,14029643
Ich habe,13947433
und ich,13909578
es nicht,13745225
nicht nur,13730471
und in,13632449
zu den,13403132
dass ich,13379695
auf das,13359590
z. B.,13323012
dass es,13310257
ich mich,13110378
sich auf,12962863
Es war,12875525
In der,12807304
über den,12693053
es sich,12310105
vor allem,12064510
zu einem,12022554
zu sein,11980152
gar nicht,11913547
für das,11724506
in diesem,11702968
ist der,11656897
durch den,11582382
Das ist,11541737
ist das,11516943
nicht zu,11370421
ist ein,11368575
sich nicht,11349178
zu einer,11347547
nach der,11235858
den Kopf,11171072
wie die,11056004
von dem,10896417
und sie,10871610
wie ein,10806087
die in,10747678
habe ich,10722880
noch nicht,10690260
sie nicht,10442654
ein paar,10434781
sie in,10267704
wenn sie,10193324
Ich bin,9971476
gibt es,9919812
sich mit,9898661
vor dem,9756862
war es,9749176
als die,9729565
auch nicht,9724098
aber auch,9720007
für eine,9717906
er die,9542163
dass der,9371709
von einem,9144484
bei den,9132057
in das,9106133
sie die,9079656
sich der,8985802
sind die,8959221
und dem,8927655
ist eine,8914485
nicht so,8841832
und mit,8829009
ich nicht,8715461
wenn er,8659963
als er,8653861
sich um,8609587
wie sie,8538012
aus den,8507342
auch in,8491273
daß die,8403796
auf eine,8285748
auf und,8253446
nicht in,8163954
wir uns,8126526
hatte er,8102171
sich zu,8073223
und er,8026207
sich an,8018568
und sich,7938645
ist nicht,7901771
zu können,7695635
als sie,7683045
um den,7681726
durch das,7583785
die Augen,7568825
wenn ich,7551470
und es,7538586
gegen die,7506541
sagte er,7498199
über das,7494292
mehr als,7487550
und ein,7466307
in seinem,7379822
und zu,7375452
das ist,7360383
aber nicht,7285147
zwischen den,7279916
zu tun,7270936
sie mit,7249895
immer noch,7230906
und eine,7104105
zu machen,7091577
zu haben,7065731
sie zu,7019863
der sich,7017091
und nicht,6979989
und dann,6969269
von einer,6943357
immer wieder,6939526
war ein,6933302
die beiden,6923788
in dieser,6912002
vor der,6864114
wenn man,6863363
hatte sie,6835872
es ist,6833179
als auch,6799772
wie er,6782318
nur noch,6772547
wie es,6766689
in seiner,6752636
zu sehen,6739099
er in,6675687
er nicht,6648087
und auch,6619342
wenn die,6579834
Sie sich,6558307
und damit,6538500
die von,6511317
zu werden,6503425
werden kann,6482152
sich das,6472184
in eine,6452147
die sie,6401198
zu dem,6309749
nur die,6307638
für einen,6258935
man sich,6243070
et al,6233168
er sie,6225909
Er war,6219629
ein wenig,6194476
noch einmal,6186291
nicht die,6185672
wenn es,6180304
daß er,6145885
sich selbst,6124176
die er,6124104
er den,6096640
die die,6088814
es in,6060052
an dem,6038988
kann man,5992558
Er hatte,5981306
und seine,5974738
unter dem,5905598
dass das,5892496
ich mir,5883130
und so,5873631
hatte sich,5862802
war die,5852369
der Welt,5850521
sich ein,5809669
bin ich,5774162
nur ein,5733223
Ich weiß,5729985
er mit,5724975
und ihre,5695279
durch eine,5684404
in ihrer,5683171
sie auf,5679504
hat sich,5675313
was ich,5663432
ich die,5635658
wird die,5632796
für ein,5630501
war er,5625246
bis zum,5598531
war der,5584769
das nicht,5584529
in ihrem,5581943
auch der,5573455
als ich,5554131
sondern auch,5553080
sich im,5524250
dass du,5518778
ich es,5507474
es auch,5504640
dass sich,5494249
sich auch,5486927
daß sie,5486256
an und,5476763
und auf,5441887
die Hand,5436586
Das war,5423226
die Frage,5413796
wie der,5408388
unter den,5403206
dass wir,5400589
nicht auf,5377658
ich habe,5359303
auf einen,5357261
ist in,5336376
die Tür,5322805
es war,5310999
der die,5310144
was er,5294644
was sie,5261007
im Rahmen,5250476
In den,5249611
von ihm,5239826
um eine,5228468
als ein,5221801
war das,5220455
weil sie,5178812
mit ihm,5167267
bis zu,5166360
gab es,5157544
der Hand,5146339
der in,5109603
sie den,5088263
zu lassen,5083268
für mich,5059724
wie ich,5054313
Es gibt,5042126
bei dem,5038391
und des,5031831
in Deutschland,5030934
noch ein,5027455
und von,5022290
ich das,4982823
sich von,4981832
war nicht,4975981
lässt sich,4929285
sagte sie,4926938
in denen,4919703
wie eine,4906049
ich bin,4882207
man die,4868541
er das,4864713
kann ich,4863027
hast du,4852684
werden können,4814852
auch noch,4807436
Für die,4781791
der Zeit,4778299
hat er,4764184
nicht mit,4748311
um das,4718913
In diesem,4690016
die ganze,4688104
und im,4683902
als der,4680217
auch für,4660366
während der,4657128
die im,4653358
zum Beispiel,4651056
die mit,4645694
sie das,4636929
als eine,4632473
zu der,4628649
er es,4602668
an einem,4580481
Was ist,4561177
mich nicht,4554210
haben wir,4542062
es zu,4538521
ist und,4529344
Bei der,4524590
auf einem,4521699
um sich,4503559
in ein,4492489
der Stadt,4484792
Sie sind,4480135
geht es,4473178
Wir haben,4470666
dass man,4467280
nur eine,4461412
aber ich,4442655
Er ist,4439612
sie an,4438328
hatte ich,4433655
Sie war,4404782
oder die,4399698
die ich,4396735
sich bei,4396183
werden die,4394377
ich in,4391052
auch das,4388741
sich aus,4384539
die der,4384246
sich eine,4379898
der anderen,4365931
es mir,4354111
sie es,4347782
an das,4347419
in einen,4335157
sie ihn,4332165
nach den,4310511
Abs. 1,4290444
aber die,4287281
nicht einmal,4272134
und als,4258621
zu finden,4244175
Du hast,4240479
ist auch,4226723
ab und,4221108
Sie haben,4205768
den Weg,4196031
Sie hatte,4182601
und nach,4147274
der Regel,4134710
nur in,4127485
noch immer,4120507
Ich hatte,4115409
Sie die,4107315
Blick auf,4104268
die den,4102384
Ich kann,4096734
weil er,4095345
im Sinne,4081429
wenn der,4049531
daß der,4045145
unter der,4039347
doch nicht,4028518
Er hat,4028291
Ich war,4019670
die auf,4016894
und sah,3997240
daß ich,3995927
d. h.,3971881
in ihren,3967900
in seinen,3952695
lassen sich,3940936
von ihnen,3929004
für ihn,3928857
Ich werde,3924252
er auf,3914587
wie das,3912914
bei einem,3882549
so viel,3876742
wie in,3863665
nach Hause,3851294
von mir,3836129
das war,3832895
ich sie,3831251
und wie,3830372
zur Verfügung,3829595
auf ein,3827552
daß es,3826372
die anderen,3824703
das Leben,3820986
und für,3818155
Ich will,3815633
sie auch,3809146
auch wenn,3802489
war sie,3796606
sich vor,3794565
an sich,3780091
ich ihn,3777802
auch eine,3773014
mit seinem,3771394
wenn du,3769436
wieder in,3767272
wird der,3763111
Du bist,3754421
die nicht,3749716
mit ihren,3739220
nach einer,3735343
noch eine,3730814
auf einer,3728941
wenn wir,3724634
Aber ich,3720396
sich und,3697389
am Ende,3697029
nicht von,3692275
Sie ist,3688270
und zwar,3663781
mit mir,3654163
war und,3652619
bei einer,3648944
die Zeit,3641919
hat die,3632260
die Welt,3630776
die Möglichkeit,3615620
zu sagen,3601710
ich mit,3600172
ihm die,3596387
die Hände,3595918
die für,3591999
war eine,3581656
ist er,3562484
als das,3556452
der ersten,3553541
auch ein,3553497
für sie,3546236
so dass,3523957
mit ihr,3523672
den anderen,3493525
gegen den,3486433
sich für,3480864
auch nur,3467645
mit seiner,3460745
ich den,3456591
nach einem,3455175
den letzten,3448794
zu mir,3444417
zu ihm,3442879
in meinem,3440899
hin und,3440083
die das,3435265
ihn zu,3428685
wir die,3422882
durch einen,3418699
sie von,3413256
auch auf,3410537
sich als,3410035
mir die,3409666
den ersten,3408518
vor sich,3407754
und ihr,3406231
sich über,3403793
werde ich,3399960
einer der,3398143
aus und,3391830
sowie die,3387387
wird in,3377758
der von,3374406
sich nach,3358200
sie und,3349995
es ihm,3349187
Wenn ich,3348231
die eine,3336790
so ist,3330820
und an,3315149
of the,3314718
wieder auf,3302460
auf diese,3300048
ein bisschen,3299393
auch bei,3293788
Ich glaube,3288127
mich an,3285538
aus einem,3280816
bis zur,3276665
um sie,3270297
um einen,3268824
mir nicht,3265816
Als er,3263881
nicht an,3247246
ich auch,3240912
Teil der,3236540
oder der,3231607
noch die,3228900
nicht der,3216760
zu bringen,3216655
ob sie,3209338
war ich,3204909
es mit,3204561
zu Hause,3200247
für sich,3194766
für alle,3191208
ein und,3187111
mit seinen,3167431
und wenn,3166122
es für,3152121
kann es,3138877
viel zu,3136550
hat sie,3132845
Auf der,3127651
auch im,3126415
das Gefühl,3122841
vor den,3120026
waren die,3115286
New York,3114140
dass Sie,3107343
aber das,3096525
Und ich,3090189
du dich,3086114
in sich,3081032
und wir,3080651
und einen,3072597
hatte die,3070408
Als sie,3069458
mich zu,3068912
ihn nicht,3063049
ob er,3053673
aber es,3052495
wird es,3044346
noch nie,3038497
wie man,3036104
wieder zu,3029074
um ein,3025717
so gut,3025029
aber sie,3021058
sie noch,3020610
sind in,3018746
in ihr,3017216
Und dann,3013124
zu erkennen,3000788
und war,2996468
aber er,2990186
und ging,2982788
aus einer,2976990
Ende der,2973406
er war,2972606
kann die,2972128
an einer,2971624
Als ich,2971172
sich wieder,2969051
den beiden,2964607
er zu,2960897
noch in,2958637
ich dir,2954088
Ende des,2953449
und sagte,2953115
können wir,2951166
u. a.,2945239
ist für,2945068
nicht als,2939800
die durch,2939393
die Menschen,2939089
er seine,2929371
du nicht,2928655
zu verstehen,2921821
setzte sich,2921799
können Sie,2916394
sie ihm,2915321
der beiden,2905741
sich durch,2901125
und ist,2900427
Bezug auf,2895963
wird das,2892861
und ließ,2891672
nicht aus,2885766
innerhalb der,2882073
Es wird,2879211
ließ sich,2878676
eine andere,2877709
von ihr,2876588
es die,2876112
wenn Sie,2872237
ich noch,2872046
die man,2865772
sagte ich,2865491
auf ihn,2864671
als ob,2859851
er mich,2853248
der Lage,2848443
Und das,2848189
es nur,2847428
der Mann,2843908
Auch die,2843279
fragte er,2835801
nur mit,2830858
er ein,2830658
Wenn Sie,2828061
auch mit,2827397
und durch,2825337
weil ich,2823757
auf seine,2819102
mich in,2797942
dass ein,2793274
er auch,2792173
auf ihre,2783747
zu und,2783204
ich weiß,2782435
Abs. 2,2778633
die meisten,2775510
er und,2768706
werden und,2766240
so daß,2764321
in Form,2762735
und sein,2759283
mit ihrem,2759167
und bei,2758851
sie ein,2758005
in allen,2757275
oder nicht,2752658
sie eine,2752109
der Nähe,2751389
das in,2745982
sie im,2743174
da sie,2736438
ergibt sich,2736152
etwas zu,2725235
ist mit,2722230
jedoch nicht,2719952
eine Art,2717576
Mit der,2712071
von denen,2708585
nichts mehr,2707014
so wie,2704686
Und wenn,2703348
war in,2702323
die Frau,2700325
bist du,2699462
zu gehen,2697292
auf sie,2687893
Hast du,2687612
sie ihre,2677130
es so,2676964
wo er,2674068
im Bereich,2672268
eine große,2671069
nicht das,2667758
zu geben,2664012
der sie,2661674
nach oben,2653780
was die,2647670
es noch,2646777
die Kinder,2642612
Rahmen der,2642126
und einer,2639276
wo sie,2638499
ihm zu,2633377
zu nehmen,2631262
eine neue,2627545
im Jahr,2626797
der Fall,2625213
sind und,2622300
der Tür,2621999
ich dich,2620153
nur auf,2616345
die zu,2615073
die wir,2614867
so lange,2610057
auch von,2608695
Wir sind,2603860
auch als,2599622
dem Weg,2598267
es eine,2596389
zurück und,2593036
und dass,2589027
die Luft,2588620
so weit,2587744
oder in,2583984
Aber das,2581327
ich meine,2580500
durch ein,2579410
sich noch,2578000
ihn an,2575646
da die,2575611
Mit dem,2574742
die Stadt,2572658
um zu,2570470
Auf dem,2569721
von uns,2568305
ist sie,2564475
wie auch,2564181
sich nur,2561871
auf mich,2559894
weiß nicht,2559454
zwischen dem,2556987
ist aber,2556558
über eine,2555577
wir in,2554234
so etwas,2554120
haben Sie,2553723
du das,2553408
sich aber,2550752
den Mund,2542661
er ist,2538584
dem die,2537986
oder auch,2536759
der deutschen,2533213
mit sich,2531575
ist nur,2525058
zu halten,2520893
er eine,2519660
welche die,2515929
mit denen,2505778
indem er,2504909
den er,2503470
hätte ich,2501914
sie nur,2500612
wegen der,2500027
das sich,2499479
nur für,2498358
haben die,2498246
nicht im,2496261
in seine,2495836
ist zu,2494891
Wenn du,2492288
Ich wollte,2492233
mehr zu,2491248
worden war,2490556
und da,2489335
ja auch,2487322
in Richtung,2485628
wir nicht,2477218
er ihr,2476495
den Augen,2475307
Ich muss,2475103
es ein,2474802
man in,2472398
zu ihr,2470288
das die,2467119
er noch,2466510
die Arme,2459339
hat es,2453327
und deren,2452649
würde ich,2451514
er von,2451455
Durch die,2450474
ob die,2449655
nicht ganz,2448964
noch mehr,2447162
ich auf,2446912
mir das,2446739
kann nicht,2443678
und hatte,2441207
war so,2440842
Sie das,2438456
wie bei,2436902
und einem,2436144
der Gesellschaft,2434338
ihn in,2432143
auch den,2429858
ob es,2424904
Nach dem,2418083
er hatte,2413506
eine solche,2411429
konnte er,2411014
würde er,2408603
eine der,2405238
man nicht,2404810
in diesen,2400522
zu kommen,2396620
den Boden,2389926
ihr die,2388098
sagte der,2385244
an diesem,2383105
Sie hat,2379201
auch schon,2374135
von seinem,2370911
wie sich,2368166
will ich,2365060
du mir,2363361
der mit,2360244
handelt es,2359084
Bereich der,2355868
noch einen,2353811
er einen,2349192
und zog,2348873
mich auf,2345044
und was,2339307
und vor,2338575
sich dann,2335773
um ihn,2332900
ist doch,2331507
den Blick,2331394
Aber es,2327902
die Sache,2326332
kommt es,2324331
die es,2323216
daß man,2322620
den Menschen,2319884
mich mit,2318482
der Arbeit,2316723
den Tisch,2316104
gewesen war,2315293
sind wir,2314697
wandte sich,2314574
für diese,2310838
sah sie,2310679
Hinblick auf,2310655
damit die,2308039
dass eine,2304100
während er,2301941
des Menschen,2301505
und zum,2301161
Die beiden,2300933
wie wir,2299976
dass diese,2298475
die aus,2294443
ja nicht,2294331
sich so,2293016
drehte sich,2290870
wenn das,2288084
und wieder,2287585
bei mir,2286110
der Erde,2285485
sie war,2285233
Sie nicht,2282130
das Haus,2279606
zur Seite,2277866
kann sich,2275610
Auch wenn,2273678
hatte es,2273539
Mit einem,2271823
die erste,2271285
denen die,2270789
schüttelte den,2269822
er mir,2268682
denn die,2267620
wäre es,2266721
mit ihrer,2266057
Sie mir,2261859
zu diesem,2261727
um und,2260096
oder eine,2259131
so sehr,2256641
das Kind,2256333
Teil des,2253338
am besten,2251424
den ganzen,2248154
diese Weise,2247021
den sie,2246844
ihn mit,2244190
das alles,2243735
du mich,2242261
dem er,2241850
über dem,2239631
man sie,2237047
von sich,2234852
sie mir,2232980
man den,2230459
wenn auch,2229872
Sie können,2227562
hatte und,2226776
auch immer,2225151
sind sie,2221489
Dies ist,2220212
für uns,2220184
weil die,2219682
wurde die,2218691
sich den,2213940
Ich möchte,2213604
kannst du,2211656
ich zu,2211046
Und was,2209884
fragte sie,2206372
wo die,2206365
in ihre,2203300
ersten Mal,2203161
Es gab,2199691
nicht für,2196371
mit dir,2194077
er an,2193459
der im,2193177
zu hören,2192736
hätte er,2187202
Zusammenhang mit,2186913
ich kann,2185399
nur einen,2184141
Umgang mit,2183286
zusammen mit,2183256
fühlte sich,2182702
zu sprechen,2182567
dann die,2182445
Sie werden,2182010
weil es,2177293
aufgrund der,2175793
neben dem,2174205
sie so,2171121
nur das,2170897
sie einen,2165666
sie aus,2165644
mit Hilfe,2164981
würde sie,2161496
in Bezug,2158474
sie ist,2158383
hat der,2156738
Wenn man,2156218
ist ja,2151970
es um,2151236
sie wieder,2148692
weiß ich,2145871
hat das,2141302
werden in,2139829
konnte ich,2137752
hinter dem,2135102
zwischen der,2134723
der Mensch,2132851
sind nicht,2131532
zu seinem,2129627
indem sie,2129533
zeigt sich,2129397
wie möglich,2124012
Ich hab,2123016
eine kleine,2121087
Und die,2120973
dem sie,2120887
aber in,2120668
mir zu,2118732
sie nach,2117602
noch etwas,2117058
es ihr,2116263
sie mich,2106075
zu erreichen,2103635
nicht immer,2100384
ich will,2099437
das Wort,2098816
für seine,2095611
Er sah,2095372
oder ein,2090450
haben sich,2089722
daß das,2087047
es im,2083895
ich ihm,2083333
einen Moment,2079807
man das,2078477
bei denen,2077274
und diese,2075634
zum ersten,2075060
im Vergleich,2073165
gar nichts,2073105
was du,2072603
der einen,2068374
der Schule,2066697
der letzten,2066085
und somit,2065613
ich ein,2062728
sie als,2060664
es auf,2060515
überhaupt nicht,2058761
immer mehr,2057818
nicht den,2056925
das er,2052645
In einem,2051852
der Natur,2050207
du es,2047220
nichts zu,2042030
es doch,2040574
das sie,2039525
sah er,2038614
in Ordnung,2035399
für dich,2033594
haben sie,2031977
mit anderen,2031470
und nur,2030076
und über,2028459
die Leute,2027453
so schnell,2025961
der Nacht,2023179
zu viel,2023160
werden wir,2022532
wird durch,2022111
noch zu,2020191
ist so,2017565
während des,2017035
für ihre,2012677
während sie,2010026
zu sich,2009269
bei uns,2009056
diesem Fall,2007176
nicht um,2006444
er hat,2006026
neben der,1994319
und ihn,1994218
du bist,1992638
auch hier,1991887
und andere,1991210
wird er,1989988
die Geschichte,1989628
der Straße,1986150
an dieser,1983970
den ich,1981662
ist im,1980638
was wir,1979831
wird von,1979593
ihm nicht,1979308
die andere,1978269
und zur,1977453
hatten sie,1977336
Augen und,1973271
als in,1970842
auf sich,1969971
die an,1968689
sie für,1967692
die Entwicklung,1967055
nach unten,1966884
ein kleines,1965832
er im,1964400
bis sie,1959760
ein Stück,1958414
konnte sie,1958312
anderen Seite,1955810
der Mitte,1954885
dich nicht,1954841
war auch,1954613
des Lebens,1950233
an einen,1949797
und mich,1949697
und wird,1948939
und aus,1947959
schon wieder,1946792
ist mir,1946104
Man kann,1944085
Hand und,1942544
über einen,1941152
der Praxis,1939403
die ihm,1939224
dieser Stelle,1939066
mir ein,1936626
um mich,1935661
die ersten,1935329
je nach,1935243
da er,1933959
aber der,1933138
gewesen sein,1932732
und hat,1932172
es bei,1931603
Wenn wir,1931599
nicht viel,1929932
als wäre,1929287
Wir müssen,1927857
der Geschichte,1927333
einem anderen,1925723
hier nicht,1925609
Gegensatz zu,1923173
sein und,1919868
bei ihm,1919710
Sie waren,1919619
mit diesem,1919264
die nach,1917257
Nach der,1917014
wir das,1916543
muss ich,1915845
wollte er,1914921
ging es,1914568
es gibt,1913622
hatte das,1913546
Kopf und,1911979
die Arbeit,1908366
ein Mann,1907888
nur der,1904684
während die,1903512
ob ich,1903212
Der Mann,1903031
das Gesicht,1899431
schon in,1899413
zu müssen,1899072
kann der,1898664
Wenn die,1897970
es dir,1894927
eine gute,1891380
dass ihr,1889674
in meiner,1888587
der Familie,1887709
wir es,1885783
den Rücken,1881353
vor ihm,1880257
denn sie,1880170
denn er,1879869
hinter sich,1879321
In dieser,1879307
die Stirn,1878473
mit ihnen,1878227
In dem,1877618
ihr zu,1874736
ich an,1874143
das ganze,1873921
läßt sich,1873225
das erste,1870843
Wenn er,1869966
Form der,1867154
Darüber hinaus,1866855
ich Ihnen,1866205
an eine,1865722
eine Frau,1863396
zu stellen,1862012
finden sich,1861083
Wenn es,1858131
die Wahrheit,1857236
das zu,1857203
die Sonne,1855964
Wenn sie,1855879
der Kirche,1855373
Es geht,1855366
sich dabei,1853927
von ihrem,1851836
hat mich,1849859
in Verbindung,1849774
bis auf,1848456
gegen das,1846570
unter die,1846526
stand auf,1840991
der das,1840504
Suche nach,1839481
der Deutschen,1839207
der den,1838910
Geschichte der,1838661
In einer,1838544
von seiner,1837035
mehr oder,1832030
möchte ich,1831914
die bei,1830448
es aber,1830076
Und er,1829856
im Hinblick,1827257
eine Weile,1826716
das mit,1826499
Sie den,1826193
und legte,1825742
der Tat,1823899
hier in,1821915
Bei den,1821696
Für den,1821121
oder gar,1818275
als hätte,1816745
und alle,1816486
hat mir,1815959
Aber die,1815464
wie vor,1815240
die ihn,1813704
er nach,1812447
findet sich,1812287
das Bild,1812010
hat und,1811991
der eigenen,1811433
Aber er,1810621
in ihm,1810316
ebenso wie,1809206
wurde von,1808817
und mir,1808615
ich war,1803977
einen Blick,1802084
so ein,1798509
bis in,1793852
der auf,1792958
haben und,1792018
ihm das,1792002
einem der,1788657
zum Teil,1788190
müssen wir,1788149
ich werde,1787840
dem Boden,1784951
wurden die,1784529
einfach nicht,1782796
in the,1780501
auch zu,1777713
in mir,1777518
uns in,1776703
war noch,1774318
Form von,1773356
du hast,1772951
das für,1771458
man es,1770470
unter anderem,1769939
ohne dass,1767483
bevor er,1767167
hätte sie,1767017
ich schon,1763645
Vor allem,1762444
er ihn,1761677
Frage nach,1761192
waren sie,1760565
über ihre,1759557
und her,1759394
und ohne,1757969
uns nicht,1756350
Art und,1756028
konnte sich,1752408
stellt sich,1752062
sowie der,1750898
und noch,1750514
war zu,1747609
ist noch,1745547
also die,1745458
was für,1744357
nichts anderes,1743893
Von der,1743474
wir haben,1742312
ich eine,1741790
der ganzen,1740495
von allen,1739360
können die,1737522
so viele,1736173
den Raum,1734998
Anzahl der,1733544
kann das,1731612
wie du,1729849
Da die,1729641
das auch,1728823
Reihe von,1727083
kam es,1727076
werden soll,1726636
ist als,1725925
im Gegensatz,1724104
auf einmal,1723445
die als,1722079
Sie in,1721677
Zahl der,1721479
auf seinen,1719121
er nur,1717708
was man,1717290
aber nur,1717247
und nahm,1716048
nur zu,1714713
erst einmal,1714342
noch mal,1711914
dann auch,1709363
auf ihren,1709247
die Straße,1708345
bis er,1707377
soll ich,1706637
an seinem,1700694
das von,1699111
es an,1697358
wie im,1695772
sie hatte,1694312
es keine,1693385
Entwicklung der,1693090
zu seiner,1690065
der eine,1688789
sich hier,1688182
sei es,1687011
doch die,1686956
Aber sie,1686104
der einzelnen,1685002
die drei,1684739
in sein,1681727
die auch,1680974
fragte ich,1679275
er seinen,1677930
ist bei,1677300
dieser Zeit,1676101
ist also,1675145
wird und,1674602
wird sich,1673982
das Recht,1673797
nicht wahr,1673638
zu schaffen,1672741
Er wollte,1672415
sich am,1672314
wir den,1668908
sich immer,1667925
wollte sie,1667811
war schon,1667549
wird ein,1665870
worden ist,1665834
vor und,1665622
nicht weiter,1665128
sehr gut,1662728
zu ihrem,1662102
wird auch,1662019
auf seinem,1662009
mir leid,1660375
diesem Zusammenhang,1659864
und man,1658554
ich einen,1654695
der er,1652271
in Berlin,1650989
nicht einfach,1650784
die einzelnen,1650613
wieder an,1649237
vor mir,1649099
die Mutter,1648715
ist von,1645184
nicht ein,1644096
auch an,1643970
Sie es,1643502
nicht möglich,1642807
oder weniger,1642546
Wir werden,1642003
das heißt,1640878
mit dieser,1640847
Und sie,1639789
sehr viel,1639749
das Wasser,1639306
sie dann,1636868
in jedem,1635010
einer anderen,1634415
dann in,1634199
Ist das,1631448
den Arm,1628460
als würde,1625288
und hielt,1623368
also nicht,1622427
sie sind,1622284
im Jahre,1622197
sie schon,1621371
über seine,1617503
noch so,1617411
zu suchen,1616743
der nicht,1613760
als wir,1612605
Ich dachte,1612326
ich nur,1611996
nicht durch,1610627
und ihm,1610149
erster Linie,1609489
im Zusammenhang,1607435
den Namen,1607226
alles in,1607022
ich hatte,1606081
dass in,1605492
Art der,1605151
nur durch,1604416
die ein,1602803
und seiner,1602725
kann auch,1602188
ich von,1600047
nur um,1598852
was ist,1598255
in erster,1598078
sich schon,1598029
der großen,1596860
zu wissen,1596787
war mit,1596753
hat man,1592824
zu Ende,1591556
uns die,1591335
den meisten,1591257
ich und,1591128
sie vor,1589941
und dabei,1587137
zu Boden,1585818
im Laufe,1585520
daß wir,1585145
und am,1584604
wurde der,1584594
dem der,1583809
Zu den,1582762
das eine,1582732
eine gewisse,1582532
der Menschen,1578949
den Händen,1578383
die Höhe,1578186
sie bei,1577133
von diesem,1575802
und meine,1575628
einfach nur,1575414
die ihr,1574039
Hand auf,1574014
gegenüber dem,1572317
nur von,1571548
um so,1570430
der Frau,1569105
und daß,1568503
bevor sie,1568019
was in,1567036
ihm in,1566145
die dem,1564939
Haben Sie,1564683
im Internet,1561318
wollte ich,1561122
nach und,1559490
möglich ist,1559290
das ich,1558797
und kann,1558408
zu spät,1556843
Aus dem,1555748
hier die,1555180
darüber hinaus,1554796
bereits in,1553171
nur so,1552404
es der,1552094
ihr nicht,1551816
selbst zu,1549575
sie ihr,1549214
und seinen,1548731
Sie hatten,1548466
nur dann,1547230
und machte,1546192
in Frage,1545558
sich wie,1544792
Die meisten,1544655
eines der,1543386
konnte nicht,1543037
als es,1541529
ein neues,1540536
hatten sich,1540235
um ihre,1539707
der erste,1539453
Ich denke,1539105
meine Mutter,1538264
es sei,1537559
und wurde,1535715
doch noch,1534685
zu denken,1532951
nur den,1532487
es schon,1531636
er wieder,1531556
Über die,1530250
sein kann,1529856
der zweiten,1529482
und ihrer,1528404
dem ich,1528235
sich diese,1527216
sich einen,1521687
der Frage,1520237
sie doch,1519718
zum anderen,1519271
ist hier,1518374
Sie mit,1517443
befindet sich,1517267
ist jedoch,1516868
dass auch,1516841
sie durch,1516820
daß sich,1516178
und mehr,1515986
Aus der,1515174
in zwei,1515011
uns zu,1514763
das der,1512660
der Universität,1512631
Und wie,1511499
bis heute,1511089
würde es,1510189
wird eine,1508150
wird nicht,1507434
man mit,1505599
muss man,1505393
hinsichtlich der,1502685
wurde in,1502505
Sie mich,1501754
werden sie,1501752
und ihren,1500464
den USA,1499310
zu bleiben,1498863
ihn auf,1498160
eine weitere,1497995
die Lippen,1497090
wenn sich,1496910
stehen und,1496773
der für,1496561
Aber auch,1496327
zu wollen,1494740
hatte ihn,1494518
und setzte,1492222
ein Kind,1491887
Du kannst,1490027
An der,1487873
stellte sich,1486963
Und so,1486635
ist alles,1486589
war nur,1484240
Begriff der,1484232
zusammen und,1482997
zu erhalten,1482081
die Zukunft,1480325
zu dieser,1479569
wieder ein,1477659
tut mir,1477203
wo ich,1475725
die gesamte,1475526
das Licht,1474112
nicht nach,1473210
willst du,1472712
und doch,1472270
der neuen,1470750
hinter der,1469514
ich glaube,1468938
den nächsten,1468007
die Bedeutung,1468003
der zu,1467692
und du,1466817
machte sich,1466792
hatte den,1465934
war ihm,1465160
die einen,1462775
von ihrer,1462701
was es,1461946
ihr das,1459813
ohne die,1459560
Es sind,1459407
sich hin,1458006
so wird,1457523
ich jetzt,1456929
sind auch,1455796
sich nun,1454857
denn das,1454774
mehr in,1453835
das Thema,1451709
der Vergangenheit,1450697
jetzt nicht,1450493
ihm ein,1449912
Abs. 3,1448111
zu Beginn,1447650
am nächsten,1447461
allem die,1446837
es wird,1446509
eine Reihe,1445098
das Geld,1444414
handelt sich,1443054
du dir,1442999
Ich konnte,1442091
Jahre alt,1438543
war ihr,1438006
anders als,1437490
nur im,1437429
einen kleinen,1437078
dann ist,1436724
wurde er,1434544
ins Gesicht,1433429
Ich würde,1432305
an seine,1430469
So ist,1429469
der Luft,1429425
sage ich,1429295
Beginn der,1429239
Um die,1427756
es ja,1427267
die Gefahr,1425471
ist kein,1425088
nur als,1424724
die über,1424624
sind im,1424219
diesem Moment,1424065
die Rede,1423128
er so,1422626
gegenüber der,1422487
zwar nicht,1422018
was sich,1420658
Art von,1419203
nach wie,1418792
des Unternehmens,1418632
oder das,1417241
seine Frau,1416843
die Erde,1416634
einen anderen,1416523
war für,1416301
eine ganze,1415473
das Problem,1413544
nicht allein,1411877
Sie sah,1411483
er als,1411134
die eigene,1410907
werden müssen,1410170
der alten,1409874
Und es,1408090
hatten die,1407954
einer solchen,1407684
eine sehr,1406611
du denn,1405472
noch auf,1403841
ein anderes,1403471
und versuchte,1402622
ist schon,1402515
es den,1402342
die Situation,1401933
Nach einer,1401899
denn es,1401261
den Tod,1399303
der DDR,1398402
sich dem,1398276
sie am,1394509
hat eine,1394358
nur an,1394191
hab ich,1393333
wird im,1393209
zu bekommen,1392328
aus seinem,1392271
Ich hätte,1391849
wirst du,1391782
keine Ahnung,1391722
damit sie,1391354
Blick zu,1389095
jeden Fall,1388887
dem sich,1388762
sah ich,1388481
Das kann,1388014
und um,1387255
so zu,1383851
es das,1382950
man auch,1382375
das Mädchen,1382260
der durch,1382174
auch durch,1381211
nun die,1380960
was das,1380835
sie alle,1379869
die Schulter,1378903
im Leben,1378887
noch mit,1378573
und wollte,1378191
Wir können,1378168
er aus,1378134
zu ihrer,1377777
vor einem,1376429
an ihrem,1376208
die uns,1375173
an seiner,1373105
sondern nur,1372946
zu erklären,1371620
Was für,1371592
wird sie,1371574
war von,1371471
Angst vor,1371445
der Küche,1371186
um seine,1371061
durch ihre,1370601
Bist du,1370445
nicht lange,1370116
befand sich,1370019
und alles,1368676
wenn ein,1368456
in vielen,1368323
ich im,1368174
die nur,1367763
ich so,1367296
den Eindruck,1366634
mir in,1365853
nicht ohne,1365760
aber noch,1365227
die Männer,1365137
mir eine,1363958
heute noch,1362649
das Herz,1360166
Weg zu,1359876
und gab,1359254
Verbindung mit,1358931
und sind,1356258
nicht anders,1355188
ließ sie,1354894
hatte der,1354384
durch seine,1352898
nicht gerade,1352112
er selbst,1352074
einen Augenblick,1351933
Menschen in,1351838
als bei,1351605
erhob sich,1351469
der andere,1350379
da war,1349937
der Stelle,1349592
ein sehr,1348336
sich unter,1347536
das Land,1346610
ob der,1345836
einen großen,1345776
konnte es,1345720
denn ich,1345659
in unserem,1345494
die Nacht,1342015
er sein,1340748
war mir,1340002
sich jedoch,1339354
mir einen,1339306
den einzelnen,1337581
aus seiner,1337535
kann er,1336435
das so,1334882
man ihn,1334502
zu setzen,1334472
Und jetzt,1334258
seit dem,1333391
der Entwicklung,1332777
dachte ich,1331793
oder zu,1330993
sie ihren,1330838
etwas anderes,1330731
die Idee,1328942
von dieser,1328713
über ein,1328439
es immer,1327466
ein großes,1327219
von ihren,1325996
da es,1325254
Von den,1324996
Als die,1324715
sah ihn,1324448
die letzten,1324251
eines Tages,1322394
es hier,1322305
seine Hand,1322147
der König,1322045
sich zum,1321327
Er wird,1318419
Sie auf,1318262
die Worte,1318128
zum Ausdruck,1317793
mir den,1317042
man von,1316953
noch im,1316658
ich ihr,1315935
doch nur,1315932
schon die,1314108
Im Gegensatz,1313921
wird mit,1313677
wie Sie,1313459
Satz 1,1311994
sie selbst,1311499
sondern die,1310986
nicht gut,1310746
die noch,1310696
Was soll,1309965
allerdings nicht,1309738
es dann,1309000
und jetzt,1307454
auch so,1306568
an ihm,1306315
tief in,1305833
über der,1305806
für Sie,1305804
sein Gesicht,1305523
Leben und,1305278
die Nase,1304154
so kann,1303890
Bedeutung der,1303380
die Zahl,1303114
und unter,1302891
Er konnte,1301022
sie über,1300460
ich doch,1300369
ich hier,1299322
wie z.,1298436
wir sie,1298366
dem anderen,1297498
wir mit,1295860
und immer,1294192
ist auf,1293910
ist sehr,1292938
nicht über,1292467
ihm den,1292266
da ist,1291535
in meinen,1291400
die Beine,1291281
schon seit,1290549
rief er,1289722
und nun,1289226
der Sache,1288066
zu zeigen,1287230
und anderen,1287054
die Art,1285739
es von,1285695
von dir,1285275
in welchem,1285122
in Betracht,1284424
Zeit zu,1283424
wir sind,1283164
er für,1281806
in Europa,1281659
Vergleich zu,1280405
immer nur,1279939
an Bord,1279904
er schon,1279742
der Seite,1279105
der Gruppe,1278465
mein Vater,1278320
ihm und,1277588
Einfluss auf,1277437
zu vermeiden,1276665
an seinen,1276646
Sinne des,1276382
sie zum,1275909
einer von,1275807
der Bundesrepublik,1274766
Du wirst,1273504
vor die,1272560
werden muss,1271159
den Schultern,1270901
wollen wir,1269940
den Mann,1269537
sie aber,1269177
innerhalb des,1268069
ganze Zeit,1267911
nicht mal,1267771
dem Kopf,1267693
des Landes,1266095
du die,1264818
wird als,1264168
bei ihr,1262449
sie immer,1262326
hatte eine,1261614
der Wand,1261229
was der,1261172
der es,1259546
und schließlich,1259384
selbst in,1259233
mit meinem,1258712
die gleiche,1258613
der Vater,1258065
zum einen,1257596
ihn und,1257386
wenn nicht,1257329
die große,1255826
eine bestimmte,1255606
sind es,1254088
konnte man,1251747
wo es,1250728
zu ziehen,1250173
er dann,1249750
auf Grund,1249392
ihm auf,1248225
die Treppe,1247733
denen sie,1246408
Zeit der,1245834
weniger als,1242672
dachte er,1242608
ich für,1239732
und schaute,1237183
wusste nicht,1235744
bis hin,1235575
wieder die,1234369
die ihre,1234015
beugte sich,1233968
dann aber,1233249
der Mutter,1233119
de la,1232636
in aller,1232420
den Fall,1231555
der Kinder,1231101
oder den,1230793
an ihn,1230325
zu erwarten,1229460
nur wenige,1229356
sich gegen,1228918
die zur,1227920
Sie müssen,1227904
Sie wollte,1226507
in unserer,1226208
mit allen,1226017
die Küche,1225560
mehr und,1224930
können sich,1224500
die Hälfte,1224371
die mir,1221713
die Tatsache,1221565
es einen,1221348
ein Teil,1220766
and the,1219601
nicht zur,1218985
ich nach,1218608
die Stimme,1217866
nicht zum,1217600
und fragte,1217470
nichts von,1217015
der der,1216748
sagt er,1216575
an ihren,1215202
er vor,1213423
im Falle,1213375
an ihr,1213242
Während der,1213088
schon lange,1212663
und Weise,1212297
einen Schritt,1211470
nicht länger,1211213
nicht vor,1210859
ich wieder,1209895
Es kann,1209180
was Sie,1208764
und blickte,1208139
hin zu,1206747
mich und,1206516
jeden Tag,1206305
heißt es,1205509
die so,1203772
er bei,1203471
die Schultern,1203270
so eine,1202213
nicht wieder,1201646
wurde und,1201538
Und der,1200616
sah sich,1200214
Ich sah,1199969
der alte,1198402
der Begriff,1198201
der Liebe,1198186
den die,1197620
die hier,1197225
die verschiedenen,1196920
Das heißt,1196072
der Literatur,1195225
die neue,1194008
Es handelt,1193109
in anderen,1192781
ihm einen,1192558
Zeit und,1191871
und dessen,1190603
sollte ich,1189221
denn der,1189198
die Sie,1188481
nachdem er,1187558
alle anderen,1187292
und stellte,1187241
im ersten,1187071
ihre Hand,1186988
hinter den,1186978
zu uns,1186547
von zwei,1185533
wurde das,1184438
selbst wenn,1183487
der Herr,1183417
das Ziel,1183157
die Liebe,1182490
sind Sie,1182457
werden konnte,1181899
kann und,1181396
sie jetzt,1181298
kurz vor,1180990
auch keine,1180130
ergeben sich,1179772
hatte einen,1179410
und daher,1179295
war wie,1179284
auf meine,1179198
von seinen,1178962
auch nach,1178369
ein Mensch,1177992
sie uns,1177376
wir noch,1177205
Wenn der,1176271
auf ihrem,1176031
zu führen,1175947
wird man,1175015
das Buch,1174726
sollte man,1174716
Du musst,1173852
können und,1173695
hoch und,1173622
daß ein,1173018
bis die,1172794
oder mit,1171712
auch einen,1171507
die mich,1171312
wir auf,1171161
ein großer,1170996
mir und,1170940
der Sonne,1170906
es sein,1170228
den Hals,1169446
den großen,1169331
hier ist,1169231
der jeweiligen,1167906
der nächsten,1166633
etwas von,1165824
der Bevölkerung,1165780
dann mit,1165731
die Dinge,1164985
doch auch,1164035
gewesen wäre,1163605
einem kleinen,1163447
eine Rolle,1163310
davon aus,1162824
kann sie,1162274
wo der,1162253
ich muss,1161464
aus wie,1160812
im Haus,1160347
würde sich,1160074
denen der,1159054
aber mit,1158279
Du weißt,1158245
zu helfen,1157559
das Unternehmen,1157500
ließ er,1157113
damit auch,1156762
schon mal,1156377
aber doch,1156284
sie der,1155654
Es wäre,1154673
wir auch,1154200
die alte,1152568
sein können,1152393
des Kindes,1152221
in Ruhe,1151953
ihr in,1151394
nur bei,1151120
ich Sie,1151045
sie hat,1150899
zu berücksichtigen,1150175
zu lesen,1150109
Ich wusste,1149898
einen neuen,1149635
Es wurde,1149462
Auf diese,1147168
wie sehr,1146949
gut wie,1146700
Hier ist,1146273
die vom,1145586
man eine,1145371
in diese,1144871
als einen,1144407
außerhalb der,1142398
in welcher,1142156
sich also,1140672
zu reden,1140658
in Anspruch,1140385
weiß es,1140116
waren und,1140095
und dort,1139925
oder einer,1138932
die Stelle,1138735
Auf die,1138512
mit uns,1138100
gemacht werden,1137757
das Ergebnis,1137662
es aus,1137441
Mitte des,1136050
habe es,1135587
dem Haus,1135400
Laufe der,1133133
von Menschen,1132771
mit zwei,1132167
einen der,1131840
werden sollte,1131100
zurück in,1131099
einmal die,1130486
und warf,1129925
Beginn des,1129570
zu treffen,1128704
und begann,1127825
die Polizei,1127054
Anfang an,1124928
ihm eine,1124780
nicht sagen,1124249
bei dieser,1124088
unabhängig von,1123906
von Anfang,1123561
ich wollte,1123476
kaum noch,1122833
zu beachten,1122563
nicht auch,1122153
nicht alle,1121060
neben den,1120857
Ich sehe,1120705
man auf,1119028
ein anderer,1118694
weißt du,1118198
Frage der,1117801
ist denn,1117775
junge Frau,1117749
ob das,1117707
viel mehr,1117380
eine Menge,1117010
seiner Frau,1116935
keine Zeit,1116649
Willst du,1116473
am liebsten,1116108
ein weiteres,1115258
nie wieder,1115001
ist immer,1114295
das Verhältnis,1114165
zu betrachten,1113392
Und da,1112506
die kleine,1112240
soll das,1111760
Seite des,1111623
Ich meine,1111454
nur aus,1110611
verwendet werden,1110348
ich meinen,1109864
Menschen mit,1109862
ihre Mutter,1109829
Und du,1107867
Weißt du,1107860
an ihre,1107646
der ihn,1107277
Sie wissen,1107120
schon im,1106995
hat den,1106692
und keine,1106411
gekommen war,1106234
zu verlieren,1105901
ein gutes,1105809
der aus,1105803
er doch,1105329
die vor,1105254
Rahmen des,1105095
nicht sein,1104936
im Grunde,1104715
lassen und,1104311
im Folgenden,1104062
sich doch,1103974
die Natur,1103685
aus diesem,1102560
Die Frage,1101724
sein Leben,1101631
Nicht nur,1100957
Ist es,1100710
nach hinten,1100169
einer bestimmten,1098633
zu gewinnen,1098603
habe mich,1098476
werden Sie,1098428
das Gespräch,1097806
oder auf,1097386
in meine,1097227
seine Augen,1096752
auf jeden,1096674
das Ende,1096604
Leben zu,1096035
das letzte,1095492
ist wie,1093569
in jeder,1093106
es uns,1092971
als den,1092507
vor einer,1092268
am Main,1092132
die Aufgabe,1092088
Zeit für,1091336
zog sich,1091181
Mann mit,1090813
eine wichtige,1090135
glaube ich,1090031
dass ihre,1088628
Ich hoffe,1087917
den Jahren,1087798
nicht zuletzt,1087580
das Ganze,1087540
nicht wie,1087154
wie folgt,1086365
und mein,1086242
mit diesen,1084995
der ihm,1084545
ein kleiner,1083726
ein Wort,1083585
er der,1082617
du mit,1082432
alles andere,1081966
oder durch,1081942
der Art,1081528
uns auf,1080533
gerade in,1080487
Die Frau,1080466
wobei die,1080230
des Hauses,1079634
denen er,1078584
an ein,1077555
noch keine,1077191
ich hätte,1076757
hatte keine,1076484
Auf den,1076455
das hier,1075854
das ein,1075788
sie nun,1075732
wie immer,1075648
er dem,1075592
als sich,1075490
die Wand,1075396
schon ein,1075336
und schon,1075036
da der,1074927
wegen des,1074689
gegenüber den,1074566
einmal in,1074483
kann eine,1074222
Frankfurt am,1073929
von anderen,1073555
all die,1073304
und uns,1072675
noch an,1072059
Darstellung der,1070878
das auf,1070471
es dem,1070381
nach seinem,1069599
und deshalb,1068990
Aber was,1068968
setzt sich,1067723
musste er,1066891
Es waren,1066877
von hier,1066543
Das sind,1066535
bezieht sich,1066331
im Bett,1065819
der ein,1065732
zu fragen,1065109
müssen die,1065101
zur Tür,1064502
dann nicht,1063846
die am,1063416
der Suche,1063247
das im,1063197
von außen,1061962
ist dies,1061690
wohl nicht,1060990
weil der,1060935
gesehen hatte,1060150
sich jetzt,1059994
nach seiner,1059824
zu leben,1059726
Als der,1059482
den in,1059261
ein solches,1058418
auf diesem,1057983
die Ergebnisse,1057746
so war,1057455
während ich,1057327
sollten Sie,1057282
selbst die,1056825
dann wieder,1055485
Auch in,1054051
Das hat,1053397
Gesicht und,1053325
hatten wir,1053115
ging er,1053111
es geht,1052844
erst nach,1052778
der politischen,1052777
den kleinen,1051806
Dabei ist,1051430
zog sie,1050611
bei sich,1049659
Analyse der,1048670
lange Zeit,1048370
Menschen und,1047951
Aber wenn,1047343
und fuhr,1047107
immer die,1046455
dem Rücken,1046019
vor ihr,1046008
Auseinandersetzung mit,1045703
sind für,1045115
und zwei,1045002
Mutter und,1044795
hat einen,1044707
über sie,1044109
schloss die,1044104
an ihrer,1043806
die Frauen,1043549
dabei die,1043411
mir auch,1043049
sehe ich,1042826
und drückte,1042672
worden sind,1042468
allem in,1041738
genau das,1041602
mir auf,1041591
dass dieser,1040812
die letzte,1040025
des Jahres,1038699
die Rolle,1038369
den alten,1038250
Es hat,1038086
Aber der,1036327
S. 1,1036278
Patienten mit,1036266
nicht wirklich,1035809
oder im,1033743
Wenn das,1033640
aus ihrem,1033172
die Antwort,1032579
von diesen,1032495
wie viel,1032292
noch das,1032162
dass seine,1032138
muss die,1031984
hier und,1031836
ist mein,1031575
darauf hin,1031461
wieder zurück,1029243
ihr Gesicht,1029230
bis dahin,1029226
Menschen zu,1029221
da ich,1029096
der rechten,1028672
nicht sicher,1028633
mit meiner,1027931
und konnte,1027872
sich ihre,1027790
der ich,1027763
machen und,1026939
Sie eine,1026121
bis ich,1025981
bei diesem,1024527
so die,1024028
Ein paar,1023959
nun auch,1023941
so oft,1023594
die zweite,1023545
zu sehr,1023533
natürlich nicht,1023253
den Rest,1023179
über diese,1022980
den Begriff,1021989
an zu,1021000
immer in,1020949
sich ihr,1020590
nicht sehr,1020154
kann nur,1019810
hat in,1019574
denen sich,1018935
schon einmal,1018692
nach außen,1018636
Auch hier,1018336
obwohl sie,1018264
damit er,1018229
gilt für,1018133
den folgenden,1017811
trotz der,1017657
wurde es,1017613
ist nach,1017593
sie dem,1017180
die einzige,1016274
um diese,1016268
oder andere,1016033
die Anzahl,1015717
dieser Arbeit,1015697
mitten in,1015680
natürlich auch,1015401
aber ein,1015031
erst in,1015020
damit zu,1014036
Na ja,1013684
zeigte sich,1013623
Auch der,1013150
den Kindern,1012453
für diesen,1012437
zu entwickeln,1011565
dem Tod,1011223
Bei einer,1011119
zu erzählen,1010270
war sehr,1009552
müssen Sie,1009428
Anspruch auf,1009183
über ihn,1009161
für immer,1009144
Und nun,1009119
ihnen die,1008998
nächsten Tag,1008874
hatte ein,1008820
das nur,1008164
war alles,1007930
Jahre später,1007160
an denen,1007037
die Kirche,1007000
selbst nicht,1006714
da und,1006634
zu ihnen,1006483
Zeitschrift für,1006436
des Königs,1005634
Sie Ihre,1005040
Wir wollen,1004772
vor Augen,1004744
die Entscheidung,1004535
zu essen,1004444
mehr so,1004321
er wollte,1004034
auch aus,1003705
mich so,1003557
ihr Leben,1003375
die Gesellschaft,1002883
oder ob,1001858
Sinne der,1001487
dem man,1000966
Sie auch,1000421
Sie konnte,998818
Während die,998095
besteht aus,997744
ihr den,997336
ist dann,996935
ich dann,996680
Am Ende,996529
bereits im,996025
Auch das,995854
kann ein,995633
die Lage,995632
aus ihrer,994677
das Zimmer,994487
wird auf,994015
Er nahm,993624
jedoch die,993617
Zeit in,993316
lange nicht,993236
er über,993153
hielt sie,992866
es gab,992818
dann noch,992632
Mann und,992465
er jetzt,992425
auf dieser,992385
herum und,992269
nahm er,992206
eine ganz,991301
er am,991067
auf sein,990935
Entwicklung des,990460
dir nicht,989439
seine Mutter,988750
ich bei,988673
dann auf,988654
wir alle,988593
noch viel,987775
zu beobachten,987139
nicht unbedingt,987030
wie etwa,986797
Wo ist,986693
mich noch,986106
dem Fenster,986093
diesem Augenblick,985619
im Raum,985354
ihn die,985203
habe sie,984873
den Wagen,984799
mehr auf,984782
und ab,983867
ist diese,983063
dem ersten,982670
es als,982615
eine Frage,982113
ließ die,982057
ins Bett,981735
Augen zu,981689
so was,981420
so aus,980552
seinen Augen,980419
als sei,980295
den Tag,980065
und werden,979554
bei dir,979111
wieder mit,978369
ein Jahr,978125
vielleicht auch,978072
der gesamten,977553
hatte nicht,976972
die deutsche,976677
worden waren,976613
der an,976522
ist dabei,976384
musste ich,976052
ein ganz,975931
nicht bei,975115
immer so,974693
wohl auch,974482
wir hier,974472
werden von,973758
war ja,973468
von meinem,973299
es denn,973259
ganzen Tag,973043
die Kraft,972710
wie viele,972682
den man,972547
so groß,971760
Es tut,971753
Frau und,971638
dem Hintergrund,971616
eine Hand,971125
auf ihr,971108
das andere,970851
aber eine,970810
mich auch,970784
können sie,970458
der junge,970394
oder als,970259
werden sollen,970210
keinen Fall,969950
der Gedanke,969121
sich damit,969014
Nr. 1,968547
Interesse an,968096
auch ohne,967340
mehr von,967177
man einen,967151
sie haben,967129
die zum,967114
Fall ist,966874
nicht alles,966795
die nächste,966504
Aus diesem,966451
ihr ein,966375
was zu,966287
eine besondere,966105
dachte sie,964991
noch vor,964760
in mein,964331
die Familie,963764
dem Tisch,963670
mich von,963558
er konnte,963275
Leben in,962906
Mit den,962169
besser als,962119
der kleinen,961768
ich ja,961332
zur Folge,960649
dies nicht,960303
und kam,960141
schon vor,960053
war im,959624
jedes Mal,959398
der Insel,958769
bezüglich der,958448
Sie wird,958211
auf seiner,958005
von oben,957427
an mich,956881
erst mal,956448
bei allen,956285
einen Mann,956177
nahm die,955842
für jeden,955337
einer neuen,955317
der Sprache,955262
oder von,954792
zu nennen,954745
wieder nach,954557
die richtige,954298
Gibt es,953775
einem großen,953665
ich immer,953068
wie von,952642
am Abend,952180
hat ein,952027
es möglich,951369
und welche,950766
Bereich des,950354
seit der,950172
schon so,949556
du noch,949466
ist daher,949415
mal wieder,948598
daß eine,948504
denn auch,948292
zu tragen,948073
um nicht,947922
Wir hatten,946461
Hinweis auf,946445
sich seine,946270
wir eine,946147
Prozent der,945888
doch ein,944803
zog die,944443
Er musste,944243
dem Bett,944170
ich konnte,943918
zu verhindern,943421
Seite der,943213
ihm der,942744
muss sich,942609
der Polizei,942564
wirklich nicht,942330
die unter,941664
nahm sie,941624
und gar,940731
noch der,940349
in Bewegung,940210
ich würde,940147
in verschiedenen,940027
die Knie,938903
die Macht,938842
mich um,938621
Formen der,938320
letzten Jahren,938306
nachdem sie,938274
obwohl er,937930
zur Zeit,937925
nächsten Morgen,937196
zu unterscheiden,937067
nach vorn,936987
hätte es,936870
Das wird,935469
etwa die,935444
er immer,935272
und dadurch,934739
ich hab,934642
sollte er,934487
wieder einmal,934384
das Blut,934083
im Kontext,934079
sich neben,933950
ihrer Mutter,933294
Im Rahmen,932838
Geschichte des,932644
Er wusste,932516
der Form,932365
dir das,931847
könnte man,931682
er aber,931342
der Öffentlichkeit,931316
insbesondere die,930770
ihre Augen,928991
sind nur,928642
das schon,928423
schon immer,927986
im Moment,927792
ein guter,927155
nach ihrer,926636
sie waren,926529
der sozialen,925887
daß du,925741
den verschiedenen,925250
sich zur,925149
mir noch,924789
und zugleich,924690
viel Zeit,924058
der Grund,923751
nicht daran,923289
würden sie,923271
die Kosten,923214
des Patienten,923213
wollte nicht,923024
oder so,922148
vgl. auch,921690
um in,921660
er durch,921492
wäre er,920873
den Sinn,920818
eine von,920681
den von,920233
bin nicht,919937
in Kapitel,919630
auch über,919474
aus dieser,919431
Kinder und,919206
immer ein,919203
selbst und,919188
unter einem,918926
mein Leben,918875
am Boden,918668
der gleichen,918588
er nun,918430
und haben,918284
am meisten,917486
es wäre,917311
etwas wie,917017
es nun,916858
der nach,916245
Neben der,916215
das noch,915980
zu lösen,915787
war kein,915293
der Europäischen,914946
zum Thema,914849
nach rechts,914608
der einzige,914563
in Zukunft,914453
zu verlassen,914344
Vor dem,914101
du auch,913729
gemeinsam mit,913389
Mit einer,913372
Einsatz von,912404
So wie,912333
lehnte sich,912166
ihr und,911911
was mit,911858
um mit,911558
der Wahrheit,911059
oder einen,910910
ist durch,910613
Form des,910472
Sie wollen,910279
er uns,910027
wir im,908959
der Name,908634
des 19.,908491
kam er,908242
Gespräch mit,907887
fuhr er,907070
Dies gilt,906136
du sie,905411
war auf,905241
und sogar,905149
eingesetzt werden,905127
liegt in,903845
eine Stunde,903220
dich zu,903176
hier zu,903080
der linken,902902
werden im,901927
Die in,901907
doch das,901779
habe die,901403
Ich musste,901161
sie zur,900922
Frauen und,900544
ins Haus,900393
Theorie der,900299
ist keine,899251
einen Teil,899167
geworden ist,898913
Ziel der,898548
rief sie,898054
Verlauf der,897861
hinter ihm,897060
den neuen,896737
der auch,896447
ich möchte,896319
die Eltern,896214
von Ihnen,896140
sein wird,896109
waren es,896038
war aber,895683
und starrte,895499
den Gedanken,895191
die Fähigkeit,894989
musste sie,894867
der drei,894777
aber im,894769
an mir,894735
zwischen zwei,893974
Zum einen,893505
angesichts der,893450
sich etwas,893354
im allgemeinen,892732
schon eine,892533
im Sommer,892502
heute Abend,892403
es wieder,892259
Sie zu,891862
wenn eine,891572
ich aus,891367
findet man,890940
und trat,890791
Zusammenhang zwischen,890585
wurden in,890495
kann in,890448
gerade die,890241
Der Begriff,890235
die bereits,890193
sie sie,889679
der Schweiz,889598
den der,889279
Tür und,889038
er würde,888675
es nach,888321
jetzt noch,887778
ihr einen,886329
der als,886304
mehr an,886068
hier auf,886003
dann zu,885999
Die erste,885962
Immer wieder,885138
innerhalb von,885033
auf uns,884973
Vater und,884752
hier im,884571
um es,884277
war doch,884075
Anforderungen an,883868
Und als,883475
erste Mal,883252
hielt er,883178
war immer,883050
zu holen,882938
neben ihm,882843
ein Bild,882666
des Staates,882560
Blick in,882407
gehen und,882140
gar keine,881708
zu arbeiten,881671
musst du,881557
dass alle,881325
der EU,881284
Lassen Sie,881246
Da ist,881040
beiden Seiten,880659
werden durch,879611
geworden war,879400
sich alle,878585
noch den,878581
über mich,878550
es wirklich,877878
durchgeführt werden,877624
schon auf,877364
stellt die,877243
auf andere,877052
der Seele,875904
ich aber,875864
aber auf,875712
es wohl,875527
hielt sich,875405
Er ging,874808
Absatz 1,874735
Sie ein,874062
auf diesen,873678
sich ihm,873659
einen guten,873280
zu meinem,872478
doch der,872435
wäre ich,872022
wo man,871890
die folgenden,871815
weiter zu,871757
er ihm,871723
mir so,871640
kein Wort,871603
außerhalb des,871036
schwer zu,870049
griff nach,869521
die Sprache,869021
musste sich,868135
zu wenig,867983
sah mich,867954
waren in,867242
Zugang zu,866771
der Weg,866689
noch von,866005
die Wahl,866004
sondern in,865899
nach vorne,865812
meiner Mutter,865212
Mitte der,865037
und sprach,864529
dass sein,863970
Arbeit und,863933
du in,862561
zu bestimmen,862011
Satz 2,861537
den Himmel,861496
von dort,861122
Und auch,861092
es vor,860548
das den,860134
Für einen,859563
und rief,859355
ich vor,858579
Höhe der,858465
daß diese,858439
haben uns,858383
es Ihnen,858331
fragte sich,858286
bevor ich,858284
Er würde,857635
sie keine,857095
uns mit,857009
Institut für,856838
die Seite,856834
Doch die,856740
daß Sie,856176
Bei einem,855887
Das wäre,855499
einem solchen,855397
in Paris,855304
und Sie,854872
anhand der,854342
nicht etwa,853908
der Basis,853753
hat auch,853462
dem kleinen,852835
Da war,852094
diesem Grund,852057
können auch,851954
die Schule,851751
und können,851747
sich bereits,851410
zu folgen,851045
also in,850830
Ich liebe,850393
einfach zu,850235
Seite und,850035
auch dann,849876
all das,849630
Das bedeutet,849607
B. die,849607
zu schreiben,849540
meinst du,848964
zu bewegen,848797
soll die,848791
Am nächsten,848703
öffnete die,848614
um ihr,848512
Was war,847414
das gesamte,846903
im Allgemeinen,846804
über sich,846694
Als wir,845942
uns das,845938
im Alter,845658
sein sollte,845541
zu ihren,845401
Beispiel für,845346
daß in,845161
will nicht,844907
des ersten,844420
am Leben,844294
auch sie,843915
am Anfang,843579
im Vordergrund,843309
seiner Mutter,842589
dem es,842384
ersten Blick,842371
Anzahl von,841359
sowohl die,841308
das Gesetz,840425
um uns,840387
wo wir,840202
wie ihr,840159
den eigenen,840038
sollten wir,840009
in Höhe,840005
wieder und,839935
erreicht werden,839933
ohne daß,839642
werden als,839613
Wir waren,839430
sind alle,839354
damit der,839298
als wenn,839214
man bei,839061
wurde ein,838965
einem bestimmten,838585
frage ich,838438
Verbesserung der,838426
zu seinen,838297
ich mein,838182
befinden sich,837944
in Frankreich,837184
Aus den,836945
Aufgrund der,836919
finden Sie,836795
gegen eine,836714
alles zu,836407
sie hier,836355
hatte ihr,836216
man im,835966
wurde sie,835825
diesem Zeitpunkt,835693
Für das,835535
in dessen,835437
der so,835395
und habe,835087
Prof. Dr.,834806
einer kleinen,834442
der mich,833808
Bedeutung des,833693
nicht eine,833266
den Wald,832298
des Mannes,832198
all den,832168
die zwei,832121
der Junge,832042
dass bei,831897
wenn ihr,830922
was nicht,830747
die Vorstellung,830224
am Beispiel,830209
auch wieder,830191
mich ein,830036
nicht aber,829348
an sie,829033
es jetzt,829014
im nächsten,828979
wir ihn,828731
gelang es,828259
dann wird,828063
der Zukunft,827896
zu retten,827882
einer großen,827655
du willst,826760
Ich gehe,826473
führt zu,825583
Wasser und,825457
der Brust,825393
oder dem,824914
die Angst,824911
das Schiff,824806
er zum,824750
ihren Augen,824600
ihnen zu,824440
besteht darin,823763
muss der,823641
doch er,823420
nach ihrem,823407
Ich kenne,823257
die Seele,823164
es ihnen,823164
der Tod,823137
als solche,821874
er wird,821734
nur nicht,821552
der Dunkelheit,821352
und ganz,821196
hinter mir,820188
wie lange,819929
man nur,818513
bzw. die,818163
wenn diese,817873
fühlt sich,817826
das Verhalten,817808
sieht man,817675
denke ich,817641
Grund für,816941
die Menge,816581
ist nun,816545
und gleichzeitig,816109
oder sie,816024
ist gut,816000
Augen auf,815884
die Freiheit,815431
im Gegenteil,815348
dieser Welt,814952
diesem Sinne,814722
die des,813480
durch diese,813449
der hier,812976
die Wirkung,812715
sollte die,812658
nicht und,812461
die Form,811981
der öffentlichen,811759
Kannst du,811758
Erinnerung an,811725
nach links,811708
sein Vater,811658
sind als,811342
ist nichts,811228
Verhältnis von,811228
auf dich,811037
ihr auf,810431
mit meinen,809978
Sie einen,809157
nicht selten,809061
die Uhr,808852
eine halbe,808690
die schon,808287
Informationen über,807932
Aber du,807675
Höhe von,807555
Ergebnisse der,807498
größer als,807276
gemacht hatte,807262
wo sich,807261
bzw. der,807218
weil wir,806970
Unterschied zwischen,806841
also auch,806765
Bundesrepublik Deutschland,806644
im Fall,806595
einer Weile,806479
Der erste,806302
vor Ort,806132
ich nun,806109
zu schützen,806084
die Finger,805945
doch in,805943
zeigt die,805941
war als,805729
fragte der,804837
sich sehr,804568
des deutschen,804323
Grundlage für,804264
mit ein,804238
heute nicht,803624
und sehr,803536
oder nur,803429
sein würde,803352
nicht gleich,803336
Bestimmung der,803029
Er ließ,802561
schon zu,802486
Begriff des,801815
im Zuge,801775
für meine,801428
der Grundlage,801253
der Ferne,801245
zu gelangen,801115
Sie uns,800885
des Tages,800866
ja schon,800862
der verschiedenen,800616
nicht sehen,799860
gilt auch,799711
zu anderen,799634
Prinzip der,799533
ähnlich wie,799385
so wenig,799206
jetzt in,798996
die junge,798895
Unter den,798456
nicht richtig,798422
ging in,798281
wir an,798266
gut zu,798233
das kann,797943
eine hohe,797712
einer Frau,797648
oder des,797480
hob die,796465
hatte ihm,796457
die Funktion,796400
zwei Stunden,796236
sein könnte,796182
An den,795801
eben nicht,795602
hatte man,795258
aber keine,795182
seine Hände,795053
nach ihm,794784
der Folge,794658
einen kurzen,794285
Hälfte des,794272
Liebe und,794074
nicht glauben,793792
der Gegenwart,793698
noch als,793682
die vielen,793143
in drei,793014
Ich verstehe,792979
Berücksichtigung der,792882
zwischen ihnen,792865
wir von,792648
genau wie,792473
dass dies,792410
die Füße,792404
Und doch,792291
hier eine,792001
Für eine,791857
zog er,791816
wie aus,791605
der Dinge,791530
Entwicklung von,791280
sie etwas,791265
die Gelegenheit,791185
Hälfte der,791119
würde die,791067
Soll ich,791039
und selbst,790829
Bett und,790634
Die anderen,790552
denn nicht,790470
die großen,790445
der Ebene,790014
Hilfe der,789913
mit Sicherheit,789760
Weg zum,789415
der Kunst,789055
eine eigene,788117
die alten,787969
rund um,787866
um seinen,787822
was ihr,787444
Journal of,787405
legte sich,787247
doch sie,786742
heraus und,786427
von Bedeutung,786216
waren wir,786165
nicht noch,786104
denen man,785971
sich gerade,785964
das kleine,785860
to the,785625
wollte sich,785590
mich wieder,785507
war sich,785313
der folgenden,785304
Voraussetzung für,784938
tun haben,784848
dem Gedanken,784758
und lächelte,784395
nun in,784153
auch er,784106
etwas in,783912
gab er,783880
und vielleicht,783783
ganz sicher,783553
die Brust,783448
aber dann,783299
die Notwendigkeit,782915
sich ganz,782798
und wo,782558
seinen Kopf,782518
ist oder,782044
erinnerte sich,782036
das man,781719
noch lange,781538
die immer,780880
bis der,780874
sie ja,780727
der Regierung,780506
waren nicht,780418
und dies,780256
werden auch,780255
der menschlichen,780084
durch und,779967
am Tag,779871
nämlich die,779622
darauf zu,779210
man ein,779200
so einfach,779035
muss es,778993
er sah,778742
ganz anders,778657
der Meinung,778619
Denn die,778606
im Kopf,778545
das Volk,778362
sei denn,778329
die aber,778269
ist jetzt,778002
Anteil der,777933
von selbst,777690
sind ein,777007
der noch,776776
mit Ihnen,775237
konnte die,774974
Aber wie,774877
Anlehnung an,774720
du den,774217
einen weiteren,774092
ja noch,774011
nicht wissen,773723
nicht besonders,773475
sollte sie,773373
die Wohnung,773023
richtete sich,772837
Verwendung von,772628
die Anwendung,772326
gerade noch,771908
die gleichen,771753
der Organisation,771626
hatte mich,771480
den Körper,771310
sagte die,771214
das Feuer,770949
Ich nehme,770892
noch weiter,770845
wir jetzt,770719
nach draußen,770698
ein Zeichen,770644
wir einen,770577
einmal zu,769648
Mann in,768865
Ihr habt,768460
Eine solche,768327
du ihn,768188
der bei,768145
als im,768143
auf meinen,767748
in deren,767746
Beziehung zu,767385
sind mit,767364
nur sehr,767286
ohne zu,767061
ist allerdings,766790
aber als,766692
wäre das,766384
den Armen,766118
nur wenig,766105
kurzer Zeit,766103
Hand in,766014
die Haut,765542
mich für,765253
ganz und,765193
Co. KG,764880
zu dir,763844
Eine weitere,763764
der Menschheit,762899
kann aber,762474
gilt es,761647
uns ein,761369
Die Zeit,761272
dem das,761242
zunächst die,761112
und vom,761100
sie wie,761051
Darf ich,760899
stand er,760584
Überblick über,760204
jetzt die,760117
Selbst wenn,760103
ich keine,759896
halbe Stunde,759852
hatte in,759808
nicht erst,759620
zu spielen,759383
zu lernen,759118
Antwort auf,759077
das sind,758891
sich erst,758850
an meinem,758312
könnte ich,757828
immer mit,757772
sondern als,757293
der mir,757288
nichts als,756993
ich am,756940
Das gilt,756853
die Zähne,756826
hörte ich,756748
gemacht hat,756509
und erst,756044
Vielzahl von,755998
damit ich,755962
und schlug,755884
du so,755881
sagt sie,755859
der ihr,755446
oder aber,755390
dem Moment,754851
uns an,754748
Frankfurt a.,754602
Problem der,754456
die Richtung,754306
ganz in,754269
also der,754236
zwei Wochen,754154
über meine,754067
seine eigene,753885
sollte es,753775
dem Namen,753515
wir zu,753419
der Reihe,753166
den gleichen,752887
die Haare,752529
weil das,752522
Er hielt,752431
Es sei,752300
und seinem,751647
sich vom,751522
zu spüren,751492
berücksichtigt werden,751023
dann war,750797
vor uns,750756
denen ich,750632
den wir,750571
ich als,749986
Wie die,749205
ließ ihn,748890
ich nichts,748627
dem großen,747625
diese Frage,747350
Wer ist,747159
ihn ein,746830
er etwas,746513
auf alle,746265
über ihren,745696
der am,745609
also eine,745569
ich euch,745217
oder bei,745155
ihm mit,745112
kommen und,745014
Gruppe von,745013
betrachtet werden,744887
den Worten,744694
nicht allzu,744576
es gut,744556
immer auf,744555
haben es,744285
Welt zu,744260
wir ein,744162
der Patient,743857
ohne sich,743366
man kann,743323
immer weiter,743270
was ihm,743204
zu dürfen,743120
und wartete,743066
sondern ein,743048
der Arzt,742949
der modernen,742803
Was hat,742791
Er zog,742030
ohne den,741332
eine Vielzahl,741312
zu fassen,740966
verstanden werden,740743
richtet sich,740659
deutete auf,740592
als dass,740543
die Verbindung,740396
Aber wir,740001
die Tränen,739610
ein einziges,739428
Sie ihn,739320
auch sein,739277
im Wesentlichen,739270
mein Herz,738733
der Geburt,738732
Vgl. dazu,738580
ihr eine,738418
der Hoffnung,737558
Vielleicht war,737466
im letzten,737391
eine Antwort,737281
auch diese,737077
Ich komme,737077
die neuen,737000
hat uns,736442
sich dort,736298
mehr die,736178
Weg zur,736134
einiger Zeit,735178
bei jedem,734994
nicht genug,734780
der Wohnung,734772
Mein Vater,734532
sie unter,734223
auf ihrer,734037
des Herrn,733949
Tut mir,733806
der Höhe,733630
bei seiner,733622
den drei,733565
sogar die,732507
sind diese,732478
oder sich,732301
so in,732297
hier ein,732204
die du,732064
zu meiner,731767
und schob,731311
und drehte,730740
Zeitpunkt der,730541
die Grenzen,730233
noch einige,730213
jedoch auch,730200
meinte er,729897
der Haut,729810
hat ihn,729621
von meiner,729486
der Untersuchung,729163
Einführung in,729045
wurde im,728370
die Gruppe,728235
wie auf,728213
aus ihren,728142
der Mitarbeiter,727676
einer Art,727531
den Hof,727473
wieder eine,727147
ob man,726976
zu glauben,726587
Damit ist,726398
eine so,726376
nicht da,726259
aber von,726238
zu denen,726234
die Verwendung,726102
mit beiden,725895
so stark,725645
von Gott,725354
ließ den,725346
Bei dem,725112
aber für,724980
Liebe zu,724735
das aus,724599
habe ihn,724590
Es muss,724549
der Bank,724506
in Abhängigkeit,724307
Zeit des,724280
das Fenster,724198
Er kann,724119
sicher nicht,724047
am Morgen,723973
geht 's,723909
So kann,723865
ich denn,723799
der allgemeinen,723100
zu öffnen,723019
der Tatsache,722740
mir der,722669
Sinne von,722512
der Tasche,722445
direkt in,722382
ist an,722197
zu fahren,722057
noch am,721985
Anwendung der,721766
haben eine,721696
der letzte,721312
zurück zu,721255
Wie kann,721254
jedoch nur,720743
sich ab,720043
zwei Jahre,719992
mir vor,719504
genutzt werden,719319
einmal ein,719113
es einfach,718929
mehr mit,718823
sind hier,718771
bei ihnen,718717
Beispiel der,718586
sich hinter,718539
das Risiko,718506
dieser Art,718435
das System,718267
eine lange,717826
meine Hand,717656
aber ist,717597
ich etwas,717575
Sie wusste,717548
sehr wohl,717504
das denn,717211
aber wir,716567
Sie musste,716457
dem wir,716443
Verhältnis zu,716315
keine Rolle,716180
zu erfahren,715878
zu legen,715733
Boden und,715336
dabei nicht,715322
machte er,715157
sind aber,714941
in beiden,714793
da nicht,714602
Ich brauche,714418
wird hier,714251
für andere,714076
es kaum,714068
der vorliegenden,713367
wie diese,713020
ich denke,712879
warf einen,712809
Anfang der,712668
wird bei,712397
den Fingern,712278
Abhängigkeit von,712207
des Gesetzes,712086
leicht zu,711781
des Körpers,711703
Fall der,711644
Sie im,711277
Gefühl der,710878
anderes als,710876
Ihr seid,710860
dem Titel,710556
der dem,710522
mich nur,710459
aufgrund des,710411
Nr. 2,710363
Ist die,710254
Wie ein,710181
Zum anderen,710098
Recht auf,710050
in Wien,710001
ein Ende,709866
bewegte sich,709838
wollen Sie,709633
ihn der,709518
in Abb.,709508
wir müssen,709340
man ihm,709276
nicht schon,709153
er habe,709133
aber so,709014
doch so,708984
ein Problem,708914
der Wind,708888
Meinung nach,708809
dem Mann,708738
eine oder,708366
Kann ich,708318
noch gar,708283
und blieb,708280
den jeweiligen,708238
a. M.,707961
wäre sie,707558
unter Umständen,707392
hatte schon,707380
sind das,707273
Sie doch,706611
einen solchen,706298
auf keinen,706166
Mangel an,706138
Rahmen einer,706123
von vornherein,706068
eine kurze,705820
nehmen und,705612
sein soll,705579
Zum Glück,705452
wusste ich,705135
sind der,704822
es keinen,704748
die eigenen,704366
habe das,704283
und wandte,703939
ist da,703647
der Wissenschaft,703481
mit Blick,703219
als ihr,703064
Durch den,702838
Sie an,702729
der Politik,702714
So wird,702583
Bedeutung für,702429
sie diese,702215
bei diesen,702089
aber wenn,702066
steht die,701894
zu erfüllen,701484
der Eltern,701471
zu weit,701280
kam der,701134
neben mir,701027
Nähe des,700908
und ob,700399
schon von,700278
die alle,700222
Und in,699600
hörte er,699388
und 2,699165
ist zwar,699148
ich sehe,698953
Es kommt,698707
sondern eine,698634
über seinen,698553
Arm und,698363
wurden von,698316
oder sogar,698064
in letzter,698018
bis jetzt,698011
erst im,697217
zu Fuß,697212
die Annahme,697067
In diesen,697004
das eigene,696943
andere als,696844
in einigen,696725
weil man,696628
der Wahl,696603
auch seine,696097
unter Berücksichtigung,695921
meinem Leben,695581
das an,695577
eigentlich nicht,695573
sind von,695231
Doch das,695148
ihn aus,695095
die Decke,694990
dann der,694707
oder einem,694627
die ihnen,694493
Sicht der,694485
immer eine,693706
das Schicksal,693632
Luft und,693524
jetzt auch,693509
Weg nach,693364
der kleine,693293
jetzt schon,693065
werden nicht,692851
mir doch,692842
mich die,692697
seit Jahren,692663
ich da,692382
darf nicht,692311
ist aus,692239
Er stand,692054
hatte auch,691493
die größte,691232
den Einsatz,691163
die Chance,691034
und kein,690781
Er wurde,690698
Tisch und,690664
Vielleicht ist,690617
in London,690531
dann das,689976
dem Jahr,689848
wir beide,689622
machte eine,689581
und zeigte,689520
Wie lange,689477
in Wirklichkeit,689231
nicht genau,688505
sehen und,688309
Der Mensch,688101
des Krieges,687968
sie wollte,687780
zu stehen,687736
und hob,687446
bereits die,687248
hätte sich,687243
zu prüfen,687182
zwar in,687137
nichts mit,686843
sind zu,686694
im folgenden,686325
die Ohren,686202
sie konnte,686069
dachte an,685996
einfach so,685962
so leicht,685937
ihn noch,685811
diesem Buch,685808
und dieser,685606
Man hat,685476
du kannst,685216
Meine Mutter,685030
er keine,684635
sah die,684615
wie einen,684264
ihn so,684201
gut und,683996
der Frauen,683767
du weißt,683549
du wirst,683492
die Suche,682922
die damit,682898
In seinem,682725
es kein,682525
Je nach,682461
so schön,682414
zuckte mit,682316
ihre Hände,682167
auch andere,682147
ein Glas,681756
ich dachte,681478
als einer,681327
den Wert,681288
wo das,681135
man als,681039
Minuten später,680899
selbst als,680760
in deinem,680673
sich sein,680471
schon bei,680354
fest und,680346
er sei,680297
ihn auch,680291
nun an,680290
über alle,680191
weiter und,680165
wie zum,679691
über ihr,679487
das gleiche,679427
seine Stimme,679323
sich gegenseitig,679216
was mir,679179
für sein,679066
jedem Fall,678986
dem Begriff,678848
Ich finde,678704
den Inhalt,678632
die übrigen,678419
werden mit,678271
im Ausland,678084
die entsprechenden,678076
in Gedanken,677991
er wusste,677947
Teil von,677709
Neben den,677483
man so,676780
die dann,676630
sich langsam,676490
der Sohn,675935
wir werden,675837
Auswirkungen auf,675669
und stand,675351
Jahre lang,675316
allen Seiten,675032
Vereinigten Staaten,674770
leider nicht,674710
des Deutschen,674541
zu trinken,674281
nicht weit,673956
in Ihrem,673463
gewesen und,673170
finde ich,673086
es mich,672768
den Füßen,672709
sollte sich,672620
der Situation,672594
indem man,672580
Sinne einer,672421
ihm auch,672324
Zeit mit,672219
der Annahme,672189
legte die,672071
bis an,672055
sie beide,671879
S. 2,671828
nicht vergessen,671680
nicht vorstellen,670877
das Beste,670861
ist ganz,670785
dem Ziel,670755
der Spitze,670714
doch schon,670673
ihr euch,670665
auf meinem,670602
schien es,669967
In seiner,669888
die Qualität,669825
die kleinen,669743
Dabei wird,669611
vor ihnen,669195
ist damit,669137
der seine,668822
habt ihr,668567
sein muss,668459
anderen Menschen,668339
der Staat,668328
die wichtigsten,668300
daß auch,668122
Konzept der,667999
an diesen,667913
damit das,667823
dem alten,667741
von etwa,667625
sie da,667570
ehe er,667556
zu achten,667540
der über,667474
ihr Vater,667386
Da der,667214
Sind Sie,666970
das hat,666937
gegen ihn,666466
Abs. 4,665972
kann mich,665920
wurde ich,665363
uns im,665096
ein so,665052
wurde mit,664926
dir die,664426
des 20.,664280
die Beziehung,663913
zu nutzen,663798
sondern um,663776
ihn von,663633
es also,663589
Was hast,663293
das wir,662666
das wäre,662421
das neue,662416
dann ein,662293
im ganzen,662074
kann durch,662052
gesagt hatte,662040
Hilfe von,661404
der uns,661077
sie werden,660949
sich dieser,660919
kurz nach,660917
aus denen,660867
wie z.B.,660688
ob wir,660605
du schon,660415
bei seinem,660363
für unsere,660270
es zum,660162
die Bilder,659991
dass ihm,659867
Körper und,659861
gestellt werden,659513
ganz so,659253
Für mich,659143
so weiter,659072
Sie denn,658573
das große,658519
zum Ende,658377
Er sagte,658288
angesehen werden,658286
die Person,658272
noch heute,658262
Grundlage der,658110
es durch,657728
Bild von,657494
jedoch in,657355
neben ihr,656912
Unter dem,656888
Beschreibung der,656356
schnell und,656046
paar Minuten,656041
zu leisten,655815
machst du,655606
in solchen,655383
wir schon,655098
einer gewissen,654917
Schülerinnen und,654830
damit nicht,654388
des alten,654033
diese Art,653886
sich beim,653806
erklärte er,653492
dem Leben,653243
nickte und,653180
er diese,652807
wusste er,652714
etwa in,652663
kaum zu,652657
Weg in,652613
zu warten,652566
die vier,652554
im Verhältnis,652189
oder anderen,652152
Kontakt zu,651971
sich daran,651753
Hand zu,651749
sich zwischen,651447
mir mit,651061
zwei Jahren,650964
werden zu,650874
machen wir,650280
Mund und,650103
langer Zeit,650074
ein Leben,650009
Es dauerte,649966
v. Chr.,649800
Einer der,649468
die diese,649463
und bis,649238
dich in,649195
der Männer,649148
Nur die,648963
er hätte,648943
keine andere,648920
war ganz,648846
man an,648602
vor seinem,648595
hätten sie,648531
einem Jahr,648490
aber immer,648246
wie Anm.,648177
für dieses,648163
antwortete er,648157
und schüttelte,648027
sich keine,648010
kurze Zeit,647805
der Analyse,647754
Im Folgenden,647717
liegt die,647698
wird dann,647555
die Regierung,647501
Nach einem,647470
Höhe des,647426
Rolle der,647211
Da es,647029
Schutz der,646975
um ihren,646959
diesem Tag,646937
Über den,646844
erst recht,646764
die Ecke,646601
sind auf,646338
Die ganze,645995
für jede,645958
das durch,645624
der man,645588
gebracht werden,645581
macht sich,645557
habe keine,645427
mir schon,645348
der Philosophie,645258
im Verlauf,645120
im Garten,645047
ihren Kopf,645021
sich ja,644811
ich diese,644408
innerhalb eines,644155
auch nichts,643988
Tag und,643710
und hier,643688
wurde eine,643635
zu erfassen,643605
mich aus,643563
Zum Beispiel,643561
der Realität,643496
der Firma,643460
mit großer,643088
einen Seite,642912
des eigenen,642898
junge Mann,642753
einer Stunde,642625
dass im,642510
die bis,642444
ihn als,642342
mich nach,642323
mich schon,642291
ist dieser,642200
nur zwei,642155
in sie,642075
mitten im,642051
im Auge,642000
paar Tage,641968
bei ihrer,641967
on the,641869
sie nie,641807
Die von,641790
auch mal,641753
ist meine,641712
im Zimmer,641671
am Rande,641331
und wer,641180
Mit dieser,641125
fand ich,640989
als nur,640933
eine Person,640879
und später,640712
Welt der,640663
Haus und,640371
einen Weg,640307
den gesamten,640255
der Behandlung,640192
und einige,639829
dann den,639637
die beste,639455
Sie würde,639428
wissen wir,639410
den Brief,639276
ließen sich,639132
und etwas,639020
sich zusammen,638993
stellte er,638813
geht nicht,638611
vielleicht sogar,638596
sogar noch,638363
du jetzt,638259
von drei,638252
passiert ist,637967
du hier,637857
es sind,637472
dem Wasser,637420
soll es,637387
ist wirklich,637304
Man muss,636853
alles so,636851
sollen die,636767
Ebene der,636624
sind bei,636594
der Freiheit,636458
nur selten,636353
werden konnten,636128
erhält man,636128
Welt und,635892
gehört zu,635705
Kontakt mit,635686
welche sich,635451
zwischen uns,635420
dass nicht,634933
dem von,634844
groß und,634559
Vgl. auch,634452
das Meer,634418
mache ich,634414
der vom,634316
und Frauen,633911
sich wohl,633905
denen es,632906
damit eine,632882
Die drei,632641
keine Angst,632622
der nur,632195
ging sie,632114
auf denen,632109
wir unsere,632012
B. bei,631745
ein Buch,631676
nicht gesehen,631598
das Bett,631433
bis ins,631415
im Unternehmen,631233
ging zu,630960
setzte er,630715
gekommen ist,630694
zu entscheiden,630618
unter einer,630552
Brief an,630245
würde das,630238
auf zwei,630130
etwas mit,630123
Sie sie,629956
die Grundlage,629723
auf Basis,629664
du da,629658
das Jahr,629586
des Vaters,629490
sei und,629163
Arten von,629117
ich selbst,628987
der Himmel,628930
sie um,628919
war sein,628671
Im Gegenteil,628585
im Gesicht,628518
und schloss,628441
Geschichte und,628147
der jungen,627694
ein Gefühl,627454
Kopf in,627339
Die Kinder,627216
ist etwas,627159
sie nichts,626953
und brachte,626935
an meiner,626880
Möglichkeit der,626837
bestimmt nicht,626746
im Wald,626708
Namen der,626614
Rolle des,626318
und ihnen,626260
hatte noch,626197
Es ging,626018
muß man,625783
den Krieg,625703
oder an,625601
habe er,625441
Er hätte,625241
dann eine,624851
Aber dann,624694
wir können,624322
eine größere,624321
etwas über,624317
hörte sie,624278
über sein,624019
ist vor,624017
da sich,623715
Bestimmung des,623713
in England,623648
oder was,623642
nur schwer,623625
Frau mit,623584
Ein weiterer,623480
So war,623480
Qualität der,623446
War es,623287
was auch,622706
und führte,622564
wäre die,622387
den Beinen,622352
auch heute,622143
keine Lust,622104
die Daten,621916
Wie geht,621887
im selben,621886
schnell wie,621794
als du,621739
dem Gesicht,621658
des anderen,621478
des neuen,621440
keine Antwort,621424
so sind,621389
den Grund,621127
und viele,621086
er hier,620958
was von,620839
Sie noch,620812
Alter von,620638
gehen wir,620571
sie würde,620091
und betrachtete,619634
in Rom,619631
glaube nicht,619605
Sie diese,619410
gegen einen,619366
Hände und,619287
Frau von,619240
Erhöhung der,619131
aber zu,618903
die wie,618783
gibt 's,618665
zwischen die,618412
ohne weiteres,618244
das Gericht,618242
wissen Sie,618181
dass meine,618164
als seine,617829
auch ihre,617732
Grund der,617665
zu gestalten,617615
ihre eigene,617406
ich sagen,617393
mit großen,617310
von hinten,617150
Aufgabe der,616939
Durch das,616857
es gar,616694
schon mit,616694
auch um,616649
es jedoch,616637
wie mit,616553
Kritik an,616462
und dachte,616423
der Person,616380
zu untersuchen,616317
seines Lebens,616194
die Musik,616008
und lief,615793
befanden sich,615610
mit jedem,615550
sie ganz,615457
das bei,615440
begann zu,615261
Wie ist,615259
und lässt,615214
sollten die,614880
wir nur,614860
ich wusste,614541
der große,614508
in München,614447
wieder aus,614364
obwohl ich,614279
es sehr,614265
ging auf,614120
Weil ich,614023
sie gerade,613918
also ein,613809
auch dem,613481
nicht recht,613256
im zweiten,613250
werden könnte,613185
die Praxis,613117
der Gemeinde,612624
Schultern und,612360
sehr schnell,612311
ich nie,612186
auch kein,612062
denn in,612062
es darum,612015
wieder von,611522
Deutschland und,611512
freute sich,611480
Ist der,611411
ging ich,611321
hervor und,611200
der Forschung,610929
los und,610683
des Todes,610404
Eltern und,610272
gemacht und,610161
sich bis,610132
Das Leben,609974
mal ein,609910
es am,609796
dem ein,609769
sich zurück,609738
machte sie,609272
wie den,609261
und geht,609116
und öffnete,609059
des Systems,609013
du ein,608824
nicht selbst,608707
Ich könnte,608462
Augen an,608453
Bild der,608416
die Dauer,608291
der Wirklichkeit,608113
dir zu,608107
weil du,608094
sei ein,608077
diesen Worten,608015
zu ermöglichen,607672
konnten sie,607649
Licht der,607556
von vielen,607551
der Macht,607542
aber den,607380
kann als,607375
auch etwas,607268
der vor,607032
die politische,606839
den Bereich,606732
hatten und,606714
Beziehung zwischen,606613
Raum und,606471
Beurteilung der,606023
Es hatte,605960
Dann ist,605877
mit in,605858
Rücksicht auf,605819
legte den,605779
flüsterte sie,605738
bin ein,605494
Beitrag zur,605283
Tür zu,605014
sehen konnte,604983
Aber nicht,604974
begann er,604969
Wir wissen,604714
meldete sich,604638
er da,604541
in so,604311
für seinen,604258
Aber jetzt,604237
Gott und,604129
Anders als,604003
zum Einsatz,603778
Frau in,603725
Was ich,603509
eine einzige,603393
wobei er,603316
nicht darauf,603265
Die Sonne,603214
das wird,603162
B. in,602697
hier nur,602620
Sie kann,602464
Zusammenarbeit mit,602370
im Krankenhaus,602321
der Körper,602113
nicht dazu,602013
seinen eigenen,601998
sich alles,601952
kam die,601897
muss er,601804
die Lösung,601352
Nachdem er,601318
nie mehr,601304
das Glück,601286
nicht leicht,600972
die nächsten,600769
da das,600738
wie alle,600456
die Analyse,600010
nicht weniger,599993
fand er,599976
Mir ist,599893
Stand der,599812
ein solcher,599802
als zu,599723
aber bei,599684
ob sich,599489
seinem Leben,599453
den Atem,599383
seiner eigenen,599169
der europäischen,598939
und ihrem,598893
Habe ich,598849
der Umgebung,598694
zu groß,598530
sie hatten,598380
Die ersten,598345
einmal eine,598312
den jungen,598121
länger als,597993
sowie das,597938
Veränderung der,597785
des Geistes,597782
Wie ich,597668
nicht hier,597638
Tage später,597594
die Entstehung,597298
mich doch,597161
gleich wieder,597017
hatte seine,597007
kann mit,596954
als man,596784
nichts weiter,596752
so hat,596676
scheint es,596535
die Existenz,596499
Familie und,596323
nahm den,596311
gab ihm,596135
Angst und,595948
des Wortes,595938
die Darstellung,595899
meine Frau,595577
es ging,595345
sehen wir,595309
ins Wasser,595302
wichtige Rolle,595164
letzter Zeit,595076
sind noch,595038
eine Zeit,595037
viele Menschen,594967
Er machte,594947
von Kindern,594922
ist wohl,594845
ganz schön,594689
im Winter,594426
in ihnen,594374
mein Freund,594324
war nun,594275
doch eine,594260
die dort,594078
mir nur,594071
zehn Minuten,594000
Sie nahm,593948
Männer und,593826
das Spiel,593780
das einzige,593673
Ich ging,593574
genau so,593358
sie erst,593263
Zuge der,593146
gehe ich,593030
unterscheiden sich,592892
einem Mann,592794
ihre eigenen,592767
er nichts,592608
Sie sehen,592380
Fragen der,592366
die Grenze,592237
des gesamten,592089
so als,591830
Verantwortung für,591455
bezeichnet werden,591149
auf Erden,591046
im Wasser,590919
und fand,590764
a. O.,590472
die Mitte,590404
sich darauf,590377
Um den,590259
um der,590238
Jahren in,590204
daran zu,590200
An dieser,590198
mit aller,590150
legte sie,589957
ihr Herz,589925
Funktion der,589911
und weil,589792
stand ein,589767
als wollte,589661
lassen Sie,589571
es besser,589558
war bei,589439
Ich sagte,589349
Du willst,589299
Arm um,589193
die Ursache,589180
an meine,589148
aufgrund von,589144
wurde auch,588936
besteht die,588839
die Kontrolle,588832
es hat,588826
was passiert,588484
der Oberfläche,588459
einmal mit,588452
können nicht,588307
wurde durch,588064
Vergleich mit,587914
beiden Händen,587877
sich gut,587845
wie schon,587825
Vertreter der,587598
seines Vaters,587563
Was die,587385
dem Ende,587286
in Sicherheit,587085
das jetzt,586926
Richtung der,586912
ich über,586742
wird aber,586608
zu befreien,586414
allein in,586393
eine zweite,586337
wie seine,586335
dem in,586322
liegt der,586294
Arme und,586291
Sie sollten,586267
für viele,586159
aus meinem,586040
haben einen,585834
dann kann,585828
Leben lang,585781
direkt auf,585765
um meine,585637
wie ihre,585596
auch unter,585584
war nichts,585558
es zur,585495
Des Weiteren,585338
Auch bei,585238
die Hoffnung,585074
mir nichts,585045
wie für,585030
sprach er,585004
aus seinen,584951
der Tag,584489
Wir sollten,584453
Form eines,584279
eines anderen,584194
zu lange,584034
diese in,584002
den Garten,583989
zum Zeitpunkt,583951
im Hintergrund,583897
mich immer,583832
vielleicht nicht,583734
Die Tür,583588
mir von,583587
einen Schluck,583508
sind so,583389
wir nun,582884
kommt der,582681
im Westen,582578
ganz einfach,582391
war jetzt,582354
sie denn,582314
darauf an,582278
sah aus,582272
aber nichts,582165
und jeder,581972
Ich sage,581967
sein Herz,581875
Stimme klang,581857
er denn,581783
die Jahre,581716
einer Reihe,581660
dann doch,581648
sie einfach,581534
in alle,581426
gemacht haben,581372
auf allen,581233
ihn nur,581069
innerhalb einer,580989
Nähe der,580888
ich der,580823
uns und,580716
also das,580624
sowie eine,580617
behandelt werden,580575
mit Ausnahme,580529
er ihre,580189
hinter ihr,580119
weg und,580004
zu beschreiben,579704
um auf,579628
davon ab,579585
rief der,579298
ein Mädchen,579235
war da,579224
den Rand,579189
Form einer,579066
oder nach,578995
sich selber,578592
Der alte,578586
zu schließen,578573
und waren,578540
Mal in,578430
sie dort,578428
alle in,578377
wichtig ist,578198
Rolle spielen,578013
im gleichen,577745
dass alles,577663
man diese,577630
mit und,577564
geben und,577464
Mann zu,577404
wollte es,577369
Gedanken zu,577253
Das hatte,577193
bis es,577006
ein weiterer,576847
ganz genau,576793
uns noch,576768
ob ein,576668
ihr mit,576517
auch ich,576479
Trotz der,576478
Neben dem,576367
kein Problem,576096
das als,575610
darüber zu,575462
unter ihnen,575457
freue mich,575289
sollte das,575184
oder wenn,575168
Er legte,574821
daher nicht,574735
Die Welt,574577
finden wir,574530
eine Woche,574491
Gebiet der,574410
als auf,574378
die rechte,574165
von Frauen,573977
wir dann,573724
die Einführung,573710
mit so,573484
bedarf es,573393
die Verantwortung,573304
mich selbst,573131
Prozess der,573098
nur über,573093
ich zum,573019
es ganz,573004
noch sehr,573003
damit verbundenen,572902
sowie den,572851
dem Menschen,572539
der größten,572521
Basis der,572445
hat nicht,572415
einem gewissen,572381
so einen,572330
die Aufmerksamkeit,572119
der Bühne,572059
und verschwand,572044
wir doch,571962
Entwicklung und,571666
murmelte er,571633
Erst als,571594
der Nase,571452
es ihn,571447
wie sein,571307
soll der,571306
denn so,571236
a. a.,571167
in uns,570987
sei die,570911
sah auf,570908
er sagte,570880
immer das,570390
wurden und,570051
Die Leute,569960
Und wir,569684
mit vielen,569639
seine Lippen,569467
Fenster und,569350
wurden sie,569222
Kosten der,568951
ich heute,568853
du doch,568489
kann mir,568441
wandte er,568247
von innen,568163
die Tochter,568059
Und warum,567952
weit über,567680
Verteilung der,567326
die Bildung,566961
seinem Vater,566910
sein konnte,566588
Wie in,565853
wird diese,565786
für ihr,565648
er ja,565612
Das habe,565444
Anwendung des,564971
wie beispielsweise,564950
auch sehr,564817
mir aus,564800
nur einmal,564782
etwas nicht,564653
die ihren,564595
runzelte die,564516
macht es,564514
um dich,564473
Gruppe der,564371
ist man,564331
das Gegenteil,564228
ihm nach,564194
Es werden,564130
sich selbst.,564079
an diese,564047
sie wird,564018
muss das,563978
allen anderen,563927
jetzt mit,563866
war bereits,563796
Anschluss an,563795
Bedeutung von,563766
Politik und,563553
Er kam,563502
Sie hier,563259
und will,563059
als ihre,562925
da diese,562918
denen das,562797
der Bewegung,562793
kommst du,562764
eines Menschen,562760
sie schließlich,562740
die Nachricht,562693
fiel ihm,562478
wird für,562467
bei Ihnen,562073
und nichts,562050
und küsste,562048
daher auch,562043
erst dann,561990
werden sollten,561848
den vergangenen,561597
mehr aus,561570
Das würde,561566
keinen Sinn,561544
alle drei,561516
Wenn ein,561388
der Alte,561347
komme ich,561294
sich darüber,561263
zu übernehmen,561154
in etwa,561134
nicht besser,561123
mich der,561122
zu unterstützen,561090
zu beruhigen,561064
dies in,561040
der Darstellung,560958
daß bei,560906
Seiten der,560876
ihm noch,560837
gab sie,560713
beispielsweise die,560656
Bd. 1,560649
würde mich,560504
hob den,560322
sondern sie,560264
und danach,560262
fing an,559921
weiter in,559817
er schließlich,559766
Keine Ahnung,559725
Da ich,559606
und gegen,559582
dass dieses,559551
öffnete sich,559291
entlang der,559234
uns alle,559218
sah zu,558993
siehe auch,558969
zu viele,558788
ihnen nicht,558737
sowohl in,558736
sie wirklich,558400
Art des,558294
Frau zu,558226
sondern der,558160
genauso wie,558095
ehe sie,557960
fühle mich,557950
werden sich,557914
auch gar,557766
die Erfahrung,557729
der ganze,557573
der Zunge,557335
um dann,557313
Doch dann,557225
Stadt und,557203
Das Mädchen,557196
Wissen Sie,557178
zu begreifen,557033
Anfang des,557005
in New,556942
der Entscheidung,556829
einen Tag,556819
die besten,556798
in unseren,556714
ließ mich,556605
die Wange,556559
ganz gut,556482
Moment lang,556355
es da,556296
Nach den,556291
und macht,556289
stand und,556260
dass mein,556215
seinen Namen,556181
war einfach,556165
das nächste,556039
diese Zeit,555994
sich nichts,555979
als mit,555811
könnte es,555712
nehme ich,555127
um dem,554375
abgesehen von,554202
nicht unter,554120
dieser Hinsicht,553806
noch für,553613
der zweite,553594
fünf Minuten,553546
Kampf gegen,553522
der Anteil,553487
oder eines,553315
der französischen,553315
wäre ein,553170
im Umgang,553048
der Stirn,553042
Der Weg,552916
im Augenblick,552716
ein Beispiel,552655
sein Blick,552584
doch mal,552510
doch es,552376
Doch er,552330
Gesicht war,552088
hier S.,551753
Es kam,551636
Die Geschichte,551572
Wie viele,551556
auch zur,551544
oder zumindest,551477
und unsere,551304
das Essen,551213
ihren eigenen,551204
eine Gruppe,550952
kaum mehr,550927
Wirkung der,550894
gewesen ist,550736
ab dem,550728
und gut,550679
Seine Augen,550667
tief durch,550489
Frauen in,550424
Kopf zu,550405
von beiden,550148
gesehen haben,549988
den übrigen,549749
Untersuchung der,549656
ja nur,549508
sie bereits,549469
erinnere mich,549182
Mitglieder der,549103
kurz und,548946
an meinen,548836
aber war,548731
war an,548585
ist einfach,548563
der Gegend,548535
ein bestimmtes,548428
mit Wasser,548408
die Vergangenheit,548347
Gedanken und,548333
wie beim,548322
in ganz,548095
mir selbst,548063
mehr über,547961
Die Menschen,547830
was soll,547789
eines Unternehmens,547375
Sie und,547133
seit den,546823
nun mit,546800
insbesondere für,546788
er damit,546766
Während er,546739
sondern auf,546723
wir nach,546719
des menschlichen,546670
und Schüler,546466
den größten,546361
die USA,545889
Zu diesem,545867
Das Problem,545820
schon gar,545660
zu sorgen,545655
wurde mir,545491
An diesem,545452
ihrem Leben,545345
ihn wieder,545301
haben in,545269
sollte der,545099
habe mir,545068
ein Lächeln,544808
uns auch,544750
so richtig,544694
die Erinnerung,544555
Möglichkeiten der,544450
Die Männer,544365
Gott sei,544344
Mit diesem,544332
zu rechnen,544232
habe und,544113
Wichtig ist,544093
zu kaufen,544034
bin mir,543968
Rest der,543956
sprang auf,543812
atmete tief,543795
muß ich,543783
über alles,543713
einen Menschen,543690
und sagt,543495
den Eltern,543429
hier der,543366
Doch der,543290
und insbesondere,543044
ins Auge,542734
einen bestimmten,542551
weit weg,542396
weit von,542388
was den,542384
Reaktion auf,542296
darf ich,542168
sondern es,542136
Der Junge,541826
können in,541769
und dazu,541693
konnte das,541659
und nickte,541628
der Vorstellung,541557
Zahl von,541452
oder wie,541390
mich im,541386
und während,541308
konnte und,541271
und dieses,541203
diesem Kapitel,541092
seine Arme,541077
verbunden ist,541044
einige Zeit,540654
der heutigen,540603
die Schuld,540520
später in,540496
Kosten für,540449
mir etwas,540328
legte er,540275
Nur ein,540234
die Kunst,540218
zehn Jahren,540068
Kunst und,539718
Sprache und,539662
haben das,539644
einmal auf,539436
müssen sich,539422
Wert der,539334
Doch es,539045
mich vor,538977
der Menge,538825
Mit diesen,538704
nicht vom,538556
wir wieder,538474
ihn zum,538474
hier war,538395
ins Ohr,538350
doch ich,538275
zum Teufel,538232
den Flur,538157
nichts davon,538097
Kraft und,538080
im Zentrum,537993
des Volkes,537960
geht um,537789
um ihm,537672
werden muß,537598
Im Jahr,537505
ein zweites,537452
einer Person,537403
blieb er,537355
hätten wir,537271
diese beiden,536969
den deutschen,536955
den Jungen,536902
warum ich,536813
anderen zu,536673
keine Sorgen,536522
den Leuten,536421
Folge der,536346
im Anschluss,536341
Er lächelte,536004
zu erinnern,535994
Eines Tages,535933
Teile der,535819
junger Mann,535707
Vorstellung von,535671
Mischung aus,535232
im Blick,535217
die allgemeine,535099
in Gefahr,535041
warum er,535024
dies ist,534965
müssen sie,534924
wir bei,534884
sich daher,534883
meine ich,534717
seinem Gesicht,534640
und suchte,534613
Hier wird,534567
mich bei,534549
viel Geld,534498
und Gesellschaft,534485
im Wege,534431
Anteil an,534376
mehr für,534218
Änderung der,534180
und je,534112
und griff,534045
in keiner,534036
sich ebenfalls,533872
der Decke,533831
habe den,533761
sein müssen,533201
als sein,533135
Verhalten der,532806
Aber da,532804
eine starke,532732
Sie nur,532674
noch zwei,532633
ein oder,532404
