ngram,freq
"das , was",3870976
"nicht , dass",3669162
in der Regel,3519309
"ist , dass",3432837
es sich um,3066981
sich in der,2939001
und in der,2541928
in der Lage,2540404
sich auf die,2533178
in der Nähe,2348768
handelt es sich,2342488
die in der,2337951
"alles , was",2322280
in der Hand,2297291
schüttelte den Kopf,2225205
"wusste , dass",2186316
"sein , dass",2164185
"werden , dass",2086538
im Rahmen der,2077519
in den letzten,2061904
"nicht , was",2045092
in Bezug auf,2011517
sich in den,2008372
"werden , die",1990825
"Menschen , die",1984027
auch in der,1944935
"dafür , dass",1854675
"Mann , der",1843066
der anderen Seite,1826216
"nicht , wie",1792234
im Hinblick auf,1782337
sich auf den,1761775
hin und her,1720662
in die Augen,1704168
dass sie sich,1699729
"dem , was",1699020
zum ersten Mal,1656974
Ich weiß nicht,1630107
"aus , dass",1603140
Es war ein,1595240
"war , dass",1589789
"werden , wenn",1565067
"war , und",1557317
"dann , wenn",1553971
"klar , dass",1543844
auf dem Weg,1528476
nicht in der,1527812
dass er sich,1520078
"sagen , dass",1515350
mehr oder weniger,1512765
"daran , dass",1505859
in erster Linie,1503910
"ich , dass",1498963
"aus , als",1496870
Blick auf die,1496125
"weiß , dass",1493005
"an , dass",1479539
nicht nur die,1478058
"hatte , und",1472777
"darauf , dass",1463745
und / oder,1457575
"ist , die",1454747
sie in der,1424511
dass es sich,1421082
"sicher , dass",1415201
"ist , und",1409362
auf den Boden,1406148
"fest , dass",1405611
"an , die",1405587
auf diese Weise,1403833
im Bereich der,1396111
nach wie vor,1391547
und vor allem,1385146
sich mit der,1381667
"Frau , die",1381600
auch für die,1375603
"Tatsache , dass",1371090
an dieser Stelle,1369431
auf dem Boden,1362864
und in den,1361680
im Zusammenhang mit,1346249
auf der anderen,1342567
in der Mitte,1339933
auf den Weg,1322770
in der Stadt,1309061
sich mit dem,1302598
es in der,1292232
wie z. B.,1289759
die sich in,1284055
"so , als",1283034
dass sich die,1278213
"hatte , war",1263503
die in den,1248611
vor allem die,1232263
"war , als",1229551
in Form von,1219931
auf den Tisch,1217348
in diesem Fall,1213037
"auch , dass",1205373
Art und Weise,1200785
in die Hand,1200185
"wissen , dass",1193909
in der Praxis,1189484
in der Nacht,1185914
ist in der,1181643
Es handelt sich,1176318
"gesagt , dass",1166566
es sich bei,1162339
"sich , dass",1154502
in der Welt,1153654
vor sich hin,1152593
den Kopf und,1149349
"werden , um",1142220
"sein , wenn",1139410
"Frage , ob",1137801
"Ja , das",1134166
in diesem Zusammenhang,1125238
sie in den,1121990
"an , als",1114277
die ganze Zeit,1104664
sie sich in,1099941
"auf , die",1096951
sich an den,1089569
die für die,1086304
"sein , die",1071000
Bezug auf die,1070759
im Gegensatz zu,1069471
in der Tat,1068384
sich in die,1065717
Frankfurt am Main,1062682
"ist , daß",1053757
"Ja , ich",1051277
"nicht , ob",1049362
der in der,1043586
sich um eine,1042280
Hinblick auf die,1041968
"darin , dass",1041639
im Vergleich zu,1039475
"ist , wenn",1030652
so gut wie,1028072
er sich in,1017840
"sind , die",1017384
von Anfang an,1016353
auf der Straße,1013279
er in der,1006390
"so , dass",1001763
sie in die,993166
im Sinne des,992713
Es ist ein,991313
"an , und",987477
bis in die,986771
"ist , so",984307
"ist , wie",980518
"so , wie",978604
"wissen , was",977786
"auf , dass",970722
in der Luft,968191
"auf , und",965544
"deutlich , dass",965070
und für die,964760
in den USA,964329
sich an die,963339
die Frage nach,963181
in der Schule,958769
gar nicht mehr,954987
in die Höhe,953248
auf jeden Fall,949233
sich um und,945482
die von der,943704
"nur , dass",937918
"war , die",935884
"er , dass",935881
die Augen und,934433
"werden , und",933057
in dem die,929058
sie sich nicht,927985
dass ich mich,927139
nicht mehr zu,924003
den letzten Jahren,920982
vor allem in,920783
eine Reihe von,919904
der Suche nach,917539
als auch die,915241
"nicht , daß",910790
"bedeutet , dass",910469
er sich nicht,910039
tut mir leid,907967
nicht mehr so,905741
"ist , ist",905391
die Zahl der,905085
im Laufe der,905021
nicht mehr als,903907
auch in den,900577
im Sinne der,899653
Es ist nicht,896523
"es , die",895377
ist es nicht,888948
im Rahmen des,888242
mit den Schultern,887227
"etwas , das",879008
in Verbindung mit,878361
wird in der,876943
sich aus der,876546
"sie , dass",876504
in der Küche,875115
"werden , daß",873993
mit der Hand,873514
sich über die,873340
hatte er sich,873054
nicht auf die,871973
in die Küche,864083
sie sich auf,861989
nach und nach,860712
sich mit den,854830
in diesem Moment,850918
Es tut mir,846936
"zeigen , dass",837578
dass sie nicht,836186
er sich auf,835761
z. B. die,833966
Auf diese Weise,830760
"aus , die",823348
"hatte , dass",823156
sie nicht mehr,821514
"mir , dass",819177
es nicht mehr,818919
und setzte sich,817890
wenn sie sich,817169
Es war eine,809288
sich um die,806677
"spürte , wie",805519
und mit dem,802532
den ganzen Tag,801779
noch ein paar,796755
das erste Mal,795010
den ersten Blick,794380
"froh , dass",791103
in der die,789212
sich nicht mehr,787901
sich aus dem,784624
"Nein , das",783806
sich bei der,783502
zu tun haben,783032
"hin , dass",779279
"Nein , ich",779040
gar nicht so,776541
sich in einem,775804
"Leute , die",774333
"wird , ist",773356
"haben , die",773298
"nicht , aber",772608
"vor , dass",770544
"werden , da",769585
in den ersten,768819
und damit die,768601
"Dinge , die",767507
die Anzahl der,766664
"ist , wird",766428
und in die,761301
die von den,761188
die sich auf,760591
durch den Kopf,757534
am Ende des,755983
er sich mit,755801
"sehen , wie",755307
auf den ersten,754219
wie sie sich,750330
in die Luft,749864
"war , hatte",749662
und auf die,748460
E - Mail,747495
"Alles , was",747342
so etwas wie,746831
in den Augen,746598
in die Hände,745000
in denen die,743669
auf und ab,743267
an der Wand,742342
in der Zeit,742243
"nicht , wenn",742067
"sah , wie",741645
"ein , dass",739839
In diesem Fall,738832
sind in der,738497
auch auf die,738374
dass er nicht,737030
in der ersten,736833
"sein , und",734458
mehr und mehr,733185
aber auch die,732527
GmbH & Co.,730528
aus den Augen,730073
drehte sich um,729777
sich von der,728258
"glauben , dass",728155
die durch die,727636
nicht mehr in,727502
sich durch die,727252
ich mich nicht,725818
sich für die,724830
"es , dass",723340
"genug , um",722042
immer noch nicht,721624
des 19. Jahrhunderts,720502
und damit auch,720260
"dort , wo",717564
zwischen den beiden,717004
"haben , und",716767
dass sie die,716602
nicht in die,716129
"Personen , die",714867
"dazu , dass",713549
ganz und gar,712938
"sich , wie",711615
"auf , als",711170
und auch die,710734
an der Tür,705328
Ich habe mich,705275
"ist , als",705209
"ein , die",704324
"allem , was",703985
Im Gegensatz zu,703150
Das ist ein,702998
Zusammenhang mit der,702440
"ist , kann",700271
sich auf dem,699952
sie mit einem,697634
wie in der,697014
"weiß , was",696546
sie auf die,695060
aus dem Fenster,692648
sich mit einem,692388
noch in der,691226
und mit der,689415
Frankfurt a. M.,688865
sondern auch die,685747
wieder in die,684864
und es ist,683027
"ist , das",682219
auf der Welt,681372
"ist , der",677477
Ich weiß es,676242
"hat , und",674693
in die Arme,673819
nicht in den,672162
als er sich,671985
Einfluss auf die,671668
auf der Erde,670674
stand auf und,670528
und es war,670493
"sind , und",669008
dass er die,667972
im Sinne von,665771
auf der Grundlage,665518
Es ist eine,665468
"vor , die",664563
einen Blick auf,664382
"haben , dass",661642
sich an der,660411
"Gefühl , dass",660127
"davon , dass",658257
wenn er sich,656833
"hatte , die",655193
auf keinen Fall,654225
in den Mund,653787
in der Vergangenheit,653006
sich in einer,651429
"zu , dass",649866
"es , wenn",645937
zuckte mit den,645911
und ich habe,645661
nicht nur in,645648
nur in der,644965
aus der Hand,644433
Frage nach der,643715
Tut mir leid,643150
"ebd. , S.",642928
an der Universität,642277
sie mit dem,641943
"erkennen , dass",639766
in die Stadt,639627
mit Blick auf,639098
es um die,638647
in den nächsten,638414
ich in der,638348
in der Literatur,636820
"werden , wie",635934
schloss die Augen,635894
"hat , ist",635770
sagte er und,635737
in den Händen,634874
der einen Seite,634094
auch wenn sie,633625
auf die Schulter,633502
und von der,633115
er sich an,632806
Was für ein,632801
Was hast du,632048
sich auf das,630374
bis hin zu,630314
dass ich nicht,629305
es sich nicht,627128
dass wir uns,626966
hatte sie sich,626840
in den meisten,626178
ist für die,625571
im Sinne einer,625535
auf dem Tisch,625370
"würde , wenn",625043
sich um einen,625005
z. B. bei,624678
in dem er,624048
und mit einem,623932
und das ist,623920
dass er sie,623262
am Ende der,620208
"Frauen , die",620192
als sie sich,620013
ab und zu,619383
"bewusst , dass",618943
bis zu den,618831
vor dem Hintergrund,617779
Ich habe es,617410
die sich mit,617133
der Mitte des,615190
dass es nicht,615062
"sein , aber",613430
Das ist eine,612601
er in den,612301
"mehr , als",611907
"ist , sondern",611470
handelt sich um,611427
sie auf den,610558
und ließ sich,610521
die mit der,610349
"aus , und",610027
und durch die,609998
der Bundesrepublik Deutschland,609882
"nur , wenn",607188
auf der Basis,606807
Das ist nicht,602668
nicht von der,602603
"war , wie",601287
Was ist denn,600937
Ich bin nicht,600529
sie sich an,600438
"wissen , wie",599953
Es war nicht,598580
sie sich mit,597909
wird durch die,596953
im Rahmen einer,596563
wenn sie nicht,596539
auf die Straße,596506
hin und wieder,596173
"ist , was",595102
um sie zu,594993
Das ist doch,594446
Aus diesem Grund,594319
"dessen , was",593945
habe ich mich,593810
in dem sie,593599
"sein , daß",592928
noch nicht einmal,592615
Was ist mit,591957
Abs. 1 Satz,591428
"sah , dass",591242
ich weiß nicht,590628
"darüber , dass",590288
"werden , so",589520
"zeigt , dass",589494
"Männer , die",588686
auf der Suche,588660
"hat , die",588658
für den Fall,588410
er mit dem,588137
"wird , die",586425
"zu , wie",585708
"können , dass",585158
wie er es,583447
z. B. in,583348
geht es um,582340
weiß es nicht,582240
kann ich nicht,582055
wie er sich,581634
der Fall ist,581160
Er hatte sich,580674
in der Bundesrepublik,580673
"sie , wie",578405
zu diesem Zeitpunkt,578384
"ist , dann",577375
Was ist das,576397
sich auf der,575490
auf sie zu,574929
in diesem Augenblick,573219
mit Hilfe der,572345
es in den,572163
ich es nicht,572163
"ist , um",571908
wie ich es,570086
"diejenigen , die",569864
"sagen , daß",568321
so ist es,568235
die mit dem,567104
mit der Zeit,565883
Ich kann nicht,565078
"hatte , als",564866
"sich , und",564817
in Höhe von,563052
ich nicht mehr,562778
sich die Frage,562726
es sei denn,562641
"an , der",562084
Blick auf den,561626
das in der,561143
in den Jahren,559954
Abs. 1 Nr.,559846
"nicht , und",559456
"Zeit , die",559145
"sich , als",557697
"war , der",557467
"können , wenn",557435
"war , um",556901
ich mich in,555726
wie zum Beispiel,555226
des 20. Jahrhunderts,554782
und wandte sich,554186
"aus , um",554181
"zu , die",554042
auch nicht mehr,553846
auf ihn zu,553736
"Nein , nein",552471
noch gar nicht,552034
in dem sich,551851
als ob er,550742
setzte sich auf,550451
ist nicht nur,548966
runzelte die Stirn,548792
war es nicht,547182
so schnell wie,546522
aber es war,545735
Vandenhoeck & Ruprecht,545528
auf der Stelle,544031
ich mich auf,543828
Das habe ich,542120
wie sie es,541468
und ich bin,539415
als hätte er,539211
"kann , wenn",538300
in der Geschichte,538020
"wird , dass",535380
und auf den,534992
Auf der anderen,534844
dass sie in,534172
am nächsten Tag,534113
"überzeugt , dass",533429
alles andere als,533412
"die , die",533244
alles in Ordnung,531966
als er die,529791
ein paar Minuten,528774
"ab , die",528182
"sie , und",526897
und auf der,526844
wenn man sich,526676
auf den Rücken,526511
in der DDR,526370
wenn man die,524822
wieder auf die,524782
er nicht mehr,524008
war in der,523696
man in der,521647
"denen , die",521197
nach dem anderen,521184
nichts zu tun,520548
im Bereich des,520306
er in die,519815
wieder in den,519625
mitten in der,518817
auf der einen,518739
in dieser Zeit,517745
"er , wie",517670
es auch nicht,517392
"hat , dass",516558
So ist es,515958
zu sein und,515940
a. a. O.,515914
weiß ich nicht,515899
Das ist der,513660
In diesem Zusammenhang,513057
"fragen , ob",512891
Er war ein,512617
der Nähe des,511710
als ob sie,511663
im Umgang mit,510741
"an , daß",510617
nicht nur auf,510458
sich um ein,510118
die Entwicklung der,509776
mit dem Kopf,509205
um den Hals,509187
werden in der,509062
"ich , wie",508671
dass er es,508583
in meinem Leben,508555
auch bei der,508114
auf dem Rücken,508061
die sich aus,508042
ein paar Tage,507417
"sehen , dass",507362
T - Shirt,506766
und die anderen,506423
"vor , als",504939
"auf , um",504434
in Anlehnung an,504261
in den Sinn,504151
sich nicht nur,503336
kann man sich,503332
in die Welt,503326
"tun , was",502855
"sein , um",502453
und so weiter,502247
auf den Kopf,502005
schnell wie möglich,501834
sie aus dem,501382
"wird , und",501364
die Hand und,501033
und über die,500991
schon in der,500948
ist auch die,500682
der in den,500066
vor der Tür,499999
er mit einem,499755
Das ist die,499494
"KG , Göttingen",499221
wie sich die,499021
gibt es auch,498978
"kann , ist",498787
nicht mit dem,498650
"hatte , um",498103
sich auch in,497551
in der zweiten,497207
"gibt , die",496112
mehr als ein,495644
Das ist ja,494856
"war , aber",494749
ist es auch,493842
"glaube , ich",493595
in letzter Zeit,493538
in seinen Augen,493114
In der Regel,492456
"heraus , dass",492132
gibt es eine,492008
wandte er sich,491776
"darin , daß",491724
zu tun hat,491592
der Europäischen Union,490946
es zu einer,490883
"damit , dass",490789
dass ich es,490368
"ein , und",489755
in jedem Fall,489220
aber es ist,489066
In diesem Moment,488279
Einführung in die,487646
dass sie es,487222
"Frage , wie",487153
Gegensatz zu den,487009
sie mit der,486702
wenn es sich,486670
"sagen , was",486350
An dieser Stelle,486256
die Suche nach,486202
sich vor allem,485880
in der Schweiz,485367
in der er,484939
Frage nach dem,483958
mit dem Ziel,483944
"wird , wenn",483306
eine halbe Stunde,483291
daß er sich,483193
über die Schulter,483158
um sich zu,482657
eine wichtige Rolle,481966
sich selbst zu,481439
sich bei den,481437
sie auf dem,481091
"ist , aber",480754
"möglich , dass",480094
die sich im,479357
er auf die,479033
"sich , daß",478285
in der sie,478153
In der Tat,478144
wie sie in,477763
Abs. 1 S.,477697
gilt auch für,477426
und mit den,477221
der sich in,476945
nicht nur für,476555
als auch in,476539
am nächsten Morgen,476031
"sicher , ob",475652
sich zu einem,475563
"können , und",475098
"dadurch , dass",475051
Schülerinnen und Schüler,474367
"sein , denn",474346
wenn es um,473418
über den Kopf,473076
mit Hilfe von,472744
"sein , der",472526
es gar nicht,472486
"sorgen , dass",472416
sagte sie und,472291
und auf dem,472147
schon gar nicht,471632
mit beiden Händen,471628
aus dem Weg,471463
nur noch ein,470645
wenn ich mich,469725
"gezeigt , dass",469714
sich auch die,469295
als sie die,468965
"weiß , wie",468887
d. h. die,468453
stellt sich die,468336
oder in der,467648
nur auf die,467505
mit den Händen,466964
für einen Moment,466691
den meisten Fällen,465595
auf die Frage,465586
werden ( vgl.,464907
"sind , ist",464543
wie bei der,464156
in der Form,463553
als in der,463479
hier in der,463450
in der Hoffnung,462693
nicht der Fall,462403
auch wenn es,462179
aus dem Jahr,462068
zu Beginn des,462034
"sehen , was",461670
nichts anderes als,461427
auf die Uhr,461008
"sich , die",460904
"sich , ob",460848
die Tür hinter,458922
der Hand und,458526
"können , die",457931
Er ist ein,457226
"war , so",457178
um die Ecke,455875
aber ich habe,454822
die Bedeutung der,454813
in den Vordergrund,453846
"an , um",453767
er mit der,453531
und als er,453491
"feststellen , dass",453302
nicht nur eine,453043
"ist , in",452632
auf der Ebene,452109
Aber es ist,452104
"nicht , weil",451797
in New York,451287
und ein paar,451198
"aber , dass",450438
Gott sei Dank,450311
in der sich,449906
gibt es keine,449796
nur ein paar,449613
in der Natur,449418
hatte das Gefühl,448894
vor allem auf,448795
sich nach dem,448690
er sich wieder,448656
an diesem Tag,448435
und bei der,448171
als würde er,448011
wenn er nicht,447471
"Sie , dass",447405
Auf dem Weg,447335
"werden , was",447315
zurück in die,446839
liegt in der,446686
auch für den,446684
Blick auf das,446592
"an , wie",446435
nicht mit der,446237
dass er in,446197
"Ja , ja",445950
in der Gesellschaft,445900
die auf der,445846
"zu , und",445619
sich über den,445428
noch immer nicht,445360
aber auch nicht,445195
"vor , wenn",445045
die auf dem,444462
ebenso wie die,444271
so dass die,444090
dass sich der,443992
"sie , als",443910
Frankfurt / M.,443807
in den Himmel,443210
sie von der,443195
"lange , bis",443118
und an den,442991
bis auf die,442745
Sie hatte sich,442561
aus dem Haus,442462
eine Vielzahl von,442236
daß sie sich,442214
Aber das ist,442040
auch wenn er,441257
kommt es zu,440982
Wie geht es,440587
und immer wieder,439940
wir in der,439692
mit dem er,439335
der für die,439246
in der Folge,439214
"vorstellen , dass",439141
"deshalb , weil",438783
"gut , dass",438674
die Hand auf,438597
die Augen auf,438287
dass sie ihn,438234
"jemand , der",438014
"wäre , wenn",437709
"gedacht , dass",436958
er es nicht,436784
nichts mehr zu,436442
in dem der,435921
eine oder andere,435834
sich aus den,435683
und an der,435683
sich in dem,435682
sich wie ein,435552
"etwas , was",435089
kann es nicht,434637
"Person , die",433941
mit den anderen,433881
ob es sich,433733
"waren , und",433720
sich von den,433030
mit den Worten,432840
"tun , als",432685
wieder auf den,432643
bis zu einem,432411
mit den Fingern,432345
"Art , wie",432075
den Weg zu,431992
die Hälfte der,431742
handelte es sich,431660
in der Öffentlichkeit,431270
"Kinder , die",431249
auf die Knie,431179
und zum anderen,430750
in den vergangenen,430302
Was soll das,429852
die bei der,429752
er sich zu,429502
dem Weg zu,429443
im Zuge der,429108
aber in der,428597
bezieht sich auf,428505
nur für die,428447
Ich glaube nicht,428145
"wusste , was",428072
in dieser Hinsicht,427596
"er , als",427331
und das war,427281
Aber ich habe,427065
dass es in,426742
Überblick über die,426593
"war , das",426530
in Form einer,426396
auf die Idee,426261
noch ein wenig,425823
er sich von,425808
im Rahmen von,425328
in bezug auf,425115
nicht auf den,425092
in die Tiefe,424827
"Fall , dass",424527
"Mensch , der",424425
nicht nur das,424402
"ab , und",424053
auf mich zu,423809
"waren , die",423701
mit ihm zu,423459
der von der,423228
"Ja , aber",423055
was für ein,422525
"Zeit , in",422400
Ich habe die,422096
und machte sich,422092
zur Verfügung stehen,421647
Es ist die,421569
Im Rahmen der,421521
"ihm , dass",421026
"erzählt , dass",420822
in der Kirche,420314
sie es nicht,420270
unabhängig von der,420148
in diesem Buch,420072
im Alter von,420012
dass man sich,419400
Auf jeden Fall,416791
Ich habe keine,416725
durch die Luft,416629
zu tun hatte,416605
bereits in der,416573
die aus der,416566
z. B. durch,416443
in der Dunkelheit,416220
"Tatsache , daß",416043
Hand auf die,416026
an die Stelle,415643
in dem Moment,415574
und von den,415466
Ich will nicht,414979
in Abhängigkeit von,414852
sich nicht um,414831
"Augen , die",413971
an die Wand,413590
nicht mehr auf,413407
ergibt sich aus,413217
an der Spitze,412689
zur Seite und,412584
ist nicht mehr,412571
Laufe der Zeit,412397
sie sich von,412115
nicht nur ein,412064
"nicht , warum",411704
"werden , sondern",411614
die sich nicht,411610
Was soll ich,411522
Was willst du,411249
"nicht , denn",410611
"müssen , um",410472
es nicht so,410434
ist noch nicht,410350
sich dabei um,410066
"dafür , daß",409943
sich selbst und,409794
"alle , die",409792
"sein , das",409503
in der letzten,408965
gibt es in,408718
auch gar nicht,408378
in ihren Augen,408219
war nicht mehr,408107
um ihn zu,408020
nicht aus dem,408008
zu machen und,407921
"wollte , dass",407889
in der Familie,407875
"wichtig , dass",407262
die aus dem,406944
Ich kann es,406580
es für die,406531
zu Beginn der,406483
vor allem der,406183
in diesem Sinne,405917
der durch die,405874
in den Arm,405845
in seinem Leben,405769
die Tür auf,405459
bis zum Ende,405289
"mich , dass",405275
wenn wir uns,405260
"ja , ich",404019
in den folgenden,403493
ist in den,403126
"kann , dass",403122
die junge Frau,403064
Ich bin ein,402792
Ich habe sie,402691
Das kann ich,402656
und nicht nur,402636
aus der Tasche,402555
habe ich mir,402070
vor allem im,402064
Am nächsten Morgen,402005
Aber es war,402000
in den Wald,401640
weil sie sich,401277
ich in den,401068
und die beiden,400937
In diesem Sinne,400468
und sich in,400126
Zusammenhang mit dem,400069
ein Teil der,399518
auf dem Gebiet,398618
"werden , weil",398186
die ganze Nacht,397960
"nicht , die",397654
sie mit den,397495
zur Verfügung gestellt,397358
und er hatte,397298
als auch der,396874
"war , daß",396732
mich auf den,396714
Zeit zu Zeit,396493
die Tür zu,396308
"war , war",396262
der Nähe der,396207
"solche , die",396142
Ich habe ihn,396095
die Augen zu,395987
es sich dabei,395611
sich mit einer,395294
"gewesen , und",395165
"wissen , ob",394818
ich mich mit,394759
konnte es nicht,394457
hat sich die,394393
in Form eines,394264
in der Ferne,394143
dass sie das,394118
Was ist los,393813
sich in diesem,393777
in den Raum,393130
Was meinst du,393102
hat er sich,393097
es ist nicht,392989
Ich erinnere mich,392867
er sich um,391959
"sind , so",391850
"werden , der",391778
es an der,391649
Wir haben uns,391404
sich auf und,391348
sie durch die,391149
in einem anderen,390867
und gar nicht,390811
ihm in die,389588
"an , das",389532
"sie , die",389526
Es geht um,389303
gibt es nicht,388860
"ist , ob",388475
für die Zukunft,388459
in der Deutschen,388086
warf einen Blick,387913
ich mich an,387533
Ich liebe dich,387523
dass ich das,387429
dass er das,387356
ein paar Stunden,387171
wie es in,386453
Anforderungen an die,386170
das letzte Mal,386167
Ich habe das,386125
vor ein paar,386108
habe ich nicht,385711
nicht mehr an,385707
Zum ersten Mal,385608
als wäre er,385303
in der deutschen,385255
und auch nicht,385171
der ganzen Welt,385102
die Tür und,385088
doch gar nicht,384675
nicht mehr die,384664
nicht nur der,384646
daß es sich,384041
die für den,383897
auch heute noch,383269
die auf die,383256
wie in den,383079
In den letzten,383008
fuhr er fort,383005
die in einem,382941
auch von der,382737
aus dem Bett,382697
sich noch einmal,382276
sich auf eine,381779
der Nähe von,381627
mich auf die,381577
"werden , ist",381425
"will , dass",381259
wie in einem,381150
"wird , so",381088
Was für eine,381047
"aus , daß",380798
"sein , wie",380688
die er in,380215
nach einer Weile,379602
sie in einem,379435
"werden , ob",379433
sich auf einen,378950
konnte sich nicht,378925
so daß die,378865
dass ich die,378288
aber auch in,378211
sie auf der,377979
die Frage der,377638
"aus , wie",377439
Ich freue mich,377252
"nur , weil",377059
von der Seite,376767
und als sie,376681
sie sich wieder,376673
im Rahmen eines,376621
"vor , wie",376440
und in dem,376307
"es , als",376068
"du , dass",375520
nur noch die,375390
gar nicht zu,375191
ist es wichtig,375119
"Ja , es",374869
"Annahme , dass",374846
Nach einer Weile,374825
"jedoch , dass",374325
"er , und",373888
dass er den,373634
Ich habe mir,373458
für sich selbst,373411
"Mal , wenn",372759
zu den anderen,372715
wenn ich nicht,372701
an den Tisch,372368
es mit dem,372228
einer halben Stunde,372099
ein paar Schritte,371932
"konnte , und",371732
es mit der,371707
wie es sich,371546
"hoffte , dass",371517
Und was ist,371515
mit dem Rücken,371370
"warten , bis",371077
hab ' ich,370565
"sind , wie",370462
den Blick auf,370456
sie sich zu,370264
"wurde , und",370028
mit sich selbst,369945
"Mutter , die",369927
mit dem sie,369880
"doch , dass",369762
In der Praxis,368756
"Welt , die",368754
für die Entwicklung,368649
dem Hintergrund der,368440
nicht mehr mit,368179
"verhindern , dass",368158
ist in diesem,368077
"zurück , und",368071
auf der Insel,367438
Es war der,367150
ich gar nicht,366648
am anderen Ende,366566
in den Blick,366187
tief in die,366167
z. B. der,366119
ich auch nicht,366094
"haben , um",365951
im Laufe des,365763
in ihrem Leben,365583
"kann , und",365397
lange nicht mehr,365340
"werden , das",365119
Und das ist,364964
ist vor allem,364958
als er den,364879
mit den Augen,364804
mit dem Finger,364760
"dar , die",364649
hat sich in,363910
wie auch die,363421
und drehte sich,363091
sich die beiden,363082
und nach dem,363002
dass sie den,362816
"Eindruck , dass",361942
wenn man sie,361916
in der Gegend,361759
war noch nicht,361723
"Mädchen , das",361486
im 19. Jahrhundert,361259
Das weiß ich,361256
mit der er,361230
nach dem Tod,361018
"hatte , aber",360964
"gewesen , die",360483
"hoffen , dass",360186
Ich bin mir,360168
mich nicht mehr,360154
als hätte sie,360058
sich gegen die,359985
Bedeutung für die,359504
"verstehen , dass",359489
er auf dem,359433
auf die Seite,359154
es nicht zu,358783
bei denen die,358323
daß sich die,358302
sich ein wenig,358211
zum Beispiel die,358209
wir uns in,358144
"gefragt , ob",358076
dass er mit,358035
"Stimme , die",357742
des 18. Jahrhunderts,357540
"es , daß",357451
die Art und,357347
auf Grund der,357090
sich in seinem,357011
Sie sich nicht,356959
es war ein,356951
unter dem Titel,356791
dass in der,356665
"Grund , warum",356652
Das war ein,356576
er den Kopf,356296
was in der,355445
"nicht , sondern",355394
ich mit dem,355358
und zwar in,355337
ihn in die,354993
"merkte , dass",354819
in der Wohnung,354770
zu dieser Zeit,354534
vor allem bei,354114
auf die Beine,353956
"Wunder , dass",353896
und er war,353811
nur in den,353744
Es war die,353694
wenn auch nicht,353238
bei der Arbeit,353020
dass sie mit,352474
in einem der,352309
wie bei den,352006
auch nur ein,351735
Und wenn ich,351731
auf der Bühne,351656
sich um den,351541
"wußte , daß",351373
das ist nicht,351285
dass ich sie,351161
er auf den,351103
"ich , daß",351046
"sein , als",350848
Ich kann mich,350634
sich nach der,350490
die auf den,350436
"sagte , dass",350030
an der Zeit,349965
unter Berücksichtigung der,349853
Das ist das,349451
sind im Internet,349426
Du bist ein,349221
und in einem,349044
wir uns nicht,348643
damit zu tun,348618
"haben , wenn",348599
ich mir nicht,348502
lassen sich die,348359
gar nicht erst,348193
"zu , der",348179
war es auch,348029
"wurde , dass",347719
"daran , wie",347637
die sie in,347453
von mehr als,347287
mehr als nur,347181
mit einem Mal,347113
als eine Art,346929
an der Seite,346873
sie gar nicht,346534
"können , ist",346375
"spürte , dass",346347
sich für den,345668
und wenn sie,345595
"haben , ist",345580
"sind , dass",345555
"werden , in",345505
Ich fühle mich,345455
nicht mehr aus,345197
nicht so sehr,345065
"Zeit , um",344924
um sie herum,344920
und aus dem,344889
in vielen Fällen,344638
für ein paar,344277
auf die andere,344176
es mir nicht,343808
Publikation in der,343615
die an der,343456
als auch für,343447
hatte sich in,343094
"gewesen , dass",343022
von allen Seiten,342935
Es gibt keine,342904
das ist ein,342901
den Kopf in,342573
als er sie,342344
"mich , ob",342237
"sind , um",342148
noch lange nicht,341805
und wenn er,341713
diese Publikation in,341566
das Ende der,341541
"hatte , wie",341510
"sich , wenn",341442
auch bei den,341384
dass du dich,341214
in diesem Bereich,341133
die Geschichte der,341106
aus wie ein,340904
im Internet über,340819
mehr als eine,340780
um zu sehen,340691
"derjenige , der",340631
verzeichnet diese Publikation,340519
"Hand , die",340486
in denen sich,340429
"sehen , ob",340328
In diesem Augenblick,340322
"genau , was",340247
und die damit,340157
noch einmal zu,340139
ist und die,339790
das habe ich,339767
"nichts , was",339690
und an die,339505
"ist , hat",339371
und mit einer,339362
die Art der,339352
"Menschen , der",339008
sich immer wieder,338627
wenn ich es,338420
Grundlage für die,338129
Daten sind im,338032
wenn er die,338010
es ist ein,337845
"ist , weil",337838
einer Reihe von,337664
mehr als die,337573
doch nicht so,337418
und ich werde,337349
habe ich das,337259
dass ich dich,336879
Tag und Nacht,336820
an diesem Abend,336448
und nicht mehr,336394
"können , aber",336244
die ganze Welt,336201
wenn sich die,335844
bis hin zur,335734
auf der Seite,335477
gilt für die,335234
"ist , den",335049
und wie sie,334963
in den einzelnen,334932
es sich in,334547
Auswirkungen auf die,334523
im Kontext der,334039
sie an der,333747
Am nächsten Tag,333704
sie sich um,333601
und wenn ich,333601
"an , aber",333563
ist mit dem,333462
was ist mit,333453
atmete tief durch,333449
konnte er sich,333418
und zog sie,333399
in eine andere,333384
"war , in",332890
wenn sie die,332676
findet sich in,332520
nicht so einfach,332425
"Weise , wie",332262
der Geschichte der,331978
"Das , was",331875
bis auf den,331863
"so , daß",331829
aus der Sicht,331798
"an , wenn",331734
"kann , die",331284
wandte sich an,331123
dass er mich,331110
gewesen zu sein,331075
vor allem durch,331029
dass sich das,330572
rund um die,330569
"weiß , daß",330458
wenn sie in,330423
in die Richtung,330291
der junge Mann,330226
"nicht , ich",330220
zusammen mit dem,330028
"Fragen , die",329601
"Mann , den",329521
eine Hand auf,329399
"da , wo",329306
auch durch die,329143
ließ sich nicht,328989
haben wir uns,328833
"glaube , dass",327957
nicht an die,327837
Mit anderen Worten,327749
weil er sich,327668
"sehr , dass",327650
das mit dem,327477
Er wandte sich,327364
"haben , aber",327146
in der Gruppe,327005
holte tief Luft,326517
es bei der,326484
Blick in die,326425
"habe , und",326142
dass ich ihn,326113
kann man die,325853
"zeigen , wie",325852
"ihr , dass",325628
"wir , dass",325366
er sie nicht,325061
vor allem für,324735
"versuchte , sich",324547
und ich war,324541
den Tisch und,324453
auf dem Sofa,324394
dass es eine,324202
sich nicht auf,324025
nicht ganz so,323924
"auch , daß",323823
der Ebene der,323614
der Deutschen Nationalbibliografie,323596
das Verhältnis von,323191
die er sich,323087
in den Garten,323022
den Umgang mit,322967
Sie in der,322966
bibliografische Daten sind,322829
der Lage ist,322615
"Angst , dass",322395
das ist die,322294
"auch , wenn",322142
"lassen , und",321862
nach Hause zu,321723
geht es nicht,321464
"auf , der",321374
an der Stelle,321132
an den Tag,321094
im Sinne eines,321022
hatte er die,320855
noch in den,320758
in der Sonne,320711
"du , was",320659
nur noch eine,320594
"Was , wenn",320205
in der Tür,320190
drehte sich zu,320041
er sich die,320034
"können , wie",319859
und für den,319712
"worden , und",319698
er aus dem,319591
den Begriff der,319429
so ist die,319288
sagte er zu,318815
in Anspruch genommen,318800
in der ganzen,318505
Warum hast du,318480
von Zeit zu,318466
wie möglich zu,318192
in Richtung der,318162
Es war das,318157
"möchte , dass",318108
sich bei dem,318038
ist es möglich,317977
mit ein paar,317872
ich noch nicht,317840
auf der Hand,317809
aber nicht nur,317621
Abs. 2 Satz,317604
wie sie die,317594
"hörte , wie",317432
ist auch der,317313
von den anderen,317235
Abhängigkeit von der,317134
sie an den,317078
die von ihm,316929
in denen sie,316895
die sich an,316671
"dadurch , daß",316383
es aber nicht,316117
hatte keine Ahnung,316064
"a.a.O. , S.",315792
"hat , so",315756
"sei , und",315751
Männer und Frauen,315568
Vor - und,315534
ist nicht zu,315483
die Rolle des,315232
detaillierte bibliografische Daten,315173
"wird , wie",315170
"Tag , an",315025
nichts anderes übrig,314983
bin ich nicht,314809
"ist , da",314779
wird in den,314712
in den Weg,314640
nicht so gut,314620
in den Nacken,314576
einen Schritt zurück,314529
Er hatte die,314438
öffnete die Tür,314373
ist nicht so,314326
noch eine Weile,314225
ihr in die,314171
"war , was",314167
wenn es nicht,314044
richtete sich auf,314019
hier und da,313968
kurz vor dem,313682
"finden , die",313543
vor allem auch,313522
dann ist es,313453
dem Gebiet der,313253
und nach der,313249
mit Hilfe des,313225
"Meinung , dass",313106
Ich habe dich,312909
und sah sich,312887
"Frage , die",312824
von nun an,312779
auf und ging,312668
und dass sie,312649
ein paar Tagen,312594
in die Zukunft,312588
zum Zeitpunkt der,312573
nicht nur als,312324
Er hat sich,312317
die Möglichkeit der,312313
"zurück , um",312304
einen Teil der,312227
und sich mit,312101
"Kind , das",311833
auf die Wange,311709
Es ist das,311403
der zweiten Hälfte,311277
Vergleich zu den,311078
als würde sie,310957
aus der Zeit,310930
nur durch die,310460
"ist , sich",310275
"geben , die",309995
in der Zukunft,309854
eine ganze Weile,309826
auf dem Markt,309805
"haben , denn",309746
"machen , dass",309681
Hinweis auf die,309510
mehr in der,309351
"können , was",309229
sie mit einer,308864
"aus , wenn",308715
als wollte er,308494
lässt sich die,308244
sich nicht in,308127
und es wird,308093
über den Rücken,308015
ja gar nicht,308011
"wusste , wie",307813
"werden , aber",307701
im Falle der,307609
"es , der",307584
"bemerkte , dass",307578
in die Runde,307378
auf dem Wege,307326
"erfahren , dass",307261
"hatte , in",307244
dass es ein,307062
"gehört , dass",306914
in dem ich,306809
ich in die,306744
"an , dann",306724
"sagt , dass",306631
und ich hatte,306602
jetzt nicht mehr,306439
sich von dem,306278
mit einer Hand,306050
wurde in der,305948
sie für die,305790
aber das ist,305731
der Frage nach,305696
ein paar Wochen,305680
"Unternehmen , die",305550
aber ich bin,305365
um mich zu,305320
er sich selbst,305241
"an , was",305100
fühlte er sich,305074
"ausgehen , dass",305014
Hand auf den,304781
Vor diesem Hintergrund,304777
finden sich in,304776
drehte er sich,304284
und schloss die,304279
so dass sie,304151
dass du mich,304104
Ich kann mir,304027
das ist doch,303925
nicht so viel,303845
"zeigen , daß",303832
aus dem Gesicht,303776
Er drehte sich,303669
"daran , daß",303599
sie auch nicht,303469
war es ein,303427
das ist der,303328
Kinder - und,303222
bis in den,303093
er von der,302931
mit der Frage,302862
in Anspruch nehmen,302805
bis an die,302746
im Anschluss an,302721
sie von den,302588
am Beispiel der,302000
habe ich auch,301623
rechts und links,301608
nur für den,301543
gibt es noch,301484
habe ich noch,301336
die Ergebnisse der,301323
die andere Seite,301120
die mit den,300980
sie nicht zu,300865
"haben , wie",300753
ich habe es,300410
als wäre sie,300359
"übrig , als",300348
noch nicht so,300319
Angst vor dem,300311
in meinem Kopf,300153
lässt sich nicht,300038
"noch , dass",299673
"nicht , wo",299599
er in seinem,299550
aber das war,299539
die über die,299430
"sein , da",299408
"hatten , und",299301
"nicht , das",299150
"leid , dass",298930
"darauf , daß",298915
er mit den,298680
die in einer,298600
"jene , die",298067
"Ja , und",298048
es zu einem,297923
"fragte , ob",297907
als sie den,297810
"müssen , dass",297753
als in den,297706
können wir uns,297622
"darüber , wie",297566
auf den Beinen,297295
Es ist der,297171
die nach dem,297086
"wissen , daß",297008
auch noch die,297001
man sich nicht,296909
"jemanden , der",296845
Was machst du,296808
Aber ich bin,296738
"war , konnte",296730
unter dem Namen,296545
Voraussetzung für die,296453
auch mit dem,296200
und als ich,296158
der Begriff der,296054
das Problem der,295902
nicht nur den,295855
mich in den,295783
auf die Erde,295648
an die Tür,295367
dass er ein,295279
als wäre es,294803
der Mitte der,294694
mich in die,294565
die Erinnerung an,294485
Ich habe eine,294342
"es , was",294209
auch wenn die,294201
und ich kann,294193
Ich habe nicht,293993
an den Wänden,293951
nicht aus der,293921
ich es mir,293908
gegen die Wand,293864
war nicht zu,293858
habe ich die,293806
"hat , der",293695
durch den Raum,293668
"hatte , hatte",293521
"gesehen , wie",293403
beugte sich vor,293309
sie über die,293270
auf beiden Seiten,293220
"sehen , die",293146
"Hoffnung , dass",293113
sondern auch in,293102
der vorliegenden Arbeit,292936
"festgestellt , dass",292903
die Hände in,292887
Als er sich,292748
"sein , was",292681
ein wenig zu,292585
"auf , wenn",292559
in den Hintergrund,292351
wird von der,292229
sind auch die,292208
so war es,292098
ihn mit einem,292070
in der Woche,291989
durch die Tür,291971
noch ein bisschen,291958
"Möglichkeit , die",291621
wie er sie,291613
"haben , als",291612
"gekommen , um",291547
im Vergleich zur,291522
einen oder anderen,291505
Aber das war,291471
Ich bin der,291444
der mit dem,291223
ihm die Hand,291145
dass ich in,291071
und in einer,291000
das ist ja,290952
sind in den,290897
es mit einem,290838
Er setzte sich,290784
wir uns auf,290777
etwas zu sagen,290762
wieder in der,290751
nicht für die,290661
dem sich die,290555
"Worte , die",290513
anderen Seite des,290500
die sich durch,290444
und sie hatte,290166
Es ist nur,290054
in diesem Falle,290020
kann ich mich,289980
er in einem,289846
es noch nicht,289761
sich wieder auf,289469
"denken , dass",289429
die Grundlage für,289411
ist nur ein,289384
"auf , wie",289355
nicht aus den,289348
auch mit der,289337
"ja , das",289222
Und ich habe,289208
"war , den",289193
ist es ein,289093
"Ahnung , was",288856
gehört zu den,288617
war immer noch,288611
sah sich um,288500
sie sich im,288497
"werden , damit",288484
in denen der,288240
der von den,288190
ich mir die,288185
sich aber nicht,288146
direkt in die,288058
sich zu ihr,288021
Im Hinblick auf,287915
wie es die,287901
"Nein , es",287775
ihn in den,287675
einen Moment lang,287566
"Zeit , als",287563
sagte er mit,287540
"sind , sondern",287383
allem in der,287365
"hat , wird",287339
ja auch nicht,287135
kann ich mir,286798
er sie an,286706
"Gefahr , dass",286659
"Folge , dass",286598
man sich in,286593
wo sie sich,286387
sie in ihrem,286387
die Arme um,286362
sie sich auch,286357
Ich nehme an,286305
und ließ die,286200
konnte sie nicht,286115
es war nicht,285958
die in die,285862
es nicht nur,285810
"zusammen , als",285801
dass Sie sich,285765
der Deutschen Nationalbibliothek,285680
bei dem Gedanken,285636
fühlte sie sich,285621
so groß wie,285578
nicht auf der,285544
sie aus der,285495
einer von ihnen,285407
Weg in die,285266
"machen , und",285167
eine ganze Reihe,284966
zwei oder drei,284870
dass es für,284844
ließ er sich,284493
"ein , der",284389
sich zu ihm,284373
das ist eine,284325
"Vater , der",284298
zu dem Schluss,284245
in einer anderen,284228
Ich habe den,284159
den Vereinigten Staaten,284080
Ich wusste nicht,284038
Ich fühlte mich,283749
"war , wurde",283699
aber noch nicht,283602
nun nicht mehr,283278
in der Zwischenzeit,283259
in die Mitte,283012
"würde , und",282956
kann man nicht,282851
Es ist mir,282571
"ein , um",282422
nicht möglich ist,282374
vor allem aber,282363
die durch den,282305
"prüfen , ob",282218
der Regel nicht,282209
nicht über die,282202
ich kann nicht,282166
so wie es,282141
in dem es,282095
wo er sich,282085
"sein , so",281716
die Entwicklung des,281678
Als sie sich,281579
ich habe mich,281455
sie in ihrer,281447
nicht zu den,281389
früher oder später,281370
"werden , als",281186
über den Weg,281160
sagte ich und,281147
die Bedeutung des,281063
in diesem Kapitel,281002
ich bin nicht,280970
mit den beiden,280682
fühlte ich mich,280668
sie den Kopf,280661
im Gegensatz zur,280642
ich das nicht,280586
an der Hand,280547
"Umstand , dass",280535
was für eine,280335
Alle Rechte vorbehalten,280303
"konnte , war",280225
"Mal , dass",280116
Information der Deutschen,280032
sind für die,279977
in den Armen,279900
"ein , daß",279821
sich in dieser,279812
in den Kopf,279760
und aus der,279680
er sich auch,279660
wenn sie es,279592
auf dem Bett,279564
"zurück , die",279560
"zu , als",279422
mit ihr zu,279417
ich noch nie,279324
der Lage sein,279255
dem Weg zum,279216
und dass er,279208
wenn er es,279104
ein einziges Mal,278925
"anders , als",278916
wenn er sie,278902
ging in die,278766
"werden , denn",278696
gilt insbesondere für,278672
zu lassen und,278528
sich in eine,278474
die in diesem,278413
"haben , was",278385
und damit der,278317
Antwort auf die,278280
mit dem Titel,277971
"aus , der",277820
der sich die,277768
"mir , ich",277618
besteht in der,277403
bei der die,277345
"werden , welche",277345
"wird , um",277300
ist es für,277107
er auf der,277096
in die Nacht,277059
"gewusst , dass",276959
sich vor dem,276844
aber er war,276829
dass es so,276726
mit denen sie,276635
ist aber nicht,276576
"hatte , das",276568
dass sie eine,276537
um so mehr,276504
"hatte , was",276376
der Anteil der,276230
mit mir zu,276185
habe ich es,276158
im Vergleich zum,276055
zu sich selbst,275992
"jetzt , wo",275976
"beachten , dass",275969
wie man es,275952
die sie sich,275941
ist das nicht,275863
"haben , so",275711
sich in ihrem,275509
an anderer Stelle,275321
die Qualität der,275181
eine Frage der,275177
"führen , dass",275085
über die Lippen,275067
in keiner Weise,274971
"sich , was",274953
nicht so leicht,274877
aus Sicht der,274867
"wartete , bis",274650
"wurde , die",274613
während er sich,274576
und mit ihm,274233
auch nur einen,274174
Bibliografische Information der,273949
Es handelte sich,273855
"gesagt , ich",273773
"vergessen , dass",273740
dem sie sich,273567
"hat , wie",273519
sie ihn an,273464
in den Mittelpunkt,273311
"muss , um",273206
den Bereich der,273202
war er nicht,273114
in der nächsten,273059
Schritt für Schritt,272978
"Einzige , was",272880
die Rolle der,272857
nicht nur von,272853
"besser , wenn",272770
und auch der,272715
nach oben und,272679
führt zu einer,272630
oder auch nur,272483
"ich , und",272458
"werden , sind",272399
auch auf den,272195
der Entwicklung der,272179
der rechten Seite,272125
das kann ich,272108
Frankfurt / Main,272043
Auch wenn die,272020
und sich auf,271889
"sich , um",271691
Stellen Sie sich,271455
bei dem die,271276
aus dem Zimmer,271232
Kindern und Jugendlichen,271178
"voraus , dass",271167
auch für das,271104
"auf , das",270912
aus dem Jahre,270904
in : ders.,270825
auch wenn ich,270733
die Höhe der,270697
"haben , das",270659
auf den Arm,270531
aber nicht mehr,270497
er sich vor,270440
Tür hinter sich,270419
"nicht , sie",270380
Du hast mich,270341
sie sich die,270314
"Ort , an",270288
links und rechts,270185
auf die Stirn,269982
und ließ sie,269972
"tun , um",269878
als ich mich,269770
noch nie gesehen,269617
fühle ich mich,269428
Er fühlte sich,269381
sich hin und,269320
gerecht zu werden,269297
sie sich selbst,269262
"Bild , das",269258
er sie in,269193
auch von den,269124
"Zeit , dass",268996
Ich habe noch,268976
in aller Regel,268924
konnte er nicht,268859
daß er die,268853
"war , sich",268827
mir in die,268745
sich von ihm,268583
in dieser Arbeit,268513
"hatte , der",268486
daß ich mich,268369
immer wieder zu,268324
uns in der,268093
In Bezug auf,267983
ist aber auch,267909
in die Nähe,267753
Informationen über die,267571
zuckte die Achseln,267481
nicht mehr lange,267448
den Mund und,267394
den Kopf zu,267341
dem Weg zur,267319
"heißt , dass",267234
um ihn herum,267145
eine Art von,267022
Bezug auf das,266939
vor der Brust,266938
"an , in",266918
sie immer noch,266889
im Verlauf der,266877
nicht einmal die,266861
Er war nicht,266852
in der Gegenwart,266834
sich auch nicht,266707
"lassen , dass",266505
sich in seiner,266430
Sie fühlte sich,266426
ist bei der,266374
sie bei der,266324
er mit seiner,266323
"nahe , dass",266290
kann aber auch,266114
hatte er sie,265919
"Ja , er",265883
aber ich kann,265814
hob den Kopf,265772
ist für den,265754
"er , der",265714
"hat , um",265648
E -- Mail,265617
und stellte sich,265549
in gleicher Weise,265500
in Richtung des,265418
"I , S.",265348
sie in einer,265322
sich über das,265234
als er das,265182
in den verschiedenen,265016
dem er sich,264666
zur Verfügung steht,264589
und wenn es,264575
von sich aus,264545
in der Ecke,264395
Das war der,264316
und sie war,264232
mit denen er,264154
ist mit der,264136
wird von den,264089
"versucht , die",264068
in der Art,263947
"hat , kann",263764
und er hat,263743
"Nicht , dass",263732
und von dem,263609
und zu den,263592
war nicht nur,263570
Ich werde mich,263536
so kann man,263464
aus der Stadt,263459
in einem kleinen,263446
"können , um",263434
Vielleicht war es,263202
nicht um die,263133
Ich habe einen,262939
Ist das nicht,262866
den letzten Tagen,262857
ich mir das,262776
Baden - Baden,262702
zu werden und,262688
Grund für die,262670
"Stelle , wo",262649
so ist das,262603
zusammen mit den,262602
dass ich mir,262563
"gewesen , aber",262557
ich auf die,262528
dass die beiden,262488
"immer , wenn",262437
sich in einen,262342
zur Verfügung stehenden,262315
eine große Rolle,262278
"ist , mit",262145
ist ( vgl.,262094
immer noch in,262019
das Recht auf,262002
"hoffe , dass",261962
"Ja , sie",261804
"darum , dass",261798
Es ist so,261787
mit der sie,261723
als hätte ich,261624
der sich mit,261560
der Anzahl der,261368
und sah ihn,261288
dass ich mit,261232
"mit , dass",261175
Kuss auf die,261135
nicht mit den,261121
auf die Suche,261021
an sich und,260871
Auch in der,260859
"einer , der",260847
sie noch nicht,260759
nicht nur im,260755
"machen , wenn",260674
aus dem Wasser,260596
und stand auf,260584
an seiner Seite,260479
es nur noch,260320
"gesagt , daß",260219
"sind , werden",260210
an den Rand,260120
immer wieder in,260099
in der Umgebung,259998
"an , so",259894
in Kombination mit,259833
"haben , daß",259751
im Gegensatz zum,259674
und schüttelte den,259640
Das war eine,259581
auf dem Kopf,259497
"war , wenn",259439
Bezug auf den,259350
er sich noch,259167
um mich herum,259112
mit dem ich,258923
"gut , wenn",258904
sie an die,258876
Hand in Hand,258657
Er stand auf,258525
"war , sondern",258468
der Lage sind,258353
das Prinzip der,258327
gibt es einen,258280
schon lange nicht,258219
die nicht nur,258215
bis zu dem,258083
immer wieder auf,258066
"gewesen , als",257936
in dieser Nacht,257770
in Frage gestellt,257563
"möglich , die",257506
"schon , dass",257317
die Augen zusammen,257216
"machen , die",257092
in der gleichen,257089
an die Arbeit,257041
"sagen , wie",256954
nicht in Frage,256937
in den beiden,256909
er mit seinem,256885
die Entwicklung von,256802
es ihm nicht,256765
setzte er sich,256742
Es ist also,256685
mit den Kindern,256633
ihm in den,256601
Ich habe dir,256538
Das war nicht,256451
"kann , wie",256392
zur Zeit der,256324
in der Tasche,256276
"Informationen , die",255882
wenn man es,255797
der rechten Hand,255745
mehr oder minder,255733
"worden , die",255643
zu sehen und,255596
abhängig von der,255557
denen sich die,255424
und griff nach,255357
verhält es sich,255335
Ich frage mich,255323
sah ihn an,255151
in der ich,255124
"genau , dass",255078
nicht durch die,254734
"Leben , das",254437
Sie haben sich,254383
mit der Zunge,254307
"fest , daß",254243
die für das,254240
den Augen der,253959
er in seiner,253870
sich aber auch,253810
"hatte , so",253641
sich in ihrer,253594
als er in,253426
er durch die,253387
die sich von,253369
"sind , wenn",253363
auf den Mund,253213
"noch , wie",253194
nur mit einem,253171
"klar , daß",253106
Er schüttelte den,253014
"lassen , die",252893
können Sie sich,252833
"ist , desto",252570
konnte ich nicht,252533
gibt es nur,252523
zu erkennen und,252510
ist für mich,252504
ganz in der,252456
ich das Gefühl,252374
noch nicht ganz,252355
hatte er nicht,252349
in denen er,252342
Theorie und Praxis,252332
den Arm um,252297
"Sie , was",252187
in den Fällen,252139
Springer Fachmedien Wiesbaden,251987
auf die Lippen,251902
in dem das,251769
nicht so recht,251691
sie nicht in,251611
und auch in,251531
in Deutschland und,251475
in die Tasche,251379
aber auch der,251263
vor dem Haus,251121
du dich nicht,251038
auch in diesem,250972
"ist , nicht",250941
"hat , als",250581
"aus , aber",250570
"er , daß",250454
in seinem Kopf,250344
"davon , ob",250335
"Kraft , die",250334
nicht um eine,250300
kam es zu,250228
"mich , wie",250130
"ist , eine",249964
Es ist aber,249921
"ich , als",249822
in der Weise,249809
"es , wie",249797
hatte er das,249775
"entscheiden , ob",249696
die Zeit der,249578
Arbeits - und,249547
wir in den,249487
ein oder zwei,249467
die sich als,249383
sie zu einem,249226
indem er die,249205
bis hin zum,249138
"auch , wie",249095
und sich nicht,249030
"Ahnung , wie",248917
wenn ich das,248873
sich zu einer,248858
sich nicht mit,248704
"haben , der",248698
nicht so weit,248443
"darin , die",248386
war nur ein,248347
einen Überblick über,248243
das Ende des,248233
sie an sich,248232
auch über die,248170
der Weimarer Republik,248144
in dem Sinne,248024
viel zu tun,247945
"glaube , es",247910
zu haben und,247908
Auch wenn es,247846
der mit der,247774
einen Kuss auf,247648
"wird , kann",247493
nicht zu einer,247404
nur mit dem,247391
an dem sie,247330
"nur , daß",247321
weil sie nicht,247310
"wird , sondern",247287
Wirtschafts - und,247210
kann man auch,247190
über den Tisch,247161
In der Mitte,247119
in die Schule,247088
Sie können sich,246970
und zog sich,246920
sich nicht zu,246795
die Verantwortung für,246793
schon in den,246626
nicht mehr von,246485
während sie sich,246349
als sie in,246341
mit einem anderen,246305
"Aufgabe , die",246214
ein paar Mal,246183
er an der,246145
aus dem Nichts,246131
"kommt , dass",245990
sie auf und,245887
an ihm vorbei,245804
weil sie die,245783
"vermuten , dass",245708
ein letztes Mal,245610
"mir , was",245558
ist die Frage,245536
was auch immer,245516
"machen , was",245478
die eine oder,245035
noch einmal die,245012
er sich im,244978
und deutete auf,244961
den Boden und,244893
ich auf dem,244891
ich sie nicht,244881
in seine Arme,244823
keine andere Wahl,244658
Blick über die,244615
sie ihn nicht,244614
daß sie nicht,244566
"kann , so",244542
Die Zahl der,244499
ist von der,244493
zu sehen ist,244433
und in diesem,244412
Mit diesen Worten,244397
Das ist es,244386
z. B. im,244382
in einem solchen,244371
von der Welt,244253
an dem die,244243
der linken Seite,244212
das für ein,244182
ist nicht der,244175
mit dem Namen,244163
z. B. das,244131
dem Weg nach,244002
in der es,243997
sich zu mir,243951
"man , dass",243931
wandte sie sich,243916
zu nehmen und,243774
dass sie ihre,243737
"hat , das",243727
die Möglichkeit einer,243636
zu sehen war,243618
Es gibt eine,243503
das ist das,243445
die Mitte des,243376
er mit einer,243103
"erwarten , dass",243088
sind und die,243033
"ist , oder",243001
Das ist alles,242957
"dazu , die",242843
auch auf der,242747
der Zeit der,242554
Er hatte sie,242485
in diesen Fällen,242355
dass es ihm,242275
"sehen , und",242248
nicht mehr nur,242172
sich vor und,242152
sich gar nicht,242098
nicht nur mit,242027
ihn an und,241947
gar nicht in,241940
"aus , das",241792
es auf den,241765
dann in der,241713
zu gehen und,241621
der Art der,241574
und ich weiß,241557
ersten Mal in,241545
in gewisser Weise,241426
die mit einem,241336
"sein , weil",241285
zu sein scheint,241271
auf die beiden,241234
wieder und wieder,241211
mit der anderen,241165
indem er sich,241163
den Einsatz von,241103
"auszugehen , dass",241031
die beiden Männer,241003
nicht so schnell,240965
verzog das Gesicht,240948
noch nicht zu,240929
"betrifft , so",240875
Kopf in den,240856
auf die Welt,240829
auch nicht so,240748
"O. , S.",240716
"vor , und",240673
aus diesem Grund,240405
"weißt , dass",240343
hatte sie nicht,240313
"konnte , dass",240274
"wurde , war",240273
ein paar Sekunden,240205
Sie drehte sich,240104
es handelt sich,240024
zusammen mit der,239933
"gewesen , wenn",239895
"Gefühl , als",239696
als sie das,239653
auf den Punkt,239630
gab es keine,239552
"es , den",239552
"bekannt , dass",239411
zur Verfügung zu,239402
nicht einmal mehr,239395
"bemerkt , dass",239341
Kinder und Jugendliche,239220
worden zu sein,239175
zum Ende des,239164
"beweisen , dass",239160
als auch auf,238860
dass sie mich,238828
zwischen den einzelnen,238774
E - Mails,238773
daß er nicht,238720
vor allem von,238685
das weiß ich,238665
eine Zeit lang,238658
kann ich dir,238529
die Sache mit,238529
Interesse an der,238281
es zu spät,238267
in ein paar,238248
an der Grenze,238246
sich durch den,238116
sich nicht von,238052
den in der,238023
mich in der,237977
nach der Geburt,237850
und ich konnte,237773
dass man die,237767
zweiten Hälfte des,237639
und lehnte sich,237543
bin ich mir,237506
die Rede ist,237446
"zugeben , dass",237434
ihn nicht mehr,237380
"wird , der",237328
"schien , als",237212
"nur , um",237208
dass auch die,237171
aber er hatte,237143
man in den,237115
und am Ende,237050
Und wenn sie,236971
von den beiden,236933
durch die Straßen,236900
die Verwendung von,236889
sie nicht nur,236805
BGBl. I S.,236789
wenn er in,236708
sind vor allem,236703
gab es eine,236677
der auf dem,236635
sich selbst als,236615
Es ist zu,236572
"aus , was",236537
der von ihm,236507
"du , ich",236504
ist durch die,236363
vor allen Dingen,236323
"zwei , drei",236192
"Liebe , die",236127
auf der ganzen,236101
werden und die,236071
gab es in,236056
noch einmal in,235990
"vorstellen , wie",235960
ein zweites Mal,235949
"war , mit",235915
Sie schüttelte den,235810
"ab , um",235746
er über die,235733
wie es ist,235531
auf der rechten,235521
sie sich noch,235263
die von einem,235232
als wolle er,235229
müssen wir uns,235123
schloss die Tür,235114
"zusammen , die",235045
sah aus wie,234906
nach der anderen,234847
ist als die,234793
dass er seine,234709
und zu einem,234697
er die Tür,234657
sie sich vor,234609
Abs. 2 S.,234607
in die Knie,234602
den Atem an,234548
sie mit ihren,234539
bei Patienten mit,234480
das für die,234447
"habe , dass",234423
zu mir und,233922
ob sie sich,233754
und es gibt,233723
nicht an der,233605
ist es doch,233541
"achten , dass",233418
Kritik an der,233367
das sich in,233344
"erklären , dass",233168
in einer Art,233125
das in den,233087
die im Rahmen,233024
würde er sich,232995
durch den Wald,232990
ganze Zeit über,232866
in sich selbst,232849
auf den anderen,232760
legte den Kopf,232732
werden kann und,232694
die zu einer,232633
beziehen sich auf,232618
dem Zweiten Weltkrieg,232605
mit seiner Frau,232568
verdrehte die Augen,232542
nur auf den,232535
"Gott , der",232529
bereits in den,232518
auch in die,232432
der Welt zu,232277
"beobachtete , wie",232256
in den Bergen,232144
so dass er,232107
darauf zu achten,232080
wie die anderen,232063
Du hast es,232051
mit einem kleinen,231914
aus der Perspektive,231914
mit dem Gedanken,231863
wie ich mich,231805
nicht in einem,231775
Ich habe schon,231773
"geworden , und",231759
in : Die,231738
es sich hier,231701
beugte sich über,231610
"Arbeit , die",231592
Mein Name ist,231566
als wären sie,231408
Verbindung mit der,231314
sich in das,231302
mit dem Begriff,231271
geht es darum,231212
der sich auf,231088
"sehr , sehr",231067
von hier aus,231063
Am liebsten hätte,231017
fügte er hinzu,230974
"ein , wenn",230899
in sich hinein,230886
den Weg zum,230796
dass sie von,230739
und wie er,230650
Informations - und,230642
"Augen , und",230621
und sich die,230585
Ein - und,230544
Nordrhein - Westfalen,230493
nach Absatz 1,230349
es vor allem,230342
und ich will,230297
und dass die,230282
Und wenn er,230194
war in den,230188
"hatte , wurde",230117
Abs. 2 Nr.,230054
wie man sie,230052
über sich selbst,230045
ist nicht die,229896
Es war so,229816
Und ich bin,229772
ist immer noch,229765
durch die Stadt,229708
auch nicht die,229665
mir in den,229622
daß sie die,229531
er sich über,229520
vor allem das,229482
ich weiß es,229460
Hände in die,229423
"war , dann",229368
er gar nicht,229365
nicht nur um,229326
die ich in,229323
hast du das,229302
ein Teil von,229254
Du hast mir,229191
die ich nicht,229190
den nächsten Tagen,229051
So war es,229023
es immer noch,228960
die Hände auf,228898
das Verhalten der,228875
"kann , was",228815
Suche nach dem,228784
und ging in,228764
indem sie die,228746
und damit eine,228743
Baden - Württemberg,228716
bevor er sich,228710
zu einem gewissen,228643
und dann die,228641
Verbindung mit dem,228560
Und es ist,228534
um diese Zeit,228408
an dem er,228393
nicht zu sagen,228358
haben sich die,228347
nicht mit einem,228318
wenn man den,228290
"wurde , ist",228074
mit Ausnahme der,228004
Ich bin so,227944
sie noch einmal,227936
dem Ende des,227880
konnte sie sich,227823
das ist es,227799
und zog die,227710
In dem Moment,227660
das mit der,227619
dass es mir,227499
mich an und,227475
dass sie auf,227425
im engeren Sinne,227366
erst in der,227270
immer noch die,227247
hatte sich die,227245
"nicht , um",227177
Er hat mich,227158
ich ihn nicht,227111
und nicht die,227097
in solchen Fällen,226996
ist auch nicht,226898
ihn in der,226871
"Welt , in",226825
mit Hilfe eines,226821
Vor dem Hintergrund,226753
auf sich selbst,226680
ist zu beachten,226557
Es ist doch,226476
hat sich der,226370
Für einen Moment,226237
in Form der,226217
der Fall war,226147
"Leuten , die",226128
die sich die,226094
"mir , als",225939
ist es so,225894
die sich für,225879
dass du es,225854
"Sie , wie",225831
den Namen des,225744
und den anderen,225629
und wir haben,225572
kann ich Ihnen,225460
"sagte , er",225412
"vor , daß",225388
fing an zu,225380
sie nach dem,225092
nicht von den,225058
sich die Hände,225032
die Hände und,225023
und sah sie,225022
aus der Küche,224969
"zurück , als",224966
sich an das,224930
eine Gruppe von,224918
nicht noch einmal,224858
sie nur noch,224853
und darüber hinaus,224821
zum Beispiel in,224794
sie immer wieder,224665
eine ganz andere,224516
"die , wie",224492
und sah mich,224483
"Patienten , die",224467
einen Blick in,224459
hatte ich mich,224448
als ich die,224439
nicht mehr da,224386
nicht auf dem,224386
"behaupten , dass",224269
Ich bin sicher,224248
immer wieder die,224205
in diesem Band,224171
wenn auch nur,224126
sich um das,224081
"nicht , so",223996
aber auch eine,223963
in der das,223879
war und die,223875
nicht an den,223866
ich mich auch,223859
heute nicht mehr,223841
in der der,223731
Vielleicht ist es,223721
"hin , daß",223683
und zu einer,223657
Er war der,223636
sich ab und,223610
Er konnte sich,223583
wieder nach Hause,223557
sondern auch für,223541
den Rücken zu,223438
bis zu einer,223401
dass man sie,223395
"ihn , und",223387
denn es ist,223374
"erinnern , dass",223372
durch und durch,223305
wieder auf und,223283
"dachte , du",223234
die vor allem,223178
Auseinandersetzung mit der,223156
d. h. der,223080
sie mit ihrem,223030
wie man sich,222984
"Gefühl , das",222968
sich für eine,222932
dass es keine,222833
und beugte sich,222781
dass es die,222691
die durch das,222681
es ist eine,222589
mich mit einem,222573
zu sein schien,222559
der linken Hand,222538
in die Lage,222528
und küsste sie,222486
und die Kinder,222475
werden in den,222443
die an den,222424
hinter sich zu,222410
und seine Frau,222386
"dauern , bis",222365
schüttelt den Kopf,222275
"gewesen , der",222259
Rücksicht auf die,222242
für die Zeit,222231
ob er sich,222181
als auch im,222131
"hingewiesen , dass",221942
erinnerte sich an,221922
so wie sie,221900
und ließ den,221859
In den meisten,221843
"ist , muss",221703
"wird , daß",221668
auch nicht in,221641
Einen Moment lang,221621
ich mich zu,221597
"sind , wird",221447
sich in seinen,221431
um die Frage,221409
Was ist passiert,221364
"Frage , was",221361
hin - und,221289
er sich nach,221191
Was haben Sie,221121
und somit auch,221106
mich an die,221085
es aber auch,221067
sich die Tür,221020
im Fall der,220997
es auf der,220987
"ist , sind",220934
in dieser Situation,220799
Umgang mit dem,220777
wie er in,220725
Was war das,220685
Sie sah ihn,220540
"tun , wenn",220528
von denen die,220489
wurde von der,220415
"Erkenntnis , dass",220396
der Fall sein,220388
nicht mehr im,220327
in der Zeitung,220138
"glaube , das",220100
auch nur eine,220055
"Hand , und",219999
"möglich , wenn",219997
Sinne des Wortes,219957
aus der Ferne,219946
Der Begriff der,219941
weit und breit,219940
ich mich von,219899
Umgang mit den,219857
"Geschichte , die",219734
mit einem Blick,219721
ich in meinem,219705
der Grundlage der,219615
"sind , können",219572
an sich selbst,219532
vor den Augen,219491
ich mich um,219487
die sich um,219466
mit dem Auto,219387
Aber ich kann,219360
"wollte , und",219230
"wird , das",219222
voll und ganz,219192
muss man sich,219150
wie ich sie,219085
"Nein , er",219072
"verstehen , was",219058
"Moment , in",219007
war wie ein,218952
zurück in den,218878
Wiesbaden : VS,218873
befindet sich in,218862
von der Straße,218844
ihn auf den,218835
eine Rolle spielen,218825
ist eine der,218804
sie sich über,218774
der letzten Zeit,218745
das Konzept der,218664
und für sich,218480
den Rest des,218398
Suche nach einem,218397
"war , denn",218312
Und wenn es,218256
wird ( vgl.,218038
es immer wieder,218006
"Wort , das",217990
gerade in der,217894
in Verbindung gebracht,217842
zu einem der,217805
Er ist der,217798
"sie , wenn",217768
ein Teil des,217707
Die Deutsche Nationalbibliothek,217697
A und B,217667
"werden , wobei",217607
Das war die,217534
von dem ich,217530
in die andere,217465
nicht die geringste,217400
nach kurzer Zeit,217356
"hatte , mit",217354
in der Wüste,217333
"davon , wie",217282
wenn sie mit,217266
ein weiteres Mal,217248
"zusammen , und",217240
Er sah sie,217226
"Sie , ich",217165
auf der linken,217149
Kampf gegen die,217138
Absatz 1 Satz,217050
es auch in,217027
ich aus dem,216954
sich wieder in,216919
das war nicht,216900
in der Klinik,216859
ließ sich auf,216831
"es , das",216823
"ausgegangen , dass",216791
In diesem Kapitel,216688
Sie setzte sich,216605
Der junge Mann,216584
Wir müssen uns,216582
Ich habe ein,216572
geht es dir,216538
"erklärt , dass",216529
aus dem Kopf,216491
Im Laufe der,216488
Und das war,216445
Nationalbibliothek verzeichnet diese,216439
von großer Bedeutung,216387
Umgang mit der,216382
im 18. Jahrhundert,216373
er sich und,216363
Es ist ja,216302
die Hand aus,216265
"deutlich , daß",216224
auch nicht zu,216181
wieder an die,216168
und bei den,216166
"ich , was",216112
vor allem mit,216084
Die in der,216082
Deutsche Nationalbibliothek verzeichnet,216064
etwas zu essen,216063
drehte sie sich,216042
von bis zu,216038
"erkannte , dass",216034
werden durch die,216026
es in diesem,216017
Das ist aber,215953
"jeder , der",215910
das Verhältnis zwischen,215847
die Stelle der,215818
wie wir es,215791
habe ich schon,215774
Es ist schon,215757
ist es aber,215694
"denke , dass",215665
wurde von den,215645
dass wir die,215644
der Welt und,215643
die Stirn und,215643
"derer , die",215642
Dabei handelt es,215496
kniff die Augen,215490
"können , so",215367
"ja , dass",215341
als sie ihn,215203
"sind , aber",215139
"mir , und",215122
die in ihrer,215076
Einfluß auf die,215012
hätte er sich,214960
mich an den,214922
ich mit der,214921
die Kontrolle über,214886
den Weg in,214843
er sich für,214824
"hatte , sich",214815
nach dem Krieg,214803
Er hatte es,214707
ich mich wieder,214658
auf dem Land,214647
einen Blick zu,214594
die Arme vor,214577
"bedeuten , dass",214541
zum einen die,214470
"dabei , dass",214466
Beispiel für die,214437
hast du denn,214409
ihn auf die,214372
"dachte , dass",214274
"fühlte , wie",214191
"gemacht , dass",214151
Am Ende des,214104
"darum , die",214099
"Nun , ich",214081
"hat , dann",214031
"können , ohne",214017
sondern vor allem,213985
mehr als zwei,213952
"gesehen , dass",213900
Er hat mir,213871
und sich selbst,213858
hatte er den,213839
der Zahl der,213767
wenn Sie sich,213670
hatte er es,213670
in den anderen,213445
wird auf die,213413
Als sie die,213404
