ngram,freq
_VERB_ . _END_,1131813203
_VERB_ ._. _END_,1131813203
_START_ _PRON_ _VERB_,502773700
"_VERB_ ,_. _CONJ_",387681154
"_VERB_ , _CONJ_",387681154
zu _VERB_ _._,255971580
zu_PRT _VERB_ _._,255730996
"_VERB_ ,_. _PRON_",248210188
"_VERB_ , _PRON_",248210188
"_VERB_ ,_. _VERB_",240993727
"_VERB_ , _VERB_",240993727
_START_ _NOUN_ _NOUN_,232749076
_START_ _DET_ _NOUN_,219707956
in_ADP _DET_ _NOUN_,208214597
in _DET_ _NOUN_,208214597
der _ADJ_ _NOUN_,200792877
der_DET _ADJ_ _NOUN_,200616530
die _ADJ_ _NOUN_,179863678
die_DET _ADJ_ _NOUN_,179487033
der _NOUN_ _._,167489713
der_DET _NOUN_ _._,166971110
der _NOUN_ _VERB_,164879058
der_DET _NOUN_ _VERB_,164304650
_START_ _NOUN_ _VERB_,150395643
_START_ _ADV_ _VERB_,148489079
die _NOUN_ _ADP_,138530566
die_DET _NOUN_ _ADP_,137597394
der _NOUN_ _ADP_,136901995
der_DET _NOUN_ _ADP_,136620109
zu _VERB_ .,130568702
zu _VERB_ ._.,130568702
zu_PRT _VERB_ .,130436610
zu_PRT _VERB_ ._.,130436610
_START_ _NOUN_ _._,127888234
die _NOUN_ _DET_,126849413
die_DET _NOUN_ _DET_,126722764
auf _DET_ _NOUN_,124347435
auf_ADP _DET_ _NOUN_,124347241
die _NOUN_ _VERB_,119502364
die_DET _NOUN_ _VERB_,118734951
die _NOUN_ _._,115937241
die_DET _NOUN_ _._,115430044
"_._ ""_. _END_",108580692
"_._ "" _END_",108580692
_START_ _VERB_ _PRON_,107607283
der _NOUN_ _DET_,102646623
der_DET _NOUN_ _DET_,102544218
_START_ Die _NOUN_,99584375
_START_ Die_DET _NOUN_,99584079
"zu _VERB_ ,_.",99119258
"zu _VERB_ ,",99119258
"zu_PRT _VERB_ ,_.",99031264
"zu_PRT _VERB_ ,",99031264
_START_ _CONJ_ _PRON_,97752384
_START_ «_NOUN _NOUN_,96805781
_START_ « _NOUN_,96805781
_._ ._. _END_,95888885
_._ . _END_,95888885
und _DET_ _NOUN_,92276228
und_CONJ _DET_ _NOUN_,92276228
in_ADP der _NOUN_,90925075
in der _NOUN_,90925075
in der_DET _NOUN_,90832213
in_ADP der_DET _NOUN_,90832213
den _ADJ_ _NOUN_,88783500
den_DET _ADJ_ _NOUN_,88779086
und _NOUN_ _._,87686080
und_CONJ _NOUN_ _._,87682198
"_VERB_ , dass",87549571
"_VERB_ ,_. dass",87549571
eine _ADJ_ _NOUN_,87389236
eine_DET _ADJ_ _NOUN_,87389167
"_VERB_ ,_. dass_CONJ",87182983
"_VERB_ , dass_CONJ",87182983
mit_ADP _DET_ _NOUN_,86373881
mit _DET_ _NOUN_,86373881
_START_ _ADP_ _DET_,86063422
_START_ _PRON_ _NOUN_,85757654
in _PRON_ _NOUN_,84692156
in_ADP _PRON_ _NOUN_,84692114
"_VERB_ ,_. _ADV_",84503014
"_VERB_ , _ADV_",84503014
_START_ _DET_ _ADJ_,84170941
_START_ Ich_PRON _VERB_,82803270
_START_ Ich _VERB_,82803270
_START_ Sie _VERB_,81724577
_START_ Sie_PRON _VERB_,81724577
und _VERB_ _PRON_,79365667
und_CONJ _VERB_ _PRON_,79364684
"der _NOUN_ ,",76558594
"der _NOUN_ ,_.",76558594
_START_ _ADP_ _NOUN_,76261733
"der_DET _NOUN_ ,_.",76217714
"der_DET _NOUN_ ,",76217714
und _ADJ_ _NOUN_,76116663
und_CONJ _ADJ_ _NOUN_,76116006
ein _ADJ_ _NOUN_,75925661
ein_DET _ADJ_ _NOUN_,75921598
_START_ Er _VERB_,75370287
_START_ Er_PRON _VERB_,75370287
_START_ _NOUN_ »,73665897
_START_ « »,73434231
_START_ «_NOUN »,73433320
» _PRON_ _VERB_,72546485
und _NOUN_ _VERB_,72327402
und_CONJ _NOUN_ _VERB_,72324765
"_VERB_ , _ADP_",72272239
"_VERB_ ,_. _ADP_",72272239
in _DET_ _ADJ_,71931408
in_ADP _DET_ _ADJ_,71931408
« _._ _VERB_,70270348
«_NOUN _._ _VERB_,70158430
"« , _VERB_",69715450
"« ,_. _VERB_",69715450
"«_NOUN ,_. _VERB_",69620010
"«_NOUN , _VERB_",69620010
"_START_ _NOUN_ ,",68937231
"_START_ _NOUN_ ,_.",68937231
den _NOUN_ _._,68626220
den_DET _NOUN_ _._,68585628
den _NOUN_ _VERB_,67667565
den_DET _NOUN_ _VERB_,67603934
für_ADP _DET_ _NOUN_,66247501
für _DET_ _NOUN_,66247501
der _NOUN_ _NOUN_,62575700
die _NOUN_ der,62378795
die _NOUN_ der_DET,62343428
die_DET _NOUN_ der,62335132
die_DET _NOUN_ der_DET,62299860
Die _NOUN_ _VERB_,62168389
Die_DET _NOUN_ _VERB_,62070454
der_DET _NOUN_ _NOUN_,61801734
_START_ _NOUN_ »_NOUN,61551102
_START_ « »_NOUN,61351117
_START_ «_NOUN »_NOUN,61351117
_START_ Es_PRON _VERB_,61074246
_START_ Es _VERB_,61074246
"_VERB_ ,_. die",60548042
"_VERB_ , die",60548042
"die _NOUN_ ,",58832162
"die _NOUN_ ,_.",58832162
an _DET_ _NOUN_,58581846
an_ADP _DET_ _NOUN_,58581632
"die_DET _NOUN_ ,_.",58539067
"die_DET _NOUN_ ,",58539067
_START_ _ADP_ _PRON_,54935012
und_CONJ _PRON_ _VERB_,54857180
und _PRON_ _VERB_,54857180
"_VERB_ , und",54832965
"_VERB_ ,_. und",54832965
"_VERB_ , und_CONJ",54832965
"_VERB_ ,_. und_CONJ",54832965
"_VERB_ , _DET_",54385868
"_VERB_ ,_. _DET_",54385868
nicht _VERB_ _._,54277999
nicht_PRT _VERB_ _._,54277999
des _NOUN_ _._,53834627
des_DET _NOUN_ _._,53729363
des _ADJ_ _NOUN_,53324008
des_DET _ADJ_ _NOUN_,53323998
_START_ » _PRON_,53224591
den _NOUN_ _ADP_,53100379
den_DET _NOUN_ _ADP_,52990330
_START_ Der _NOUN_,51427958
_START_ Der_DET _NOUN_,51427930
des _NOUN_ _VERB_,50956195
des_DET _NOUN_ _VERB_,50918381
der _NOUN_ .,50501342
der _NOUN_ ._.,50501269
der_DET _NOUN_ .,50432654
der_DET _NOUN_ ._.,50432582
_START_ _ADJ_ _VERB_,49629304
das _ADJ_ _NOUN_,49604340
das_DET _ADJ_ _NOUN_,49439455
von_ADP _DET_ _NOUN_,49063195
von _DET_ _NOUN_,49063195
aus _DET_ _NOUN_,48663028
aus_ADP _DET_ _NOUN_,48663028
und _NOUN_ _ADP_,47324722
und_CONJ _NOUN_ _ADP_,47323663
»_VERB _PRON_ _VERB_,47076466
_START_ _ADJ_ _NOUN_,47017412
Ich _VERB_ _PRON_,45993784
Ich_PRON _VERB_ _PRON_,45872885
sich _ADP_ _DET_,45788928
sich_PRON _ADP_ _DET_,45788851
der _NOUN_ _CONJ_,45723684
der_DET _NOUN_ _CONJ_,45576447
mit _ADJ_ _NOUN_,44924029
mit_ADP _ADJ_ _NOUN_,44923961
den _NOUN_ _DET_,44385397
den_DET _NOUN_ _DET_,44377368
von _NOUN_ _._,43834283
in _ADJ_ _NOUN_,43565987
in_ADP _ADJ_ _NOUN_,43565944
_START_ » _NOUN_,43218872
werden _._ _END_,43171645
werden_VERB _._ _END_,43171645
von_ADP _NOUN_ _._,42556400
_START_ »_NOUN _NOUN_,42372829
einer _ADJ_ _NOUN_,42056320
einer_DET _ADJ_ _NOUN_,42054987
in_ADP den_DET _NOUN_,42036029
in_ADP den _NOUN_,42036029
in den_DET _NOUN_,42036029
in den _NOUN_,42036029
"_START_ "" _PRON_",40932518
der _NOUN_ _ADJ_,40541346
der _NOUN_ der,40493178
der _NOUN_ der_DET,40463909
der_DET _NOUN_ der,40459037
der_DET _NOUN_ _ADJ_,40444515
der_DET _NOUN_ der_DET,40430217
dem _ADJ_ _NOUN_,40320045
werden . _END_,40304893
werden ._. _END_,40300879
werden_VERB . _END_,40300879
werden_VERB ._. _END_,40300879
dem_DET _ADJ_ _NOUN_,40284979
Der _NOUN_ _VERB_,40089095
über _DET_ _NOUN_,40023373
"_VERB_ , die_PRON",40006987
"_VERB_ ,_. die_PRON",40006987
über_ADP _DET_ _NOUN_,39964685
Der_DET _NOUN_ _VERB_,39569297
auf _DET_ _ADJ_,39569098
auf_ADP _DET_ _ADJ_,39568978
und _PRON_ _NOUN_,39019366
und_CONJ _PRON_ _NOUN_,39019324
_START_ _._ _PRON_,38682127
durch _DET_ _NOUN_,38564887
durch_ADP _DET_ _NOUN_,38564863
Die _ADJ_ _NOUN_,38490609
Die_DET _ADJ_ _NOUN_,38490473
das _NOUN_ _ADP_,38437023
die _NOUN_ des,38366819
die _NOUN_ des_DET,38357950
die_DET _NOUN_ des,38349894
die_DET _NOUN_ des_DET,38342295
und_CONJ _DET_ _ADJ_,38243948
und _DET_ _ADJ_,38243948
die _NOUN_ _PRT_,38222391
das_DET _NOUN_ _ADP_,38168452
die_DET _NOUN_ _PRT_,38104397
_START_ _ADV_ _ADV_,38100853
einen _ADJ_ _NOUN_,37653910
einen_DET _ADJ_ _NOUN_,37635145
die _NOUN_ .,37609306
die _NOUN_ ._.,37609289
die_DET _NOUN_ .,37530384
die_DET _NOUN_ ._.,37530368
des _NOUN_ _ADP_,37211138
des_DET _NOUN_ _ADP_,37186822
dem _NOUN_ _VERB_,36953453
dem_DET _NOUN_ _VERB_,36846926
in die _NOUN_,36765519
in_ADP die _NOUN_,36765519
in die_DET _NOUN_,36644003
in_ADP die_DET _NOUN_,36644003
die _NOUN_ _CONJ_,36528363
ist _DET_ _NOUN_,36507434
ist_VERB _DET_ _NOUN_,36507434
die _NOUN_ _ADJ_,36401078
die_DET _NOUN_ _CONJ_,36287752
der _NOUN_ und,36241180
der _NOUN_ und_CONJ,36241150
die_DET _NOUN_ _ADJ_,36173003
der_DET _NOUN_ und,36114388
der_DET _NOUN_ und_CONJ,36114359
das _NOUN_ _VERB_,36090850
sich_PRON _DET_ _NOUN_,36085923
sich _DET_ _NOUN_,36085923
und _VERB_ _ADP_,36013985
und_CONJ _VERB_ _ADP_,36011848
_START_ _NOUN_ _ADP_,35996768
auf die _NOUN_,35960123
auf_ADP die _NOUN_,35960024
auf die_DET _NOUN_,35959163
auf_ADP die_DET _NOUN_,35959064
mit_ADP _DET_ _ADJ_,35908949
mit _DET_ _ADJ_,35908949
das_DET _NOUN_ _VERB_,35873327
die _NOUN_ _ADV_,35156533
dem _NOUN_ _._,34862294
die_DET _NOUN_ _ADV_,34738691
"_VERB_ , _NOUN_",34655134
"_VERB_ ,_. _NOUN_",34655134
dem_DET _NOUN_ _._,34649302
einem _ADJ_ _NOUN_,34539950
einem_DET _ADJ_ _NOUN_,34539943
_START_ _PRON_ ist_VERB,34446045
_START_ _PRON_ ist,34446045
_START_ _NUM_ _NOUN_,34441961
in _NOUN_ _._,34404418
in_ADP _NOUN_ _._,34404416
"und _NOUN_ ,",34314870
"und _NOUN_ ,_.",34314870
"und_CONJ _NOUN_ ,_.",34312873
"und_CONJ _NOUN_ ,",34312873
eine _NOUN_ _ADP_,34029729
eine_DET _NOUN_ _ADP_,34028667
für die _NOUN_,33968667
für_ADP die _NOUN_,33968667
_START_ _PRON_ war,33950341
_START_ _PRON_ war_VERB,33949943
für die_DET _NOUN_,33946757
für_ADP die_DET _NOUN_,33946757
_START_ _NOUN_ _CONJ_,33917782
im_ADP _ADJ_ _NOUN_,33664153
im _ADJ_ _NOUN_,33664153
und _VERB_ _._,33533376
und_CONJ _VERB_ _._,33524569
"_START_ ""_. _PRON_",33428844
das _NOUN_ _._,33404783
ein _NOUN_ _._,33364768
ein_DET _NOUN_ _._,33361292
der _NOUN_ _ADV_,33348830
das_DET _NOUN_ _._,33279718
im _NOUN_ _._,33279582
im_ADP _NOUN_ _._,33279465
der_DET _NOUN_ _ADV_,33227497
die _NOUN_ _NOUN_,32940078
_VERB_ . _._,32722612
_VERB_ ._. _._,32722608
in _NOUN_ _VERB_,32517262
in_ADP _NOUN_ _VERB_,32517257
und_CONJ die _NOUN_,32466325
und die _NOUN_,32466325
und_CONJ die_DET _NOUN_,32464379
und die_DET _NOUN_,32464379
im _NOUN_ _VERB_,32408754
im_ADP _NOUN_ _VERB_,32408479
_START_ Die _ADJ_,32388850
_START_ Die_DET _ADJ_,32388850
« _NOUN_ _NOUN_,32326936
« _NOUN_ _VERB_,32154513
und _VERB_ _DET_,32139811
und_CONJ _VERB_ _DET_,32138521
_START_ _CONJ_ _ADV_,32117689
«_NOUN _NOUN_ _NOUN_,32077498
ist _._ _END_,32042020
ist_VERB _._ _END_,32042020
«_NOUN _NOUN_ _VERB_,32004099
Sie _VERB_ _PRON_,31865812
Sie_PRON _VERB_ _PRON_,31865812
» _NOUN_ _NOUN_,31864908
die_DET _NOUN_ _NOUN_,31683058
im _NOUN_ _DET_,31596603
im_ADP _NOUN_ _DET_,31596570
"_VERB_ ,_. wie",31535661
"_VERB_ , wie",31535661
S. _NUM_ _._,31478209
S._NOUN _NUM_ _._,31453180
dass _PRON_ _PRON_,31449640
zu _VERB_ _VERB_,31403930
zu_PRT _VERB_ _VERB_,31388115
?_. _._ _END_,31381545
? _._ _END_,31381545
dass_CONJ _PRON_ _PRON_,31271764
der _NOUN_ _PRT_,31221048
_START_ _CONJ_ _DET_,31211822
der_DET _NOUN_ _PRT_,31191396
_START_ »_VERB _PRON_,31043070
ein _NOUN_ _ADP_,30981901
ein_DET _NOUN_ _ADP_,30977266
_START_ _ADP_ _ADJ_,30894877
die _NOUN_ und,30826179
die _NOUN_ und_CONJ,30826174
und _NOUN_ _NOUN_,30796477
und_CONJ _NOUN_ _NOUN_,30730801
die_DET _NOUN_ und,30618925
die_DET _NOUN_ und_CONJ,30618920
"_VERB_ . """,30591320
"_VERB_ ._. ""_.",30591320
"_VERB_ . ""_.",30591320
"_VERB_ ._. """,30591320
auf _PRON_ _NOUN_,30541185
auf_ADP _PRON_ _NOUN_,30540690
von _NOUN_ _NOUN_,30499985
"den _NOUN_ ,",30485435
"den _NOUN_ ,_.",30485435
"den_DET _NOUN_ ,_.",30461107
"den_DET _NOUN_ ,",30461107
das _NOUN_ _DET_,30435071
das_DET _NOUN_ _DET_,30363126
"_VERB_ ,_. wenn_CONJ",30264846
"_VERB_ ,_. wenn",30264846
"_VERB_ , wenn",30264846
"_VERB_ , wenn_CONJ",30264846
die _NOUN_ _PRON_,30210009
bei _DET_ _NOUN_,30148529
bei_ADP _DET_ _NOUN_,30148529
"_VERB_ , wie_PRON",30133878
"_VERB_ ,_. wie_PRON",30133878
"_VERB_ , _ADJ_",30130583
"_VERB_ ,_. _ADJ_",30130583
der _NOUN_ des,30124557
der _NOUN_ des_DET,30110152
der_DET _NOUN_ des,30105363
der_DET _NOUN_ des_DET,30092391
von _NOUN_ _VERB_,30089865
von_ADP _NOUN_ _NOUN_,30072900
die_DET _NOUN_ _PRON_,30014576
"_._ ,_. _VERB_",29812005
"_._ , _VERB_",29812005
mit _PRON_ _NOUN_,29652403
mit_ADP _PRON_ _NOUN_,29652172
von_ADP _NOUN_ _VERB_,29626829
_START_ _ADP_ der,29359114
von _NOUN_ _ADP_,29253448
"? "" _END_",29239369
"?_. "" _END_",29239063
"?_. ""_. _END_",29239063
"? ""_. _END_",29239063
» _NOUN_ _._,29167349
_START_ _NOUN_ _NUM_,29084859
_START_ Das _VERB_,29004376
_START_ Das_PRON _VERB_,28999330
"_START_ "" _NOUN_",28967617
von_ADP _NOUN_ _ADP_,28956806
"_VERB_ ,_. um",28928300
"_VERB_ , um",28928300
_START_ _ADP_ der_DET,28898281
mit_ADP dem _NOUN_,28833466
mit dem _NOUN_,28833466
und _NOUN_ .,28805697
und _NOUN_ ._.,28805445
und_CONJ _NOUN_ .,28804919
und_CONJ _NOUN_ ._.,28804667
"_VERB_ ,_. um_CONJ",28787539
"_VERB_ , um_CONJ",28787539
mit_ADP dem_DET _NOUN_,28715017
mit dem_DET _NOUN_,28715017
_START_ Das _NOUN_,28684226
_START_ Das_DET _NOUN_,28684185
ist . _END_,28656709
ist_VERB . _END_,28654736
ist ._. _END_,28654736
ist_VERB ._. _END_,28654736
dass _DET_ _NOUN_,28415247
"_VERB_ , daß_CONJ",28405255
"_VERB_ ,_. daß_CONJ",28405255
"_VERB_ ,_. daß",28405255
"_VERB_ , daß",28405255
Er _VERB_ _PRON_,28287415
Er_PRON _VERB_ _PRON_,28285950
um _DET_ _NOUN_,27940395
dem _NOUN_ _DET_,27812283
eine _NOUN_ _._,27806646
eine_DET _NOUN_ _._,27804092
den _NOUN_ .,27762205
den _NOUN_ ._.,27762182
den_DET _NOUN_ .,27757687
den_DET _NOUN_ ._.,27757664
_START_ « _PRON_,27731989
dem_DET _NOUN_ _DET_,27712990
im _NOUN_ _ADP_,27569788
im_ADP _NOUN_ _ADP_,27569747
dass_CONJ _DET_ _NOUN_,27191221
_VERB_ !_. _END_,27181986
_VERB_ ! _END_,27181986
für_ADP _DET_ _ADJ_,26968752
für _DET_ _ADJ_,26968752
»_NOUN _NOUN_ _._,26918993
« _PRON_ _VERB_,26652146
Die _NOUN_ _DET_,26593159
Die_DET _NOUN_ _DET_,26590279
und _NOUN_ _DET_,26588688
und_CONJ _NOUN_ _DET_,26587890
von _NOUN_ _CONJ_,26488297
_START_ _X_ _PRON_,26479223
von_ADP _NOUN_ _CONJ_,26299532
und _ADP_ _DET_,26148825
und_CONJ _ADP_ _DET_,26147925
"_VERB_ , was",26105415
"_VERB_ ,_. was",26105415
"_VERB_ , was_PRON",26104906
"_VERB_ ,_. was_PRON",26104906
der _NOUN_ _PRON_,25823695
der_DET _NOUN_ _PRON_,25772612
»_NOUN _NOUN_ _NOUN_,25741341
nach _DET_ _NOUN_,25632503
nach_ADP _DET_ _NOUN_,25632253
die _NOUN_ von,25587596
die _NOUN_ von_ADP,25568707
die_DET _NOUN_ von,25518786
die_DET _NOUN_ von_ADP,25509480
sie_PRON _VERB_ _._,25469425
sie _VERB_ _._,25469425
sich _ADP_ _NOUN_,25420151
sich_PRON _ADP_ _NOUN_,25420141
"_._ ,_. _NOUN_",25365836
"_._ , _NOUN_",25365836
werden_VERB _VERB_ _._,25241147
werden _VERB_ _._,25241147
auf den _NOUN_,25177872
auf den_DET _NOUN_,25177872
auf_ADP den_DET _NOUN_,25177845
auf_ADP den _NOUN_,25177845
zu _VERB_ _CONJ_,25036077
zu_PRT _VERB_ _CONJ_,25012815
war _._ _END_,24939827
war_VERB _._ _END_,24930383
wie _DET_ _NOUN_,24879937
_X_ und_CONJ _NOUN_,24775931
_X_ und _NOUN_,24775931
zu _DET_ _NOUN_,24730753
dem _NOUN_ _ADP_,24708995
zu_ADP _DET_ _NOUN_,24702123
dem_DET _NOUN_ _ADP_,24593161
eine _NOUN_ _VERB_,24383699
eine_DET _NOUN_ _VERB_,24381463
"nicht _VERB_ ,_.",24379956
"nicht _VERB_ ,",24379956
"nicht_PRT _VERB_ ,_.",24379956
"nicht_PRT _VERB_ ,",24379956
mit_ADP der _NOUN_,24133454
mit der _NOUN_,24133454
von der _NOUN_,24118353
von_ADP der _NOUN_,24118353
von_ADP der_DET _NOUN_,24115932
von der_DET _NOUN_,24115932
mit_ADP der_DET _NOUN_,24084822
mit der_DET _NOUN_,24084822
sich _ADP_ _PRON_,23997066
sich_PRON _ADP_ _PRON_,23997048
ein _NOUN_ _VERB_,23981982
ein_DET _NOUN_ _VERB_,23977773
» Ich _VERB_,23953937
» Ich_PRON _VERB_,23946746
« » _PRON_,23896204
«_NOUN » _PRON_,23894478
und _VERB_ _ADV_,23815271
und_CONJ _VERB_ _ADV_,23814468
_START_ _VERB_ Sie,23768188
_START_ _VERB_ Sie_PRON,23768188
an _._ _END_,23737944
an_PRT _._ _END_,23737309
»_VERB Ich_PRON _VERB_,23732545
»_VERB Ich _VERB_,23732545
von _ADJ_ _NOUN_,23674327
von_ADP _ADJ_ _NOUN_,23673653
auch _DET_ _NOUN_,23507964
auch_ADV _DET_ _NOUN_,23507964
« » _NOUN_,23428505
«_NOUN » _NOUN_,23428127
« »_NOUN _NOUN_,23425152
«_NOUN »_NOUN _NOUN_,23425027
_START_ _._ _NOUN_,23368220
nicht_PRT _VERB_ .,23344299
nicht _VERB_ ._.,23344299
nicht _VERB_ .,23344299
nicht_PRT _VERB_ ._.,23344299
und _ADP_ _NOUN_,23320089
und_CONJ _ADP_ _NOUN_,23319100
war . _END_,23249897
war ._. _END_,23249300
war_VERB ._. _END_,23241012
war_VERB . _END_,23241012
"_VERB_ , aber",23167247
"_VERB_ ,_. aber",23167247
"_VERB_ , aber_CONJ",23146983
"_VERB_ ,_. aber_CONJ",23146983
Ich _VERB_ _ADV_,23091610
"_VERB_ ,_. als",23067403
"_VERB_ , als",23067403
_START_ _ADV_ _ADP_,23044213
Ich_PRON _VERB_ _ADV_,23027637
hatte_VERB _._ _END_,22895378
hatte _._ _END_,22895378
_START_ _NOUN_ _DET_,22851938
die _ADP_ _DET_,22808774
des _NOUN_ _NOUN_,22779515
von _NOUN_ und,22702977
von _NOUN_ und_CONJ,22702963
des_DET _NOUN_ _NOUN_,22571827
von_ADP _NOUN_ und,22536911
von_ADP _NOUN_ und_CONJ,22536909
an _PRON_ _NOUN_,22399784
an_ADP _PRON_ _NOUN_,22399725
_START_ _ADV_ _DET_,22398474
«_VERB _PRON_ _VERB_,22337267
"des _NOUN_ ,",22281728
"des _NOUN_ ,_.",22281728
aus_ADP dem _NOUN_,22267745
aus dem _NOUN_,22267745
"des_DET _NOUN_ ,_.",22235361
"des_DET _NOUN_ ,",22235361
nicht _._ _END_,22211146
nicht_PRT _._ _END_,22211146
aus dem_DET _NOUN_,22209100
aus_ADP dem_DET _NOUN_,22209100
als _ADJ_ _NOUN_,22182826
an . _END_,22132486
an_PRT . _END_,22131830
an ._. _END_,22131830
an_PRT ._. _END_,22131830
_START_ _PRON_ _ADJ_,22080552
den _NOUN_ _PRT_,22055971
_START_ _NUM_ _._,22053840
den_DET _NOUN_ _PRT_,22039919
nicht_PRT _VERB_ _VERB_,22002445
nicht _VERB_ _VERB_,22002445
auf_ADP dem _NOUN_,21982211
auf dem _NOUN_,21982211
auf_ADP dem_DET _NOUN_,21981527
auf dem_DET _NOUN_,21981527
sein _._ _END_,21820476
sein_VERB _._ _END_,21819567
der _NOUN_ von,21746180
der _NOUN_ von_ADP,21711732
der_DET _NOUN_ von,21688140
"von _NOUN_ ,",21666155
"von _NOUN_ ,_.",21666155
der_DET _NOUN_ von_ADP,21658196
_START_ « _._,21643108
_START_ «_NOUN _._,21643108
hatte . _END_,21592873
hatte ._. _END_,21592394
hatte_VERB ._. _END_,21592394
hatte_VERB . _END_,21592394
in der _ADJ_,21538728
in_ADP der _ADJ_,21538728
in_ADP der_DET _ADJ_,21535821
in der_DET _ADJ_,21535821
und_CONJ der _NOUN_,21319742
und der _NOUN_,21319742
und der_DET _NOUN_,21318307
und_CONJ der_DET _NOUN_,21318307
_START_ _VERB_ Ich,21303448
_START_ _VERB_ Ich_PRON,21303433
den _NOUN_ der,21249253
den_DET _NOUN_ der,21246657
den _NOUN_ der_DET,21235273
den_DET _NOUN_ der_DET,21232698
"_VERB_ ,_. so",21178009
"_VERB_ , so",21178009
"_VERB_ ,_. so_ADV",21174933
"_VERB_ , so_ADV",21174933
_START_ Wir _VERB_,21160108
_START_ Wir_PRON _VERB_,21160108
_START_ «_VERB _PRON_,21098398
"von_ADP _NOUN_ ,_.",21023449
"von_ADP _NOUN_ ,",21023449
"_VERB_ ,_. als_CONJ",20941631
"_VERB_ , als_CONJ",20941631
als_ADP _ADJ_ _NOUN_,20803574
ich _VERB_ _PRON_,20764853
ich_PRON _VERB_ _PRON_,20764853
"_VERB_ , die_DET",20541055
"_VERB_ ,_. die_DET",20541055
er_PRON _DET_ _NOUN_,20506900
er _DET_ _NOUN_,20506900
"_VERB_ ,_. das",20462434
"_VERB_ , das",20462434
sie_PRON _ADP_ _DET_,20408102
sie _ADP_ _DET_,20408102
zu _VERB_ und_CONJ,20241681
zu _VERB_ und,20241681
von _DET_ _ADJ_,20229834
von_ADP _DET_ _ADJ_,20229834
zu_PRT _VERB_ und_CONJ,20224311
zu_PRT _VERB_ und,20224311
_START_ _._ _VERB_,20221596
_START_ «_NOUN _VERB_,20219262
_START_ « _VERB_,20219262
den _NOUN_ _CONJ_,20070359
_START_ _ADV_ _ADJ_,20053376
den_DET _NOUN_ _CONJ_,20050272
sich _VERB_ _._,20020779
sich_PRON _VERB_ _._,20019972
Es _VERB_ _ADV_,19893377
die _ADJ_ _ADJ_,19889467
Es_PRON _VERB_ _ADV_,19844257
Die _NOUN_ _ADP_,19721312
Die_DET _NOUN_ _ADP_,19711349
in _NOUN_ _ADP_,19678379
in_ADP _NOUN_ _ADP_,19678378
"_VERB_ , der",19630345
"_VERB_ ,_. der",19630345
Das _NOUN_ _VERB_,19564949
Es _VERB_ _PRON_,19558669
aber _PRON_ _VERB_,19556407
der _ADJ_ _ADJ_,19551825
Es_PRON _VERB_ _PRON_,19511443
und _ADV_ _VERB_,19439198
und_CONJ _ADV_ _VERB_,19439189
Das_DET _NOUN_ _VERB_,19432814
über die _NOUN_,19430259
über_ADP die _NOUN_,19426999
dann _VERB_ _PRON_,19425597
dann_ADV _VERB_ _PRON_,19425597
über die_DET _NOUN_,19413245
über_ADP die_DET _NOUN_,19409985
einen _NOUN_ _ADP_,19355565
an der _NOUN_,19304049
an_ADP der _NOUN_,19304049
an_ADP der_DET _NOUN_,19302434
an der_DET _NOUN_,19302434
ich _VERB_ _._,19302123
ich_PRON _VERB_ _._,19302123
und _VERB_ sich,19288606
und _VERB_ sich_PRON,19288606
und_CONJ _VERB_ sich_PRON,19288473
und_CONJ _VERB_ sich,19288473
einen_DET _NOUN_ _ADP_,19224679
auf der _NOUN_,19168919
auf_ADP der _NOUN_,19168919
auf der_DET _NOUN_,19168089
auf_ADP der_DET _NOUN_,19168089
von _PRON_ _NOUN_,19160478
von_ADP _PRON_ _NOUN_,19159985
die _PRON_ _ADP_,19150716
die _ADP_ _NOUN_,19098649
der_DET _ADJ_ _ADJ_,19094740
durch_ADP die _NOUN_,19008589
durch die _NOUN_,19008589
durch die_DET _NOUN_,18996580
durch_ADP die_DET _NOUN_,18996580
aber_CONJ _PRON_ _VERB_,18959767
sich _ADV_ _ADP_,18958104
sich_PRON _ADV_ _ADP_,18958104
so _VERB_ _PRON_,18905914
so_ADV _VERB_ _PRON_,18905914
« _VERB_ _PRON_,18875255
«_NOUN _VERB_ _PRON_,18864171
der _NOUN_ in,18863358
der _NOUN_ in_ADP,18861727
_START_ In_ADP _DET_,18847725
_START_ In _DET_,18847725
der_DET _NOUN_ in,18826085
der_DET _NOUN_ in_ADP,18824477
sie _DET_ _NOUN_,18745000
sie_PRON _DET_ _NOUN_,18745000
vor _DET_ _NOUN_,18700586
vor_ADP _DET_ _NOUN_,18699004
"_START_ « ,",18687601
"_START_ « ,_.",18687405
"_START_ «_NOUN ,_.",18687405
"_START_ «_NOUN ,",18687405
zu _PRON_ _NOUN_,18651395
die_DET _ADJ_ _ADJ_,18644296
die _NOUN_ in,18609445
die _NOUN_ in_ADP,18606522
in _NOUN_ _NOUN_,18494251
« _._ sagte,18463404
« _._ sagte_VERB,18463404
in_ADP _NOUN_ _NOUN_,18446126
"« , sagte",18441151
"« ,_. sagte_VERB",18440958
"« ,_. sagte",18440958
"« , sagte_VERB",18440958
«_NOUN _._ sagte,18439245
«_NOUN _._ sagte_VERB,18439245
die_DET _NOUN_ in,18430802
die_DET _NOUN_ in_ADP,18427917
"«_NOUN ,_. sagte_VERB",18416853
"«_NOUN , sagte_VERB",18416853
"«_NOUN , sagte",18416853
"«_NOUN ,_. sagte",18416853
sein . _END_,18382243
sein_VERB ._. _END_,18381344
sein ._. _END_,18381344
sein_VERB . _END_,18381344
_START_ _X_ _X_,18310426
können _._ _END_,18240187
können_VERB _._ _END_,18240187
für _PRON_ _NOUN_,18044813
für_ADP _PRON_ _NOUN_,18044811
ist _DET_ _ADJ_,18038460
ist_VERB _DET_ _ADJ_,18038460
die _DET_ _NOUN_,18032148
"_VERB_ "" _._",17996321
und _ADP_ _PRON_,17984208
und_CONJ _ADP_ _PRON_,17981856
Sie _VERB_ _ADV_,17901682
Sie_PRON _VERB_ _ADV_,17901682
nicht . _END_,17854396
nicht ._. _END_,17854052
nicht_PRT ._. _END_,17854052
nicht_PRT . _END_,17854052
zu_ADP _PRON_ _NOUN_,17853395
zu _DET_ _ADJ_,17813739
zu_ADP _DET_ _ADJ_,17801972
"_VERB_ ""_. _._",17747559
_START_ _NOUN_ :_.,17651832
_START_ _NOUN_ :,17651832
» _NOUN_ «,17623374
» _NOUN_ «_NOUN,17585626
die_PRON _ADP_ _DET_,17582219
die _NOUN_ zu,17564104
die_PRON _PRON_ _ADP_,17561252
"ein _NOUN_ ,",17543806
"ein _NOUN_ ,_.",17543806
"ein_DET _NOUN_ ,_.",17542418
"ein_DET _NOUN_ ,",17542418
den _NOUN_ _NOUN_,17518853
die_PRON _DET_ _NOUN_,17509806
die_DET _NOUN_ zu,17497004
_START_ Im _NOUN_,17495034
_START_ Im_ADP _NOUN_,17495034
bei_ADP der _NOUN_,17440433
bei der _NOUN_,17440433
um_ADP _DET_ _NOUN_,17437232
den_DET _NOUN_ _NOUN_,17421581
bei der_DET _NOUN_,17420519
bei_ADP der_DET _NOUN_,17420519
den _NOUN_ und,17405256
den _NOUN_ und_CONJ,17405227
den_DET _NOUN_ und,17387544
den_DET _NOUN_ und_CONJ,17387515
Der _ADJ_ _NOUN_,17368563
Der_DET _ADJ_ _NOUN_,17368039
"dem _NOUN_ ,",17354832
"dem _NOUN_ ,_.",17354832
wenn _PRON_ _PRON_,17339570
wenn_CONJ _PRON_ _PRON_,17339547
wie_CONJ _DET_ _NOUN_,17277557
aus_ADP der _NOUN_,17233663
aus der _NOUN_,17233663
nicht_PRT _ADP_ _DET_,17231622
nicht _ADP_ _DET_,17231622
aus_ADP der_DET _NOUN_,17229390
aus der_DET _NOUN_,17229390
"dem_DET _NOUN_ ,",17216698
"dem_DET _NOUN_ ,_.",17216698
Und _PRON_ _VERB_,17199426
Und_CONJ _PRON_ _VERB_,17196920
wird _._ _END_,17193134
wird_VERB _._ _END_,17193134
an _DET_ _ADJ_,17151089
an_ADP _DET_ _ADJ_,17151050
_START_ _PRON_ hatte,17120644
_START_ _PRON_ hatte_VERB,17120644
des _NOUN_ .,17049444
des _NOUN_ ._.,17049391
des_DET _NOUN_ .,17026988
des_DET _NOUN_ ._.,17026941
in den _ADJ_,16984280
in den_DET _ADJ_,16984280
in_ADP den _ADJ_,16984280
in_ADP den_DET _ADJ_,16984280
haben_VERB _._ _END_,16912654
haben _._ _END_,16912654
_START_ _NOUN_ .,16885255
_START_ _NOUN_ ._.,16884683
als _DET_ _NOUN_,16850173
nicht_PRT _ADV_ _ADJ_,16811581
nicht _ADV_ _ADJ_,16811581
"das _NOUN_ ,",16780949
"das _NOUN_ ,_.",16780949
können . _END_,16780158
können_VERB . _END_,16778890
können ._. _END_,16778890
können_VERB ._. _END_,16778890
nicht _ADJ_ _._,16770059
nicht_PRT _ADJ_ _._,16770057
_START_ _ADV_ _PRON_,16768662
"_VERB_ , ist",16732791
"_VERB_ , ist_VERB",16732791
"_VERB_ ,_. ist",16732791
"_VERB_ ,_. ist_VERB",16732791
"das_DET _NOUN_ ,_.",16710083
"das_DET _NOUN_ ,",16710083
dieser _NOUN_ _VERB_,16706663
dieser_PRON _NOUN_ _VERB_,16706663
zu _ADJ_ _NOUN_,16703594
_START_ »_X _PRON_,16697477
Das _VERB_ _PRON_,16669253
_START_ _CONJ_ _NOUN_,16617677
Aber _PRON_ _VERB_,16571591
Aber_CONJ _PRON_ _VERB_,16520114
einen _NOUN_ _VERB_,16476715
nicht_PRT _ADP_ _NOUN_,16398353
nicht _ADP_ _NOUN_,16398353
auf _ADJ_ _NOUN_,16363042
auf_ADP _ADJ_ _NOUN_,16362981
_VERB_ ( _NOUN_,16349706
_VERB_ (_. _NOUN_,16348661
einen_DET _NOUN_ _VERB_,16328412
_START_ Und_CONJ _PRON_,16303476
_START_ Und _PRON_,16303476
nicht _ADV_ _VERB_,16295349
nicht_PRT _ADV_ _VERB_,16295349
sind_VERB _._ _END_,16232291
sind _._ _END_,16232291
zum_ADP _NOUN_ _VERB_,16227313
zum _NOUN_ _VERB_,16227313
» _NOUN_ _VERB_,16227087
Das_PRON _VERB_ _PRON_,16199152
auf _._ _END_,16197652
auf_PRT _._ _END_,16197351
dass _PRON_ _ADV_,16177649
und _ADJ_ _VERB_,16155634
und_CONJ _ADJ_ _VERB_,16155632
der _NOUN_ -,16154279
wird . _END_,16105049
wird ._. _END_,16103693
wird_VERB ._. _END_,16103693
wird_VERB . _END_,16103693
_START_ _NOUN_ und,16090169
_START_ _NOUN_ und_CONJ,16090162
dass_CONJ _PRON_ _ADV_,16081999
der_DET _NOUN_ -,16080699
es _VERB_ _._,16030521
es_PRON _VERB_ _._,16030512
einer _NOUN_ _ADP_,16027920
einer_DET _NOUN_ _ADP_,16027250
sich_PRON die _NOUN_,16014640
sich die _NOUN_,16014640
sich die_DET _NOUN_,16014584
sich_PRON die_DET _NOUN_,16014584
der _NOUN_ -_NOUN,15986201
_START_ _ADP_ den,15983608
mit_ADP _NOUN_ _._,15958506
mit _NOUN_ _._,15958506
und _ADJ_ _._,15948711
und_CONJ _ADJ_ _._,15948709
nicht _ADJ_ _VERB_,15914824
nicht_PRT _ADJ_ _VERB_,15914177
der_DET _NOUN_ -_NOUN,15913179
_START_ _ADP_ den_DET,15911355
er _VERB_ _._,15911152
er_PRON _VERB_ _._,15911108
in _PRON_ _ADJ_,15894163
in_ADP _PRON_ _ADJ_,15893815
zur _NOUN_ _DET_,15865443
zur_ADP _NOUN_ _DET_,15865441
_START_ » Ich,15856332
_START_ »_VERB Ich_PRON,15856062
_START_ » Ich_PRON,15856062
_START_ »_VERB Ich,15856062
zur _NOUN_ _VERB_,15809146
zur_ADP _NOUN_ _VERB_,15809069
"und _VERB_ ,_.",15731904
"und _VERB_ ,",15731904
"und_CONJ _VERB_ ,",15727543
"und_CONJ _VERB_ ,_.",15727543
» _VERB_ _PRON_,15716133
Dann _VERB_ _PRON_,15688770
Dann_ADV _VERB_ _PRON_,15688770
_START_ Wenn_CONJ _PRON_,15683997
_START_ Wenn _PRON_,15683997
sie _ADP_ _NOUN_,15669232
sie_PRON _ADP_ _NOUN_,15669232
auch _ADP_ _DET_,15631300
auch_ADV _ADP_ _DET_,15631300
und _VERB_ _ADJ_,15619182
und_CONJ _VERB_ _ADJ_,15617857
_START_ Dann _VERB_,15610638
_START_ Dann_ADV _VERB_,15610638
_START_ Aber _PRON_,15607763
_START_ Aber_CONJ _PRON_,15607763
der _NOUN_ zu,15515573
der_DET _NOUN_ zu,15500137
den _NOUN_ _ADJ_,15456885
den_DET _NOUN_ _ADJ_,15436876
In _DET_ _NOUN_,15432837
"_START_ ""_NOUN _NOUN_",15413640
nicht_PRT _ADV_ _ADP_,15389585
nicht _ADV_ _ADP_,15389585
In_ADP _DET_ _NOUN_,15385764
mit _NOUN_ _VERB_,15360819
mit_ADP _NOUN_ _VERB_,15360819
»_NOUN _NOUN_ _VERB_,15358697
Ich _VERB_ _._,15329871
durch _DET_ _ADJ_,15297505
durch_ADP _DET_ _ADJ_,15297479
Sie_PRON _VERB_ _DET_,15280374
Sie _VERB_ _DET_,15280374
Die _NOUN_ der,15243693
Die_DET _NOUN_ der,15242265
Die _NOUN_ der_DET,15235166
Die_DET _NOUN_ der_DET,15233750
Ich_PRON _VERB_ _._,15224653
zum_ADP _NOUN_ _._,15147040
zum _NOUN_ _._,15147040
auf . _END_,15101459
auf_PRT . _END_,15101086
auf_PRT ._. _END_,15101086
auf ._. _END_,15101086
einer _NOUN_ _VERB_,15093053
einer_DET _NOUN_ _VERB_,15092623
Er _VERB_ _DET_,14973802
Er_PRON _VERB_ _DET_,14972806
sind . _END_,14954456
sind ._. _END_,14953372
sind_VERB ._. _END_,14953372
sind_VERB . _END_,14953372
"» _NOUN_ ,",14946369
"» _NOUN_ ,_.",14946369
zur _NOUN_ _._,14929081
zur_ADP _NOUN_ _._,14928902
dass _PRON_ _NOUN_,14872012
mit den_DET _NOUN_,14859457
mit den _NOUN_,14859457
mit_ADP den_DET _NOUN_,14859457
mit_ADP den _NOUN_,14859457
hat_VERB _._ _END_,14857798
hat _._ _END_,14857798
"eine _NOUN_ ,",14814453
"eine _NOUN_ ,_.",14814453
"eine_DET _NOUN_ ,",14812813
"eine_DET _NOUN_ ,_.",14812813
dass _PRON_ _ADP_,14783989
unter _DET_ _NOUN_,14771992
als _NOUN_ _VERB_,14763380
haben . _END_,14740438
haben ._. _END_,14739301
haben_VERB . _END_,14739301
haben_VERB ._. _END_,14739301
war _DET_ _NOUN_,14718906
war_VERB _DET_ _NOUN_,14718906
unter_ADP _DET_ _NOUN_,14698650
dass_CONJ _PRON_ _ADP_,14689623
als _NOUN_ _ADP_,14655933
und _NOUN_ _ADJ_,14572232
und_CONJ _NOUN_ _ADJ_,14571759
im _NOUN_ der,14570168
im_ADP _NOUN_ der,14570154
nur_ADV _DET_ _NOUN_,14566300
nur _DET_ _NOUN_,14566300
im _NOUN_ der_DET,14561805
im_ADP _NOUN_ der_DET,14561791
und _PRON_ _ADJ_,14560671
und_CONJ _PRON_ _ADJ_,14560659
§ _NUM_ _NOUN_,14469672
_START_ _PRON_ _PRON_,14434155
dass_CONJ _PRON_ _NOUN_,14422918
_START_ So _VERB_,14402991
_START_ So_ADV _VERB_,14402991
"_VERB_ , der_PRON",14395807
"_VERB_ ,_. der_PRON",14395807
einen _NOUN_ _._,14376516
dass die _NOUN_,14366019
dass die_DET _NOUN_,14365724
_START_ _CONJ_ die,14332971
des _NOUN_ _CONJ_,14270385
des_DET _NOUN_ _CONJ_,14258355
einen_DET _NOUN_ _._,14255879
"_VERB_ , in",14250457
"_VERB_ ,_. in",14250457
"_VERB_ ,_. das_PRON",14245505
"_VERB_ , das_PRON",14245505
"_VERB_ , in_ADP",14244592
"_VERB_ ,_. in_ADP",14244592
_START_ Der _ADJ_,14213465
_START_ Der_DET _ADJ_,14213465
_START_ _CONJ_ ich,14209752
_START_ _CONJ_ ich_PRON,14209752
das _NOUN_ der,14164557
Sie_PRON _VERB_ _ADP_,14163567
Sie _VERB_ _ADP_,14163567
das _NOUN_ der_DET,14154679
das_DET _NOUN_ der,14134709
das_DET _NOUN_ der_DET,14124882
er_PRON _ADP_ _DET_,14051199
er _ADP_ _DET_,14051199
"in _NOUN_ ,",14032676
"in _NOUN_ ,_.",14032676
"in_ADP _NOUN_ ,_.",14032675
"in_ADP _NOUN_ ,",14032675
auch _ADP_ _NOUN_,14007557
auch_ADV _ADP_ _NOUN_,14007557
aus _._ _END_,14002108
aus_PRT _._ _END_,14001604
als_ADP _NOUN_ _VERB_,13973945
einer _NOUN_ _._,13970854
einer_DET _NOUN_ _._,13970237
den _NOUN_ des,13957944
den_DET _NOUN_ des,13957154
den _NOUN_ des_DET,13952933
den_DET _NOUN_ des_DET,13952244
dass _PRON_ _DET_,13938880
seine _NOUN_ _VERB_,13900732
seine_PRON _NOUN_ _VERB_,13897245
werden_VERB _VERB_ ._.,13886178
werden _VERB_ .,13886178
werden _VERB_ ._.,13886178
werden_VERB _VERB_ .,13886178
_START_ _CONJ_ die_DET,13867628
als_ADP _NOUN_ _ADP_,13827806
die _PRON_ _NOUN_,13821346
dass_CONJ die _NOUN_,13790723
dass_CONJ die_DET _NOUN_,13790432
kann_VERB _._ _END_,13777169
kann _._ _END_,13777169
dass_CONJ _PRON_ _DET_,13716010
an den _NOUN_,13705190
an den_DET _NOUN_,13705190
an_ADP den _NOUN_,13705190
an_ADP den_DET _NOUN_,13705190
"_VERB_ , sondern_CONJ",13663287
"_VERB_ , sondern",13663287
"_VERB_ ,_. sondern",13663287
"_VERB_ ,_. sondern_CONJ",13663287
zu _NOUN_ _._,13661244
zu_ADP _NOUN_ _._,13660594
_START_ _CONJ_ _ADP_,13660252
"»_NOUN _NOUN_ ,",13649518
"»_NOUN _NOUN_ ,_.",13649518
[ _NUM_ _._,13638102
_START_ _._ _END_,13551152
über _DET_ _ADJ_,13460236
oder _ADJ_ _NOUN_,13459180
oder_CONJ _ADJ_ _NOUN_,13459123
über_ADP _DET_ _ADJ_,13451110
was _PRON_ _VERB_,13441828
was_PRON _PRON_ _VERB_,13441745
einem _NOUN_ _ADP_,13386311
einem_DET _NOUN_ _ADP_,13385696
diesem _NOUN_ _VERB_,13380135
diesem_PRON _NOUN_ _VERB_,13380135
einem _NOUN_ _VERB_,13319048
einem_DET _NOUN_ _VERB_,13318002
so _ADJ_ _._,13313081
so_ADV _ADJ_ _._,13313081
dem _NOUN_ _NOUN_,13295530
[ _NUM_ ],13277407
für_ADP den_DET _NOUN_,13277117
für_ADP den _NOUN_,13277117
für den_DET _NOUN_,13277117
für den _NOUN_,13277117
an die _NOUN_,13255424
an_ADP die _NOUN_,13255424
an die_DET _NOUN_,13254783
an_ADP die_DET _NOUN_,13254783
so _ADJ_ _VERB_,13235480
so_ADV _ADJ_ _VERB_,13235480
für_ADP _ADJ_ _NOUN_,13228427
für _ADJ_ _NOUN_,13228427
_START_ » _ADV_,13214215
»_X _PRON_ _VERB_,13188093
ihre_PRON _NOUN_ _VERB_,13181816
ihre _NOUN_ _VERB_,13181816
das _VERB_ _PRON_,13178810
das_PRON _VERB_ _PRON_,13178471
_START_ _CONJ_ er,13128826
_START_ _CONJ_ er_PRON,13128542
die _NOUN_ zu_PRT,13124695
_START_ In _PRON_,13114388
_START_ In_ADP _PRON_,13114356
hat . _END_,13107448
hat_VERB ._. _END_,13106181
hat ._. _END_,13106181
hat_VERB . _END_,13106181
_START_ »_ADV _ADV_,13094937
die_DET _NOUN_ zu_PRT,13085588
_START_ _ADP_ dem,13055267
und _ADV_ _ADP_,13054841
und_CONJ _ADV_ _ADP_,13054821
oder_CONJ _DET_ _NOUN_,13036064
oder _DET_ _NOUN_,13036064
_START_ Ein _NOUN_,13006253
_START_ Ein_DET _NOUN_,13006253
sein _VERB_ _._,13002905
sein_VERB _VERB_ _._,12986958
dem_DET _NOUN_ _NOUN_,12962649
In _PRON_ _NOUN_,12938981
Was _VERB_ _PRON_,12919638
Was_PRON _VERB_ _PRON_,12914512
im _NOUN_ .,12901885
im _NOUN_ ._.,12901874
im_ADP _NOUN_ .,12901856
im_ADP _NOUN_ ._.,12901845
In_ADP _PRON_ _NOUN_,12899278
die_PRON _ADP_ _NOUN_,12895028
sie _ADP_ _PRON_,12855605
sie_PRON _ADP_ _PRON_,12855605
kann . _END_,12821836
kann ._. _END_,12820619
kann_VERB ._. _END_,12820619
kann_VERB . _END_,12820619
"sie_PRON _VERB_ ,_.",12819024
"sie _VERB_ ,_.",12819024
"sie _VERB_ ,",12819024
"sie_PRON _VERB_ ,",12819024
ist_VERB die _NOUN_,12814757
ist die _NOUN_,12814757
ist_VERB die_DET _NOUN_,12814702
ist die_DET _NOUN_,12814702
als_CONJ _DET_ _NOUN_,12814352
ich _DET_ _NOUN_,12811748
ich_PRON _DET_ _NOUN_,12811748
_START_ Diese _NOUN_,12795569
_START_ Diese_PRON _NOUN_,12795569
Er _VERB_ _ADV_,12788250
Er_PRON _VERB_ _ADV_,12787338
zum _ADJ_ _NOUN_,12787102
zum_ADP _ADJ_ _NOUN_,12787102
[ _NUM_ ]_.,12775326
ist_VERB _ADJ_ _._,12770746
ist _ADJ_ _._,12770746
»_NOUN _NOUN_ «,12753615
am _ADJ_ _NOUN_,12747676
"_START_ , _VERB_",12747340
"_START_ ,_. _VERB_",12747340
»_NOUN _NOUN_ «_NOUN,12737936
und _PRON_ _PRON_,12734819
und_CONJ _PRON_ _PRON_,12734819
eines _ADJ_ _NOUN_,12712606
eines_DET _ADJ_ _NOUN_,12711800
den _NOUN_ _ADV_,12692371
"_._ "" _NOUN_",12685877
« »_VERB _PRON_,12663660
«_NOUN »_VERB _PRON_,12663659
wie _PRON_ _PRON_,12645556
den_DET _NOUN_ _ADV_,12635242
sich_PRON _ADV_ _ADV_,12604026
sich _ADV_ _ADV_,12604026
aus . _END_,12580768
aus_PRT ._. _END_,12580207
aus ._. _END_,12580207
aus_PRT . _END_,12580207
_START_ _ADP_ dem_DET,12558534
ich_PRON _PRON_ _ADV_,12556133
ich _PRON_ _ADV_,12556133
am_ADP _ADJ_ _NOUN_,12555672
eine _NOUN_ _DET_,12549618
eine_DET _NOUN_ _DET_,12549305
» _CONJ_ _PRON_,12547751
er _VERB_ _PRON_,12519158
er_PRON _VERB_ _PRON_,12519155
_START_ _CONJ_ sie_PRON,12471333
_START_ _CONJ_ sie,12471333
"Ich _VERB_ ,_.",12447205
"Ich _VERB_ ,",12447205
Diese_PRON _NOUN_ _VERB_,12445925
Diese _NOUN_ _VERB_,12445925
sie _VERB_ _PRON_,12439966
sie_PRON _VERB_ _PRON_,12439966
_VERB_ : _NOUN_,12426424
_VERB_ :_. _NOUN_,12426424
aus_ADP _DET_ _ADJ_,12405879
aus _DET_ _ADJ_,12405879
"Ich_PRON _VERB_ ,_.",12392865
"Ich_PRON _VERB_ ,",12392865
Ein _ADJ_ _NOUN_,12389248
Ich _VERB_ _DET_,12369177
Ein_DET _ADJ_ _NOUN_,12344956
Ich_PRON _VERB_ _DET_,12324849
Die _NOUN_ _._,12271140
ich _PRON_ _VERB_,12269737
ich_PRON _PRON_ _VERB_,12269737
sich _DET_ _ADJ_,12257412
sich_PRON _DET_ _ADJ_,12257401
und _NOUN_ der,12250519
und_CONJ _NOUN_ der,12250299
und _NOUN_ der_DET,12243039
und_CONJ _NOUN_ der_DET,12242835
Die_DET _NOUN_ _._,12234752
zu _NOUN_ _VERB_,12210462
zu_ADP _NOUN_ _VERB_,12210095
"im _NOUN_ ,_.",12204601
"im _NOUN_ ,",12204601
"im_ADP _NOUN_ ,_.",12204569
"im_ADP _NOUN_ ,",12204569
_START_ _X_ _._,12160390
ist _._ _CONJ_,12148936
ist_VERB _._ _CONJ_,12148936
"ich _VERB_ ,",12133966
"ich _VERB_ ,_.",12133966
"ich_PRON _VERB_ ,",12133966
"ich_PRON _VERB_ ,_.",12133966
_START_ Und_CONJ _ADV_,12125633
_START_ Und _ADV_,12125633
und _ADJ_ _ADJ_,12122316
und_CONJ _ADJ_ _ADJ_,12122301
_START_ _._ Ich,12080913
_START_ _._ Ich_PRON,12080775
es_PRON _ADP_ _DET_,12069267
es _ADP_ _DET_,12069267
des _NOUN_ _DET_,12053214
des_DET _NOUN_ _DET_,12048987
_START_ _NOUN_ »_VERB,12024296
nach _NOUN_ _._,12011380
nach_ADP _NOUN_ _._,12011151
_START_ «_NOUN »_VERB,12006407
_START_ « »_VERB,12006407
bei_ADP _ADJ_ _NOUN_,12006023
bei _ADJ_ _NOUN_,12006023
es _ADV_ _ADV_,11997237
es_PRON _ADV_ _ADV_,11997237
das _NOUN_ _NOUN_,11994771
um die _NOUN_,11979386
um die_DET _NOUN_,11975385
__ __ __,11956623
"_VERB_ ,_. weil",11928551
"_VERB_ , weil",11928551
"_VERB_ , weil_CONJ",11928551
"_VERB_ ,_. weil_CONJ",11928551
diese _NOUN_ _VERB_,11928226
diese_PRON _NOUN_ _VERB_,11928226
er _PRON_ _ADP_,11920139
er_PRON _PRON_ _ADP_,11920127
zu_ADP _ADJ_ _NOUN_,11893898
für_ADP _NOUN_ _._,11889958
für _NOUN_ _._,11889958
die _PRON_ _VERB_,11871486
"_._ "" _PRON_",11849166
in _NOUN_ .,11836729
in_ADP _NOUN_ .,11836728
in _NOUN_ ._.,11836596
in_ADP _NOUN_ ._.,11836595
als _NOUN_ _._,11820393
_START_ _NOUN_ _ADV_,11804453
« _NOUN_ _PRON_,11796271
«_NOUN _NOUN_ _PRON_,11782952
dem _NOUN_ der,11771594
dem _NOUN_ der_DET,11763188
dem_DET _NOUN_ der,11740076
dem_DET _NOUN_ der_DET,11731744
Er _VERB_ _ADP_,11727449
Er_PRON _VERB_ _ADP_,11726510
und _PRON_ _ADP_,11671706
und_CONJ _PRON_ _ADP_,11671706
_START_ _PRON_ _ADV_,11638301
"ist_VERB , _CONJ_",11616850
"ist ,_. _CONJ_",11616850
"ist , _CONJ_",11616850
"ist_VERB ,_. _CONJ_",11616850
im _NOUN_ _NOUN_,11610426
im_ADP _NOUN_ _NOUN_,11609587
_START_ » _VERB_,11595765
eine _ADJ_ _ADJ_,11592087
eine_DET _ADJ_ _ADJ_,11590347
das _NOUN_ _ADV_,11587997
das_DET _NOUN_ _NOUN_,11570930
_START_ _ADV_ _CONJ_,11568025
werden _._ _CONJ_,11562706
werden_VERB _._ _CONJ_,11562706
einem _NOUN_ _._,11548463
einem_DET _NOUN_ _._,11547566
keine _NOUN_ _._,11527075
keine_PRON _NOUN_ _._,11527075
als _VERB_ _PRON_,11507146
als_CONJ _VERB_ _PRON_,11490114
und _VERB_ die,11486139
und_CONJ _VERB_ die,11485811
"_VERB_ ,_. _PRT_",11480375
"_VERB_ , _PRT_",11480375
daß _DET_ _NOUN_,11464362
daß_CONJ _DET_ _NOUN_,11464362
_START_ _NOUN_ _PRON_,11458415
mit_ADP _NOUN_ _ADP_,11450945
mit _NOUN_ _ADP_,11450945
das_DET _NOUN_ _ADV_,11443725
und _VERB_ die_DET,11438471
und_CONJ _VERB_ die_DET,11438145
_START_ Ein _ADJ_,11433925
_START_ Ein_DET _ADJ_,11433925
für die _ADJ_,11426318
für_ADP die _ADJ_,11426318
für die_DET _ADJ_,11424577
für_ADP die_DET _ADJ_,11424577
die _PRON_ _ADV_,11404678
"_START_ "" Ich",11381556
"_START_ ""_. Ich",11381094
"_START_ "" Ich_PRON",11381094
"_START_ ""_. Ich_PRON",11381094
wird _DET_ _NOUN_,11370607
wird_VERB _DET_ _NOUN_,11370607
aus _PRON_ _NOUN_,11327968
aus_ADP _PRON_ _NOUN_,11327937
den _NOUN_ zu,11303919
den_DET _NOUN_ zu,11295710
»_NOUN _VERB_ _PRON_,11282387
das _NOUN_ _PRT_,11276210
von_ADP den_DET _NOUN_,11272405
von den _NOUN_,11272405
von den_DET _NOUN_,11272405
von_ADP den _NOUN_,11272405
Es _VERB_ _DET_,11249392
mit einem _NOUN_,11244459
mit_ADP einem _NOUN_,11244459
mit einem_DET _NOUN_,11244449
mit_ADP einem_DET _NOUN_,11244449
wenn _DET_ _NOUN_,11240032
wenn_CONJ _DET_ _NOUN_,11236747
« »_NOUN _PRON_,11230684
«_NOUN »_NOUN _PRON_,11230631
das_DET _NOUN_ _PRT_,11229202
"werden ,_. _CONJ_",11220001
"werden_VERB ,_. _CONJ_",11220001
"werden , _CONJ_",11220001
"werden_VERB , _CONJ_",11220001
auf die _ADJ_,11216872
auf_ADP die _ADJ_,11216831
auf die_DET _ADJ_,11215494
auf_ADP die_DET _ADJ_,11215453
Es_PRON _VERB_ _DET_,11206446
auch _DET_ _ADJ_,11197594
auch_ADV _DET_ _ADJ_,11197594
zu _._ _END_,11179823
zu_PRT _._ _END_,11179766
"_._ ,_. _PRON_",11131132
"_._ , _PRON_",11131132
sie _PRON_ _ADP_,11127371
sie_PRON _PRON_ _ADP_,11127371
und _ADV_ _ADV_,11126518
und_CONJ _ADV_ _ADV_,11126500
und_CONJ ich_PRON _VERB_,11122359
und_CONJ ich _VERB_,11122359
und ich_PRON _VERB_,11122359
und ich _VERB_,11122359
der _NOUN_ zu_PRT,11084644
der_DET _NOUN_ zu_PRT,11078487
ein _._ _END_,11071839
nach _NOUN_ _VERB_,11067795
nach_ADP _NOUN_ _VERB_,11067766
von _PRON_ _VERB_,11056862
von_ADP _PRON_ _VERB_,11056794
_START_ Es war,11038611
_START_ Es_PRON war,11038251
_START_ Es_PRON war_VERB,11038249
_START_ Es war_VERB,11038249
Das _ADJ_ _NOUN_,11037103
Das_DET _ADJ_ _NOUN_,11033976
"_VERB_ , da",11019518
"_VERB_ ,_. da",11019518
wie_PRON _PRON_ _PRON_,10999393
die _NOUN_ auf,10993754
_START_ _._ _NUM_,10993153
_START_ _ADJ_ _._,10990487
ist_VERB _PRON_ _ADV_,10969714
ist _PRON_ _ADV_,10969714
und_CONJ die _ADJ_,10965458
und die _ADJ_,10965458
und die_DET _ADJ_,10963737
und_CONJ die_DET _ADJ_,10963737
_START_ Als _PRON_,10962632
des _NOUN_ und_CONJ,10959321
des _NOUN_ und,10959321
des_DET _NOUN_ und_CONJ,10949497
des_DET _NOUN_ und,10949497
die_DET _NOUN_ auf,10943295
sie_PRON _PRON_ _VERB_,10924489
sie _PRON_ _VERB_,10924489
und _NOUN_ _PRT_,10917425
und_CONJ _NOUN_ _PRT_,10917015
in _NOUN_ _CONJ_,10908903
in_ADP _NOUN_ _CONJ_,10908903
und _VERB_ ._.,10895208
und _VERB_ .,10895208
sie_PRON _ADV_ _ADV_,10894745
sie _ADV_ _ADV_,10894745
ein_PRT _._ _END_,10894325
und_CONJ _VERB_ .,10892452
und_CONJ _VERB_ ._.,10892452
und _NOUN_ _CONJ_,10891868
und_CONJ _NOUN_ _CONJ_,10891362
der _DET_ _NOUN_,10886959
Sie_PRON _VERB_ _._,10873247
Sie _VERB_ _._,10873247
er _ADP_ _NOUN_,10831717
er_PRON _ADP_ _NOUN_,10831647
und _ADP_ _ADJ_,10827300
und_CONJ _ADP_ _ADJ_,10827124
_START_ _VERB_ _DET_,10820296
_START_ _NOUN_ _ADJ_,10815046
ist_VERB _ADV_ _ADJ_,10789150
ist _ADV_ _ADJ_,10789150
als_ADP _NOUN_ _._,10779989
er _PRON_ _NOUN_,10764401
er_PRON _PRON_ _NOUN_,10764233
_VERB_ :_. _._,10759889
_VERB_ : _._,10759889
in _PRON_ _PRON_,10745584
in_ADP _PRON_ _PRON_,10745554
Sie_PRON _VERB_ sich_PRON,10722244
Sie_PRON _VERB_ sich,10722244
Sie _VERB_ sich_PRON,10722244
Sie _VERB_ sich,10722244
dem _NOUN_ .,10712772
dem _NOUN_ ._.,10712767
um _DET_ _ADJ_,10704230
_X_ the_X _X_,10699819
_START_ Man _VERB_,10692739
_START_ Man_PRON _VERB_,10692739
Ich _VERB_ _ADP_,10682341
dem_DET _NOUN_ .,10681110
dem_DET _NOUN_ ._.,10681105
S. _NUM_ ),10666449
S. _NUM_ )_.,10666193
_START_ Als_CONJ _PRON_,10651518
S._NOUN _NUM_ ),10650570
S._NOUN _NUM_ )_.,10650314
in_ADP diesem _NOUN_,10636557
in_ADP diesem_PRON _NOUN_,10636557
in diesem_PRON _NOUN_,10636557
in diesem _NOUN_,10636557
Ich_PRON _VERB_ _ADP_,10634565
"sich _VERB_ ,",10629976
"sich _VERB_ ,_.",10629976
"sich_PRON _VERB_ ,_.",10629571
"sich_PRON _VERB_ ,",10629571
oder _NOUN_ _._,10627003
zur _ADJ_ _NOUN_,10625584
zur_ADP _ADJ_ _NOUN_,10625580
oder_CONJ _NOUN_ _._,10620072
_START_ Es ist,10619834
_START_ Es ist_VERB,10618920
_START_ Es_PRON ist,10618920
_START_ Es_PRON ist_VERB,10618920
ein _PRON_ _NOUN_,10616905
ein_DET _PRON_ _NOUN_,10611601
auch_ADV die _NOUN_,10608096
auch die _NOUN_,10608096
auch die_DET _NOUN_,10607891
auch_ADV die_DET _NOUN_,10607891
zu . _END_,10605188
zu_PRT . _END_,10604953
zu_PRT ._. _END_,10604953
zu ._. _END_,10604953
"_VERB_ , war",10582284
"_VERB_ ,_. war",10582284
"_VERB_ , war_VERB",10580003
"_VERB_ ,_. war_VERB",10580003
"_VERB_ ,_. dann",10519375
"_VERB_ ,_. dann_ADV",10519375
"_VERB_ , dann",10519375
"_VERB_ , dann_ADV",10519375
um_CONJ _DET_ _NOUN_,10503163
nicht_PRT _._ _CONJ_,10489696
nicht _._ _CONJ_,10489696
über _PRON_ _NOUN_,10477575
ist_VERB _._ _VERB_,10469907
ist _._ _VERB_,10469907
ist_VERB _ADV_ _ADV_,10447281
ist _ADV_ _ADV_,10447281
als _NOUN_ _DET_,10441928
über_ADP _PRON_ _NOUN_,10424278
Das _VERB_ _ADV_,10416529
nach dem _NOUN_,10405740
nach_ADP dem _NOUN_,10405624
der_PRON _DET_ _NOUN_,10404316
nach dem_DET _NOUN_,10391986
nach_ADP dem_DET _NOUN_,10391870
nicht_PRT _DET_ _NOUN_,10389725
nicht _DET_ _NOUN_,10389725
war _PRON_ _ADV_,10381664
war_VERB _PRON_ _ADV_,10381649
Das_PRON _VERB_ _ADV_,10378672
den _NOUN_ _PRON_,10355341
ein . _END_,10346290
ein ._. _END_,10345718
er _PRON_ _VERB_,10335560
er_PRON _PRON_ _VERB_,10335536
sich _PRON_ _NOUN_,10335162
sich_PRON _PRON_ _NOUN_,10335160
aus _ADJ_ _NOUN_,10334088
aus_ADP _ADJ_ _NOUN_,10334048
er _PRON_ _ADV_,10333539
er_PRON _PRON_ _ADV_,10333520
den_DET _NOUN_ _PRON_,10325273
sich _ADP_ _ADJ_,10320951
sich_PRON _ADP_ _ADJ_,10320941
_START_ _DET_ _PRON_,10318308
_START_ _ADV_ _NOUN_,10304330
» _DET_ _NOUN_,10295278
seine _NOUN_ _._,10292657
seine_PRON _NOUN_ _._,10289289
» _ADV_ _VERB_,10261260
von _NUM_ _NOUN_,10249973
von_ADP _NUM_ _NOUN_,10249973
der _ADP_ _DET_,10239343
Eine_DET _ADJ_ _NOUN_,10215863
Eine _ADJ_ _NOUN_,10215863
mit_ADP _NOUN_ _CONJ_,10209448
mit _NOUN_ _CONJ_,10209448
bei _PRON_ _NOUN_,10208262
bei_ADP _PRON_ _NOUN_,10208252
"nicht ,_. _CONJ_",10204439
"nicht , _CONJ_",10204439
"nicht_PRT ,_. _CONJ_",10204439
"nicht_PRT , _CONJ_",10204439
_START_ _VERB_ Er,10191871
_START_ _VERB_ Er_PRON,10191856
ein_PRT ._. _END_,10175688
ein_PRT . _END_,10175688
gegen _DET_ _NOUN_,10172822
gegen_ADP _DET_ _NOUN_,10172822
sie_PRON _PRON_ _ADV_,10166764
sie _PRON_ _ADV_,10166764
ich _VERB_ _ADV_,10156848
ich_PRON _VERB_ _ADV_,10156848
die_PRON _PRON_ _ADV_,10153851
und _ADV_ _ADJ_,10153181
und_CONJ _ADV_ _ADJ_,10153137
"_._ ""_. _PRON_",10152960
ein _ADJ_ _ADJ_,10146405
ein_DET _ADJ_ _ADJ_,10145083
das _NOUN_ _ADJ_,10110271
ab _._ _END_,10106670
seine_PRON _ADJ_ _NOUN_,10101792
seine _ADJ_ _NOUN_,10101792
_START_ _PRON_ kann,10096514
_START_ _PRON_ kann_VERB,10096514
durch _ADJ_ _NOUN_,10084405
durch_ADP _ADJ_ _NOUN_,10083269
im _NOUN_ _ADJ_,10075956
im_ADP _NOUN_ _ADJ_,10075936
von _NOUN_ .,10073188
von _NOUN_ ._.,10073003
mit _PRON_ _ADJ_,10065048
mit_ADP _PRON_ _ADJ_,10063687
_START_ _CONJ_ _VERB_,10054711
das_DET _NOUN_ _ADJ_,10042174
seine _NOUN_ _ADP_,10024546
seine_PRON _NOUN_ _ADP_,10022116
"ist_VERB ,_. _VERB_",10017503
"ist , _VERB_",10017503
"ist ,_. _VERB_",10017503
"ist_VERB , _VERB_",10017503
_START_ Du_PRON _VERB_,10015262
_START_ Du _VERB_,10015262
der _NOUN_ ist_VERB,10010220
der _NOUN_ ist,10010220
Wir _VERB_ _PRON_,10008994
das _NOUN_ .,10005531
das _NOUN_ ._.,10005526
_START_ Eine _NOUN_,10002166
_START_ Eine_DET _NOUN_,10002165
als_ADP _NOUN_ _DET_,9999708
zu sein _._,9993203
zu sein_VERB _._,9993163
zu_PRT sein_VERB _._,9993163
zu_PRT sein _._,9993163
das_DET _NOUN_ .,9993127
das_DET _NOUN_ ._.,9993125
die _PRON_ _ADJ_,9992937
"_VERB_ "" ,_.",9982816
"_VERB_ "" ,",9982816
und _PRON_ _ADV_,9975873
und_CONJ _PRON_ _ADV_,9975873
_START_ » _CONJ_,9967855
der_DET _NOUN_ ist,9967515
der_DET _NOUN_ ist_VERB,9967515
Wir_PRON _VERB_ _PRON_,9965286
die _ADP_ _PRON_,9959783
sie_PRON _ADV_ _ADP_,9958892
sie _ADV_ _ADP_,9958892
"_VERB_ , ob",9948090
"_VERB_ ,_. ob_CONJ",9948090
"_VERB_ ,_. ob",9948090
"_VERB_ , ob_CONJ",9948090
ihre _ADJ_ _NOUN_,9941079
ihre_PRON _ADJ_ _NOUN_,9941079
sie _PRON_ _NOUN_,9926904
sie_PRON _PRON_ _NOUN_,9926904
sie _._ _END_,9921128
sie_PRON _._ _END_,9921128
_START_ Das _ADJ_,9919616
nur_ADV _ADP_ _DET_,9916104
nur _ADP_ _DET_,9916104
_START_ Das_DET _ADJ_,9913885
es _VERB_ _PRON_,9913870
es_PRON _VERB_ _PRON_,9913870
S. _NUM_ .,9902582
S. _NUM_ ._.,9902577
S._NOUN _NUM_ .,9901236
S._NOUN _NUM_ ._.,9901231
_START_ _ADV_ _._,9896572
die_PRON _PRON_ _VERB_,9877419
er _ADP_ _PRON_,9877054
er_PRON _ADP_ _PRON_,9877048
als _DET_ _ADJ_,9876911
§_NOUN _NUM_ _NOUN_,9875761
_START_ In der,9862358
_START_ In_ADP der,9861815
von_ADP _NOUN_ .,9854574
von_ADP _NOUN_ ._.,9854392
mich_PRON _VERB_ _._,9846076
mich _VERB_ _._,9846076
ab_PRT _._ _END_,9843513
sie_PRON _VERB_ _VERB_,9811892
sie _VERB_ _VERB_,9811892
"_VERB_ ""_. ,_.",9804143
"_VERB_ ""_. ,",9804143
_START_ _VERB_ _VERB_,9792416
ein _NOUN_ .,9787076
ein _NOUN_ ._.,9787068
ein_DET _NOUN_ .,9785772
ein_DET _NOUN_ ._.,9785764
_START_ In der_DET,9783707
_START_ In_ADP der_DET,9783707
des _NOUN_ _ADJ_,9755033
die _NOUN_ mit,9751374
des_DET _NOUN_ _ADJ_,9744402
der _NOUN_ auf,9734549
über den_DET _NOUN_,9723217
über den _NOUN_,9723217
"_START_ "" _ADV_",9722312
über_ADP den _NOUN_,9721660
über_ADP den_DET _NOUN_,9721660
der_DET _NOUN_ auf,9719318
sich _ADP_ der,9706927
sich_PRON _ADP_ der,9706893
mir _VERB_ _._,9697363
um _PRON_ _NOUN_,9696734
sich _ADP_ den,9694279
sich_PRON _ADP_ den,9694271
es_PRON _VERB_ _ADV_,9686208
es _VERB_ _ADV_,9686208
sich _ADP_ den_DET,9671418
sich_PRON _ADP_ den_DET,9671410
die_DET _NOUN_ mit,9671325
nicht _ADV_ _._,9666598
nicht_PRT _ADV_ _._,9666598
der _ADP_ _NOUN_,9661473
in_ADP einem _NOUN_,9642287
in einem _NOUN_,9642287
in einem_DET _NOUN_,9642286
in_ADP einem_DET _NOUN_,9642286
_START_ _CONJ_ _CONJ_,9637619
sich _ADP_ der_DET,9627552
sich_PRON _ADP_ der_DET,9627518
_START_ Was_PRON _VERB_,9626180
_START_ Was _VERB_,9626180
_START_ Dies _VERB_,9604285
_START_ Dies_PRON _VERB_,9604285
_START_ _ADV_ ist,9601262
_START_ _ADV_ ist_VERB,9601262
der _NOUN_ (,9591677
der _NOUN_ (_.,9588100
dem _NOUN_ _PRT_,9582373
noch _DET_ _NOUN_,9580990
nicht_PRT _ADP_ _PRON_,9579805
nicht _ADP_ _PRON_,9579805
ich_PRON _ADV_ _ADV_,9572952
ich _ADV_ _ADV_,9572952
der_DET _NOUN_ (,9572098
der_DET _NOUN_ (_.,9568521
die _NOUN_ mit_ADP,9552100
dem_DET _NOUN_ _PRT_,9550998
und _VERB_ _VERB_,9546729
und_CONJ _VERB_ _VERB_,9543737
keine_PRON _ADJ_ _NOUN_,9536177
keine _ADJ_ _NOUN_,9536177
in _._ _NOUN_,9535317
nicht_PRT _PRT_ _._,9532611
nicht _PRT_ _._,9532611
"_._ ,_. _CONJ_",9526126
"_._ , _CONJ_",9526126
ab . _END_,9520768
ab ._. _END_,9520332
_START_ _PRON_ hat,9518379
_START_ _PRON_ hat_VERB,9518379
in_ADP _._ _NOUN_,9510509
ihre_PRON _NOUN_ _ADP_,9504436
ihre _NOUN_ _ADP_,9504436
sie _VERB_ .,9494684
sie _VERB_ ._.,9494684
sie_PRON _VERB_ .,9494684
sie_PRON _VERB_ ._.,9494684
die_DET _NOUN_ mit_ADP,9472771
_START_ _X_ Das,9467080
mir_PRON _VERB_ _._,9450142
_START_ _PRON_ _ADP_,9447735
wie _DET_ _ADJ_,9447667
ihn_PRON _VERB_ _._,9447033
ihn _VERB_ _._,9447033
war _DET_ _ADJ_,9434904
war_VERB _DET_ _ADJ_,9434904
im _NOUN_ _NUM_,9395323
im_ADP _NOUN_ _NUM_,9395296
In der _NOUN_,9393899
» _PRON_ ist,9393555
» _PRON_ ist_VERB,9393555
_START_ _X_ Das_PRON,9391857
In der_DET _NOUN_,9387605
der _NOUN_ mit,9379668
und _NOUN_ _ADV_,9368151
und_CONJ _NOUN_ _ADV_,9367631
am _NOUN_ _VERB_,9366412
In_ADP der _NOUN_,9365244
am_ADP _NOUN_ _VERB_,9364431
es_PRON _ADP_ _NOUN_,9362473
es _ADP_ _NOUN_,9362473
ihre_PRON _NOUN_ _._,9362279
ihre _NOUN_ _._,9362279
In_ADP der_DET _NOUN_,9358953
der_DET _NOUN_ mit,9356761
the _X_ _X_,9355738
the_X _X_ _X_,9348803
_START_ _PRON_ habe,9348099
_START_ _PRON_ habe_VERB,9348094
in :_. _NOUN_,9344605
in : _NOUN_,9344605
mit _PRON_ _VERB_,9335772
nach _DET_ _ADJ_,9334398
nach_ADP _DET_ _ADJ_,9334312
mit_ADP _PRON_ _VERB_,9331652
in_ADP : _NOUN_,9330384
in_ADP :_. _NOUN_,9330384
war _._ _VERB_,9326347
war_VERB _._ _VERB_,9320899
seiner_PRON _NOUN_ _VERB_,9303313
seiner _NOUN_ _VERB_,9303313
sich _PRT_ _._,9288418
sich_PRON _PRT_ _._,9288417
das _VERB_ _._,9278285
das_PRON _VERB_ _._,9276904
Er _VERB_ sich,9275765
Er _VERB_ sich_PRON,9275765
Er_PRON _VERB_ sich,9275390
Er_PRON _VERB_ sich_PRON,9275390
ab_PRT ._. _END_,9267519
ab_PRT . _END_,9267519
noch_ADV _DET_ _NOUN_,9265276
lassen_VERB _._ _END_,9260886
lassen _._ _END_,9260886
"er _VERB_ ,",9255033
"er _VERB_ ,_.",9255033
"er_PRON _VERB_ ,",9255011
"er_PRON _VERB_ ,_.",9255011
ist _ADV_ _DET_,9244968
ist_VERB _ADV_ _DET_,9244968
"_VERB_ ,_. denn",9239710
"_VERB_ , denn",9239710
"_VERB_ , denn_CONJ",9239710
"_VERB_ ,_. denn_CONJ",9239710
_START_ Eine_DET _ADJ_,9235883
_START_ Eine _ADJ_,9235883
des _NOUN_ _PRT_,9233805
des_DET _NOUN_ _PRT_,9229115
_START_ _PRON_ wird_VERB,9221749
_START_ _PRON_ wird,9221749
am _NOUN_ _._,9220700
zur _NOUN_ _ADP_,9220455
zur_ADP _NOUN_ _ADP_,9220420
am_ADP _NOUN_ _._,9218691
_START_ « _DET_,9212551
_START_ «_NOUN _DET_,9212551
der _NOUN_ mit_ADP,9204338
_VERB_ :_. _PRON_,9192505
_VERB_ : _PRON_,9192505
wurde_VERB _._ _END_,9182776
wurde _._ _END_,9182776
der_DET _NOUN_ mit_ADP,9181663
So _VERB_ _PRON_,9176042
So_ADV _VERB_ _PRON_,9176042
und_CONJ das _NOUN_,9162471
und das _NOUN_,9162471
und_CONJ das_DET _NOUN_,9162031
und das_DET _NOUN_,9162031
_START_ _PRON_ sind_VERB,9147241
_START_ _PRON_ sind,9147241
"war ,_. _VERB_",9142098
"war , _VERB_",9142098
"war_VERB , _VERB_",9137179
"war_VERB ,_. _VERB_",9137179
und _CONJ_ _PRON_,9121579
und_CONJ _CONJ_ _PRON_,9121554
ein _NOUN_ _DET_,9118720
ein_DET _NOUN_ _DET_,9117373
"_START_ "" _VERB_",9108354
und den _NOUN_,9095488
und_CONJ den _NOUN_,9095488
und_CONJ den_DET _NOUN_,9095211
und den_DET _NOUN_,9095211
» Das _VERB_,9090122
sich _ADJ_ _ADP_,9074888
sich_PRON _ADJ_ _ADP_,9074888
zwischen _NOUN_ _CONJ_,9073246
zwischen_ADP _NOUN_ _CONJ_,9072763
Ich _VERB_ _PRT_,9063081
in_ADP _NOUN_ und_CONJ,9054920
in_ADP _NOUN_ und,9054920
in _NOUN_ und_CONJ,9054920
in _NOUN_ und,9054920
die _NOUN_ -,9048789
Ich_PRON _VERB_ _PRT_,9039284
zum_ADP _NOUN_ _DET_,9035036
zum _NOUN_ _DET_,9035036
_START_ _ADP_ die,9024039
"_VERB_ , den",9020813
"_VERB_ ,_. den",9020813
ihm_PRON _VERB_ _._,9013759
ihm _VERB_ _._,9013759
"es _VERB_ ,_.",9009725
"es _VERB_ ,",9009725
"es_PRON _VERB_ ,_.",9009718
"es_PRON _VERB_ ,",9009718
"_VERB_ , sie_PRON",9006007
"_VERB_ ,_. sie_PRON",9006007
"_VERB_ , sie",9006007
"_VERB_ ,_. sie",9006007
sie . _END_,8991884
sie_PRON . _END_,8991717
sie ._. _END_,8991717
sie_PRON ._. _END_,8991717
sie _ADV_ _VERB_,8980520
sie_PRON _ADV_ _VERB_,8980520
» _ADJ_ _NOUN_,8979070
ist_VERB _PRON_ _NOUN_,8978674
ist _PRON_ _NOUN_,8978674
zwischen _NOUN_ und,8972266
zwischen _NOUN_ und_CONJ,8972263
zwischen_ADP _NOUN_ und,8971785
zwischen_ADP _NOUN_ und_CONJ,8971782
es_PRON _DET_ _NOUN_,8947954
es _DET_ _NOUN_,8947954
die _NOUN_ -_NOUN,8944929
den _NOUN_ zu_PRT,8943890
den_DET _NOUN_ zu_PRT,8938105
den _ADJ_ _ADJ_,8936561
und_CONJ _PRON_ _DET_,8934444
und _PRON_ _DET_,8934444
die_DET _NOUN_ -,8929474
war_VERB _ADJ_ _._,8928498
war _ADJ_ _._,8928498
auf _NOUN_ _._,8927241
auf_ADP _NOUN_ _._,8927216
dem _NOUN_ _CONJ_,8913478
den_DET _ADJ_ _ADJ_,8900404
Ich _VERB_ mich_PRON,8898522
Ich _VERB_ mich,8898522
_START_ _ADP_ die_DET,8883610
Ich_PRON _VERB_ mich_PRON,8879593
Ich_PRON _VERB_ mich,8879593
_._ ) _END_,8878835
_._ )_. _END_,8878835
durch_ADP den _NOUN_,8877209
durch_ADP den_DET _NOUN_,8877209
durch den_DET _NOUN_,8877209
durch den _NOUN_,8877209
bei _DET_ _ADJ_,8876039
bei_ADP _DET_ _ADJ_,8876039
Die _NOUN_ des,8874443
Die_DET _NOUN_ des,8873701
Die _NOUN_ des_DET,8871302
Die_DET _NOUN_ des_DET,8870849
und _NOUN_ in,8865119
und_CONJ _NOUN_ in,8864878
und _NOUN_ in_ADP,8864231
und_CONJ _NOUN_ in_ADP,8864001
Es _VERB_ _ADJ_,8836655
dem_DET _NOUN_ _CONJ_,8830985
die_DET _NOUN_ -_NOUN,8826735
Es_PRON _VERB_ _ADJ_,8815817
mit einem _ADJ_,8809574
mit einem_DET _ADJ_,8809574
mit_ADP einem _ADJ_,8809574
mit_ADP einem_DET _ADJ_,8809574
mit _NOUN_ _NOUN_,8808477
Sie _VERB_ _ADJ_,8807177
Sie_PRON _VERB_ _ADJ_,8807177
mit_ADP _NOUN_ _NOUN_,8805396
daß _PRON_ _PRON_,8795173
daß_CONJ _PRON_ _PRON_,8795173
nach _PRON_ _NOUN_,8794683
nach_ADP _PRON_ _NOUN_,8794533
wenn _PRON_ _ADP_,8792747
wenn_CONJ _PRON_ _ADP_,8792736
_START_ _PRT_ _._,8786441
"so_ADV _ADJ_ ,_.",8778373
"so_ADV _ADJ_ ,",8778373
"so _ADJ_ ,",8778373
"so _ADJ_ ,_.",8778373
_START_ Dabei _VERB_,8766101
_START_ Dabei_PRON _VERB_,8766101
denn _PRON_ _VERB_,8763685
hatte _._ _VERB_,8757824
hatte_VERB _._ _VERB_,8757824
auf das _NOUN_,8747196
auf_ADP das _NOUN_,8747177
auf das_DET _NOUN_,8746973
auf_ADP das_DET _NOUN_,8746954
ist _ADP_ _DET_,8742876
ist_VERB _ADP_ _DET_,8742876
_VERB_ : »,8728795
wurde . _END_,8727020
wurde ._. _END_,8726529
wurde_VERB ._. _END_,8726529
wurde_VERB . _END_,8726529
konnte _._ _END_,8713536
konnte_VERB _._ _END_,8713536
» Das_PRON _VERB_,8710515
sich_PRON in_ADP _DET_,8707033
sich in _DET_,8707033
sich_PRON in _DET_,8707033
sich in_ADP _DET_,8707033
"_VERB_ ,_. mit",8706745
"_VERB_ , mit",8706745
die _NOUN_ auf_ADP,8688847
"_VERB_ , mit_ADP",8687237
"_VERB_ ,_. mit_ADP",8687237
nicht _ADV_ _DET_,8681892
nicht_PRT _ADV_ _DET_,8681892
zurück _._ _END_,8678687
die _ADV_ _ADJ_,8677832
_START_ _CONJ_ es_PRON,8662188
_START_ _CONJ_ es,8662188
zurück_PRT _._ _END_,8646637
die_DET _NOUN_ auf_ADP,8638688
"hatte , _VERB_",8625211
"hatte_VERB ,_. _VERB_",8625211
"hatte ,_. _VERB_",8625211
"hatte_VERB , _VERB_",8625211
das _NOUN_ des,8623528
_START_ _NOUN_ Und,8619556
_START_ _CONJ_ das,8617987
das _NOUN_ des_DET,8617955
das_DET _NOUN_ des,8608092
ich _PRON_ _ADP_,8604879
ich_PRON _PRON_ _ADP_,8604879
das_DET _NOUN_ des_DET,8603180
mit_ADP _NOUN_ und_CONJ,8601295
mit _NOUN_ und_CONJ,8601295
mit_ADP _NOUN_ und,8601295
mit _NOUN_ und,8601295
"_VERB_ :_. """,8591514
"_VERB_ : """,8591514
"_VERB_ : ""_.",8591362
"_VERB_ :_. ""_.",8591362
"_START_ "" _CONJ_",8589520
"_VERB_ , da_CONJ",8587242
"_VERB_ ,_. da_CONJ",8587242
vom_ADP _ADJ_ _NOUN_,8581237
vom _ADJ_ _NOUN_,8581237
er _._ _END_,8565552
er_PRON _._ _END_,8565547
in _NOUN_ _NUM_,8559058
in_ADP _NOUN_ _NUM_,8559054
wie _PRON_ _VERB_,8556945
das _NOUN_ _CONJ_,8551431
denn_CONJ _PRON_ _VERB_,8549811
sein _._ _CONJ_,8548711
der _NOUN_ auf_ADP,8546815
sein_VERB _._ _CONJ_,8546515
Und _ADV_ _VERB_,8546213
nicht _._ _PRON_,8546108
nicht_PRT _._ _PRON_,8546108
"werden_VERB _VERB_ ,_.",8538365
"werden _VERB_ ,",8538365
"werden_VERB _VERB_ ,",8538365
"werden _VERB_ ,_.",8538365
_START_ _NOUN_ Und_CONJ,8537180
Und_CONJ _ADV_ _VERB_,8535518
sagte_VERB _PRON_ _._,8534168
sagte _PRON_ _._,8534168
mehr _VERB_ _._,8533740
der_DET _NOUN_ auf_ADP,8531824
« Er _VERB_,8530004
« Er_PRON _VERB_,8530003
sich _ADV_ _ADJ_,8518661
sich_PRON _ADV_ _ADJ_,8518661
"_._ , S.",8500194
"_._ ,_. S.",8500194
das_DET _NOUN_ _CONJ_,8488649
zwischen _DET_ _NOUN_,8479040
Der _NOUN_ _ADP_,8478432
zwischen_ADP _DET_ _NOUN_,8478195
"_._ , S._NOUN",8477736
"_._ ,_. S._NOUN",8477736
« _DET_ _NOUN_,8474650
«_NOUN _DET_ _NOUN_,8450412
Der_DET _NOUN_ _ADP_,8447779
zur _NOUN_ der,8429221
zur_ADP _NOUN_ der,8429219
_START_ Da _VERB_,8426312
zur _NOUN_ der_DET,8424913
zur_ADP _NOUN_ der_DET,8424911
«_VERB Er _VERB_,8424281
«_VERB Er_PRON _VERB_,8424281
dem _NOUN_ _ADJ_,8420437
sehr _ADJ_ _._,8411353
sehr_ADV _ADJ_ _._,8411353
_START_ Da_ADV _VERB_,8409432
und _VERB_ sie,8400631
und _VERB_ sie_PRON,8400631
und_CONJ _VERB_ sie_PRON,8400581
und_CONJ _VERB_ sie,8400581
sich _ADP_ die,8398189
sich_PRON _ADP_ die,8398189
nicht_PRT _ADV_ _ADV_,8394483
nicht _ADV_ _ADV_,8394483
dem_DET _NOUN_ _ADJ_,8371145
nach der _NOUN_,8363260
nach_ADP der _NOUN_,8363213
nach der_DET _NOUN_,8362730
nach_ADP der_DET _NOUN_,8362683
nur_ADV _ADP_ _NOUN_,8355091
nur _ADP_ _NOUN_,8355091
hat _DET_ _NOUN_,8350919
hat_VERB _DET_ _NOUN_,8350919
und _VERB_ _PRT_,8350889
und_CONJ _VERB_ _PRT_,8349692
im _NOUN_ des,8343185
im_ADP _NOUN_ des,8343174
ich _PRON_ _NOUN_,8338913
ich_PRON _PRON_ _NOUN_,8338913
sich _ADP_ die_DET,8337157
sich_PRON _ADP_ die_DET,8337157
im _NOUN_ des_DET,8336418
im_ADP _NOUN_ des_DET,8336411
und _ADV_ _DET_,8329466
und_CONJ _ADV_ _DET_,8329433
Im _NOUN_ _VERB_,8323489
konnte . _END_,8311456
konnte_VERB . _END_,8311206
konnte_VERB ._. _END_,8311206
konnte ._. _END_,8311206
oder _NOUN_ _VERB_,8307952
"sein , _CONJ_",8306612
"sein ,_. _CONJ_",8306612
"sein_VERB , _CONJ_",8306175
"sein_VERB ,_. _CONJ_",8306175
oder_CONJ _NOUN_ _VERB_,8303960
wenn _PRON_ _ADV_,8300548
wenn_CONJ _PRON_ _ADV_,8300541
und _VERB_ _NOUN_,8298963
Im_ADP _NOUN_ _VERB_,8298287
und_CONJ _VERB_ _NOUN_,8295510
mir _DET_ _NOUN_,8290976
in _PRON_ _DET_,8280137
in_ADP _PRON_ _DET_,8280111
man_PRON _DET_ _NOUN_,8273685
man _DET_ _NOUN_,8273685
»_NOUN _CONJ_ _PRON_,8267175
dass _DET_ _ADJ_,8255089
ein_DET paar _NOUN_,8254955
ein paar _NOUN_,8254955
ein paar_PRON _NOUN_,8254955
ein_DET paar_PRON _NOUN_,8254955
in _NOUN_ _DET_,8251095
in_ADP _NOUN_ _DET_,8251093
sehr _ADJ_ _NOUN_,8250128
sehr_ADV _ADJ_ _NOUN_,8250128
_START_ _PRON_ _._,8241555
so _VERB_ _._,8237492
so_ADV _VERB_ _._,8237492
lassen . _END_,8231389
lassen_VERB . _END_,8230958
lassen ._. _END_,8230958
lassen_VERB ._. _END_,8230958
wieder_ADV _VERB_ _._,8213817
wieder _VERB_ _._,8213817
ist_VERB der _NOUN_,8213058
ist der _NOUN_,8213058
ist_VERB der_DET _NOUN_,8213010
ist der_DET _NOUN_,8213010
eine _NOUN_ .,8197283
eine _NOUN_ ._.,8197283
eine_DET _NOUN_ .,8196860
eine_DET _NOUN_ ._.,8196860
in_ADP einer_DET _NOUN_,8191979
in einer _NOUN_,8191979
in_ADP einer _NOUN_,8191979
in einer_DET _NOUN_,8191979
zurück . _END_,8182089
zurück ._. _END_,8181867
ist _PRON_ _ADJ_,8177024
ist_VERB _PRON_ _ADJ_,8177024
mir_PRON _DET_ _NOUN_,8171725
die _NOUN_ nicht,8169116
die _NOUN_ nicht_PRT,8168979
zurück_PRT . _END_,8158214
zurück_PRT ._. _END_,8158214
_._ ( _NOUN_,8157797
_._ (_. _NOUN_,8157056
es _PRON_ _ADP_,8146663
es_PRON _PRON_ _ADP_,8146663
bis _ADP_ _NOUN_,8132945
_START_ In _NOUN_,8129723
_START_ In_ADP _NOUN_,8129723
ist _ADP_ _NOUN_,8127177
ist_VERB _ADP_ _NOUN_,8127177
dass _PRON_ _ADJ_,8126080
war _._ _CONJ_,8117142
sich _ADV_ _VERB_,8115025
sich_PRON _ADV_ _VERB_,8115025
bis_ADP _ADP_ _NOUN_,8114535
Wie _VERB_ _PRON_,8112895
war_VERB _._ _CONJ_,8108875
die_DET _NOUN_ nicht,8102156
die_DET _NOUN_ nicht_PRT,8102021
ich _ADP_ _PRON_,8085688
ich_PRON _ADP_ _PRON_,8085688
von _NOUN_ _ADJ_,8074900
"nicht , _PRON_",8074008
"nicht ,_. _PRON_",8074008
"nicht_PRT , _PRON_",8074008
"nicht_PRT ,_. _PRON_",8074008
der _NOUN_ im_ADP,8069096
der _NOUN_ im,8069096
hatte_VERB _PRON_ _ADV_,8063761
hatte _PRON_ _ADV_,8063761
der_DET _NOUN_ im,8054409
der_DET _NOUN_ im_ADP,8054409
so_ADV _ADJ_ _CONJ_,8052954
so _ADJ_ _CONJ_,8052954
mehr_ADV _VERB_ _._,8040306
ich _ADP_ _DET_,8036434
ich_PRON _ADP_ _DET_,8036434
die _NOUN_ für_ADP,8023293
die _NOUN_ für,8023293
der _NOUN_ _NUM_,8019993
_START_ _ADJ_ _ADJ_,8009217
dass_CONJ _PRON_ _ADJ_,8000733
der_DET _NOUN_ _NUM_,8000180
er . _END_,7990178
er_PRON . _END_,7990102
er ._. _END_,7990102
er_PRON ._. _END_,7990102
von_ADP _NOUN_ _ADJ_,7988962
der _NOUN_ --,7980168
der _NOUN_ --_.,7980168
"nicht _ADJ_ ,",7979536
"nicht_PRT _ADJ_ ,",7979536
"nicht _ADJ_ ,_.",7979536
"nicht_PRT _ADJ_ ,_.",7979536
als _PRON_ _PRON_,7977044
Der _NOUN_ _DET_,7970155
"_._ ""_. _NOUN_",7967306
die_DET _NOUN_ für_ADP,7967110
die_DET _NOUN_ für,7967110
_START_ (_. _NUM_,7964986
_START_ ( _NUM_,7964986
Der_DET _NOUN_ _DET_,7960591
der_DET _NOUN_ --_.,7952174
der_DET _NOUN_ --,7952174
"_VERB_ , sich_PRON",7951002
"_VERB_ ,_. sich_PRON",7951002
"_VERB_ ,_. sich",7951002
"_VERB_ , sich",7951002
in einem _ADJ_,7937434
in einem_DET _ADJ_,7937434
in_ADP einem _ADJ_,7937434
in_ADP einem_DET _ADJ_,7937434
_START_ _ADV_ war,7930921
_START_ _ADV_ war_VERB,7930899
"Die _NOUN_ ,_.",7922932
"Die _NOUN_ ,",7922932
_START_ « Er,7922634
_START_ «_VERB Er,7921751
_START_ «_VERB Er_PRON,7921751
_START_ « Er_PRON,7921751
_START_ _CONJ_ der,7915781
"Die_DET _NOUN_ ,_.",7913195
"Die_DET _NOUN_ ,",7913195
machen _._ _END_,7891805
machen_VERB _._ _END_,7891805
ihm_PRON _DET_ _NOUN_,7863979
ihm _DET_ _NOUN_,7863979
dass_CONJ _DET_ _ADJ_,7857981
mit_ADP dem _ADJ_,7857499
mit dem _ADJ_,7857499
nur_ADV _DET_ _ADJ_,7856816
nur _DET_ _ADJ_,7856816
auf _NOUN_ _VERB_,7854478
auf_ADP _NOUN_ _VERB_,7854434
dem _NOUN_ des,7847544
mit_ADP dem_DET _ADJ_,7846248
mit dem_DET _ADJ_,7846248
dem _NOUN_ des_DET,7842711
_START_ _._ _DET_,7838007
die _ADV_ _ADP_,7837832
dem_DET _NOUN_ des,7831375
dem_DET _NOUN_ des_DET,7827328
"war , _CONJ_",7822688
"war ,_. _CONJ_",7822688
"war_VERB ,_. _CONJ_",7814800
"war_VERB , _CONJ_",7814800
an _NOUN_ _._,7795189
er _ADV_ _ADV_,7792305
er_PRON _ADV_ _ADV_,7792303
an_ADP _NOUN_ _._,7789020
war _ADV_ _ADJ_,7779419
war_VERB _ADV_ _ADJ_,7779418
es _ADP_ _PRON_,7777406
es_PRON _ADP_ _PRON_,7777406
eine _NOUN_ von,7758918
eine_DET _NOUN_ von,7758751
eine _NOUN_ von_ADP,7758355
eine_DET _NOUN_ von_ADP,7758194
ihrer _NOUN_ _VERB_,7753901
ihrer_PRON _NOUN_ _VERB_,7753901
eine _NOUN_ _NOUN_,7734057
eine_DET _NOUN_ _NOUN_,7731381
ins _NOUN_ _VERB_,7724045
ins_ADP _NOUN_ _VERB_,7724045
das _NOUN_ _PRON_,7715579
diese _NOUN_ _ADP_,7710927
diese_PRON _NOUN_ _ADP_,7710927
die _NOUN_ eines,7696024
die_DET _NOUN_ eines,7693616
eines _NOUN_ _._,7677939
eines_DET _NOUN_ _._,7677432
die_PRON _PRON_ _NOUN_,7673255
_START_ Ich habe,7661473
_START_ Ich_PRON habe,7661264
_START_ Ich habe_VERB,7661264
_START_ Ich_PRON habe_VERB,7661264
seiner _NOUN_ _._,7655513
seiner_PRON _NOUN_ _._,7655513
als_CONJ _PRON_ _PRON_,7654428
an _ADJ_ _NOUN_,7650490
an_ADP _ADJ_ _NOUN_,7649779
vor dem _NOUN_,7646558
vor_ADP dem _NOUN_,7646427
vor dem_DET _NOUN_,7646369
vor_ADP dem_DET _NOUN_,7646238
Du _VERB_ _PRON_,7630320
den _NOUN_ von,7626454
das_DET _NOUN_ _PRON_,7625420
den_DET _NOUN_ von,7619837
es _ADV_ _ADJ_,7619537
es_PRON _ADV_ _ADJ_,7619537
_START_ _CONJ_ der_DET,7617982
den _NOUN_ von_ADP,7615618
würde _._ _END_,7614312
würde_VERB _._ _END_,7614308
sein _NOUN_ _VERB_,7611754
Sie_PRON _DET_ _NOUN_,7610822
Sie _DET_ _NOUN_,7610822
den_DET _NOUN_ von_ADP,7609730
_PRT_ zu _VERB_,7604151
von _PRON_ _ADJ_,7604112
von_ADP _PRON_ _ADJ_,7603900
wie_PRON _DET_ _NOUN_,7602380
_PRT_ zu_PRT _VERB_,7601788
die _NOUN_ eines_DET,7601239
die_DET _NOUN_ eines_DET,7598916
sagte_VERB _NOUN_ _._,7597508
sagte _NOUN_ _._,7597508
und _NOUN_ (,7596373
und_CONJ _NOUN_ (,7595973
und _NOUN_ (_.,7594506
und_CONJ _NOUN_ (_.,7594106
zum_ADP _NOUN_ _ADP_,7589688
zum _NOUN_ _ADP_,7589688
sein_PRON _NOUN_ _VERB_,7583509
"mit_ADP _NOUN_ ,",7574873
"mit_ADP _NOUN_ ,_.",7574873
"mit _NOUN_ ,_.",7574873
"mit _NOUN_ ,",7574873
Die _NOUN_ _NOUN_,7567182
hatte_VERB _DET_ _NOUN_,7565941
hatte _DET_ _NOUN_,7565941
hatte_VERB _PRON_ _PRON_,7561185
hatte _PRON_ _PRON_,7561185
für das _NOUN_,7560995
für_ADP das _NOUN_,7560995
für_ADP das_DET _NOUN_,7557322
für das_DET _NOUN_,7557322
In _DET_ _ADJ_,7554846
zu den _NOUN_,7551071
zu den_DET _NOUN_,7550767
sie_PRON _VERB_ _ADV_,7548259
sie _VERB_ _ADV_,7548259
zu_ADP den _NOUN_,7545696
zu_ADP den_DET _NOUN_,7545392
um_ADP die _NOUN_,7535300
_VERB_ :_. _DET_,7531545
_VERB_ : _DET_,7531545
um_ADP die_DET _NOUN_,7531302
In_ADP _DET_ _ADJ_,7531209
sich _._ _END_,7526724
sich _VERB_ .,7519402
sich _VERB_ ._.,7519402
sich_PRON _VERB_ ._.,7519148
sich_PRON _VERB_ .,7519148
ich _ADP_ _NOUN_,7508466
ich_PRON _ADP_ _NOUN_,7508466
Wir _VERB_ _ADV_,7507319
sich_PRON _._ _END_,7491493
seinen_PRON _NOUN_ _VERB_,7490875
seinen _NOUN_ _VERB_,7490875
in _NOUN_ _ADJ_,7487772
in_ADP _NOUN_ _ADJ_,7487770
Wir_PRON _VERB_ _ADV_,7475002
zu _ADJ_ _._,7468393
seiner_PRON _ADJ_ _NOUN_,7464446
seiner _ADJ_ _NOUN_,7464446
of _X_ _X_,7461000
of_X _X_ _X_,7456815
_START_ _ADP_ diesem,7451649
_START_ _ADP_ diesem_PRON,7451649
bei_ADP _NOUN_ _._,7447767
bei _NOUN_ _._,7447767
"_START_ ""_X _PRON_",7445362
"einen _NOUN_ ,",7443936
"einen _NOUN_ ,_.",7443936
»_NOUN _PRON_ _VERB_,7443896
Die_DET _NOUN_ _NOUN_,7441017
die_PRON _ADP_ _PRON_,7439975
wie _PRON_ _NOUN_,7439713
ins_ADP _NOUN_ _._,7438688
ins _NOUN_ _._,7438688
mit der _ADJ_,7422384
mit_ADP der _ADJ_,7422384
mit_ADP der_DET _ADJ_,7421209
mit der_DET _ADJ_,7421209
dem _NOUN_ und_CONJ,7409988
dem _NOUN_ und,7409988
Da _VERB_ _PRON_,7398163
und sie _VERB_,7397026
und sie_PRON _VERB_,7397026
und_CONJ sie _VERB_,7397026
und_CONJ sie_PRON _VERB_,7397026
Da_ADV _VERB_ _PRON_,7392628
_VERB_ ( _ADJ_,7388796
_VERB_ (_. _ADJ_,7388796
ich _._ _END_,7387639
ich_PRON _._ _END_,7387633
die _ADP_ _ADJ_,7374202
der _NOUN_ nicht,7373360
der _NOUN_ nicht_PRT,7373291
"einen_DET _NOUN_ ,",7369005
"einen_DET _NOUN_ ,_.",7369005
wie _ADP_ _NOUN_,7366998
in_ADP die _ADJ_,7359484
in die _ADJ_,7359484
in_ADP die_DET _ADJ_,7358230
in die_DET _ADJ_,7358230
der_DET _NOUN_ nicht,7357252
der_DET _NOUN_ nicht_PRT,7357188
dass der _NOUN_,7344152
dass der_DET _NOUN_,7344144
sie_PRON _PRT_ _._,7341069
sie _PRT_ _._,7341069
dem_DET _NOUN_ und,7339130
dem_DET _NOUN_ und_CONJ,7339130
_START_ _PRON_ _DET_,7333200
und _ADJ_ _ADP_,7330261
und_CONJ _ADJ_ _ADP_,7330260
» _PRON_ _NOUN_,7327072
wenn _PRON_ _DET_,7326745
wenn_CONJ _PRON_ _DET_,7326687
Wie_PRON _VERB_ _PRON_,7316759
es_PRON _ADV_ _VERB_,7316116
es _ADV_ _VERB_,7316116
wie ein_DET _NOUN_,7315118
wie ein _NOUN_,7315118
aus _NOUN_ _._,7314594
aus_ADP _NOUN_ _._,7314495
auch _PRON_ _NOUN_,7305157
auch_ADV _PRON_ _NOUN_,7305157
« _NOUN_ _ADV_,7293319
anderen _NOUN_ _VERB_,7284678
anderen_ADJ _NOUN_ _VERB_,7284492
keine_PRON _NOUN_ _VERB_,7283188
keine _NOUN_ _VERB_,7283188
"_VERB_ ,_. wird",7266328
"_VERB_ , wird_VERB",7266328
"_VERB_ , wird",7266328
"_VERB_ ,_. wird_VERB",7266328
sich auf_ADP _DET_,7264389
sich auf _DET_,7264389
sich_PRON auf _DET_,7264389
sich_PRON auf_ADP _DET_,7264389
an _._ _CONJ_,7264303
es _PRON_ _ADV_,7258198
es_PRON _PRON_ _ADV_,7258198
am _NOUN_ _DET_,7256231
am_ADP _NOUN_ _DET_,7255732
«_NOUN _NOUN_ _ADV_,7251693
mit einer_DET _NOUN_,7247347
mit_ADP einer _NOUN_,7247347
mit_ADP einer_DET _NOUN_,7247347
mit einer _NOUN_,7247347
an_PRT _._ _CONJ_,7240928
zu können _._,7240453
zu_PRT können _._,7240453
zu_PRT können_VERB _._,7240453
zu können_VERB _._,7240453
_START_ Mit_ADP _DET_,7234479
_START_ Mit _DET_,7234479
den _NOUN_ in,7233955
den _NOUN_ in_ADP,7232652
meine _NOUN_ _._,7230878
nach _ADJ_ _NOUN_,7229583
nach_ADP _ADJ_ _NOUN_,7229036
ihren _NOUN_ _VERB_,7222666
ihren_PRON _NOUN_ _VERB_,7222666
den_DET _NOUN_ in,7214474
den_DET _NOUN_ in_ADP,7213180
war_VERB _ADV_ _ADV_,7212616
war _ADV_ _ADV_,7212616
» _PRT_ _._,7201825
sind_VERB _DET_ _NOUN_,7193983
sind _DET_ _NOUN_,7193983
und _NOUN_ _PRON_,7177733
und_CONJ _NOUN_ _PRON_,7177229
waren _._ _END_,7176323
und_CONJ der _ADJ_,7171883
und der _ADJ_,7171883
und_CONJ der_DET _ADJ_,7170897
und der_DET _ADJ_,7170897
die _DET_ _ADJ_,7170656
waren_VERB _._ _END_,7169538
» _NOUN_ _PRON_,7158306
meine_PRON _NOUN_ _._,7157778
auf _PRON_ _VERB_,7148809
auf_ADP _PRON_ _VERB_,7148704
für _PRON_ _VERB_,7145182
für_ADP _PRON_ _VERB_,7145176
eine _NOUN_ der,7137090
eine_DET _NOUN_ der,7136982
auch_ADV _ADP_ _ADJ_,7134603
auch _ADP_ _ADJ_,7134603
eine _NOUN_ der_DET,7133229
eine_DET _NOUN_ der_DET,7133122
Er _VERB_ _ADJ_,7127126
er die _NOUN_,7126809
er_PRON die _NOUN_,7126807
Er_PRON _VERB_ _ADJ_,7126807
er die_DET _NOUN_,7126707
er_PRON die_DET _NOUN_,7126707
er _ADV_ _ADP_,7120511
er_PRON _ADV_ _ADP_,7120505
"einer _NOUN_ ,",7112506
"einer _NOUN_ ,_.",7112506
"einer_DET _NOUN_ ,_.",7112165
"einer_DET _NOUN_ ,",7112165
ich_PRON _ADV_ _VERB_,7108894
ich _ADV_ _VERB_,7108894
die _ADJ_ _._,7108621
so _ADJ_ _NOUN_,7102456
so_ADV _ADJ_ _NOUN_,7102456
"an ,_. _CONJ_",7079169
"an , _CONJ_",7079169
wie die _NOUN_,7076971
wie die_DET _NOUN_,7075679
wie _PRON_ _ADP_,7074604
"_VERB_ ,_. es",7069958
"_VERB_ ,_. es_PRON",7069958
"_VERB_ , es_PRON",7069958
"_VERB_ , es",7069958
"an_PRT , _CONJ_",7062402
"an_PRT ,_. _CONJ_",7062402
in dem _NOUN_,7060324
in_ADP dem _NOUN_,7060324
vor _PRON_ _NOUN_,7048083
vor_ADP _PRON_ _NOUN_,7045556
er_PRON _DET_ _ADJ_,7039188
er _DET_ _ADJ_,7039188
ein _NOUN_ _NOUN_,7038551
« Sie_PRON _VERB_,7036601
« Sie _VERB_,7036601
ist_VERB _._ _PRON_,7035822
ist _._ _PRON_,7035822
ein_DET _NOUN_ _NOUN_,7035370
« _NOUN_ _CONJ_,7031459
würde . _END_,7026791
die_PRON _DET_ _ADJ_,7026730
würde ._. _END_,7026586
würde_VERB . _END_,7026582
würde_VERB ._. _END_,7026582
die _NOUN_ an,7025775
dass_CONJ der _NOUN_,7022245
dass_CONJ der_DET _NOUN_,7022241
die sich _ADP_,7014466
die sich_PRON _ADP_,7014466
sich . _END_,6998774
sich ._. _END_,6998642
«_NOUN _NOUN_ _CONJ_,6997201
in dem_DET _NOUN_,6989207
in_ADP dem_DET _NOUN_,6989207
der _PRON_ _NOUN_,6988486
worden _VERB_ _._,6987638
worden_VERB _VERB_ _._,6987638
_START_ _ADP_ _._,6986573
die_DET _NOUN_ an,6983607
eines _NOUN_ _VERB_,6975946
eines_DET _NOUN_ _VERB_,6975763
_START_ Auf_ADP _DET_,6971575
_START_ Auf _DET_,6971575
sie _DET_ _ADJ_,6969051
sie_PRON _DET_ _ADJ_,6969051
« » Ich,6964453
«_NOUN » Ich,6964193
sich_PRON . _END_,6963846
sich_PRON ._. _END_,6963846
« _VERB_ Ich,6962383
«_NOUN _VERB_ Ich,6962381
« _VERB_ Ich_PRON,6962380
«_NOUN _VERB_ Ich_PRON,6962378
« » Ich_PRON,6960420
«_NOUN »_VERB Ich,6960180
« »_VERB Ich,6960180
«_NOUN »_VERB Ich_PRON,6960180
« »_VERB Ich_PRON,6960180
«_NOUN » Ich_PRON,6960180
sich_PRON der _NOUN_,6945456
sich der _NOUN_,6945456
sich_PRON der_DET _NOUN_,6945441
sich der_DET _NOUN_,6945441
meine _NOUN_ _VERB_,6936094
und _ADP_ der,6930871
und_CONJ _ADP_ der,6930387
das _NOUN_ und,6923439
das _NOUN_ und_CONJ,6923439
wie_CONJ _DET_ _ADJ_,6908909
«_VERB Sie _VERB_,6908217
«_VERB Sie_PRON _VERB_,6908217
meine_PRON _NOUN_ _VERB_,6903417
nicht mehr _VERB_,6896486
nicht mehr_ADV _VERB_,6896486
nicht_PRT mehr_ADV _VERB_,6896486
nicht_PRT mehr _VERB_,6896486
und _VERB_ den,6895637
und_CONJ _VERB_ den,6895540
Abs._NOUN _NUM_ _NOUN_,6882903
Abs. _NUM_ _NOUN_,6882903
und _VERB_ den_DET,6876081
und_CONJ _VERB_ den_DET,6875985
das_DET _NOUN_ und_CONJ,6869804
das_DET _NOUN_ und,6869804
mein_PRON _NOUN_ _._,6869425
mein _NOUN_ _._,6869425
die_DET _ADJ_ _._,6865474
wird _ADP_ _DET_,6860404
wird_VERB _ADP_ _DET_,6860404
die_PRON sich_PRON _ADP_,6859131
die_PRON sich _ADP_,6859131
ihr_PRON _VERB_ _._,6834499
ihr _VERB_ _._,6834499
die _NOUN_ im_ADP,6834318
die _NOUN_ im,6834318
Ich _VERB_ nicht,6829531
Ich _VERB_ nicht_PRT,6829531
von der _ADJ_,6828840
von_ADP der _ADJ_,6828840
« » _ADV_,6827813
«_NOUN » _ADV_,6827671
_START_ _NOUN_ -,6827625
« »_NOUN _ADV_,6827624
«_NOUN »_NOUN _ADV_,6827600
von der_DET _ADJ_,6826908
von_ADP der_DET _ADJ_,6826908
es_PRON _ADV_ _ADP_,6819739
es _ADV_ _ADP_,6819739
"_START_ ""_ADV _ADV_",6811951
Ich_PRON _VERB_ nicht,6811029
Ich_PRON _VERB_ nicht_PRT,6811029
»_NOUN _NOUN_ _PRON_,6810800
_START_ Als _NOUN_,6806037
Ihre_PRON _NOUN_ _VERB_,6804883
Ihre _NOUN_ _VERB_,6804883
auch_ADV _ADJ_ _NOUN_,6803906
auch _ADJ_ _NOUN_,6803906
während _DET_ _NOUN_,6799803
"_VERB_ , ich",6794747
"_VERB_ ,_. ich_PRON",6794747
"_VERB_ ,_. ich",6794747
"_VERB_ , ich_PRON",6794747
eine _NOUN_ _PRT_,6793970
eine_DET _NOUN_ _PRT_,6793721
Abb. _NUM_ _._,6793455
Abb._NOUN _NUM_ _._,6790815
einer _NOUN_ _DET_,6786299
einer_DET _NOUN_ _DET_,6786191
der _NOUN_ die,6784180
_START_ Aber _ADV_,6782288
_START_ _NOUN_ -_NOUN,6781446
_START_ Aber_CONJ _ADV_,6780793
"_START_ ""_. _NOUN_",6773769
der _NOUN_ die_DET,6773691
die_DET _NOUN_ im_ADP,6771479
die_DET _NOUN_ im,6771479
der_DET _NOUN_ die,6769824
"Sie _VERB_ ,_.",6768558
"Sie_PRON _VERB_ ,",6768558
"Sie_PRON _VERB_ ,_.",6768558
"Sie _VERB_ ,",6768558
waren . _END_,6765487
waren ._. _END_,6765327
er _VERB_ _ADV_,6765324
er_PRON _VERB_ _ADV_,6765320
wie_PRON _PRON_ _VERB_,6761783
der_DET _NOUN_ die_DET,6759422
waren_VERB ._. _END_,6758570
waren_VERB . _END_,6758570
aber _DET_ _NOUN_,6754789
im _NOUN_ _CONJ_,6744709
im_ADP _NOUN_ _CONJ_,6744695
ihr _NOUN_ _VERB_,6733021
ihr_PRON _NOUN_ _VERB_,6733021
des _NOUN_ _ADV_,6726757
des_DET _NOUN_ _ADV_,6721141
_START_ Für _DET_,6720401
_START_ Für_ADP _DET_,6720401
eine _NOUN_ _ADJ_,6715024
eine_DET _NOUN_ _ADJ_,6714580
und_CONJ er_PRON _VERB_,6709936
und_CONJ er _VERB_,6709936
und er_PRON _VERB_,6709936
und er _VERB_,6709936
die _ADP_ der,6707634
"_VERB_ ,_. nicht",6704230
"_VERB_ , nicht_PRT",6704230
"_VERB_ ,_. nicht_PRT",6704230
"_VERB_ , nicht",6704230
"_START_ _PRT_ ,_.",6698169
"_START_ _PRT_ ,",6698169
_START_ » _DET_,6698093
_START_ »_ADV _DET_,6698093
Der _NOUN_ _._,6696217
die_PRON _ADV_ _ADP_,6692324
und _ADP_ der_DET,6684227
und_CONJ _ADP_ der_DET,6683747
vom_ADP _NOUN_ _VERB_,6683555
vom _NOUN_ _VERB_,6683555
_START_ _NOUN_ war,6683396
_START_ _NOUN_ war_VERB,6683352
» Du _VERB_,6678779
»_NOUN Du _VERB_,6674281
» Du_NOUN _VERB_,6674273
»_NOUN Du_NOUN _VERB_,6674242
die _ADP_ der_DET,6663807
da _VERB_ _PRON_,6653240
da_ADV _VERB_ _PRON_,6648857
_START_ Hier_ADV _VERB_,6648140
_START_ Hier _VERB_,6648140
_VERB_ -- _CONJ_,6642766
_VERB_ --_. _CONJ_,6642757
_START_ Bei_ADP _DET_,6639066
_START_ Bei _DET_,6639066
machen . _END_,6636414
machen_VERB . _END_,6635954
machen_VERB ._. _END_,6635954
machen ._. _END_,6635954
_START_ «_NOUN _PRON_,6633362
sie die _NOUN_,6633004
sie_PRON die _NOUN_,6633004
sie die_DET _NOUN_,6632920
sie_PRON die_DET _NOUN_,6632920
_START_ _._ _ADP_,6632100
"» _PRT_ ,",6622670
"» _PRT_ ,_.",6622670
für_ADP _NOUN_ _CONJ_,6622371
für _NOUN_ _CONJ_,6622371
zu_PRT _ADJ_ _._,6619154
einer _ADJ_ _ADJ_,6616226
_START_ _ADP_ :_.,6604486
_START_ _ADP_ :,6604486
Der_DET _NOUN_ _._,6597832
er_PRON sich_PRON _ADP_,6594094
er sich _ADP_,6594094
er sich_PRON _ADP_,6594094
er_PRON sich _ADP_,6594094
seinem _NOUN_ _VERB_,6591788
seinem_PRON _NOUN_ _VERB_,6591788
der _NOUN_ nach,6590114
einer_DET _ADJ_ _ADJ_,6586477
sich _PRT_ _VERB_,6584476
sich_PRON _PRT_ _VERB_,6584390
wie _NOUN_ _._,6583016
der_DET _NOUN_ nach,6582925
uns _VERB_ _._,6578352
uns_PRON _VERB_ _._,6578352
es_PRON _ADJ_ _._,6566275
es _ADJ_ _._,6566275
um_ADP _DET_ _ADJ_,6560244
mit _PRON_ _PRON_,6551389
mit_ADP _PRON_ _PRON_,6551295
_START_ _VERB_ _ADV_,6551049
gewesen _VERB_ _._,6546957
gewesen_VERB _VERB_ _._,6546957
"_VERB_ , wo",6539250
"_VERB_ , wo_PRON",6539250
"_VERB_ ,_. wo",6539250
"_VERB_ ,_. wo_PRON",6539250
etwas _VERB_ _._,6537224
_START_ « Sie,6533525
_START_ «_VERB Sie,6533468
_START_ « Sie_PRON,6533468
_START_ «_VERB Sie_PRON,6533468
ihrer _ADJ_ _NOUN_,6527564
ihrer_PRON _ADJ_ _NOUN_,6527564
vor _._ _END_,6518717
S. _NUM_ _NUM_,6504580
S._NOUN _NUM_ _NUM_,6502034
kann _DET_ _NOUN_,6499566
kann_VERB _DET_ _NOUN_,6499566
zum_ADP _NOUN_ .,6497593
zum _NOUN_ .,6497593
zum_ADP _NOUN_ ._.,6497580
zum _NOUN_ ._.,6497580
mich_PRON _ADP_ _DET_,6496501
mich _ADP_ _DET_,6496501
_START_ ( _NOUN_,6489336
_START_ (_. _NOUN_,6489093
vor_PRT _._ _END_,6489073
"ist_VERB _ADJ_ ,",6485848
"ist _ADJ_ ,_.",6485848
"ist _ADJ_ ,",6485848
"ist_VERB _ADJ_ ,_.",6485848
ich . _END_,6485248
ich ._. _END_,6485127
ich_PRON . _END_,6485121
ich_PRON ._. _END_,6485121
diesen_PRON _NOUN_ _VERB_,6479688
diesen _NOUN_ _VERB_,6479688
_START_ _X_ _NOUN_,6472316
"_START_ _ADV_ ,",6469665
"_START_ _ADV_ ,_.",6469665
als_CONJ _DET_ _ADJ_,6461986
der _NOUN_ für_ADP,6452753
der _NOUN_ für,6452753
und _NOUN_ zu,6451575
und_CONJ _NOUN_ zu,6451429
"und _ADJ_ ,_.",6449117
"und _ADJ_ ,",6449117
"und_CONJ _ADJ_ ,",6449117
"und_CONJ _ADJ_ ,_.",6449117
aus _._ _CONJ_,6446256
der_DET _NOUN_ für,6445875
der_DET _NOUN_ für_ADP,6445875
zur _NOUN_ .,6445245
zur _NOUN_ ._.,6445241
zur_ADP _NOUN_ .,6445223
zur_ADP _NOUN_ ._.,6445219
und _ADJ_ .,6443412
und_CONJ _ADJ_ .,6443412
und _ADJ_ ._.,6443061
und_CONJ _ADJ_ ._.,6443061
Wenn _PRON_ _PRON_,6439024
Ich _VERB_ _ADJ_,6439007
Wenn_CONJ _PRON_ _PRON_,6438724
"_VERB_ ,_. doch",6429546
"_VERB_ , doch",6429546
aus_PRT _._ _CONJ_,6425109
"_VERB_ ,_. doch_CONJ",6424797
"_VERB_ , doch_CONJ",6424797
die _NOUN_ einer,6422001
seinen_PRON _NOUN_ _._,6420678
seinen _NOUN_ _._,6420678
die_DET _NOUN_ einer,6419047
Ich_PRON _VERB_ _ADJ_,6417396
_START_ _ADP_ einem,6416936
diese_PRON _ADJ_ _NOUN_,6416048
diese _ADJ_ _NOUN_,6416048
der_PRON _ADP_ _DET_,6414992
« » _CONJ_,6400477
«_NOUN » _CONJ_,6400337
dem _NOUN_ _ADV_,6399253
auf den _ADJ_,6399015
auf den_DET _ADJ_,6399015
auf_ADP den _ADJ_,6398981
auf_ADP den_DET _ADJ_,6398981
von _PRON_ _._,6391413
von_ADP _PRON_ _._,6391378
sie_PRON _ADV_ _ADJ_,6391111
sie _ADV_ _ADJ_,6391111
« _._ fragte,6386519
« _._ fragte_VERB,6386519
«_NOUN _._ fragte_VERB,6386378
«_NOUN _._ fragte,6386378
"« , fragte",6382120
"« ,_. fragte",6382106
"« ,_. fragte_VERB",6382106
"« , fragte_VERB",6382106
"«_NOUN , fragte",6381968
"«_NOUN ,_. fragte",6381968
"«_NOUN , fragte_VERB",6381968
"«_NOUN ,_. fragte_VERB",6381968
zu _PRON_ _VERB_,6379991
als _PRON_ _ADP_,6375752
_START_ _X_ _NUM_,6374675
sie sich_PRON _ADP_,6373986
sie sich _ADP_,6373986
sie_PRON sich _ADP_,6373986
sie_PRON sich_PRON _ADP_,6373986
im _NOUN_ _ADV_,6373926
im_ADP _NOUN_ _ADV_,6373913
» Sie_PRON _VERB_,6373609
» Sie _VERB_,6373609
auf _CONJ_ _VERB_,6371950
_START_ _NOUN_ (,6367830
auf_PRT _CONJ_ _VERB_,6365926
_START_ _NOUN_ (_.,6365591
die _NOUN_ einer_DET,6352658
dem_DET _NOUN_ _ADV_,6350371
die_DET _NOUN_ einer_DET,6349758
and _X_ _X_,6338086
und _NOUN_ des,6337411
und_CONJ _NOUN_ des,6337348
für _PRON_ _._,6335819
für_ADP _PRON_ _._,6335814
and_X _X_ _X_,6335557
und _NOUN_ des_DET,6333026
und_CONJ _NOUN_ des_DET,6332993
« »_NOUN _CONJ_,6331117
«_NOUN »_NOUN _CONJ_,6331106
nicht_PRT _ADJ_ .,6327790
nicht _ADJ_ .,6327790
nicht _ADJ_ ._.,6327716
nicht_PRT _ADJ_ ._.,6327716
auf und _VERB_,6326498
auf und_CONJ _VERB_,6326498
_._ 1 _._,6324911
dieses_PRON _NOUN_ _VERB_,6324790
dieses _NOUN_ _VERB_,6324790
"_VERB_ , den_DET",6324347
"_VERB_ ,_. den_DET",6324347
auf_PRT und_CONJ _VERB_,6322877
auf_PRT und _VERB_,6322877
an _NOUN_ _VERB_,6318246
an_ADP _NOUN_ _VERB_,6316124
der _NOUN_ an,6315471
der _ADJ_ _._,6312912
im _NOUN_ _PRT_,6308996
im_ADP _NOUN_ _PRT_,6308986
wir _DET_ _NOUN_,6308436
wir_PRON _DET_ _NOUN_,6308435
der_DET _NOUN_ an,6304172
"aus , _CONJ_",6303718
"aus ,_. _CONJ_",6303718
es _PRON_ _VERB_,6295109
es_PRON _PRON_ _VERB_,6295108
_START_ _DET_ _ADP_,6293245
"aus_PRT , _CONJ_",6289477
"aus_PRT ,_. _CONJ_",6289477
_START_ _._ _PRT_,6281759
_START_ _NOUN_ ist_VERB,6279375
_START_ _NOUN_ ist,6279375
_START_ _PRON_ haben_VERB,6279100
_START_ _PRON_ haben,6279100
_START_ In _._,6278792
nicht_PRT _ADP_ _ADJ_,6271289
nicht _ADP_ _ADJ_,6271289
sie_PRON _PRT_ _VERB_,6264791
sie _PRT_ _VERB_,6264791
Das _NOUN_ _DET_,6262952
der _PRON_ _ADP_,6262742
Für _DET_ _NOUN_,6260778
_START_ In_ADP _._,6260718
Vielleicht _VERB_ _PRON_,6258314
Vielleicht_ADV _VERB_ _PRON_,6258314
wie_CONJ ein_DET _NOUN_,6255726
wie_CONJ ein _NOUN_,6255726
Das_DET _NOUN_ _DET_,6250619
nicht_PRT _PRT_ _VERB_,6250562
nicht _PRT_ _VERB_,6250562
"_VERB_ , ohne",6241662
"_VERB_ ,_. ohne",6241662
eines _NOUN_ _ADP_,6241408
eines_DET _NOUN_ _ADP_,6241293
auch _ADP_ _PRON_,6240251
auch_ADV _ADP_ _PRON_,6240251
was _PRON_ _ADP_,6232838
was_PRON _PRON_ _ADP_,6232834
die_PRON _PRON_ _ADJ_,6229887
_START_ In :,6219895
sie_PRON _PRON_ _ADJ_,6219341
sie _PRON_ _ADJ_,6219341
_START_ »_NOUN _CONJ_,6219184
"_VERB_ , das_DET",6216929
"_VERB_ ,_. das_DET",6216929
_START_ In_ADP :,6216648
_START_ In :_.,6216648
_START_ In_ADP :_.,6216648
"_VERB_ , er",6213620
"_VERB_ ,_. er",6213620
das _NOUN_ von,6210398
"_VERB_ ,_. er_PRON",6209761
"_VERB_ , er_PRON",6209761
_START_ Seine _NOUN_,6207452
durch die _ADJ_,6205019
durch_ADP die _ADJ_,6205019
das _VERB_ _ADV_,6204516
das_PRON _VERB_ _ADV_,6204485
»_VERB Sie_PRON _VERB_,6204008
»_VERB Sie _VERB_,6204008
durch_ADP die_DET _ADJ_,6203682
durch die_DET _ADJ_,6203682
die_DET _ADP_ _NOUN_,6203621
das _NOUN_ von_ADP,6203569
für _PRON_ _ADJ_,6203482
für_ADP _PRON_ _ADJ_,6203477
Für_ADP _DET_ _NOUN_,6203254
eine _ADV_ _ADJ_,6201046
das _ADP_ _DET_,6198437
et al _._,6194272
in_ADP das _NOUN_,6190954
in das _NOUN_,6190954
und _NOUN_ von,6190944
und_CONJ _NOUN_ von,6190919
sich _ADJ_ _NOUN_,6190539
sich_PRON _ADJ_ _NOUN_,6190539
_START_ Seine_PRON _NOUN_,6188908
in das_DET _NOUN_,6187281
in_ADP das_DET _NOUN_,6187281
der_DET _ADJ_ _._,6187037
in _NOUN_ _PRT_,6186417
in_ADP _NOUN_ _PRT_,6186417
das_DET _NOUN_ von,6185578
"ist_VERB ,_. _PRON_",6184819
"ist , _PRON_",6184819
"ist ,_. _PRON_",6184819
"ist_VERB , _PRON_",6184819
eine_DET _ADV_ _ADJ_,6184728
der _NOUN_ nach_ADP,6183403
_START_ _ADP_ einem_DET,6182048
das_DET _NOUN_ von_ADP,6181932
nicht _ADJ_ _NOUN_,6180541
