ngram,freq
de _DET_ _NOUN_,355389055
de_ADP _DET_ _NOUN_,355385249
_START_ _DET_ _NOUN_,279388406
la _NOUN_ _ADP_,241198938
la_DET _NOUN_ _ADP_,241198533
_START_ _PRON_ _VERB_,219329832
de _NOUN_ _._,205068825
de_ADP _NOUN_ _._,203620558
de_ADP la_DET _NOUN_,182236087
de_ADP la _NOUN_,182236087
de la _NOUN_,182236087
de la_DET _NOUN_,182236087
_VERB_ ._. _END_,178201523
_VERB_ . _END_,178201523
dans_ADP _DET_ _NOUN_,176438026
dans _DET_ _NOUN_,176438026
à _DET_ _NOUN_,174901285
à_ADP _DET_ _NOUN_,174901285
la _NOUN_ _._,167782079
la_DET _NOUN_ _._,167780681
le _NOUN_ _ADP_,153581043
le_DET _NOUN_ _ADP_,153580939
de _NOUN_ _NOUN_,128487688
de_ADP _NOUN_ _NOUN_,128375201
les _NOUN_ _ADP_,109420935
les_DET _NOUN_ _ADP_,109420409
de _NOUN_ _ADP_,107759973
l' _NOUN_ _ADP_,107331191
de_ADP _NOUN_ _ADP_,106858203
_START_ _NOUN_ _._,106035491
et _DET_ _NOUN_,105811982
et_CONJ _DET_ _NOUN_,105811982
la _NOUN_ _ADJ_,104340817
la_DET _NOUN_ _ADJ_,104339806
sur _DET_ _NOUN_,100776534
sur_ADP _DET_ _NOUN_,100776534
la _NOUN_ de,98042984
la _NOUN_ de_ADP,98042970
la_DET _NOUN_ de,98042850
la_DET _NOUN_ de_ADP,98042836
"de _NOUN_ ,",96971108
"de _NOUN_ ,_.",96969043
"de_ADP _NOUN_ ,",96375563
"de_ADP _NOUN_ ,_.",96373517
de l' _NOUN_,89497174
de_ADP l' _NOUN_,89495314
de l'_NOUN _NOUN_,89495191
de_ADP l'_NOUN _NOUN_,89494920
des _NOUN_ _ADP_,89295246
le _NOUN_ _._,89151127
le_DET _NOUN_ _._,89150973
des _NOUN_ _ADJ_,87770213
que _DET_ _NOUN_,87665993
ne_ADV _VERB_ _ADV_,85863777
ne _VERB_ _ADV_,85863777
d' _DET_ _NOUN_,85819508
_VERB_ - _PRON_,83602220
_VERB_ -_PRON _PRON_,83601250
_START_ _NOUN_ _NOUN_,83530478
de _NOUN_ _ADJ_,83025532
de_ADP _NOUN_ _ADJ_,82441300
des _NOUN_ _._,80879942
que_CONJ _DET_ _NOUN_,80554349
du _NOUN_ _._,78951467
du_ADP _NOUN_ _._,77781187
un _NOUN_ _ADP_,76271288
un_DET _NOUN_ _ADP_,76270014
"la _NOUN_ ,",76118896
"la _NOUN_ ,_.",76118008
"la_DET _NOUN_ ,",76117898
"la_DET _NOUN_ ,_.",76117013
le _NOUN_ de,75609810
le_DET _NOUN_ de,75609797
le _NOUN_ de_ADP,75609753
le_DET _NOUN_ de_ADP,75609740
par _DET_ _NOUN_,75255239
par_ADP _DET_ _NOUN_,75255239
les _NOUN_ _._,72723481
les_DET _NOUN_ _._,72722565
un _NOUN_ _ADJ_,71781542
un_DET _NOUN_ _ADJ_,71780166
l' _NOUN_ _._,71588512
à la_DET _NOUN_,71478892
à_ADP la _NOUN_,71478892
à_ADP la_DET _NOUN_,71478892
à la _NOUN_,71478892
de _NOUN_ .,71286169
de _NOUN_ ._.,71284837
_START_ _._ _NOUN_,71212252
une _NOUN_ _ADJ_,71173486
une_DET _NOUN_ _ADJ_,71171732
de_ADP _NOUN_ .,70695797
de_ADP _NOUN_ ._.,70694466
une _NOUN_ _ADP_,70466207
une_DET _NOUN_ _ADP_,70464802
_START_ Il_PRON _VERB_,69652298
_START_ Il _VERB_,69652298
les _NOUN_ _ADJ_,67805994
les_DET _NOUN_ _ADJ_,67805234
en _NOUN_ _._,67181577
en_ADP _NOUN_ _._,67181521
se _VERB_ _ADP_,66465371
se_PRON _VERB_ _ADP_,66465371
_START_ _ADP_ _DET_,65822480
la _NOUN_ .,65363342
la_DET _NOUN_ .,65363124
la _NOUN_ ._.,65362682
la_DET _NOUN_ ._.,65362464
ne_ADV _VERB_ pas,61918333
ne _VERB_ pas,61918333
ne _VERB_ pas_ADV,61918332
ne_ADV _VERB_ pas_ADV,61918332
en _NOUN_ _ADP_,61095404
en_ADP _NOUN_ _ADP_,61095345
_START_ _PRON_ _PRON_,60655928
et _ADP_ _NOUN_,60406665
et_CONJ _ADP_ _NOUN_,60406665
l'_NOUN _NOUN_ _ADP_,59910096
au _NOUN_ _ADP_,59827872
au_ADP _NOUN_ _ADP_,59827872
du _NOUN_ _ADP_,58784140
le _NOUN_ _ADJ_,58779047
le_DET _NOUN_ _ADJ_,58779026
du_ADP _NOUN_ _ADP_,57887387
_START_ --_. _NOUN_,56750715
_START_ -- _NOUN_,56750715
l'_NOUN _NOUN_ _._,56573875
de _NOUN_ _VERB_,56433848
de_ADP _NOUN_ _VERB_,56177312
_START_ _ADP_ _NOUN_,55985797
d'_ADP _DET_ _NOUN_,55518634
que _PRON_ _VERB_,54928054
des_ADP _NOUN_ _._,52776254
l' _NOUN_ _ADJ_,52316404
l _DET_ _NOUN_,51201219
l_DET _DET_ _NOUN_,51196892
l ' _NOUN_,50774099
l '_DET _NOUN_,50774066
l_DET '_DET _NOUN_,50774066
l_DET ' _NOUN_,50774066
les _NOUN_ de,50718635
les _NOUN_ de_ADP,50718596
les_DET _NOUN_ de,50718398
les_DET _NOUN_ de_ADP,50718359
_START_ _NOUN_ _VERB_,50618316
et _PRON_ _VERB_,49920687
et_CONJ _PRON_ _VERB_,49920687
de _VERB_ _DET_,49525047
de_ADP _VERB_ _DET_,49523763
d' _NOUN_ _._,49504415
_START_ Le _NOUN_,49250592
_START_ Le_DET _NOUN_,49250592
la _NOUN_ _VERB_,49137815
la_DET _NOUN_ _VERB_,49137329
son _NOUN_ _._,49003938
son_DET _NOUN_ _._,48987535
l' _NOUN_ de,48945054
l' _NOUN_ de_ADP,48944942
des_ADP _NOUN_ _ADP_,48679959
avec _DET_ _NOUN_,48678810
avec_ADP _DET_ _NOUN_,48678810
à_ADP _NOUN_ _NOUN_,48534410
à _NOUN_ _NOUN_,48534410
pour_ADP _DET_ _NOUN_,47895269
pour _DET_ _NOUN_,47895269
des_ADP _NOUN_ _ADJ_,46786563
un _NOUN_ _._,46465524
un_DET _NOUN_ _._,46462915
_START_ _NOUN_ .,45457620
_START_ _NOUN_ ._.,45454267
_START_ La_DET _NOUN_,44580006
_START_ La _NOUN_,44580006
_._ . _END_,44569969
_._ ._. _END_,44569969
de _NOUN_ _CONJ_,44392267
de_ADP _NOUN_ _CONJ_,44197365
d' un _NOUN_,44191587
d' un_DET _NOUN_,44184042
les _NOUN_ _VERB_,43869729
les_DET _NOUN_ _VERB_,43869442
la _ADJ_ _NOUN_,42954399
la_DET _ADJ_ _NOUN_,42930332
le _NOUN_ _VERB_,42671088
le_DET _NOUN_ _VERB_,42671071
à _NOUN_ _._,42079930
à_ADP _NOUN_ _._,42079930
"_VERB_ ,_. _ADP_",42063483
"_VERB_ , _ADP_",42063483
d' une _NOUN_,41171161
d' une_DET _NOUN_,41168563
des_DET _NOUN_ _ADJ_,40983633
"le _NOUN_ ,",40807439
"le_DET _NOUN_ ,",40807378
"le _NOUN_ ,_.",40806436
"le_DET _NOUN_ ,_.",40806375
des_DET _NOUN_ _ADP_,40615131
des _NOUN_ de,40372020
des _NOUN_ de_ADP,40371986
un _ADJ_ _NOUN_,40290732
un_DET _ADJ_ _NOUN_,40238975
une _ADJ_ _NOUN_,40114013
"_VERB_ ,_. _VERB_",39738725
"_VERB_ , _VERB_",39738725
_START_ _._ _PRON_,39590166
"_VERB_ ,_. _PRON_",39453370
"_VERB_ , _PRON_",39453370
de _PRON_ _VERB_,39263033
de_ADP _PRON_ _VERB_,39262129
qui _PRON_ _VERB_,39126913
qui_PRON _PRON_ _VERB_,39126913
une_DET _ADJ_ _NOUN_,39003044
à l' _NOUN_,38972357
à_ADP l' _NOUN_,38972354
à l'_NOUN _NOUN_,38972174
à_ADP l'_NOUN _NOUN_,38972174
"des _NOUN_ ,",38843137
"des _NOUN_ ,_.",38842436
_START_ _ADV_ _._,38819274
un _NOUN_ de,37817704
un _NOUN_ de_ADP,37817680
un_DET _NOUN_ de,37817165
un_DET _NOUN_ de_ADP,37817141
_START_ Les_DET _NOUN_,37669108
_START_ Les _NOUN_,37669108
_START_ -- _PRON_,37452943
_START_ --_. _PRON_,37452943
dans_ADP le_DET _NOUN_,37434224
dans le_DET _NOUN_,37434224
dans le _NOUN_,37434224
dans_ADP le _NOUN_,37434224
_START_ _DET_ _ADJ_,37372876
qui_PRON _VERB_ _VERB_,37231458
qui _VERB_ _VERB_,37231458
dans_ADP la_DET _NOUN_,37148859
dans la_DET _NOUN_,37148859
dans_ADP la _NOUN_,37148859
dans la _NOUN_,37148859
la _NOUN_ _CONJ_,36528439
la_DET _NOUN_ _CONJ_,36528038
qui_PRON _VERB_ _DET_,36186553
qui _VERB_ _DET_,36186553
du _NOUN_ _ADJ_,35925822
_START_ _CONJ_ _PRON_,35870392
"_START_ _ADV_ ,",35703207
"_START_ _ADV_ ,_.",35703207
du_ADP _NOUN_ _ADJ_,35526446
"du _NOUN_ ,",35467568
"du _NOUN_ ,_.",35465679
"les _NOUN_ ,",35461067
"les_DET _NOUN_ ,",35460587
"les _NOUN_ ,_.",35460509
"les_DET _NOUN_ ,_.",35460030
une _NOUN_ de,35440180
une _NOUN_ de_ADP,35440171
une_DET _NOUN_ de,35439353
une_DET _NOUN_ de_ADP,35439344
"du_ADP _NOUN_ ,",34935526
"du_ADP _NOUN_ ,_.",34933650
de _NOUN_ et,34329833
de _NOUN_ et_CONJ,34329833
l'_NOUN _NOUN_ _ADJ_,34292503
de_ADP _NOUN_ et,34233153
de_ADP _NOUN_ et_CONJ,34233153
le _NOUN_ .,34079536
le_DET _NOUN_ .,34079477
le _NOUN_ ._.,34079275
le_DET _NOUN_ ._.,34079216
sa _NOUN_ _._,34013125
sa_DET _NOUN_ _._,34011840
_START_ Je_PRON _VERB_,34010715
_START_ Je _VERB_,34010715
qui _VERB_ _ADP_,33836079
qui_PRON _VERB_ _ADP_,33836079
la _NOUN_ des,33029549
la_DET _NOUN_ des,33029517
la _NOUN_ des_ADP,33025249
la_DET _NOUN_ des_ADP,33025217
le _ADJ_ _NOUN_,33008967
le_DET _ADJ_ _NOUN_,33008919
_START_ Elle _VERB_,32944562
_START_ Elle_PRON _VERB_,32944562
"en _NOUN_ ,",32941752
"en_ADP _NOUN_ ,",32941735
"en _NOUN_ ,_.",32940945
"en_ADP _NOUN_ ,_.",32940928
"l' _NOUN_ ,",32755673
"l' _NOUN_ ,_.",32755100
à _VERB_ _DET_,32382470
à_ADP _VERB_ _DET_,32382316
"_START_ _NOUN_ ,",32140445
"_START_ _NOUN_ ,_.",32130618
les _ADJ_ _NOUN_,32106688
les_DET _ADJ_ _NOUN_,32105379
une _NOUN_ _._,32092992
une_DET _NOUN_ _._,32092110
au _NOUN_ de,30883738
au_ADP _NOUN_ de,30883738
au _NOUN_ de_ADP,30883671
au_ADP _NOUN_ de_ADP,30883671
la _NOUN_ du,30795562
la_DET _NOUN_ du,30795540
la _NOUN_ du_ADP,30795539
la_DET _NOUN_ du_ADP,30795517
pour_ADP _VERB_ _DET_,30649897
pour _VERB_ _DET_,30649897
"_VERB_ ,_. _CONJ_",30386513
"_VERB_ , _CONJ_",30386513
_START_ _NOUN_ _ADJ_,30132030
de _ADJ_ _NOUN_,29674643
d'_ADP une _NOUN_,29600067
d'_ADP une_DET _NOUN_,29600067
du _NOUN_ .,29415152
du _NOUN_ ._.,29414786
_START_ _NOUN_ _ADP_,29388217
au_ADP _NOUN_ _._,29154332
au _NOUN_ _._,29154332
la _NOUN_ et_CONJ,29003581
la _NOUN_ et,29003581
la_DET _NOUN_ et_CONJ,29003486
la_DET _NOUN_ et,29003486
du_ADP _NOUN_ .,28958518
du_ADP _NOUN_ ._.,28958153
que_CONJ _PRON_ _VERB_,28937000
ses _NOUN_ _._,28625006
ses_DET _NOUN_ _._,28625006
il _PRON_ _VERB_,28579054
il_PRON _PRON_ _VERB_,28579054
et_CONJ _ADP_ _DET_,28298723
et _ADP_ _DET_,28298723
des_DET _NOUN_ _._,28103635
des _NOUN_ .,27913784
des _NOUN_ ._.,27913556
en _VERB_ _DET_,27715766
il _VERB_ _VERB_,27586316
il_PRON _VERB_ _VERB_,27586316
des _NOUN_ _VERB_,27553578
d' _NOUN_ _ADP_,27334027
et _VERB_ _DET_,27237189
et_CONJ _VERB_ _DET_,27237189
sur_ADP le _NOUN_,27025128
sur le_DET _NOUN_,27025128
sur_ADP le_DET _NOUN_,27025128
sur le _NOUN_,27025128
l' _NOUN_ .,27002818
l' _NOUN_ ._.,27002457
_START_ _ADV_ _VERB_,26955969
de _VERB_ _ADP_,26664085
de_ADP _VERB_ _ADP_,26663409
l'_NOUN _NOUN_ de,26483574
l'_NOUN _NOUN_ de_ADP,26483465
se _VERB_ _ADV_,26344278
se_PRON _VERB_ _ADV_,26344278
l'_ADV _NOUN_ _ADP_,26262745
_START_ _PRON_ _ADV_,26175102
qui _VERB_ _ADV_,26140345
qui_PRON _VERB_ _ADV_,26140345
les _NOUN_ .,26073518
les _NOUN_ ._.,26073363
les_DET _NOUN_ .,26073254
les_DET _NOUN_ ._.,26073099
"l'_NOUN _NOUN_ ,",26026841
"l'_NOUN _NOUN_ ,_.",26026504
de _NOUN_ de,25995536
de _NOUN_ de_ADP,25994234
de_ADP _NOUN_ de,25794613
de_ADP _NOUN_ de_ADP,25793311
d'_ADP un _NOUN_,25772703
d'_ADP un_DET _NOUN_,25772422
dans les_DET _NOUN_,25666837
dans les _NOUN_,25666837
dans_ADP les _NOUN_,25666837
dans_ADP les_DET _NOUN_,25666837
et_CONJ _VERB_ _ADP_,25628352
et _VERB_ _ADP_,25628352
que_PRON _PRON_ _VERB_,25616679
et_CONJ _NOUN_ _._,25582389
et _NOUN_ _._,25582389
en _NOUN_ de,25152460
en _NOUN_ de_ADP,25152445
en_ADP _NOUN_ de,25152427
en_ADP _NOUN_ de_ADP,25152412
"_VERB_ ,_. _DET_",25151939
"_VERB_ , _DET_",25151939
à_ADP _NOUN_ _ADP_,25016096
à _NOUN_ _ADP_,25016096
l' _NOUN_ _VERB_,24896545
de son _NOUN_,24789463
de son_DET _NOUN_,24789375
de_ADP son _NOUN_,24788724
de_ADP son_DET _NOUN_,24788636
de _DET_ _ADJ_,24772882
de_ADP _DET_ _ADJ_,24772194
et _ADJ_ _._,24698626
et_CONJ _ADJ_ _._,24698626
son _NOUN_ _ADP_,24649143
son_DET _NOUN_ _ADP_,24634188
pas _DET_ _NOUN_,24556847
pas_ADV _DET_ _NOUN_,24541956
du _NOUN_ de,24477290
du _NOUN_ de_ADP,24477019
"des_ADP _NOUN_ ,",24392842
"des_ADP _NOUN_ ,_.",24392323
du_ADP _NOUN_ de,24266025
du_ADP _NOUN_ de_ADP,24265754
comme _DET_ _NOUN_,24205415
comme_ADP _DET_ _NOUN_,24168503
est _VERB_ _ADP_,23860749
est_VERB _VERB_ _ADP_,23845982
La _NOUN_ _ADP_,23626649
La_DET _NOUN_ _ADP_,23626213
_START_ L'_NOUN _NOUN_,23612529
_START_ L' _NOUN_,23612529
_START_ _VERB_ _PRON_,23560592
d'_DET _DET_ _NOUN_,23457807
l' _VERB_ _ADP_,23447446
la _NOUN_ d',23359376
la_DET _NOUN_ d',23359351
en _NOUN_ .,23344705
en_ADP _NOUN_ .,23344681
en _NOUN_ ._.,23344511
en_ADP _NOUN_ ._.,23344487
ce _PRON_ _VERB_,22955020
ce_PRON _PRON_ _VERB_,22946468
à _VERB_ _ADP_,22929826
à_ADP _VERB_ _ADP_,22929763
d _ADP_ _NOUN_,22859782
d_ADP _ADP_ _NOUN_,22855369
des _NOUN_ _CONJ_,22835578
d ' _NOUN_,22798348
se _VERB_ _._,22772627
se_PRON _VERB_ _._,22772627
_START_ _PRON_ ne,22745777
_START_ _PRON_ ne_ADV,22745777
"d' _NOUN_ ,",22696554
"d' _NOUN_ ,_.",22696127
et_CONJ de_ADP _NOUN_,22626736
et_CONJ de _NOUN_,22626736
et de_ADP _NOUN_,22626736
et de _NOUN_,22626736
_START_ _VERB_ _ADP_,22593460
et_CONJ les_DET _NOUN_,22593147
et_CONJ les _NOUN_,22593147
et les _NOUN_,22593147
et les_DET _NOUN_,22593147
d_ADP '_ADP _NOUN_,22541799
d '_ADP _NOUN_,22541799
d_ADP ' _NOUN_,22541799
_START_ _VERB_ _DET_,22489592
sur_ADP la _NOUN_,22489124
sur la_DET _NOUN_,22489124
sur_ADP la_DET _NOUN_,22489124
sur la _NOUN_,22489124
ne_ADV _PRON_ _VERB_,22290849
ne _PRON_ _VERB_,22290849
il_PRON _VERB_ _ADV_,22215358
il _VERB_ _ADV_,22215358
Il_PRON _PRON_ _VERB_,22160226
Il _PRON_ _VERB_,22160226
les _NOUN_ _CONJ_,22158715
les_DET _NOUN_ _CONJ_,22158490
la _NOUN_ _PRON_,21922402
la_DET _NOUN_ _PRON_,21922282
des_ADP _NOUN_ de,21916735
des_ADP _NOUN_ de_ADP,21916709
son _NOUN_ .,21856436
son _NOUN_ ._.,21856410
son_DET _NOUN_ .,21849694
son_DET _NOUN_ ._.,21849668
"un _NOUN_ ,",21676429
"un _NOUN_ ,_.",21675751
"un_DET _NOUN_ ,",21675213
"un_DET _NOUN_ ,_.",21674540
l' _ADJ_ _._,21610337
et_CONJ la _NOUN_,21462350
et la_DET _NOUN_,21462350
et la _NOUN_,21462350
et_CONJ la_DET _NOUN_,21462350
"son _NOUN_ ,",21388458
"son _NOUN_ ,_.",21388008
"son_DET _NOUN_ ,",21381400
"son_DET _NOUN_ ,_.",21380954
_START_ _CONJ_ _DET_,21237574
Il _VERB_ _ADV_,21219624
Il_PRON _VERB_ _ADV_,21219624
l'_NOUN _NOUN_ .,21194896
l'_NOUN _NOUN_ ._.,21194575
l'_VERB _NOUN_ _ADP_,20958001
de _NOUN_ _PRON_,20850042
de_ADP _NOUN_ _PRON_,20658512
le _NOUN_ _CONJ_,20638478
le_DET _NOUN_ _CONJ_,20638468
d' _NOUN_ _ADJ_,20635283
la _NOUN_ _NOUN_,20350686
Le _NOUN_ _ADP_,20343164
Le_DET _NOUN_ _ADP_,20343164
ce _NOUN_ _._,20309362
ce_DET _NOUN_ _._,20293842
la_DET _NOUN_ _NOUN_,20276934
le _NOUN_ _NOUN_,20196717
le_DET _NOUN_ _NOUN_,20196228
du _ADJ_ _NOUN_,19938338
du_ADP _ADJ_ _NOUN_,19876960
_START_ _VERB_ _ADV_,19545874
que le _NOUN_,19449863
que le_DET _NOUN_,19449863
"à_ADP _NOUN_ ,",19406436
"à _NOUN_ ,",19406436
"à_ADP _NOUN_ ,_.",19406040
"à _NOUN_ ,_.",19406040
plus _ADJ_ _._,19333069
plus_ADV _ADJ_ _._,19333069
_START_ _VERB_ -,19300770
est _DET_ _NOUN_,19259875
est_VERB _DET_ _NOUN_,19243136
_START_ _VERB_ -_PRON,19156560
d' _VERB_ _DET_,19096989
et_CONJ le _NOUN_,19091455
et_CONJ le_DET _NOUN_,19091455
et le _NOUN_,19091455
et le_DET _NOUN_,19091455
Le _NOUN_ _VERB_,19051178
Le_DET _NOUN_ _VERB_,19051174
cette_DET _NOUN_ _._,19047009
cette _NOUN_ _._,19047009
_START_ Il_PRON _PRON_,18998361
_START_ Il _PRON_,18998361
des_ADP _NOUN_ .,18764563
des_ADP _NOUN_ ._.,18764352
que _PRON_ _PRON_,18756683
d'_ADP _NOUN_ _._,18727473
de _DET_ _DET_,18718832
de_ADP _DET_ _DET_,18718118
que les_DET _NOUN_,18700526
que les _NOUN_,18700526
_VERB_ ?_. _END_,18553943
_VERB_ ? _END_,18553943
les _NOUN_ et,18539724
les _NOUN_ et_CONJ,18539724
les_DET _NOUN_ et,18539527
les_DET _NOUN_ et_CONJ,18539527
que je _VERB_,18538490
que je_PRON _VERB_,18538490
en_ADP _VERB_ _DET_,18534593
que la_DET _NOUN_,18492540
que la _NOUN_,18492540
"_VERB_ ,_. _ADV_",18479710
"_VERB_ , _ADV_",18479710
des_DET _NOUN_ de,18455279
des_DET _NOUN_ de_ADP,18455271
des _NOUN_ et_CONJ,18447730
des _NOUN_ et,18447730
des_ADP _NOUN_ _VERB_,18407614
p _._ _END_,18401644
p . _END_,18393070
p ._. _END_,18392788
a _VERB_ _DET_,18367028
pour_ADP _PRON_ _VERB_,18358661
pour _PRON_ _VERB_,18358661
que_CONJ le_DET _NOUN_,18347628
que_CONJ le _NOUN_,18347628
a_VERB _VERB_ _DET_,18329884
p_NOUN _._ _END_,18240713
p_NOUN ._. _END_,18232810
p_NOUN . _END_,18232810
t _PRON_ _PRON_,18229692
t - _PRON_,18208797
t -_PRON _PRON_,18208773
t_PRON _PRON_ _PRON_,18168629
t_PRON - _PRON_,18154881
t_PRON -_PRON _PRON_,18154881
à_ADP _PRON_ _VERB_,18144496
à _PRON_ _VERB_,18144496
dans _DET_ _ADJ_,18119443
dans_ADP _DET_ _ADJ_,18119443
d' _NOUN_ .,18097001
d' _NOUN_ ._.,18096669
en _NOUN_ _ADJ_,17985325
en_ADP _NOUN_ _ADJ_,17985299
_VERB_ - t,17968556
l' _VERB_ _._,17960185
_VERB_ -_PRON t_PRON,17952410
_VERB_ - t_PRON,17952410
_VERB_ -_PRON t,17952410
de _NOUN_ à,17942321
de _NOUN_ à_ADP,17942318
l' _VERB_ _VERB_,17855124
à _VERB_ _._,17843139
à_ADP _VERB_ _._,17843100
la _NOUN_ d'_ADP,17842011
la_DET _NOUN_ d'_ADP,17841994
les _NOUN_ _PRON_,17819605
les_DET _NOUN_ _PRON_,17819461
_START_ _ADV_ _ADV_,17762930
il _VERB_ _DET_,17753707
il_PRON _VERB_ _DET_,17753707
de_ADP _NOUN_ à,17747596
de_ADP _NOUN_ à_ADP,17747593
que_CONJ la_DET _NOUN_,17636091
que_CONJ la _NOUN_,17636091
en _DET_ _NOUN_,17616459
en_ADP _DET_ _NOUN_,17600602
_START_ _NOUN_ _PRON_,17587304
ou_CONJ _DET_ _NOUN_,17561129
ou _DET_ _NOUN_,17561129
Il_PRON _VERB_ _VERB_,17394327
Il _VERB_ _VERB_,17394327
tous _DET_ _NOUN_,17393138
tous_ADJ _DET_ _NOUN_,17368213
de sa _NOUN_,17352544
de_ADP sa_DET _NOUN_,17352543
de_ADP sa _NOUN_,17352543
de sa_DET _NOUN_,17352543
que_CONJ les _NOUN_,17314705
que_CONJ les_DET _NOUN_,17314705
_VERB_ - il,17291545
_VERB_ - il_PRON,17291545
_VERB_ -_PRON il_PRON,17291545
_VERB_ -_PRON il,17291545
je _PRON_ _VERB_,17251093
je_PRON _PRON_ _VERB_,17251093
aux _NOUN_ _ADP_,17199530
aux_ADP _NOUN_ _ADP_,17199530
"_VERB_ , _NOUN_",17115526
"_VERB_ ,_. _NOUN_",17113388
je _VERB_ _VERB_,16976689
je_PRON _VERB_ _VERB_,16976689
le _NOUN_ du,16910643
le_DET _NOUN_ du,16910641
le _NOUN_ du_ADP,16910576
le_DET _NOUN_ du_ADP,16910574
de l ',16845358
de_ADP l ',16845089
sa _NOUN_ _ADP_,16839920
sa_DET _NOUN_ _ADP_,16839430
ne _VERB_ _VERB_,16831948
ne_ADV _VERB_ _VERB_,16831948
le _NOUN_ d',16822486
le_DET _NOUN_ d',16822483
le _VERB_ _._,16759515
le_PRON _VERB_ _._,16722016
d'_ADJ _NOUN_ _._,16690381
un _NOUN_ .,16654883
un _NOUN_ ._.,16654791
un_DET _NOUN_ .,16653998
un_DET _NOUN_ ._.,16653906
lui_PRON _VERB_ _DET_,16628984
lui _VERB_ _DET_,16628984
mon _NOUN_ _._,16623636
mon_DET _NOUN_ _._,16623636
un _NOUN_ _VERB_,16617984
un_DET _NOUN_ _VERB_,16617208
de _DET_ ',16604099
de_ADP _DET_ ',16604081
de _DET_ '_DET,16603972
de_ADP _DET_ '_DET,16603954
de l _DET_,16570484
de_ADP l_DET _DET_,16570484
de l_DET _DET_,16570484
de_ADP l _DET_,16570484
de _VERB_ _._,16540759
de_ADP _VERB_ _._,16540195
de l '_DET,16467998
de_ADP l '_DET,16467998
de_ADP l_DET ',16467998
de_ADP l_DET '_DET,16467998
de l_DET '_DET,16467998
de l_DET ',16467998
d'_DET un _NOUN_,16351869
d'_DET un_DET _NOUN_,16351758
sur_ADP les _NOUN_,16324873
sur_ADP les_DET _NOUN_,16324873
sur les_DET _NOUN_,16324873
sur les _NOUN_,16324873
par la _NOUN_,16318288
par_ADP la_DET _NOUN_,16318288
par_ADP la _NOUN_,16318288
par la_DET _NOUN_,16318288
il _VERB_ _ADP_,16235646
il_PRON _VERB_ _ADP_,16235646
du _NOUN_ _VERB_,16227349
La _NOUN_ _VERB_,16174880
La_DET _NOUN_ _VERB_,16174137
_START_ En_ADP _NOUN_,16171466
_START_ En _NOUN_,16171466
et_CONJ des _NOUN_,16138394
et des _NOUN_,16138394
ce _PRON_ _PRON_,16127349
du_ADP _NOUN_ _VERB_,16119120
ce_PRON _PRON_ _PRON_,16118392
l'_ADV _ADJ_ _._,16070336
des _ADJ_ _NOUN_,15959123
et_CONJ des_ADP _NOUN_,15880957
et des_ADP _NOUN_,15880957
ce qui _VERB_,15754236
ce qui_PRON _VERB_,15754236
ce_PRON qui_PRON _VERB_,15754023
ce_PRON qui _VERB_,15754023
l' _NOUN_ _CONJ_,15726603
à_ADP _NOUN_ .,15411847
à _NOUN_ .,15411847
à _NOUN_ ._.,15411569
à_ADP _NOUN_ ._.,15411569
par le_DET _NOUN_,15395920
par_ADP le_DET _NOUN_,15395920
par le _NOUN_,15395920
par_ADP le _NOUN_,15395920
je_PRON _VERB_ _ADV_,15339148
je _VERB_ _ADV_,15339148
le_DET _NOUN_ des,15280095
le _NOUN_ des,15280095
le_DET _NOUN_ des_ADP,15272894
le _NOUN_ des_ADP,15272894
le _NOUN_ et,15216430
le _NOUN_ et_CONJ,15216430
le_DET _NOUN_ et,15216421
le_DET _NOUN_ et_CONJ,15216421
de_ADP ses_DET _NOUN_,15201158
de_ADP ses _NOUN_,15201158
de ses_DET _NOUN_,15201158
de ses _NOUN_,15201158
"une _NOUN_ ,",15195201
"une _NOUN_ ,_.",15194965
"une_DET _NOUN_ ,",15194766
"une_DET _NOUN_ ,_.",15194530
sa _NOUN_ .,15183935
sa _NOUN_ ._.,15183912
sa_DET _NOUN_ .,15183402
sa_DET _NOUN_ ._.,15183379
de_ADP _ADJ_ _NOUN_,15170043
leur _NOUN_ _._,15166460
leur_DET _NOUN_ _._,15166227
du _NOUN_ _NOUN_,15140117
Il _VERB_ _DET_,15093254
Il_PRON _VERB_ _DET_,15093254
le _NOUN_ _PRON_,15081279
le_DET _NOUN_ _PRON_,15081266
du_ADP _NOUN_ _NOUN_,15048965
par _NOUN_ _._,14957838
par_ADP _NOUN_ _._,14957838
"sa _NOUN_ ,",14919407
"sa _NOUN_ ,_.",14919233
"sa_DET _NOUN_ ,",14918853
"sa_DET _NOUN_ ,_.",14918680
Les _NOUN_ _ADP_,14896944
Les_DET _NOUN_ _ADP_,14896399
et _NOUN_ _ADP_,14821714
et_CONJ _NOUN_ _ADP_,14821714
_START_ _DET_ _._,14776063
se_PRON _VERB_ _DET_,14749115
se _VERB_ _DET_,14749115
ce _NOUN_ _VERB_,14744868
ce_DET _NOUN_ _VERB_,14734006
sous _DET_ _NOUN_,14703604
des _NOUN_ _PRON_,14702373
sous_ADP _DET_ _NOUN_,14695924
entre _DET_ _NOUN_,14648960
entre_ADP _DET_ _NOUN_,14641124
à _DET_ _ADJ_,14593041
à_ADP _DET_ _ADJ_,14593041
_START_ _._ _ADV_,14549290
l'_NOUN _NOUN_ _VERB_,14511988
de_DET _ADJ_ _NOUN_,14504436
_START_ On _VERB_,14459422
_START_ On_PRON _VERB_,14459422
"des_DET _NOUN_ ,",14450277
"des_DET _NOUN_ ,_.",14450106
du _NOUN_ _CONJ_,14430590
y _VERB_ _DET_,14417991
y_PRON _VERB_ _DET_,14408976
Les _NOUN_ _VERB_,14356691
Les_DET _NOUN_ _VERB_,14356126
Dans_ADP _DET_ _NOUN_,14316456
Dans _DET_ _NOUN_,14316456
mais _PRON_ _VERB_,14245942
mais_CONJ _PRON_ _VERB_,14244893
dans_ADP un _NOUN_,14214146
dans un _NOUN_,14214146
dans un_DET _NOUN_,14214146
dans_ADP un_DET _NOUN_,14214146
du_ADP _NOUN_ _CONJ_,14160909
_START_ _._ Je_PRON,14149431
_START_ _._ Je,14149431
_START_ _._ _DET_,14132646
à _NOUN_ _ADJ_,14107081
à_ADP _NOUN_ _ADJ_,14107081
pas _VERB_ _ADP_,14062315
dans _NOUN_ _NOUN_,14037492
dans_ADP _NOUN_ _NOUN_,14037492
pas_ADV _VERB_ _ADP_,14009985
au_ADP _NOUN_ _ADJ_,13955126
au _NOUN_ _ADJ_,13955126
_START_ -- Je,13926330
_START_ --_. Je,13926172
_START_ -- Je_PRON,13926172
_START_ --_. Je_PRON,13926172
_START_ -- _ADV_,13924794
_START_ --_. _ADV_,13924794
_START_ Dans _DET_,13892692
_START_ Dans_ADP _DET_,13892692
dans_ADP l' _NOUN_,13836059
dans l' _NOUN_,13836059
en _VERB_ _ADP_,13809725
des_ADP _ADJ_ _NOUN_,13804313
tous_ADJ les _NOUN_,13764557
tous les_DET _NOUN_,13764557
tous les _NOUN_,13764557
tous_ADJ les_DET _NOUN_,13764557
se_PRON _VERB_ à_ADP,13745925
se _VERB_ à,13745925
se _VERB_ à_ADP,13745925
se_PRON _VERB_ à,13745925
l' _NOUN_ du,13650510
l' _NOUN_ du_ADP,13650472
qu'il _VERB_ _VERB_,13648138
me _VERB_ _ADP_,13621257
"au_ADP _NOUN_ ,",13551333
"au _NOUN_ ,",13551333
"au _NOUN_ ,_.",13550937
"au_ADP _NOUN_ ,_.",13550937
_START_ _X_ _X_,13434111
par les _NOUN_,13419081
par_ADP les _NOUN_,13419081
par_ADP les_DET _NOUN_,13418969
par les_DET _NOUN_,13418969
par_ADP _NOUN_ _NOUN_,13390138
par _NOUN_ _NOUN_,13390138
des_ADP _NOUN_ _CONJ_,13382620
l' _NOUN_ des,13373100
l' _NOUN_ des_ADP,13371397
a _VERB_ _ADP_,13370365
a_VERB _VERB_ _ADP_,13349380
l' _NOUN_ d',13340077
d _ADP_ _DET_,13304171
d_ADP _ADP_ _DET_,13302895
nous _VERB_ _VERB_,13233366
nous_PRON _VERB_ _VERB_,13233195
d ' _DET_,13192135
d '_ADP _DET_,13191931
d_ADP ' _DET_,13191931
d_ADP '_ADP _DET_,13191931
d'_ADP _VERB_ _DET_,13171577
d' _DET_ _ADJ_,13166474
_START_ _ADP_ _VERB_,13133317
et_CONJ _PRON_ _PRON_,13108053
et _PRON_ _PRON_,13108053
être _VERB_ _ADP_,13096232
été _VERB_ _ADP_,13083068
été_VERB _VERB_ _ADP_,13068444
son _NOUN_ _ADJ_,13028604
son_DET _NOUN_ _ADJ_,13019607
être_VERB _VERB_ _ADP_,13008688
elle_PRON _VERB_ _VERB_,12967689
elle _VERB_ _VERB_,12967689
En _NOUN_ _._,12921459
En_ADP _NOUN_ _._,12921201
_START_ _CONJ_ _ADV_,12904983
dans_ADP l'_NOUN _NOUN_,12880338
dans l'_NOUN _NOUN_,12880338
est _ADJ_ _._,12867652
est_VERB _ADJ_ _._,12804912
l' _ADJ_ _NOUN_,12777946
et_CONJ de _DET_,12766654
et de_ADP _DET_,12766654
et de _DET_,12766654
et_CONJ de_ADP _DET_,12766654
une _NOUN_ _VERB_,12739614
une_DET _NOUN_ _VERB_,12739229
plus _ADJ_ _ADP_,12736581
plus_ADV _ADJ_ _ADP_,12736581
où _PRON_ _VERB_,12732137
_START_ _ADV_ _DET_,12719074
et_CONJ _VERB_ _ADV_,12709770
et _VERB_ _ADV_,12709770
où_PRON _PRON_ _VERB_,12674420
ses_DET _NOUN_ .,12669041
ses _NOUN_ .,12669041
ses_DET _NOUN_ ._.,12669028
ses _NOUN_ ._.,12669028
"ses _NOUN_ ,",12647630
"ses_DET _NOUN_ ,",12647630
"ses_DET _NOUN_ ,_.",12647493
"ses _NOUN_ ,_.",12647493
je_PRON _ADV_ _VERB_,12600916
je _ADV_ _VERB_,12600916
de l' _ADJ_,12587247
de_ADP l' _ADJ_,12583215
ses_DET _NOUN_ _ADP_,12576342
ses _NOUN_ _ADP_,12576342
le _VERB_ _ADP_,12569391
me_PRON _VERB_ _ADP_,12564228
Je_PRON _VERB_ _ADV_,12533568
Je _VERB_ _ADV_,12533568
le_PRON _VERB_ _ADP_,12501714
avait_VERB _VERB_ _DET_,12469833
avait _VERB_ _DET_,12469833
l' _ADJ_ _ADP_,12468917
de l' _VERB_,12452517
de_ADP l' _VERB_,12450287
_START_ _ADP_ la,12423238
de _NOUN_ _ADV_,12408256
_VERB_ - _VERB_,12340194
un _NOUN_ _PRON_,12311256
un_DET _NOUN_ _PRON_,12310696
_START_ _ADP_ la_DET,12306200
aux _NOUN_ _ADJ_,12286900
aux_ADP _NOUN_ _ADJ_,12286900
de_ADP _NOUN_ _ADV_,12277600
"En _NOUN_ ,",12237841
"En_ADP _NOUN_ ,",12237775
"En _NOUN_ ,_.",12237706
"En_ADP _NOUN_ ,_.",12237640
_START_ _ADP_ _ADV_,12225473
l'_ADV _NOUN_ de,12209609
l'_ADV _NOUN_ de_ADP,12209606
a _DET_ _NOUN_,12186944
d'_DET _NOUN_ _._,12179710
si _PRON_ _VERB_,12114791
si_CONJ _PRON_ _VERB_,12109730
pas _._ _END_,12102983
a_VERB _DET_ _NOUN_,12089161
_START_ _PRON_ est,12048422
_START_ _PRON_ est_VERB,12048422
d' _ADJ_ _NOUN_,12022965
est _ADV_ _ADJ_,12011115
est_VERB _ADV_ _ADJ_,12007808
l' _NOUN_ et,11980883
l' _NOUN_ et_CONJ,11980883
un _NOUN_ _ADV_,11960465
un_DET _NOUN_ _ADV_,11960157
les _NOUN_ du,11953204
les _NOUN_ du_ADP,11953200
les_DET _NOUN_ du,11953159
les_DET _NOUN_ du_ADP,11953155
sont_VERB _VERB_ _ADP_,11939689
sont _VERB_ _ADP_,11939689
se_PRON _VERB_ _VERB_,11901163
se _VERB_ _VERB_,11901163
nous _VERB_ _ADP_,11895694
nous_PRON _VERB_ _ADP_,11895400
peut _PRON_ _VERB_,11839037
peut_VERB _PRON_ _VERB_,11839037
_START_ Un_DET _NOUN_,11827963
_START_ Un _NOUN_,11827963
une _NOUN_ _ADV_,11817991
une_DET _NOUN_ _ADV_,11817660
"_VERB_ ,_. et_CONJ",11811644
"_VERB_ , et",11811644
"_VERB_ , et_CONJ",11811644
"_VERB_ ,_. et",11811644
et_CONJ _ADV_ _VERB_,11799092
et _ADV_ _VERB_,11799092
Il_PRON _VERB_ _ADP_,11791758
Il _VERB_ _ADP_,11791758
la _NOUN_ _ADV_,11788308
la_DET _NOUN_ _ADV_,11788275
d' _NOUN_ _VERB_,11664175
le _NOUN_ d'_ADP,11657315
le_DET _NOUN_ d'_ADP,11657312
de _VERB_ _ADV_,11631459
de_ADP _VERB_ _ADV_,11630500
vers _DET_ _NOUN_,11615708
vers_ADP _DET_ _NOUN_,11615708
l' _PRON_ _VERB_,11610335
de cette_DET _NOUN_,11604456
de cette _NOUN_,11604456
de_ADP cette_DET _NOUN_,11604451
de_ADP cette _NOUN_,11604451
ma _NOUN_ _._,11587389
pas _ADP_ _NOUN_,11585191
_VERB_ -_PRON _VERB_,11575460
en _VERB_ _ADV_,11523794
l'_NOUN _NOUN_ _CONJ_,11518155
à l' _ADJ_,11453424
à_ADP l' _ADJ_,11453400
Je_PRON _PRON_ _VERB_,11404183
Je _PRON_ _VERB_,11404183
ma_DET _NOUN_ _._,11383401
me _VERB_ _ADV_,11381106
"et _NOUN_ ,",11352254
"et_CONJ _NOUN_ ,",11352254
"et_CONJ _NOUN_ ,_.",11351400
"et _NOUN_ ,_.",11351400
_START_ Une _NOUN_,11332372
_START_ Une_DET _NOUN_,11332372
des_ADP _NOUN_ et,11332344
des_ADP _NOUN_ et_CONJ,11332344
lui_PRON _VERB_ _VERB_,11317956
lui _VERB_ _VERB_,11317956
à _NOUN_ _VERB_,11309678
à_ADP _NOUN_ _VERB_,11309678
_START_ _ADP_ _PRON_,11289340
l' _VERB_ _ADV_,11286117
aux_ADP _NOUN_ _._,11243688
aux _NOUN_ _._,11243688
de _PRON_ _._,11232156
de_ADP _PRON_ _._,11231936
une _NOUN_ .,11223712
une _NOUN_ ._.,11223652
une_DET _NOUN_ .,11223464
une_DET _NOUN_ ._.,11223404
l' _NOUN_ _PRON_,11220033
d' _NOUN_ _CONJ_,11213554
a _VERB_ _VERB_,11212461
ce que _PRON_,11211296
de ce _NOUN_,11211194
de_ADP ce _NOUN_,11211183
de ce_DET _NOUN_,11211178
de_ADP ce_DET _NOUN_,11211177
ce_PRON que _PRON_,11211086
vous_PRON _VERB_ _VERB_,11208443
vous _VERB_ _VERB_,11208443
a_VERB _VERB_ _VERB_,11204387
je ne _VERB_,11196944
je_PRON ne_ADV _VERB_,11196944
je_PRON ne _VERB_,11196944
je ne_ADV _VERB_,11196944
du _NOUN_ et,11134418
du _NOUN_ et_CONJ,11134418
l'_VERB _VERB_ _VERB_,11109941
"ce _NOUN_ ,",11108763
"ce _NOUN_ ,_.",11108391
"ce_DET _NOUN_ ,",11104201
"ce_DET _NOUN_ ,_.",11103829
et _NOUN_ _NOUN_,11099211
et_CONJ _NOUN_ _NOUN_,11099211
La _NOUN_ _ADJ_,11085497
La_DET _NOUN_ _ADJ_,11085332
pas_ADV _._ _END_,11080795
_START_ Ils_PRON _VERB_,11076936
_START_ Ils _VERB_,11076936
et _ADP_ la,11055678
et_CONJ _ADP_ la,11055678
l' _NOUN_ d'_ADP,11027764
pour_ADP _VERB_ _ADP_,11020959
pour _VERB_ _ADP_,11020959
"_._ , _NOUN_",11019646
"_._ ,_. _NOUN_",11011205
je _VERB_ _ADP_,10981193
je_PRON _VERB_ _ADP_,10981193
Le_DET _NOUN_ _ADJ_,10979712
Le _NOUN_ _ADJ_,10979712
en _NOUN_ _CONJ_,10937892
en_ADP _NOUN_ _CONJ_,10937891
du_ADP _NOUN_ et_CONJ,10937227
du_ADP _NOUN_ et,10937227
t _PRON_ il_PRON,10905787
t _PRON_ il,10905787
t - il,10905618
t -_PRON il,10905211
t - il_PRON,10905211
t -_PRON il_PRON,10905211
qui se _VERB_,10904835
qui se_PRON _VERB_,10904835
qui_PRON se _VERB_,10904835
qui_PRON se_PRON _VERB_,10904835
et_CONJ _ADJ_ .,10901699
et _ADJ_ .,10901699
et_CONJ _ADJ_ ._.,10901642
et _ADJ_ ._.,10901642
toutes _DET_ _NOUN_,10886708
toutes_ADJ _DET_ _NOUN_,10879126
_START_ -- _DET_,10874549
_START_ --_. _DET_,10874549
t_PRON _PRON_ il_PRON,10872006
t_PRON _PRON_ il,10872006
t_PRON - il_PRON,10871692
t_PRON -_PRON il_PRON,10871692
t_PRON -_PRON il,10871692
t_PRON - il,10871692
Le _NOUN_ de,10854228
Le_DET _NOUN_ de,10854228
Le _NOUN_ de_ADP,10854223
Le_DET _NOUN_ de_ADP,10854223
et_CONJ _ADP_ la_DET,10833006
et _ADP_ la_DET,10833006
avait _VERB_ _ADP_,10822757
avait_VERB _VERB_ _ADP_,10822757
_VERB_ ! _END_,10818497
_VERB_ !_. _END_,10818497
est _ADJ_ _ADP_,10807470
l'_PRON _PRON_ _VERB_,10807138
que_CONJ _PRON_ _PRON_,10798317
_START_ Cette_DET _NOUN_,10798170
_START_ Cette _NOUN_,10798170
de la _ADJ_,10794786
de_ADP la_DET _ADJ_,10794786
de_ADP la _ADJ_,10794786
de la_DET _ADJ_,10794786
me_PRON _VERB_ _ADV_,10786435
est_VERB _ADJ_ _ADP_,10777395
au_ADP _NOUN_ .,10776270
au _NOUN_ .,10776270
au _NOUN_ ._.,10776157
au_ADP _NOUN_ ._.,10776157
_VERB_ - être,10769356
_VERB_ - être_VERB,10769247
_VERB_ -_PRON être,10742866
_VERB_ -_PRON être_VERB,10742866
d'_ADJ _NOUN_ _ADP_,10734348
des _NOUN_ _ADV_,10722705
de se_PRON _VERB_,10722177
de se _VERB_,10722177
de_ADP se_PRON _VERB_,10722171
de_ADP se _VERB_,10722171
on _VERB_ _VERB_,10721227
on_PRON _VERB_ _VERB_,10721128
un _NOUN_ d',10720921
un_DET _NOUN_ d',10720815
de _PRON_ _PRON_,10710317
de_ADP _PRON_ _PRON_,10705424
vous _VERB_ _ADP_,10702363
vous_PRON _VERB_ _ADP_,10702363
_START_ _._ _CONJ_,10660401
dont _DET_ _NOUN_,10660346
dont_PRON _DET_ _NOUN_,10660346
les _NOUN_ d',10646671
les_DET _NOUN_ d',10646653
pas_ADV _ADP_ _NOUN_,10635111
la _NOUN_ en,10620138
la_DET _NOUN_ en,10620093
et _ADP_ _VERB_,10582160
et_CONJ _ADP_ _VERB_,10582160
L' _NOUN_ _ADP_,10570475
L'_NOUN _NOUN_ _ADP_,10570258
Les _NOUN_ _ADJ_,10539009
Les_DET _NOUN_ _ADJ_,10538638
des _NOUN_ _NOUN_,10492480
lui_PRON _VERB_ _ADV_,10485815
lui _VERB_ _ADV_,10485815
à_ADP _NOUN_ de,10450127
à _NOUN_ de,10450127
à _NOUN_ de_ADP,10446810
à_ADP _NOUN_ de_ADP,10446810
à une_DET _NOUN_,10441259
à une _NOUN_,10441259
à_ADP une _NOUN_,10441259
à_ADP une_DET _NOUN_,10441259
Je_PRON _ADV_ _VERB_,10433741
Je _ADV_ _VERB_,10433741
la _NOUN_ à,10429728
la _NOUN_ à_ADP,10429720
la_DET _NOUN_ à,10429718
la_DET _NOUN_ à_ADP,10429710
la _NOUN_ en_ADP,10352577
la_DET _NOUN_ en_ADP,10352542
cette _NOUN_ _ADP_,10347948
cette_DET _NOUN_ _ADP_,10347948
à_ADP un _NOUN_,10312257
à un _NOUN_,10312257
à_ADP un_DET _NOUN_,10312257
à un_DET _NOUN_,10312257
dans une_DET _NOUN_,10308819
dans_ADP une_DET _NOUN_,10308819
dans une _NOUN_,10308819
dans_ADP une _NOUN_,10308819
_START_ _PRON_ se_PRON,10294917
_START_ _PRON_ se,10294917
Je _VERB_ _VERB_,10278926
Je_PRON _VERB_ _VERB_,10278926
me _VERB_ _._,10221339
elle_PRON _VERB_ _ADV_,10217490
elle _VERB_ _ADV_,10217490
vous _VERB_ _ADV_,10215341
vous_PRON _VERB_ _ADV_,10215341
de _ADV_ _ADJ_,10209202
La _NOUN_ de_ADP,10207402
La _NOUN_ de,10207402
La_DET _NOUN_ de_ADP,10207290
La_DET _NOUN_ de,10207290
contre _DET_ _NOUN_,10203726
contre_ADP _DET_ _NOUN_,10203722
à_ADP son_DET _NOUN_,10197142
à_ADP son _NOUN_,10197142
à son_DET _NOUN_,10197142
à son _NOUN_,10197142
ce_PRON que_PRON _PRON_,10161977
ce que_PRON _PRON_,10161977
l'_VERB _NOUN_ de,10146107
l'_VERB _NOUN_ de_ADP,10146107
"se _VERB_ ,",10145122
"se_PRON _VERB_ ,",10145122
"se _VERB_ ,_.",10145111
"se_PRON _VERB_ ,_.",10145111
ce _NOUN_ _ADP_,10131377
ce_DET _NOUN_ _ADP_,10128700
je_PRON _VERB_ _DET_,10100605
je _VERB_ _DET_,10100605
et _DET_ _ADJ_,10097099
et_CONJ _DET_ _ADJ_,10097099
_START_ --_. _CONJ_,10092007
_START_ -- _CONJ_,10092007
vous _VERB_ _._,10055794
vous_PRON _VERB_ _._,10055794
_START_ _NOUN_ _DET_,10031093
_START_ _NOUN_ _CONJ_,10022052
de _NOUN_ en,9999439
de_ADP _ADV_ _ADJ_,9996526
en _NOUN_ _VERB_,9985561
en_ADP _NOUN_ _VERB_,9985558
l'_ADV _ADJ_ _ADP_,9944918
de_ADP _NOUN_ en,9922358
les _NOUN_ _ADV_,9912644
les_DET _NOUN_ _ADV_,9912582
son _NOUN_ _VERB_,9894039
son_DET _NOUN_ _VERB_,9890296
ou _ADP_ _NOUN_,9889902
ou_CONJ _ADP_ _NOUN_,9889902
_START_ _ADV_ _ADP_,9866588
deux _NOUN_ _._,9861539
ces _NOUN_ _._,9856273
ces_DET _NOUN_ _._,9856207
nous _VERB_ _ADV_,9815049
nous_PRON _VERB_ _ADV_,9814989
tout _DET_ _NOUN_,9814314
_START_ Nous _VERB_,9805549
une _NOUN_ _PRON_,9805540
une_DET _NOUN_ _PRON_,9805289
_START_ Nous_PRON _VERB_,9799906
que_CONJ je_PRON _VERB_,9783379
que_CONJ je _VERB_,9783379
en_ADP _VERB_ _ADP_,9765256
l'_VERB _NOUN_ _ADJ_,9751378
_START_ _NOUN_ de,9741069
_START_ _NOUN_ de_ADP,9741008
l'_ADV _ADJ_ _NOUN_,9724376
"et _ADJ_ ,",9723337
"et_CONJ _ADJ_ ,",9723337
"et_CONJ _ADJ_ ,_.",9723328
"et _ADJ_ ,_.",9723328
pour_ADP les_DET _NOUN_,9707395
pour les _NOUN_,9707395
pour_ADP les _NOUN_,9707395
pour les_DET _NOUN_,9707395
de _NOUN_ en_ADP,9701946
pas _VERB_ _DET_,9676101
_START_ _ADP_ le,9667206
"cette_DET _NOUN_ ,",9654376
"cette _NOUN_ ,",9654376
"cette _NOUN_ ,_.",9654139
"cette_DET _NOUN_ ,_.",9654139
pas_ADV _VERB_ _DET_,9651118
de_ADP _NOUN_ en_ADP,9626835
l'_PRON on_PRON _VERB_,9611303
l' on _VERB_,9611303
l'_PRON on _VERB_,9611303
l' on_PRON _VERB_,9611303
me_PRON _VERB_ _._,9553810
"l' _ADJ_ ,",9553718
"l' _ADJ_ ,_.",9553701
et _VERB_ _NOUN_,9542690
et_CONJ _VERB_ _NOUN_,9542690
des _NOUN_ d',9532529
Je_PRON ne _VERB_,9529641
Je ne_ADV _VERB_,9529641
Je_PRON ne_ADV _VERB_,9529641
Je ne _VERB_,9529641
et_CONJ _ADJ_ _ADP_,9514124
et _ADJ_ _ADP_,9514124
se _VERB_ .,9501807
se_PRON _VERB_ .,9501807
se _VERB_ ._.,9500966
se_PRON _VERB_ ._.,9500966
des_DET _NOUN_ _CONJ_,9452924
que _VERB_ _DET_,9445266
qu'il _PRON_ _VERB_,9428647
_START_ _ADP_ le_DET,9420682
plus _ADJ_ _NOUN_,9411907
plus_ADV _ADJ_ _NOUN_,9411906
plus _ADJ_ _CONJ_,9407261
plus_ADV _ADJ_ _CONJ_,9407260
elle_PRON _VERB_ _DET_,9399957
elle _VERB_ _DET_,9399957
au _NOUN_ _NOUN_,9392329
au_ADP _NOUN_ _NOUN_,9392329
les _NOUN_ des,9384861
les_DET _NOUN_ des,9384807
les _NOUN_ des_ADP,9382943
les_DET _NOUN_ des_ADP,9382889
elle _PRON_ _VERB_,9375033
elle_PRON _PRON_ _VERB_,9375033
tout_ADJ _DET_ _NOUN_,9367988
que _DET_ _ADJ_,9261925
avec _NOUN_ _._,9259246
d'_ADJ _NOUN_ _ADJ_,9253919
avec_ADP _NOUN_ _._,9250091
_START_ _DET_ .,9230413
_START_ Mais_CONJ _PRON_,9214207
_START_ Mais _PRON_,9214207
par _NOUN_ _ADP_,9206363
par_ADP _NOUN_ _ADP_,9206363
un _NOUN_ _CONJ_,9193484
un_DET _NOUN_ _CONJ_,9192851
en_PRON _VERB_ _DET_,9181173
ne_ADV _ADV_ _VERB_,9178383
ne _ADV_ _VERB_,9178383
pour_ADP la_DET _NOUN_,9174071
pour_ADP la _NOUN_,9174071
pour la _NOUN_,9174071
pour la_DET _NOUN_,9174071
et_CONJ _VERB_ _VERB_,9169879
et _VERB_ _VERB_,9169879
des_DET _NOUN_ .,9149211
des_DET _NOUN_ ._.,9149194
des_DET _NOUN_ _VERB_,9145933
_START_ _DET_ ._.,9145408
l' _NOUN_ _NOUN_,9139553
l'_NOUN _NOUN_ et_CONJ,9136960
l'_NOUN _NOUN_ et,9136960
sans _NOUN_ _._,9130793
sans_ADP _NOUN_ _._,9124376
sa _NOUN_ _ADJ_,9119099
sa_DET _NOUN_ _ADJ_,9118873
et _NOUN_ _ADJ_,9117538
et_CONJ _NOUN_ _ADJ_,9117538
pas _VERB_ _._,9116407
que nous_PRON _VERB_,9113425
que nous _VERB_,9113425
_START_ _ADJ_ _NOUN_,9094807
pas_ADV _VERB_ _._,9089278
ses _NOUN_ _ADJ_,9066388
ses_DET _NOUN_ _ADJ_,9066388
qu'il_ADV _VERB_ _VERB_,9064877
si _DET_ _NOUN_,9057100
leurs _NOUN_ _._,9050825
leurs_DET _NOUN_ _._,9050815
si_CONJ _DET_ _NOUN_,9040194
l' _ADJ_ .,9030801
l' _ADJ_ ._.,9030624
plus _ADV_ _._,9024199
plus_ADV _ADV_ _._,9024198
d'_ADP _NOUN_ _ADP_,9017666
ne _VERB_ _PRON_,9007488
ne_ADV _VERB_ _PRON_,9007488
de _NOUN_ qui,9003699
de _NOUN_ qui_PRON,9003699
faire _DET_ _NOUN_,8986089
faire_VERB _DET_ _NOUN_,8986050
que _NOUN_ _VERB_,8981308
de_ADP _NOUN_ qui_PRON,8980318
de_ADP _NOUN_ qui,8980318
L' _NOUN_ _VERB_,8961027
L'_NOUN _NOUN_ _VERB_,8961002
et _VERB_ _._,8960805
et_CONJ _VERB_ _._,8960805
de ces _NOUN_,8953997
de ces_DET _NOUN_,8953995
de_ADP ces_DET _NOUN_,8953990
de_ADP ces _NOUN_,8953990
en _NOUN_ _DET_,8947091
en_ADP _NOUN_ _DET_,8947091
et_CONJ _NOUN_ _VERB_,8930923
et _NOUN_ _VERB_,8930923
il y_PRON _VERB_,8870321
il y _VERB_,8870321
il_PRON y _VERB_,8870321
il_PRON y_PRON _VERB_,8870321
_START_ Je _PRON_,8865581
_START_ Je_PRON _PRON_,8865581
"d'_ADP _NOUN_ ,",8864608
"d'_ADP _NOUN_ ,_.",8864441
aux_ADP _NOUN_ de,8847922
aux _NOUN_ de,8847922
aux_ADP _NOUN_ de_ADP,8847862
aux _NOUN_ de_ADP,8847862
en _VERB_ _._,8844181
_VERB_ - elle,8817407
_VERB_ -_PRON elle,8817407
_VERB_ - elle_PRON,8817407
_VERB_ -_PRON elle_PRON,8817407
"_VERB_ ,_. il_PRON",8812932
"_VERB_ ,_. il",8812932
"_VERB_ , il",8812932
"_VERB_ , il_PRON",8812932
_START_ _._ _ADP_,8786049
_START_ _CONJ_ _._,8782348
une _NOUN_ d',8760341
une_DET _NOUN_ d',8760203
que_PRON je _VERB_,8755107
que_PRON je_PRON _VERB_,8755107
et_CONJ l' _NOUN_,8743246
et l' _NOUN_,8743246
d' _NOUN_ et,8743009
d' _NOUN_ et_CONJ,8743009
_START_ Au _NOUN_,8741627
_START_ Au_ADP _NOUN_,8741627
et_CONJ _ADV_ _ADJ_,8735524
et _ADV_ _ADJ_,8735524
leur _NOUN_ _ADP_,8734572
leur_DET _NOUN_ _ADP_,8734519
le _VERB_ _ADV_,8731345
Elle_PRON _VERB_ _ADV_,8730721
Elle _VERB_ _ADV_,8730721
il _ADV_ _VERB_,8730230
il_PRON _ADV_ _VERB_,8730230
le_PRON _VERB_ _ADV_,8721561
en _ADJ_ _NOUN_,8695702
_VERB_ ; _END_,8692450
_VERB_ ;_. _END_,8692450
en_ADP _ADJ_ _NOUN_,8690730
_START_ _CONJ_ _VERB_,8682713
des _NOUN_ qui_PRON,8682343
des _NOUN_ qui,8682343
c'est _DET_ _NOUN_,8675314
Elle _VERB_ _DET_,8661969
Elle_PRON _VERB_ _DET_,8661969
à _VERB_ _VERB_,8657604
à_ADP _VERB_ _VERB_,8657409
que_CONJ _DET_ _ADJ_,8627784
se _VERB_ de,8626943
se_PRON _VERB_ de,8626943
pas . _END_,8614796
pas ._. _END_,8614566
au _NOUN_ du,8605226
au_ADP _NOUN_ du,8605226
au _NOUN_ du_ADP,8605220
au_ADP _NOUN_ du_ADP,8605220
de leur _NOUN_,8596505
de leur_DET _NOUN_,8596505
de_ADP leur _NOUN_,8596505
de_ADP leur_DET _NOUN_,8596505
où _DET_ _NOUN_,8588273
quand _PRON_ _VERB_,8573218
l'_ADV _VERB_ _ADP_,8572753
elle _._ _END_,8565697
elle_PRON _._ _END_,8565697
au_ADP _ADJ_ _NOUN_,8565526
au _ADJ_ _NOUN_,8565526
que vous_PRON _VERB_,8562903
que vous _VERB_,8562903
d'_ADP _DET_ _ADJ_,8551608
_VERB_ : _NOUN_,8521518
_VERB_ :_. _NOUN_,8521518
quand_CONJ _PRON_ _VERB_,8510756
que l' _NOUN_,8509815
il _PRON_ a,8479142
il_PRON _PRON_ a,8479142
il _PRON_ a_VERB,8479137
il_PRON _PRON_ a_VERB,8479137
l'_VERB _NOUN_ _VERB_,8467602
très _ADJ_ _._,8462426
très_ADV _ADJ_ _._,8462426
"plus_ADV _ADJ_ ,",8455690
"plus _ADJ_ ,",8455690
"plus _ADJ_ ,_.",8455677
"plus_ADV _ADJ_ ,_.",8455677
c'est_VERB _DET_ _NOUN_,8451843
à_ADP _DET_ _DET_,8442502
à _DET_ _DET_,8442502
_START_ _DET_ _DET_,8437160
se _VERB_ de_ADP,8398867
se_PRON _VERB_ de_ADP,8398867
de _NOUN_ (_.,8398688
de _NOUN_ (,8398688
_START_ » _NOUN_,8395975
en _PRON_ _VERB_,8391362
de_ADP _NOUN_ (,8384010
de_ADP _NOUN_ (_.,8384010
"_START_ _CONJ_ ,",8363557
"_START_ _CONJ_ ,_.",8363540
le _NOUN_ _ADV_,8353910
le_DET _NOUN_ _ADV_,8353894
"_VERB_ ,_. mais",8342480
"_VERB_ , mais",8342480
"_VERB_ , mais_CONJ",8342480
"_VERB_ ,_. mais_CONJ",8342480
mais _DET_ _NOUN_,8337322
mais_CONJ _DET_ _NOUN_,8336989
vous_PRON _VERB_ _DET_,8331824
vous _VERB_ _DET_,8331824
en_ADP _PRON_ _VERB_,8329895
_VERB_ - vous,8319877
_VERB_ - vous_PRON,8319877
_VERB_ -_PRON vous_PRON,8319876
_VERB_ -_PRON vous,8319876
les _NOUN_ qui,8318383
les _NOUN_ qui_PRON,8318383
les_DET _NOUN_ qui_PRON,8318305
les_DET _NOUN_ qui,8318305
l'_ADV _NOUN_ _._,8302347
à _ADV_ _ADJ_,8299763
à_ADP _ADV_ _ADJ_,8299606
dont_PRON _PRON_ _VERB_,8298597
dont _PRON_ _VERB_,8298597
qui_PRON _VERB_ à,8296620
qui _VERB_ à,8296620
qui_PRON _VERB_ à_ADP,8296615
qui _VERB_ à_ADP,8296615
où_PRON _DET_ _NOUN_,8293012
son _NOUN_ _CONJ_,8291715
son_DET _NOUN_ _CONJ_,8288294
peut_VERB _PRON_ être,8286946
peut _PRON_ être,8286946
peut _PRON_ être_VERB,8286931
peut_VERB _PRON_ être_VERB,8286931
après _DET_ _NOUN_,8258748
à _VERB_ .,8231167
à_ADP _VERB_ .,8231156
à _VERB_ ._.,8230852
à_ADP _VERB_ ._.,8230841
peut - _VERB_,8210629
peut_VERB - _VERB_,8210629
peut -_PRON _VERB_,8210461
peut_VERB -_PRON _VERB_,8210461
peut - être,8202799
peut_VERB - être,8202113
peut_VERB -_PRON être,8202091
peut -_PRON être,8202091
peut_VERB - être_VERB,8202091
peut -_PRON être_VERB,8202091
peut_VERB -_PRON être_VERB,8202091
peut - être_VERB,8202091
l'_NOUN _NOUN_ du,8183244
l'_NOUN _NOUN_ du_ADP,8183209
qui _VERB_ _._,8181972
qui_PRON _VERB_ _._,8181972
et_CONJ _NOUN_ .,8175129
et _NOUN_ .,8175129
et _NOUN_ ._.,8174743
et_CONJ _NOUN_ ._.,8174743
que _ADP_ _DET_,8169385
est _ADV_ _VERB_,8168551
est_VERB _ADV_ _VERB_,8166978
les _NOUN_ _NOUN_,8165984
d' _VERB_ _ADP_,8164866
à des_DET _NOUN_,8148831
à_ADP des_DET _NOUN_,8148831
à_ADP des _NOUN_,8148831
à des _NOUN_,8148831
l'_ADV _NOUN_ _ADJ_,8144012
d' _ADV_ _._,8136297
cette_DET _NOUN_ _ADJ_,8134293
cette _NOUN_ _ADJ_,8134293
avec_ADP _DET_ _ADJ_,8133171
avec _DET_ _ADJ_,8133171
on _VERB_ _ADV_,8133130
on_PRON _VERB_ _ADV_,8133082
_START_ _PRON_ me,8131614
_START_ _PRON_ a,8128236
_START_ _PRON_ a_VERB,8127808
d'_ADV _ADV_ _._,8122069
même _NOUN_ _._,8114933
"par _NOUN_ ,",8111504
"par_ADP _NOUN_ ,",8111504
"par_ADP _NOUN_ ,_.",8111257
"par _NOUN_ ,_.",8111257
_START_ _PRON_ me_PRON,8110922
des_ADP _NOUN_ _NOUN_,8103282
pour_ADP le_DET _NOUN_,8101042
pour_ADP le _NOUN_,8101042
pour le _NOUN_,8101042
pour le_DET _NOUN_,8101042
au _NOUN_ des,8100703
au_ADP _NOUN_ des,8100703
au_ADP _NOUN_ des_ADP,8100134
au _NOUN_ des_ADP,8100134
les_DET _NOUN_ _NOUN_,8093587
_START_ _CONJ_ _ADP_,8090860
à l' _VERB_,8089964
à_ADP l' _VERB_,8089964
_START_ _CONJ_ il_PRON,8080203
_START_ _CONJ_ il,8080203
deux _NOUN_ _ADP_,8079742
autre _NOUN_ _._,8063882
autre_ADJ _NOUN_ _._,8061602
après_ADP _DET_ _NOUN_,8055375
Les _NOUN_ de,8051494
Les _NOUN_ de_ADP,8051494
Les_DET _NOUN_ de_ADP,8051234
Les_DET _NOUN_ de,8051234
qui _ADV_ _VERB_,8025808
qui_PRON _ADV_ _VERB_,8025808
_START_ _ADP_ l',8019858
ne_ADV _VERB_ plus,8016153
ne _VERB_ plus,8016153
ne _VERB_ plus_ADV,8015976
ne_ADV _VERB_ plus_ADV,8015976
_START_ Ce _NOUN_,8008809
_START_ Ce_DET _NOUN_,8008809
elle_PRON _VERB_ _ADP_,8003891
elle _VERB_ _ADP_,8003891
Elle_PRON _VERB_ _VERB_,8002501
Elle _VERB_ _VERB_,8002501
toutes les _NOUN_,7990539
toutes les_DET _NOUN_,7990524
toutes_ADJ les _NOUN_,7990456
toutes_ADJ les_DET _NOUN_,7990456
à _NOUN_ _DET_,7944284
à_ADP _NOUN_ _DET_,7944284
qu'il _VERB_ _ADP_,7944177
l'_NOUN _NOUN_ des,7940305
l'_NOUN _NOUN_ des_ADP,7939192
_._ -- _NOUN_,7938048
_._ --_. _NOUN_,7938047
à _PRON_ _PRON_,7919103
à_ADP _PRON_ _PRON_,7919098
_START_ _NOUN_ :_.,7907422
_START_ _NOUN_ :,7907422
même_ADJ _NOUN_ _._,7905219
pas_ADV . _END_,7904716
pas_ADV ._. _END_,7904716
plus _ADJ_ .,7899024
plus_ADV _ADJ_ .,7899024
plus_ADV _ADJ_ ._.,7898923
plus _ADJ_ ._.,7898923
_START_ _ADV_ _PRON_,7881260
je_PRON _VERB_ _._,7873461
je _VERB_ _._,7873461
était _VERB_ _ADP_,7871402
était_VERB _VERB_ _ADP_,7871402
en _NOUN_ _NOUN_,7869689
en_ADP _NOUN_ _NOUN_,7869678
l'_NOUN _VERB_ _ADP_,7864450
on _VERB_ _DET_,7863892
on_PRON _VERB_ _DET_,7863639
"l' _VERB_ ,",7854093
"l' _VERB_ ,_.",7854089
sont _DET_ _NOUN_,7850764
sont_VERB _DET_ _NOUN_,7850764
me _VERB_ _DET_,7845156
dans son_DET _NOUN_,7838767
dans son _NOUN_,7838767
dans_ADP son _NOUN_,7838767
dans_ADP son_DET _NOUN_,7838767
"_START_ , _NOUN_",7817391
"_START_ ,_. _NOUN_",7817288
y _VERB_ _ADV_,7808984
y_PRON _VERB_ _ADV_,7806027
que_CONJ _NOUN_ _VERB_,7797180
des_ADP _NOUN_ _PRON_,7796883
que_PRON _PRON_ _PRON_,7791752
a _ADV_ _VERB_,7786388
a_VERB _ADV_ _VERB_,7778216
à l'_ADV _ADJ_,7776469
à_ADP l'_ADV _ADJ_,7776445
se_PRON _VERB_ dans,7755942
se_PRON _VERB_ dans_ADP,7755942
se _VERB_ dans_ADP,7755942
se _VERB_ dans,7755942
en _NOUN_ et,7754670
en _NOUN_ et_CONJ,7754670
en_ADP _NOUN_ et,7754670
en_ADP _NOUN_ et_CONJ,7754670
je me _VERB_,7747847
je_PRON me _VERB_,7747847
je_PRON me_PRON _VERB_,7747847
je me_PRON _VERB_,7747847
les _VERB_ _ADP_,7745803
d' _VERB_ _VERB_,7743023
de l'_NOUN _VERB_,7742616
de_ADP l'_NOUN _VERB_,7742590
par_ADP _DET_ _ADJ_,7713946
par _DET_ _ADJ_,7713946
moi_PRON _._ _END_,7711751
moi _._ _END_,7711751
Je _VERB_ _DET_,7704823
Je_PRON _VERB_ _DET_,7704823
_START_ --_. _ADP_,7701100
_START_ -- _ADP_,7701100
cette _NOUN_ _VERB_,7696407
cette_DET _NOUN_ _VERB_,7696407
_START_ _PRON_ y,7674922
_START_ _PRON_ y_PRON,7672753
les_PRON _VERB_ _ADP_,7667564
par l' _NOUN_,7627896
par_ADP l' _NOUN_,7627896
par l'_NOUN _NOUN_,7627889
par_ADP l'_NOUN _NOUN_,7627889
la _NOUN_ est,7626143
la _NOUN_ est_VERB,7626040
la_DET _NOUN_ est,7626034
la_DET _NOUN_ est_VERB,7625931
pas _ADP_ _DET_,7619068
de _NOUN_ _DET_,7567430
à _DET_ ',7565569
à_ADP _DET_ ',7565569
à _DET_ '_DET,7565409
à_ADP _DET_ '_DET,7565409
de _ADV_ _VERB_,7557742
à _VERB_ _ADV_,7554268
à_ADP _VERB_ _ADV_,7554170
pour_ADP _DET_ _ADJ_,7551118
pour _DET_ _ADJ_,7551118
elle . _END_,7547839
elle_PRON ._. _END_,7547679
elle ._. _END_,7547679
elle_PRON . _END_,7547679
de_ADP _ADV_ _VERB_,7536045
l' _VERB_ .,7530829
l' _VERB_ ._.,7530107
de _ADJ_ _DET_,7522665
à l ',7518684
à_ADP l ',7518574
de _NOUN_ pour,7515175
de _NOUN_ pour_ADP,7515175
"d'_ADJ _NOUN_ ,",7495053
"d'_ADJ _NOUN_ ,_.",7494961
vous _PRON_ _VERB_,7492911
vous_PRON _PRON_ _VERB_,7492911
de_ADP _NOUN_ _DET_,7491055
sur_ADP _DET_ _ADJ_,7490797
sur _DET_ _ADJ_,7490797
qu'il _VERB_ _ADV_,7487369
d'_DET _ADJ_ _NOUN_,7486238
l' _PRON_ _ADP_,7480770
à_ADP l_DET _DET_,7471990
à_ADP l _DET_,7471990
à l _DET_,7471990
à l_DET _DET_,7471990
la _NOUN_ qui_PRON,7457397
la _NOUN_ qui,7457397
la_DET _NOUN_ qui,7457383
la_DET _NOUN_ qui_PRON,7457383
pour _PRON_ _._,7457364
pour_ADP _PRON_ _._,7457364
tout _ADP_ _NOUN_,7454877
_START_ _ADV_ _ADJ_,7451420
_START_ Il est,7447495
_START_ Il_PRON est,7444915
_START_ Il est_VERB,7444915
_START_ Il_PRON est_VERB,7444915
à l_DET ',7431902
à l '_DET,7431902
à l_DET '_DET,7431902
à_ADP l_DET '_DET,7431902
à_ADP l '_DET,7431902
à_ADP l_DET ',7431902
est _VERB_ _._,7430103
est_VERB _VERB_ _._,7422924
l'_NOUN _NOUN_ _NOUN_,7408248
mes _NOUN_ _._,7400280
de_ADP _NOUN_ pour,7395636
de_ADP _NOUN_ pour_ADP,7395636
notre _NOUN_ _._,7386286
notre_DET _NOUN_ _._,7386286
et_CONJ _ADJ_ _NOUN_,7378629
et _ADJ_ _NOUN_,7378629
_START_ Je_PRON _ADV_,7360804
_START_ Je _ADV_,7360804
_START_ Le _ADJ_,7351776
_START_ Le_DET _ADJ_,7351776
depuis _DET_ _NOUN_,7341873
depuis_ADP _DET_ _NOUN_,7341494
me _VERB_ _VERB_,7338760
et _ADV_ _ADV_,7338041
et_CONJ _ADV_ _ADV_,7338041
nous _VERB_ _DET_,7332733
nous_PRON _VERB_ _DET_,7332691
de _VERB_ les,7319695
de_ADP _VERB_ les,7319652
il_PRON _VERB_ _ADJ_,7317789
il _VERB_ _ADJ_,7317789
d' un _ADJ_,7316122
lui _._ _END_,7313792
lui_PRON _._ _END_,7313792
qui _VERB_ le,7304394
qui_PRON _VERB_ le,7304394
votre _NOUN_ _._,7290570
la _NOUN_ _DET_,7280657
la_DET _NOUN_ _DET_,7280583
de _VERB_ les_DET,7263734
de_ADP _VERB_ les_DET,7263692
du _NOUN_ _PRON_,7261671
à _PRON_ _._,7261187
à_ADP _PRON_ _._,7261187
un _NOUN_ à,7257304
un _NOUN_ à_ADP,7257295
un_DET _NOUN_ à,7257176
un_DET _NOUN_ à_ADP,7257167
"mon_DET _NOUN_ ,",7255227
"mon _NOUN_ ,",7255227
"mon_DET _NOUN_ ,_.",7254925
"mon _NOUN_ ,_.",7254925
les _ADV_ _ADJ_,7251185
mes_DET _NOUN_ _._,7247712
les_DET _ADV_ _ADJ_,7247485
et l'_VERB _NOUN_,7229083
et_CONJ l'_VERB _NOUN_,7229083
sur _NOUN_ _NOUN_,7224518
sur_ADP _NOUN_ _NOUN_,7224518
de _VERB_ .,7218508
de_ADP _VERB_ .,7218360
de _VERB_ ._.,7218060
de_ADP _VERB_ ._.,7217912
d' un_DET _ADJ_,7217695
a été _VERB_,7210519
a été_VERB _VERB_,7210434
a_VERB été_VERB _VERB_,7210430
a_VERB été _VERB_,7210430
_VERB_ - ce,7208875
le _VERB_ .,7206013
le _VERB_ ._.,7205412
du_ADP _NOUN_ _PRON_,7202270
un _NOUN_ qui,7201816
un _NOUN_ qui_PRON,7201816
un_DET _NOUN_ qui,7201373
un_DET _NOUN_ qui_PRON,7201373
_VERB_ - ce_PRON,7193614
_VERB_ -_PRON ce,7193610
_VERB_ -_PRON ce_PRON,7193610
le_PRON _VERB_ .,7192934
le_PRON _VERB_ ._.,7192334
le _ADV_ _ADJ_,7174287
Paris_NOUN _._ _NOUN_,7168309
Paris _._ _NOUN_,7168309
le_DET _ADV_ _ADJ_,7167342
est _ADP_ _NOUN_,7156286
de _ADV_ _ADV_,7154579
de _VERB_ la,7153440
de_ADP _VERB_ la,7153243
me_PRON _VERB_ _DET_,7148914
ne pas_ADV _VERB_,7146568
ne pas _VERB_,7146568
ne_ADV pas _VERB_,7146568
ne_ADV pas_ADV _VERB_,7146568
de_ADP _ADV_ _ADV_,7140573
est_VERB _ADP_ _NOUN_,7127015
des_DET _NOUN_ et,7115376
des_DET _NOUN_ et_CONJ,7115376
l' _VERB_ de,7107120
"l'_ADV _ADJ_ ,",7103165
"l'_ADV _ADJ_ ,_.",7103152
on _PRON_ _VERB_,7099815
on_PRON _PRON_ _VERB_,7096928
de _VERB_ la_DET,7094273
de_ADP _VERB_ la_DET,7094089
d' une _ADJ_,7089371
les _VERB_ _._,7077159
C'est _DET_ _NOUN_,7075446
votre_DET _NOUN_ _._,7069523
Le_DET _ADJ_ _NOUN_,7050887
Le _ADJ_ _NOUN_,7050887
qui_PRON _VERB_ le_DET,7050422
qui _VERB_ le_DET,7050422
les_PRON _VERB_ _._,7043846
_START_ _PRON_ avait_VERB,7041202
_START_ _PRON_ avait,7041202
fait _DET_ _NOUN_,7030758
ce _NOUN_ _ADJ_,7029678
ce_DET _NOUN_ _ADJ_,7028542
_START_ _._ _VERB_,7017039
"_._ , _DET_",7015058
"_._ ,_. _DET_",7015058
de_ADP _ADJ_ _DET_,7014280
a _VERB_ _._,7000904
Le _NOUN_ _._,7000095
Le_DET _NOUN_ _._,7000093
de l'_ADV _ADJ_,6998810
de_ADP l'_ADV _ADJ_,6994790
a_VERB _VERB_ _._,6988023
l' _VERB_ de_ADP,6987059
on _VERB_ _ADP_,6982739
on_PRON _VERB_ _ADP_,6982465
n'y _VERB_ _ADV_,6978910
de _VERB_ le,6978477
de_ADP _VERB_ le,6978409
me_PRON _VERB_ _VERB_,6977129
Il_PRON y_PRON _VERB_,6970992
Il y _VERB_,6970992
Il_PRON y _VERB_,6970992
Il y_PRON _VERB_,6970992
une _NOUN_ _CONJ_,6966469
une_DET _NOUN_ _CONJ_,6966283
l'_ADV _VERB_ _._,6963139
"le _VERB_ ,",6958460
"le _VERB_ ,_.",6958458
que _PRON_ _ADV_,6943637
"le_PRON _VERB_ ,",6940589
"le_PRON _VERB_ ,_.",6940587
_START_ C'est _ADV_,6937579
comme un _NOUN_,6933959
comme un_DET _NOUN_,6933959
comme_ADP un _NOUN_,6933429
comme_ADP un_DET _NOUN_,6933429
fait_VERB _DET_ _NOUN_,6932068
pas de _NOUN_,6922364
et de la,6915867
et de_ADP la,6914277
et_CONJ de_ADP la,6914277
et_CONJ de la,6914277
les plus _ADJ_,6913040
les plus_ADV _ADJ_,6913040
les_DET plus_ADV _ADJ_,6912709
les_DET plus _ADJ_,6912709
qui ne _VERB_,6909716
qui_PRON ne_ADV _VERB_,6909716
qui_PRON ne _VERB_,6909716
qui ne_ADV _VERB_,6909716
la _VERB_ _ADP_,6908053
des_DET _NOUN_ _PRON_,6905488
lui _VERB_ _ADP_,6898002
lui_PRON _VERB_ _ADP_,6898002
_VERB_ - je,6895122
_VERB_ -_PRON je_PRON,6895122
_VERB_ -_PRON je,6895122
_VERB_ - je_PRON,6895122
que _VERB_ _NOUN_,6890124
qui _VERB_ la,6887863
qui_PRON _VERB_ la,6887863
_START_ « _NOUN_,6884710
d'_DET _NOUN_ _ADP_,6881040
_START_ Je ne,6871741
_START_ Je_PRON ne_ADV,6871517
_START_ Je ne_ADV,6871517
_START_ Je_PRON ne,6871517
son _NOUN_ et_CONJ,6868900
son _NOUN_ et,6868900
toute _DET_ _NOUN_,6866681
son_DET _NOUN_ et_CONJ,6866043
son_DET _NOUN_ et,6866043
de _VERB_ le_DET,6861066
de_ADP _VERB_ le_DET,6861004
de _NOUN_ -,6831309
d'_DET une _NOUN_,6830543
d'_DET une_DET _NOUN_,6830328
des_DET _NOUN_ _ADV_,6819523
À_ADP _DET_ _NOUN_,6810479
À _DET_ _NOUN_,6810479
d' _NOUN_ de,6808812
d' _NOUN_ de_ADP,6808758
l' _VERB_ _DET_,6807773
de_ADP _NOUN_ -,6807147
la_PRON _VERB_ _ADP_,6790365
pas_ADV _ADP_ _DET_,6786262
Mais _PRON_ _VERB_,6779752
Mais_CONJ _PRON_ _VERB_,6778525
se _VERB_ en,6776557
se_PRON _VERB_ en,6776557
il _VERB_ _._,6774787
il_PRON _VERB_ _._,6774787
qui _VERB_ la_DET,6771493
qui_PRON _VERB_ la_DET,6771493
l'_ADV _ADJ_ .,6768952
l'_ADV _ADJ_ ._.,6768806
de _VERB_ à,6767779
de _VERB_ à_ADP,6767778
de_ADP _VERB_ à,6767696
de_ADP _VERB_ à_ADP,6767695
et de_ADP la_DET,6762788
et_CONJ de_ADP la_DET,6762788
et de la_DET,6762788
et_CONJ de la_DET,6762788
leur _NOUN_ .,6754300
leur _NOUN_ ._.,6754288
leur_DET _NOUN_ .,6754203
leur_DET _NOUN_ ._.,6754191
à_ADP _NOUN_ _CONJ_,6752394
à _NOUN_ _CONJ_,6752394
se _VERB_ _CONJ_,6747522
se_PRON _VERB_ _CONJ_,6747522
se _VERB_ en_ADP,6736666
se_PRON _VERB_ en_ADP,6736666
:_. « _NOUN_,6735263
toute_ADJ _DET_ _NOUN_,6720639
devant _DET_ _NOUN_,6720471
que l' _PRON_,6716504
dit _PRON_ _PRON_,6706712
dit_VERB _PRON_ _PRON_,6706712
qu'elle _VERB_ _VERB_,6706663
l'_NOUN _NOUN_ _PRON_,6706446
d' autres _NOUN_,6699894
d' autres_ADJ _NOUN_,6699677
l'_VERB _NOUN_ _._,6696633
les _NOUN_ d'_ADP,6691482
les_DET _NOUN_ d'_ADP,6691471
"de _VERB_ ,",6689375
"de _VERB_ ,_.",6689375
"de_ADP _VERB_ ,",6689127
"de_ADP _VERB_ ,_.",6689127
_START_ C'est _DET_,6684410
en_PRON _VERB_ _ADV_,6683752
_START_ Et_CONJ _PRON_,6682059
_START_ Et _PRON_,6682059
devant_ADP _DET_ _NOUN_,6675998
Elle _PRON_ _VERB_,6670827
Elle_PRON _PRON_ _VERB_,6670827
L _DET_ _NOUN_,6670658
et_CONJ se_PRON _VERB_,6668745
et_CONJ se _VERB_,6668745
et se _VERB_,6668745
et se_PRON _VERB_,6668745
"à _VERB_ ,",6663760
"à _VERB_ ,_.",6663751
"à_ADP _VERB_ ,",6663738
"à_ADP _VERB_ ,_.",6663729
L_DET _DET_ _NOUN_,6663680
d _ADP_ un,6661723
d_ADP _ADP_ un,6661647
qui _VERB_ de,6661501
qui_PRON _VERB_ de,6661501
de _NOUN_ -_NOUN,6656528
de _ADV_ _ADP_,6655124
il ne _VERB_,6637387
il ne_ADV _VERB_,6637387
il_PRON ne_ADV _VERB_,6637387
il_PRON ne _VERB_,6637387
lui_PRON _VERB_ _._,6634998
lui _VERB_ _._,6634998
de_ADP _NOUN_ -_NOUN,6633679
de _VERB_ _VERB_,6631713
ou_CONJ _ADP_ _DET_,6629779
ou _ADP_ _DET_,6629779
de_ADP _VERB_ _VERB_,6628698
d ' un,6627255
d '_ADP un,6626400
d_ADP ' un,6626400
d_ADP '_ADP un,6626400
ce _VERB_ _ADV_,6623527
ce_PRON _VERB_ _ADV_,6620760
de_ADP _ADV_ _ADP_,6610079
ne se_PRON _VERB_,6609753
ne_ADV se_PRON _VERB_,6609753
ne_ADV se _VERB_,6609753
ne se _VERB_,6609753
comme _PRON_ _VERB_,6595719
_VERB_ :_. «,6592640
_VERB_ : «,6592640
d _ADP_ un_DET,6589303
d_ADP _ADP_ un_DET,6589239
L ' _NOUN_,6585546
L '_DET _NOUN_,6584489
L_DET ' _NOUN_,6584488
L_DET '_DET _NOUN_,6584488
sa _ADJ_ _NOUN_,6575032
des _NOUN_ à,6574150
des _NOUN_ à_ADP,6574128
avec_ADP les _NOUN_,6563313
avec les_DET _NOUN_,6563313
avec les _NOUN_,6563313
avec_ADP les_DET _NOUN_,6563313
d'_ADP _NOUN_ .,6558054
d'_ADP _NOUN_ ._.,6557801
d ' un_DET,6554573
d '_ADP un_DET,6554451
d_ADP ' un_DET,6554451
d_ADP '_ADP un_DET,6554451
_START_ Des _NOUN_,6549218
avec_ADP le _NOUN_,6548247
avec le _NOUN_,6548247
avec le_DET _NOUN_,6548247
avec_ADP le_DET _NOUN_,6548247
sa_DET _ADJ_ _NOUN_,6541025
de _VERB_ _CONJ_,6537172
de_ADP _VERB_ _CONJ_,6537040
_START_ Des_DET _NOUN_,6536829
nous _VERB_ _._,6528880
nous_PRON _VERB_ _._,6528629
mon_DET _NOUN_ .,6517920
mon _NOUN_ .,6517920
mon_DET _NOUN_ ._.,6517903
mon _NOUN_ ._.,6517903
dit - _PRON_,6512973
dit_VERB - _PRON_,6512973
dit_VERB -_PRON _PRON_,6512957
dit -_PRON _PRON_,6512957
et_CONJ _ADP_ l',6507127
et _ADP_ l',6507127
t - elle,6504923
t _PRON_ elle_PRON,6504866
t _PRON_ elle,6504866
t -_PRON elle,6504681
t - elle_PRON,6504681
t -_PRON elle_PRON,6504681
par des _NOUN_,6501931
par_ADP des _NOUN_,6501931
par_ADP des_DET _NOUN_,6501851
par des_DET _NOUN_,6501851
pas _ADP_ _VERB_,6497509
le plus_ADV _ADJ_,6494450
le plus _ADJ_,6494450
le_DET plus_ADV _ADJ_,6493521
le_DET plus _ADJ_,6493521
t_PRON _PRON_ elle,6489285
t_PRON _PRON_ elle_PRON,6489285
t_PRON -_PRON elle,6489189
t_PRON -_PRON elle_PRON,6489189
t_PRON - elle,6489189
t_PRON - elle_PRON,6489189
pas_ADV de _NOUN_,6487252
dans_ADP sa _NOUN_,6474841
dans_ADP sa_DET _NOUN_,6474841
dans sa _NOUN_,6474841
dans sa_DET _NOUN_,6474841
que l'_PRON _PRON_,6460347
l'_VERB _VERB_ _ADV_,6451094
pas _ADJ_ _._,6446762
que_PRON _VERB_ _DET_,6445214
un _NOUN_ _NOUN_,6443159
ces _ADJ_ _NOUN_,6442409
ces_DET _ADJ_ _NOUN_,6439771
un_DET _NOUN_ _NOUN_,6438144
_START_ _PRON_ _._,6430536
la _VERB_ _._,6423645
qui _VERB_ de_ADP,6422113
qui_PRON _VERB_ de_ADP,6422113
"Paris , _NOUN_",6417839
"Paris_NOUN ,_. _NOUN_",6417839
"Paris ,_. _NOUN_",6417839
"Paris_NOUN , _NOUN_",6417839
"leur _NOUN_ ,",6412339
"leur _NOUN_ ,_.",6412260
"leur_DET _NOUN_ ,",6412257
"leur_DET _NOUN_ ,_.",6412178
_START_ Vous _VERB_,6397899
_START_ Vous_PRON _VERB_,6397899
Il _PRON_ a,6374796
Il_PRON _PRON_ a,6374796
Il_PRON _PRON_ a_VERB,6374795
Il _PRON_ a_VERB,6374795
pas _VERB_ _VERB_,6374126
de _NOUN_ dans_ADP,6366653
de _NOUN_ dans,6366653
sur l' _NOUN_,6356177
sur_ADP l' _NOUN_,6356177
pas_ADV _VERB_ _VERB_,6349588
à l'_NOUN _VERB_,6347306
à_ADP l'_NOUN _VERB_,6347306
pas_ADV _ADP_ _VERB_,6345826
la_PRON _VERB_ _._,6334418
lui . _END_,6330685
lui_PRON . _END_,6330541
lui_PRON ._. _END_,6330541
lui ._. _END_,6330541
de _NOUN_ d',6320404
de_ADP _NOUN_ dans_ADP,6314212
de_ADP _NOUN_ dans,6314212
ses _NOUN_ _VERB_,6309798
ses_DET _NOUN_ _VERB_,6309798
_START_ _._ Tu,6297828
il se_PRON _VERB_,6288727
il_PRON se _VERB_,6288727
il_PRON se_PRON _VERB_,6288727
il se _VERB_,6288727
de_ADP _NOUN_ d',6268033
_START_ _ADP_ les,6261309
La _NOUN_ _._,6259413
_START_ -- Tu,6257662
_START_ --_. Tu,6257621
La_DET _NOUN_ _._,6256978
une _NOUN_ à,6250641
une _NOUN_ à_ADP,6250611
une_DET _NOUN_ à,6250538
une_DET _NOUN_ à_ADP,6250508
le _NOUN_ est_VERB,6242025
le _NOUN_ est,6242025
le_DET _NOUN_ est,6242018
le_DET _NOUN_ est_VERB,6242018
_START_ _VERB_ _._,6239931
à_ADP sa _NOUN_,6235837
à_ADP sa_DET _NOUN_,6235837
à sa_DET _NOUN_,6235837
à sa _NOUN_,6235837
son _NOUN_ de,6231795
son _NOUN_ de_ADP,6231794
son_DET _NOUN_ de,6226398
son_DET _NOUN_ de_ADP,6226397
pas _PRON_ _VERB_,6220274
d _ADP_ une,6218778
d_ADP _ADP_ une,6218746
d'_ADJ _NOUN_ .,6213116
d'_ADJ _NOUN_ ._.,6213087
à _ADJ_ _NOUN_,6212468
à_ADP _ADJ_ _NOUN_,6212436
pas_ADV _ADJ_ _._,6206345
Je_PRON _VERB_ _ADP_,6202295
Je _VERB_ _ADP_,6202295
d ' une,6193699
le _NOUN_ à,6193473
le _NOUN_ à_ADP,6193472
le_DET _NOUN_ à,6193471
le_DET _NOUN_ à_ADP,6193470
d '_ADP une,6191542
d_ADP '_ADP une,6191542
d_ADP ' une,6191542
d _ADP_ une_DET,6174263
d_ADP _ADP_ une_DET,6174231
un _NOUN_ d'_ADJ,6173674
un_DET _NOUN_ d'_ADJ,6173652
que _PRON_ ne,6164198
que _PRON_ ne_ADV,6164198
des _NOUN_ du,6163620
des _NOUN_ du_ADP,6163613
au _NOUN_ d',6156180
au_ADP _NOUN_ d',6156180
a _VERB_ _ADV_,6152220
d ' une_DET,6147262
d '_ADP une_DET,6147235
d_ADP ' une_DET,6147235
d_ADP '_ADP une_DET,6147235
a_VERB _VERB_ _ADV_,6141742
_START_ Elle _PRON_,6134723
_START_ Elle_PRON _PRON_,6134723
en _NOUN_ d',6125853
en_ADP _NOUN_ d',6125852
qu'il _ADV_ _VERB_,6122523
_START_ Son _NOUN_,6118781
_START_ Son_DET _NOUN_,6118781
_START_ _NOUN_ et,6116849
_START_ _NOUN_ et_CONJ,6116849
pas_ADV _PRON_ _VERB_,6113271
qu'il_ADV _ADV_ _VERB_,6113165
de _DET_ vie,6112323
de_ADP _DET_ vie,6112321
de _DET_ vie_NOUN,6111679
de_ADP _DET_ vie_NOUN,6111677
_START_ _ADP_ les_DET,6096685
que_PRON nous_PRON _VERB_,6095146
que_PRON nous _VERB_,6095146
ces _NOUN_ _VERB_,6087469
ces_DET _NOUN_ _VERB_,6087446
par un _NOUN_,6085274
par_ADP un _NOUN_,6085274
par_ADP un_DET _NOUN_,6085274
par un_DET _NOUN_,6085274
plus _ADP_ _NOUN_,6077976
plus_ADV _ADP_ _NOUN_,6077957
nous _PRON_ _VERB_,6073940
nous_PRON _PRON_ _VERB_,6072682
tout_ADV _ADP_ _NOUN_,6071527
cette_DET _NOUN_ .,6059927
cette _NOUN_ .,6059927
cette _NOUN_ ._.,6059910
cette_DET _NOUN_ ._.,6059910
deux_DET _NOUN_ _._,6059143
tout le _NOUN_,6055765
tout le_DET _NOUN_,6055765
que _NOUN_ _NOUN_,6055676
ses_DET _ADJ_ _NOUN_,6049047
ses _ADJ_ _NOUN_,6049047
_START_ C'est_ADP _DET_,6046735
à _VERB_ de,6040200
à_ADP _VERB_ de,6040192
"_VERB_ ,_. je_PRON",6029042
"_VERB_ ,_. je",6029042
"_VERB_ , je",6029042
"_VERB_ , je_PRON",6029042
_START_ Ce _VERB_,6026592
_START_ Ce_PRON _VERB_,6026558
sur l'_NOUN _NOUN_,6023330
sur_ADP l'_NOUN _NOUN_,6023330
avec_ADP la_DET _NOUN_,6018011
avec la _NOUN_,6018011
avec la_DET _NOUN_,6018011
avec_ADP la _NOUN_,6018011
de _NOUN_ des,6013560
la _ADV_ _ADJ_,6011249
la_DET _ADV_ _ADJ_,6008939
_START_ _ADP_ _ADJ_,6006298
L' _NOUN_ _ADJ_,6005291
L'_NOUN _NOUN_ _ADJ_,6005197
sa _NOUN_ _VERB_,6004472
sa_DET _NOUN_ _VERB_,6004090
_START_ --_. _VERB_,5995469
_START_ -- _VERB_,5995469
y a _DET_,5992869
y_PRON a _DET_,5992869
y_PRON a_VERB _DET_,5992869
y a_VERB _DET_,5992869
de _NOUN_ des_ADP,5991726
de_ADP _NOUN_ des,5990399
_START_ _CONJ_ _NOUN_,5973586
et_CONJ _ADV_ _ADP_,5971130
et _ADV_ _ADP_,5971130
de_ADP _NOUN_ des_ADP,5968565
_START_ _ADP_ un,5956307
"_VERB_ , en",5949240
"_VERB_ ,_. en",5949240
pendant _DET_ _NOUN_,5945361
_START_ À_ADP _DET_,5945249
_START_ À _DET_,5945249
pendant_ADP _DET_ _NOUN_,5941325
La _ADJ_ _NOUN_,5938011
que _PRON_ on,5932379
que _PRON_ on_PRON,5932377
à ce_DET _NOUN_,5932041
à ce _NOUN_,5932041
à_ADP ce_DET _NOUN_,5932041
à_ADP ce _NOUN_,5932041
de _NOUN_ :_.,5928941
de _NOUN_ :,5928941
l'_NOUN _NOUN_ d',5924915
avec un_DET _NOUN_,5924165
avec un _NOUN_,5924165
avec_ADP un _NOUN_,5924165
avec_ADP un_DET _NOUN_,5924165
d' une_DET _ADJ_,5921816
comme_CONJ _PRON_ _VERB_,5921378
avait _ADV_ _VERB_,5921302
avait_VERB _ADV_ _VERB_,5921302
que l' on,5916429
que l' on_PRON,5915986
que l'_PRON on_PRON,5915986
que l'_PRON on,5915986
il y a,5913413
il_PRON y_PRON a,5913138
il y_PRON a_VERB,5913138
il y_PRON a,5913138
il y a_VERB,5913138
il_PRON y a,5913138
il_PRON y a_VERB,5913138
il_PRON y_PRON a_VERB,5913138
__ __ __,5913020
La_DET _ADJ_ _NOUN_,5910997
une _NOUN_ qui_PRON,5903553
une _NOUN_ qui,5903553
une_DET _NOUN_ qui,5903377
une_DET _NOUN_ qui_PRON,5903377
tout_ADJ le_DET _NOUN_,5898819
tout_ADJ le _NOUN_,5898819
avait _DET_ _NOUN_,5896400
avait_VERB _DET_ _NOUN_,5896400
de_ADP _NOUN_ :_.,5892271
de_ADP _NOUN_ :,5892271
et _ADP_ _PRON_,5890914
et_CONJ _ADP_ _PRON_,5890914
d'_DET autres_ADJ _NOUN_,5884889
d'_DET autres _NOUN_,5884889
_START_ _PRON_ était,5867639
_START_ _PRON_ était_VERB,5867639
et il_PRON _VERB_,5866130
et il _VERB_,5866130
et_CONJ il_PRON _VERB_,5866130
et_CONJ il _VERB_,5866130
et du _NOUN_,5862500
et_CONJ du_ADP _NOUN_,5862500
et du_ADP _NOUN_,5862500
et_CONJ du _NOUN_,5862500
_START_ _ADP_ un_DET,5861709
la _NOUN_ pour,5848988
la _NOUN_ pour_ADP,5848988
la_DET _NOUN_ pour,5848971
la_DET _NOUN_ pour_ADP,5848971
"_VERB_ ,_. en_ADP",5828811
"_VERB_ , en_ADP",5828811
d _ADP_ _VERB_,5820874
d_ADP _ADP_ _VERB_,5820626
_START_ _._ Tu_NOUN,5819096
moi . _END_,5799567
moi_PRON . _END_,5799368
moi_PRON ._. _END_,5799368
moi ._. _END_,5799368
_START_ -- Tu_NOUN,5789371
_START_ --_. Tu_NOUN,5789371
d ' _VERB_,5767128
d '_ADP _VERB_,5766851
d_ADP '_ADP _VERB_,5766851
d_ADP ' _VERB_,5766851
_START_ Il y,5760090
_START_ Il_PRON y,5759900
_START_ Il_PRON y_PRON,5759759
_START_ Il y_PRON,5759759
ses _NOUN_ _CONJ_,5737592
ses_DET _NOUN_ _CONJ_,5737592
ont _VERB_ _DET_,5730727
ont_VERB _VERB_ _DET_,5730727
_._ ) _END_,5729958
_._ )_. _END_,5729958
Elle _VERB_ _ADP_,5729510
Elle_PRON _VERB_ _ADP_,5729510
qui_PRON _VERB_ _ADJ_,5716104
qui _VERB_ _ADJ_,5716104
il _._ _END_,5711439
il_PRON _._ _END_,5711439
au _NOUN_ _CONJ_,5711264
au_ADP _NOUN_ _CONJ_,5711264
_START_ »_NOUN _NOUN_,5706181
"est _ADJ_ ,",5703904
"est _ADJ_ ,_.",5703896
autres _NOUN_ _._,5700408
autres_ADJ _NOUN_ _._,5692696
"plus _ADV_ ,",5690882
"plus _ADV_ ,_.",5690882
"plus_ADV _ADV_ ,",5690881
"plus_ADV _ADV_ ,_.",5690881
que tu _VERB_,5686574
_START_ _ADP_ ce,5681053
d'_DET _NOUN_ _ADJ_,5676359
"est_VERB _ADJ_ ,",5674645
"est_VERB _ADJ_ ,_.",5674637
On _VERB_ _ADV_,5669514
On_PRON _VERB_ _ADV_,5668592
la première _NOUN_,5655289
la première_ADJ _NOUN_,5655228
la_DET première _NOUN_,5653840
la_DET première_ADJ _NOUN_,5653779
et_CONJ _NOUN_ de,5650368
et _NOUN_ de,5650368
et_CONJ _NOUN_ de_ADP,5650247
et _NOUN_ de_ADP,5650247
pas _ADV_ _VERB_,5646377
ne _VERB_ _ADP_,5641248
ne_ADV _VERB_ _ADP_,5641248
quelques _NOUN_ _ADP_,5640393
_START_ _ADJ_ _._,5639637
que_CONJ _NOUN_ _NOUN_,5636526
en _VERB_ _VERB_,5634223
_START_ Si _PRON_,5622848
_START_ Si_CONJ _PRON_,5622848
la même _NOUN_,5620476
la même_ADJ _NOUN_,5620472
pas_ADV _ADV_ _VERB_,5619083
la_DET même _NOUN_,5618881
la_DET même_ADJ _NOUN_,5618881
_START_ Mais_CONJ _DET_,5618424
_START_ Mais _DET_,5618424
à _VERB_ de_ADP,5617040
à_ADP _VERB_ de_ADP,5617032
plus _ADP_ _DET_,5610283
plus_ADV _ADP_ _DET_,5610270
aussi_ADV _DET_ _NOUN_,5609963
aussi _DET_ _NOUN_,5609963
_START_ _._ C'est,5607701
sa _NOUN_ _CONJ_,5591341
sa_DET _NOUN_ _CONJ_,5591187
de l'_NOUN _ADJ_,5588437
de_ADP l'_NOUN _ADJ_,5588425
"_VERB_ ,_. à_ADP",5586127
"_VERB_ ,_. à",5586127
"_VERB_ , à_ADP",5586127
"_VERB_ , à",5586127
que tu_PRON _VERB_,5584698
de mon_DET _NOUN_,5583666
de mon _NOUN_,5583666
de_ADP mon _NOUN_,5583664
de_ADP mon_DET _NOUN_,5583664
Je_PRON me_PRON _VERB_,5583205
Je me _VERB_,5583205
Je me_PRON _VERB_,5583205
Je_PRON me _VERB_,5583205
plus _ADJ_ que,5574914
plus_ADV _ADJ_ que,5574913
son _ADJ_ _NOUN_,5568874
sur_ADP un_DET _NOUN_,5568455
sur un _NOUN_,5568455
sur_ADP un _NOUN_,5568455
sur un_DET _NOUN_,5568455
_START_ La _ADJ_,5568153
_START_ La_DET _ADJ_,5568153
son_DET _ADJ_ _NOUN_,5567739
_START_ _ADP_ l'_NOUN,5567504
_VERB_ : _._,5566281
_VERB_ :_. _._,5566281
ce _NOUN_ .,5564462
ce _NOUN_ ._.,5564442
ce_DET _NOUN_ .,5563821
ce_DET _NOUN_ ._.,5563802
Cette_DET _NOUN_ _VERB_,5561544
Cette _NOUN_ _VERB_,5561544
la plus_ADV _ADJ_,5554109
la plus _ADJ_,5554109
la_DET plus_ADV _ADJ_,5553812
la_DET plus _ADJ_,5553812
être _VERB_ _._,5544921
_START_ C'est_VERB _ADV_,5544797
the _X_ _X_,5542418
the_X _X_ _X_,5542418
_START_ _ADJ_ _DET_,5537395
_START_ -- C'est,5537115
_START_ --_. C'est,5537057
_START_ _CONJ_ je_PRON,5536826
_START_ _CONJ_ je,5536826
ou_CONJ _ADJ_ _._,5534080
ou _ADJ_ _._,5534080
pour _VERB_ _ADV_,5532580
pour_ADP _VERB_ _ADV_,5532580
Les _ADJ_ _NOUN_,5526966
Les_DET _ADJ_ _NOUN_,5526451
et_CONJ _ADP_ l'_NOUN,5525360
et _ADP_ l'_NOUN,5525360
y _VERB_ _._,5524239
les _NOUN_ à,5520537
les _NOUN_ à_ADP,5520525
les_DET _NOUN_ à,5520507
les_DET _NOUN_ à_ADP,5520495
y_PRON _VERB_ _._,5517094
_START_ Il _ADV_,5515130
_START_ Il_PRON _ADV_,5515130
être _DET_ _NOUN_,5511491
être_VERB _DET_ _NOUN_,5506298
qu'il_ADV _PRON_ _VERB_,5491628
se_PRON _VERB_ sur,5465676
se_PRON _VERB_ sur_ADP,5465676
se _VERB_ sur,5465676
se _VERB_ sur_ADP,5465676
est un _NOUN_,5463556
est un_DET _NOUN_,5463556
_START_ _._ _ADJ_,5460121
est_VERB un _NOUN_,5459578
est_VERB un_DET _NOUN_,5459578
être_VERB _VERB_ _._,5454838
deux_DET _NOUN_ _ADP_,5454312
"d'_DET _NOUN_ ,",5451171
"d'_DET _NOUN_ ,_.",5451104
avait_VERB _VERB_ _VERB_,5444651
avait _VERB_ _VERB_,5444651
Il _ADV_ _VERB_,5442593
Il_PRON _ADV_ _VERB_,5442593
quelques_DET _NOUN_ _ADP_,5441752
de leurs_DET _NOUN_,5439421
de_ADP leurs_DET _NOUN_,5439421
de_ADP leurs _NOUN_,5439421
de leurs _NOUN_,5439421
les deux _NOUN_,5423928
les_DET deux _NOUN_,5423551
les deux_ADJ _NOUN_,5423551
les_DET deux_ADJ _NOUN_,5423551
la _NOUN_ dans,5419592
la _NOUN_ dans_ADP,5419592
la_DET _NOUN_ dans_ADP,5419579
la_DET _NOUN_ dans,5419579
que_CONJ _ADP_ _DET_,5416426
d'_ADV _VERB_ _DET_,5413607
_START_ J'ai _VERB_,5404485
les _NOUN_ sont,5403233
les _NOUN_ sont_VERB,5403233
les_DET _NOUN_ sont_VERB,5403212
les_DET _NOUN_ sont,5403212
Mais _DET_ _NOUN_,5399419
Mais_CONJ _DET_ _NOUN_,5398559
était _ADJ_ _._,5398142
était_VERB _ADJ_ _._,5398142
d'_ADP _VERB_ _VERB_,5393493
Au_ADP _NOUN_ _ADP_,5392199
Au _NOUN_ _ADP_,5392199
plus _DET_ _NOUN_,5388901
mise _ADP_ _NOUN_,5369585
avec _NOUN_ _NOUN_,5365265
_START_ Les_DET _ADJ_,5364149
_START_ Les _ADJ_,5364149
avec_ADP _NOUN_ _NOUN_,5364054
entre les _NOUN_,5347811
entre les_DET _NOUN_,5347811
sont_VERB _ADV_ _ADJ_,5347488
sont _ADV_ _ADJ_,5347488
_START_ _CONJ_ _CONJ_,5345925
entre_ADP les_DET _NOUN_,5345685
entre_ADP les _NOUN_,5345685
par une_DET _NOUN_,5345263
par une _NOUN_,5345263
par_ADP une_DET _NOUN_,5345263
par_ADP une _NOUN_,5345263
qui_PRON lui _VERB_,5344993
qui lui _VERB_,5344993
qui_PRON lui_PRON _VERB_,5344993
qui lui_PRON _VERB_,5344993
et _VERB_ à,5334622
et_CONJ _VERB_ à,5334622
et _VERB_ à_ADP,5334618
et_CONJ _VERB_ à_ADP,5334618
:_. «_NOUN _NOUN_,5332772
que_PRON _DET_ _NOUN_,5326405
que l'_VERB _NOUN_,5323296
mon _NOUN_ _ADP_,5322013
mon_DET _NOUN_ _ADP_,5322013
avec une _NOUN_,5320336
avec_ADP une_DET _NOUN_,5320336
avec une_DET _NOUN_,5320336
avec_ADP une _NOUN_,5320336
leur _NOUN_ _ADJ_,5315932
leur_DET _NOUN_ _ADJ_,5315790
"ces _NOUN_ ,",5313781
"ces_DET _NOUN_ ,",5313737
"ces _NOUN_ ,_.",5313736
"ces_DET _NOUN_ ,_.",5313692
"_VERB_ , _ADJ_",5309738
"_VERB_ ,_. _ADJ_",5309738
qui_PRON _VERB_ les,5286644
qui _VERB_ les,5286644
d' _PRON_ _VERB_,5282257
lui - même,5281260
lui_PRON - même,5281027
pas de_ADP _NOUN_,5280799
n'est _ADV_ _ADV_,5279397
est _ADV_ _ADV_,5278323
_START_ _VERB_ _NOUN_,5278187
est_VERB _ADV_ _ADV_,5277363
d' _NOUN_ _NOUN_,5272972
_VERB_ : «_NOUN,5245687
_VERB_ :_. «_NOUN,5245687
"_._ ,_. _VERB_",5243661
"_._ , _VERB_",5243661
_START_ _VERB_ à,5235147
_START_ _VERB_ à_ADP,5235147
Et_CONJ _PRON_ _VERB_,5219358
Et _PRON_ _VERB_,5219358
à se_PRON _VERB_,5211009
à se _VERB_,5211009
à_ADP se _VERB_,5211009
à_ADP se_PRON _VERB_,5211009
qui_PRON a_VERB _VERB_,5209460
qui a _VERB_,5209460
qui a_VERB _VERB_,5209460
qui_PRON a _VERB_,5209460
chez _DET_ _NOUN_,5200040
chez_ADP _DET_ _NOUN_,5200040
d'_ADP _NOUN_ _ADJ_,5195637
Il_PRON _VERB_ _ADJ_,5195549
Il _VERB_ _ADJ_,5195549
pas _VERB_ _ADV_,5189303
_START_ _NOUN_ (,5168345
_START_ _NOUN_ (_.,5168345
que_PRON _VERB_ _NOUN_,5167977
du _NOUN_ des,5165594
pas_ADV _VERB_ _ADV_,5164065
du _NOUN_ des_ADP,5162903
l' _NOUN_ _ADV_,5161731
avec _PRON_ _._,5152724
avec_ADP _PRON_ _._,5152706
n'est_VERB _ADV_ _ADV_,5150493
le _NOUN_ en,5150269
n'en _VERB_ _ADV_,5150236
le_DET _NOUN_ en,5150230
et je _VERB_,5148329
et_CONJ je_PRON _VERB_,5148329
et_CONJ je _VERB_,5148329
et je_PRON _VERB_,5148329
_START_ Et _ADV_,5147893
_START_ Et_CONJ _ADV_,5147893
avec des _NOUN_,5146896
avec_ADP des_DET _NOUN_,5146895
avec des_DET _NOUN_,5146895
avec_ADP des _NOUN_,5146895
ce qu'il _VERB_,5140360
d' _NOUN_ _PRON_,5138535
du_ADP _NOUN_ des,5137458
du_ADP _NOUN_ des_ADP,5134767
un _NOUN_ et,5134748
un _NOUN_ et_CONJ,5134748
un_DET _NOUN_ et,5134573
un_DET _NOUN_ et_CONJ,5134573
qu'il_ADV _VERB_ _ADV_,5129894
qui _VERB_ les_DET,5124334
qui_PRON _VERB_ les_DET,5124334
plus _ADJ_ que_CONJ,5123560
plus_ADV _ADJ_ que_CONJ,5123559
ces _NOUN_ _ADP_,5110936
ces_DET _NOUN_ _ADP_,5110912
"_VERB_ ,_. le",5106591
"_VERB_ , le",5106591
n'en_ADV _VERB_ _ADV_,5102661
of _X_ _X_,5101970
of_X _X_ _X_,5101970
à _VERB_ les,5095374
à_ADP _VERB_ les,5095365
comme une _NOUN_,5092034
comme une_DET _NOUN_,5092034
comme_ADP une _NOUN_,5091137
comme_ADP une_DET _NOUN_,5091137
d'_ADP _VERB_ _ADP_,5085067
à _VERB_ les_DET,5077595
à_ADP _VERB_ les_DET,5077586
de _NOUN_ ou_CONJ,5076002
de _NOUN_ ou,5076002
_START_ _CONJ_ le,5068415
_VERB_ :_. --,5063210
_VERB_ : --,5063210
_START_ Ces _NOUN_,5061363
_START_ Ces_DET _NOUN_,5061363
des _NOUN_ en,5059481
de_ADP _NOUN_ ou_CONJ,5057111
de_ADP _NOUN_ ou,5057111
avait_VERB _VERB_ _._,5055585
avait _VERB_ _._,5055585
à _PRON_ _ADP_,5046049
à_ADP _PRON_ _ADP_,5046049
de _NOUN_ du,5044487
de _NOUN_ du_ADP,5044013
peut _VERB_ _DET_,5041675
peut_VERB _VERB_ _DET_,5041675
ces _NOUN_ _ADJ_,5038863
ces_DET _NOUN_ _ADJ_,5038850
ce _ADJ_ _NOUN_,5036219
Le _NOUN_ _NOUN_,5031695
Le_DET _NOUN_ _NOUN_,5031690
de_ADP _NOUN_ du,5025509
de_ADP _NOUN_ du_ADP,5025035
"aux_ADP _NOUN_ ,",5022430
"aux _NOUN_ ,",5022430
"aux_ADP _NOUN_ ,_.",5022323
"aux _NOUN_ ,_.",5022323
pour _VERB_ les,5017878
pour_ADP _VERB_ les,5017878
que _ADV_ _VERB_,5015903
d' _PRON_ _._,5007833
ce_DET _ADJ_ _NOUN_,5007141
"Le_DET _NOUN_ ,",5002278
"Le _NOUN_ ,",5002278
"Le _NOUN_ ,_.",5002123
"Le_DET _NOUN_ ,_.",5002123
Si _PRON_ _VERB_,4999728
Si_CONJ _PRON_ _VERB_,4999184
que_CONJ _PRON_ _ADV_,4997719
de _VERB_ un,4996513
de_ADP _VERB_ un,4996449
plus_ADV _DET_ _NOUN_,4992025
les _NOUN_ en,4986327
les_DET _NOUN_ en,4986302
y _VERB_ _ADP_,4986073
à_ADP ses_DET _NOUN_,4985300
à_ADP ses _NOUN_,4985300
à ses _NOUN_,4985300
à ses_DET _NOUN_,4985300
_START_ _NOUN_ ),4984431
_START_ _NOUN_ )_.,4984431
_START_ À_ADP _NOUN_,4982918
_START_ À _NOUN_,4982918
pour_ADP _VERB_ les_DET,4981256
pour _VERB_ les_DET,4981256
y_PRON _VERB_ _ADP_,4979323
de _VERB_ un_DET,4970120
de_ADP _VERB_ un_DET,4970073
et _._ _ADP_,4967160
et_CONJ _._ _ADP_,4967160
_START_ _._ _END_,4965815
que _VERB_ _VERB_,4964622
pas _ADV_ _ADP_,4963554
des _NOUN_ en_ADP,4949024
des_DET _NOUN_ d',4947482
cet _NOUN_ _._,4947397
cet_DET _NOUN_ _._,4947397
ne _VERB_ que,4946173
ne_ADV _VERB_ que,4946173
pas_ADV _ADV_ _ADP_,4942598
Pour_ADP _DET_ _NOUN_,4936915
Pour _DET_ _NOUN_,4936915
quelques _NOUN_ _._,4934355
de ne _ADV_,4933485
de ne_ADV _ADV_,4933485
de_ADP ne _ADV_,4932377
de_ADP ne_ADV _ADV_,4932377
_START_ _._ Il,4921321
_START_ _._ Il_PRON,4921321
n'est _ADV_ _ADJ_,4921162
de le _VERB_,4919539
de_ADP le _VERB_,4919533
de le_PRON _VERB_,4919409
de_ADP le_PRON _VERB_,4919403
ses_DET _NOUN_ et,4916178
ses_DET _NOUN_ et_CONJ,4916178
ses _NOUN_ et_CONJ,4916178
ses _NOUN_ et,4916178
le _ADJ_ _._,4915095
le_DET _ADJ_ _._,4914992
"ma _NOUN_ ,",4913179
"ma _NOUN_ ,_.",4913132
au_ADP _NOUN_ d'_ADP,4913080
au _NOUN_ d'_ADP,4913080
est _ADJ_ _CONJ_,4911237
ce _NOUN_ de_ADP,4907278
ce _NOUN_ de,4907278
ce_DET _NOUN_ de_ADP,4906659
ce_DET _NOUN_ de,4906659
_START_ Il ne,4906586
_START_ Il_PRON ne_ADV,4906400
_START_ Il ne_ADV,4906400
_START_ Il_PRON ne,4906400
faire _VERB_ _DET_,4905347
selon_ADP _DET_ _NOUN_,4904178
selon _DET_ _NOUN_,4904178
pour_ADP _VERB_ la,4904011
pour _VERB_ la,4904011
l'_NOUN _VERB_ _._,4897945
faire_VERB _VERB_ _DET_,4897079
à_ADP _NOUN_ et_CONJ,4895607
à _NOUN_ et,4895607
à_ADP _NOUN_ et,4895607
à _NOUN_ et_CONJ,4895607
est_VERB _ADJ_ _CONJ_,4892750
et_CONJ qui _VERB_,4892242
et qui_PRON _VERB_,4892242
et_CONJ qui_PRON _VERB_,4892242
et qui _VERB_,4892242
L' _NOUN_ de,4890157
L' _NOUN_ de_ADP,4890149
L'_NOUN _NOUN_ de,4890085
L'_NOUN _NOUN_ de_ADP,4890077
pour_ADP _NOUN_ _._,4885499
pour _NOUN_ _._,4885499
nos_DET _NOUN_ _._,4885208
nos _NOUN_ _._,4885208
_START_ _ADP_ ce_DET,4883603
"et_CONJ , _ADP_",4881661
"et , _ADP_",4881661
"et ,_. _ADP_",4881661
"et_CONJ ,_. _ADP_",4881661
pour _VERB_ la_DET,4869800
pour_ADP _VERB_ la_DET,4869800
qui_PRON _VERB_ _PRON_,4864140
qui _VERB_ _PRON_,4864140
cette_DET _ADJ_ _NOUN_,4856139
cette _ADJ_ _NOUN_,4856139
Saint _NOUN_ _NOUN_,4849852
le _NOUN_ qui,4849585
le _NOUN_ qui_PRON,4849585
le_DET _NOUN_ qui,4849581
le_DET _NOUN_ qui_PRON,4849581
Saint_NOUN _NOUN_ _NOUN_,4845894
pas_ADV de_ADP _NOUN_,4845687
_START_ _._ _X_,4845664
en_ADP _VERB_ _ADV_,4840042
le _NOUN_ en_ADP,4839603
le_DET _NOUN_ en_ADP,4839564
à _VERB_ _CONJ_,4835185
à_ADP _VERB_ _CONJ_,4835178
quelques_DET _NOUN_ _._,4831727
était_VERB _DET_ _NOUN_,4826422
était _DET_ _NOUN_,4826422
ma _NOUN_ .,4826260
ma _NOUN_ ._.,4826250
_START_ _ADV_ _CONJ_,4823377
Ce _VERB_ _ADV_,4821869
d' _VERB_ _ADV_,4821158
du _NOUN_ d',4819833
d'_ADP _NOUN_ _VERB_,4815874
"ma_DET _NOUN_ ,",4814966
"ma_DET _NOUN_ ,_.",4814920
_START_ _PRON_ lui,4808670
_START_ _PRON_ lui_PRON,4808670
avoir _VERB_ _DET_,4806338
avoir_VERB _VERB_ _DET_,4805979
et à _DET_,4803114
et à_ADP _DET_,4803114
et_CONJ à_ADP _DET_,4803114
et_CONJ à _DET_,4803114
_VERB_ :_. --_.,4801755
_VERB_ : --_.,4801755
d'_ADJ _NOUN_ _VERB_,4800822
n'est_VERB _ADV_ _ADJ_,4799700
ne_ADV sont_VERB _ADV_,4799496
ne sont_VERB _ADV_,4799496
ne sont _ADV_,4799496
ne_ADV sont _ADV_,4799496
été _VERB_ _._,4794268
l'_NOUN _ADJ_ _._,4791214
été_VERB _VERB_ _._,4789192
"de _PRON_ ,_.",4787377
"de _PRON_ ,",4787377
"de_ADP _PRON_ ,_.",4787292
"de_ADP _PRON_ ,",4787292
Saint - _NOUN_,4785309
et_CONJ son_DET _NOUN_,4782300
et son_DET _NOUN_,4782300
et_CONJ son _NOUN_,4782300
et son _NOUN_,4782300
du_ADP _NOUN_ d',4781966
l' _ADJ_ de,4778812
l' _ADJ_ de_ADP,4778810
et_CONJ de _VERB_,4777914
et de _VERB_,4777914
et de_ADP _VERB_,4777914
et_CONJ de_ADP _VERB_,4777914
_._ -- _PRON_,4775917
dans ce_DET _NOUN_,4774395
dans ce _NOUN_,4774395
dans_ADP ce_DET _NOUN_,4774395
dans_ADP ce _NOUN_,4774395
Saint -_NOUN _NOUN_,4773981
"_VERB_ , le_DET",4772412
"_VERB_ ,_. le_DET",4772412
ma_DET _NOUN_ .,4772240
ma_DET _NOUN_ ._.,4772238
Saint_NOUN -_NOUN _NOUN_,4771822
Saint_NOUN - _NOUN_,4771822
Il_PRON ne_ADV _VERB_,4770586
Il ne _VERB_,4770586
Il_PRON ne _VERB_,4770586
Il ne_ADV _VERB_,4770586
_._ --_. _PRON_,4770298
est _VERB_ par,4759500
est _VERB_ par_ADP,4759500
est_VERB _VERB_ par_ADP,4757198
est_VERB _VERB_ par,4757198
prendre_VERB _DET_ _NOUN_,4753876
prendre _DET_ _NOUN_,4753876
était _ADV_ _ADJ_,4753146
était_VERB _ADV_ _ADJ_,4753146
sont_VERB _ADV_ _VERB_,4748788
sont _ADV_ _VERB_,4748788
_START_ J'ai_ADV _VERB_,4747556
ont_VERB _VERB_ _VERB_,4745205
ont _VERB_ _VERB_,4745205
ceux_PRON _PRON_ _VERB_,4743540
ceux _PRON_ _VERB_,4743540
n'a _ADV_ _VERB_,4731783
ils _VERB_ _VERB_,4728248
ils_PRON _VERB_ _VERB_,4728248
Il se _VERB_,4727206
Il se_PRON _VERB_,4727206
Il_PRON se _VERB_,4727206
Il_PRON se_PRON _VERB_,4727206
un _ADV_ _ADJ_,4719138
pour_ADP _VERB_ le,4713523
pour _VERB_ le,4713523
à_ADP _DET_ fois_NOUN,4712805
à_ADP _DET_ fois,4712805
à _DET_ fois,4712805
à _DET_ fois_NOUN,4712805
est _ADJ_ .,4711576
est _ADJ_ ._.,4711489
de l'_ADV _VERB_,4709860
de_ADP l'_ADV _VERB_,4707697
ce qui _PRON_,4704281
ce qui_PRON _PRON_,4704281
ce_PRON qui _PRON_,4704224
ce_PRON qui_PRON _PRON_,4704224
et_CONJ _ADV_ _DET_,4704020
et _ADV_ _DET_,4704020
en _VERB_ la,4701677
pour _VERB_ _VERB_,4697877
pour_ADP _VERB_ _VERB_,4697877
avoir _DET_ _NOUN_,4693691
avoir_VERB _DET_ _NOUN_,4693686
est_VERB _ADJ_ .,4689905
est_VERB _ADJ_ ._.,4689818
les _NOUN_ en_ADP,4687561
les_DET _NOUN_ en_ADP,4687539
bien _VERB_ _._,4686271
n'a_VERB _ADV_ _VERB_,4685956
jusqu'à _DET_ _NOUN_,4684376
jusqu'à_ADP _DET_ _NOUN_,4682458
pas _ADV_ _ADJ_,4681159
en _VERB_ la_DET,4680623
C'est_ADP _DET_ _NOUN_,4679749
la fin _ADP_,4679520
la fin_NOUN _ADP_,4679520
la_DET fin _ADP_,4679519
la_DET fin_NOUN _ADP_,4679519
peut _ADV_ _VERB_,4677709
peut_VERB _ADV_ _VERB_,4677709
n'est _ADV_ _DET_,4675297
ce que _VERB_,4672597
ce_PRON que _VERB_,4671958
bien_ADV _VERB_ _._,4671267
qu'il _VERB_ _DET_,4669897
_START_ _CONJ_ le_DET,4669002
pas _DET_ _ADJ_,4660903
pas_ADV _DET_ _ADJ_,4658482
pas_ADV _ADV_ _ADJ_,4657861
l'_NOUN _NOUN_ d'_ADP,4656975
l' un _ADP_,4654067
_START_ Pour _DET_,4653804
_START_ Pour_ADP _DET_,4653804
la _NOUN_ :,4643935
la _NOUN_ :_.,4643935
la_DET _NOUN_ :,4643909
la_DET _NOUN_ :_.,4643909
d'_DET _NOUN_ .,4642892
d'_DET _NOUN_ ._.,4642862
de _NOUN_ que,4638573
sa _NOUN_ et,4637898
sa _NOUN_ et_CONJ,4637898
sa_DET _NOUN_ et_CONJ,4637762
sa_DET _NOUN_ et,4637762
pour_ADP _VERB_ le_DET,4633964
pour _VERB_ le_DET,4633964
à_ADP cette_DET _NOUN_,4629084
à_ADP cette _NOUN_,4629084
à cette _NOUN_,4629084
à cette_DET _NOUN_,4629084
_START_ «_NOUN _NOUN_,4628677
là_ADV _._ _END_,4626434
là _._ _END_,4626434
On _VERB_ _VERB_,4626000
On_PRON _VERB_ _VERB_,4625256
du _NOUN_ à,4624037
du _NOUN_ à_ADP,4624035
dans_ADP ses _NOUN_,4621898
dans_ADP ses_DET _NOUN_,4621898
dans ses_DET _NOUN_,4621898
dans ses _NOUN_,4621898
et_CONJ une _NOUN_,4619960
et une _NOUN_,4619960
et une_DET _NOUN_,4619960
et_CONJ une_DET _NOUN_,4619960
ce que_PRON _VERB_,4619722
ce_PRON que_PRON _VERB_,4619704
sur_ADP son_DET _NOUN_,4603475
sur_ADP son _NOUN_,4603475
sur son_DET _NOUN_,4603475
sur son _NOUN_,4603475
_._ ..._. _._,4595884
_._ ... _._,4595884
_START_ _PRON_ -,4591404
_START_ _._ Oui,4589550
_START_ Je me,4588053
_START_ Je_PRON me,4587945
pour _ADV_ _VERB_,4586803
pour_ADP _ADV_ _VERB_,4586803
_VERB_ -- _PRON_,4585872
_VERB_ --_. _PRON_,4585733
des_ADP _NOUN_ d',4585047
n'est_VERB _ADV_ _DET_,4579939
de_ADP _NOUN_ que,4577436
_START_ Je_PRON me_PRON,4575920
_START_ Je me_PRON,4575920
des_ADP _NOUN_ du,4575454
des_ADP _NOUN_ du_ADP,4575447
"deux _NOUN_ ,",4573918
"deux _NOUN_ ,_.",4573835
du _NOUN_ du,4573656
du _NOUN_ du_ADP,4573654
