ngram,freq
t - il,10905618
peut - être,8202799
et de la,6915867
d ' un,6627255
t - elle,6504923
d ' une,6193699
que l' on,5916429
il y a,5913413
lui - même,5281260
Il y a,4289980
à la fois,4095226
de ne pas,4071546
et de l',3963386
à - dire,3876692
dit - il,3814393
ne sont pas,3792549
ce que je,3608471
c'est - à,3587245
de la vie,3507547
plus en plus,3242064
ce n'est pas,3236943
Qu'est - ce,3191441
de plus en,3169425
à partir de,3001102
que je ne,2937698
tout le monde,2898462
ce qui est,2887790
de l' autre,2839168
elle - même,2738768
de la ville,2686905
ce que tu,2641558
celui - ci,2614141
Ce n'est pas,2554890
Peut - être,2533780
en train de,2524796
au - dessus,2517489
l' un des,2494820
de l' homme,2481212
Est - ce,2438099
dit - elle,2435217
le temps de,2366713
la première fois,2354780
et à la,2296036
celle - ci,2289919
point de vue,2259388
la fin de,2233366
de tous les,2209253
en même temps,2207507
n'y a pas,2198139
a - t,2189154
tout à fait,2162015
il n'y a,2154815
ne sais pas,2129061
que ce soit,2108231
à l' intérieur,2078322
un peu plus,2010388
de la société,1999608
dans le cadre,1983717
ce que vous,1967827
la mise en,1955854
tout ce qui,1942086
à la fin,1939948
à l' autre,1873692
d' une voix,1873378
au - delà,1863052
ne suis pas,1843918
qu'il y a,1819476
de l' État,1813101
je me suis,1811411
États - Unis,1801105
une sorte de,1788921
plus ou moins,1780504
Je ne sais,1773314
Il n'y a,1763216
en tant que,1751617
un peu de,1748818
il y avait,1740085
que je suis,1738290
pour ne pas,1730275
la plupart des,1729225
dans le monde,1726557
de ce que,1717845
à ce que,1715339
tout de suite,1704927
ne peut pas,1700085
de l' eau,1699839
de ce qui,1674423
la fin du,1635210
je n'ai pas,1604827
ce qui se,1602640
tous les jours,1590588
de la maison,1581178
Il y avait,1575712
se mit à,1568919
rendez - vous,1565900
que nous avons,1562076
est - ce,1538013
le nom de,1525714
après - midi,1512839
demanda - t,1503259
de toutes les,1502721
à cause de,1496541
l' une des,1490420
où l' on,1476074
de l' histoire,1465790
à la maison,1459223
de la loi,1454067
au cours de,1452266
tout ce que,1440426
à côté de,1438386
et à l',1430732
au sein de,1418312
si l' on,1417088
de la République,1409968
à l' heure,1404830
par rapport à,1404241
le droit de,1404014
de la famille,1398925
l ' on,1394823
quelque chose de,1392334
je l' ai,1377183
de la nature,1376937
eux - mêmes,1368656
je ne sais,1360115
ce que nous,1346836
ne peux pas,1345916
de la guerre,1344596
Je n'ai pas,1340663
est - il,1337333
que vous avez,1306819
que je me,1306482
pour la première,1302675
dis - je,1298135
ce que l',1295513
n'est - ce,1291115
à l' époque,1279039
en cas de,1278800
de la même,1274870
de la France,1270691
un coup de,1267621
qu'est - ce,1265154
tout de même,1262464
je ne suis,1261225
d' autant plus,1259462
en matière de,1257677
moi - même,1256323
la mort de,1253654
de sa vie,1250323
d' un air,1240198
coup d' œil,1239655
à son tour,1232236
là - bas,1230540
à tous les,1230032
l' ensemble des,1228482
de la population,1224298
et d' une,1220243
au milieu de,1202270
de la part,1196590
à l' égard,1193905
Je me suis,1187932
tous les deux,1186737
y a des,1183527
de l' entreprise,1181086
d' un ton,1175567
que tu as,1173691
d ' autres,1163976
de l' article,1163093
ce n'était pas,1155185
l ' autre,1154838
peu à peu,1153479
le plus souvent,1151370
la jeune femme,1146745
le fait que,1139750
Je ne suis,1139559
de la mort,1131439
de la rue,1130960
l' idée de,1130595
au lieu de,1119096
ne veux pas,1105489
y a un,1105283
à la main,1101989
dans les années,1099842
d' entre eux,1097921
l' un de,1095282
l' histoire de,1086013
de ceux qui,1085986
sur la table,1083024
la porte de,1079528
de l' enfant,1078384
ce qui concerne,1074061
au moment où,1073854
d ' être,1072385
de l' ordre,1072209
ne peut être,1067869
un coup d',1065741
"moi , je",1064330
il n'est pas,1060614
de son père,1060317
a pas de,1056164
partie de la,1050335
on ne peut,1048592
à peu près,1047381
et d' un,1045972
dans ses bras,1045212
le cadre de,1044911
dans la mesure,1042723
jusqu'à ce que,1041109
lors de la,1040551
du mal à,1034989
dans la vie,1034983
de la main,1034559
la mesure où,1034474
côté de la,1032588
dans la salle,1024505
de l' année,1022925
dans tous les,1020300
à la porte,1017647
la question de,1017058
de l' art,1013773
y a une,1012245
celui de la,1012220
de la nuit,1010865
et de ses,1005439
mise en œuvre,1001470
pas du tout,998368
ou de la,996757
n'est pas un,996539
qui n'est pas,994222
entre les deux,990505
de la porte,983013
l' autre côté,980034
une partie de,973850
à l' aide,969637
un de ses,963284
l' occasion de,963095
le point de,960336
à - vis,956119
à l' origine,955098
le long de,953960
que les autres,950342
l' absence de,945045
et je ne,944877
en fonction de,942592
de sa mère,941076
d' autre part,941032
vis - à,937741
la salle de,937644
à la suite,935364
et de son,933728
sur le plan,932377
de la terre,929603
d' une part,927583
sur le sol,926441
dans le cas,924890
celle de la,923412
à propos de,923273
pas non plus,921623
de la région,920314
l' on peut,919616
à ne pas,917717
Celui - ci,916995
la vie de,916858
n'est pas le,916197
de l' argent,914041
d' un coup,912708
à la recherche,902828
ne faut pas,902129
mais je ne,901856
en raison de,894573
par - dessus,894565
ne pouvait pas,893860
je ne peux,891145
dans le domaine,888864
Je l' ai,886343
le nombre de,881882
avait - il,880115
près de la,874746
mise en place,874358
à travers les,873917
la tête de,872196
n'est pas une,871725
l' objet d',870870
en tout cas,866375
à la vie,864814
l ' homme,862620
de la situation,861536
le cas de,860892
à l' école,859250
au fond de,857905
ceux - ci,853507
ainsi que les,852815
ce que j'ai,851681
il n'y avait,848591
à la tête,845793
un certain nombre,845443
fin de la,845428
le plus grand,845350
de la tête,844629
autour de la,843742
dans la chambre,843632
ce genre de,842555
de la première,841711
grand - mère,841549
à l' aise,840812
l' intérieur de,835693
la tête et,834274
que je vous,832398
d' un autre,832361
dans la rue,829545
peut -- être,829159
au bout de,826382
et je me,825815
ou d' une,825132
la notion de,822799
et / ou,822406
Tout le monde,821795
à ce moment,821657
la jeune fille,819979
d' un homme,819160
à quel point,815805
ai - je,815655
Je ne peux,810545
de l' esprit,809172
de l' Union,805837
et que je,803098
Il n'est pas,800471
tout à coup,799368
la plus grande,797742
au moment de,791610
par la suite,791556
qui a été,791313
ce que le,790217
de l' action,789236
de la mer,785000
la façon dont,782179
grand - père,782142
de l' Église,780293
et l' autre,779434
comme si elle,777123
"que , dans",777097
Je crois que,776521
des droits de,775490
dans le même,773405
d' une autre,772922
ce que les,772500
d' une manière,769037
ne doit pas,768146
t - on,768115
la suite de,766831
la possibilité de,765232
de la salle,764478
dans la maison,763020
dans les yeux,762277
ne va pas,762088
l' intention de,762088
de la politique,761525
Ce n'était pas,760959
de la pièce,760892
de l' amour,760268
en ce moment,748548
n'y avait pas,747427
ou d' un,746940
ce qui lui,743741
à travers la,743080
pas à la,742156
la présence de,742015
en quelque sorte,741671
de la pensée,740984
de l' époque,739595
Celle - ci,738657
tout ce qu'il,738510
parce que je,738443
et d' autres,734733
de la personne,733761
"et , en",729291
se tourna vers,728296
t -- il,727754
Il faut que,726236
de l' école,724928
ce sont les,723446
l' objet de,723181
deux ou trois,722801
ne voulait pas,720919
je ne me,720025
tous ceux qui,720011
de la femme,720003
qui se passe,719214
en ce qui,718908
tout à l',714813
pas de la,714248
la loi du,714213
de la langue,714118
de la jeune,713912
et l' on,713403
à toutes les,713185
jour - là,713156
week - end,712633
Dans ce cas,711998
ce qu'il y,711549
que tu ne,711164
murmura - t,710639
à l' idée,710126
ce que la,709622
de le faire,708361
et de sa,707940
un de ces,705992
peu de temps,705940
à travers le,705308
milieu de la,705094
droits de l',702389
l' ensemble de,700340
la part de,700279
la direction de,700181
le sens de,699649
qu'il y avait,699177
que nous sommes,699097
y a de,697377
de la culture,697293
l' état de,696798
au milieu des,695491
de l' Europe,694754
que je n'ai,694390
que vous ne,693983
à l' occasion,693928
l' âge de,693343
l ' un,692939
secoua la tête,692326
le reste de,690992
y en a,686464
la maison de,684880
tout au long,684682
de plus de,684041
de la chambre,682543
du lundi au,681350
que vous êtes,680820
dans le temps,680586
que tu es,680395
au niveau de,679812
hocha la tête,678754
ce qui a,676143
au nom de,675773
la manière dont,675709
de l' espace,674639
la force de,673447
à d' autres,672765
mais il ne,670782
l' impression que,670605
quoi que ce,669313
de ma vie,669083
au cœur de,669072
Je ne veux,668809
autour de lui,667945
ou de l',665448
de l' armée,663673
à partir du,663609
n'est pas la,663474
la même chose,663298
Il n'y avait,662673
que tous les,662535
soi - même,661859
les yeux et,661742
l' air de,660720
ne pas être,660696
en direction de,659312
il faut que,658741
et que les,657665
au cours des,657377
sur le point,656627
président de la,655495
de l' île,654524
n'a pas été,654453
de mettre en,652152
l' ordre de,651552
de la liberté,651365
certain nombre de,650945
En tout cas,650823
un point de,650392
ce qui ne,649614
et les autres,649333
en face de,649258
dans la pièce,648916
au point de,646900
ne serait pas,645082
la ville de,643872
ne l' avait,642648
dans la région,642199
l' on ne,642061
de 10h à,641387
temps en temps,641161
celle de l',640196
la place de,639796
face à la,639676
il a été,639207
ce que c'est,638792
je n'avais pas,638079
la main sur,635732
que nous ne,634948
avant de se,633311
d' une grande,633254
en vue de,632271
qui ne sont,631810
et que le,631704
en dehors de,631108
Copyright Arvensa Editions,630843
de la communauté,630032
à l' esprit,629612
l' aide de,629003
une série de,628117
de l' être,627548
ajouta - t,626944
l' impression d',626293
de ce qu'il,625469
bien - être,625148
la recherche de,624945
dans le sens,624306
moment - là,624275
au bord de,624218
pas besoin de,622793
de la musique,622699
l' impression de,621264
à l' article,620244
la main de,619390
ne veut pas,617973
que je vais,617965
à l' extérieur,617177
ce qui était,616969
par la loi,616811
"qui , en",616568
la fin des,616040
que je lui,613110
long de la,612749
dans ce cas,611487
fois de plus,611440
cours de la,611220
nous l' avons,611122
l' origine de,611058
plus d' un,610337
de la route,608571
et de l,608442
la base de,608296
au début du,608040
dans l' espace,607773
de tout ce,607155
ne pas avoir,604788
en termes de,604413
salle de bains,604129
répondit - il,603310
sous la forme,602987
à l' abri,602412
de se faire,601541
Je sais que,601415
au long de,600874
de la place,599102
On ne peut,598969
à ceux qui,598253
"lui , il",598051
la qualité de,597169
de la Cour,596942
qu'il n'y a,593475
ainsi que le,593244
à l' étranger,592847
que je l',592814
celles - ci,592435
dans toutes les,592236
dans la nuit,592185
bord de la,592158
est à la,591085
grand - chose,590655
de l' économie,589898
l ' histoire,589801
de la réalité,589708
de son corps,588849
et que la,587683
dans l' eau,587190
prise en charge,585070
sur la route,585038
au sujet de,584910
Si l' on,583520
à l' hôpital,583050
l' égard de,582123
de toute façon,581254
qui l' avait,580630
la peine de,579893
à ce sujet,579304
et dans les,579268
de l' environnement,578713
dans sa chambre,578196
les jours de,578067
à la place,577797
jusque - là,577182
de la journée,577162
histoire de la,577026
C'est ainsi que,576338
sein de la,574966
à un autre,573962
lui -- même,572604
avec un sourire,572514
l' image de,572262
l' idée d',571649
même temps que,570894
de la table,570519
de temps à,570088
je ne veux,568849
la Cour de,568168
celui de l',567514
à ce qui,566908
quelque chose d',566726
ceux qui ont,566116
un homme qui,566064
Il s'agit d',565368
de la production,565063
tout le temps,564379
est - elle,563872
Arvensa Editions Page,563579
du fait de,563320
et il est,563123
question de la,563003
l' esprit de,562976
pas ce que,562697
il s'agit de,561910
le fait de,561706
le jeune homme,561664
du point de,560412
répondit - elle,559831
s'agit d' une,559129
"et , à",557967
au sein du,557958
sous le nom,557099
"qui , à",556374
plus d' une,556356
le début de,555854
C'est ce que,554695
d ' avoir,553923
ne crois pas,553107
XIX e siècle,552975
dans la cuisine,552629
Il s'agit de,551455
et que l',550967
de la justice,550156
s'agit d' un,549962
que je te,549906
le temps d',549535
ne sera pas,548190
avec les autres,547846
à l' écart,546891
la nécessité de,546668
d' une certaine,546565
une de ses,546547
que d' autres,546539
d' un pas,546274
à l' entrée,545823
sur le site,545695
dans les pays,544621
tandis que les,543878
de l' existence,543661
sur le marché,543348
tous les autres,543165
ne soit pas,542230
ainsi que la,541810
partie de l',541782
de la recherche,541294
de l' âme,541293
faut que je,541167
l' existence de,540613
pas le temps,540484
fin de l',539192
de même que,539173
sur le terrain,538959
le rôle de,538611
membres de la,538383
de ne plus,537991
de temps en,537898
sur la base,536726
d' un grand,536216
en fin de,535931
sur le dos,535881
pas à l',534874
de l' humanité,534862
je lui ai,534857
je crois que,534623
La plupart des,534337
la prise de,533594
grand nombre de,533407
"Non , je",532627
à voir avec,532304
par rapport aux,531926
avez - vous,531867
faut - il,531518
qui l' a,529960
ans plus tard,529067
il ne faut,528138
à cette époque,526794
ne s'agit pas,526274
et dans le,525147
que tout le,525042
et à mesure,524737
de l' un,524712
je ne l',524662
quelque chose qui,524586
que je le,524428
de l' information,523711
l' Union européenne,523408
la liste des,523355
d ' abord,522916
alors que le,522582
que de la,522342
de la police,522293
que dans les,522127
le visage de,521948
la loi de,521281
est vrai que,521149
d' une façon,521046
dessus de la,520848
ne fait pas,520623
si ce n'est,520332
à -- dire,519841
et je suis,519691
rien d' autre,519483
l' une de,519339
la voix de,519199
de la santé,518961
et il ne,518923
alors que les,518595
de mon père,518408
du côté de,518116
de 9h à,516892
l' idée que,516344
un des plus,516086
ne sait pas,515980
fur et à,514541
quelque chose à,514415
que l' homme,514087
tout d' abord,513781
de la fin,513180
le principe de,513062
De toute façon,512984
à partir des,512625
de l' activité,512316
en faveur de,512178
Il est vrai,511796
l' existence d',511341
cause de la,511239
dans l' histoire,511117
mais il est,509677
que je veux,508716
de la cuisine,508223
fait de la,508210
dans la même,508088
qui ne se,508025
l ' air,507872
la création de,507719
de la science,507395
que ce n'est,506744
se dirigea vers,506706
la volonté de,506097
"Moi , je",506029
qui est le,504430
à partir d',503961
"Oui , je",503891
l ' eau,503697
ce qui s'est,502738
une de ces,502611
sur le lit,501830
une fois de,501607
de la cour,501186
la forme d',501103
ainsi que des,500959
encore une fois,500839
de l' état,500551
de l' ensemble,500304
le cadre d',500258
"qui , dans",498813
au début de,498806
le domaine de,497452
l' endroit où,496816
de la grande,496616
de la vérité,496093
heures du matin,495468
sur le côté,494117
qu'il en soit,493919
de l' auteur,493533
entre les mains,493027
et dans la,492656
avait - elle,492301
que nous nous,492267
Dans le cas,492262
ce sont des,492260
de ces deux,492175
sous forme de,491781
dans les bras,491226
et d' autre,490876
il y en,490427
y a eu,490425
c'est -- à,490397
et non pas,490155
l' air d',490076
de l' organisation,490025
Mais je ne,489706
alors que la,489706
de l' hôtel,487461
l' un d',487385
à la mort,486364
ou à la,485985
l' on a,485979
toute l' année,485942
rapport à la,485911
même de la,485375
un grand nombre,485348
fait l' objet,485123
dans la ville,485085
ce type de,485007
d' une femme,484759
que dans le,484433
à plusieurs reprises,484418
d' un côté,484180
bout de la,482044
"là , il",481991
un peu d',481706
l' aide d',480999
quelques - uns,480903
et de leur,480866
d' un seul,480464
un d' eux,480266
porte de la,479625
dix - huit,478809
début de la,478783
de l' éducation,478494
en passant par,478374
les conditions de,478057
que dans la,478025
les yeux de,477565
est le plus,476648
Il ne faut,476626
voulez - vous,475552
il n'avait pas,475492
une forme de,475297
haussa les épaules,474892
au service de,474876
à sa place,474181
en fonction des,473811
eu le temps,473550
ce qui me,472971
fond de la,472531
en mesure de,472511
de la valeur,472048
"que , pour",471808
début des années,470844
celui - là,470731
À la fin,470467
"lui , et",469961
partir de la,469436
l' habitude de,469345
de l' enseignement,469012
au samedi de,468572
à la même,468308
avait l' air,468291
l' homme qui,468219
objet d' une,467573
Je lui ai,467324
autre côté de,467287
ce qu'il a,466888
la nature de,466177
rien à voir,465971
ceux qui sont,465938
en forme de,465807
dans la société,465791
Je ne me,465724
plutôt que de,465556
qui n'a pas,465228
moment de la,464828
du mardi au,464713
Cour de cassation,463811
à celle de,463802
sur la tête,463031
À partir de,462484
D' autre part,462459
le développement de,462297
un ensemble de,461798
un signe de,461442
"pas , mais",460546
as - tu,460167
ne savait pas,460160
dans le couloir,459554
sur la terre,459275
il l' avait,459180
dans le pays,459120
de la littérature,458855
par le biais,458505
de l' église,458427
de la petite,458283
de sa propre,457794
d' une telle,457549
le chemin de,457474
de la création,457145
était en train,456890
la prise en,456680
"et , dans",456331
est à l',455255
l' homme et,455084
en l' air,454968
dans le salon,454535
mis en place,454396
ne pas se,454347
Au - delà,454214
et tous les,453709
de celui qui,453565
loin d' être,453336
de l' air,453250
l ' article,453211
ce qu'il avait,452494
à chaque fois,452193
cœur de la,451696
ce que ça,450842
elles - mêmes,450773
le jour où,450706
pour la plupart,450498
"pas , je",450041
pour des raisons,449864
qui s'est passé,449810
de la voiture,449127
à l' arrière,449021
il n'a pas,448976
Je pense que,448402
au centre de,448348
Je n'ai jamais,448332
tandis que le,448332
nom de la,448274
ci - dessus,448232
est en train,448198
au sein des,447982
ne peut plus,447595
dans les rues,447480
ne fut pas,447321
une sorte d',446525
la vie et,446422
grâce à la,446076
je ne le,445830
à ce qu'il,445736
de l' expérience,445428
dans les deux,445287
à la hauteur,445227
il n'était pas,445044
dans la cour,445012
à mettre en,444620
qui ont été,444492
de ce genre,444301
ne voulais pas,444004
se met à,443953
Ce sont des,443884
de 14h à,443501
n'a pas de,443364
en plus de,443337
les moyens de,443156
à l' image,442691
qui se sont,442549
au milieu du,442239
de la philosophie,442057
de mise en,442046
à l' âge,441818
de la lumière,441545
mettre en place,441332
sur son visage,441161
demi - heure,441036
la main et,440566
en cas d',440343
un groupe de,439832
n'y a plus,439648
la liberté de,439471
mal à l',439435
l' importance de,439105
de l' administration,438886
chaque fois que,438861
à la question,438836
n'y a rien,438071
est possible de,437873
je ne pouvais,437706
je sais que,437483
de son fils,437408
pour l' instant,437246
n'est pas de,436829
à mesure que,436269
il ne peut,435706
il est possible,435375
pour le moment,435263
Ouvert du lundi,434877
d' un geste,434602
à ce point,433429
si je ne,432932
que tu veux,432806
y avait un,432253
de l' Etat,432079
sur ce point,431239
la chambre de,430979
ne comprends pas,430806
il s'agit d',430401
un premier temps,430307
centre - ville,430125
que les deux,430031
en ce sens,429944
de la classe,429932
niveau de la,429694
je n'ai jamais,429540
l' article L.,429325
qui avait été,429103
de ma mère,428754
lors de l',428683
le jour de,428646
vous - même,428444
de la raison,428159
et de leurs,427925
à l' exception,427871
à ses côtés,427746
l ' État,427637
de son mari,427586
avec d' autres,427307
on l' a,427148
le long du,427100
ce qui nous,426948
de manière à,426800
Avez - vous,426476
d' un certain,425719
un peu trop,425415
l' effet de,424246
le but de,424147
dans le ciel,423990
le droit d',423856
il est vrai,423708
où il est,423500
la forme de,423489
par rapport au,423378
à côté d',423378
qu'il y ait,422843
"et , pour",422810
point de départ,421290
à la manière,420880
pas le cas,420832
dans un coin,420825
sens de la,420758
dans d' autres,420403
du Code de,420264
"que , si",420006
le chef de,419443
la recherche d',419355
l ' esprit,418842
compte de la,418793
sens de l',418784
à l' homme,418448
de son côté,418425
le corps de,416629
à l' état,416609
mettre en œuvre,415755
de la formation,415719
que tu me,415673
Ce qui est,415484
l' entrée de,415310
d' une nouvelle,415228
l ' enfant,414994
d' entre elles,414841
"Paris , Gallimard",414478
que personne ne,414399
elle n'avait pas,414126
la part des,413994
autour d' elle,413962
à la demande,413940
il ne se,413709
de l' œuvre,413528
l' œuvre de,413506
les membres de,413278
de la mise,413244
de tout le,411749
veux - tu,411639
de la sécurité,411268
ne vois pas,410990
la majorité des,410474
sein de l',409952
de la communication,409895
vingt - cinq,409066
de la mère,408908
que je peux,408837
la création d',408627
Au lieu de,408489
En ce qui,408343
le risque de,408224
le pouvoir de,407542
reste de la,407327
et il se,407214
à celui de,407079
dans le but,407023
pour tous les,406975
un moyen de,406692
leva les yeux,406292
au fur et,406217
la moitié de,405926
de la propriété,405756
ne l' ai,405585
sur le visage,405396
"pas , il",405052
la même manière,405045
qui permet de,404656
qui est en,404595
à un moment,404489
minutes plus tard,404442
fois que je,404314
plupart du temps,404130
je vous ai,404120
de l' Afrique,403755
une dizaine de,403302
un système de,403289
de la forêt,403240
"et , par",403140
soir - là,402982
sur la place,402826
les yeux vers,402802
d ' autre,402729
bout d' un,402710
que les hommes,402632
l' expression de,401899
peut - on,401162
de la paix,401013
l' on se,400771
de la religion,400730
d' être un,400484
serait - ce,400417
la tête en,400270
l ' amour,400195
de vue de,400122
y avait une,399759
et il a,399678
la dernière fois,399342
vers la porte,399238
la même façon,399174
cadre de la,399047
sont - ils,398985
"moi , et",398951
Quoi qu'il en,398681
jours plus tard,398617
Il n'avait pas,398611
la porte et,398424
de l' intérieur,398230
a l' air,398159
ne l' a,397788
dans un contexte,397550
salle à manger,397433
de la nouvelle,397289
la porte du,397248
d' un petit,396954
depuis le début,396615
l ' avait,396585
était - il,396371
nous nous sommes,396361
de sa femme,395976
il ne pouvait,395963
en matière d',395912
Je me souviens,395893
à l' échelle,395693
besoin d' un,395296
prise en compte,395137
t -- elle,394395
de la cité,394268
la porte d',394223
celle d' un,394196
à tout le,393617
Ouvert tous les,393370
de savoir si,393170
de la scène,392788
de lui faire,392645
de l' équipe,392631
et de se,392588
je pense que,392336
de ce dernier,392324
"cas , il",391997
la possibilité d',391287
le regard de,390641
ne savais pas,390394
l' intérieur du,390087
de sa famille,390024
de l' image,389994
que vous vous,389350
il d' une,389131
dans l' autre,389096
mais aussi de,389030
a besoin de,388955
de la fonction,388914
de la conscience,388908
de la Constitution,388692
à la lumière,388589
l ' ensemble,388565
du fait que,388250
une des plus,388213
au sein d',388104
dont il est,387596
combien de temps,387388
de faire un,387115
et le plus,386876
la construction de,386759
à l' eau,386657
En cas de,386376
à la surface,386319
à l' oreille,386180
direction de la,385941
tous les cas,385927
et qui ne,385711
fois - ci,385651
Il ne s'agit,385553
de l' énergie,385490
de la foi,385011
la présence d',384805
Il y eut,384786
de la qualité,384408
bel et bien,384081
de façon à,383603
au milieu d',383575
de sorte que,383437
pas le droit,382692
à l' encontre,382255
dans l' air,382186
n'était pas le,382144
je n'étais pas,381905
cours de l',381652
le processus de,381434
de la zone,380771
d' une société,380720
prendre en compte,380538
même si elle,380438
l' ensemble du,380353
l ' a,380320
êtes - vous,380315
de la maladie,379919
de la période,379257
y a quelques,379252
Ce sont les,379168
"fois , il",378761
jusqu'à la fin,378691
aux yeux de,378379
de la relation,378189
parce que les,377922
ainsi que l',377741
à New York,377691
En même temps,377580
de faire des,377446
lors d' une,377283
pour que je,377238
l' égard des,377078
de ses yeux,376905
du droit de,376634
à une autre,376569
"là , je",376567
comme les autres,376549
de l' Empire,376284
de la procédure,376207
d' autres termes,376155
qui lui est,376112
à l' université,376105
raison pour laquelle,375973
à long terme,375960
que je n'avais,375934
de la question,375744
c'est ce que,375701
la valeur de,375573
l ' une,375523
Conseil d' État,375434
de la force,375333
alors que je,375229
de la connaissance,375162
temps à autre,375117
le cœur de,374831
ce qui n'est,374781
je me sens,374780
à la première,374707
rien de plus,374483
dans le jardin,374258
parce que le,374067
au fil des,373959
y avait des,373734
La jeune femme,373463
d ' ailleurs,372731
de nos jours,372325
la date de,372223
quatre - vingt,372072
les yeux sur,372058
"et , de",371966
sur un ton,371901
l ' ordre,371426
"temps , il",371275
ou l' autre,371233
d' une personne,371135
"elle , et",371033
en dépit de,370806
fin des années,370786
l ' idée,370725
dans l' ordre,370706
de son frère,370151
ne sommes pas,369813
ne s'est pas,369754
la lutte contre,369617
et celle de,369523
l' occasion d',369344
savoir - faire,369269
toute la journée,369252
au niveau des,369247
pour ainsi dire,369172
de la fenêtre,369098
mise en scène,368858
de toute la,368630
et sur les,368412
"pas , et",368308
de l' univers,368208
toutes sortes de,368120
domaine de la,367990
l ' entreprise,367899
rez - de,367782
des gens qui,367776
Il a été,367496
l' honneur de,367057
de l' autorité,366889
de la crise,366708
et il y,366120
la table de,365975
mais elle ne,365721
de la présence,365237
la gestion des,365156
intérieur de la,365118
l' exercice de,365104
à l' hôtel,364923
histoire de l',364644
de la sorte,364305
par la fenêtre,364289
sur le fait,364285
de la Commission,364110
nous - mêmes,364016
dans un autre,364007
de l' aide,363900
de la Terre,363817
ensemble de la,363757
fonction de la,363690
de la rivière,363612
à l' endroit,363461
je veux dire,363424
première fois que,363372
n'arrive pas à,363214
de se rendre,363157
vous n'avez pas,363119
"plus , il",362702
si elle avait,362677
ce qui fait,362592
Retour au texte,362554
de - chaussée,362412
sous la direction,361875
dans le dos,361829
le champ de,361714
ferma les yeux,361649
le plan de,361611
que les gens,361286
on ne sait,361121
parce que la,361090
face à l',361068
"et , comme",361022
moment où il,360815
le coup de,360733
dans un état,360537
de la plus,360480
de l' évolution,360424
par le fait,360416
du XIX e,360177
Au bout de,359934
côté de l',359305
que la vie,359287
ne peut se,359248
de sa fille,358668
sur le chemin,358518
la durée de,358478
de l' objet,358368
l ' objet,358081
dans sa vie,357992
au cours du,357938
que celle de,357910
à l' œuvre,357884
en compagnie de,357682
delà de la,357434
centre de la,357228
avant d' être,357046
que nous avions,356984
ne pense pas,356699
je l' avais,356550
de la manière,356520
au cas où,356171
si bien que,356050
un homme de,355919
de la Révolution,355880
à voix basse,355676
elle n'est pas,355631
que toutes les,355472
d' avoir un,355337
dans le champ,355274
et que vous,355174
raison de la,355131
la protection de,355131
qui n'ont pas,355130
ou à l',354843
tandis que la,354584
qui est la,354311
ne sont plus,354264
"Oui , mais",354207
au bout du,354189
ce qui peut,354138
c'est le cas,354137
vingt - quatre,354089
l' homme de,354037
jeta un coup,353368
n'avait pas été,353316
d' une main,353019
la mère de,352841
de la capitale,352760
Jean - Pierre,352737
Etats - Unis,352158
à l' ordre,352042
dans ses yeux,351927
pour les autres,351665
le cas des,351576
pour ceux qui,351507
de me faire,351378
qui n'était pas,350800
pas dans le,350664
que ce n'était,350601
dans le secteur,350520
l' histoire du,350348
Mais il ne,350242
la capacité de,350200
et que nous,349829
en contact avec,349451
ce que cela,348959
aussi bien que,348918
au vendredi de,348870
à l' est,348460
dans le contexte,348310
que l' autre,347959
de la volonté,347802
question de l',347609
pour que les,347518
a plus de,347390
"Oui , c'est",347354
autour de moi,347336
nous n'avons pas,347297
dans l' ombre,347230
"cela , il",347146
de l' emploi,346698
de ce fait,346695
l' évolution de,346436
membres de l',345658
Au cours de,345467
ne peuvent pas,345330
Il n'a pas,345133
que de l',344773
Tu n'as pas,344698
au niveau du,344570
qui ne peut,344545
de l' individu,344152
d ' eau,343980
XX e siècle,343911
"et , d'",343607
"fait , il",343507
que ce qui,343404
l ' intérieur,343390
se leva et,343313
une espèce de,343227
de son visage,343128
porte d' entrée,342881
N'est - ce,342764
d' œil à,342697
au profit de,342141
une nouvelle fois,341977
que ce que,341822
que celui de,341435
semble - t,341265
de faire le,341159
rapport à l',341108
ne s'était pas,341014
le désir de,340966
à l' ouest,340952
sur le territoire,340942
d' une petite,340665
de l' avoir,340387
tu n'as pas,340277
il avait été,340070
peut - il,339985
d ' en,339790
la France et,339787
de ses parents,339702
dans la main,339593
l ' espace,339485
ne pouvais pas,339462
le contrôle de,339106
d' avoir une,339045
de la construction,338968
à la mode,338750
un morceau de,338670
de la demande,338488
dans un monde,338443
"effet , la",338329
de la peine,338306
la question du,338265
s'il y a,338213
la théorie de,338098
le cas échéant,338090
vue de la,338048
qui venait de,337998
de sa voix,337992
clin d' œil,337802
Grande - Bretagne,337757
de l' exercice,337675
à ses yeux,337663
en train d',337144
et sur la,336520
"effet , le",336512
pas que je,336503
l' heure de,336444
de sa main,336354
qui se trouve,336034
de la théorie,335957
pour que le,335496
quelqu'un d' autre,335109
de quelque chose,335089
XVIII e siècle,335044
qu'il n'est pas,334980
l' auteur de,334936
fait que les,334741
la demande de,334623
Il n'était pas,334520
l' autre bout,334415
ce point de,334132
quelle que soit,334037
bien d' autres,334011
sur le front,333760
l' un et,333401
qui concerne les,333369
le père de,332915
la perte de,332781
sur la plage,332668
de le voir,332574
à cet égard,332550
y a deux,332502
de la démocratie,332074
n'y a que,332051
le long des,332001
et se mit,331963
lundi au vendredi,331789
l' intérêt de,331651
dans l' esprit,331602
crois que je,331532
pas tout à,331520
où il se,331379
Il y en,331379
du Code civil,331281
de l' Est,331217
d' un point,331088
qui lui avait,330931
ministre de la,330922
qui a fait,330874
et les plus,330671
de la nation,330465
l' art de,330409
s'il vous plaît,330385
il d' un,330012
temps de la,330011
à l' avance,329868
et dans l',329866
le taux de,329807
pommes de terre,329286
lundi au samedi,329192
début de l',329185
l' arrivée de,329021
n'est pas seulement,328879
à laquelle il,328875
au courant de,328656
Tout ce que,328349
sur tous les,328299
pas envie de,328294
faire face à,328287
à sa mère,327996
de la façon,327775
"qui , pour",327629
au pied de,327624
de ce type,327316
par l' intermédiaire,327296
pas dans la,327204
en état de,327116
impression d' être,327110
"lui , le",327110
et ceux qui,327036
le reste du,326592
place de la,326478
mais il y,326443
suis - je,326173
ne sont que,326167
l' absence d',326065
quel que soit,325943
n'en est pas,325843
je viens de,325799
de l' Université,325767
l' amour de,325733
le cadre du,325718
à travers l',325395
de la parole,325228
l ' année,325020
de l' OCDE,324877
n'était pas un,324813
n'est pas encore,324791
Notre - Dame,324732
contre le mur,324584
de la côte,324506
la route de,324458
où il avait,324381
je ne vous,324025
la production de,323909
la nature et,323499
à la base,323423
d' un nouveau,323313
à l' instant,323211
de l' établissement,323093
fit - il,323080
des milliers de,322792
de la gestion,322705
sur le canapé,322630
Jésus - Christ,322460
au bord du,322248
Pendant ce temps,322064
par tous les,322058
dans le quartier,321888
nous ne sommes,321790
grâce à l',321734
tour à tour,321554
le sentiment de,321282
"qui , par",321281
qui se passait,321234
dans la forêt,321145
la connaissance de,321141
est de la,321065
En d' autres,321046
l ' auteur,320677
de l' œil,320530
sur la question,320390
Au moment où,320347
"tard , il",320180
de mal à,320026
la guerre de,319488
la région de,319354
sur l' épaule,319335
Royaume - Uni,319211
à leur tour,319195
pas de l',319086
dans la tête,318820
bien que je,318664
ce qui vous,318496
tous les hommes,318439
dans l' obscurité,318247
dès lors que,317967
faire de la,317851
de la planète,317704
n'est donc pas,317658
qu'il n'avait pas,317489
mois plus tard,317478
à la réalité,317404
d' un système,317344
nous ne pouvons,317144
c'est moi qui,317080
à base de,317037
à côté du,316848
de l' acte,316725
la politique de,316640
Seconde Guerre mondiale,316445
la plupart du,316408
grande partie de,316130
de la reine,315989
jour de la,315865
et celui de,315782
il me semble,315753
de la Société,315672
le niveau de,315653
en grande partie,315641
de celle de,315570
Il est donc,315554
au bout d',315513
Il en est,315321
Pour la première,315282
le moment de,315169
de l' ancien,314988
mais ce n'est,314982
un jeune homme,314930
le besoin de,314787
Quant à la,314420
de faire une,314420
de la matière,314204
la tête d',314058
de la mémoire,313868
pas d' un,313717
en sorte que,313505
de la presse,313389
l' île de,313220
se trouve dans,313082
quant à lui,312942
que le temps,312763
Je n'avais pas,312668
même de l',312666
les mains de,312529
autre chose que,312399
de la partie,312243
de l' hôpital,311969
l ' heure,311892
elle l' avait,311564
le choix de,311535
à l' instar,310858
à tout prix,310774
la Seconde Guerre,310751
une plus grande,310384
ce qui l',310111
dix - sept,310076
dire que je,309942
par d' autres,309841
de toutes ses,309787
dans sa tête,309711
la naissance de,309554
d' entre nous,309554
"Non , non",309398
n'est pas à,309216
à se faire,309093
fronça les sourcils,309067
de la violence,309009
qu'il n'y avait,308964
L' un des,308786
la place du,308743
pas pour autant,308689
est un peu,308590
qui peut être,308590
pour les enfants,308490
dans la voiture,308378
pour ce qui,308372
d' un tel,308207
se rendre à,308190
ce qu'il faut,308133
ne suffit pas,308119
et de les,307670
la ville et,307562
"et , au",307446
ainsi que de,307433
que je voulais,307122
depuis des années,306907
le tour de,306752
l ' action,306589
qui vient de,306561
à la guerre,306535
sur l' autre,306324
le lieu de,306145
ceux qui ne,306143
la vie des,306049
le cas d',306007
de l' université,305958
"effet , les",305827
s'écria - t,305425
de l' Ouest,305300
d' avoir été,305152
toutes les autres,305046
je ne vois,305038
de la responsabilité,304876
de l' après,304467
au sens de,304402
au moins une,304363
l ' école,304356
es - tu,304286
les deux hommes,304278
en l' absence,304137
dans un premier,303884
de l' entrée,303593
de lui et,303523
près de lui,303354
n'est pas possible,303322
de ce monde,303284
propos de la,303110
a pas d',303061
en l' occurrence,302945
développement de la,302840
l ' époque,302526
la cause de,302260
points de vue,302188
Bien sûr que,302047
pas d' autre,301888
encore un peu,301794
plus de la,301655
Table des matières,301343
l' histoire des,301253
pas l' air,301179
le fait d',301161
se mettre à,301143
disait - il,301109
d' un groupe,301101
le même temps,301084
le projet de,301030
aurait - il,300944
Ce que je,300840
une jeune fille,300504
dans lequel il,300417
elle d' une,300405
de « l',300081
dans une situation,299960
un et l',299907
d' en faire,299881
au cours d',299845
la vie quotidienne,299790
à l' action,299707
si tu veux,299605
en rapport avec,299530
qui est à,299461
que pour les,299360
fait partie de,299242
peu plus loin,299091
le monde entier,298961
la raison pour,298821
elle -- même,298820
Je me demande,298774
C'est le cas,298753
et ce qui,298707
le monde de,298573
tout à la,298304
ci - dessous,298176
la pensée de,298107
l' obligation de,298056
Je ne comprends,298050
en œuvre de,297824
la femme de,297801
le travail de,297798
d ' elle,297695
la gestion de,297568
quant à la,297543
que vous me,297160
de la chance,296203
coin de la,296139
de la gare,296084
autant plus que,295935
chef de l',295859
pas d' une,295819
et qui est,295785
des conditions de,295777
demandai - je,295753
que vous voulez,295580
alors que l',295478
tout le reste,295243
le centre de,295074
ce qu'elle avait,295073
quart d' heure,294917
de l' ouvrage,294722
celle - là,294500
à l' un,294390
dans la nature,294384
ne vais pas,294370
ceux de la,294210
que c'est un,294192
à plus de,294045
à la mise,294012
un clin d',293856
à la table,293853
de l' une,293798
Ouvert toute l',293775
l' utilisation de,293691
de la Grande,293676
à son père,293590
des centaines de,293457
va - t,293372
Mais il y,293354
de la Convention,293221
à l' étage,293212
la tête du,293185
la suite d',293093
d' un enfant,292934
de l' identité,292830
que son père,292796
le titre de,292334
la salle à,292262
pour que la,292235
"toi , tu",292085
après la mort,292068
là - dessus,292022
au plus vite,291857
en fonction du,291835
pour cette raison,291832
ne lui avait,291791
le plus de,291740
jusqu'à ce qu'il,291525
l' étude de,291358
besoin d' être,291333
que le monde,291289
du nom de,291045
en relation avec,290977
chef de la,290897
"bien , je",290886
autour d' un,290867
"Paris , PUF",290832
pas que tu,290650
que ceux qui,290603
et qui se,290586
application de la,290523
au regard de,290377
à tout moment,290350
Ceux - ci,290284
en la matière,290196
que je sois,290169
États -- Unis,289931
sur le bord,289793
fait de l',289771
et la plus,289679
le fond de,289277
qui consiste à,289266
l' époque de,289202
sur la scène,289189
si elle ne,289138
d' une vie,288924
part et d',288894
à bout de,288885
"Ainsi , le",288864
Pays - Bas,288838
là - haut,288709
et de 14h,288457
dans ce domaine,288347
la réalisation de,288323
d' autre que,288314
l' entrée du,288229
le système de,288228
Je ne vous,288191
et sur le,288150
que la plupart,287999
le plus important,287970
la décision de,287917
de son propre,287718
Elle n'avait pas,287681
a quelque chose,287548
Je me sens,287539
des membres de,287466
il ne s'agit,287166
que je puisse,287096
Tout d' abord,287068
de l' industrie,287051
dans des conditions,287044
droit de la,287003
la cour de,286932
"I , p",286890
sur le même,286882
que je fais,286770
objet d' un,286720
si elle est,286688
ne devait pas,286675
Je ne vois,286515
un de l',286507
ne semble pas,286428
dans le vide,286425
de moins de,286421
ceux - là,286324
du XIXe siècle,286285
la différence entre,286077
avait besoin de,286040
dans ma chambre,285994
sur le sujet,285827
il convient de,285813
de part et,285767
qui est de,285657
déclara - t,285528
années plus tard,285492
l ' état,285357
à cet instant,285355
celui d' un,285348
à l' ensemble,285311
loin de la,285258
"qui , au",285118
dans un cadre,285021
prise de conscience,285003
de la montagne,284981
vous en prie,284929
de l' âge,284784
une main sur,284584
de la notion,284493
au lieu d',284477
toute sa vie,284295
à la cour,284014
la surface de,283889
la protection des,283885
et il avait,283759
si vous voulez,283746
la lumière de,283737
celui -- ci,283559
de la vieille,283345
de faire la,283328
pas la peine,283292
un moment de,283280
l' ordre du,283157
n'a rien à,283091
d' une heure,283039
Je ne savais,283026
plus grand nombre,282973
toi - même,282452
de son temps,282313
la responsabilité de,282286
un peu comme,282098
sur le pont,282045
et par la,282020
de même pour,281924
lors d' un,281891
au -- dessus,281649
sortir de la,281612
de la concurrence,281468
à le faire,281348
à la loi,281340
le moyen de,281337
à celui qui,281250
en présence de,281211
n'est pas toujours,281199
s'il te plaît,281011
a toujours été,280984
elle ne pouvait,280960
Je ne l',280909
y a aussi,280810
plus de deux,280704
la manière de,280673
de l' intérêt,280631
l' avait pas,280571
un état de,280501
la situation de,280498
en direction du,280460
d' un moment,280354
"même , et",280269
que tu te,280151
ce ne sont,280005
le courage de,279994
un long moment,279861
et que tu,279833
se mirent à,279803
cadre d' une,279590
ministre de l',279511
de la décision,279463
je vous en,279270
et elle se,279227
vous n'êtes pas,279132
un sentiment de,279109
fait que le,279028
sans doute pas,278650
près de l',278645
que je viens,278542
plus que les,278458
un mouvement de,278449
que d' une,278129
en vue d',277879
Mais ce n'est,277859
de la puissance,277645
je suis un,277572
lança - t,277570
et à son,277316
l' eau et,277214
dans le texte,277210
pas eu le,277205
l' on veut,277129
les bras de,277124
où il était,277092
est en effet,277043
du temps de,276999
dont il avait,276926
côté de lui,276914
Tout à coup,276850
était - ce,276824
dans une autre,276803
Jean - Paul,276789
en place de,276768
que ce ne,276576
dit que je,276427
de se mettre,276388
à cause du,276331
à cause des,276161
"Ainsi , la",275989
nom de l',275985
Le jeune homme,275980
l ' aide,275871
par la main,275855
de la taille,275776
mode de vie,275689
Mais il est,275649
qui se trouvait,275616
il l' a,275575
avait pas de,275533
si elle était,275523
sur le seuil,275485
dès le début,275425
sont pas des,275330
pays de l',275090
"Enfin , il",275053
forme d' un,275043
fait que la,274988
de l' analyse,274978
mais aussi des,274908
Je ne crois,274810
les règles de,274648
présence d' un,274568
des Affaires étrangères,274500
sur ce qui,274473
l' usage de,274426
de sa bouche,274395
est la plus,273831
Il me semble,273822
autour de son,273757
pas ce qui,273719
de la campagne,273701
sous les yeux,273553
se mettre en,273521
trois ou quatre,273516
sans pour autant,273488
et toutes les,273488
ne peuvent être,273473
d' un an,273468
dans la bouche,273454
avait l' impression,273446
de l' affaire,273443
cas de la,273394
et tout le,273393
Dans le même,273369
l' un à,273234
à la disposition,273075
dans la plupart,273008
me semble que,272977
de nature à,272900
la tête pour,272841
ou du moins,272802
le duc de,272694
l ' image,272671
à la sortie,272593
une grande partie,272585
de dire que,272501
peu plus de,272472
que je sais,272348
de répondre à,272074
l ' art,271943
à la différence,271877
"ans , il",271677
C'est - à,271654
le président de,271608
en cours de,271413
l' être humain,271377
hors de la,271319
toute la nuit,271230
celui qui a,271112
de son cœur,270908
dans son esprit,270866
Dis - moi,270844
la différence de,270842
dans l' espoir,270636
la nature des,270451
la qualité des,270360
principe de la,270342
de sa part,270175
la hauteur de,270165
un certain temps,270155
au fond du,270077
d' entrer dans,269976
l' accès à,269893
en vertu de,269784
à cette heure,269768
le mode de,269707
ce qu'il est,269338
au - dessous,268818
train de se,268395
l' a fait,268389
la période de,268279
que je dois,268262
dans son lit,268051
de la consommation,267974
à moins que,267933
qui est un,267923
ceux qui se,267885
main - d'œuvre,267880
le nom d',267879
dit -- il,267720
les droits de,267477
évolution de la,267242
l' ai dit,266944
la main à,266784
l' époque où,266755
des coups de,266722
droit à la,266698
dans le bureau,266581
tous les sens,266465
que les choses,266462
devant la porte,266442
de la révolution,266382
dans le passé,266334
de cette façon,266321
tout ce qu'elle,266301
théorie de la,266175
de constater que,266056
mais il était,266040
ce qui s'était,266018
autour de l',265868
existence d' un,265835
Au bout d',265804
ne put s'empêcher,265788
sais pas si,265766
de la protection,265652
entrée de la,265571
est l' un,265447
de l' écriture,265328
sous - sol,265273
le nombre d',265263
un autre côté,265077
la rue de,265026
pour tenter de,265011
de tout cela,264990
à la nature,264904
on peut dire,264847
de la personnalité,264743
est difficile de,264708
de la forme,264677
l' université de,264594
que sa mère,264539
le cours de,264490
parce que l',264296
elle n'était pas,264172
la tête vers,264097
idée de la,264026
et les deux,264018
rue de la,263973
on n'a pas,263965
aller plus loin,263928
à la société,263827
sur les autres,263747
qui concerne la,263622
de faire de,263618
n'était pas une,263457
même si je,263030
de cet homme,262954
la mesure de,262871
de temps pour,262665
la cour d',262605
de l' extérieur,262591
Ouvert du mardi,262484
le sentiment d',262457
le monde est,262343
est sans doute,262312
passe - t,262297
de sa poche,262296
à coups de,262262
tu n'es pas,262222
dire que le,262207
le poids de,262102
de l' importance,262095
une vingtaine de,262049
Est - il,262046
ce que j'avais,261948
de New York,261910
elle n'a pas,261902
le temps et,261881
et en particulier,261876
une période de,261874
le problème de,261832
le seul à,261823
tel ou tel,261664
en guise de,261498
dans le noir,261484
de penser à,261484
partir de l',261370
n'a jamais été,261354
de la jeunesse,261304
l ' existence,261185
l' envie de,261015
de ses propres,260817
de la veille,260784
ne cesse de,260760
pas à se,260720
que tu fais,260648
dans un pays,260618
besoin d' une,260524
en premier lieu,260488
qui lui a,260468
compte de l',260337
à l' histoire,260335
J'ai l' impression,260278
à la vue,260158
faire quelque chose,260155
une dernière fois,260100
signe de tête,260032
la plupart de,259944
"elle , elle",259938
de la ligne,259906
de la dernière,259812
dont il a,259799
dans ma tête,259780
de l' été,259727
l' aider à,259684
je ne voulais,259537
bout de quelques,259412
que rien ne,259351
une mise en,259286
dire que la,259213
là - dedans,259148
où il y,259141
Il est possible,259077
l' application de,259004
et je l',258972
la sortie de,258742
dit - on,258556
peut pas être,258318
le moment où,258190
pour que l',257948
d' une partie,257940
C'est ce qui,257939
le respect de,257702
a commencé à,257663
signe de la,257649
la nécessité d',257588
"ailleurs , il",257524
que cela ne,257500
dans sa poche,257428
la ligne de,257418
toutes les deux,257334
par le bras,257238
et de faire,257116
sur ses lèvres,257089
le genre de,257011
de la structure,256906
la disparition de,256901
l' eau de,256844
qu'il n'a pas,256732
pas plus que,256712
serait - il,256690
en France et,256598
un de mes,256592
ne répondit pas,256415
de ce livre,256369
"même , il",256331
"cas , le",256077
sur - le,255773
me l' a,255726
dans les conditions,255713
que quelque chose,255701
de celui de,255663
Faut - il,255630
les yeux au,255514
faire l' objet,255479
Je suis désolé,255473
que par la,255303
et je n'ai,255290
chemin de fer,255177
à l' épreuve,255172
au début des,255129
éclata de rire,255087
puis - je,255035
de la lutte,254848
de ce qu'elle,254752
ans plus tôt,254684
le cas où,254609
Je vous ai,254608
L. n o,254606
de l' Homme,254560
le concept de,254495
une jeune femme,254368
l' action de,254355
dans les autres,254319
elle a été,254257
que « la,254242
au nord de,254215
de la semaine,254091
c'est lui qui,254077
à la création,254010
répliqua - t,253877
à la France,253798
de la chose,253777
sans aucun doute,253754
rendre compte de,253726
l' effet d',253596
par l' article,253336
soixante - dix,253314
moment de l',253239
le prix de,253225
de sa tête,253175
de la lettre,253135
mardi au samedi,253022
et il était,253008
tous les trois,252965
de la tradition,252949
l ' occasion,252885
s'est - il,252862
du XX e,252788
m'a dit que,252736
la main pour,252682
a permis de,252663
celle -- ci,252612
dans l' ensemble,252437
le fils de,252361
"effet , il",252336
ne l' est,252329
sur le trottoir,252245
plus que le,252076
dans la partie,252064
À ce moment,252025
à force de,251943
mais il faut,251797
demande - t,251795
n'était pas la,251776
demi - tour,251737
de la prise,251669
que soit la,251606
la puissance de,251512
qu'il n'était pas,251362
D' une part,251295
la maison et,251263
Il ne pouvait,251224
La mise en,251196
de sa sœur,251117
l' expérience de,251117
Il ne se,250983
que soit le,250930
je ne savais,250834
sais pas ce,250760
le plaisir de,250627
de la commission,250555
mais je suis,250499
de vie et,250326
As - tu,250207
respect de la,250080
développement de l',250045
de la douleur,249982
"tard , le",249976
doit pas être,249916
à la campagne,249905
plus que la,249889
à qui il,249860
de ses amis,249663
de ses mains,249626
"moi , mais",249571
plus rien à,249559
y en avait,249439
le début du,249423
je ne puis,249311
En ce sens,249305
dans le cœur,249225
parce qu'il est,249122
Je suis désolée,249073
petit à petit,249049
du nombre de,249037
moins en moins,249023
une femme qui,249014
de la bouche,248999
"exemple , le",248901
l' influence de,248822
et je vous,248771
pour cela que,248638
à croire que,248545
"lui , mais",248056
cause de l',247996
jeta un regard,247984
Je suis un,247948
pas besoin d',247848
membre de la,247782
face à un,247712
l' exception de,247670
elle ne se,247662
fin de compte,247652
et à ses,247641
ne pas le,247576
au cœur du,247414
de l' empereur,247272
bord de l',247256
de parler de,247168
de l' immeuble,247134
ils ne sont,247106
"autre , et",247027
les hommes de,247004
de moins en,246968
d' accord avec,246858
partie de son,246758
n ° 1,246756
en place des,246731
en essayant de,246725
que l' un,246363
le nom du,246262
de la représentation,246238
qui lui sont,246224
et qui a,246124
une centaine de,246009
la vue de,245973
sais que tu,245958
y eut un,245958
pour lui faire,245883
"qui , de",245878
"et , si",245792
en place d',245612
la personne qui,245587
l' organisation de,245574
sur l' île,245531
d ' après,245510
Afrique du Sud,245473
au titre de,245402
au sud de,245401
de l' enfance,245398
le cas du,245368
le samedi de,245314
dans toute la,245227
des hommes et,245101
avec plus de,245085
Code de la,245083
du monde et,245068
que tu sois,245055
reprit - il,245046
sur son épaule,245019
rien à faire,244993
d' avoir des,244893
contrat de travail,244831
à l' horizon,244825
comme nous l',244802
dans la zone,244742
ne pouvait plus,244693
lui avait dit,244678
à propos des,244663
entrer dans la,244659
comme il l',244595
les gens de,244589
et de ne,244586
"Cependant , il",244518
l' heure du,244468
Je ne pouvais,244427
tendit la main,244043
il y eut,243940
accès à la,243896
n'y avait plus,243892
"fois , je",243685
les hommes et,243643
n'ont pas été,243633
à faire des,243627
de la bonne,243581
ministère de la,243580
car il est,243540
dans la première,243437
de la moitié,243330
"ans , et",242996
l' avait fait,242884
huile d' olive,242872
"cas , la",242822
"que , par",242712
pas la moindre,242705
dans le corps,242689
l' évolution des,242683
à tout ce,242664
fait - il,242435
une partie du,242400
C'est là que,242314
que dans l',242306
se trouve à,242202
service de la,242159
de la victime,242127
l' a vu,242108
"elle , il",242099
répondis - je,242069
n'est pas en,242021
son père et,241982
je suis en,241963
avec beaucoup de,241949
le - champ,241897
que ce dernier,241823
pour se rendre,241798
le monde et,241761
"qui , comme",241656
beaucoup de choses,241422
"II , p",241343
que c'est une,241340
vers le ciel,241291
reste de l',241147
peu plus tard,241144
de la mission,241114
pouvait - il,241095
elle avait été,241087
le cadre des,240874
pas le choix,240739
ce genre d',240706
de l' enquête,240623
se contenta de,240566
qui l' ont,240458
que les femmes,240453
fois par jour,240395
parce que c'est,240330
n'est pas pour,240217
l' accent sur,240112
"Ainsi , les",240049
de la vallée,239989
ce qui le,239927
parce que tu,239920
un peu moins,239886
"moi , il",239871
le monde des,239832
ont - ils,239824
proche de la,239820
n'est pas l',239760
"là , et",239585
sur ses genoux,239559
l' a dit,239390
forme d' une,239384
de l' Assemblée,239342
répéta - t,239289
de leur vie,239228
l' espace de,239208
origine de la,239131
les membres du,239085
Il faut donc,239039
à ses pieds,239032
dans le système,238966
un peu partout,238832
la part du,238730
l' Université de,238663
ses bras et,238614
côté d' elle,238563
si vous avez,238533
y a quelque,238468
Je ne voulais,238276
niveau de l',238259
le manque de,238238
c'est ce qui,238233
est d' autant,238095
tandis que l',238036
le développement des,238002
l' espoir de,238002
un bout de,237926
Un peu plus,237901
à 12h et,237889
ne pouvait être,237817
dans son bureau,237772
à l' ombre,237714
à la façon,237693
la fille de,237688
dans ma vie,237502
l ' impression,237428
que le roi,237151
lui ai dit,237106
cours d' une,237066
"vie , et",237060
me suis dit,237039
au -- delà,236994
fit - elle,236965
un verre de,236958
de son ami,236794
il avec un,236666
la lumière du,236650
où il a,236626
le seuil de,236622
sur la terrasse,236593
qui est une,236580
que ça ne,236580
sa main sur,236523
que nous étions,236443
est celui de,236388
bien que le,236345
état - major,236329
le premier à,236249
de trouver un,236101
les travaux de,236058
les effets de,235918
qui s'était passé,235891
une paire de,235890
qui doit être,235821
compte tenu de,235749
de la pratique,235727
ne pouvez pas,235707
sur la vie,235700
un lieu de,235689
de la civilisation,235685
la découverte de,235649
d' une famille,235571
un peu à,235560
main sur la,235557
que j'ai fait,235522
de la défense,235221
et je lui,235148
bien que les,235081
d' un regard,234969
Vous n'avez pas,234958
le contenu de,234917
la question des,234912
ce qu'on appelle,234875
"là , à",234774
l' acte de,234750
chiffre d' affaires,234688
aide d' un,234669
À l' époque,234600
la mort du,234567
la plus belle,234530
de l' Allemagne,234508
et des autres,234434
l' équipe de,234369
y avait de,234286
un à l',234243
que ce sont,234233
auprès de la,234151
sur ses épaules,234147
de travail et,234122
le temps que,234027
sont les plus,233940
Dans tous les,233801
je vous le,233775
pour se faire,233744
ce qui avait,233739
de Dieu et,233660
et dont la,233645
qu'on ne peut,233586
lui avait fait,233570
l' autre et,233553
qui ne l',233523
ces dernières années,233496
La jeune fille,233359
n'a pas le,233330
pour ça que,233287
un coin de,233054
à l' enfant,233010
de la foule,232993
les enfants de,232967
Dans le cadre,232933
le biais de,232925
qu'il venait de,232867
à l' évidence,232864
l' autre de,232849
de l' idée,232733
il en est,232679
de l' unité,232649
le résultat de,232557
est important de,232351
n'est pas très,232329
existence d' une,232296
Si vous avez,232296
de tout son,232283
plus à l',232165
y a bien,232146
de la dette,232043
comme dans le,231971
en dehors des,231896
ministère de l',231646
l' analyse de,231602
de sa chambre,231556
et elle ne,231315
elle d' un,231269
de la Chine,231228
temps - là,231147
de l' association,231143
ne sais plus,231106
et à sa,231099
au moyen de,231083
là où il,231053
"temps , les",230947
une ou deux,230941
de l' escalier,230861
que nous allons,230847
que d' un,230741
pied de la,230730
n'est pas sans,230696
je n'ai rien,230642
à des fins,230619
Était - ce,230583
vue de l',230540
dans mes bras,230498
le bout de,230487
Sur le plan,230470
qui nous a,230459
et de le,230417
de la seconde,230337
l' Assemblée nationale,230326
sa mère et,230313
Je ne le,230274
une partie des,230221
une question de,230048
l ' ai,229966
depuis plus de,229910
et un peu,229763
mais il a,229705
l' ai pas,229636
la direction du,229627
l' a pas,229600
une salle de,229536
la notion d',229504
à la charge,229434
Tu n'es pas,229396
l' instar de,229345
pour le moins,229221
"fait , je",229209
ne m'a pas,229148
un seul coup,229141
tu l' as,229081
grands - parents,229000
d' une seule,228982
ne pas faire,228933
sous l' effet,228902
XVII e siècle,228847
pas la même,228730
être à la,228709
la lecture de,228680
l' on est,228652
le souvenir de,228634
d' un pays,228603
s'exclama - t,228566
autour d' une,228561
bien que la,228552
quelques - unes,228457
la famille de,228416
les limites de,228402
que tu vas,228316
le nombre des,228315
et de ce,228307
main sur son,228300
avec le temps,228206
sujet de la,228123
droit de l',228097
par la force,227944
d' elle et,227728
d' un monde,227680
la formation de,227613
au moins un,227596
que « le,227547
dans laquelle il,227407
toutes ses forces,227274
les mains sur,227237
qui n'avait pas,227235
plus de temps,227221
les gens qui,227090
sud de la,227049
après l' autre,227037
Et je ne,227028
ne parle pas,227009
dans la grande,226987
de lui donner,226903
celui qui est,226903
autre côté du,226863
il en se,226849
l' homme est,226808
à la personne,226741
la faculté de,226735
général de la,226689
certain nombre d',226656
au nombre de,226620
Par la suite,226367
faut que tu,226343
de l' Académie,226228
la diversité des,226193
Je suppose que,226156
A partir de,226145
à propos du,226140
un tas de,226042
main sur le,225991
comme on le,225985
mis en œuvre,225887
retour à la,225804
il est nécessaire,225704
la charge de,225577
qu'il s'agit d',225570
près d' un,225496
sont pas les,225487
est d' une,225473
en charge de,225473
telle ou telle,225367
"temps , le",225311
l' État et,225267
état d' esprit,225207
les personnes qui,225176
j'ai l' impression,225149
Pour l' instant,225081
image de la,225007
l' exemple de,224824
pour en faire,224775
près d' elle,224759
et dont les,224732
Il faut dire,224658
De son côté,224569
mais je n'ai,224520
en est de,224485
la position de,224437
pensa - t,224408
la moitié des,224393
"exemple , la",224332
d' un des,224300
"certes , mais",224252
liée à la,224251
et qu'il ne,224235
"et , plus",224226
l' état d',224212
Je vous en,224191
est le seul,224151
de l' Intérieur,224108
put s'empêcher de,224078
l ' origine,224067
les habitants de,224025
avec un petit,224021
"Enfin , le",223999
n'est - il,223982
haut de la,223966
au travers de,223904
"et , le",223841
dans le coin,223760
et pour les,223748
est tout à,223715
de cet ouvrage,223504
la main dans,223495
la chance de,223493
dans la direction,223332
que celui qui,223322
dans les mains,223182
sur la côte,223152
marché du travail,223068
à moins de,223014
"Non , pas",222927
le bureau de,222913
de la croissance,222632
est celle de,222572
dans un petit,222512
face à une,222483
à l' église,222466
je me souviens,222419
le point d',222353
la réalité de,222311
contrôle de la,222281
est impossible de,222255
dans son ensemble,222126
une part de,222069
de toutes sortes,221999
l' avons vu,221957
partir d' un,221952
ouvrit la porte,221944
et ce n'est,221885
de penser que,221863
en dehors du,221856
relative à la,221843
la construction d',221831
fois par semaine,221783
de l' avenir,221778
je vais vous,221753
que la France,221684
de sortir de,221667
sous le titre,221639
au sommet de,221517
que tout ce,221513
sur le bouton,221386
la mémoire de,221272
que les enfants,221220
de ne rien,221191
comme je l',221144
songea - t,221101
parce que nous,221096
"effet , l'",220989
Nous ne sommes,220963
"elle , mais",220927
en proie à,220924
que tu étais,220737
de ne jamais,220717
a besoin d',220670
"monde , et",220644
l' attention de,220642
beaucoup de temps,220582
il faut bien,220560
d' une même,220527
un air de,220469
a fini par,220458
en lien avec,220455
d' être en,220429
sur son lit,220424
n'a pas d',220276
faveur de la,220267
raison de l',220267
l' issue de,220134
à la liberté,220123
que je la,220058
de la chaîne,220030
cœur de l',220016
Tout ce qui,219955
"Pourtant , il",219802
et tout ce,219797
près de moi,219717
celle d' une,219693
petit - fils,219671
du mois de,219652
de l' opération,219621
du travail et,219620
ce qu'elle a,219582
que ce serait,219545
le départ de,219537
des dizaines de,219529
"jour , il",219442
la société civile,219404
il se mit,219382
de M. de,219331
de lui dire,219255
En tant que,219250
l' étude des,219162
"Non , il",219129
de se retrouver,219094
direction de l',219091
cria - t,219010
non loin de,218958
dans le silence,218937
fait que l',218883
comme tous les,218858
la suite des,218852
sur une chaise,218736
à la situation,218580
joue un rôle,218548
de tous ces,218402
de ses lèvres,218357
