ngram,freq
de _DET_ _NOUN_ _._,136996682
la _NOUN_ _ADP_ _NOUN_,132625354
de _NOUN_ _._ _END_,81477285
le _NOUN_ _ADP_ _NOUN_,79843037
de _DET_ _NOUN_ _ADP_,79028604
_START_ _DET_ _NOUN_ _VERB_,77958922
la _NOUN_ _._ _END_,74407146
de _NOUN_ . _END_,71038094
la _NOUN_ _ADP_ _DET_,70592510
la _NOUN_ . _END_,65080491
_START_ _DET_ _NOUN_ _ADP_,64921245
les _NOUN_ _ADP_ _NOUN_,62115433
"de _DET_ _NOUN_ ,",60913484
de la _NOUN_ _._,59166893
_START_ _PRON_ _VERB_ _ADV_,58281782
à _DET_ _NOUN_ _._,57109605
de _NOUN_ _ADP_ _NOUN_,57085732
de _DET_ _NOUN_ _ADJ_,56426518
de _DET_ _NOUN_ .,54885808
l' _NOUN_ _ADP_ _NOUN_,54734024
_START_ _ADP_ _DET_ _NOUN_,54688518
dans _DET_ _NOUN_ _._,54630153
des _NOUN_ _ADP_ _NOUN_,54123752
à _DET_ _NOUN_ _ADP_,53188196
dans _DET_ _NOUN_ _ADP_,51366743
_START_ _PRON_ _PRON_ _VERB_,51334416
_START_ _NOUN_ _._ _END_,50588667
de la _NOUN_ _ADP_,48848139
la _NOUN_ de _NOUN_,48836173
le _NOUN_ _ADP_ _DET_,46795626
_START_ _DET_ _NOUN_ _ADJ_,45956741
de _NOUN_ _NOUN_ _._,45655152
un _NOUN_ _ADP_ _NOUN_,45452699
_START_ _PRON_ _VERB_ _VERB_,45199642
_START_ _NOUN_ . _END_,45191894
de _VERB_ _DET_ _NOUN_,43066464
une _NOUN_ _ADP_ _NOUN_,41815881
_START_ _PRON_ _VERB_ _DET_,40582731
le _NOUN_ _._ _END_,39300681
la _NOUN_ de _DET_,38430515
la _NOUN_ _ADJ_ _._,37271526
le _NOUN_ de _NOUN_,36320211
_START_ _._ _NOUN_ _._,35124197
du _NOUN_ _ADP_ _NOUN_,34771169
de _NOUN_ _ADJ_ _._,34632837
l' _NOUN_ _ADP_ _DET_,34391389
le _NOUN_ . _END_,33937977
dans _DET_ _NOUN_ _ADJ_,33846517
_START_ _DET_ _NOUN_ _._,33709579
de la _NOUN_ _ADJ_,33667504
du _NOUN_ _._ _END_,33232107
des _NOUN_ _ADJ_ _._,33179161
et _DET_ _NOUN_ _ADP_,32641576
des _NOUN_ _._ _END_,32138777
_START_ _DET_ _NOUN_ de,31842946
les _NOUN_ _ADP_ _DET_,31719406
_START_ _PRON_ _VERB_ _ADP_,31701732
sur _DET_ _NOUN_ _ADP_,31529655
sur _DET_ _NOUN_ _._,31405955
l' _NOUN_ _._ _END_,30862949
la _NOUN_ des _NOUN_,30661359
que _DET_ _NOUN_ _VERB_,30523350
de _NOUN_ _ADP_ _DET_,30495721
de l' _NOUN_ _._,30362145
qui _VERB_ _DET_ _NOUN_,30168138
les _NOUN_ _._ _END_,29970217
des _NOUN_ de _NOUN_,29737412
à la _NOUN_ _ADP_,29617071
les _NOUN_ de _NOUN_,29391622
du _NOUN_ . _END_,29308285
au _NOUN_ _ADP_ _NOUN_,29247782
d' _DET_ _NOUN_ _ADJ_,29056741
un _NOUN_ de _NOUN_,29010456
_START_ _DET_ _ADJ_ _NOUN_,28755986
se _VERB_ _ADP_ _DET_,28633079
le _NOUN_ de _DET_,28360918
un _NOUN_ _ADJ_ _._,28113134
à _VERB_ _DET_ _NOUN_,27880250
des _NOUN_ . _END_,27840111
à _DET_ _NOUN_ _ADJ_,27835092
en _NOUN_ _ADP_ _NOUN_,27662367
une _NOUN_ _ADJ_ _._,27225354
la _NOUN_ _ADJ_ _ADP_,27198365
"de la _NOUN_ ,",26955962
l' _NOUN_ . _END_,26922592
pour _VERB_ _DET_ _NOUN_,26805938
la _NOUN_ du _NOUN_,26785338
de _DET_ _NOUN_ de,26571172
en _NOUN_ _._ _END_,26387499
_START_ _NOUN_ _._ _NOUN_,26114976
les _NOUN_ . _END_,25961486
"_VERB_ , _PRON_ _VERB_",25873394
de _NOUN_ _NOUN_ _ADP_,25497331
_START_ _ADP_ _NOUN_ _._,25464900
de _DET_ _NOUN_ _VERB_,25385558
une _NOUN_ de _NOUN_,25220819
et _ADP_ _DET_ _NOUN_,24808441
_START_ -- _NOUN_ _._,24703217
_START_ _._ _PRON_ _VERB_,24629045
dans _DET_ _NOUN_ de,24506487
et _DET_ _NOUN_ _._,24221852
"à _DET_ _NOUN_ ,",24066985
son _NOUN_ _._ _END_,24040972
"dans _DET_ _NOUN_ ,",24016636
à _DET_ _NOUN_ .,23574882
à _DET_ _NOUN_ de,23406629
_START_ -- _PRON_ _VERB_,23397350
_START_ _NOUN_ _NOUN_ _._,23322632
en _NOUN_ . _END_,23271438
la _NOUN_ _ADP_ la,23250239
et _VERB_ _DET_ _NOUN_,23225483
dans _DET_ _NOUN_ .,23174001
"_START_ _ADP_ _NOUN_ ,",23107644
de _NOUN_ _._ _NOUN_,22876732
par _DET_ _NOUN_ _ADP_,22820938
en _VERB_ _DET_ _NOUN_,22787922
_START_ _CONJ_ _PRON_ _VERB_,22656587
de _DET_ _NOUN_ _CONJ_,22590706
de la _NOUN_ .,22566720
des _NOUN_ _ADP_ _DET_,22082736
son _NOUN_ . _END_,21756960
d' _DET_ _NOUN_ _ADP_,21713449
_VERB_ - _PRON_ _PRON_,21346106
"de _NOUN_ _NOUN_ ,",21256043
l' _NOUN_ de _NOUN_,21233529
"_VERB_ , _DET_ _NOUN_",21121618
_START_ _PRON_ _ADV_ _VERB_,21092322
les _NOUN_ _ADJ_ _._,20959502
de l' _NOUN_ _ADP_,20921079
d' _NOUN_ _._ _END_,20895184
au _NOUN_ _ADP_ _DET_,20573729
ne _VERB_ _ADV_ _VERB_,20337175
en _NOUN_ _ADP_ _DET_,20177349
de _NOUN_ _._ _DET_,20146308
de _DET_ _ADJ_ _NOUN_,20068889
"_START_ _DET_ _NOUN_ ,",19973588
un _NOUN_ _._ _END_,19887019
l' _NOUN_ de _DET_,19210466
_START_ _VERB_ _DET_ _NOUN_,19165371
_START_ _VERB_ _PRON_ _PRON_,19140331
et _DET_ _NOUN_ _ADJ_,19133936
l' _NOUN_ _ADJ_ _._,19066707
que _DET_ _NOUN_ _ADP_,19055437
à la _NOUN_ _._,19016319
de _NOUN_ _._ _ADP_,18944688
et _ADP_ _NOUN_ _._,18878201
_START_ _PRON_ ne _VERB_,18808703
se _VERB_ _ADP_ _NOUN_,18796560
par _DET_ _NOUN_ _._,18759994
de _NOUN_ _NOUN_ _ADJ_,18684776
des _NOUN_ _ADJ_ _ADP_,18644757
l _DET_ _NOUN_ _ADP_,18632163
_START_ Il _VERB_ _ADV_,18591135
_START_ Il _PRON_ _VERB_,18555054
l ' _NOUN_ _ADP_,18523430
de _NOUN_ _CONJ_ _ADP_,18501551
le _NOUN_ _ADP_ la,18460873
_START_ _CONJ_ _DET_ _NOUN_,18205248
_VERB_ - _PRON_ -,18177789
les _NOUN_ de _DET_,18094768
d' _NOUN_ . _END_,18040503
de _DET_ _NOUN_ et,18002538
_VERB_ - t -,17961105
_VERB_ - t _PRON_,17950600
à _NOUN_ _._ _END_,17911051
le _NOUN_ _ADJ_ _._,17849793
la _NOUN_ de la,17838655
de la _NOUN_ de,17823997
un _NOUN_ _ADP_ _DET_,17650533
sur _DET_ _NOUN_ _ADJ_,17607515
à _NOUN_ _NOUN_ _ADP_,17455577
une _NOUN_ _ADJ_ _ADP_,17436922
de _DET_ _DET_ _NOUN_,17388538
_START_ _NOUN_ _ADP_ _NOUN_,17349444
de _NOUN_ de _NOUN_,17312303
de l' _NOUN_ _ADJ_,17234853
de _NOUN_ _._ _PRON_,17227409
_START_ _NOUN_ _NOUN_ _VERB_,17129344
la _NOUN_ _._ _DET_,17112132
_START_ _DET_ _NOUN_ _NOUN_,17102194
_START_ _VERB_ - _PRON_,17101156
"de _NOUN_ , _ADP_",17063909
par _DET_ _NOUN_ _ADJ_,17000404
sa _NOUN_ _._ _END_,16777511
ne _PRON_ _VERB_ _ADV_,16660985
_START_ _NOUN_ _NOUN_ _NOUN_,16636473
_START_ _DET_ _NOUN_ _PRON_,16614671
un _NOUN_ . _END_,16581456
d' _VERB_ _DET_ _NOUN_,16574050
les _NOUN_ _ADJ_ _ADP_,16500475
"de _NOUN_ , _DET_",16468880
une _NOUN_ _ADP_ _DET_,16360980
à l' _NOUN_ _ADP_,16280641
de _NOUN_ _VERB_ _ADP_,16225246
"la _NOUN_ _ADJ_ ,",16188055
la _NOUN_ _ADP_ l',16019998
de _NOUN_ _NOUN_ .,16002837
du _NOUN_ de _NOUN_,15945692
"_START_ _NOUN_ , _NOUN_",15805180
un _NOUN_ _ADJ_ _ADP_,15771080
dans _DET_ _ADJ_ _NOUN_,15631010
"_START_ _._ _NOUN_ ,",15622307
_VERB_ - _PRON_ _._,15600528
La _NOUN_ _ADP_ _NOUN_,15554165
de _DET_ ' _NOUN_,15552819
de l _DET_ _NOUN_,15528081
pour _DET_ _NOUN_ _._,15511594
_START_ La _NOUN_ _ADP_,15454927
de _NOUN_ _._ _VERB_,15449047
a _VERB_ _DET_ _NOUN_,15438223
de l ' _NOUN_,15430535
_START_ Le _NOUN_ _VERB_,15401939
à _NOUN_ . _END_,15341819
le _NOUN_ du _NOUN_,15335474
sur _DET_ _NOUN_ de,15332815
d' _DET_ _NOUN_ _._,15306658
le _NOUN_ de la,15260366
d' une _NOUN_ _ADJ_,15215384
"de _NOUN_ , _PRON_",15195214
ne _VERB_ _ADV_ _ADV_,15190074
ne _VERB_ pas _VERB_,15133665
sa _NOUN_ . _END_,15111320
"de _NOUN_ _ADJ_ ,",15097082
le _NOUN_ _ADJ_ _ADP_,14976996
_START_ Il _VERB_ _VERB_,14933920
du _NOUN_ _ADP_ _DET_,14884164
de _NOUN_ et _ADP_,14836480
"la _NOUN_ , _DET_",14713353
et _DET_ _NOUN_ _VERB_,14709315
"des _NOUN_ _ADJ_ ,",14679416
que _PRON_ _PRON_ _VERB_,14637734
la _NOUN_ _._ _PRON_,14631662
au _NOUN_ de _DET_,14619607
dans le _NOUN_ _ADP_,14542252
il _VERB_ _DET_ _NOUN_,14539363
et _ADP_ _NOUN_ _ADP_,14348151
de _NOUN_ _CONJ_ de,14298177
lui _VERB_ _DET_ _NOUN_,14285822
de _NOUN_ _NOUN_ _NOUN_,14264529
une _ADJ_ _NOUN_ _._,14229120
un _ADJ_ _NOUN_ _._,14186612
le _NOUN_ des _NOUN_,14168657
"_VERB_ , _ADP_ _DET_",14116935
et _DET_ _NOUN_ de,14074708
la _NOUN_ _ADJ_ .,14061012
"_START_ -- _NOUN_ ,",14012699
_VERB_ - _PRON_ _VERB_,13973688
du _NOUN_ _ADJ_ _._,13935589
ses _NOUN_ _._ _END_,13925457
l' _NOUN_ _ADJ_ _ADP_,13921343
à _NOUN_ _NOUN_ _._,13904441
ne _VERB_ _ADV_ _ADP_,13867950
la _ADJ_ _NOUN_ _ADP_,13848727
sur _DET_ _NOUN_ .,13844441
"de _NOUN_ , _VERB_",13835349
ce _PRON_ _PRON_ _VERB_,13785311
d' un _NOUN_ _ADJ_,13751252
de _NOUN_ _PRON_ _VERB_,13726704
_START_ _NOUN_ _PRON_ _VERB_,13726371
que _PRON_ _VERB_ _VERB_,13675277
les _NOUN_ _VERB_ _ADP_,13667620
"sur _DET_ _NOUN_ ,",13621356
"_START_ _NOUN_ _NOUN_ ,",13603405
"de _NOUN_ , _NOUN_",13584511
la _NOUN_ _._ _ADP_,13563448
_START_ Le _NOUN_ _ADP_,13543913
avec _DET_ _NOUN_ _ADP_,13509849
Le _NOUN_ _ADP_ _NOUN_,13482441
"de l' _NOUN_ ,",13481247
de _NOUN_ _ADJ_ _ADP_,13460975
d' _NOUN_ _ADP_ _NOUN_,13452952
que _DET_ _NOUN_ _ADJ_,13439008
une _ADJ_ _NOUN_ _ADP_,13372296
une _NOUN_ _._ _END_,13353866
_START_ Il _VERB_ _DET_,13266245
_START_ _NOUN_ _VERB_ _DET_,13212431
un _ADJ_ _NOUN_ _ADP_,13071259
"la _NOUN_ , _PRON_",13060444
la _NOUN_ _._ _VERB_,13030807
dans la _NOUN_ _ADP_,13011738
pour _DET_ _NOUN_ _ADP_,12995477
de _NOUN_ _ADJ_ .,12988806
et _PRON_ _VERB_ _ADP_,12970852
_START_ La _NOUN_ _VERB_,12921923
la _NOUN_ _PRON_ _VERB_,12890067
"_VERB_ , _ADP_ _NOUN_",12812863
de son _NOUN_ _._,12792067
à la _NOUN_ de,12760975
la _ADJ_ _NOUN_ _._,12637672
la _NOUN_ de l',12629252
ses _NOUN_ . _END_,12611960
en _NOUN_ de _NOUN_,12536054
l' _NOUN_ du _NOUN_,12487373
de _NOUN_ _._ _CONJ_,12470486
qui _VERB_ _ADP_ _DET_,12454742
_START_ _DET_ _NOUN_ _ADV_,12413018
au _NOUN_ _._ _END_,12399958
Il _VERB_ _DET_ _NOUN_,12366093
la _NOUN_ _VERB_ _ADP_,12337096
la _NOUN_ _ADP_ _VERB_,12324939
l' _NOUN_ _ADP_ la,12306009
des _NOUN_ _ADJ_ .,12305390
"la _NOUN_ , _ADP_",12243332
l' _NOUN_ des _NOUN_,12237624
la _NOUN_ _._ _NOUN_,12050734
la _NOUN_ _CONJ_ _DET_,12035481
_START_ _ADP_ _NOUN_ _ADP_,11979467
un _NOUN_ _ADJ_ .,11972697
avec _DET_ _NOUN_ _._,11963643
y _VERB_ _DET_ _NOUN_,11949209
ne _PRON_ _VERB_ pas,11943350
"la _NOUN_ , _VERB_",11927597
ne _VERB_ _ADV_ _DET_,11917887
"un _NOUN_ _ADJ_ ,",11890797
au _NOUN_ de _NOUN_,11860613
_VERB_ - _PRON_ _ADV_,11860301
et _ADJ_ _._ _END_,11851990
_START_ Les _NOUN_ _VERB_,11779991
"une _NOUN_ _ADJ_ ,",11776187
avec _DET_ _NOUN_ _ADJ_,11772107
de _PRON_ _VERB_ _ADP_,11727449
à _DET_ _ADJ_ _NOUN_,11716476
_START_ _._ _DET_ _NOUN_,11702827
de l' _NOUN_ .,11700977
de _DET_ _NOUN_ _NOUN_,11688382
les _NOUN_ _PRON_ _VERB_,11658429
de _NOUN_ et de,11636633
de _ADJ_ _NOUN_ _._,11634948
les _NOUN_ _ADP_ la,11617401
l _DET_ _NOUN_ _._,11565224
est _VERB_ _ADP_ _DET_,11550457
de la _NOUN_ _VERB_,11539889
des _NOUN_ _._ _DET_,11528715
d' _DET_ _ADJ_ _NOUN_,11504106
de _DET_ _NOUN_ _PRON_,11455520
de la _NOUN_ _CONJ_,11451495
_START_ Dans _DET_ _NOUN_,11419074
l ' _NOUN_ _._,11392492
et de _DET_ _NOUN_,11387282
le _NOUN_ _ADP_ _VERB_,11327895
_START_ _DET_ _NOUN_ est,11300633
d _ADP_ _DET_ _NOUN_,11288921
dans la _NOUN_ _._,11238830
_VERB_ - _PRON_ _ADP_,11211784
d ' _DET_ _NOUN_,11200015
_START_ En _NOUN_ _._,11191987
une _NOUN_ . _END_,11177730
d' un _NOUN_ _ADP_,11170656
_START_ _ADV_ _._ _PRON_,11154059
"de _NOUN_ , _CONJ_",11152358
la _NOUN_ _._ _CONJ_,11145505
se _VERB_ _DET_ _NOUN_,11134040
qui _PRON_ _VERB_ _ADP_,11122406
une _NOUN_ _ADJ_ .,11088210
les _NOUN_ _CONJ_ _DET_,11038619
_START_ _NOUN_ _ADJ_ _._,11020792
_START_ _NOUN_ _NOUN_ _ADP_,11019022
qui _VERB_ _ADP_ _NOUN_,11006118
les _NOUN_ du _NOUN_,10979114
de _VERB_ _ADP_ _DET_,10977227
des _NOUN_ _CONJ_ _ADP_,10943531
"_START_ _ADV_ , _PRON_",10935114
qui _VERB_ _VERB_ _ADP_,10855405
"_START_ En _NOUN_ ,",10850153
et _ADJ_ . _END_,10846702
d' _DET_ _NOUN_ de,10764079
au _NOUN_ . _END_,10737498
à _NOUN_ _ADP_ _NOUN_,10727751
par _DET_ _NOUN_ de,10727232
se _VERB_ _._ _END_,10705827
son _NOUN_ _ADP_ _NOUN_,10692519
de _PRON_ _VERB_ _._,10575970
ne _VERB_ pas _ADP_,10569585
des _NOUN_ _VERB_ _ADP_,10542821
avait _VERB_ _DET_ _NOUN_,10502425
dans le _NOUN_ _._,10491721
à la _NOUN_ _ADJ_,10473909
d' une _NOUN_ _ADP_,10432992
_START_ Il _VERB_ _ADP_,10429324
le _NOUN_ _ADP_ l',10358029
et _PRON_ _PRON_ _VERB_,10346137
les _NOUN_ _._ _DET_,10304943
les _ADJ_ _NOUN_ _ADP_,10299471
"_VERB_ , _CONJ_ _PRON_",10279179
_START_ _ADP_ la _NOUN_,10273869
_START_ _ADV_ _DET_ _NOUN_,10266304
_START_ _X_ _X_ _X_,10251162
et _VERB_ _ADP_ _DET_,10233433
_START_ _PRON_ se _VERB_,10223634
et _ADP_ la _NOUN_,10218027
que _PRON_ _VERB_ _ADV_,10183363
"des _NOUN_ , _DET_",10160822
"la _NOUN_ , _CONJ_",10150892
le _NOUN_ _VERB_ _ADP_,10132276
de _NOUN_ _VERB_ _VERB_,10130176
l' _NOUN_ de la,10129204
Les _NOUN_ _ADP_ _NOUN_,10098388
l' _ADJ_ _._ _END_,10089932
et _ADP_ _NOUN_ _ADJ_,10087425
des _NOUN_ et _ADP_,10074686
à l' _NOUN_ _._,10070708
la _NOUN_ _VERB_ _VERB_,10070178
sur le _NOUN_ _ADP_,10044169
des _NOUN_ _ADJ_ _CONJ_,10035334
_START_ _PRON_ _VERB_ _PRON_,10032459
la _NOUN_ d' _DET_,10029843
_START_ _PRON_ _VERB_ _ADJ_,10027398
la _NOUN_ _ADJ_ de,9976910
et _DET_ _NOUN_ .,9971540
aux _NOUN_ _ADP_ _NOUN_,9913151
à _VERB_ _ADP_ _DET_,9898007
"et _DET_ _NOUN_ ,",9882231
_START_ Les _NOUN_ _ADP_,9851696
le _NOUN_ _PRON_ _VERB_,9848205
"les _NOUN_ _ADJ_ ,",9734890
le _NOUN_ _VERB_ _VERB_,9654117
la _NOUN_ _ADJ_ _VERB_,9639108
de _NOUN_ à _NOUN_,9634479
de _NOUN_ _CONJ_ _DET_,9565808
le _NOUN_ _._ _DET_,9521300
_START_ _DET_ _._ _END_,9518823
de _NOUN_ _NOUN_ _VERB_,9502521
les _NOUN_ et _DET_,9500235
la _NOUN_ _CONJ_ _ADP_,9477735
se _VERB_ . _END_,9452161
ne _VERB_ pas _DET_,9444016
que _DET_ _NOUN_ de,9432156
de _VERB_ _ADP_ _NOUN_,9403634
la _NOUN_ et _DET_,9389752
"les _NOUN_ , _DET_",9379495
et _PRON_ _VERB_ _ADV_,9378419
à _VERB_ _._ _END_,9369858
le _NOUN_ _CONJ_ _DET_,9365092
qui _VERB_ _VERB_ _DET_,9327619
de la _NOUN_ et,9313603
_START_ -- _DET_ _NOUN_,9305856
les _NOUN_ de la,9290731
dans _DET_ _NOUN_ _CONJ_,9272547
_START_ _PRON_ _VERB_ _._,9221235
de la _ADJ_ _NOUN_,9207733
de sa _NOUN_ _._,9194889
_START_ _DET_ . _END_,9145123
_START_ _VERB_ _ADP_ _DET_,9129943
_START_ _PRON_ _VERB_ pas,9107248
et _NOUN_ _._ _END_,9092486
à _DET_ _NOUN_ _CONJ_,9089389
la _NOUN_ d' _NOUN_,9087503
_START_ _._ Je _VERB_,9086552
et _PRON_ _VERB_ _VERB_,9072070
_START_ _ADV_ _._ _DET_,9042717
ne _VERB_ _ADV_ _._,9035088
se _VERB_ _ADV_ _ADP_,9021000
l' _ADJ_ . _END_,9000182
l' _VERB_ _ADP_ _NOUN_,8996846
de _NOUN_ _ADP_ la,8996730
le _ADJ_ _NOUN_ _ADP_,8988892
que _PRON_ _VERB_ _ADP_,8973422
_START_ _NOUN_ _VERB_ _ADV_,8961414
"_START_ _ADV_ , _DET_",8957730
la _NOUN_ _ADJ_ _CONJ_,8952986
_START_ _ADP_ _DET_ _ADJ_,8945593
_START_ -- Je _VERB_,8934121
d' _NOUN_ _ADP_ _DET_,8898997
d' _NOUN_ _ADJ_ _._,8889752
la _NOUN_ _VERB_ _ADV_,8871985
je _ADV_ _VERB_ _ADV_,8869628
de _NOUN_ _ADJ_ _NOUN_,8859765
_START_ _NOUN_ _VERB_ _ADP_,8846485
ce que _PRON_ _VERB_,8844595
de _NOUN_ _NOUN_ de,8825622
et _NOUN_ _ADP_ _NOUN_,8820517
des _NOUN_ _PRON_ _VERB_,8818767
_START_ _._ _NOUN_ .,8817728
la _NOUN_ _ADJ_ _NOUN_,8795568
plus _ADJ_ _._ _END_,8786612
d' un _NOUN_ _._,8774857
et la _NOUN_ _ADP_,8771989
des _NOUN_ _CONJ_ des,8758601
pour _DET_ _NOUN_ _ADJ_,8750124
ne _VERB_ pas _ADV_,8748024
_START_ Je _VERB_ _ADV_,8740233
sur la _NOUN_ _ADP_,8724608
"par _DET_ _NOUN_ ,",8702555
l' _VERB_ _._ _END_,8685689
le _ADJ_ _NOUN_ _._,8661333
le _VERB_ _._ _END_,8570278
de _NOUN_ _VERB_ _DET_,8567319
de _NOUN_ _ADJ_ _CONJ_,8521533
le _NOUN_ de l',8494821
je _VERB_ _DET_ _NOUN_,8494357
_START_ _._ _NOUN_ _NOUN_,8475336
l _DET_ _NOUN_ _ADJ_,8473223
les _NOUN_ _ADJ_ _VERB_,8469404
"l' _NOUN_ _ADJ_ ,",8461693
l' _VERB_ _ADP_ _DET_,8448153
l ' _NOUN_ _ADJ_,8446390
_START_ Je _PRON_ _VERB_,8444997
les _NOUN_ _VERB_ _VERB_,8421374
pas _DET_ _NOUN_ _._,8420857
et _PRON_ _VERB_ _DET_,8400601
"le _NOUN_ , _DET_",8385888
la _NOUN_ _ADP_ _ADJ_,8377220
le _NOUN_ _._ _PRON_,8365347
Je _ADV_ _VERB_ _ADV_,8363753
les _NOUN_ _CONJ_ les,8346729
au _NOUN_ _ADP_ la,8331197
_START_ _PRON_ _VERB_ _CONJ_,8307020
que _DET_ _NOUN_ _._,8300069
"à la _NOUN_ ,",8279628
je ne _VERB_ _ADV_,8256055
mon _NOUN_ _._ _END_,8252865
des _NOUN_ de _DET_,8223126
à _NOUN_ _NOUN_ de,8216745
et _VERB_ _ADP_ _NOUN_,8209586
"le _NOUN_ _ADJ_ ,",8208435
à _VERB_ . _END_,8200546
de _VERB_ _._ _END_,8195127
l' _NOUN_ _ADP_ _VERB_,8190005
les _NOUN_ des _NOUN_,8179046
_START_ _._ _NOUN_ _VERB_,8171549
pas _VERB_ _DET_ _NOUN_,8141226
la _NOUN_ _ADP_ _PRON_,8138047
de _NOUN_ _VERB_ _ADV_,8137247
pas _DET_ _NOUN_ _ADP_,8104001
_START_ _VERB_ _ADP_ _NOUN_,8095970
un _NOUN_ _ADJ_ _NOUN_,8092123
et _NOUN_ . _END_,8089550
à _VERB_ _ADP_ _NOUN_,8072549
sur le _NOUN_ _._,8054470
_START_ _NOUN_ _VERB_ _VERB_,8033825
son _NOUN_ _ADP_ _DET_,8000592
"et _ADP_ _NOUN_ ,",7979541
que _VERB_ _DET_ _NOUN_,7976638
_START_ _PRON_ me _VERB_,7975061
à l' _NOUN_ de,7915994
_START_ _ADP_ le _NOUN_,7909824
de _NOUN_ _NOUN_ _CONJ_,7902875
elle _VERB_ _DET_ _NOUN_,7902335
un _NOUN_ d' _NOUN_,7880140
Je ne _VERB_ _ADV_,7879309
plus _ADJ_ . _END_,7875677
_START_ Elle _VERB_ _ADV_,7873214
dans les _NOUN_ _ADP_,7827328
du _NOUN_ _._ _NOUN_,7814225
_START_ _NOUN_ _DET_ _NOUN_,7810305
_START_ Elle _VERB_ _DET_,7804342
"_VERB_ , _PRON_ _PRON_",7789149
au _NOUN_ de la,7788803
_START_ _ADP_ _NOUN_ _NOUN_,7770577
en _NOUN_ _ADJ_ _._,7762508
_START_ -- _NOUN_ _VERB_,7745641
les _ADJ_ _NOUN_ _._,7739288
et _ADP_ _NOUN_ .,7721423
de l' _NOUN_ de,7708251
l' _NOUN_ _ADP_ l',7704163
l _DET_ _NOUN_ de,7699202
des _NOUN_ _ADJ_ et,7696271
à la _NOUN_ .,7693504
la _NOUN_ _ADP_ un,7686320
cette _NOUN_ _._ _END_,7685135
_START_ _PRON_ _PRON_ _PRON_,7679964
à _DET_ _DET_ _NOUN_,7677149
la _NOUN_ et _ADP_,7671387
est _VERB_ _ADP_ _NOUN_,7671143
à _NOUN_ _ADP_ _DET_,7665020
l ' _NOUN_ de,7653188
du _NOUN_ _._ _DET_,7649955
se _VERB_ _ADP_ _VERB_,7638280
de la _NOUN_ _NOUN_,7635241
de _NOUN_ _._ _ADV_,7631232
et de _NOUN_ _._,7628191
et _DET_ _ADJ_ _NOUN_,7606141
t _PRON_ _PRON_ _._,7574475
t - _PRON_ _._,7573884
de _NOUN_ _ADP_ _VERB_,7564664
des _NOUN_ _ADP_ la,7562232
de _NOUN_ en _NOUN_,7560351
leur _NOUN_ _._ _END_,7553926
au _NOUN_ du _NOUN_,7549430
_START_ Le _NOUN_ _ADJ_,7513655
"le _NOUN_ , _PRON_",7508508
les _NOUN_ et les,7502289
l' _VERB_ . _END_,7500937
_START_ Le _NOUN_ de,7491314
le _NOUN_ _ADJ_ _NOUN_,7483700
d _ADP_ _NOUN_ _._,7455524
de ses _NOUN_ _._,7453660
le _NOUN_ _._ _VERB_,7451516
des _NOUN_ et des,7449952
la _NOUN_ en _NOUN_,7449937
en _NOUN_ _DET_ _NOUN_,7432876
comme _DET_ _NOUN_ _ADP_,7407788
"d' _DET_ _NOUN_ ,",7406256
Elle _VERB_ _DET_ _NOUN_,7406252
_START_ _CONJ_ _PRON_ _PRON_,7405314
d ' _NOUN_ _._,7401548
_START_ L' _NOUN_ _VERB_,7390855
des _NOUN_ _._ _NOUN_,7378040
_START_ _PRON_ y _VERB_,7366097
la _NOUN_ _VERB_ _DET_,7366091
il _VERB_ _VERB_ _ADP_,7364809
les _NOUN_ _ADJ_ _CONJ_,7361159
_START_ L' _NOUN_ _ADP_,7352598
en _DET_ _NOUN_ _._,7350378
ce _NOUN_ _._ _END_,7347473
qui _PRON_ _VERB_ _._,7339400
_START_ _NOUN_ _ADP_ _DET_,7333490
l' _NOUN_ _._ _DET_,7331957
le _NOUN_ _VERB_ _ADV_,7317167
de _DET_ _NOUN_ des,7258364
les _NOUN_ _ADJ_ .,7258130
l' _NOUN_ _ADJ_ .,7252776
à _DET_ _NOUN_ _VERB_,7237071
dans le _NOUN_ de,7234850
que _PRON_ _VERB_ _._,7224147
_START_ La _NOUN_ _ADJ_,7215557
dans _DET_ _NOUN_ _VERB_,7214047
au _NOUN_ des _NOUN_,7209362
l' _NOUN_ d' _DET_,7188316
que _PRON_ _VERB_ _DET_,7186846
de _VERB_ . _END_,7184526
qui _PRON_ _VERB_ _VERB_,7182391
la _NOUN_ _ADJ_ et,7181077
le _VERB_ . _END_,7175814
_START_ _DET_ _NOUN_ d',7173280
de _ADJ_ _NOUN_ _ADP_,7162395
_START_ Les _NOUN_ _ADJ_,7161313
du _NOUN_ de _DET_,7149045
ne _VERB_ pas _._,7141458
en _NOUN_ _._ _ADP_,7138595
"_VERB_ , _VERB_ _ADP_",7115833
par _DET_ _NOUN_ .,7114384
_START_ Elle _VERB_ _VERB_,7105894
des _NOUN_ _ADJ_ _NOUN_,7104702
un _NOUN_ _PRON_ _VERB_,7077238
"_VERB_ , _VERB_ _DET_",7075717
il _PRON_ _VERB_ _ADV_,7064778
de _ADJ_ _DET_ _NOUN_,7050473
_START_ _PRON_ _VERB_ à,7029900
le _NOUN_ d' _NOUN_,7023692
du _NOUN_ _._ _ADP_,7020380
_START_ _PRON_ _VERB_ que,7019434
le _NOUN_ et _DET_,7011905
des _NOUN_ _ADJ_ _VERB_,7001678
_START_ _DET_ _DET_ _NOUN_,6999006
et _ADP_ _NOUN_ _NOUN_,6992827
sa _NOUN_ _ADP_ _NOUN_,6979206
dans _DET_ _NOUN_ _PRON_,6973240
_START_ La _NOUN_ de,6968848
que _ADP_ _DET_ _NOUN_,6962351
de _DET_ _NOUN_ à,6956251
_START_ _PRON_ _VERB_ de,6942632
à l _DET_ _NOUN_,6932946
à _DET_ ' _NOUN_,6930912
de _DET_ _NOUN_ d',6929082
"la _NOUN_ , _NOUN_",6916165
les _NOUN_ _ADP_ l',6902233
à l ' _NOUN_,6895754
du _NOUN_ _ADJ_ _ADP_,6882467
de _DET_ _NOUN_ du,6866363
Je _ADV_ _VERB_ pas,6851363
avec _DET_ _ADJ_ _NOUN_,6839997
de _NOUN_ et _DET_,6828963
vous _VERB_ _DET_ _NOUN_,6821871
_START_ -- _NOUN_ _NOUN_,6817998
dans _DET_ _NOUN_ et,6811175
des _NOUN_ d' _NOUN_,6797870
_START_ _DET_ _NOUN_ du,6788236
avec _DET_ _NOUN_ de,6781966
"le _NOUN_ , _VERB_",6773767
_START_ _DET_ _NOUN_ .,6771283
je _ADV_ _VERB_ pas,6770443
et les _NOUN_ _ADP_,6769430
le _NOUN_ _NOUN_ _NOUN_,6768921
est _DET_ _NOUN_ _ADP_,6758567
de _NOUN_ _ADJ_ _VERB_,6754017
se _VERB_ _ADP_ la,6750166
se _VERB_ dans _DET_,6749076
en _NOUN_ de _DET_,6742734
il _PRON_ _VERB_ _DET_,6741734
sur _DET_ _NOUN_ _CONJ_,6739768
leur _NOUN_ . _END_,6738922
l' _NOUN_ _PRON_ _VERB_,6738334
Le _NOUN_ de _NOUN_,6726707
_START_ _NOUN_ _ADJ_ _NOUN_,6716802
« _NOUN_ » _._,6688439
du _NOUN_ _._ _PRON_,6680343
et le _NOUN_ _ADP_,6674502
Je _VERB_ _DET_ _NOUN_,6666971
de _DET_ _NOUN_ _ADV_,6664673
une _NOUN_ _ADJ_ _CONJ_,6659125
"_START_ , _NOUN_ _._",6650239
à _NOUN_ _DET_ _NOUN_,6645126
_START_ _._ _PRON_ _PRON_,6629173
on _VERB_ _DET_ _NOUN_,6621812
"de _NOUN_ , _ADV_",6613275
Il _PRON_ _VERB_ _ADV_,6606161
une _NOUN_ _ADV_ _ADJ_,6605349
de _VERB_ la _NOUN_,6602748
que _DET_ _ADJ_ _NOUN_,6597622
pas _ADP_ _DET_ _NOUN_,6595694
"pour _DET_ _NOUN_ ,",6588932
du _ADJ_ _NOUN_ _NOUN_,6585901
en _NOUN_ _._ _DET_,6578895
un _NOUN_ _VERB_ _ADP_,6575918
de l' _NOUN_ _VERB_,6575848
le _NOUN_ _ADJ_ _VERB_,6574844
_START_ Je _VERB_ _VERB_,6559300
à _NOUN_ _ADJ_ _._,6540874
le _NOUN_ _VERB_ _DET_,6535321
de _VERB_ les _NOUN_,6531452
une _NOUN_ _ADJ_ _NOUN_,6524760
Je ne _VERB_ pas,6514327
L' _NOUN_ _ADP_ _NOUN_,6513112
de _NOUN_ _NOUN_ et,6502117
d' une _ADJ_ _NOUN_,6498652
que le _NOUN_ _VERB_,6496512
"_VERB_ , _NOUN_ _._",6492965
mon _NOUN_ . _END_,6491118
"en _NOUN_ , _ADP_",6490518
"un _ADJ_ _NOUN_ ,",6490384
le _NOUN_ _ADJ_ .,6488564
un _ADJ_ _NOUN_ de,6478374
de _NOUN_ qui _VERB_,6473566
de la _NOUN_ des,6466562
et de la _NOUN_,6456871
_START_ _NOUN_ _NOUN_ _ADJ_,6447800
il _VERB_ _VERB_ _DET_,6445893
"_VERB_ - _PRON_ ,",6420821
du _NOUN_ _CONJ_ _ADP_,6420117
de _NOUN_ _._ de,6418208
comme _DET_ _NOUN_ _._,6416003
être _VERB_ _ADP_ _DET_,6410708
la _NOUN_ _NOUN_ _._,6400505
_START_ _NOUN_ _._ _DET_,6399270
je ne _VERB_ pas,6398222
des _NOUN_ _._ _ADP_,6389012
par _DET_ _ADJ_ _NOUN_,6378209
du _NOUN_ _ADP_ la,6373985
une _NOUN_ de _DET_,6369574
qui _VERB_ _ADV_ _VERB_,6367486
"à _NOUN_ _NOUN_ ,",6356673
« _NOUN_ _ADJ_ _._,6355831
_START_ _ADP_ _NOUN_ de,6345349
un _NOUN_ _ADJ_ _CONJ_,6342784
d' une _NOUN_ _._,6340376
les _NOUN_ _._ _PRON_,6336511
de _NOUN_ de _DET_,6326198
les _NOUN_ _VERB_ _ADV_,6326147
ne _VERB_ _ADV_ _PRON_,6318128
le _NOUN_ _ADJ_ de,6314204
des _NOUN_ _._ _PRON_,6298281
"du _NOUN_ , _ADP_",6283566
à _DET_ _NOUN_ et,6281841
_START_ -- _PRON_ _PRON_,6280878
"l' _NOUN_ , _DET_",6280674
"_VERB_ , il _VERB_",6280652
_START_ _NOUN_ de _NOUN_,6262750
l' _ADJ_ _ADP_ _NOUN_,6260770
à _NOUN_ _NOUN_ _ADJ_,6254687
pour _DET_ _NOUN_ de,6249963
le _NOUN_ _._ _ADP_,6244498
de _NOUN_ _ADJ_ et,6233085
été _VERB_ _ADP_ _DET_,6228694
me _VERB_ _DET_ _NOUN_,6227318
"de _NOUN_ , de",6208776
_START_ Je _ADV_ _VERB_,6203817
l' _NOUN_ _._ _ADP_,6197940
il _VERB_ _ADV_ _VERB_,6190555
sur _DET_ _ADJ_ _NOUN_,6185586
que les _NOUN_ _VERB_,6185524
la _NOUN_ _CONJ_ _VERB_,6181488
l' _NOUN_ de l',6178960
_START_ _DET_ _NOUN_ des,6174270
ce _NOUN_ _ADP_ _NOUN_,6156901
dans les _NOUN_ _._,6153172
de _NOUN_ - _NOUN_,6149231
son _NOUN_ _ADJ_ _._,6148808
sur la _NOUN_ _._,6122172
qui _VERB_ la _NOUN_,6111325
de _VERB_ le _NOUN_,6088387
les _NOUN_ d' _NOUN_,6081659
"une _ADJ_ _NOUN_ ,",6069545
par la _NOUN_ _ADP_,6064111
d' un _ADJ_ _NOUN_,6060540
l' _VERB_ _VERB_ _._,6057978
une _NOUN_ d' _NOUN_,6047249
à l' _NOUN_ _ADJ_,6044330
cette _NOUN_ . _END_,6041436
se _VERB_ _ADP_ _PRON_,6039439
pour _DET_ _NOUN_ .,6038924
"du _NOUN_ , _DET_",6035031
l' _NOUN_ _._ _PRON_,6034601
_START_ Elle _PRON_ _VERB_,6025183
dans la _NOUN_ _ADJ_,6016676
les _NOUN_ _VERB_ _DET_,6014272
la _NOUN_ _ADJ_ _ADJ_,6001760
la _NOUN_ _._ _ADV_,5997076
en _NOUN_ _._ _VERB_,5995056
dans les _NOUN_ _ADJ_,5991543
"_._ , _DET_ _NOUN_",5984422
le _NOUN_ d' _DET_,5981373
la _NOUN_ d' un,5981159
à _DET_ _NOUN_ du,5979601
la _ADJ_ _NOUN_ _ADJ_,5979378
nous _VERB_ _DET_ _NOUN_,5977201
qui _VERB_ _VERB_ _VERB_,5972989
du _NOUN_ _._ _VERB_,5972444
_START_ Je _VERB_ _DET_,5960995
dans le _NOUN_ _ADJ_,5954603
le _NOUN_ _._ _CONJ_,5945010
dans _DET_ _NOUN_ d',5939759
les _NOUN_ _ADJ_ et,5938064
les _NOUN_ _ADJ_ de,5932891
ma _NOUN_ _._ _END_,5928572
pour _DET_ _ADJ_ _NOUN_,5928355
les _NOUN_ _._ _VERB_,5928225
_START_ _PRON_ _VERB_ la,5923223
"du _NOUN_ , _PRON_",5918181
l' _VERB_ _VERB_ _ADP_,5913606
des _NOUN_ qui _VERB_,5909439
La _NOUN_ de _NOUN_,5906250
_START_ _PRON_ _VERB_ _NOUN_,5897618
d' _DET_ _NOUN_ _VERB_,5894748
un _NOUN_ _ADV_ _ADJ_,5894441
de l' _NOUN_ _CONJ_,5882179
ce _PRON_ _VERB_ _VERB_,5880255
_START_ _DET_ _NOUN_ _CONJ_,5870010
« _NOUN_ _ADP_ _NOUN_,5867727
l' _NOUN_ _VERB_ _ADP_,5865433
"la _ADJ_ _NOUN_ ,",5858505
une _ADJ_ _NOUN_ .,5858482
de la _NOUN_ du,5847158
la _NOUN_ _NOUN_ _NOUN_,5845137
le _NOUN_ _._ _NOUN_,5843604
du _ADJ_ _NOUN_ _._,5842262
l' _NOUN_ _._ _NOUN_,5838309
de son _NOUN_ .,5830947
que _DET_ _NOUN_ _PRON_,5824286
se _VERB_ _VERB_ _ADP_,5816829
à _DET_ _NOUN_ d',5809916
la _NOUN_ _PRON_ _PRON_,5809586
sur les _NOUN_ _ADP_,5805168
de _NOUN_ _ADP_ l',5795918
en _NOUN_ _ADP_ _VERB_,5795102
la _ADJ_ _NOUN_ de,5793904
un _ADJ_ _NOUN_ _ADJ_,5792336
"du _NOUN_ _ADJ_ ,",5767275
des _NOUN_ _._ _VERB_,5766475
en _NOUN_ _ADP_ la,5764714
une _NOUN_ _VERB_ _ADP_,5763450
_START_ Je ne _VERB_,5754866
à _DET_ _NOUN_ des,5749528
sont _VERB_ _ADP_ _DET_,5745054
des _NOUN_ _ADJ_ _ADJ_,5723436
les _NOUN_ qui _VERB_,5721217
d' un _NOUN_ de,5714145
de _NOUN_ _VERB_ _._,5698996
le _NOUN_ de _VERB_,5693734
_START_ _PRON_ _VERB_ le,5688899
"_VERB_ , _VERB_ _PRON_",5686176
la _NOUN_ et _VERB_,5680907
ou _ADP_ _DET_ _NOUN_,5679897
que l' _PRON_ _VERB_,5677490
est _ADJ_ _._ _END_,5675747
sous _DET_ _NOUN_ _ADP_,5675038
une _NOUN_ _PRON_ _VERB_,5655734
"l _DET_ _NOUN_ ,",5646264
en _NOUN_ _._ _PRON_,5641692
des _NOUN_ du _NOUN_,5640941
de _NOUN_ des _NOUN_,5636470
"les _NOUN_ , _PRON_",5633492
__ __ __ __,5630979
_START_ Mais _PRON_ _VERB_,5622484
il _PRON_ _VERB_ _ADP_,5617579
les _NOUN_ _._ les,5608129
un _NOUN_ de _DET_,5604391
le _NOUN_ _ADP_ _PRON_,5601727
La _NOUN_ _ADP_ _DET_,5599785
dans la _NOUN_ de,5599134
"des _NOUN_ , _ADP_",5597394
que la _NOUN_ _ADP_,5596467
dans _DET_ _NOUN_ du,5594029
_START_ _CONJ_ il _VERB_,5592569
de _NOUN_ _DET_ _NOUN_,5589391
Il _VERB_ _ADV_ _VERB_,5573916
de _PRON_ _PRON_ _VERB_,5569842
la _NOUN_ _ADP_ une,5569526
qui se _VERB_ _ADP_,5563877
"l' _NOUN_ , _ADP_",5557483
"le _NOUN_ , _ADP_",5556966
une _ADJ_ _NOUN_ de,5554006
"l ' _NOUN_ ,",5552694
"en _NOUN_ , _DET_",5551508
d _ADP_ un _NOUN_,5549339
ce _NOUN_ . _END_,5544761
une _ADJ_ _NOUN_ _ADJ_,5541021
"_VERB_ , _VERB_ _._",5538819
dont _DET_ _NOUN_ _VERB_,5538681
_START_ _PRON_ _VERB_ un,5529599
de _PRON_ _VERB_ _DET_,5528380
en _NOUN_ _._ _NOUN_,5523456
d ' un _NOUN_,5520354
que la _NOUN_ _VERB_,5516826
"de son _NOUN_ ,",5514515
d' _DET_ _NOUN_ .,5510789
de _NOUN_ _._ et,5508814
le _NOUN_ _NOUN_ _._,5506729
un _ADJ_ _NOUN_ .,5505598
l' _NOUN_ _VERB_ _VERB_,5503349
qui _VERB_ le _NOUN_,5503098
l' _NOUN_ _._ _VERB_,5502199
les _NOUN_ de l',5501444
_START_ _PRON_ _PRON_ a,5494953
tous _DET_ _NOUN_ _._,5494767
_START_ Il y _VERB_,5491760
"des _NOUN_ , _PRON_",5487544
et _ADP_ _NOUN_ de,5476469
de _PRON_ _._ _END_,5464667
» _._ _NOUN_ _._,5462427
"les _NOUN_ , les",5461620
"en _NOUN_ , _VERB_",5458489
par le _NOUN_ _ADP_,5445766
"les _NOUN_ , _VERB_",5433733
de la _NOUN_ _PRON_,5419003
_VERB_ - _PRON_ .,5414939
a _VERB_ _VERB_ _ADP_,5409540
à _DET_ _NOUN_ _ADV_,5409191
l' _NOUN_ _CONJ_ _DET_,5401926
au _NOUN_ _ADJ_ _._,5387988
"le _NOUN_ , _CONJ_",5386965
_START_ _._ _PRON_ _ADV_,5385545
sa _NOUN_ _ADP_ _DET_,5385206
ou _DET_ _NOUN_ _ADP_,5384248
les _NOUN_ _ADJ_ _NOUN_,5380596
"_START_ _PRON_ _VERB_ ,",5379723
_START_ Le _ADJ_ _NOUN_,5370517
_START_ Les _NOUN_ de,5366389
un _NOUN_ _ADP_ la,5353370
"l' _NOUN_ , _PRON_",5352574
de _NOUN_ dans _DET_,5352106
du _NOUN_ _ADJ_ .,5350030
en _VERB_ _ADP_ _DET_,5345195
des _NOUN_ _._ _CONJ_,5344882
du _NOUN_ et _ADP_,5340562
_START_ _ADV_ _PRON_ _VERB_,5339516
dans _DET_ _NOUN_ des,5336419
"du _NOUN_ , _VERB_",5330878
cette _NOUN_ _ADP_ _NOUN_,5330116
ses _NOUN_ _ADP_ _NOUN_,5321758
à son _NOUN_ _._,5318438
et _DET_ _NOUN_ _PRON_,5318079
il _ADV_ _VERB_ _ADV_,5306519
la _NOUN_ qui _VERB_,5304023
le _VERB_ _ADP_ _DET_,5301649
_START_ -- _PRON_ _ADV_,5297275
_START_ À _DET_ _NOUN_,5293212
Les _NOUN_ de _NOUN_,5291582
"_VERB_ , _CONJ_ _DET_",5280538
à _DET_ _NOUN_ _PRON_,5275717
des _NOUN_ _ADP_ l',5275153
du _NOUN_ _NOUN_ _NOUN_,5265945
à _PRON_ _VERB_ _._,5264244
sur _DET_ _NOUN_ et,5261275
"_VERB_ , _ADP_ _VERB_",5254767
la _NOUN_ _CONJ_ la,5251055
et _NOUN_ _NOUN_ _._,5248714
que _PRON_ _ADV_ _VERB_,5248336
un _NOUN_ _._ _DET_,5236045
Il _PRON_ _VERB_ _DET_,5232202
"avec _DET_ _NOUN_ ,",5232144
"la _NOUN_ , _ADV_",5227934
d _ADP_ une _NOUN_,5226277
à _DET_ _NOUN_ _DET_,5213310
est _DET_ _NOUN_ _ADJ_,5213099
_START_ C'est _DET_ _NOUN_,5212167
à _NOUN_ _NOUN_ .,5210296
sur le _NOUN_ de,5208528
d ' une _NOUN_,5204584
que _PRON_ on _VERB_,5203765
mais _PRON_ _VERB_ _ADV_,5194396
que l' on _VERB_,5191515
de _NOUN_ _ADP_ _PRON_,5188077
de _PRON_ _VERB_ .,5183664
"des _NOUN_ , _VERB_",5180015
_START_ Elle _VERB_ _ADP_,5174112
les _ADJ_ _NOUN_ de,5171442
des _NOUN_ _._ des,5171130
l' _NOUN_ _ADJ_ de,5170726
"de _ADJ_ _NOUN_ ,",5169009
un _NOUN_ qui _VERB_,5151178
ou _DET_ _NOUN_ _._,5141312
les _NOUN_ _._ _ADP_,5141194
Dans _DET_ _NOUN_ _._,5131189
dans l' _NOUN_ _ADP_,5130455
_START_ _PRON_ _VERB_ les,5123218
_START_ _DET_ _NOUN_ se,5112396
de _DET_ _NOUN_ en,5090557
"des _NOUN_ , des",5086998
ne se _VERB_ _ADV_,5086564
