ngram,freq
de plus en plus,3138067
Qu'est - ce que,1784211
au - dessus de,1388530
Je ne sais pas,1348608
n'est - ce pas,1264074
Est - ce que,1260510
pour la première fois,1218900
n'y a pas de,1007854
t - il en,989182
il n'y a pas,974019
je ne suis pas,949030
dans la mesure où,921209
un coup d' œil,919073
Je ne suis pas,876000
dans le cadre de,821024
ce que l' on,810871
au - delà de,800633
de l' autre côté,785296
Il n'y a pas,783670
la fin de la,773199
t - elle en,755523
que l ' on,726344
Qu'est - ce qui,701754
qu'est - ce que,698669
à la fin de,696692
dit - il en,676232
ce qui se passe,673317
tout à l' heure,658774
est - ce que,652322
je ne sais pas,650765
aux États - Unis,643726
quoi que ce soit,640311
ce moment - là,621941
à la fin du,621823
l' après - midi,589253
à l' intérieur de,588823
un certain nombre de,585454
peut - être pas,570509
Copyright Arvensa Editions Page,563507
la mise en place,563479
en ce qui concerne,563031
à l' égard de,562152
la mise en œuvre,545460
droits de l' homme,541228
de la part de,534919
que l' on peut,532583
Je ne peux pas,531383
ce qu'il y a,524775
en même temps que,524271
au sein de la,521457
ce jour - là,513613
fur et à mesure,513447
du point de vue,513083
il y a des,509197
il y a un,505620
de temps en temps,505037
Je ne veux pas,504902
je ne peux pas,499398
des droits de l',493600
de lui - même,492349
la fin de l',489216
dit - elle en,488756
sur le point de,483156
tout au long de,481243
au milieu de la,477461
il y a une,475290
à - vis de,468624
un point de vue,464740
l' objet d' une,453733
Il y a des,449581
une fois de plus,447941
des États - Unis,445862
dans le cadre d',442164
les États - Unis,437226
que celui - ci,436743
Ouvert du lundi au,433891
que tout le monde,433766
qui ne sont pas,433453
sous le nom de,425575
ce qui s'est passé,424148
je ne veux pas,423485
l' autre côté de,421262
tous les jours de,418923
la porte de la,418740
au - dessus du,417317
de celle - ci,414901
que ce n'est pas,414756
au cours de la,413880
il ne faut pas,413221
à la suite de,412856
et peut - être,412197
le long de la,407726
t - il à,405296
au fur et à,402191
la question de la,398801
à l' origine de,398637
était en train de,396844
de celui - ci,394735
mal à l' aise,388780
est en train de,384647
Quoi qu'il en soit,384019
t - il d',383441
d' elle - même,382998
ce que tu as,382904
Ouvert tous les jours,382239
au sein de l',380631
à partir de la,379321
la salle de bains,376425
point de vue de,376283
t - il pas,375466
au bord de la,375141
que je n'ai pas,371541
à la recherche de,371163
le cadre de la,370978
Il y a un,369151
par rapport à la,368606
l' histoire de la,368592
la Cour de cassation,368324
autre côté de la,366866
l' un de ses,366261
rien à voir avec,364621
à l' aide d',359962
de la jeune femme,359626
eu le temps de,359448
dans le domaine de,358710
à l' égard des,357994
la fin des années,357470
à l' aide de,355428
dans la salle de,353565
pas grand - chose,352189
Il ne faut pas,351034
président de la République,345738
de ne pas avoir,345243
à cause de la,345213
de la mise en,344607
Il est vrai que,339738
pas le temps de,339138
de l' Union européenne,338721
de l ' homme,338184
il d' une voix,337252
le week - end,334270
Il y a une,333867
que celle - ci,333352
Peut - être que,329982
jeta un coup d',329775
du XIX e siècle,329645
En ce qui concerne,327971
N'est - ce pas,327823
on ne peut pas,327625
ce que tu veux,327302
qu'il y a de,326546
il y en a,324608
tout ce que je,324512
l' un d' eux,323953
pas tout à fait,323417
ce qui concerne les,315556
de l ' autre,313927
un grand nombre de,313244
la première fois que,310766
que l' on a,309409
de la part des,309393
peut - être un,309144
ce qui se passait,308996
la plupart du temps,308948
l' impression d' être,308908
au - delà des,306441
que l' on ne,306061
une demi - heure,305407
ce n'est pas le,304782
du lundi au vendredi,304554
à l' idée de,304010
l' intérieur de la,303018
ne serait - ce,302781
Pour la première fois,302349
au - dessus des,301995
du lundi au samedi,301569
de la même manière,298586
de tout ce qui,297104
au niveau de la,297005
la Seconde Guerre mondiale,296653
un et l' autre,296215
de la même façon,294764
il n'y avait pas,293525
Ouvert toute l' année,292316
ce qui n'est pas,290544
coup d' œil à,289682
la raison pour laquelle,289227
un clin d' œil,288766
dans un premier temps,288362
de ne pas être,287754
de temps à autre,287386
et de 14h à,286996
l' ensemble de la,286925
qu'il n'y a pas,286636
est peut - être,286111
peut - être que,285504
n'y a pas d',284747
ce que vous avez,284049
en fonction de la,284005
part et d' autre,283704
l ' un des,283416
au moment de la,282543
l' un des plus,282488
Il faut que je,281742
l' un de l',281724
ce point de vue,280842
un de l' autre,280507
au cœur de la,280443
tout ce qui est,277857
à l' occasion de,277812
Qu'est - ce qu'il,277494
l' objet d' un,277248
le domaine de la,276843
En d' autres termes,276757
t - il avec,275985
à lui - même,275974
ce que je veux,275546
dans le cadre du,275481
de ce qui est,275407
la porte d' entrée,275340
la salle à manger,275121
ce soir - là,275090
mise en œuvre de,274948
ne l' avait pas,274809
fait l' objet d',274617
et se mit à,274254
le cadre d' une,274242
à l' intérieur du,273936
à la recherche d',273193
ne sont pas des,272928
cette fois - ci,271619
est à la fois,270185
t - elle d',269198
à la tête de,269008
que ce n'était pas,268812
elle d' une voix,267634
en train de se,267269
n'y avait pas de,267206
de la loi du,266981
sous la forme d',266440
une partie de la,266251
il y a quelques,265475
On ne peut pas,264769
"En effet , la",264185
sous la direction de,263717
le reste de la,263465
que je ne suis,263251
à côté de la,262288
d' un coup de,261946
à l' âge de,261683
Ouvert du mardi au,261612
dans le but de,261441
l' histoire de l',261346
Il ne s'agit pas,260685
en raison de la,260508
l' un et l',259019
qu'est - ce qui,258390
dans la plupart des,257693
Je ne crois pas,256802
dans le cas de,256701
de la ville de,256141
de part et d',256028
ne sais pas si,254776
"En effet , le",254360
ne peut pas être,253981
"plus tard , il",252923
à l' autre bout,252868
de l' ordre de,252342
un peu plus de,251092
lundi au vendredi de,250580
de l ' État,249942
se passe - t,249461
la prise en charge,249451
au - delà du,249148
à la mise en,249129
lundi au samedi de,247882
la question de l',247073
à côté de lui,246952
ce qui concerne la,246236
d' un point de,245664
Je ne comprends pas,245314
de l' homme et,245296
dis - je en,245217
ne doit pas être,245043
au fond de la,245000
"En effet , les",244859
à tout le monde,244762
de moins en moins,243962
au cours de l',243259
mais ce n'est pas,243143
que je me suis,241423
par rapport à l',241262
l' existence d' un,240339
peut - être même,240330
pas le droit de,239617
à propos de la,239051
ne sais pas ce,238941
tout à la fois,238161
est l' un des,238066
du mardi au samedi,237389
du XX e siècle,236098
n'est pas le cas,236087
à - dire de,235998
en direction de la,235951
de la salle de,235828
Il s'agit d' une,235768
de l' histoire de,235719
la forme d' un,235102
à la suite d',234550
sur lui - même,233687
de la jeune fille,233177
l' aide d' un,232720
t - il de,232415
le début de la,232288
mise en place de,231826
à 12h et de,231642
au début des années,231557
dans tous les sens,230192
de ce qui se,230125
il est possible de,229739
mise en place d',229676
Mais qu'est - ce,228852
ce qui s'était passé,228480
de la vie de,228213
le sens de la,228028
il n'y a plus,227703
lui - même et,227507
je ne l' ai,226792
l' un à l',226639
est d' autant plus,226007
à la porte de,224325
Il n'y avait pas,224320
ne put s'empêcher de,223704
au - dessus d',223620
de la mort de,222665
MARCHANDISES : ( 1,222494
de la fin du,222442
ne sont pas les,222230
"plus tard , le",221965
Il y en a,221911
un à l' autre,221852
Mais ce n'est pas,221707
t - elle avec,221299
un peu plus loin,220739
à - dire la,220280
ce que nous avons,219851
à l ' intérieur,219386
sur la base de,219193
a peut - être,218679
à - vis des,218235
à côté d' elle,218101
de l' ensemble des,217978
plus en plus de,217873
un rendez - vous,217395
il d' un ton,217335
par le biais de,217219
ce n'est pas la,217049
Il s'agit d' un,216984
au nom de la,216948
il y a eu,216557
sur le fait que,216546
le cas de la,216261
il y a de,216014
et je me suis,215657
ce temps - là,215366
t - elle à,215248
d' après - midi,215111
ou d' une autre,214757
un signe de tête,214520
nous ne sommes pas,213931
les yeux au ciel,213886
à la fin des,213757
en lui - même,213114
Au - delà de,212301
et que l' on,212165
à partir de l',211766
C'est peut - être,211473
ce que tu fais,210804
ne l' ai pas,210694
Je ne savais pas,210285
à la place de,210075
il faut que je,209990
l' existence d' une,209012
dans les bras de,208640
à la hauteur de,208635
je ne voulais pas,208533
l' entrée de la,207492
sa grand - mère,207115
lui dis - je,206879
lui dit - il,205971
peut - être à,205707
à l ' autre,205302
que la plupart des,205028
se dirigea vers la,204835
dans le cadre des,204751
la forme d' une,204669
tant bien que mal,204630
ce que c'est que,204485
Je ne voulais pas,204232
ne l' a pas,204183
ce que je peux,204074
d' autant plus que,203466
comme nous l' avons,203200
que je l' ai,203128
l' autre côté du,202585
de l ' eau,202525
peut - être le,202500
dix - huit ans,202337
samedi de 10h à,202123
À la fin de,202064
de ce que je,201741
de la Cour de,201525
"Non , je ne",201211
l' une des plus,201056
à la fois de,201017
ce qui a été,200649
de l ' entreprise,200489
à l' image de,199837
de l ' histoire,199500
nous l' avons vu,199431
à - dire que,199425
un certain nombre d',198553
n'est - il pas,198114
me dit - il,197894
le président de la,197733
Ce jour - là,197560
le cadre de l',197495
au sein d' une,197009
en l' absence de,196166
du côté de la,195052
il y avait un,194458
au bout d' un,194372
est tout à fait,194351
que je n'avais pas,194073
et d' autre part,193637
la première fois depuis,192828
dit - il d',192633
il y a deux,192489
à l' exception de,192341
Mais il y a,192167
à ce que je,191997
je ne crois pas,191119
ce n'est pas un,191116
à côté de moi,190876
et en même temps,190553
de toutes ses forces,190487
serait - ce que,190480
je ne vois pas,190196
ma grand - mère,189767
le point de vue,189594
Ce n'est pas un,189415
qui que ce soit,189310
Y a - t,188476
ce que vous voulez,188325
de la maison de,187920
en est de même,187912
Je ne vois pas,187753
l' origine de la,187445
n'a rien à voir,187410
à partir d' un,187365
de l ' article,187125
son grand - père,186765
ne s'agit pas de,186734
faire l' objet d',186346
et à mesure que,185823
que je viens de,185740
je ne pouvais pas,185605
mardi au samedi de,185592
et de l' autre,185537
à l' encontre de,185130
à - dire le,185116
droit dans les yeux,184927
il n'y a rien,184923
au centre de la,184837
il ne s'agit pas,184736
du centre - ville,184483
à - dire à,184047
se mit à rire,183826
de ne pas se,183748
d' eux - mêmes,183681
l' une de ses,183554
de l' article L.,183470
"En effet , il",182635
au cours d' une,182628
y a quelque chose,182106
Dans tous les cas,182091
dans le sens de,181480
ce ne sont pas,181078
au long de la,180962
vingt - quatre heures,180883
un quart d' heure,180490
mais il y a,180461
bout d' un moment,180282
peut - être une,180179
peut - être de,180168
en faveur de la,180107
ce n'est pas une,180004
la place de la,179952
où l ' on,179877
Au bout d' un,179678
l ' ensemble des,179654
par le fait que,179637
du fait de la,179172
de ce que nous,178811
il y avait une,178478
Il y eut un,178388
ne crois pas que,178348
la tête d' un,178294
"et , d' autre",178172
jusqu'à la fin de,177439
quel que soit le,177241
de la part du,177130
tout ce que vous,177000
Il n'y a rien,176787
le cadre d' un,176192
l' idée d' une,176036
peut - être la,175964
il se mit à,175963
les uns des autres,175954
au moment où il,175908
Tu ne peux pas,175881
Que voulez - vous,175683
afin de ne pas,175468
rendez - vous avec,175042
pas eu le temps,174998
la mort de son,174932
vingt - cinq ans,174708
la recherche d' un,174646
les membres de la,174411
à l' égard du,174407
de la vie et,174360
que l' on appelle,174263
du XVIII e siècle,174166
à partir d' une,174110
ce qui concerne le,173780
au service de la,173689
l' aide d' une,173679
cet après - midi,173450
au même titre que,173182
l ' une des,173141
dans ses bras et,173004
Est - ce qu'il,172874
et se dirigea vers,172730
à l' entrée de,172681
la prise en compte,172520
sur elle - même,172439
de ce que l',172423
"En effet , l'",171841
l' évolution de la,171085
si l ' on,170698
peut - être plus,170579
de la notion de,170273
la Grande - Bretagne,170174
un peu de temps,169573
la création d' un,169338
Ce n'est pas une,169030
la suite de la,168271
au niveau de l',168250
Je ne pense pas,168121
un d' entre eux,167737
ce qui est de,167692
en train de faire,167589
se dit - il,167325
en dehors de la,167175
sous la forme de,167051
en fin de compte,166900
Je ne l' ai,166897
au bout de la,166680
au bord de l',166676
tout ce que tu,166626
on l' a vu,166573
Il y a eu,166222
quelle que soit la,166218
l' un de ces,166028
à l' instar de,165824
d' un seul coup,165466
de la plupart des,165278
après la mort de,164818
dans la chambre de,164353
le fait que les,164201
mon grand - père,164193
à ce que les,163502
dit - il à,163358
Ce n'est pas le,162816
la première fois de,162688
je ne savais pas,162642
pas l' intention de,162298
que l' on puisse,161925
la question de savoir,161919
celle - ci est,161783
la cour d' appel,161658
au pied de la,161321
sur le plan de,161190
avait du mal à,160867
à l' intérieur d',160754
à ce que l',160414
pour tout le monde,160242
au rez - de,160221
une grande partie de,160199
au moment de l',160072
la Première Guerre mondiale,160057
Je crois que je,160006
au sein d' un,159848
"Paris , L' Harmattan",159649
il y avait des,159616
la pointe des pieds,159416
ils ne sont pas,159171
le temps de se,159030
dans le même temps,159026
rien d' autre que,158994
il n'y a que,158989
à cause de l',158877
elle d' un ton,158445
"moi , je ne",158066
et il y a,157851
que je ne l',157785
à l' époque de,157712
"En fait , il",157180
il s'agit d' une,156969
ne l' est pas,156910
États - Unis et,156550
l' air d' un,156458
ne sont que des,156377
de l ' enfant,155976
par - dessus son,155779
que je vous ai,155735
coin de l' œil,155680
en elle - même,155677
n'y a plus de,155584
l' un d' entre,155399
de la ville et,155264
ce que je fais,155212
Ce n'est pas la,155113
de la vie quotidienne,154891
s'est - il passé,154554
le bien - être,154303
du Code de la,154171
sur la pointe des,154169
de la loi de,154071
tout ce qui se,153785
est à l' origine,153781
au milieu d' un,153706
au milieu d' une,153695
sur la table de,153500
samedi de 9h à,153385
la présence d' un,153124
l' autre bout de,152990
l' importance de la,152768
à 12h30 et de,152763
par l' intermédiaire de,152523
il s'agit d' un,152420
d ' une voix,152279
et d ' une,151941
c'est peut - être,151923
comme tout le monde,151819
en raison de l',151802
Il en est de,151665
partir du moment où,151565
je ne vais pas,151520
le point de départ,151296
la plus grande partie,151247
de l' un des,151231
tout de même pas,151151
pas tout de suite,151149
dix - sept ans,151105
ne veux pas que,151029
ne veut pas dire,150932
l' intérieur de l',150890
L' un d' eux,150889
à l ' égard,150681
de tout le monde,150546
au -- dessus de,150531
on ne peut plus,150511
au sujet de la,150465
de la façon dont,150367
la mesure où il,150340
à la fois la,150117
un peu plus tard,150078
en fonction de l',150076
celui - ci est,149532
membres de la famille,149342
dans le monde entier,149280
de vue de la,149038
fait l' objet de,148782
que ceux - ci,148638
dans l' histoire de,148628
entre les mains de,148473
à la fois le,148330
la théorie de la,148275
pour lui - même,148237
Que veux - tu,148107
ce que je suis,148104
Une fois de plus,148064
tout d' un coup,147863
t - elle pas,147838
Je vous en prie,147799
le reste de l',147783
le chemin de la,147644
où il y a,147617
Il y a aussi,147520
était peut - être,147284
D' un autre côté,147124
à l ' heure,147023
De l' autre côté,146909
l ' histoire de,146664
le temps de la,146632
y a quelques années,146561
"bien sûr , mais",146391
ne parvenait pas à,146321
par lui - même,145978
le moins du monde,145844
l' impression d' avoir,145803
de 14h à 18h,145801
d ' une part,145720
d ' autre part,145595
le sens de l',145581
Nous ne sommes pas,145538
je me suis dit,145190
l' autre bout du,145065
fin de l' année,144903
si l' on veut,144879
la recherche d' une,144830
était sur le point,144518
y a - t,144467
la moitié de la,144320
le développement de la,144283
le domaine de l',144181
au point de vue,144064
quelque chose de plus,143825
en secouant la tête,143721
que l' on se,143654
de mettre en place,143518
est l' une des,143443
un ou l' autre,143436
le tour de la,143353
que je veux dire,143110
d ' autant plus,143057
le principe de la,142850
à elle - même,142626
que je ne peux,142421
à l' endroit où,142399
à - dire l',142265
et de ne pas,142064
est loin d' être,142058
de l' état de,141944
en va de même,141886
et ce n'est pas,141877
sur le visage de,141734
par - dessus le,141687
avait peut - être,141576
qu'il y a des,141559
Qu'y a - t,141559
de moi - même,141535
autre bout de la,141432
dans la région de,141382
au fil du temps,141158
Je ne vais pas,141158
pas ce que je,141134
au rendez - vous,141106
par la loi du,141047
jusqu'à ce que le,140957
pas la peine de,140951
un coup de pied,140905
à - dire les,140881
n'y a rien de,140864
Il faut dire que,140761
l' égard de la,140703
la suite d' une,140696
ce n'était pas le,140647
Il y avait des,140588
dans la vie de,140574
et ainsi de suite,140573
des hommes et des,140425
à l' abri des,140259
à l' intérieur des,140218
ne sais pas comment,140197
Il n'y a plus,140018
ne s'agit pas d',139851
l' image de la,139415
dans tous les cas,139404
la porte de l',139372
de la rue de,139352
l' ensemble de l',139318
ce qu'il y avait,139315
qu'il y a un,139194
au début de la,139135
l' un ou l',139038
t - il dit,138851
que ce ne soit,138766
à l ' époque,138612
les hommes et les,138470
t - il un,138340
dans le cas d',138219
le Conseil d' État,138038
la seconde moitié du,138038
dit - elle d',137932
d' un homme qui,137669
la création d' une,137573
Pour ce qui est,137549
à l' abri de,137263
la mise en scène,137202
dans le domaine des,137159
à propos de l',137058
au cours de laquelle,136973
le fait que la,136970
Il n'y a que,136969
ce qui concerne l',136878
"l' autre , et",136756
au début du chapitre,136663
je ne comprends pas,136644
ce que je vais,136504
ou peut - être,135917
pour ce qui est,135868
bien au - delà,135834
la tête de la,135812
je vous en prie,135729
faire en sorte que,135620
l' effet de la,135532
Il me semble que,135526
dans la maison de,135376
ne pense pas que,135105
ce que je voulais,134997
De temps en temps,134945
chef de l' État,134912
de ce que vous,134895
sur le point d',134832
Du point de vue,134652
première fois que je,134326
le fait que le,134207
la base de la,134077
Je n'arrive pas à,133896
eu l' occasion de,133857
l' au - delà,133850
Il y avait un,133764
leva les yeux vers,133674
à l' occasion d',133672
Il y avait une,133587
dans une sorte de,133431
à la demande de,133166
Président de la République,133053
de l ' année,133015
jeter un coup d',132985
ce que je vous,132855
Dans un premier temps,132755
à côté de l',132663
et je l' ai,132620
que je ne me,132561
de 14h à 19h,132553
à l' état de,132521
de la qualité de,132417
Il y a de,132386
Je sais que tu,132186
de la manière dont,132178
au samedi de 10h,132114
de l ' ordre,132073
l' idée d' un,132059
se dit - elle,132023
je ne pense pas,131749
est de plus en,131637
lui demanda - t,131617
de bien - être,131374
"plus tard , elle",131372
tu ne peux pas,131309
au plus profond de,131211
"par exemple , le",131141
à la base de,131062
au XIX e siècle,131009
lui dit - elle,131006
il est difficile de,130998
Tout ce que je,130960
de la nature et,130794
à un moment donné,130782
dit - il avec,130703
le cas de l',130691
Retour au début du,130681
à l' époque où,130671
dans le cas où,130658
midi et le soir,130611
la fin de sa,130421
pour ne pas dire,130146
de la société civile,130029
dans les rues de,129994
l' une d' elles,129914
du bout des doigts,129855
de l ' Union,129799
il me semble que,129745
au - dessous de,129708
à l' article L.,129597
sur le bord de,129591
à l' idée que,129439
tout au long du,129376
européenne des droits de,129246
le nom de la,129232
à l' ensemble des,129102
n'est peut - être,129052
et la mise en,129035
parce que je ne,129018
mise en œuvre des,128954
de soi - même,128834
la protection de la,128775
peu de temps après,128703
plus d' une fois,128617
fin de la guerre,128502
en vue de la,128468
à mettre en œuvre,128446
un ni l' autre,128340
l' un ni l',128316
C'était la première fois,128292
dans l' esprit de,128212
"De plus , il",128201
dans un coin de,128184
que l' on pourrait,128163
cette nuit - là,128048
Au bout de quelques,128030
la place de l',127836
dans l' espoir de,127779
de l' Université de,127761
à l' entrée du,127750
d' un signe de,127702
mais je n'ai pas,127566
et d ' un,127554
sur le chemin de,127515
Dans le même temps,127460
je ne sais plus,127293
à l ' aide,127068
où l' on peut,126989
Emploi projeté au Canada,126895
Ce ne sont pas,126827
ce que j'ai fait,126770
Ce soir - là,126628
l' occasion de la,126591
de l' État et,126580
à travers le monde,126420
le midi et le,126364
l' on ne peut,126229
l' une de ces,126171
C'est pour ça que,126168
ce que je sais,126108
sur la route de,126075
Que s'est - il,126062
en faveur de l',125969
de l' eau et,125897
"que , dans le",125748
de la présence de,125521
la direction de la,125471
jusqu'à ce que la,125448
au cœur de l',125397
à la mort de,125386
Je n'en sais rien,125290
de la Seconde Guerre,125179
d' une sorte de,125135
tout ce que nous,125059
ne suis pas un,125012
"une part , et",124931
d' huile d' olive,124650
la main sur le,124618
de ceux - ci,124617
comme si elle avait,124610
depuis le début de,124579
à tous ceux qui,124470
l' ordre du jour,124404
qu'il y a une,124389
en se tournant vers,124343
d' une certaine manière,124219
de la part d',124180
il y a plus,124126
comme on l' a,124104
comme je l' ai,124082
"plus tard , la",124055
ne tarda pas à,124000
"En fait , je",123856
le long de son,123780
en face de lui,123700
de la propriété intellectuelle,123691
le bord de la,123620
au bout de quelques,123574
Il y a donc,123561
Il y a là,123552
sais pas ce que,123531
et tout le monde,123479
À la fin du,123383
qu'il ne faut pas,123295
ce que vous faites,123121
pour cette raison que,123056
le début de l',122952
le jour de la,122943
"Eh bien , je",122774
Dans le cadre de,122761
de la tête aux,122699
au long de l',122582
la fin du mois,122556
les larmes aux yeux,122467
qui ne va pas,122403
Dans le cas de,122389
que l' on trouve,122268
Je ne pouvais pas,122192
peut - être aussi,122067
et que je ne,121974
projeté au Canada en,121854
elle - même et,121838
