sentence,count
Sí.,7059
No.,5871
Què?,2384
D'acord.,2301
Gràcies.,2244
Hola.,1922
Bé.,1397
Per què?,1096
No ho sé.,1049
Molt bé.,1023
Vinga.,879
Està bé.,821
Ho sento.,706
Ei.,704
Què passa?,696
Si.,684
Merda.,658
Anem.,621
De debò?,577
Déu meu.,574
Si us plau.,526
Ho sé.,520
Estàs bé?,510
Jo...,457
Som-hi.,444
Espera.,434
És clar.,428
Adéu.,421
"Sí, senyor.",414
Què és això?,397
Em sap greu.,385
Res.,352
Com?,341
"No, no.",327
Què fas?,314
Endavant.,306
Bona nit.,292
No puc.,281
Bon dia.,279
Oh!,276
Prou!,271
Qui?,269
Escolta.,257
Ara!,257
Mira.,255
Senyor.,250
Aquí.,248
Per què no?,246
Què vols dir?,240
Què ha passat?,239
"No, no, no.",238
Calla!,237
Estic bé.,235
De veritat?,233
I?,229
Entesos.,227
Va!,226
Pare!,224
I tant.,223
Genial.,220
On és?,217
Un moment.,214
Tu.,213
Per descomptat.,207
Vine.,204
Té.,194
Tens raó.,190
Eh?,188
"Sí, sí.",182
Ja ho sé.,182
Fora!,181
"Oh, Déu meu.",180
Ah!,180
Perdona.,179
Qui és?,173
No passa res.,170
Saps?,169
Vine aquí.,169
T'estimo.,166
Moltes gràcies.,163
No ho entenc.,162
"No, gràcies.",161
Mare!,160
Exacte.,157
On?,154
Collons!,154
On vas?,154
I tu?,153
Jo també.,153
Para!,151
Perfecte.,150
"Ah, sí?",150
Qui ets?,150
Què és?,147
Però...,146
Déu.,145
Què vols?,144
Perdó.,141
Saps què?,141
Altesa.,139
Seu.,138
De res.,137
Com estàs?,134
Fes-ho.,132
Això és tot.,132
Salut.,130
Fantàstic.,130
Val.,127
Mama!,127
Hodor.,126
Ja.,126
Potser.,124
Per favor.,123
Per aquí.,120
Perdoni.,120
És veritat.,119
Ja està.,118
"Oh, no.",117
Atura't!,116
Mai.,116
Ho faré.,114
Això.,113
Papa!,113
"Sí, és clar.",112
El què?,112
Correcte.,109
John!,108
Segur?,108
Jesús.,107
Ho entenc.,106
Tranquil.,105
Encara no.,105
Sóc jo.,104
Així és.,104
Veus?,102
Ostres.,102
Que?,102
Ràpid!,101
Quan?,100
Silenci!,98
Com et dius?,98
Ho veus?,98
De què parles?,97
Com ho saps?,97
Oliver.,97
Així.,96
Vés.,96
És cert.,95
Escolta'm.,95
Enrere!,95
Em sents?,93
On ets?,92
Fill de puta!,92
Ja n'hi ha prou.,91
Vergonya.,91
Sherlock!,90
Digui?,89
"No, senyor.",89
Clar.,89
Cert.,89
No et moguis.,87
És mort.,87
Ajuda!,86
Què està passant?,86
"Gràcies, senyor.",85
Bona sort.,84
De pressa!,84
Ho sento molt.,84
Perdona'm.,84
Espera't.,84
I què?,84
Auxili!,83
No et preocupis.,83
S'ha acabat.,83
Sisplau!,83
Jo no.,81
Què hi fas aquí?,80
Tot bé?,80
Doctor?,80
Com està?,78
Corre!,78
Què estàs fent?,78
Entra.,77
A terra!,77
Moveu-vos!,77
Foc!,77
Oi?,76
Què vol dir?,76
Gracies.,76
Què et passa?,75
Senyora.,75
"Sí, ho sé.",75
Ho entens?,73
oi?,73
Mira'm.,72
Ningú.,72
Mou-te!,72
Vés-te'n.,72
Té raó.,71
No importa.,71
Què dius?,70
Perquè?,70
"No, no, no, no.",70
Cap problema.,70
No sé.,70
"Oh, Déu.",70
Va tot bé?,69
Tot anirà bé.,69
És clar que no.,69
És aquí.,69
No ho crec.,69
Molly.,68
Tres.,68
T'ho prometo.,68
Esclar.,68
Això és.,67
"Oh, sí.",67
És clar que sí.,67
Ajuda'm.,67
Sarah?,67
De què?,67
Felicitats.,66
Res més.,66
"Sí, senyora.",66
Calma't.,66
Ah sí?,66
Bret.,66
Com es diu?,66
Què collons?,65
Walter.,65
Ho sabia.,65
No pot ser.,65
De cap manera.,64
És...,64
Tot.,64
Exactament.,64
És ell.,63
N'estàs segur?,63
Què has dit?,63
Aixeca't.,62
Alto!,62
Queda't aquí.,62
Hòstia!,62
Me n'he d'anar.,61
Sóc aquí.,61
Tu no.,61
Dos.,61
Allà.,60
Quiet!,60
Digues.,60
Rebut.,60
Què et sembla?,60
No ho facis.,60
A veure.,59
Vaja.,59
Et trobes bé?,58
I doncs?,58
Ja no.,58
"D'acord, d'acord.",58
No res.,58
Amunt!,57
M'agrada.,57
Increïble.,57
Espereu!,56
Vine amb mi.,56
Mira això.,56
Com va?,55
M'entens?,55
No ho faré.,55
Ben fet.,55
Caram.,55
Què has fet?,55
Què li passa?,55
Què fas aquí?,55
Ajudeu-me!,55
Escolti?,54
Que bé.,54
Charlie.,53
No pateixis.,53
Deixa'm anar!,53
Capità!,53
Beu.,53
Pareu!,53
Afanya't.,52
Per Déu.,52
No ho entens.,52
On anem?,52
Per a què?,52
Atenció!,52
Gràcies a Déu.,52
Ho és.,52
Tu també.,52
Així que...,52
Ara no.,52
Julie!,51
Mireu!,51
No cal.,51
Mary.,51
Deixa'm!,51
Ara mateix.,50
On eres?,50
Me'n vaig.,50
Puc?,50
I ara què?,49
Un.,49
Disculpa.,49
Quant?,49
Amen.,49
Disculpi.,48
És això?,48
Carrie.,48
Qui hi ha?,48
Ho prometo.,48
Compte!,47
Ethan.,47
"Bé, bé.",47
Ara torno.,47
Crec que sí.,47
Perdoneu-me.,46
Qui ets tu?,46
Això mateix.,46
Sam!,46
Hem de marxar.,46
Millor.,46
Fora d'aquí!,46
Què vol dir això?,46
No és veritat.,46
Peter.,46
Què va passar?,45
Excel·lent.,45
Aquí està.,45
No en tinc ni idea.,45
Continua.,45
Em sap molt de greu.,45
Quina hora és?,45
Jo tampoc.,45
Claire.,45
Ho tinc.,45
Com et trobes?,44
"Hola, nois.",44
Un altre cop.,44
No pots.,44
"Sí, d'acord.",44
senyor.,44
No és res.,44
Cap.,43
El tinc.,43
Atureu-vos!,43
Què en penses?,43
Doncs...,43
Ja veig.,43
Roy!,43
Impossible.,43
Què ha estat això?,42
Marxem.,42
I ara?,42
Hòstia puta.,42
Chuck.,42
Missenyora.,42
Per que?,42
A qui?,41
Jo sí.,41
Mhysa!,41
Ens veiem.,41
Llavors...,41
Jack!,40
Tranquil·la.,40
Aguanta.,40
Què diu?,40
"Sí, estic bé.",40
Maleïda sigui!,40
Què faràs?,40
Fet.,40
Sempre.,40
Estàs de broma?,40
Ho saps.,39
Tom!,39
Molt.,39
"Oh, merda.",39
Surt.,39
Què passa aquí?,39
"Sí, gràcies.",39
Leo.,39
Gràcies per venir.,39
Srta.,39
A punt?,39
Amén.,39
Tot va bé.,39
Policia!,39
Frank.,39
Ell...,38
L1THUS 413343023021,38
Què fa?,38
Veniu.,38
Te'n recordes?,38
"Si us plau, no.",38
On sóc?,38
A reveure.,38
No m'ho puc creure.,38
Au va.,38
Ara vinc.,38
Igualment.,38
Esperi.,38
On has estat?,38
Entenc.,37
"Vinga, vinga!",37
Ets tu?,37
Hood.,37
T'agrada?,37
N'estàs segura?,37
El que sigui.,37
Vés amb compte.,37
Deixa-la anar.,37
No em toquis.,37
No n'estic segur.,37
Jemaine.,37
És increïble.,37
Tingui.,37
Escolteu.,37
Agafa'l.,37
On són?,37
Parla.,37
Aquest.,36
A on?,36
Mata'm.,36
Ragnar!,36
Només...,36
Quin?,36
Hey.,36
No ho és.,36
Estàs segur?,36
Què ha dit?,36
Hem de parlar.,36
Com què?,36
"Au, va.",36
Que et bombin.,36
Nosaltres?,35
"Sí, sí, sí.",35
"Sí, i tant.",35
"Ei, ei.",35
He de marxar.,35
Estàs boig?,35
Nois!,35
Per suposat.,35
No vull.,35
Felicity...,35
Aquí tens.,35
Ho juro.,35
És culpa meva.,35
Naturalment.,35
Potser sí.,34
Confia en mi.,34
Ai!,34
Què fem?,34
En episodis anteriors d'Arrow...,34
Bona tarda.,34
Jason.,34
Eva.,34
Vigila.,34
On som?,34
Max!,34
On està?,34
I bé?,33
No ho sabia.,33
Sobre què?,33
Tenies raó.,33
Eric!,33
Calma.,33
Laurel.,33
I una merda.,33
Aaaah!,33
Suposo.,33
Demà.,33
"Sí, bé.",33
Això espero.,33
Entès.,33
No és cert.,32
Suposo que sí.,32
Més!,32
Tots.,32
Això és ridícul.,32
Ets aquí.,32
Se n'ha anat.,32
Deixa'm veure.,32
Jo també t'estimo.,32
Una mica.,32
Dana!,32
Què tens?,32
Ho faràs?,32
Veritat?,31
No està bé.,31
Com dius?,31
Ho dubto.,31
Canvi.,31
Marxa.,31
Com va tot?,31
El coneixes?,31
No hi és.,31
Emma!,31
No podem.,31
Quin és el problema?,31
El Rei del Nord!,31
Espera un moment.,31
Va bé?,31
Fot el camp.,31
A poc a poc.,31
Torna!,31
Creu-me.,31
Qui és aquest?,30
Henry.,30
Fins després.,30
Arya!,30
A casa.,30
A mi?,30
Mamà!,30
De què estàs parlant?,30
I això?,30
Puta!,30
Quants?,30
"No, no ho és.",30
Dan.,30
Això sembla.,30
Em dic Oliver Queen.,30
Desperta.,30
Segueix-me.,29
Bravo!,29
Massa tard.,29
Què t'ha passat?,29
Saul.,29
Avui?,29
Aquesta nit.,29
Aigua.,29
A la merda.,29
No ho saps?,29
Deixa'l anar.,29
"No, si us plau.",29
Què més?,29
Enhorabona.,29
Ollie.,29
I jo?,29
Malparit!,28
Mira't.,28
Què vol?,28
Walt.,28
D),28
Preparats!,28
I després?,28
A mi també.,28
No exactament.,28
Passa.,28
És important.,28
"No, estic bé.",28
Floki!,28
Aguanta la porta!,28
Pot ser.,28
Aah!,28
Bon Nadal.,28
No m'importa.,28
Ni idea.,28
Obre la porta.,28
Josefine?,28
"No, no, no, no, no.",28
Marxeu!,28
Ja vinc.,28
"Espera, espera.",28
Martin.,27
Deixa-ho.,27
Ximpleries.,27
Vols dir?,27
Que no.,27
L'he vist.,27
No et crec.,27
Agafeu-lo!,27
Què bé.,27
Sortiu!,27
"Saga Norén, policia de Malmö.",27
Segui.,27
Per l'amor de Déu!,27
Bona idea.,27
"Què hi fas, aquí?",27
No tinguis por.,27
Què vols de mi?,27
Qui són?,27
Maleït sia!,27
Ho he fet.,27
Quina?,27
Cuida't.,27
Relaxa't.,27
Tant se val.,27
Bob.,26
"Au, vinga.",26
Amy.,26
Per fi.,26
Traduït per Zaxx ;,26
Puja.,26
Ahmed!,26
Au!,26
Més fort!,26
Em rendeixo.,26
Miri.,26
No me'n recordo.,26
Tinc por.,26
Vull dir...,26
Qui sap?,26
No tinc gana.,26
Què collons és això?,26
Ja ho veig.,26
Thea.,26
Atzucac Team,26
"No, està bé.",26
"Ah, no?",26
Seieu.,26
Aaah!,26
senyora.,25
"Molt bé, doncs.",25
Tots dos.,25
Què farem?,25
Què tal?,25
No sé on sóc!,25
Ep!,25
"Bé, gràcies.",25
D'on ets?,25
Vés a la merda.,25
Mort.,25
Skyler...,25
I tant que sí.,25
És impossible.,25
Fuig!,25
Potser no.,25
Ja hi som.,25
Doncs sí.,25
Més o menys.,25
Idiota!,25
Carl.,25
Calleu!,25
Beth!,25
Estarà bé.,24
Olivia.,24
Missenyor.,24
Maxim.,24
Ja ho entenc.,24
Holmes?,24
Rei?,24
Et conec.,24
No m'agrada.,24
Dispareu!,24
Espera un minut.,24
Estic d'acord.,24
Estaràs bé.,24
Sent.,24
Dóna-me'l.,24
Es troba bé?,24
Estem bé.,24
No m'ho crec.,24
Grøcies.,24
No és possible.,24
"Gràcies, gràcies.",24
"Sí, molt bé.",24
Això és impossible.,24
Deixa'm en pau!,24
Ammo.,24
FBI.,24
I vostè?,24
Qui sou?,24
Mare meva!,24
Ves-te'n!,24
Que sí.,24
Spock.,23
Ja saps.,23
El meu fill.,23
Gira't.,23
"Vinga, va.",23
Tinc una idea.,23
No t'amoïnis.,23
Exterminar!,23
Tinent.,23
"Ho sé, ho sé.",23
Jo me n'encarrego.,23
Dóna'm això.,23
Quatre.,23
Bill.,23
Interessant.,23
Entens?,23
Deixa'l.,23
No gaire.,23
Com pot ser?,23
Segueix.,23
Fem-ho.,23
No està malament.,23
Tu creus?,23
Això és bo.,23
Això és una bogeria.,23
Com ha anat?,23
Qui era?,23
Surt d'aquí.,23
Oblida-ho.,23
Què hi ha?,23
Alerta!,23
Quants anys tens?,23
Ho dius de debò?,23
Estaré bé.,23
En realitat no.,22
"Està bé, està bé.",22
"Sí, ho és.",22
Et mataré.,22
Ho farà.,22
De qui?,22
Tanca la boca!,22
Stefan.,22
Encantat.,22
Hem acabat.,22
Senyors.,22
Maggie.,22
És viu?,22
"Vinga, anem.",22
Totalment.,22
si us plau.,22
M'encanta.,22
No ho farà.,22
Aleshores...,22
Issa?,22
No n'hi ha prou.,22
Com anem?,22
Mans enlaire!,22
Per mi.,22
Torno de seguida.,22
No és això.,22
No puc fer-ho.,22
Mai més.,22
Apunteu!,22
Cinc.,22
"D'acord, bé.",22
I després què?,22
Joe!,22
Ok.,22
Ja ho tinc.,22
Que passa?,22
O què?,21
Molt de gust.,21
Estàs segura?,21
Que algú m'ajudi!,21
No ho sabem.,21
Però per què?,21
"Vinga, home.",21
Fill!,21
Respira.,21
On és ara?,21
Què esteu fent?,21
No és aquí.,21
Marty.,21
Mateu-lo!,21
Hem guanyat.,21
Què vols que faci?,21
Hi ha algú?,21
Què collons passa?,21
Aquí no.,21
Anem-nos-en.,21
Lladre!,21
Sorpresa!,21
De genolls.,21
La policia.,21
"No, encara no.",21
Bonnie!,21
"Sí, està bé.",21
Llavors què?,21
Tinc gana.,21
Per qui?,21
Pecador!,21
Home.,21
Foteu el camp.,21
Ves.,21
És estrany.,21
Què feu?,21
És meu.,21
És ella.,21
En marxa!,21
Ho vaig fer.,21
Tens gana?,21
Ho sents?,21
Aquí ho tens.,20
Bona feina.,20
Dispara!,20
Matt!,20
"Va, va!",20
Jesse!,20
"Sí, per descomptat.",20
Podria ser.,20
T'equivoques.,20
Disculpeu-me.,20
Benvingut.,20
L'has vist?,20
Maleït sigui.,20
Perdoneu.,20
Què puc fer per tu?,20
"Sí, jo també.",20
Malament.,20
M'he equivocat.,20
Ordre!,20
Ens veiem després.,20
Recordes?,20
Què li ha passat?,20
Esteu bé?,20
"Anem, anem.",20
Saga!,20
Absolutament.,20
N'està segur?,20
Aaron?,20
Això crec.,20
Tranquils.,20
Rollo!,20
Quina vergonya!,20
Que et follin.,20
Tot està bé.,20
De moment.,20
És que...,20
Sí que ho és.,20
Promet-m'ho.,20
Això està bé.,20
Amb mi!,20
Metge!,20
Què és tot això?,20
Mike.,20
És massa tard.,20
Mmm.,20
Encara no ho sé.,20
"No, no puc.",20
"No, espera.",20
Deixeu-me!,20
Cobriu-vos!,20
Quiets!,20
En episodis anteriors de The Walking Dead...,20
Germà!,19
Què penses?,19
Dóna-me-la.,19
Seguiu-me.,19
"No, no ho sé.",19
Déu del cel.,19
És perfecte.,19
No crec.,19
Benvinguts.,19
Slade...,19
No hi fa res.,19
"Gràcies, Altesa.",19
Sona bé.,19
Mentider.,19
És perillós.,19
Saps per què?,19
On aneu?,19
¿Qué?,19
Per què ho dius?,19
Xèrif.,19
Mare de Déu.,19
Visca!,19
"Sí, Altesa.",19
Obriu les portes!,19
Et necessito.,19
"Molt bé, gràcies.",19
El meu pare.,19
Em sap molt greu.,19
Obre.,19
És bo.,19
No vull morir.,19
Necessito la teva ajuda.,19
"Sí, però...",19
Net.,19
És genial.,19
És correcte.,19
Llest.,19
Deixa-ho estar.,19
Correu!,19
Taxi!,19
Hi estic d'acord.,19
I per què?,19
No t'entenc.,19
Digues-ho.,19
De seguida.,19
Tens por?,19
No ho veus?,19
Joffrey!,19
Ja t'ho he dit.,19
Covard!,19
Ja vaig.,19
Jean Claude?,19
Ja ho saps.,19
La Srta.,19
Per què ho has fet?,19
Hank!,19
Deixa-la.,19
Tenim un problema.,19
És una bogeria.,18
Zah pet par veet.,18
Deixeu-me anar!,18
Deixeu-me sortir!,18
"Oh, vinga.",18
Tant és.,18
Què collons fas?,18
Aneu.,18
Menja.,18
Retirada!,18
Cinc minuts.,18
Me n'alegro.,18
Aquí estàs.,18
Jo només...,18
"Vinga, som-hi.",18
Què estàs dient?,18
Fa mal.,18
És una ordre.,18
Alguna cosa més?,18
Com és?,18
No es mereixen.,18
Sebastian.,18
Torna aquí.,18
"Hola, amics.",18
"No, jo...",18
"No, no ho crec.",18
Ho sap.,18
Estic aquí.,18
Tens tota la raó.,18
Està aquí.,18
Això no passarà.,18
Com és possible?,18
Suficient.,18
Et tinc.,18
Com vulguis.,18
En absolut.,18
Teniu raó.,18
Aaaaah!,18
"Moltes gràcies, senyor.",18
I jo també.,18
I per què no?,18
Ho farem.,18
"Molt bé, molt bé.",18
Puc sentir-ho.,18
Un regal per als déus.,18
Quines coses?,18
"Bé, sí.",18
Ja ho he fet.,18
T'ho vaig dir.,18
"Bona nit, senyor.",18
Efectivament.,18
Funciona?,18
Què he fet?,18
Has acabat?,18
A sí?,18
Llanceu!,18
Què penses fer?,18
George.,18
Bran.,18
Valar morghulis.,18
No tornarà a passar.,18
Just aquí.,18
Vinc amb tu.,18
Pensa-hi.,18
On va?,18
Per res.,18
T'entenc.,18
Es clar.,18
Per què jo?,18
Un segon.,18
Què me'n dius?,18
Una vegada.,17
Tinc raó?,17
Ha!,17
Com et sents?,17
És allà.,17
Puc fer-ho.,17
S...,17
No hi ha res.,17
És així.,17
"Molt bé, d'acord.",17
Veieu?,17
Pudent.,17
Culpable.,17
És morta.,17
Qui és vostè?,17
Què he de fer?,17
Això és genial.,17
Vaig ser jo.,17
Ho has sentit?,17
En què penses?,17
Cosimo.,17
És igual.,17
La veritat?,17
Ho sabies?,17
Que vols dir?,17
Sergent.,17
Quin problema hi ha?,17
No entenc.,17
Per allà.,17
Cotton.,17
Baixa.,17
Negatiu.,17
Comencem.,17
És possible.,17
Crec que no.,17
Això no és veritat.,17
Vas ser tu.,17
Guai.,17
Grace?,17
Gairebé.,17
Allunya't de mi.,17
"Sí, crec que sí.",17
Tyrion.,17
No te'n vagis.,17
Burt?,17
El trobarem.,17
Marie.,17
Tant me fa.,17
Ella?,17
Sens dubte.,17
Mata'l.,17
Annie!,17
Digue'm.,17
Què dimonis?,17
Apa!,17
Bud.,17
Miles?,17
Carregueu!,17
Amb qui?,17
Fins demà.,17
Avui no.,17
Deu.,17
Ens veiem demà.,16
Tens la meva paraula.,16
"Sí, missenyor.",16
Què t'ha dit?,16
Kamarad!,16
Això diuen.,16
Continuem.,16
"Si, si.",16
Una.,16
"Bé, d'acord.",16
Sansa.,16
Ni parlar-ne.,16
Aquesta.,16
"No, en absolut.",16
Espero que no.,16
No fotis.,16
Aquí mateix.,16
Bjorn!,16
Massa.,16
Què voleu?,16
Però què?,16
Cavallers.,16
Tonteries.,16
Ara sí.,16
T'ho pots creure?,16
No es mogui.,16
Ah no?,16
Bon noi.,16
Confies en mi?,16
Sr. Evans.,16
Tant hi fa.,16
Ja ho veurem.,16
Això no està bé.,16
Estàs mentint.,16
Traïdor!,16
"Molt bé, senyor.",16
Mira a baix!,16
Fills de puta!,16
Funcionarà?,16
Segur que sí.,16
Hmm.,16
"Ei, ei, ei.",16
Deixa'm entrar.,16
M'alegro de veure't.,16
Tria.,16
Eezol ehmit pro kleh et tee.,16
Com ho has sabut?,16
Et trucaré.,16
Em moro de gana.,16
Doc!,16
Espera un segon.,16
Moltíssimes gràcies.,16
Khaleesi.,16
Apaguin-la!,16
Per això.,16
No té sentit.,16
Mentida!,16
Això no és cert.,16
De veres?,16
"Sí, és veritat.",16
Què és aquest lloc?,16
Entreu.,16
Saga Norén.,16
Elena.,16
Meravellós.,16
T'he trobat a faltar.,16
Guaita.,16
Divendres,16
No és culpa teva.,15
No ho sé pas.,15
No ho recordo.,15
No hi ha problema.,15
No ho faràs.,15
No ho sap.,15
Ho tens?,15
No he fet res!,15
Liam?,15
Per què ets aquí?,15
Per sempre.,15
"Però per fer-ho, no puc ser l'assassí que un dia vaig ser.",15
Job.,15
Però què fas?,15
Què està fent?,15
Què esperes?,15
Ja ho veuràs.,15
Hi ha cap problema?,15
Ho dic de debò.,15
Presa.,15
Ho estic.,15
Puc passar?,15
Quin fàstic!,15
Ho sent.,15
Per ara.,15
Passi-ho bé.,15
No es preocupi.,15
Què succeeix?,15
Sara.,15
Saps qui sóc?,15
"No, senyora.",15
Està molt bé.,15
Està morta.,15
Sabeu què?,15
Mèdici!,15
Murray.,15
Et crec.,15
Obriu!,15
Res de res.,15
Fins ara.,15
M'estimes?,15
Què són?,15
M'empassaré la teva ànima.,15
M'escoltes?,15
Et necessitem.,15
Bona noia.,15
Chris.,15
Un plaer.,15
Cada dia.,15
Deixa'm estar!,15
Deixa un missatge.,15
Arresteu-lo!,15
D'on l'has tret?,15
Ui!,15
Sol.,15
Vinga va.,15
Ara què?,15
Això és el que és.,15
És bonic.,15
Depèn.,15
És això el que vols?,15
Uau.,15
Al terra!,15
Alguna pregunta?,15
Com és això?,15
gràcies.,15
Treu-te la roba.,15
Tu què creus?,15
Amb permís.,15
Amor meu.,15
Ankertill Brewer.,15
Del tot.,15
"Sí, clar.",15
Agafa-la.,15
Un què?,15
Esclar que sí.,15
"Sí, pare.",15
És una broma?,15
"Sí, sóc jo.",15
Brody!,15
Déu salvi Anglaterra!,15
El rei del Nord!,15
"Sí, esclar.",15
T'ho agraeixo.,15
Com es troba?,15
Afanyeu-vos!,15
Veus això?,15
Athelstan.,15
Robb.,14
Ja ens veurem.,14
Per tu.,14
Ja era hora.,14
"Perdona, què?",14
Probablement.,14
Com diu?,14
Cafè?,14
Calla't.,14
L'Oliver Queen és viu.,14
Rory?,14
Preparat?,14
Jim!,14
Kate!,14
Una altra vegada.,14
Jon.,14
Roger.,14
Uh...,14
"Un, dos, tres.",14
Surt del mig!,14
Carai.,14
Estàs preciosa.,14
Estàs preparat?,14
Clara?,14
Senyoreta!,14
Protegir la meva ciutat.,14
Has vist això?,14
Deixeu-lo.,14
Descansa.,14
Descansant,14
Tanca la porta.,14
Helga!,14
"Després de cinc anys en una illa infernal, he tornat a casa amb un únic objectiu...",14
Què faig?,14
T'ho juro.,14
Em quedo.,14
El sr.,14
Són aquí.,14
Gràcies per tot.,14
Fer què?,14
"Sí, tens raó.",14
Fes-me un favor.,14
Què tenim?,14
Ho era.,14
Quina llàstima.,14
Ho he intentat.,14
"Què és, això?",14
Puc entrar?,14
I tu també.,14
Que bonic.,14
La guerra s'ha acabat.,14
Tothom ho sap.,14
I a tu?,14
Corb!,14
"Sí, Sr.",14
"Hola, papa.",14
"Hola, noi.",14
Tornaré.,14
De què collons parles?,14
De què parla?,14
Ho intentaré.,14
Quina diferència hi ha?,14
Sí senyor.,14
Júlia!,14
És broma.,14
No ben bé.,14
Sort.,14
Estic embarassada.,14
Aparteu-vos!,14
Mercès.,14
Amor.,14
Xèrif Hood.,14
Mm-hm.,14
no.,14
Ajudi'm.,14
Encantat de conèixer-te.,14
Això és diferent.,14
Nom?,14
Això no té sentit.,14
Estarem bé.,14
Així doncs...,14
"Aquí, senyor.",14
Esperi's.,14
"No, ho sento.",14
És la meva filla.,14
És preciós.,14
No ho dubto.,14
No us mogueu.,14
A on vas?,14
No ho puc fer.,14
És teva.,14
No tinc ni idea.,14
A la bossa.,14
A cobert!,14
És una llàstima.,14
No ploris.,14
Aquest és el problema.,14
"Sí, ja ho sé.",14
Està tot bé.,14
M'és igual.,14
Leonard!,14
Ben.,14
Avall!,14
Vens?,14
M'ho promets?,14
La porta.,14
Bella...,14
Estimada!,14
Arquers!,14
Vincent!,14
"Va, vinga.",14
Paul!,14
Per descomptat que no.,14
No és just.,13
Hex!,13
No funciona.,13
No hauries de ser aquí.,13
Tant de bo.,13
Margaret.,13
Hi aniré jo.,13
Afirmatiu.,13
És la veritat.,13
No hi vagis!,13
Te?,13
Hiro!,13
És la meva feina.,13
"Ai, Déu meu!",13
Pensa!,13
No és ell.,13
Dimonis.,13
Llarga vida al Comte Ingstad!,13
Us agrada?,13
No pot.,13
La coneixes?,13
El conec.,13
"Sí, per què?",13
Què significa?,13
És un plaer.,13
"Sí, una mica.",13
"Sí, és cert.",13
"Sí, més o menys.",13
Gideon.,13
Què mires?,13
"Gràcies, doctor.",13
T'agradaria?,13
No dispareu!,13
A tu.,13
És tard.,13
Tenia raó.,13
No diguis res.,13
Quina sorpresa!,13
Ho has fet.,13
On és ella?,13
Podem parlar?,13
I ja està.,13
Tracte fet.,13
I llavors?,13
Tranquil·litza't.,13
Qualsevol cosa.,13
Com jo.,13
Com ho sap?,13
Oh no!,13
Camina.,13
Mia.,13
Prova-ho.,13
Anem a casa.,13
Meu!,13
Vostè!,13
Ja vénen.,13
Arnie!,13
On estàs?,13
Condueix.,13
Ajup-te.,13
Pietat.,13
Ho sabem.,13
Vols?,13
No del tot.,13
De vegades.,13
"No, no ho faràs.",13
M'agradaria.,13
Aviat.,13
Quin és?,13
És fantàstic.,13
Necessito ajuda!,13
Oswin!,13
Tommy.,13
"Hola, Mel.",13
Pari.,13
"Hola, mama.",13
Ous!,13
Per què has vingut?,13
O...,13
Que hi ha algú?,13
"Bon dia, senyor.",13
Ja ho crec.,13
Som aquí.,13
"Sí, així és.",13
Empenyeu!,13
"Sí, exacte.",13
Sabeu?,13
Estàs a punt?,13
Està mort.,13
Espera't un moment.,13
Solomon!,13
Estàs de conya?,13
Sang.,13
Remeu!,13
Què veus?,13
Ets boig?,13
Em trobo bé.,13
Encantada.,13
"Estic bé, gràcies.",13
Estic cansat.,13
Ragnar Lothbrok.,13
"Sí, hola.",13
T'has fet mal?,12
Bingo.,12
Deu meu!,12
Sap?,12
He de tornar.,12
Què estàs fent aquí?,12
Està net.,12
Tanca els ulls.,12
Què estrany.,12
Per molts anys!,12
Babe.,12
Sap què?,12
Sugar.,12
Va morir.,12
Tanca la puta boca!,12
Ha passat molt de temps.,12
Broadway Bill?,12
En episodis anteriors de Homeland...,12
He acabat.,12
M'encantaria.,12
Sortim d'aquí!,12
Vingui.,12
Estic orgullós de tu.,12
On sou?,12
Què fem ara?,12
Digues-li.,12
T'ho he dit.,12
Tens un moment?,12
Arinsal!,12
Aquí té.,12
Has trobat res?,12
Vingui amb mi.,12
Dick!,12
Què fan?,12
On és ell?,12
Aquí estan.,12
Veuen.,12
"— Sí, senyor.",12
"Bé, no.",12
"Perdoni, senyor.",12
Què és el que vols?,12
Ho faig.,12
Et trobo a faltar.,12
I tu què?,12
Com ho portes?,12
Respon.,12
Quan va ser això?,12
Com tu.,12
Ho has entès?,12
Com va això?,12
Em penso que no.,12
Que es això?,12
Queda't amb mi.,12
"Hola, Molly.",12
"Hola, Hal, em sents?",12
De seguida torno.,12
"Hola, Bret.",12
Hola a tots.,12
"D'acord, gràcies.",12
Ho veieu?,12
Tinc una cosa per a tu.,12
David!,12
Intel·ligent.,12
Com es deia?,12
"Una almoina, per amor d'Al·lah.",12
Què és açò?,12
Però com?,12
Ha marxat.,12
Sydney.,12
Podem parlar un moment?,12
"Sí, es clar.",12
Podria.,12
Porunn!,12
Jesucrist.,12
"Pot donar-me una mica de diners, germà?",12
Cap pregunta?,12
Jaffar!,12
Carlos!,12
Sí o no?,12
Et posaràs bé.,12
Ja ho tens.,12
"Ja ho sé, ja ho sé.",12
Senyora Mendt!,12
Ted.,12
Ja et tinc.,12
Et sembla bé?,12
Ja el tinc.,12
Mata'ls.,12
El tenim.,12
No estic segur.,12
"No, és clar que no.",12
"No, de cap manera.",12
Gordon.,12
Doughboy!,12
Què passa amb tu?,12
Greg.,12
Dorm.,12
No encara.,12
No em sorprèn.,12
"No, mai.",12
És l'hora.,12
"No, no ho sóc.",12
"No, per què?",12
"Sí, ho entenc.",12
"Gràcies, Linus.",12
"Gràcies, Mel.",12
Dues?,12
Què volen?,12
És molt bonic.,12
El...,12
Serà un plaer.,12
Òbviament.,12
No passarà res.,12
Escac i mat.,12
No m'interessa.,12
Shado!,12
A on anem?,12
"Espera, espera, espera.",12
Què significa això?,12
A què?,12
No ho farem.,12
No ho faig.,12
A tots.,12
És per a tu.,12
Nancy!,12
Quieta.,12
"Gràcies, nois.",12
O no.,12
Obriu la porta!,12
Dimecres,12
Mira-la.,12
Nooo!,12
Disculpeu.,12
Què volia?,12
N'estic segura.,12
"Som-hi, doncs.",12
Alguna cosa va malament?,12
No tinc res.,11
I saps què?,11
Ohto eestenay as vazat.,11
No té importància.,11
Et veig.,11
Com ho sabies?,11
Aquí anem.,11
A qui li importa?,11
Sheldon.,11
Noi!,11
A què et refereixes?,11
Infermera.,11
És terrible.,11
Amics.,11
Amb què?,11
No és així.,11
Et sents millor?,11
És ridícul!,11
No és el mateix.,11
Presenti.,11
Et puc ajudar?,11
Em recordes?,11
"No ho sé, senyor.",11
No hi ha ningú.,11
Torna-hi.,11
Aparta't.,11
No puc fer això.,11
Danny.,11
Me'n vaig a casa.,11
D'on?,11
Qui t'ho ha dit?,11
Me n'haig d'anar.,11
No passarà.,11
Vuit.,11
No n'hi ha.,11
No n'has de fer res.,11
No sempre.,11
Saps que?,11
Vés-hi.,11
Qui collons ets tu?,11
Qui collons ets?,11
Quelcom diferent.,11
"Hola, hola.",11
No sé de què parles.,11
No l'he vist.,11
Queda clar?,11
Reid.,11
No sé què fer.,11
Que estrany.,11
A dins!,11
Comandant.,11
Saps qui és?,11
Clar que no.,11
Com ara què?,11
Lady Sansa.,11
Va ser un acte menyspreable i covard.,11
Només una.,11
La meva filla...,11
En efecte.,11
Per que no?,11
Nick.,11
És fastigós.,11
Està viu.,11
És el meu pare.,11
Arri!,11
Socors!,11
Benvingut a casa.,11
"Si, senyor.",11
Benvinguda.,11
Arribes tard.,11
"No, però...",11
Nathan.,11
"No, res.",11
Per?,11
Màrcia!,11
Ataqueu!,11
En fi...,11
Salta!,11
Passo.,11
"No, no ho ets.",11
Obre els ulls.,11
estimada.,11
Canadà.,11
"Si us plau, si us plau.",11
Pren-te el teu temps.,11
Retrocediu!,11
No farem distincions...,11
És meva.,11
Següent.,11
Segurament.,11
Cap allà.,11
Jessica.,11
No et deixaré.,11
Ara tu.,11
Agafa això.,11
On vols anar a parar?,11
Estàs sonat.,11
Molt bo.,11
En vols?,11
Molt bona.,11
sí.,11
Junts.,11
És massa perillós.,11
Em trobes a faltar?,11
Kamehame HA!,11
Kyle!,11
Aguanteu!,11
Véns?,11
Una hora.,11
Deixa'm ajudar-te.,11
Ho he de fer.,11
Ho ets.,11
Evidentment.,11
T'ajudaré.,11
T'ho mereixes.,11
Ho has vist?,11
Què puc fer?,11
Fas broma?,11
Deixa'm sortir!,11
Digues-me.,11
T'has tornat boig?,11
"Sí, suposo.",11
Etta!,11
Ho he vist.,11
De tot.,11
Dóna'm la mà.,11
Deixa-ho córrer.,11
Quin és el pla?,11
Què li va passar?,11
El teu pare?,11
Tansy!,11
Què deia?,11
"Sóc un amb la Força, la Força està amb mi.",11
Des de quan?,11
Què era?,11
Què vols fer?,11
Hm?,11
"Sí, general.",11
Derek!,11
Gràcies pel seu temps.,11
Què collons està passant?,11
Detectiu.,11
Godjira.,11
Forces aèries i navals dels Estats Units han llançat una sèrie d'atacs contra instal·lacions terroristes...,11
Hem de sortir d'aquí.,11
De què es tracta?,11
Dimarts,11
"Espera, què?",10
Què coi fas?,10
És meravellós.,10
Veniu aquí.,10
Veniu amb mi.,10
Et perdono.,10
Bastant.,10
No et conec.,10
Què li has dit?,10
Preciós.,10
Milers de persones corrent.,10
Hi vaig.,10
Be.,10
Què estàs pensant?,10
Per a tu.,10
Potser tens raó.,10
Això és cert.,10
He dit que no.,10
Chadwick!,10
Certament.,10
"Ah, bé.",10
Ben pensat.,10
Ja veurem.,10
Pots fer-ho.,10
Què us passa?,10
Lagertha!,10
Pots caminar?,10
No et preocupis per això.,10
Ella està bé.,10
Pots?,10
"Està bé, gràcies.",10
Truca'm.,10
Això és per a tu.,10
Salveu el bosc!,10
Ida?,10
Puc ajudar-te?,10
Tu guanyes.,10
Tu i jo.,10
Igual que tu.,10
Tu mateix.,10
Què importa?,10
Imbècil!,10
Què has vist?,10
Què ets?,10
Noooo!,10
Deixa'm baixar!,10
Au vinga.,10
No molt.,10
És molt amable.,10
Intenta-ho.,10
Nova Zelanda.,10
Qui és ell?,10
Això és estrany.,10
Tu primer.,10
Ja està fet.,10
Princesa.,10
# Qui mourà la cua?,10
Això va ser un acte de terrorisme.,10
Jamal!,10
Molt millor.,10
Última oportunitat.,10
No puc dormir.,10
No diguis això.,10
Emporteu-vos-el.,10
No creus?,10
Tenseu!,10
Per què ho hauria de fer?,10
La...,10
No cal que ho facis.,10
Sis.,10
Estàs gelós?,10
L'he trobat.,10
És el meu germà.,10
Una almoina?,10
Et diré una cosa.,10
Perquè no?,10
Què voleu de mi?,10
Neil.,10
Kai.,10
Bones.,10
# De la Gran Poma #,10
És graciós.,10
Bones notícies?,10
L'has trobat?,10
És fàcil.,10
S'ha acabat el temps.,10
L'estimo.,10
Hem d'anar-nos-en.,10
És just.,10
Em sembla que sí.,10
Tant fa.,10
Ho recordo.,10
Hi ha una altra cosa.,10
N'estic segur.,10
Possiblement.,10
No en sé res.,10
Què collons et passa?,10
Extraordinari.,10
Això què és?,10
"Per fer-ho, m'he de convertir en algú altre.",10
És la meva mare.,10
Què passa amb ell?,10
Vagi-se'n!,10
"No, gens.",10
Vagi.,10
Esperi un moment.,10
Un geni!,10
Doc... tor...,10
Hi estic treballant.,10
Ana.,10
És complicat.,10
És de bojos.,10
Què vols que digui?,10
Què he dit?,10
Per què has fet això?,10
No disparis!,10
No he dit res.,10
M'he de convertir en alguna altra cosa.,10
Està be.,10
Sookie.,10
No us preocupeu.,10
Ets preciosa.,10
Aquí el tens.,10
Comprova-ho.,10
El puc ajudar?,10
"Sí, ho sento.",10
Tens fills?,10
El que vulguis.,10
Apaga'l.,10
Completament.,10
AQUESTA NIT THE FLIGHT OF THE CONCHORDS,10
Ho hem aconseguit.,10
Friedhelm.,10
Guàrdia!,10
Ha quedat clar?,10
Digues-m'ho.,10
Mm...,10
Estic a punt.,10
Eeh?,10
"Hola, reina.",10
No ho has sentit?,10
Maledicció.,10
Obre'l.,10
"Vinga, vinga, vinga.",10
Marc!,10
En serio?,10
"Hola, pare.",10
Euron!,10
Moira.,10
Corpus christi.,10
No tinc temps.,10
Queda't.,10
"Oh, hola.",10
No ho pots fer.,10
"Sí, potser.",10
Wilhelm.,10
Confirmat.,10
Malparida!,10
Que ha passat?,10
És un monstre.,10
Fotem el camp.,10
"Sí, Capità.",10
"Viva, Beowulf!",10
amor meu.,10
Ha tornat.,10
Tots vosaltres.,10
Asdrúbal!,10
Estic treballant.,10
Aquesta incessant recerca del terror.,10
Hola nois.,10
En què?,10
Qui és aquesta?,10
Ho has aconseguit.,10
"No saps res, Jon Neu.",10
I què és?,10
Vine amb nosaltres.,10
Tresor!,10
Sí que pots.,10
Estem en guerra.,10
És una dona.,10
Xí.,10
Saps on és?,10
Daisy.,10
Fins que alguna cosa el detingui.,10
Com ho saps això?,10
Qui sóc?,10
Ho faré jo.,10
Alto el foc!,10
No hi ha temps.,10
Què t'han fet?,10
No és cap molèstia.,10
T'estimo molt.,10
"No la suportarem, aquesta agressió en contra de Kuwait.",10
Aquesta no és la qüestió.,10
No sé què dir.,10
On aniràs?,9
Aquesta és la veritat.,9
"No, tu no.",9
Dijous,9
Per què ho fas això?,9
Mireu això.,9
Bon viatge.,9
Això no és possible.,9
Això no és res.,9
"Oh, d'acord.",9
Aquesta és la qüestió.,9
Això no ho saps.,9
Ha desaparegut.,9
Estic ocupat.,9
Ha mort.,9
Me'n recordo.,9
Guàrdies!,9
Estic...,9
On estaves?,9
Mateu-la!,9
Oi que sí?,9
Què m'està passant?,9
Desgraciat!,9
Vols callar?,9
Estàs boja?,9
Per què ara?,9
És divertit.,9
Aquest és l'hotel.,9
Va ser un accident.,9
Anem per feina.,9
"Sí, ho faré.",9
Marxem d'aquí.,9
Disculpa'm.,9
Nola.,9
Allà anem.,9
Salve!,9
Què hi feu aquí?,9
Morts a l'alba.,9
Molt bonic.,9
Vine cap aquí.,9
He d'anar-me'n.,9
Morts.,9
Passi.,9
M'agrada com sona.,9
Estic preparat.,9
Morgan.,9
Passa res?,9
Salva'ns.,9
"Què hi feu, aquí?",9
Magnífic.,9
"Per honrar la memòria del meu amic, he de ser algú diferent.",9
On visc.,9
Has sentit això?,9
Atureu-lo!,9
"Molt bé, nois.",9
Això és increïble.,9
Saps què és això?,9
Oblida-te'n.,9
M'has mentit.,9
Estava equivocat.,9
Una què?,9
Para-ho!,9
M'explico?,9
Això és veritat.,9
Louise!,9
Mai oblido una cara.,9
Anteriorment a Salem...,9
Sr. Queen.,9
Vaig amb tu.,9
Haig d'anar-me'n.,9
Aquí no hi ha ningú.,9
Després de tu.,9
Allunya't!,9
Què voleu dir?,9
Mola.,9
T'escolto.,9
Algú?,9
Per descomptat que sí.,9
N'estic.,9
Molt maco.,9
Megan!,9
Encara ets aquí?,9
Les meves disculpes.,9
Només jo.,9
Lizzie.,9
"Gràcies, pare.",9
Deva.,9
Oliver Queen.,9
"Baixa la mirada, baixa la mirada.",9
Pensa-ho.,9
T'importa?,9
He de fer-ho.,9
Vent!,9
Llàstima.,9
Majestat.,9
Vull...,9
"No, missenyor.",9
"No, no és cert.",9
Ja ho tenim.,9
Et truco després.,9
Com ho sabeu?,9
Ells.,9
Punt.,9
Acosta't.,9
Dóna-m'ho.,9
És preciosa.,9
Com sempre.,9
Funcionament defectuós en el control de l'aire.,9
Com t'atreveixes?,9
I llavors què?,9
Ho has de fer.,9
Espera't aquí.,9
Era el meu amic.,9
I ell?,9
És suficient.,9
Frith.,9
Què puc dir?,9
No és necessari.,9
Et trobaré a faltar.,9
No és un bon moment.,9
Collonades.,9
No et faré mal.,9
Què passa ara?,9
Ja ho has fet.,9
Deixa-m'ho veure.,9
Retrocedeix.,9
Ho enteneu?,9
"Déu, no.",9
No gràcies.,9
No és segur.,9
Ives.,9
Isaac!,9
Com es diuen?,9
Et toca.,9
Com esteu?,9
Com et va?,9
I això què és?,9
Era un bon home.,9
I això per què?,9
Ho promets?,9
"D'acord, està bé.",9
Ho veu?,9
"D'acord, sí.",9
És una llarga història.,9
"Sí, oi?",9
Ho vaig veure.,9
Ets un bon home.,9
D'on ho has tret?,9
El nom!,9
De què està parlant?,9
No parlis.,9
És urgent.,9
"Sí, missenyora.",9
"Ho sento, senyor.",9
Tinc feina.,9
Ho retiro.,9
Set.,9
4 anys més!,9
No té cap sentit.,9
El Gos.,9
Ets increïble.,9
Hotch.,9
Espera aquí.,9
Coronel Douglas Stowe.,9
"Hola, senyor.",9
Els meus ulls!,9
"Hola, mare.",9
No ho sóc.,9
Ho intento.,9
"Hola, fill.",9
No ho vaig fer.,9
Quina cosa?,9
"Hola, amor.",9
"Hola, Murray.",9
No l'entenc.,9
"Hola, Lucy.",9
Te'n vas?,9
Em prens el pèl?,9
Què coi ha estat això?,9
"No, missenyora.",9
Ja és aquí.,9
Què coi és això?,9
Gràcies a tu.,9
No em trobo bé.,9
Cap al llit!,9
Em sembla just.,9
Jiro!,9
Tara.,9
Pont al capità Kirk.,9
Què collons ha estat això?,9
Em sembla que no.,9
Esvet ohnaz eespalit.,9
Podem?,9
Andy.,9
Poc a poc.,9
"Ah, gràcies.",9
Simone!,9
Què necessites?,9
"Em sents, Hal?",9
"No, no ho fa.",9
"Bé, molt bé.",9
És horrible.,9
Sóc policia.,9
Ningú ho sap.,9
Què vols que et digui?,9
"Bé, bé, bé.",9
Això està molt bé.,9
Estàs ferit?,9
Ni pensar-hi.,9
Una mica més.,9
Sé qui ets.,9
Un lloc agradable?,9
Què hem de fer?,9
Deixeu-nos.,9
Agafa-ho.,9
Ja l'heu sentit.,9
Ja són aquí.,9
Um...,9
Clar que sí.,9
Fent què?,9
Què coi passa?,9
"Gràcies, estimada.",8
Què m'has fet?,8
No senyor.,8
És impressionant.,8
Només que...,8
És diferent.,8
Estarem en contacte.,8
No massa.,8
És un pecat!,8
Encara és viu.,8
És una bona pregunta.,8
"No, no ho facis.",8
No te'n recordes?,8
No sé on és.,8
No et preocupis per mi.,8
No sé per què.,8
Amb calma.,8
És inútil.,8
Necessites ajuda?,8
No et sembla?,8
Sip.,8
A casa meva.,8
Era...,8
Amb compte.,8
Guaita això.,8
És una nena.,8
"No, no és això.",8
No podia dormir.,8
Escolteu-me.,8
Andrea.,8
Mig-home!,8
No per a mi.,8
Ni de bon tros.,8
No puc esperar.,8
Ni de conya.,8
"No, no passa res.",8
No necessàriament.,8
És el meu fill.,8
Només un.,8
Wang-Ah!,8
El mateix.,8
Fascinant.,8
"Oh, i tant.",8
Què li dic?,8
És hora de marxar.,8
Encantada de conèixer-te.,8
No tenim temps.,8
"Oh, gràcies.",8
"No, no cal.",8
Soc feliç de nou!,8
No facis això.,8
Què podem fer?,8
"No, em temo que no.",8
És llarg d'explicar.,8
No gaire bé.,8
No és cosa teva.,8
"Molt bé, anem.",8
Algun problema?,8
"Alexander DeLarge, senyor.",8
veritat?,8
No en tinc.,8
Al contrari.,8
No en tinc cap dubte.,8
Obre la boca.,8
Fàcil.,8
Si vols.,8
"Què vol dir, això?",8
És normal.,8
"Si us plau, no ho facis.",8
Molt graciós.,8
Encantat de veure't.,8
Adam.,8
Més ràpid!,8
O pitjor.,8
"Ah, d'acord.",8
No és important.,8
No és més natural?,8
Què li has fet?,8
Abaixa l'arma.,8
"Si, esclar.",8
Mord!,8
Mm-hmm.,8
No el conec.,8
"Sí, segur.",8
A mi no.,8
Gràcies per haver vingut.,8
Es posarà bé.,8
A mi tampoc.,8
"Sí, vull.",8
Això és fantàstic.,8
Shh.,8
"No, tens raó.",8
Disculpi'm.,8
És segur?,8
Encantat de coneixe't.,8
"Sí, suposo que sí.",8
Dos dies.,8
"Murray, presenti.",8
"Disculpi, senyor.",8
"Ai, mare.",8
No veig res.,8
No ho faran.,8
Nova York.,8
"No, em sap greu.",8
Què passa amb ella?,8
No tinc por.,8
"Sí, ja ho veig.",8
Estic cec!,8
Deixa'ns.,8
Deliciós.,8
¡Posposin la votació!,8
Cap aquí.,8
"Sí, de debò.",8
Carreguin!,8
Rhaego!,8
Ubbe!,8
Ja no hi és.,8
Elizabeth.,8
Ja m'ho pensava.,8
Col·lega.,8
Com ara?,8
Sí podem.,8
I si no?,8
Ho entén?,8
Com era?,8
JD...,8
Deixa'm endevinar.,8
Inspector!,8
Impressionant.,8
Importa?,8
Com has entrat?,8
Tu decideixes.,8
Deixa'm a mi.,8
I tu qui ets?,8
Elle.,8
"Estic cec, bastards!",8
Podrick.,8
Jo no sé res.,8
Jo no sóc així.,8
Per què ho vas fer?,8
Va ser fa deu anys.,8
Va ser...,8
L'he d'agafar.,8
L'enhorabona.,8
Fa molt de temps.,8
Descansa una mica.,8
Una més.,8
Què va dir?,8
S'està morint.,8
Fa fred.,8
Però jo...,8
"Bé, doncs.",8
Però jo no.,8
Però jo sí.,8
Però no.,8
Però no puc.,8
Em temo que sí.,8
"Bé, jo...",8
"Bé, senyor.",8
"Jo, també.",8
Estàs sagnant.,8
Què creus?,8
Em sent?,8
Un minut.,8
Puc preguntar-te una cosa?,8
Ho ha fet.,8
Bona espasa.,8
"D'acord, adéu.",8
"Hola, sóc jo.",8
Em creus?,8
Corri!,8
Ets molt amable.,8
Quina decepció.,8
Tot això.,8
Realment no.,8
Rakh!,8
Rachael?,8
De què va tot això?,8
"Hola, Ben.",8
Qui podrà ser?,8
Hola a tothom.,8
Com m'has trobat?,8
"D'acord, molt bé.",8
"D'acord, som-hi.",8
Quin problema tens?,8
Ho sóc.,8
Tinc una sorpresa per a tu.,8
Quin gloriós sentiment!,8
Ho recordes?,8
Qui és ella?,8
Tinc un pla.,8
"De fet, no.",8
De qui és?,8
"Sí, això mateix.",8
Que és?,8
Tot ha canviat.,8
Tot net.,8
Tot sortirà bé.,8
I què vols?,8
Quan vulguis.,8
Et vull.,8
I què fem?,8
Quant de temps?,8
Com se sent?,8
Com sigui.,8
"Sí, capità.",8
Em perdones?,8
Com va morir?,8
Em penso que sí.,8
"Tots presents i correctes, senyor.",8
Teniu gana?,8
Tots nosaltres.,8
Com vas?,8
Quina merda.,8
"I ara, què?",8
Tots ells.,8
Que estàs fent?,8
I ara la seva guàrdia ha acabat.,8
Concedit.,8
Ets a casa.,8
Que fort.,8
I això què vol dir?,8
Totalment d'acord.,8
"Bona nit, Sr. Deltoid.",8
Jo ho faré.,8
Vindrà.,8
En episodis anteriors de Breaking Bad...,8
M'estic morint.,8
Lila.,8
Becky!,8
Aquí la tens.,8
Ha estat un accident.,8
On ha anat?,8
Assassinat.,8
"Mama, papa!",8
Aquí no hi ha res.,8
Passeu.,8
M'has espantat.,8
Sou molt amable.,8
Tan altes i fosques.,8
Per què ho fas?,8
He de ser...,8
Aquí estem.,8
"Diari d'abord, suplement.",8
Me sap greu.,8
Veu?,8
Què ha passat aquí?,8
Parlaré amb ell.,8
Me n'ocuparé.,8
"Llavors, què?",8
On et penses que vas?,8
Passa-t'ho bé.,8
Lord Comandant.,8
Ha funcionat.,8
Què et va dir?,8
Estic espantada.,8
Vols que et porti?,8
Lucas Hood.,8
Quin Doctor?,8
M'has d'ajudar.,8
Oncle.,8
Bon treball.,8
El tens?,8
Què fareu?,8
"Vaja, vaja.",8
Sanitari!,8
Després.,8
Anem-nos.,8
Què faries?,8
Fairfax.,8
On són els altres?,8
Anem al gra.,8
"Vinga, Burt!",8
Què era això?,8
"Vinga, nano.",8
Mestre.,8
"Bon dia, doctora.",8
He trobat una cosa.,8
On és la noia?,8
Estira't.,8
La veritat és que no.,8
"Vull dir, per què?",8
"Per honrar la memòria dels meus amics, he de ser algú diferent.",8
Bero Bero Un noiet,8
Hauria d'anar-me'n.,8
Vull dir que...,8
Me'n vaig d'aquí.,8
En episodis anteriors de Banshee...,8
És un bon noi.,7
Que és això?,7
Vingt de diousse.,7
Què ha sigut això?,7
És un geni.,7
T'has begut l'enteniment?,7
Shae.,7
Tothom a terra!,7
Que vols?,7
Vols passar?,7
Vols entrar?,7
Que tingui un bon dia.,7
Tot sol.,7
laparca,7
On han anat?,7
Que em bombin.,7
On has anat?,7
"Sí, cap problema.",7
Tothom.,7
Vols que me'n vagi?,7
On em porteu?,7
És un nen.,7
Rachel?,7
"Què hi fa, aquí?",7
Wow.,7
Què hi fa?,7
Qui són vostès?,7
No respon.,7
Qui t'envia?,7
Qui truca a la porta?,7
Què va fer?,7
Què heu fet?,7
No puc respirar.,7
Qui és el següent?,7
"Sí, molta.",7
Què té?,7
No puc més.,7
Vull parlar amb tu.,7
Vés a dormir.,7
Quiet aquí.,7
Tinc diners.,7
Òndia!,7
Teníem un tracte.,7
No puc creure-ho.,7
"Sí, khaleesi.",7
Tens un nom?,7
És una història molt llarga.,7
Torna'ns-la!,7
Queda't on ets.,7
Què vas a fer?,7
On estem?,7
Queda-te-la.,7
No tenia elecció.,7
Tornem.,7
Tornaré aviat.,7
És un secret.,7
"Sí, per què no?",7
Sents això?,7
Sembla que sí.,7
Quin és el teu nom?,7
Vull anar a casa.,7
Torna-ho a provar.,7
"Sí, per favor.",7
Qui ho diu?,7
Qui ho va fer?,7
És un somni.,7
"Oh, ho sento.",7
No sé de què em parles.,7
És una bona idea.,7
No sé com es diu.,7
On aniries?,7
No sé com.,7
T'ha fet mal?,7
Si senyor.,7
Per què ho preguntes?,7
Que el bombin.,7
Pitjor.,7
"Val, d'acord.",7
"Un, dos...",7
És clar que pots.,7
Valar dohaeris.,7
Però tu...,7
És cert això?,7
Siobhan.,7
"No, no ho està.",7
Un nen.,7
"Un moment, sisplau.",7
"No, no ho faré.",7
Pod.,7
És buit.,7
Sóc la vostra puta.,7
"No, home.",7
Pomes!,7
Vegem.,7
Porc!,7
"Si, ho sé.",7
Porta'l.,7
Segueix caminant.,7
Què està passant aquí?,7
Santedat.,7
Què dimonis és això?,7
Són morts.,7
Què llegeixes?,7
Va estar bé.,7
Per tots els déus!,7
Per què fas això?,7
Suposo que no.,7
Què em trobàveu a faltar?,7
"Va, anem.",7
Què me'n dius de tu?,7
"No, no pots.",7
"No, no ho sabia.",7
"No, no pot ser.",7
Per nosaltres.,7
Una cosa més.,7
"No, no l'he vist.",7
Què està dient?,7
Tant em fa.,7
"No, no ho va fer.",7
Però gràcies.,7
Per fer què?,7
Porta'm amb tu.,7
Un dia més.,7
Sasha.,7
És molt important.,7
Salutacions.,7
No és una bona idea.,7
Què busques?,7
Passa alguna cosa?,7
Probablement no.,7
Vermell.,7
No és res personal.,7
Sr. Proctor.,7
És molt bo.,7
Què fa aquí?,7
"No, espera't.",7
Tu mateixa.,7
Spherius!,7
Saps una cosa?,7
Sí que ho sé.,7
On és tothom?,7
Saps què és?,7
On és el teu pare?,7
És probable.,7
"Sí, tu.",7
Prepareu-vos!,7
Normal.,7
"No, això no.",7
"Sí, ho ha fet.",7
Són tots morts.,7
Un assassí.,7
Pots anar-te'n.,7
Passo per l'esquerra!,7
És bonica.,7
Un altre.,7
No pots fer això.,7
Sóc el teu pare.,7
És massa.,7
Potser té raó.,7
Preciosa.,7
"No, de debò.",7
Precisament.,7
"No, clar que no.",7
Verd.,7
Preparada?,7
Sóc...,7
Té sentit.,7
Tu sol?,7
"Sí, amo.",7
# Abusant-me #,7
Molt ben.,7
N º,7
Ja me'n vaig.,7
Més de pressa!,7
"Bé, no ho sé.",7
"Escolta, escolta, escolta.",7
Explica-m'ho.,7
"Bé,",7
Exposició de roques!,7
Calent.,7
Kirk fora.,7
Ja me n'encarrego jo.,7
Butch.,7
Disculpe.,7
Fas tard.,7
"Escolta, escolta.",7
Cabró.,7
Dilluns,7
Ets el meu fill.,7
Mordred.,7
Charles!,7
Cersei.,7
Cels.,7
Cavall!,7
Escolti'm.,7
M'has sentit?,7
Mormont!,7
Digui-ho.,7
Jyn.,7
Ets mort.,7
Ets un encant.,7
Muralla d'escuts!,7
Calmi's.,7
Ets un imbècil.,7
Brillant.,7
Ja hi vaig jo.,7
Fes el que hagis de fer.,7
Athjahakar.,7
M'agrada tornar-te a veure.,7
Baixa la veu.,7
Greta.,7
Avorrit.,7
Luke.,7
Deixa això!,7
Asseu-te.,7
Ja han marxat.,7
Lord Neu.,7
No disparin!,7
Dracarys.,7
No el vaig matar.,7
Ara venim.,7
No em coneixes.,7
Nit a la riba.,7
M'agradaria molt.,7
Bastant bé.,7
"Força, Huskies!",7
Ilyn Payne.,7
Bastard!,7
L'estimava.,7
Bo.,7
Fins aviat.,7
"Bon dia, doctor.",7
"Bon dia, nois.",7
Fill meu.,7
"Bon dia, senyora.",7
Fes-me un petó.,7
L'Slade Wilson.,7
Fes un cop d'ull.,7
Fes el que vulguis.,7
Moltes vegades.,7
Ja veuràs.,7
Ara ho veig.,7
M'odia.,7
Està clar?,7
Daphne!,7
Mentidera!,7
Ma mare?,7
Deriabar.,7
Menys.,7
Està fet.,7
Demà serà un gran dia.,7
Culpa meva.,7
Jo puc.,7
Està malalta.,7
M'imagino que les coses surten així.,7
Crec.,7
Coronel.,7
Està...,7
Estimat!,7
Cobreixin-se!,7
De què tens por?,7
Definitivament.,7
Deckard.,7
De tu.,7
Maleït siga!,7
Esquerra!,7
Mana'm.,7
Estem sols.,7
Delphine?,7
De què rius?,7
Estic amb tu.,7
Matareis.,7
"Matí a la mar, Migdia al turó",7
Estic desarmat.,7
Estic pensant.,7
Convido jo.,7
Contra qui?,7
Continuï.,7
Just a temps.,7
Moguin-se!,7
Molt amable.,7
Jean.,7
Com ho ha fet?,7
Digue-ho.,7
Molt be.,7
Digues-m'ho tu.,7
Mira'l.,7
Jaime.,7
Com en els vells temps.,7
Digues-me la veritat.,7
Molt llest.,7
"Com en dius, d'això?",7
Ets...,7
Et veus bé.,7
Mmmm...,7
Com ho pots saber?,7
Et trobaré.,7
Diari de bord.,7
Jo el vaig matar.,7
Mirakuru.,7
Jo hi era.,7
Et necessita.,7
Com t'ha anat?,7
Jo mateix.,7
Com va passar?,7
Com va ser?,7
Confesseu.,7
Escolto.,7
Confio en tu.,7
No pot ser veritat.,7
Dóna'm.,7
Audrey!,7
"Gràcies, missenyor.",7
"Així, molt bé.",7
Ho dic seriosament.,7
No ho toquis!,7
Això ho sap tothom.,7
Això faig.,7
"Hola, tresor.",7
Això creus?,7
Així no.,7
Això no importa.,7
Així es.,7
"Ho entens, oi?",7
Ahir.,7
"Ah, si?",7
Ah si?,7
"Hola, preciosa.",7
Em dic...,7
Hi he d'anar.,7
Agafeu-la!,7
Ara ho entenc.,7
L'heu trobat?,7
No ho he fet.,7
Herbie.,7
La tinc.,7
Hi estem treballant.,7
Això és casa meva.,7
El vol 103 de Pan Am s'ha estavellat a la ciutat de Lockerbie.,7
Em...,7
Això s'ha d'acabar.,7
Ell no.,7
Hi ha algú aquí?,7
Hrothgar!,7
Els dos.,7
No ho sembla.,7
Agenolla't.,7
Em dic Carrie.,7
El següent.,7
*Una vegada i una altra*,7
La meva nena.,7
A l'hospital.,7
Em vas mentir.,7
A baix!,7
No pas.,7
"Hola, Eva.",7
"*Sheldon i el seu cervell, sí!",7
"Hola, John.",7
"Ho saps, oi?",7
En episodis anteriors de Fringe...,7
Ho vull.,7
"Ho sento, ho sento.",7
"Ho sé, però...",7
# Fereixen els meus sentiments #,7
A la de tres.,7
Ho pots fer.,7
Encara.,7
En vols un?,7
"Hola, maca.",7
"Em sap greu, col·lega.",7
"Hola, estimat.",7
"Hola, col·lega.",7
No m'estranya.,7
"Hola, amor meu.",7
"Hola, Sheldon.",7
A mi sí.,7
En vols parlar?,7
A tu també.,7
"Hola, Robin.",7
Ho hem fet.,7
A tot arreu.,7
Ho heu sentit?,7
No ho feu.,7
Deixa!,7
Hem de tornar.,7
Aquest és el pla.,7
El meu lloc és aquí.,7
Anem a veure.,7
No funcionarà.,7
Has de fer-ho.,7
Aneu amb compte.,7
El meu lleó.,7
Entrem.,7
No ets tu.,7
Ha ha!,7
No et preocupes.,7
L'hem trobat.,7
Ha estat culpa meva.,7
I què faràs?,7
Has perdut el cap?,7
El coneix?,7
L'he perdut.,7
No es pot.,7
Aquí Kirk.,7
Aquí el tenim.,7
El Nord recorda.,7
Lliure!,7
No em sento bé.,7
No em passarà res.,7
"Gràcies, noi.",7
I saps per què?,7
L'he perduda.,7
Amb tot el meu cor.,7
Aniré amb tu.,7
No ho està.,7
Lawrence!,7
Ajupiu-vos!,7
No ho crec pas.,7
Ens en anem.,7
Helena.,7
El recordes?,7
He de...,7
Alt!,7
He estat jo.,7
He de parlar amb tu.,7
I ara què fem?,7
Has vist?,7
He guanyat.,7
Has vingut.,7
Amb qui parles?,7
No hi era.,7
Alguna cosa no va bé.,7
He rebut el teu missatge.,7
"Si us plau, deixa un missatge.",6
Ens coneixem?,6
Segur que si.,6
Es va suïcidar.,6
En quin sentit?,6
En què el puc servir?,6
Senyoreta Ives.,6
Encara no hem acabat.,6
"Seu, si us plau.",6
Esperi aquí.,6
Si us plau no em mati.,6
Es queixaven en secret i els van castigar en públic.,6
Sherlock Holmes.,6
Esplèndid.,6
Sou aquí.,6
Senyor Kerrigan.,6
En pantalla.,6
Ens ataquen!,6
Era una broma.,6
Se'ns acaba el temps.,6
"Senyor d'armes, d'exèrcits, de vaixells.",6
En tens?,6
Escac.,6
"Si us plau, segui.",6
Sento arribar tard.,6
Ser Barristan.,6
Ensenya-m'ho.,6
Ser Jaime Lannister.,6
Sobreviure.,6
Silas.,6
Encara hi ha temps.,6
Sentir què?,6
Soldats!,6
Energia.,6
Serà divertit.,6
Sense ofendre.,6
Sense comentaris.,6
Sembles cansat.,6
Esclar que si.,6
Somriu.,6
Espera'm.,6
"Espera, espera, espera, espera.",6
Segura?,6
Senyor meu!,6
Ens tornarem a veure.,6
Escoltin!,6
"Què, doncs?",6
Estan bé.,6
Què m'he perdut?,6
Què em passa?,6
Què en saps?,6
Hem d'anar-nos.,6
He vist...,6
He estat pensant.,6
He de sortir d'aquí.,6
He d'anar a casa.,6
Has tornat.,6
Què feies?,6
Has de venir amb mi.,6
Has de confiar en mi.,6
Què haig de fer?,6
Què has trobat?,6
Ha estat bé.,6
Gus.,6
Què hi dius?,6
Guardes!,6
Què hi fa aquí?,6
"Gràcies, senyora.",6
"Gràcies, papa.",6
Què hi ha de tu?,6
"Gràcies, germà.",6
"Gràcies, fill.",6
Què diuen?,6
Hem de trobar-lo.,6
Què deies?,6
Ho hauria d'haver sabut.,6
Qui és aquest home?,6
"Ho sento, Dave.",6
Ho se.,6
Ho respecto.,6
"Quin fàstic, quin fàstic, quina manera de morir.",6
Ho puc fer.,6
Quin pla?,6
Ho hem de fer.,6
Ho he sentit.,6
Quina dona?,6
Quina pena!,6
Hi aniré.,6
Quina és?,6
Quina és la situació?,6
Quines?,6
Ho es.,6
Què coi et passa?,6
Hi seré.,6
Què collons els has fet?,6
Hi ha floretes.,6
Què collons fots?,6
Hi ha algun problema?,6
"Gràcies, Doctor.",6
Gràcies per preguntar.,6
Estava...,6
Gràcies per portar-me.,6
Renoi.,6
Et vull ensenyar una cosa.,6
Res d'això.,6
Res de foc.,6
Et vull ajudar.,6
"Et passa res a la cama, noi?",6
Richie?,6
Rick!,6
Robin.,6
Et dec una disculpa.,6
Estàs rient.,6
"Rota al POD, si us plau, Hal.",6
Estàs nerviós?,6
Estàs aquí?,6
Està segur?,6
Està dormint.,6
Salva els Dàleks!,6
Salva'm!,6
Samantha!,6
Sanguinis christi.,6
Estic preparada.,6
Saps què vol dir això?,6
Estava equivocada.,6
Reina Margaery!,6
Reina!,6
Redéu!,6
Què vas veure?,6
Què ocorre?,6
Genny!,6
General.,6
Frena!,6
Fotre!,6
Foteu el camp d'aquí.,6
Foc de cobertura!,6
Què tal això?,6
Fins a la fi del temps.,6
Fes-me cas.,6
Fes el que et dic.,6
Rebecca.,6
Fernand.,6
Fer el què?,6
Què vols saber?,6
FAMÍLIA,6
Què és aquest soroll?,6
Què és el que et passa?,6
Eustace?,6
Sra. Danvers.,6
RC Lens!,6
Ets molt valent.,6
Sr. Copeland!,6
T'he estat buscant.,6
Sra. Davis?,6
Aquestes coses passen.,6
Argh!,6
Ara som iguals.,6
"Vinga, amunt.",6
"Vinga, de pressa!",6
"Vinga, nena.",6
Ara compliré l'últim desig del meu pare...,6
"Aquí, aquí!",6
Aquí és.,6
Vol seure?,6
Volia...,6
Vols alguna cosa?,6
Vols marxar o quedar-te?,6
Vols parlar?,6
Vosaltres dos.,6
Assassina!,6
Vostè també.,6
Anteriorment en Extant...,6
Vull ensenyar-te una cosa.,6
Aniré a veure.,6
Vés a l'infern!,6
Vés en compte.,6
Amb una condició.,6
Wass.,6
Amb quina finalitat?,6
Amb quin propòsit?,6
"Amb el temps, vindrà un alliberador.",6
Zoe!,6
amb la fletxa del la justícia.,6
Arthur.,6
Vinc de seguida.,6
"el més humil dels humils, cavalcant sobre un núvol.",6
"Bona nit, Sydney.",6
Una cosa semblant.,6
Una dona?,6
Buit.,6
Budmo.,6
Bryant.,6
Brock.,6
Brian.,6
Us estàvem esperant.,6
¡V8!,6
Bona sort amb això.,6
Va ser assassinat.,6
Va ser culpa meva.,6
"Bona nit, nois.",6
Bon profit.,6
Avanceu!,6
"Va, va, va!",6
Bon dia a tothom.,6
Bobby Joe!,6
Vaig cap allà.,6
Ben dit.,6
Valga'm Déu!,6
Vas bé?,6
Ve gent.,6
Vejam.,6
Venga.,6
Baixa la ballesta.,6
Baixa l'arma!,6
Aïllat.,6
"car un dia veureu un noi al firmament,",6
Allà va.,6
En fila!,6
És teu.,6
"Adéu, Bret.",6
És molt bona.,6
És molt fàcil.,6
És molt perillós.,6
És només que...,6
Acompanya'm.,6
Acabo d'arribar.,6
Acaba-ho.,6
Abu!,6
Abraham!,6
Aaaaaah!,6
A tu què et sembla?,6
A tu no.,6
És tot el que tinc.,6
"Adéu, pare.",6
És un corb.,6
És un mentider.,6
És un miracle.,6
A l'estany!,6
És un problema?,6
És un truc.,6
'Poe!,6
'Furiosa!,6
'Daisy',6
És una noia.,6
# Temps d'estimar #,6
# Són molts fills de --uta #,6
# Ja és temps #,6
"Adéu, John.",6
Agafa't.,6
"Allende, Allende, el poble et defensa!",6
Això és nou.,6
Algú més?,6
què podrà fer ell?,6
Alguna cosa així.,6
vinga!,6
"Àngel de la Guarda, em sentiu?",6
Àvia!,6
És agradable.,6
Ajudeu-lo!,6
Ajuda'ns.,6
Això és xampany.,6
És al bany.,6
És aquest.,6
És aquesta.,6
Això és de bojos.,6
És maco.,6
Això és correcte.,6
Això és absurd.,6
"És clar, és clar.",6
Això no és necessari.,6
Això no és just.,6
És curiós.,6
Això no pot ser.,6
És el meu marit.,6
"És estrany, oi?",6
Això ja ho veurem.,6
És fantàstica.,6
Això depèn.,6
"Ai, no!",6
Una cosa així.,6
"Bé, adéu.",6
"Bé, bé, bé, bé.",6
T'has perdut?,6
Sóc el Doctor.,6
Sóc innocent.,6
Sóc l'Elena.,6
Sóc la teva mare.,6
Doncs som-hi.,6
Dona.,6
Django.,6
T'acompanyo.,6
"Diuen, però Al·lah és més gran, que això era un rei entre els reis.",6
T'estime.,6
Diria que sí.,6
T'ha agradat?,6
Digueu-me.,6
Digues-me què necessites.,6
Dos cops.,6
T'he despertat?,6
Ho vaig intentar.,6
Digue-m'ho.,6
Dig!,6
T'odio.,6
Tallo.,6
També.,6
"Desperteu, mitjans!",6
Descansin.,6
Des del començament del temps.,6
Tant de gust.,6
Des de quan em buscaves?,6
Demana'm el que vulguis.,6
Sóc aquí mateix.,6
"Sí, és ell.",6
"Bé, moltes gràcies.",6
El tenen.,6
En episodis anteriors de Revolution...,6
Supose que sí.,6
Em temo que no.,6
Surto.,6
Em sentiu?,6
SÈRIES-VOSC Traducció: onliyu,6
Em sembla bé.,6
Em sap greu arribar tard.,6
Em fas mal!,6
Em doneu els passaports?,6
"Sí, adéu.",6
El veig.,6
El trobo a faltar.,6
"Sí, ho faràs.",6
"Durant cinc anys, vaig estar atrapat en una illa amb un únic objectiu... sobreviure.",6
"Sí, ho he fet.",6
El plaer és meu.,6
"Sí, ho sóc.",6
El millor.,6
"Sí, mestre.",6
El meu germà.,6
El meu condol.,6
El matarà.,6
"El buscarem als núvols!"", va contestar la multitud.",6
"Ei, tu!",6
"Ei, nena.",6
"Ei, escolta.",6
"Déu meu, no.",6
Tayfun!,6
Deixeu-lo sortir!,6
Te'n recordes de mi?,6
"Collons, no.",6
Com pots dir això?,6
Tres anys.,6
Com li va?,6
Tretze.,6
Treu-me les mans de sobre.,6
Troba-la.,6
Com ho has fet això?,6
Com ho has fet?,6
Tu et quedes.,6
Tu ho has dit.,6
Tu ho saps.,6
Com goses?,6
Tu què?,6
Tu tampoc.,6
Tenia gana.,6
Té això.,6
Cinquanta.,6
Caroline.,6
Un amo opressor del temps i del poble.,6
Cap idea?,6
Un dia.,6
Canvi i fora.,6
Camille.,6
Cambrer!,6
"Un moment, si us plau.",6
"Calma, calma.",6
"Un moment, un moment.",6
"Bé, no importa.",6
Com t'ha anat el dia?,6
Comptaré fins a tres.,6
"Confieu en Al·lah,",6
Totes elles.,6
Teniu la meva paraula.,6
Tens molta raó.,6
Tens que veure això.,6
Tens sort.,6
Tens visita.,6
De mi?,6
Terrible.,6
Thor.,6
Tim!,6
De fet no.,6
De fet...,6
Tinc fred.,6
Dave...,6
Daryl!,6
Tinc una pregunta.,6
D'on vens?,6
D'això es tracta.,6
"D'acord, doncs.",6
Tornarà.,6
Crec que me'n recordaria.,6
Torneu!,6
Torneu a la feina.,6
Torni!,6
Coses.,6
Tot és possible.,6
Tota l'estona.,6
Tota la veritat.,6
Qui és aquell?,6
Robert.,6
Mire.,6
Processat!,6
Obre-ho.,6
La sra.,6
Per l'Ygritte.,6
Molt aviat.,6
Ja em coneixes.,6
La tenim.,6
La terra era un cop a la cara dels seus súbdits.,6
La següent samba que tocarem per a vostès és una de les velles preferides.,6
Insisteixo.,6
No és el que penses.,6
No és el moment.,6
La teva mare.,6
La trobaré.,6
Oh Déu!,6
Per la Guàrdia.,6
"Obre la porta d'entrada del POD, si us plau, Hal.",6
No ho aconseguirem.,6
Ja s'ha acabat.,6
No estic bé.,6
Potser més.,6
No estic d'acord.,6
No estic segura.,6
No estic sol.,6
"No, amo.",6
Per què dius això?,6
"Molt bé, senyora.",6
Pran.,6
La meva ment se'n va.,6
"Molt millor, gràcies.",6
Pregunta-li.,6
La què?,6
Per on comencem?,6
No hi ha sortida.,6
Prou bé.,6
I què li va passar?,6
Mira'ls.,6
Per això ets aquí.,6
Li agrades.,6
Li encantarà.,6
"Oh, genial!",6
Mira't això.,6
I si no ho fa?,6
Lily!,6
I tu ets?,6
Llença l'arma.,6
Mira qui ha tornat.,6
Llestos?,6
"Oh, molt bé.",6
No ho permetré.,6
No ho recordes?,6
"Oh, estimada.",6
No vaig ser jo.,6
"Prou, prou!",6
Puc ajudar?,6
Per exemple?,6
No és broma.,6
Lance.,6
"Oh, bé.",6
Laura!,6
"Oh, bé, bé.",6
Puc ajudar-lo?,6
No ho fem.,6
"Oh, de debò?",6
No vull fer-ho.,6
I tu no?,6
No volia...,6
Puc parlar amb tu?,6
No vindrà.,6
No eres aquí.,6
"No, en realitat no.",6
No era ningú.,6
"No, no ho vaig fer.",6
Jorah l'Àndal.,6
Natalie?,6
Jon neu!,6
Jon Neu.,6
"Ni un, Frank.",6
L'hem de trobar.,6
Jojen.,6
L'he de tornar a veure.,6
Johnny.,6
Nicklas!,6
No aturis!,6
"Jo, no.",6
"Però si el Totpoderós no ens pot ajudar,",6
No calia.,6
Ni jo tampoc.,6
Per un temps.,6
La meva dona.,6
Nena.,6
Perdonin.,6
Perfectament.,6
Perillós?,6
Permís.,6
L'espai.,6
Necessito sortir d'aquesta casa amb rodes.,6
L'estimaves?,6
Per veure't.,6
L'has llegit?,6
L'he cagat.,6
"No, no és així.",6
Jules.,6
"Però el núvol serà tan fort com la roca sota la neu,",6
"No, per res.",6
N'he sentit parlar.,6
No comencis.,6
Per què plores?,6
Nosaltres no.,6
Per què hauria de fer-ho?,6
Podria preguntar-te el mateix.,6
Mostra't!,6
Podria ser sincera.,6
La mar és cruel però també és pura.,6
No em passa res.,6
Per què has trigat tant?,6
"Però, per què?",6
Jo crec que sí.,6
Jess.,6
Mor!,6
Nxt!,6
Pot sentir-me?,6
¡Jay!,6
Mur d'escuts!,6
Només una mica.,6
Jo no ho crec.,6
No em matis.,6
Per què ho fa?,6
No em diguis així.,6
No em diguis.,6
No em creus?,6
Només un minut.,6
Només ulls.,6
Jo no sóc tothom.,6
Plego.,6
Jo sóc el cap.,6
Per què m'ajudes?,6
Jo també ho espero.,6
Música.,6
"Però, què és això?",6
Pensa en això.,6
"No, no, si us plau.",6
Humans pels vampirs!,6
I aquestes?,6
Qui eren?,6
No sé res.,6
I aquí estem.,6
"Hola, Mary.",6
No sóc un cavaller.,6
"I ara que m'has trobat, quant de temps t'hi quedaràs?",6
Mentides.,6
No t'agrada?,6
Marxin ara mateix.,6
M'ho imagino.,6
No ho vull.,6
"Hola, vell amic.",6
Mandoni!,6
I el nen?,6
Parlem.,6
Meryn Trant.,6
M'ho pensaré.,6
No n'estic segura.,6
Qui ha dit això?,6
M'agrada veure't.,6
No que jo sàpiga.,6
M'agrades.,6
Parla'm.,6
No t'ho sabria dir.,6
No sé què va passar.,6
"Hola, vell.",6
No m'importa una merda.,6
Que vagi bé.,6
M'han matat.,6
On creus que vas?,6
Me n'hauria d'anar.,6
No siguis estúpid.,6
No me'n puc anar.,6
"Hola, nanos.",6
"Hola, nano.",6
Me'n vaig a dormir.,6
Ooh!,6
No m'has sentit?,6
Menjar.,6
Hut-Sut Rawlson en el riu,6
Menteixes.,6
No l'havia vist abans.,6
"Pari, Dave.",6
Queenie.,6
Mata'ls a tots.,6
M'ajudaràs?,6
M'agrada això.,6
I ara qui riu?,6
Papà?,6
No te m'acostis.,6
No patiu.,6
Mig home!,6
Quants anys tenia?,6
No tenim elecció.,6
Quants anys té?,6
No pas per mi.,6
Mala sort.,6
No puc seguir.,6
"Oh, si.",6
I jo a tu.,6
No ho tornaré a fer.,6
No podria.,6
Quants morts?,6
Quantes?,6
No ho sentis.,6
On és el pare?,6
On has sentit això?,6
Només tu.,5
Més a prop.,5
Només nosaltres dos.,5
Un plaer conèixer-te.,5
Un cor ple d'amor.,5
Mata-la!,5
Cabrons!,5
Deixem-ho córrer.,5
Només m'estic assegurant que no ens ataquin de nou.,5
Només intento ajudar.,5
Només era un somni.,5
Va ser genial coneixe't.,5
"Bé, hola.",5
Te'n sortiràs.,5
Va ser horrible.,5
Teníem un acord.,5
"Bona nit, pare.",5
Deixa anar!,5
Deixa de parlar.,5
Un home?,5
On són els meus pares?,5
"No, només...",5
De meravella.,5
On era?,5
Deixeu-lo anar.,5
"No, pare.",5
Només un moment.,5
Terra!,5
Calmeu-vos.,5
On em portes?,5
Tinc això.,5
¡Myrtle!,5
De que parles?,5
Tinc bones notícies.,5
Necessito la seva ajuda.,5
Templeton!,5
Tenim problemes.,5
De què va això?,5
Mai no és un bon moment.,5
De què va?,5
Una merda.,5
Utilitzaré la llista de noms que em va donar per acabar amb els qui han enverinat la meva ciutat.,5
Malparits!,5
N'hi ha?,5
N'hi ha més.,5
"No, suposo que no.",5
Una ombra?,5
Una pregunta.,5
Us ho prometo.,5
Una llàstima.,5
N'és.,5
Malarkey!,5
Nadons I Cia.,5
Maleït!,5
Una vegada més.,5
Nano!,5
"Una, dues, tres.",5
Malibú!,5
Necessites descansar.,5
Brenda!,5
Només això.,5
Massa temps.,5
"Bé, allà va!",5
Més et val.,5
Unes quantes.,5
De quina mena?,5
Una cosa.,5
Bona pregunta.,5
Tens un minut?,5
N'estic convençut.,5
Tenim visita.,5
Una llarga història.,5
Teniu.,5
Mai t'estimarà.,5
Bé per tu.,5
N'està segura?,5
Va desaparèixer.,5
Una espasa!,5
"Bran, desperta!",5
"No, és clar.",5
De quin tipus?,5
Tot recte.,5
Un cafè?,5
Crec que si.,5
Meuca!,5
Traducció: max7,5
Tornaré més tard.,5
Traieu-me'l!,5
Mira-ho tu mateix.,5
"Tranquil, tranquil.",5
Com saps tot això?,5
Com saps això?,5
Com que no?,5
Com puc ajudar?,5
Trencajuraments.,5
Crema.,5
Com va anar?,5
Tornaràs?,5
Oi tant.,5
Va ser idea seva.,5
Torna-me-la.,5
"Oh, Deu meu!",5
Curiós.,5
Treu-ho.,5
Treu-me d'aquí!,5
Mireu-vos.,5
"D'acord, anem.",5
Treu-nos d'aquí.,5
Traducció : max7,5
Tornem a casa.,5
Me'n puc anar?,5
"Corre, corre, corre.",5
"Oh, per l'amor de Déu!",5
"Oh, no ho sé.",5
Control.,5
Tot teu.,5
Continueu avançant!,5
Mira al teu voltant.,5
Tot molt bé.,5
"Oh, perdona.",5
Tot en ordre.,5
Contesta'm!,5
"Corre, corre!",5
Contessina.,5
"Oh, em sap greu.",5
Mira'm als ulls.,5
Milton.,5
Cotton Mather.,5
"Oh, vaja.",5
Concentra't.,5
"Oh, està bé.",5
Comprenc.,5
Com va tot per aquí?,5
Michael.,5
Meva.,5
Tornem-hi.,5
Olaf!,5
Torna a la feina.,5
"D'acord, mira.",5
Christine?,5
Tyreese.,5
Cobreix-me.,5
Clàudia...,5
Molt més.,5
Darryl.,5
Té bona pinta.,5
Té nom?,5
Dawn.,5
Tot s'ha acabat.,5
Clar que si.,5
O potser no.,5
Tinc molta gana.,5
Merla que cantes a plena nit,5
Charlotte.,5
Molts.,5
Moltíssim.,5
Tinc molta feina.,5
De debó?,5
Me'n recordo de tu.,5
Cecily!,5
Monstre.,5
Tinc fills.,5
Un amic.,5
Nou.,5
"Tu, també.",5
Olivia Dunham.,5
Daario Naharis.,5
DIARI DEL LLADRE DE SHINJUKU,5
D'on has tret això?,5
Com ho he fet?,5
Observa.,5
Tros de merda!,5
Obriu pas!,5
Todd.,5
Obre-la!,5
Com has entrat aquí?,5
Tu ets...,5
Com has arribat fins aquí?,5
# Balla com gos #,5
Com ha estat?,5
Com funciona?,5
Com estan?,5
Tu perds.,5
"Molt bé, som-hi.",5
Tira l'arma!,5
Molt divertit.,5
D'on és?,5
Tu què series?,5
Objectes hostils aproximant-se.,5
O tu.,5
O sí?,5
Ho va fer.,5
"No, no ho farà.",5
Bon tret.,5
No tenim res.,5
Això m'agrada.,5
Això m'han dit.,5
Això no ho sé.,5
És el teu torn.,5
És el que vols?,5
És el que passarà.,5
"No ho sé, no ho sé.",5
No tenia ni idea.,5
Això no m'agrada.,5
Això no té cap sentit.,5
Això no és...,5
Això no és assumpte teu.,5
No ho se.,5
Això no és cosa teva.,5
No tenim gaire temps.,5
Això ja ho sé.,5
No ho puc creure.,5
No t'he sentit.,5
"Ah, vaja.",5
No ho veig.,5
És l'única manera.,5
No t'espantis.,5
Aixeca'l.,5
Aixequeu-vos.,5
Així ho espero.,5
És fora.,5
No t'hi fiquis.,5
Així va ser.,5
No t'ho puc dir.,5
És hora de partir.,5
No ho vaig poder fer.,5
Això importa?,5
"No ho saps, oi?",5
No tornaran.,5
Va ser un regal.,5
Alex.,5
No va passar res.,5
No val la pena.,5
És absurd.,5
No ho ets.,5
Àlex!,5
No vull fer-te mal.,5
Alguna cosa?,5
És amic meu.,5
No vull que te'n vagis.,5
Alguna cosa falla.,5
No vull sentir res més.,5
No és...,5
Algú et demana.,5
No ho estic.,5
Això és una merda.,5
És amic teu?,5
Això vols?,5
Això és el que vull.,5
No tornaré.,5
No tornis a fer-ho.,5
No tots.,5
És casa meva.,5
Això és el que em preocupa.,5
Això és el que vols?,5
No ho oblidaré.,5
No ho hauria d'haver fet.,5
És boig!,5
És bo tornar-te a veure.,5
Això és real?,5
És bell.,5
Això és teu?,5
No ho he vist.,5
És la meva germana.,5
No t'atreveixis!,5
És la teva mare.,5
No s'ha acabat.,5
És una amenaça.,5
A disposar.,5
No rigueu!,5
A fora!,5
A l'esquerra.,5
No riguis.,5
No s'hi pot fer res.,5
", Comte Ragnar!",5
És un mercenari.,5
No sabia què fer.,5
És un malson.,5
És un honor.,5
No moriràs.,5
No miris enrere.,5
A Mèxic.,5
*Va sentir l'aroma en l'aire calorós.*,5
"Ah, molt bé.",5
És una sorpresa.,5
# Dona dimoni #,5
# En el... en el centre #,5
No puc acceptar-ho.,5
# No no no no no #,5
No poden.,5
És una trampa.,5
No penso tornar.,5
No puc veure.,5
No pengis.,5
És una merda.,5
'Finn!,5
No patisques.,5
És una emergència.,5
És una cita.,5
És un bon paio.,5
A les ordres.,5
És tímida.,5
Adreça?,5
No la tinc.,5
Ací.,5
Adeu.,5
No la conec.,5
Adoptem al prototip com el nostre fill.,5
És molt estrany.,5
No sé què dir-te.,5
És trist.,5
No l'estimo.,5
"Adéu, adéu.",5
"Adéu, papa.",5
És mentida.,5
No sóc un lladre.,5
No t'agradarà.,5
Acosteu-vos.,5
És per tu.,5
És perfecta.,5
Acabo d'arribar de l'hospital.,5
No sé de què estàs parlant.,5
No m'hi veig!,5
No m'ho diguis.,5
No m'ho va dir.,5
Aaa...,5
És repugnant.,5
A vegades.,5
No surtis.,5
No siguis ximple.,5
No siguis ridícul.,5
És temptador.,5
No siguis estúpida.,5
No sento res.,5
No ho es.,5
i...,5
Allà dins.,5
Attenuare!,5
Assassí.,5
No diré res.,5
Assegui's.,5
No diguis bestieses.,5
Ataca!,5
No deixaré...,5
Atura't ara mateix!,5
Vindràs?,5
Ves-hi.,5
Ves amb compte.,5
Augmenta.,5
"No, no ho faran.",5
Avi?,5
Mai no he vist una tortuga.,5
No dormo.,5
Vindré.,5
Ara estic bé.,5
No el veig.,5
"No, germà.",5
Ara hi vaig.,5
"Vinga, mama.",5
"Vinga, doncs.",5
"Vinga, aixeca't.",5
"No, mama.",5
"No, ni de bon tros.",5
Arya Stark.,5
Vine i agafa'n,5
Arlene.,5
Arreveure.,5
No el matis.,5
Artur!,5
Vine al llit.,5
Bah!,5
No caldrà.,5
Veniu amb nosaltres.,5
Vaig a pixar.,5
Vaixell.,5
Ni de broma.,5
Vaig pensar...,5
Vaig mentir.,5
Vaig haver de fer-ho.,5
Neu.,5
Nens!,5
"No, no ho saps.",5
Vagi amb compte.,5
Necessito que m'ajudis.,5
"No, no, no, no, no, no.",5
"Va, home.",5
Bon nom.,5
"No, no, prou.",5
Berg!,5
Beowulf.,5
"Benvingut, senyor.",5
Val més que no.,5
Benvingut a bord.,5
Ni jo.,5
Ni més ni menys.,5
¡Vamos!,5
Vanessa...,5
Ni una.,5
Ve algú.,5
Ve cap aquí.,5
Basada en fets reals.,5
Barney!,5
Ven.,5
No així.,5
Bajanades.,5
"Vinga, noi.",5
Ara escolta'm.,5
No ho entendries.,5
"Anem, nens.",5
Vés-te'n ara!,5
Anem a dormir.,5
Vés-hi tu.,5
No és per això.,5
No funciona així.,5
Vés cap a casa.,5
No fumo.,5
Americà.,5
No fa falta.,5
Anglès.,5
No és tan fàcil.,5
No és tan senzill.,5
Vull que vinguis amb mi.,5
Anteriorment a Satisfaction...,5
Anar on?,5
No ha funcionat.,5
Ara dorm.,5
ah!,5
eh?,5
d'acord.,5
coronel.,5
amunt!,5
No hi són.,5
amic.,5
No hi ha res aquí.,5
No ha passat res.,5
"Alí Babà, Vila del misteri.",5
Amaga't!,5
No és genial?,5
No hauríeu de ser aquí.,5
Will!,5
No hauries d'haver vingut.,5
Vull fumar.,5
Vull estar amb tu.,5
No et rendeixis.,5
Visca el rei!,5
Volem justícia!,5
Vola!,5
No en tens ni idea.,5
Aquí els tenim.,5
Viurà.,5
Viu.,5
Aquí ho tenim.,5
"No, Altesa.",5
Visc aquí.,5
Vint-i-cinc.,5
"Vingui per aquí, si us plau.",5
Aquí n'hi ha un.,5
"No, fill.",5
"No, general.",5
No era jo.,5
Aquí el teniu.,5
Aquí Spock.,5
Vols jugar?,5
Aquesta vegada no.,5
Aquesta nit no.,5
Vols res?,5
Vols un cafè?,5
Vosaltres?,5
No et molestis.,5
Aquest és el llarg viatge de la nau esteŀlar Enterprise.,5
Aquest sóc jo.,5
Vull ajudar.,5
Vull ajudar-te.,5
Aquest mateix.,5
Aquest avió ha xocat contra el World Trade Center.,5
Aparedats vius!,5
On són els teus pares?,5
Disculpin.,5
Te'l creus?,5
Què vas dir?,5
Presentin armes!,5
Ja en som dos.,5
Què vol de mi?,5
Fes una ullada.,5
Probablement res.,5
Què vas fer?,5
Què va succeir?,5
Ja he tornat.,5
Feu-ho!,5
Fill de...,5
Què va.,5
Immediatament.,5
Què té de dolent?,5
Proteus.,5
Què vol dir tot això?,5
Ja ho faig jo.,5
Immaculats!,5
Fa molts anys.,5
Pregunta-li a ell.,5
Pren.,5
Pren-t'ho amb calma.,5
Ja m'agradaria.,5
Fa bona pinta.,5
Fa calor.,5
Fa temps.,5
Ja ho sap.,5
Fa uns minuts.,5
Falta gaire?,5
Fas molt de goig.,5
Ja l'has sentit.,5
Feina.,5
Feliç aniversari.,5
Què tries?,5
Què tenim aquí?,5
Ja me'n recordo.,5
Gràcies per la seva ajuda.,5
Glenn?,5
Granada!,5
Gràcies pel consell.,5
Gràcies per això.,5
Gràcies per l'ajuda.,5
Què més tens?,5
Gràcies per la teva ajuda.,5
Què passarà?,5
Puc parlar amb vostè?,5
I tu com estàs?,5
Gràcies per trucar.,5
Què m'has dit?,5
Gràcies senyor.,5
I tant que no.,5
Gens ni mica.,5
Gens malament.,5
Fins quan?,5
Fote't!,5
Què te'n sembla?,5
Què t'havia dit?,5
Foc de contenció!,5
Fort.,5
Força bé.,5
Príncep Oberyn.,5
Fotem el camp d'aquí.,5
I vosaltres?,5
Idiotes.,5
Què se suposa que he de fer?,5
Què puc fer per vostè?,5
Gegants?,5
Què portes?,5
Identifica't.,5
Explica't.,5
Què és el que vol?,5
"Gràcies, Murray.",5
Estàs mort.,5
Estàs ferida?,5
S'està fent tard.,5
S'acosten genets!,5
S'Altesa.,5
Estàs fora de perill.,5
Ròmul!,5
Roïnes.,5
"Estàs bé, noi?",5
Jo no hi era.,5
Jo no he fet res.,5
Estàs segur d'això?,5
Jo no el vaig matar.,5
Et fa mal?,5
Jo no bec.,5
Estàs embarassada?,5
S'ha apagat la flama!,5
Jo mai...,5
Pobre noi.,5
Estic sota arrest?,5
"Però, saps?",5
Jo també vinc.,5
Phil.,5
Està bé saber-ho.,5
Està com nou.,5
Salut a tots.,5
Saber què?,5
Pobreta.,5
Poca cosa.,5
Està malament.,5
Jo no ho faré.,5
Estàs arrestat.,5
Estàs be?,5
Jo me'n vaig.,5
Jo diria que no.,5
Explica'm.,5
Ja saps què vull dir.,5
Ets la meva filla!,5
Ets la millor.,5
Ets la persona més fotudament intel·ligent i estúpida que he conegut mai.,5
Ja tens el que volies.,5
Potser si.,5
Realment bé.,5
Ets sord?,5
Potser mai més,5
Ets un Lannister.,5
Ets un bon noi.,5
Ja no importa.,5
Ja no ho sé.,5
Ets una bruixa.,5
Precious!,5
Ets jueu?,5
Ja venen.,5
Et sap greu?,5
Jake.,5
Respira fons.,5
Et vols casar amb mi?,5
Et vull a tu.,5
Res important.,5
Res en absolut.,5
Jeffrey.,5
Repeteixo.,5
Reina meva.,5
Repeteix-ho.,5
Reparteix.,5
Jacob.,5
Rendiu-vos!,5
Pots confiar en mi.,5
Pots sentir-me?,5
Què li vas dir?,5
"Gràcies, capità.",5
Estic molt cansada.,5
Quins?,5
Ho entenc perfectament.,5
"Hola, rei.",5
Què bonic.,5
Què acabes de dir?,5
"Hola, noia.",5
Quinze.,5
Ho estarà.,5
Ho comprenc.,5
"Hola, nena.",5
Quina veritat?,5
Ho estic fent.,5
Quina sort.,5
Ho ha de ser.,5
Quina noia?,5
Què coi estàs fent?,5
Hi tant.,5
Ho he fet el millor que he pogut.,5
Hi era.,5
Què dimonis creu que està fent?,5
Hem perdut.,5
Hut-Sut Rawlson en el riu bella noia,5
Que interessant.,5
Què decideixes?,5
Què cony et passa?,5
Què collons passa aquí?,5
Que vol dir?,5
Que no ho entens?,5
Que potser importa?,5
Que què?,5
Horrible.,5
Hi ha una cosa més.,5
Que us bombin!,5
"Hola, Walter.",5
Ho he resolt.,5
"Hòstia, puta!",5
Qui és el teu amic?,5
Ho sento moltíssim.,5
"Ho sento, Altesa.",5
Qui sou vós?,5
Ho vols?,5
"Ho sento, senyora.",5
Ho serà.,5
Ho som.,5
"Hola, Barney.",5
"Ho sé, ho sé, ho sé.",5
Qui és aquest paio?,5
Ho vas jurar.,5
Ho vas fer?,5
Ho vam fer.,5
Ho tinc controlat.,5
Hola amor.,5
Ho sabeu.,5
Qui dimonis ets tu?,5
Ho lamento.,5
Qui era aquest?,5
Ho heu entès?,5
Quin és el teu pla?,5
"Qui ets, tu?",5
Ho juro per Déu.,5
Ho juro per la meva vida.,5
"Quin problema té, senyor?",5
Quin aspecte tenia?,5
Ho provaré.,5
Qui hi ha aquí?,5
Quin horror!,5
"Hola, Jim.",5
Qui ho ha fet?,5
Qui ho sap?,5
Què dimonis fas?,5
Hem de trobar-la.,5
"Gràcies, col·lega.",5
Ha passat res?,5
Ha de ser ell.,5
Quant de temps ha passat?,5
Quant temps?,5
Ha estat un plaer.,5
Quantes vegades?,5
I qui ets tu?,5
Ha tingut un bon vol?,5
Ha anat bé?,5
Has d'anar-te'n.,5
Què ha fet?,5
Has de descansar.,5
Què ha canviat?,5
Què fots?,5
I la teva germana.,5
Ha caigut.,5
I què més?,5
Quants cops t'ho he dit?,5
"Gràcies, oncle.",5
I tant que ho és.,5
"Gràcies, mare.",5
I si...,5
Què hi ha dins?,5
Punyeta!,5
Qualsevol.,5
I res més?,5
I què va passar?,5
Què hi fem aquí?,5
I què és això?,5
"Gràcies, tresor.",5
Què hi faig aquí?,5
Guardajuraments.,5
Quan fa?,5
Has de menjar.,5
Has dormit bé?,5
I això és tot.,5
Què estas fent?,5
I com és?,5
Que en penses?,5
He tornat.,5
Què esteu fent aquí?,5
Que està passant?,5
Què estava dient?,5
Hem d'estar i estarem alerta a casa i a l'estranger.,5
He estat ocupat.,5
Hem de...,5
Hem de fer alguna cosa.,5
Que et donin pel cul.,5
Què els has dit?,5
Què dius ara?,5
Hem de treure't d'aquí.,5
Què estàs...?,5
Què estàs esperant?,5
Has guanyat.,5
Hauríem de marxar.,5
Has menjat?,5
Què farem ara?,5
I ho sento.,5
Que Déu el beneeixi.,5
Hathorne!,5
Hauries de venir amb nosaltres.,5
I era perillós.,5
Que dormis bé.,5
Que bo.,5
Què et sembla això?,5
I en Tatum?,5
He de pixar.,5
I el teu pare?,5
He dit...,5
"Jo, jo, jo, jo.",5
Estic esperant.,5
Deixi'm!,5
"Sí, no.",5
"Ei, vinga.",5
"Sí, pot.",5
El Castell Vogeloed.,5
El Rei ha mort.,5
El blau.,5
Li importa?,5
"Sí, naturalment.",5
"Ei, nois.",5
Per Júpiter!,5
El meu dolç amor.,5
"Sí, molt.",5
Lester.,5
"Sí, mama.",5
El meu sí.,5
"Sí, què passa?",5
Penny.,5
El meu únic amor.,5
Egg.,5
Loras.,5
Llums!,5
Pedres i ossos.,5
"Sí, vinga.",5
"Dóna-li a ""opcions"".",5
Eee...,5
"Ei, Burt.",5
"Sí, senyoreta.",5
"Sí, sóc aquí.",5
"Ei, amor.",5
"Ei, col·lega.",5
Pega'm!,5
"Ei, hola.",5
"Sí, si us plau.",5
El meu torn.,5
Per això sóc aquí.,5
"Sí, és que...",5
Per l'escala.,5
El vaig veure.,5
Ella també.,5
Els coneixes?,5
Els fets narrats van tenir lloc a Minnesota el 2006.,5
Els necessito.,5
Els pecats dels pares!,5
Em dic Arya.,5
El trobaré.,5
"Sí, Majestat.",5
La seva mare és morta.,5
Sí que puc.,5
Em pots ajudar?,5
Em pots sentir?,5
Em prens el pel?,5
La veus?,5
"Sí, exactament.",5
El necessito.,5
"Sí, ho sou.",5
El noi ha de morir.,5
El petit.,5
"Sí, ho vaig fer.",5
"Sí, ho va fer.",5
Les coses canvien.,5
Lent.,5
El que sento per tu no ha canviat.,5
El teu torn.,5
"Sí, ho sabem.",5
"Sí, ho prometo.",5
Per culpa teva!,5
El respecto.,5
Lady Brienne.,5
El teu.,5
Pau.,5
Dues vegades.,5
Per on?,5
T'ho suplico.,5
Tan se val.,5
Deteniu-lo!,5
On és la mama?,5
M'ho imaginava.,5
Dexter!,5
Diana?,5
On és la resta?,5
Desperta't.,5
T'ho prego.,5
M'ho crec.,5
M'hi apunto.,5
Digues alguna cosa.,5
Operador.,5
M'he perdut res?,5
Després et truco.,5
Desconegut.,5
M'has trobat a faltar?,5
On vius?,5
Magnífica.,5
Deixi'm anar!,5
Tatum.,5
Madison.,5
Tanta por et fa?,5
On viu?,5
Denzel!,5
Tanqueu les portes!,5
Tant li fa.,5
Depèn de tu.,5
On érem?,5
On és el meu fill?,5
On és el noi?,5
M'ho vas prometre.,5
T'he fet una pregunta.,5
"Ostres, cloïsses i escopinyes!",5
Lord Baelish.,5
Sóc lliure!,5
"Són dracs, khaleesi.",5
Doncs fes-ho.,5
Sóc una esclava.,5
Doncs no.,5
Doncs si.,5
Sóc molest.,5
Parles anglès?,5
Divertit.,5
Parles seriosament?,5
"Doncs, molt bé.",5
M'agradaria saber-ho.,5
Dorm una mica.,5
Sóc el comissari Bruges.,5
M'agrada molt.,5
Són ells.,5
T'agrada això?,5
T'has tornat boja?,5
Diners?,5
M'has entès?,5
M'estàs prenent el pèl?,5
"Para, para.",5
M'estàs fent mal!,5
T'està bé?,5
T'estimo tant.,5
M'estàs escoltant?,5
Dispara-li.,5
M'equivoco?,5
T'espero aquí.,5
M'encanten.,5
"Disculpeu-me, Altesa.",5
Qui va ser?,5
T'anirà bé.,5
La resposta és no.,5
"Em sap greu, senyor.",5
Sap què és una tortuga?,5
Senyor Guadagni.,5
Escolta'm bé.,5
Senyores i senyors.,5
Permeti'm.,5
Senyor Queen.,5
Senyor Malcolm.,5
Perquè la nit és fosca i plena de terrors.,5
Senyor Baelish.,5
Escolta això.,5
Just allà.,5
Perquè somio jo no ho sóc pas.,5
Però això...,5
Però això és impossible.,5
Però aquesta és la meva resposta.,5
Sense voler ofendre.,5
Perfecta.,5
L'Arya.,5
Escuts!,5
Es mou.,5
"Si us plau, Altesa.",5
Per tots dos.,5
"Era just al davant dels meus ulls, i no ho vaig veure venir.",5
Era la meva dona.,5
"Si la Muntanya va matar la meva germana, el vostre pare va donar-ne l'ordre.",5
Erlendur.,5
Shannon!,5
Ser Gregor.,5
Es va morir.,5
Esbrina-ho.,5
L'entenc.,5
Seria meravellós.,5
Seria genial.,5
"Esclar, esclar.",5
Sense cap dubte.,5
Senador.,5
Era el meu germà.,5
Però què et passa?,5
Jo... jo...,5
Estas bé?,5
"Jo, senyor.",5
Però què dius?,5
Estava espantada.,5
Estem preparats.,5
Esteu tots bé?,5
Se'n va anar.,5
"Estic bé, estic bé.",5
Saps que no puc.,5
Estic confós.,5
Estic contenta.,5
Però sí.,5
Estic en això.,5
Esta bé.,5
Però no ho vas fer.,5
Sempre ho faig.,5
Esperarem.,5
Espasa!,5
Però ets aquí.,5
Judith.,5
Josh.,5
Següent missatge.,5
Esperar?,5
Esperem.,5
Espero que sí.,5
Segur que no.,5
"Espereu, espereu!",5
Seguiu.,5
Espero.,5
Segueixi'm.,5
Espero que estigui bé.,5
Per tot.,5
Era broma.,5
Sé què estàs pensant.,5
Sr. Hannon?,5
La mare?,5
Per què has tornat?,5
Sr. Wilson.,5
En general.,5
En moviment.,5
Sr. Holmes!,5
En nom de Déu!,5
Stark?,5
Sr. Barnell.,5
Sr.,5
En posició.,5
En privat.,5
La mama és aquí.,5
En què el puc ajudar?,5
Sra. Van Hopper.,5
La meva mare.,5
La llei és la llei.,5
Em vaig equivocar.,5
SÈRIES-VOSC,5
Sync  corrections by Elderfel,5
La necessito.,5
Susan.,5
La mort.,5
Em vaig.,5
Emmett.,5
Stefan Freund.,5
En John?,5
Per què ens aturem?,5
En Kirk.,5
Per què esperar?,5
Stephen.,5
Stefan Lindberg.,5
Per què ho dius això?,5
Sona genial.,5
Era Jo.,5
Siggy.,5
Per què sou aquí?,5
Sindbad.,5
Ens en sortirem.,5
Ens mataran.,5
Per què sóc aquí?,5
Sigues fort.,5
"Si, és cert.",5
Sis plau.,5
Per què t'hauria de creure?,5
Per què tanta pressa?,5
Per què és això?,5
Entri.,5
"Si, Missenyor.",5
Entén?,5
Per què som aquí?,5
Engega.,5
Sona divertit.,5
La Molly?,5
La gent canvia.,5
La clau.,5
Encantador.,5
Encantat de conèixer-lo.,5
La Muntanya.,5
Encara dorm.,5
L'última frontera.,5
Per què no m'ho havies dit?,5
Encara m'estimes.,5
Encara no he acabat.,5
L'hivern s'acosta.,5
Sobre això.,5
Smith.,5
Encara no ho sabem.,5
No prou.,5
