sentence,count
Jes.,713
Ne.,589
Dankon.,259
Bone.,258
Kio?,244
Saluton.,181
Kial?,142
Atendu!,121
Mi ne scias.,119
Kion?,115
Ek!,114
Venu.,108
Ho!,101
Nu?,98
Pardonu.,96
Ĉesu!,92
Haltu!,92
Jen.,90
Rigardu!,89
Kio okazas?,86
Bonvolu.,85
Ku!,80
Ni iru.,78
Bonan tagon.,78
Paĉjo!,77
Bonege.,76
Ĉu?,74
Kio estas tio?,73
Certe.,72
Ĉu vere?,70
Kion vi faras?,68
Kio okazis?,68
Ashitaka!,65
Mi?,63
Ha lo?,61
Ha!,60
Billy Turf.,60
Panjo!,59
Do?,59
Mi bedaŭras.,55
He!,54
Ĝis.,52
Iru!,51
Silentu!,50
Helpu!,49
Kompreneble.,49
Kiu?,49
Foriru!,47
Atentu!,43
Sidiĝu.,43
Damne!,43
Kaj vi?,41
Ĝuste.,40
Vere.,40
Rapide!,40
Sankta!,40
Kiu vi estas?,39
"Ne, ne.",38
Kiel?,38
Momenton!,38
Hej!,38
Mi scias.,38
Ne zorgu.,36
Kie?,36
Bonan nokton.,35
Okkoto!,35
Helpu min!,35
Aŭskultu.,35
Eniru.,34
Ĉu vi komprenas?,34
Adiaŭ.,33
Kien?,33
Patro!,32
Vi!,32
Por kio?,31
Venu ĉi tien.,31
Kuru!,31
Rapidu!,30
Tute ne.,30
Milady!,30
Sir!,30
Kiel vi fartas?,30
Sed...,29
Eliru!,29
Kie vi estas?,29
Aj!,28
Tie!,27
For!,27
Sufiĉas!,27
Kaj?,27
Kio estas?,27
Ĉi tie.,27
Kion vi diras?,26
Kiu estas?,26
Bonan matenon.,26
Massarakŝ!,26
Bonan vesperon.,26
Mi petas!,25
Ĝis revido.,25
Ankaŭ mi.,25
Hey!,25
Quick!,25
Brave!,25
Yakul!,25
Mi ne komprenas.,24
Nun!,24
Neniam!,24
Prenu.,24
Mej!,24
Mi-young!,23
Halo?,23
ĉu?,23
Tre bone.,23
Vi pravas.,23
Mak!,23
Pardonu min.,23
Kial ne?,23
Ĉi tien!,23
Mi estas ĉi tie.,22
Kion vi volas?,22
Vidu.,22
Ĉu vi freneziĝis?,22
Ĉu mi?,22
Trankviliĝu.,21
Kien vi iras?,21
Ne gravas.,21
Idioto!,21
Nenio.,21
"Jes, sinjoro.",21
Pardonon.,21
Dio mia!,21
Diable!,20
Ĉu ne?,20
Jiko!,20
Malliberulo 2904!,20
Sinjoro!,20
Iŝan!,20
"Ho, ne!",19
Mi amas vin.,19
Mi pardonpetas.,19
Mi ne povas.,19
Manĝu!,19
Vekiĝu!,19
Jes ja.,19
Lasu min!,19
Kju!,19
Tuj!,18
Kio ĝi estas?,18
Mi komprenas.,18
"Ho, jes.",18
Ĉu vi?,18
Hm?,18
Prave.,18
Kie vi estis?,18
Bona!,17
Ah!,17
Tiel?,17
Kaĉjo!,17
Kion vi celas?,17
Nenion.,17
Paŭleta!,17
Ĉu bone?,17
Ne moviĝu!,17
"Jes, jes.",17
Silenton!,16
Mi vidas.,16
Kiu estas vi?,16
Sufiĉe.,16
Atenton!,16
Sofi!,16
Mi dankas vin.,16
Ĝis morgaŭ.,16
Ĉu vi vidis?,16
Restu reen!,15
Kie ŝi estas?,15
Ne eblas.,15
Ne timu.,15
Eboshi!,15
Move!,15
"Ne, ne, ne!",15
Nekredeble!,15
Lasu!,15
Tie li estas!,15
La Cervo Dio?,15
Konsentite.,15
Ili venas!,15
Kapitano!,15
Toki!,15
Aŭskultu min.,15
Ni manĝu viro.,15
Jen ĝi.,15
Kie ĝi estas?,14
Estas mi!,14
Kiu li estas?,14
Kie li estas?,14
Kiam?,14
Fiulo!,14
"Jes, certe.",14
Kion vi faras ĉi tie?,14
Mi ne timas!,14
Venu kun mi.,14
Ne maltrankviliĝu.,14
Amen.,14
Ĉu vi certas?,14
Diru al mi.,14
Bonvenon!,14
Brendano!,13
diras la reĝino.,13
Ĉu vi aŭdas?,13
Kiun?,13
Kio estas ĉi tio?,13
Aŭ!,13
Homoj!,13
Kaj kio?,13
Tommy.,13
Helpon!,13
"Ne, dankon.",13
Izzi.,13
Halt!,13
Haku!,13
Avinjo!,12
Sekvu min!,12
Fajro!,12
Pafu!,12
Antaŭen!,12
Merdon!,12
Korvaks!,12
"Bone, bone.",12
— Jes.,12
Kiom?,12
Kiki!,12
Kiel vi nomiĝas?,12
Ho ve!,12
Ĉu vi vidas?,12
Eble.,12
Frato!,11
Jen ili!,11
Kiu iras tien?,11
Kion mi faru?,11
Ĉu vi komprenis?,11
Kio okazis al vi?,11
Kaj do?,11
Estas li!,11
Strange.,11
Ĉu vi mortis?,11
Ĉiuj.,11
Fek!,11
jes.,11
Ni reiru!,11
diras la reĝo.,11
En ordo.,11
S-ro?,11
Mi timas.,11
Hura!,11
Inklinalriks!,11
Aldo!,11
Pablito!,11
Por mi?,11
Pri kio?,11
Haŭl!,11
Trankvile!,11
"Ho, kara...",10
Kanajlo!,10
Diru ĝin.,10
Daŭrigu.,10
Ili estas vere io!,10
Jes sinjoro.,10
Diru al la aliaj.,10
Ĉu vi frenezas?,10
Kaptu lin!,10
Ĉu vi aŭdas min?,10
Io venas!,10
Kison!,10
"Cxu vi cxiuj pravas, sinjoro?",10
Peppino.,10
♪Ŝlositafor enlaarbarodelanokto ♪,10
♪Ĉiujviamalgxojo malĝojokajdoloro♪,10
Ne tuŝu ĝin!,10
♪Viasekretakoro apartenasalla mondo♪,10
A lupo!,10
A mesaĝisto.,10
♪Neniusciasviankoron♪,10
♪Kiamla sunoiris Mividasvin♪,10
Ni estas ĉirkaŭataj!,10
♪Belakajfrekventis sedmalvarma♪,10
Alportu Sinjorino Eboshi!,10
Mi malamas homoj!,10
Mi dezirus!,10
Oracle!,10
Lasu lin!,10
Kie estas Lady Eboshi?,10
Pro kio?,10
La simioj!,10
La nokta _walker_!,10
La lupo princino!,10
Restu trankvila!,10
Sal.,10
La Cervo Dio sanigis lian vundon?,10
Ĝiĝi!,10
Koroku!,10
Kion vi diris?,10
Kion vi deziras?,10
Kion fari?,10
Kio estas erara?,10
Kie estas Sankta?,10
Got ŝi!,10
♫Neniusciasviankoron♪,10
Estas bone.,10
Well done.,10
Wolf-Dio Princino...,10
Ĉu vi timas?,9
Aha.,9
ESPERANTO,9
Ĝuste tiel.,9
Ĝis la revido.,9
Malfermu la pordon.,9
Mazi.,9
Kiu estas tiu?,9
Fi!,9
Ankoraŭ ne.,9
Kion tio signifas?,9
Kion ni faru?,9
Dio!,9
Ĉu klare?,9
Ŝŝŝ!,9
Mi venas!,9
Mi tuj revenos.,9
Tre agrable.,9
Certe ne.,9
Iru for!,9
ĉu ne?,9
"Steloj certe nin ne prenos, se mi ion lasos for.",9
diras Karlo.,9
Ĉu vi fartas bone?,9
Kial do?,9
Karamuru!,9
Vi estas libera.,9
Kion vi rigardas?,9
Ĉio.,9
Sal'.,9
Putinido!,9
Rapidiĝu!,9
Pri kio vi parolas?,9
Revenu!,9
Prenu ĝin.,9
Nedankinde.,8
Certe jes.,8
Punkto.,8
Manĝaĵo!,8
Kion mi devas fari?,8
"Zubi dubi zubi dubi"" kantas mia ridinda, kundancanta koro",8
Francisko!,8
Aal izz well,8
Kio pri vi?,8
Finfine!,8
Kiuj vi estas?,8
Estas en ordo.,8
Em...,8
Marko!,8
Vi ne estas homo de Dio!,8
Mi komprenis.,8
Ĉu preta?,8
Grandan dankon.,8
Tio ne eblas.,8
mi petas.,8
Stultulo!,8
Ne rigardu!,8
Merdulo!,8
Kiel vi volas.,8
Diru.,8
"Hej, vi!",8
"Nu, bone.",8
Mi revenos!,8
Terure!,8
Al kiu?,8
Chico!,8
Pablo!,8
Zubi dubi zubi dubi pam para Zubi dubi param pam,8
Macario!,8
Kion vi opinias?,8
Ho Sinjor'!,8
Polico?,8
Ne pafu!,7
Mi amas cin.,7
Ne nun.,7
Kion mi diris al vi?,7
Kio pri li?,7
Mi petas vin.,7
Ne necesas.,7
Li?,7
Ranĉo,7
Ne foriru!,7
Ĉu vi vidas ion?,7
Nomo?,7
Obeliks!,7
Ni faros vin feliĉaj.,7
Mi diris al vi!,7
Pri kio temas?,7
Soldatoj!,7
Jej!,7
Mi ĵuras.,7
Ĉio bonas.,7
Ne mortu!,7
Halt'!,7
Donu ĝin!,7
Malfermu!,7
Mi ne volas.,7
Li venas!,7
Malfermu ĝin!,7
Finu ĝin.,7
"Ho, Dio!",7
Ĉu ni iru?,7
Unu minuton.,7
Muso!,7
Ĉion bonan.,7
Mojose!,7
Karlo.,7
Belege!,7
Mastro!,7
He frat' — Ĉio bonas,7
Kion vi faris?,7
Mi malamas vin!,7
"Kial la devizo de la mondo estas ""daŭre klopodu""?",7
Tien.,7
Kisa!,7
Gardu vin!,7
Kiu estas tie?,7
Ne tiel!,7
Bondezirojn!,7
Perfekte.,7
Ni ne fallasos vin,7
Neee!,7
Donu al mi!,7
Mi ne komprenas vin.,6
Ĉu ĉi tie?,6
Ĉu ĉio en ordo?,6
Kial ĉi tia senĉesa peno al iu celo?,6
— Kial?,6
Kara Erik!,6
Mi foriras.,6
Kie estas la aliaj?,6
Estas vere!,6
KeCe!,6
Estas via kulpo.,6
Ĉu vi pretas?,6
Tenu vin.,6
'Kun Amo kaj Revolucio kiel sola horizonto,6
Phil!,6
Mi estas lupo!,6
Oni mortigis lin ĉi tie!,6
"Peppino estas viva, kaj batalas kun ni!",6
Parolu.,6
Malaperu!,6
PUNKTO,6
Sen!,6
Belega.,6
Klaras?,6
avizo!,6
Restu ĉi tie.,6
Poste.,6
Vivu la ĉampiono!,6
Vivu!,6
Kion vi intencas fari?,6
Kion vi faros?,6
Leviĝu!,6
Kien vi?,6
Mi ankaŭ.,6
"Saluton, Gvidanto.",6
Kion mi diris?,6
Kion li faras?,6
Kion ci volas?,6
Singarde.,6
Oho!,6
Kio okazas al vi?,6
Amore...,6
Mi devas iri.,6
Kio estas tio ĉi?,6
Ĝi estas for!,6
Cxu?,6
Sinjoro Katadreuffe?,6
Ĉu vi memoras?,6
Ĉio bonordas.,6
Ni ankoraŭ ne finis... nepre ne,6
Jacob!,6
Ĉu vi honoras vian patron?,6
"Jes, Eminenco.",6
Ne al la tria kurejo!,6
Jennifer!,6
Vi estas viva!,6
Mi promesas.,6
Vi mortos!,6
Ĉiam.,6
Ĉu vi bonfartas?,6
Museto!,6
Je dio!,6
Ekstaru!,6
Elia!,6
Donu.,6
FINO,6
Ho ne!,6
Trezoro!,6
Homo en la kosmo.,6
Miĉjo!,6
Mirinde.,6
Fek'!,6
Ĉu tiel?,6
Tio estas bona.,6
"Mi-young, vekiĝu!",6
"Jes, s-ro",6
Valida,6
Graŭlo.,6
Mi pagos al vi.,6
Ŝi prenis cxiu kiu povis movi kaj iris al mortigi la Cervo Dio.,5
Ne movi!,5
Outsiders ne rajtas tie.,5
PRINCESSMONONOKE,5
Ŝi rekonos kion fari!,5
. ♪♫ Aŭla aĵojn kekrioen la mallumo♫♪♪  .,5
"Ne, grandega monstro!",5
"Yakul, run!",5
Ĉio estas en ordo.,5
♪Virigardismin ♫,5
"Ne, Panjo!",5
"Por sablo, ni devas purigi la arboj.",5
Ĉi atole gustoj kiel varma akvo!,5
"Ne, Okkoto!",5
"Yeah, sed pli bone ol vivo en la urboj.",5
Ne zorgu pri Damo Eboshi.,5
Zorgu pri li!,5
Pafu lin malsupren!,5
Ŝi ne mortos de tio.,5
Ŝi ne iros!,5
"Pardonon, Fratino.",5
Ŝi ne estas tie.,5
"Ne zorgu ilin, sinjoro.",5
Ĉi de Okcidento Land bona ĉasisto?,5
Ŝi estas la sola kiu rigardis nin kiel homaj.,5
"Ne, sinjoro.",5
Pardonu mian stultan raving...,5
Ŝi vivas por mortigi min.,5
Neniu birdoj.,5
Neniu bestoj...,5
Princo Ashitaka...,5
♪Enla lunonuralumo ♪,5
". ♪Kiella klingodetranĉilo tielakraj,tialdolĉa♪ .",5
Ne malŝparu tempon parolante al li!,5
Nek bestoj nek homa?,5
ne.,5
Oracle diras reiri al la vilaĝo.,5
Oracle la nomitaj ĉiuj eniris,5
OriginalaMuzikode  HISAISHI Joe,5
Neeblas!,5
Ne malŝparu vian sagoj!,5
Ne malŝparu vian simpatio...,5
"Ne, ĝi estas rompita.",5
Ŝi scias ni estas ĉi tie...,5
♫ sagujon kiel abowstringla pulson♪ - [tremante],5
"Ne, ĝi estas ne.",5
Ne mortu por nenio!,5
OriginalaStorykajSkriptopor Miyazaki Hayao,5
Pardonu al devigos vin atendi...,5
Ŝi malaperis post la Cervo Dio.,5
Por riski ĉiuj pri fina batalo estas ludi en homaj manoj.,5
"Pardonu min, Toki.",5
Ŝi estas tie!,5
Phil Connors!,5
Plantos viajn arbojn.,5
PlenumaProduktantoj UJII E Seiichiro  Narita Yutaka,5
Pli ol 500 jaroj pasis ekde la Mikado forpelis nin en tiun landon.,5
Ne pafas!,5
. ♪♪ Enla lunlumo misentisviankoron♫ .,5
Por iri en ĉi tiu maniero  Estas fini kiel ludo la homoj ĉasas por viando.,5
Por ke sonon antaŭe...,5
Ŝi estis tie.,5
Potenca homo...,5
Por kolero ilin.,5
"Por ĉiam kune, ligitaj kiel par'.",5
Por la Cervo Dio!,5
Por la insulo!,5
Ne precipitarse!,5
Por la lago!,5
"Por levi la malbeno, mia maldekstra volis, tro.",5
Ne por ni ... sed al kiuj faris ĉi tiun filmon ... kaj memoru ilian nomon  bona laboro!,5
"Por ĉiam kune, ekde l' unua jar'.",5
Yep.,5
Ne rezignu.,5
Ŝi estas sur la tegmento!,5
Ne rigardu tiom severa...,5
Ŝi estas post Milady!,5
. ♪sagujonkiel abowstringla pulson♫ .,5
Parolu de la diablo!,5
Parolu dum vi ankoraŭ vivas!,5
Patrino!,5
Preskaŭ.,5
Ne tuŝu la korpon!,5
"Patrino, tio estas adiaŭa.",5
Ŝi faris iujn damaĝojn...,5
Ŝi falas!,5
Paŝu flanken.,5
"Permesa, knabo.",5
Ŝi estos en ordo.,5
Neniu respekto?,5
Ne necesas danki min.,5
Prenu ĉi.,5
Prenu plus Gonza.,5
Perfekta.,5
Perfekta por regi la mondon.,5
Prenu ke virino kaj foriros!,5
Ne stulta.,5
"You got tie en malpli ol duono la tempo ni faris  Tra la Cervo Dio arbaro, portante du...",5
Ĉit!,5
Oni simple ni forlasis.,5
No Ĉiuj kiu faras estas kaŭzi pli malamo.,5
Ni mortigas dio.,5
Ni volas forton stiri homoj for.,5
Ni montris ilin!,5
♪Dela aĵojn kegxemanteen la mallumo♪,5
diras Mazi.,5
Ni ĵus finis.,5
Ni ŝia acorralado.,5
la Emishi.,5
Nia frato ne kuri!,5
Nippon Television Network,5
"Ni manĝu nian plenigo, kaj la viroj konas sian lokon.",5
Nokte li igas la nokta _walker_.,5
Ni riskis niaj vivoj alporti la rizo Vi manĝas.,5
Ni manĝu lin.,5
Nokte oni venis por planti arbojn kaj rekonduku la monto.,5
Ni lernis kiel pafi...,5
None!,5
Ni laboras tiuj fuelle tuta nokto!,5
Ni laboras kvar tagojn rekte.,5
ජය වේවා!,5
"Ni kresku malgrandaj, kaj ni kreskos stulta.",5
"Nu, mi avertis vin...",5
"Nu, ĝi helpis atingi la plej ĉasistoj kaj trackers.",5
Ni konstruos bonajn vilaĝo.,5
Ni versxu varmega fero sur ilin se ni devas!,5
diras Silvja.,5
"Numero 2, fajro!",5
Ni ne povas fidi viroj.,5
Ni ne sendis 40 riflemen nur por la fero.,5
Ni ne trompis!,5
Ni ne povis atingi proksime de la montoj.,5
"♪ Kiel la klingo de tranĉilo tielakraj,tialdolĉa♪ - [gxemadon]",5
Ni ne volas malutili al vi.,5
Ni neniam povos trairi tiujn arbarojn!,5
Ni pasis tro da tempo kaj mono.,5
Ni ne povas resti ĉi tie.,5
"♪ [daŭrigas, indistinto]",5
Ni perdis du viroj!,5
Ni ne povas lasi niajn speco malaperos!,5
Ni ne perdu ĉi tiujn,5
Ni revenos vian kapon!,5
Ni petas pasejo tra viaj arbaroj.,5
Ni planti arbojn.,5
Ni ne havis respekton ekde ni naskigxis!,5
Ni movas ekstere.,5
"Ni plialtigas en profunda, sinjoro.",5
Ni mortos.,5
Ni povas helpi vin de tie se io okazas!,5
Ni promesis Milady ni deziris.,5
Ni mortigos por la arbaro de la Cervo Dio.,5
Ni mortigos homoj.,5
Ni revenas al la ironworks!,5
"Number 1, fajro!",5
Ni komencu denove.,5
Nepre.,5
Ni cxiuj mortos.,5
Okkoto estas stultulo.,5
Okkoto la vundita.,5
Ni estas ankoraŭ vivas.,5
Ni ekstermon kaj ne povas atingi ĝin!,5
"Okkoto, atendu!",5
Ni eble devos batali la riflemen ankaŭ.,5
Ni devos labori en ŝminkoj!,5
"Ni devis lukti kontraŭ Maŭra alporti ĉi rizo, vi scias.",5
Ni devas doni lin.,5
"Okkoto, ne!",5
Ni devas averti ilin!,5
"Ni batalos, too!",5
Ŝŝŝŝŝ!,5
Ŝtelisto!,5
Oni Milady ŝi venis por.,5
Oni diras la sango de la Cervo Dio resanigos malsano.,5
Ni batalos por vi ĝis la lasta!,5
Ni auxskultos vin delikata de tie!,5
Ni atendas!,5
bone.,5
Oni ne povas gajni kontraŭ la kanonoj de la homoj.,5
Nessa!,5
. ♪Enla lunonuralumo  virigardismin♪ .,5
Oni neniam la policanoj kiuj mortas.,5
Okkoto MORISHIGE Hisaya,5
"Ni estas post dioj, ne nur bestojn.",5
Ni iru kun vi!,5
Ni gardu la ironworks!,5
Ŭaŭ!,5
Nun atendi minuton!,5
"Nun ni aŭdu, kiel lia potenco velkas  Kaj la dentegoj de liaj Shoguns estas rompitaj.",5
Ni havas sian forton.,5
Nun valoras ion kaj vi volas ĝin!,5
♪Enla lunlumo misentisviankoron♫,5
Nun vi reproduktiĝas nova malamoj kun tiuj kanonoj?,5
"Nun ŝi ne povas esti homo, kaj ŝi ne povas esti lupo.",5
Nur iom pli!,5
Ni havas ripozon.,5
Ni havas partituro starigi!,5
dankon.,5
Ni estas preskaŭ la Cervo Dio lageto.,5
Nur tra la kapo...,5
Ni estu amikoj.,5
Ni estos tie!,5
Ni estis fine kun morgaŭa sendon.,5
Ni estis en la antaŭa...,5
Off vi iros.,5
lasu ilin veni!,5
Oh!,5
Ni estas tie por mortigi la homoj kaj savi la arbaro.,5
Ni estas preskaŭ tie...,5
li diras.,5
"Princo Ashitaka, vi steeled por rigardi sur via sorto?",5
Ĉu gravas?,5
Produktanto Suzuki Toshio,5
Tiu estas mia!,5
Ĉu vi bezonas ion?,5
Tiuj estis simple la pups.,5
Tiu virino!,5
Vi perdis.,5
Vi petis la Cervo Dio por li.,5
Tiu mondo estas malbeno.,5
Tiu knabino kaj la lupoj...,5
Vi povas aŭdi ĝin...,5
Tiu knabino estos homo.,5
Tiu estis en la apro korpo.,5
Tiu estas via patrino?,5
"Tiu estas tre, tre malbona.",5
Tiu estas nia arbaro.,5
Vi povas ŝanĝi vian sorton.,5
"Vi povas, tamen, leviĝu renkonti ĝin.",5
Toki pravis!,5
"Toki, rapide!",5
"Toki, savu vian amon-diskuto por poste.",5
Trankviliĝu bovojn!,5
Tri.,5
Vi ne peti Nago!,5
Tre bone farita.,5
"Vi ne povas pasi, sinjoro.",5
Tre.,5
Trankvilu.,5
Vi ne ricevos tiun potencon per manĝado viro.,5
Vi neniam subteni tiun ritmon.,5
Ĉu vi aŭdas tion?,5
Vi ne traktas Sinjorino Eboshi tiel!,5
"Trankvila vian koleron, mi petegas vin!",5
Trankvila tie!,5
Tracks...,5
Touch ke Muck kaj Vi estas morta!,5
"Vi povus fini ĉion saltante, vi scias.",5
Vi protektita la Cervo Dio!,5
Trinku!,5
Tiu estas la nova armilo tiuj personoj havas elpensita.,5
Tiel kostas malpli vivoj.,5
Tiel kondukas en la alia mondo.,5
Vi scias ne metis piedon sur ĉi tiu insulo.,5
Tiel ili trompi la boars.,5
Vi simio!,5
Ĉu vi ne scias?,5
Tie ŝi estas!,5
Vi tenas ĝin tiel gracie...,5
Tie povus esti formo levi la malbeno.,5
Ĉu vi povas rezisti?,5
"Ĉu vi scias, kiel tio estas?",5
Tie ili reiru!,5
Tie ili estas!,5
Vi vere venis!,5
Tiam mi povis trovi pli bonan edzon!,5
Tiel ĉi estas kie vivas...,5
Timigante mi duonon al morto!,5
Tio estas bona fero.,5
Tio ne monon!,5
Tiu damnitaj Eboshi la lukto la malĝusta malamiko!,5
Tiru!,5
Ĉu vi kredas?,5
Ĉu vi kunigi kun Sankta kaj batali la homa raso?,5
Tion ne helpas nin reiri hejmen.,5
Tio neniam ĉesis vin antaux!,5
Ĉu vi maltrankviliĝas?,5
Tio estas fiksita ĝin.,5
Tio estos sxlosita vin!,5
Tio estas ĉio mi diros.,5
Vi reiri hejmen.,5
Tio estas ne nur fumi.,5
Vi savis min tiun taskon.,5
Tio estas la kialo mi volas vin ĉi tie.,5
Tri piedfingroj... kaj ankoraŭ freŝa.,5
Tro malfrue.,5
Ne lasu lin foriri!,5
Vi ekscios mia malamo kaj mian malĝojon!,5
"Vi estas unu el ili, ankaŭ!",5
Ĉu iu!,5
Vi estas terure pala...,5
Ĉu junulo preterpasos ĉi tie?,5
Vi ne devas manĝi lin!,5
Ĉu mi Crunch lin por vi?,5
Vi estas sur ilia flanko!,5
Vi estas inteligenta.,5
Ĉu mi provu?,5
Ĉu mi rajtas demandi kial vi estas ĉi tie?,5
Vi estas belaj...,5
Vi estas bela!,5
"Ĉu mi vidas ke, bonvolu?",5
Vi estas ankoraŭ vivas?,5
Vi estas Maŭra filino.,5
Ĉu ili tie ankaŭ?,5
Ĉu ili pafas vi?,5
Vi estas ĝuste dekstre!,5
Vi iros morgaŭ?,5
Vi lukti kiel unu ekposedis!,5
Vi malbenita freak!,5
"Vi loĝas en la arbaro, kaj mi loĝas en la ironworks.",5
Vi kalumnio mia patrino!,5
Vi iru kun ili.,5
Vi iru antaŭen kaj kaŝi.,5
Vi iros blinda!,5
Vi faris tiun.,5
Vi helpis unu el ni.,5
Vi memorigas al mi la maljuna rakontoj...,5
Vi havis malbone tempo...,5
"Vi havas nenian respekton, virino!",5
Vi havas mian vorton.,5
Vi get batis!,5
Vi elkondukis ruino.,5
Vi du iru kun Sankta.,5
Tro malpeza kaj ĝi povos disfalus.,5
Vi doloras.,5
Vi ne komprenas.,5
"Ve, vi diras?",5
Vasilisa!,5
Useless!,5
Ursino parolas.,5
Ursino...,5
"Unue, tamen, eviti la makzeloj de la morto.",5
"Unue, mia danke por alporti reen niaj viroj.",5
Unu plia afero...,5
"Unu kapo, kiel promesis.",5
Uhu.,5
Uh-oh...,5
Trovu Sankta!,5
Trombo.,5
Tro malrapide!,5
Vi ne faras neniun veran laboron tie.,5
Veneno sagetoj!,5
Venu al nia loko Traveler!,5
Vi abomeninda rabble!,5
Vi disipis vian vivon de atingi en mia vojo!,5
Ĉu ne la arbaro kaj la ironworks vivi kune?,5
Vi ne estas fantomo.,5
Vi devus vidis sxin per Nago!,5
Vi aspektas tre bela.,5
Vi antaŭeniri.,5
Ĉu ni kuras?,5
Venu kaj rigardu!,5
Verŝu tiun akvon super ĝi... malrapide.,5
"Venu, suno!",5
"Venu, se vi deziras scii mian sekreton.",5
"Venu, rapidu!",5
Ĉu tio apro la sangon sur lian vizaĝon?,5
Ĉu tio kiel vi danku tiuj kiu luktis por via arbaro?,5
Tiam li devos fariĝi demono!,5
Tiam Wade!,5
Produktitade Tokuma Shoten,5
Saltu!,5
Watch fajro!,5
Se ni atendu ni estos tro malfrue!,5
Se li insistas...,5
Se Vi maldorma dankas Yakul.,5
"Se Vi faris, eliri el tie!",5
Vi lupoj formanĝis lin!,5
"Sankta, vi povas aŭdi min?",5
Watch via buŝo!,5
"Sankta, rigardu!",5
"Sankta, er, la lupo knabino?",5
Sankta s en danĝero!,5
Ŝanĝu sxin!,5
"Samurai aŭ arbara dio, ili ne zorgas.",5
Samurai!,5
"Saluton, Jiko.",5
Se ni batalas la Cervo Dio ne venos.,5
"Se ni mortos eĉ ĝis la lasta, ni lasos la homoj respektegis.",5
"Se vi estas sinjoro de tiu arbaro, revigligi mian soldatoj mortigi la homojn.",5
Sed io ĝenas min...,5
"Sed ŝi ne timas de antikva leĝoj, aŭ de malbenoj.",5
Sed virinoj laboras la fuelle en ironworks?,5
"Sed resti kaŝita, aŭ li ne aperos.",5
Sed nun estas tempo por batali viroj.,5
"Sed mi timas, ke oni ne haltas tie.",5
Sed la sango de nia tribo same kreskas maldika.,5
Volante ĉiuj inter ĉielo kaj infero estas la homa kondiĉo.,5
Se vi estus venĝi vian tribo  Jen kelkaj kiuj serĉas vengxo por edzoj  Mortigita de lupoj.,5
Sed estas viaj juvelitaj ponardo!,5
Sed estas ankoraŭ iom peza.,5
"Ĝi rots mia karno, kaj alvoko mia morto!",5
"Se vi ĝuis la filmon .... esti danka, dankema .... kiel gesto de dankemo ...",5
Watch apude.,5
"Se vi ne estis tie, Milady  La lupoj estus havas ilin ĉiujn.",5
"Ŝi estas afabla, tio estas ĉio.",5
Were ekzistas lupoj kun la boars?,5
Segismundo!,5
Run!,5
Yakul kaj Mi punos vin.,5
Restu en viaj afiŝojn!,5
Respondo kiam Vi demandis aŭ Mi ekstermos vin en du!,5
Reload!,5
"Reiru, bonvolu...",5
Yakul la ne timu.,5
Reiru al viaj monto kaj mortigi ilin tie.,5
Reiru al la arbaro!,5
Refalis kaj inklinas al la vunditaj.,5
Refalis!,5
"Rapidu, Ashitaka!",5
Ŝi estas filino de nia tribo.,5
Ŝi estas homa!,5
"Quick, Milady!",5
"Yakul, ni iru!",5
Restu for de li.,5
Restu garde.,5
Restu plu!,5
"Riflemen, kunvenigu tie!",5
Rouge ankaŭ?,5
Ripozu.,5
"Rigardu, ŝi fiksis sian kimonon!",5
Rigardu tiun vizaĝon!,5
Rigardu tiun kruron!,5
"Rigardu mia tribo, Maŭra.",5
Riflemen al la stockade!,5
Ŝi estas dio.,5
Riding ruĝan Elk?,5
Reveni al la laboro!,5
"Restu, mi diris!",5
"Ĉiuj el vi, restu reen!",5
Restu sur via piedo.,5
Restu sur via gardisto!,5
Sed... sed...,5
"Sekura, sinjoro.",5
Tiam Sinjorino Eboshi venis kune kun ŝi kanonoj.,5
Sinjorino Eboshi estas estante uzita.,5
Ĉu ĝi doloras?,5
Vi ŝtelis la apro de arbaroj kaj faris monstro de li.,5
Staru dorso.,5
Ĉu ŝi sola?,5
"Sinjoro, ne!",5
"Sinjoro, kion...",5
Ĝi alvokas lin tie!,5
Sinjoro Okkoto... ĉu vi scias kiel mi povas levi la malbeno?,5
Ĝi devos ataki la vilaĝon!,5
Via malamiko ne estas la Cervo Dio!,5
Sinjoro Asano aroj ilin kontraŭ mi.,5
Ĝi devos desegni vian vivon en ĝin!,5
Via princino estas sekura!,5
Sinjorino Eboshi volas regi la mondon!,5
Sinjorino Eboshi predon ili.,5
Stop it!,5
"Vi volas, volo vi?",5
StudioGhiblidonacojn filmode MiyazakiHayao,5
Surskriboj Senlime - 2005,5
Thanks.,5
Tero!,5
Tenu vian pozicioj!,5
Tenu vian fajro...,5
"Temokanto""MononokeHime""TekstojdeMiyazakiHayao MuzikodeHISAISHIJoe",5
Telero ĝin!,5
Sur vian vojon!,5
Ĉu via dekstra mano volas mortigi min?,5
Vi volas fero?,5
Ĉu vi vidas tion?,5
Subite Mi ne scias kio okazas.,5
Ĉu vi volas?,5
Ĉu vi volas diri malrespekto al la tribo de Maŭra?,5
Ĉu vi ŝatas ĝin?,5
Sinjorino Eboshi la ironworks.,5
Sinjorino Eboshi TANAKA Yuko Jiko Kobayashi Kaoru,5
Voku ke ombraj faskon vi got kaŝita sub la klifo.,5
Via soldatoj ne revenos al vivo!,5
Sidu!,5
Sidiĝu tie.,5
Ĝi ne doloras!,5
Ĝi ne estas ordinara vundo!,5
Shut up!,5
Ĉiuj kiuj faros estas turni vin en ion alian!,5
"Ĝi povis kuraci tiuj homoj, kaj eble eĉ levi vian malbenon.",5
Ĝi prenas dek viroj malfermi tiun pordon!,5
Shut lin!,5
Voices,5
Sendu unu el viaj trackers!,5
"Ĝi rompas la ostojn de giganta apro, rotted sian korpon kaj faris lin monstro.",5
Sendi sendito!,5
"Sen timo de nia malsano  Ŝi lavis niajn putra karno, vendada nin...",5
"Sen la antikvaj dioj, la sovaĝaj aĵoj estas nura bestoj.",5
Vivo suferas.,5
Silento!,5
Ĝi mortigos monstroj kaj trapikas samurái armaĵo.,5
Ĝi estas tro malfrue!,5
Ĝi estas la formo de la malamo en mi!,5
Viaj okuloj...,5
Simioj!,5
Similas li elkondukis sian tutan tribo!,5
Ĝi estas peza.,5
Ĉiuj ni povis fari estis sidi tie kaj serĉi ilin.,5
Vidu kun okuloj unclouded.,5
Vivo kaj morto estas liaj doni kaj preni.,5
Vidu tie?,5
"Ĝi frakasis liajn ostojn, disŝiris sian internaĵoj...",5
"Silento, knabo!",5
Ĝi grieves ni ke demono venis el nia tribo.,5
"Virino, tiu estas pura oro!",5
Ĝi malaperis...,5
Saved danke al lupo!,5
'Eyes unclouded'?,5
Ne lasu iri!,5
Estas lupo ankoraŭ vivas ĉi tie!,5
"Hej, Koroku!",5
Haltigu lin!,5
"Ha, vi vidas tiujn homojn ankaŭ?",5
"Ha, tio estas bona!",5
Guns ne povas damagxi lin...,5
Gratulon.,5
Grandega apro-dio.,5
Grandega apro.,5
"Granda mond' restos kun mi plu, ĉiu tag', ĉiu ties hor'.",5
Granda Fratino!,5
Got lin!,5
Gonza...,5
"Go kaj ripozo, Traveler.",5
Get ŝi!,5
Get tiu viro!,5
Genia.,5
Gaj!,5
Formoj viajn vicojn!,5
Formoj kaj movi ekster!,5
"Hej, atendu!",5
Helpo la vundita!,5
Helpu min porti vian mastron.,5
Homoj detrui ilin.,5
"Ili diras la bestoj estas gigantoj, kiel estis en pasintaj epokoj.",5
Ili devos rabi vi en via dormo.,5
Ili devos porti sian sinjoron!,5
Ili atendas vin!,5
Ili atendas tagiĝo.,5
"Iam la fragua komencas bruli, ĉio estas finita.",5
Huh?,5
Homoj malbonodoros!,5
Homaj manoj devas redoni ĝin!,5
Helpu nin!,5
Hodiaŭ ni finos tiun!,5
"Ho, dio!",5
Ho furiozon dio nekonata al ni  Mi klinigxu antaux vi.,5
Ho bone... venu.,5
"Ho arbara dio kiu ne povas esti sen nomo, kial vi tumulto tiel?",5
Ho Dio!,5
Ho Cervo Dio...,5
"Hm, eleganta bovlo...",5
Forgesu ĝin.,5
Forgesu ĉi stinking grenejo!,5
Flint!,5
Estas nuliĝanta... tie!,5
Estas via rizo!,5
Estas tute certe.,5
Estas tre trankvila...,5
Estas tiel trankvila... kie estas la Kodama?,5
Estas strange.,5
Estas signo la arbaroj estas sana.,5
Estas probable preskaŭ tie nun.,5
Estas nun aŭ neniam.,5
Estas nenio.,5
Estas vojeto tra la rivero.,5
Estas nenia danĝero tie.,5
Estas multaj belaj viroj tie!,5
"Estas mi, poŝtisto Peĉkeno.",5
"Estas mi, ke brainless porko devus malbenita.",5
"Estas mi, Ashitaka!",5
Estas mi kiu devas danki vin.,5
Estas malsupren!,5
Estas malsaĝe kaptilo.,5
Estas vivo mem.,5
Estas ŝi!,5
Flamo eksplodojn el mia interno!,5
Estu zorgema.,5
Fino kie ŝi falas.,5
Fiasko.,5
Fermu up!,5
Feliks!,5
Farite.,5
Fantoci!,5
"Eĉ se ili kreskas dorso, ili ne estos la Cervo Dio arbaroj.",5
Eĉ dehakitaj la kapo ankoraŭ povas mordi.,5
Estu trankvila kiam mi skribas!,5
Esti certa pri tio.,5
Estu en paco!,5
Estu ankoraŭ!,5
EstroPlenumaProduktanto TOKUMA Yasuyoshi,5
Estro...,5
Estis terure...,5
Estis mi kiu mortigis Nago.,5
"Estis inundo, eble, aŭ superfortan.",5
Estis en la korpo de la giganto apro.,5
Ili estas dorso.,5
Ili estas fieraj raso.,5
Ili estas homoj!,5
"Jes, ni preni ripozon.",5
Kaj Sankta?,5
Kaj Ian MACDOUGALL,5
"Junulo, mi tro estas malbenita.",5
Juna sinjoro... do vi vivas...,5
Joĉjo!,5
"Journey tie, kaj vidu kun okuloj unclouded.",5
"Jes, sinjorino.",5
"Jes, panjo.",5
"Jes, Milady?",5
Kaj kiu faris la fero kiu aĉetis ke rizo?,5
Jen mia pruvo.,5
Jen li venas!,5
Jen letero de la Mikado  Permesante nin subigi la Cervo Dio!,5
Jen kiel vi mortigis dion.,5
Jen kie Eboshi estas!,5
Je Dio!,5
Jam malfruas.,5
"Iuj opinias Vi spionado por la samurái, aŭ la lupo princino.",5
Kaj en sxi.,5
Kaj la ironworks?,5
Iuj eskorto vi estas!,5
"Kaya, vi ne povas esti tie!",5
Kial vi estas tiel stulta?,5
Kial vi detenas min?,5
Kial li subite sentas tiel malpeza?,5
Kial li ne savos Nago?,5
Kial farus la tribo de la simioj  Volas manĝi homon?,5
Kial estas viro tie?,5
Kial estas homoj ĉi tie?,5
Kia fetoro!,5
Kaptu ilin!,5
Kaj mi?,5
Kantu!,5
Kanta!,5
Kamarado Bender!,5
Kaj tiru!,5
Kaj tie mi gardas mian lastan iom de forto por tiu virino...,5
"Kaj se ni ne ricevas tiun viron reen frue, ĝi estos tro malfrue.",5
"Kaj nun, maldolĉa destino...",5
Kaj nun?,5
"Iuj nun, iuj poste.",5
Iu venas el la arbaro!,5
Ili estas por la aliaj virinoj tie.,5
Ili ne estas el ĉi tiuj arbaroj.,5
Ili planas ion.,5
Ili pensis ke ni estus facila!,5
Ili pensis ke kaptos nin dum la viroj estis for!,5
Ili ne malutilos al vi.,5
Ili ne foriri!,5
"Ili ne estis multe, kiel monstroj iri.",5
Ili ne estas por mi.,5
Ili ne estas ordinara ĉasistoj.,5
Ili mastrojn de iuj aliaj monto.,5
Ili portas ŝipoj.,5
Ili jam revenis!,5
Ili faras mia haŭto rampi!,5
Ili fandi fero sablo en fero.,5
Ili estos mortigitaj!,5
Ili estas ĉiuj aŭskultas!,5
Ili estas ĉi tie!,5
Ili estas specialaj skoltoj.,5
"Ili estas post ni, Yakul!",5
Ili portas apro feloj kaŝi sian odoron!,5
Ili povas sin defendi.,5
Iu preni sxin!,5
Iom krizo kaj ili estas senutilaj!,5
Iu kiu povas aŭskulti.,5
Iu alporti Ashitaka.,5
Iru tra la marĉo kaj kaŝi proksime de la lago.,5
"Iru returne en la kaverno, knabo.",5
Iru kien vi volas.,5
Iru antaŭe!,5
Iru al la Deer Dio!,5
Ipolit Matvejeviĉ!,5
Iom juna...,5
Ili provas altiri la boars el la arbaroj.,5
Io malbona venas.,5
"Io La erara, Okkoto!",5
Interpretitade MERA Yoshikazu,5
Inter nordo kaj oriento.,5
Ili volas nin porti ilin al la Deer Dio!,5
Ili volas forlasi la ironworks!,5
Ili venu en gamo!,5
Ili tranĉis arbojn.,5
Estas malfacila laboro.,5
Estas la lageto.,5
Ne kaptu min tie!,5
Estas la fino!,5
Can ni sed sidi kaj atendi?,5
Calamidad trafis la landon de la okcidento.,5
Burning karno...,5
Bunch de cowherds!,5
Bonvole.,5
Bonvenon hejme!,5
Bona urbo havas feliĉan virinoj.,5
Bona ne esti.,5
Beware!,5
Bela arbaro...,5
Bedaŭrinde.,5
"Bear ni ne malamo, kaj paciĝu.",5
Be ankoraŭ!,5
Batalantaj?,5
Bastardos!,5
Baldaŭ la cikatron mortigos vin.,5
"Aŭskultu, Riflemen... tiu sinjoro portis via viro tutan vojon tien.",5
Aŭ tial mia maljuna instruisto kutimis diri.,5
"Aŭ de dioj, ĉu.",5
"Careful, ŝi estas vundita!",5
Certe li ne kredas ke la Cervo Dio kapo asignas senmortecon?,5
Cervo Dio rifuzas batali.,5
Cxu nenio farenda?,5
Cxu vi cxiuj pravas?,5
Cxu vi boars forgesis eĉ tio?,5
"Cxu vi auxdas min, Princino Mononoke?",5
Cxu vi antikvaj dioj de la arbaro de la Cervo Dio?,5
Cxu tio ne estu videbla!,5
Cxu tio ne estos agrabla!,5
Cxu ni mangxu lin?,5
Cxu ni bezonas ŝi?,5
Cxu moneroj vi volas?,5
Chew.,5
Cxu li ne gardanto de la arbaro?,5
Cxu la boars moviĝas ankoraŭ?,5
Cxu la Cervo Dio prenante vivo?,5
Cxu la Cervo Dio kapo ĉiuj Imperiestro vere volas?,5
Cxu homoj kaj la arbaro vivi kune en paco?,5
Cxu ekzistas mono-changer tie?,5
Cxu cxi tiu ne estas haltigebla?,5
Cxu cxi tion faru?,5
Aŝlin!,5
"Aĵoj nek besto, nek homo!",5
Avino!,5
A soldato!,5
Alportu al mi mian pafilon!,5
Alportu Oracle!,5
Almenaŭ agi kiam ekzistas danĝero!,5
Aliru en!,5
Akiru la kapo!,5
Abba!,5
"A veneno en li Pikite lin, putriĝo sian korpon  Desegnante malbonon dum li kuris, farante monstro de li.",5
A terura vidaĵo!,5
A monstron!,5
Alportu lin al mi poste.,5
"A kuraĝa homo, for oriente  Kiu uzis ŝtono arrowheads kaj rajdis ruĝa Elk...",5
A kaptilo?,5
A demono dio!,5
A demono!,5
A delikata arbo!,5
A  Kodama ?,5
"= =  angla Traduko de Stephen Alpert, MORIYOSHI Haruyo",5
'Nago'?,5
Alportu la skatolon!,5
Alvoku sxin!,5
"Avidaj, ne li.",5
Asano atendis ĝis ni forlasis!,5
"Auxskultu min, ho sovaĝaj montaj dioj...",5
Atendu ĉi tie.,5
Atendu tie.,5
Atendu iom pli longe.,5
Atendu ekstere.,5
"Ashitaka, vi restu tie kaj labori kun mi?",5
Ashitaka Matsuda Yoji Sankta Jisxei DONAS Yuriko,5
Asano la viroj venas!,5
Asano?,5
Amnestiita.,5
Arbaro ne revenas.,5
Arbaro mortos.,5
"Antaŭen, mia soldatoj!",5
Ankoraŭ vian koron!,5
Ankoraŭ vi koleris!,5
Ankaŭ estas la dio de morto.,5
An respondo!,5
An eksterulo...,5
Cxu vi ecx ne parolas nun?,5
Cxu vi intencas preni ŝin kun vi?,5
Cxu vi iros?,5
Ekzistas neniu povas paŝas.,5
"Elvenu, Cervo Dio!",5
El mia vojo!,5
El la vojo!,5
El la Suda Insulo?,5
Ekzistas tro da sango.,5
"Ekzistas rizo sur via vizaĝo, maljunulo.",5
Ekzistas pli kaj pli da ili!,5
Ekzistas neniu vundo!,5
"Ekzistas nenio oni povas fari, knabo.",5
Enantikvajtempojlalando kuŝiskovritaen arbaro  Kie de longe pasintaj epokoj loĝislaspiritojndeladioj.,5
Ekzistas kial ni sidis en tiuj stinking bearskins!,5
Ekzistas iras la tegmento...,5
Ekzistas estas ankoraŭ homoj enterigita.,5
Ekzistas centoj da ili.,5
Ekzistas ankoraŭ tempo.,5
"Ek, ek!",5
Ej!,5
Ege amuziĝu!,5
En la karno!,5
Enorde.,5
"Eboshi, Mastrino de la Ironworks, vi luktis bone!",5
Estas bela...,5
Estas kio mortigis lin.,5
Estas kaptilo!,5
Estas halti ilin!,5
Estas forta!,5
Estas finite.,5
Estas finita.,5
Estas demono interne vi.,5
Estas bona Vi estas dorso.,5
Estas ankoraŭ peza.,5
Enough diskuto de via malbeno!,5
Estas al Blunt nian senton de odoro.,5
Estas Okkoto!,5
Estas Maŭra!,5
Estas...,5
"Esperu, juna sinjoro!",5
Esperanto subtitoloj,5
Esas minoj sub ni  Kaj granatoj de supre.,5
Envenu.,5
"Eboshi, aŭskultu!",5
Eboshi la virinoj ne mankas kuraĝo.,5
Cxu vi komprenas?,5
Dankon al vi kaj la Cervo Dio.,5
Direktitade Hayao Miyazaki,5
Desperanto!,5
Dentsu kajStudioGhibli,5
Deklari vian negocon kaj Mi fordoni ilin.,5
De Ashitaka?,5
"Dankon, sed estas iu Mi devas renkonti.",5
Dankon pro gvidante min.,5
Dankon lin.,5
Cxu vivo malfacila tie?,5
"Do Vi estas kun ili, estas vi?",5
Cxu via brako doloras?,5
Cxu vi volas eĉ la Cervo Dio arbaro?,5
Cxu vi scias kiu ĉi papero estas el?,5
Cxu vi savu ŝin?,5
Cxu vi savu Sankta?,5
Cxu vi ne vidas lin?,5
"Cxu vi montras al ni la vojon, aŭ atingi nin perdita?",5
Cxu vi kredas gxin?,5
Diru Patrino estas la Cervo Dio la homoj volas!,5
Do ek.,5
Eble se vi estis virino...,5
Donu al mi vian bovlo.,5
"Dum ni vivas, ni sukcesis.",5
Donu ĝin nun?,5
Donu tion al Sankta.,5
Donu sxin al mi!,5
Donu dorson mia rizo!,5
Donu al ni viro kaj iru.,5
Donu al ni viro.,5
Donu al mi ĉi tion.,5
Donu al mi mian filinon!,5
"Do ili iras, por demandi lin por helpi... resti kun ili.",5
Donu al mi la manon!,5
Donu al mi la knabino!,5
Donu al li la fero.,5
Domaĝe.,5
"Do ĝi estas ""ne mortigas la Cervo Dio, mortigi la samurai,"" estas tio?",5
"Do mi malkovris, mi estas?",5
Do la apro fariĝis monstro...,5
"Do la Imperiestro diras, almenaŭ.",5
Kial vi ploras?,5
"Kiam la arbaro mortos, tiam ŝi.",5
"Kiam la suno venas supren, li devos malaperi.",5
"Kiam mi estis laste ĉi vojo, tie estis bela vilaĝo tie.",5
Mi montros al vi mian sekreton.,5
Mi mem.,5
Mi lasos ilin.,5
Mi kuracis!,5
Mi konsentas.,5
Mi iros.,5
Mi iras al li.,5
Mi havas mesaĝon por Lady Eboshi.,5
Mi havas favoro demandi vin.,5
Mi havas ankoraŭ vian pafarkon!,5
Mi foriros.,5
Mi forgesis.,5
Mi forbruligos!,5
Mi fartas bone.,5
Mi faris ĉion mi povas por la virinoj.,5
Mi estus restis kaj batalis se mi povus!,5
Mi estos liaj okuloj.,5
Mi estos dekstra dorso.,5
Mi estas varma!,5
Mi mortigis du virojn.,5
"Mi mortigos la unua kiu movas, kaj diri al la tuta arbaro kion vi estas!",5
Mi mortigos ŝin!,5
Mi ne scias... estis tonalto nigra kiam ili venis al ni.,5
Mi neniam vidis Elk kiel via.,5
Mi ne ŝatas la sonon de tiu...,5
Mi ne zorgas.,5
Mi ne volas mortigi vin...,5
Mi ne volas ke vi mortos.,5
Mi ne volas esti monstron!,5
Mi ne volas batali vin!,5
Mi ne timas morti se ĝi forpelos la homoj for!,5
"Mi ne scias, sed kune ni povas vivi.",5
Mi ne Privata al la pensoj de la Imperiestro.,5
Mi ne povas naĝi!,5
Mi ne povas flari kio ĝi estas.,5
Mi ne manĝos ĝin.,5
Mi ne kverelas.,5
Mi ne konas la Cervo Dio faris la floroj floras...,5
Mi ne certas.,5
Mi ne aŭskultos homoj!,5
Mi ne alvenas al kiu militas.,5
"Mi estas nur simpla pastro, sed mi dirus ĉi valoras tri sakojn da rizo!",5
Mi estas homa... kaj tiel estas vi.,5
Mi estas certa ke vi scias tion.,5
Lupo knabino ne zorgas.,5
Maŭra kapo... ĝi kopiis per sin!,5
Maŭra MIWA Akihiro Oracle Mori Mitsuko,5
Maŭra!,5
"Manĝu, mia knabo.",5
Mankas miskompreni tiuj dentegoj.,5
"Malproksima al la okcidento  Profunde en la montoj, estas la arbaro de la Cervo Dio.",5
Malfermu viajn pordegojn!,5
Lupoj!,5
Lupo knabino homaj.,5
Memoru min de tio.,5
"Look... a brainless, hinchadas vivo infaneton dio de morto.",5
Look sur ĉi!,5
Look kiu estas tie!,5
Look.,5
Live...,5
Lia ĉeesto malpurigas la fero.,5
Lia malbeno estos sur vi!,5
Lia kapo estas miaj!,5
Maŭra la jam prenis sxin venĝo.,5
Memoru viajn manierojn.,5
"Mi esperis vi ekkrios en via dormo, do mi povis mordi ekstere via kapo.",5
Mi certas multaj mortis.,5
Mi esperas.,5
Mi ekstermos viajn gorĝo!,5
Mi ekstermos ke brako for!,5
Mi donos la kapon malantaŭen.,5
Mi devus ne esti lasu ĝin okazi.,5
Mi devas suferi ĝis la malbeno detruas min.,5
Mi demandas ne pro la helpo de lupoj.,5
Mi certas ŝi faros belan edzinon.,5
Mi certas ke li faris.,5
Mercedes!,5
Mi bone scias vian koleron kaj via malĝojo.,5
"Mi bedaŭras, ke vi suferas.",5
Mi bedaŭras precipitarse vi.,5
Mi aŭskultas.,5
Mi auxdis de vi.,5
Mi alportos mesaĝon de mia sinjoro.,5
Mi Ashitaka!,5
Metu ĝin kaj kuri.,5
Mi pafis ke pafo.,5
Mi parolos al ŝi!,5
Mi pensas pri vi...,5
Montru al mi.,5
Multaj havas siajn okulojn en nia fero.,5
Movu supren!,5
Movu ilin.,5
Movu flanken!,5
Movu el profunda.,5
Montru vian dekstran brakon.,5
Montru al ni vian vizaĝon.,5
Montru al mi la vundo...,5
"Mononoke, la sovaĝa knabino kies animo la lupoj ŝtelis.",5
Multan dankon.,5
Missed!,5
Milady... ne malestimo la junulo forto.,5
Milady... kion vi opinias?,5
Milady prenis tiun monton de la boars!,5
Milady aĉetas la kontrakton de ĉiu bordelo knabino ŝi trovas!,5
Mikado?,5
Miaj kruroj estas tiel malforta!,5
"Mia ĝardeno, kie neniu kuraĝas veni.",5
Multaj homoj havis sian okulon sur ĉi loko.,5
Must ĝin mortigi nin ĉiujn al pacigxu?,5
Mia lasta sago estas rompita.,5
Ne estos en tia pikas!,5
Ne igi demono!,5
Ne hezitis dorso.,5
Ne haltu.,5
Ne haltigi!,5
Ne forgesu!,5
Ne fidu tiuj homoj!,5
Ne faru la malamo kreskas!,5
Ne falu malantaŭ la skoltoj.,5
Ne estas persono...,5
Nadinjo.,5
Ne estas multe nun!,5
Ne ekscitita!,5
"Ne diru, ke Milady.",5
Ne detrui nian vilaĝon!,5
Ne Go on.,5
Nago forkuris.,5
Nago estis bela kaj forta.,5
Nago akiris freneza.,5
Mia soldatoj revenis el la lando de la mortintoj!,5
"Mia kompatinda, malbela, bela filino...",5
Mi petegas!,5
Mi rezignas... ne povas gajni kontraŭ stultuloj!,5
Mi sentas kiel mi dormis dum tagoj.,5
Mi sendos Sakeo poste.,5
Mi scivolas se tiu junulo trovis Eboshi...,5
Mi sciis ke li volas iri...,5
Mi sciis ke kiam mi unue vidis vin.,5
Mi sciis!,5
"Mi scias tion, sed mi petegas vin ne mortigi tiun sinjorinon.",5
Mi rompos vian kolon!,5
"Mi restos, kaj kontempli mia morto.",5
Mi solvis kiam mi lasis mian sagon flugi.,5
Mi restos kun la Cervo Dio.,5
Mi rakontos Nago la fino.,5
Mi provis haltigi ĝin.,5
Mi protektos sxin.,5
Mi promesis Toki Mi revenigos vin.,5
Mi prizorgos de la homo.,5
Mi prenos la knabino!,5
Mi povas flari la ironworks...,5
Mi sidas aŭskultante ĝin kaj al la eriĝanta de mia korpo  Kaj atendu ke virino  Revado de la momento mi frapados la kapon miaj makzeloj.,5
Mi sonĝis Sankta paŝtis min.,5
"Mia edzo estas idioto, sed mi ĝojas ke estas sekura.",5
Mi volas danki lin.,5
"Mia danke al vi, juna.",5
Mia brako!,5
"Mi, kiel li  Porti en mi venenan homa ŝtono.",5
"Mi ŝatus vidi kie vi laboras, se vi ne gravas...",5
Mi ŝatus danki al la vojaĝanto.,5
"Mi ŝatas vin, sed mi ne povas pardoni kion homoj faris.",5
Mi ĵus pensante pri tio apro...,5
Mi volas helpi vin.,5
"Mi vivis sufiĉe longe, Sankta.",5
"Mi spuris ĝin al kie la samurái atakis la vilaĝon, sed...",5
Mi vidis kion vi faris antaŭe kontraŭ tiuj samurái.,5
Mi venis en mian propran du piedoj.,5
"Mi venis en cxi tiun landon demandi la Cervo Dio, por levi ĉi malbeno.",5
Mi venis de malproksime oriente!,5
Mi venigos helpo.,5
Mi tuj donos la kapon malantaŭen!,5
Mi timis eble mi estus farinta iun malbone.,5
Mi timas homojn pli ol arbaro dioj.,5
Lia fajro atingos eĉ tie.,5
Li volas mian fero.,5
Li vidis nin!,5
Konservu ŝia interno!,5
Kristina!,5
Koruku estas revenos el la mortintoj!,5
"Koroku, thanks!",5
Koroku la bovo-pelilo!,5
Koroku Nishi Mura Masahiko Gonza KAMIJYO Tsunehiko,5
Koroj kreskis forte tuta lando.,5
Korekte.,5
Konstruu la fajroj!,5
"Konservu ĝin kun vi, por gardi vin.",5
"Kun la arbaro foriris kaj la lupoj kun ĝi, tiu estos en landon de ricxeco.",5
"Konservu vian promeson al la Imperiestro, tiam Smash Asano.",5
Konservu viajn pulvoro seka!,5
"Konservu viajn oro kaŝita, mia knabo.",5
Konservu reen!,5
Konservu la bovoj kune!,5
Konservu iras!,5
Konservu funkcias!,5
Konservu for!,5
"Kun la Cervo Dio mortis, aĵojn fariĝos klara.",5
"Kun-svingu, skuu gambon",5
Komputila Tradukita,5
La Cervo kun ni estas Dio.,5
La bastardos!,5
La arbaro estas mortinta.,5
La arbaro estas grandega.,5
La arbaro de la Kara Dio?,5
La apro-spirito venis el for al la okcidento.,5
La Mikado.,5
La Kara Dio estas morta!,5
La Imperiestro.,5
"La Cervo Dio venigis vin reen al la vivo, do mi vin helpos.",5
Kune ni vivas.,5
La Cervo Dio venas post lia kapo!,5
La Cervo Dio savis lin?,5
La Cervo Dio prenos mian vivon.,5
La Cervo Dio ne povas morti.,5
"La Cervo Dio donas vivon, kaj prenas ĝin.",5
Kvar el vi falis...,5
Kvankam ekzistas vivo por vi kun tiu knabo...,5
Kuru en la lagon!,5
Konservu ankoraŭ.,5
"Kiyo, ne!",5
La boars estas kolektanta en la arbaro.,5
Kie vi falis ni levi montículo kaj realigi ritoj.,5
"Kiel volo mi, Kaya.",5
Kiel vi vidas nin!,5
Kiel vi tuj forpelos bovojn nun?,5
Kiel vi scias tion?,5
Kiel vi scias lian nomon?,5
Kiel nokto iĝas tagon li ŝanĝas formon.,5
"Kiel ni faros fera tie, la arbaro kreskas malforta.",5
Kiel estas Milady?,5
Kie estas via lando?,5
Kiel ŝatas homan pensi nur pri si!,5
Kie estas mia komputilo?,5
Kie estas la patrino?,5
Kie estas Oracle?,5
Kie estas Okkoto?,5
Kie estas Aminda?,5
"Kiam via forto revenas, la cikatron kreskos maltrankvila.",5
"Kiam sekva ni renkontas, mi devos mortigi vin.",5
"Kiam mi provis haltigi lin, mi restis kun ĉi cikatron: malbenon al morto.",5
Kiel ĝi aspektos?,5
Kien li iris... ni trovu lin,5
Kiuj estas tiuj?,5
Kio pruvo vi havas?,5
Kiu estis tiu?,5
"Kiu estas la viro en la kapuĉo, sinjoro?",5
Kion vi povas fari por sxi?,5
"Kion vi faras, knabo?",5
Kion vi faras tie?,5
Kion vi bezonas?,5
Kion mi faru nun?,5
Kion alian faris lin tiel?,5
Kio pri sia selo kaj mantelo?,5
Kies flanko estas li surmetu?,5
Kio pri kiuj falis?,5
Kio estas via nomo?,5
Kio estas tiu tuta bruo?,5
"Kio estas pli grava, la estro de la Cervo Dio aŭ la ironworks?",5
Kio estas la problemo?,5
"Kio estas erara, Sankta?",5
Kio bonaj estas ĉi papero?,5
Kill ŝi!,5
La boars akiris ilin ĉiujn.,5
La boars estos facile ol Maŭra kaj ŝia tribo.,5
"Li venas, Jiko.",5
Li devas esti mortita plena de malamo.,5
Li estas transirante la lago!,5
Li estas mia!,5
Li estas ekstere!,5
Li estas bela!,5
Li dirus neniam serĉi ŝin!,5
Li diras ion la erara.,5
Li diras al ni ke ni vivu.,5
Li devos simple utiligi vin.,5
"Li defendas la knabinoj, kaj la vilaĝo!",5
Li estas ĉi tie!,5
Li ankoraŭ marŝas...,5
Levigxu!,5
"Leave, antaŭ miaj dentegoj trovi vin.",5
Leave ĉi arbaro.,5
Lasu tie kiam la suno leviĝas.,5
Lasu sxin fari tion por ni.,5
Lasu min labori la fuelle.,5
Lasu lin dormi nun.,5
Li estas vundita!,5
Li estis en agonio.,5
Lasante ilin tie morti!,5
"Li rakontis al mi ĉion pri vi, vian vilaĝo, via arbaro...",5
Li venas tiamaniere!,5
Li tuj prenos min Eboshi.,5
Li timis morto...,5
Li spiris!,5
Li serĉas sian kapon.,5
"Li sanigis mia vundo, sed la cikatron restas.",5
Li rigardis vi la tutan tempon.,5
Li regis la arbaro ĉirkaŭ tie.,5
Li malaperis...,5
Li falas!,5
Li lasis.,5
Li kopiis ĝin!,5
Li komencas ŝanĝi!,5
Li kaj la knabino iras al la Deer Dio.,5
Li haltis...,5
Li faros kiel li ŝatas.,5
"Li fariĝis demono, kaj atakis nian vilaĝon.",5
Li faris por.,5
Lasu la Cervo Dio!,5
Lara!,5
"La boars scias estas kaptilo, sed ankoraŭ ili devos ŝarĝi.",5
La ironworks!,5
La leĝo malpermesas ke ni rigardas kiel vi iros.,5
"La lando teems kun la trilado de maldolĉa fantomoj  Mortintoj per milito, malsanaj aŭ malsato kaj falis kie ili staris...",5
La krio de la arbaro piedpremis sub per boars...,5
La knabino estas mia.,5
"La knabino estas Sankta, mia filino.",5
La kapo de movanta!,5
"La juneco, kiu estis unu tagon por konduki nin  Devas vojaĝi for al la okcidento.",5
La ironworks estas sub atako.,5
"La imperiestro premas, kaj vi sporto kun lando samurái...",5
La lupo-dio devus manĝis vin!,5
La homoj kiuj malobeis la arbaro ĵetis ŝin en mia pado kiel ili forkuris de mi.,5
La homoj estas ĉie.,5
La homoj estas kolektanta.,5
La fumo volo blinda Okkoto.,5
La fajro ne devas eliri!,5
La esploristoj metis nin el tie logi la boars in,5
La cikatron la kreskanta...,5
La cikatro estos seep en viajn ostojn kaj vi mortos.,5
La lupo?,5
La lupoj!,5
Lalastavivas estosankoraŭestienspezanteantaŭen.,5
La tribo de Maŭra luktas kun vi!,5
Laboro tie!,5
La ĉina aĵoj estas tro peza.,5
La water'll malrapidigos ĝin!,5
La viroj kaj Lady Eboshi venas de la alia flanko!,5
La viroj estas survoje reen!,5
La viroj!,5
La virinoj estas tenante la interna stockade.,5
La virinoj batalas reen!,5
La suno venas supren.,5
La malbeno falos sur vin.,5
La samurai atakas la ironworks!,5
La sablo sube estis prilaborita.,5
La riflemen estas kun ili.,5
La pordego ne povas esti malfermita sen permeso.,5
La pordegistoj estas morta!,5
"La oldulo, tro.",5
La nuna estas tro forta.,5
"La mondo estas malbenita, homoj, estas malbenita, sed ankoraŭ ni volas vivi...",5
Mi havis tiun revon... ora cervo...,5
