sentence,count
Si.,2489
Non.,1869
Grazas.,697
Ola.,586
Ben.,571
Que?,539
Por que?,479
Veña.,419
Está ben.,377
Vale.,301
Non sei.,296
Moi ben.,280
Adeus.,276
Claro.,262
Nada.,262
Vamos.,248
Por favor.,204
Síntoo.,204
Imos.,204
"Si, señor.",200
O que?,196
De acordo.,193
Merda!,189
Que pasa?,174
Eu?,173
Non o sei.,161
En serio?,157
Oh!,136
Por que non?,134
Adiante.,127
Seino.,126
Eh?,125
Como?,124
"Non, non.",121
Por suposto.,119
Quen é?,117
Para!,116
Boas noites.,114
Quen?,112
Bo día.,108
Mira.,104
Onde?,104
Cala!,101
Agarda.,100
Iso é.,99
De verdade?,98
Estás ben?,97
Que fas?,96
Mamá!,92
Cineclube de Compostela,92
Que é isto?,90
Silencio!,90
¡Ei!,86
Que foi?,85
Así é.,83
Aquí.,82
Xa.,81
Fóra!,81
Que é iso?,79
Bos días.,79
Non podo.,77
E?,76
Meu Deus!,75
Iso é todo.,74
Deus!,74
Señor?,74
Que pasou?,74
E ti?,73
Boa noite.,73
Toma.,73
Agora!,72
Sabes?,72
Perdón.,71
Papá!,71
Ves?,70
Que queres dicir?,69
Escoita.,69
Moitas grazas.,68
Entendo.,68
Vaia.,66
Onde vas?,66
Onde está?,66
Vaite!,65
Como estás?,65
É certo.,65
Desculpe.,65
Ven aquí.,64
Non te preocupes.,63
Que tal?,63
Certo.,62
Ti.,62
"Non, grazas.",62
Claro que si.,61
Que che pasa?,60
Seguro.,60
"Si, si.",59
É verdade.,59
Que queres?,59
É.,59
Eu tamén.,58
Exacto.,58
Nunca.,58
Estou ben.,57
Coidado!,56
Ah!,55
Que dis?,54
Para que?,53
Perdoa.,53
Estás tolo?,53
Abonda!,53
"Ah, si?",53
Entendes?,53
Gracias.,53
Non pasa nada.,52
Verdade?,52
Rápido!,52
Un momento.,51
Que é?,51
Entendido?,51
"Si, claro.",51
Senta.,50
Tony!,48
Axiña!,48
Non importa.,48
Como está?,47
NON Á SGAE!,47
Todo ben?,47
Espera.,46
Claro que non.,46
Pero...,46
Perfecto.,46
Como te chamas?,46
Alteza.,45
Xenial.,44
Aí está.,43
Vai.,43
"Non, señor.",43
Alto!,43
Saúde.,42
Son eu.,42
Déixao.,42
Xa vexo.,42
E que?,42
Amén.,41
Así.,41
Tes razón.,41
¡Fillo de puta!,40
Dime.,40
Non quero.,40
Ven.,40
Xa está.,40
Quen es?,39
Arriba!,39
Todo.,38
Hodor.,38
Déixame!,37
COMPARTIR NON É DELITO.,37
Sra.,37
Atención!,37
Correcto.,37
"Oh, si.",37
Que estás a facer?,37
Como se chama?,36
Canto?,36
Eu non.,36
Gústache?,35
"Non, non, non.",35
Fóra de aquí!,35
E vostede?,35
Entra.,35
Outra vez.,35
Que che parece?,35
Espere.,34
Por aquí.,34
Entón...,34
Excelente.,33
Síntoo moito.,33
Aínda non.,33
Que fas aquí?,33
Ok.,32
Cabrón.,32
Ata logo.,32
Parabéns.,32
De nada.,31
Estupendo.,31
Aquí está.,31
Que dixeches?,31
Pois...,31
Exactamente.,31
E logo?,31
De que?,31
Un camiño infernal,31
Que ocorre?,31
Sente.,30
Que ben!,30
Sí.,30
Vou.,30
Que dixo?,30
"Grazas, señor.",30
Onde estás?,30
Xa o sei.,30
Non é certo.,29
Cando?,29
E agora?,29
Diga?,29
E ben?,28
Non moito.,28
Estás seguro?,28
A Sra.,28
En absoluto.,28
"Si, señora.",28
Déixame ver.,28
Esperta!,28
Meu deus!,27
"Oh, non.",27
Obrigado.,27
Sabes que?,27
Non se preocupe.,27
Cala a boca!,27
Para nada.,27
Xa vou.,27
Teño que marchar.,27
Atopei aos rapaces na fronte da batalla,27
Subtítulos ao galego.,26
Dálle.,26
Axuda!,26
"Veña, veña!",26
Non entendo.,26
Boa sorte.,26
Érguete.,26
Porque...,26
Non te movas.,25
Que hora é?,25
Entende?,25
A quen?,25
Que fai?,25
Non o entendo.,25
Acabouse.,25
Marcho.,25
Paren!,25
Iso.,25
Imos aló.,24
Agora mesmo.,24
Chao.,24
Está tolo.,24
Ámote.,24
Estou preocupado,24
Xa sei.,24
Faino.,23
Srta.,23
Está claro.,23
Gústame.,23
Quérote.,23
Como vai?,23
Tranquilo.,23
Marcha.,23
Estou.,23
Eu tampouco.,23
Miña señora.,23
Boa tarde.,23
Non é nada.,23
Xa veremos.,23
Anda.,23
Cal?,23
Continúa!,22
Ven comigo.,22
Cólleo.,22
Estou aquí.,22
Abofé.,22
Non está mal.,22
Onde estabas?,22
Oes!,22
Está morto.,22
Non hai problema.,21
# Non pode evitalo A rapaza non pode evitalo #,21
Ai!,21
Imposible.,21
Ten razón.,21
Quen é vostede?,21
Fogo!,21
Acouga.,21
A ver.,21
Richie!,21
Encantado.,21
Fantástico.,21
Non pode ser.,21
Vén.,21
Incríbel.,20
O Rei no Norte!,20
Déixame en paz.,20
Dámo!,20
Non o fagas!,20
Non o creo.,20
Pode ser.,20
Non me importa.,20
Lembras?,20
Marabilloso.,20
Parade!,20
Non é así?,20
Oe!,20
Acto,20
Esquéceo.,20
Tranquila.,20
Onde estiveches?,20
Talvez.,19
Lisca!,19
Móvete!,19
Onde imos?,19
Maldita sexa!,19
Bo...,19
Fareino.,19
"Veña, imos.",19
Estás tola?,19
Óesme?,19
Que lle pasa?,19
Ben feito.,19
Hmm.,19
Que vas facer?,19
Vén aquí.,19
Aquí tes.,19
Voume.,19
Non creo.,19
Que significa iso?,19
Parvadas!,19
Cantos?,19
Iso espero.,18
De veras?,18
Non tal.,18
Ten.,18
Que sucede?,18
Non teñas medo.,18
Xesús!,18
Fala!,18
Viva!,18
Socorro!,18
Abre a porta.,18
Dimo.,18
Isto?,18
"Ben, ben.",18
Que quere?,18
Entre.,18
Onde vai?,18
Deica logo.,18
Que pensas?,18
Mira isto.,18
Manuela!,18
Mirade!,18
Como o sabes?,18
Nin idea.,18
Por aí.,18
Daquela?,18
CINECLUBE DE COMPOSTELA,18
Mírame.,18
Cambio.,18
Basta!,17
Pasa.,17
Tres.,17
Marchou.,17
Non é?,17
Solta.,17
Quen sabe?,17
Si señor.,17
Que quere dicir?,17
"Ben, grazas.",17
Alí.,17
Quen es ti?,17
Achégate.,17
"Si, por favor.",17
Que bonito.,17
Algo máis?,17
"Si, seino.",17
Un pouco.,17
Mire!,17
Ten coidado.,17
Seguro que si.,17
Teño fame.,17
Moito.,17
Como che vai?,17
É todo.,17
Desculpa.,17
Maldición.,17
É incríbel.,17
Sóltao!,17
Máis ou menos.,17
Bravo!,17
Onde están?,17
Que estás facendo?,17
Camaradas!,16
O quê?,16
"Si, son eu.",16
Ed!,16
Pai.,16
Como queiras.,16
El...,16
Eu si.,16
É meu.,16
Martin.,16
Se cadra.,16
Agarde.,16
Este non son eu!,16
Sempre estou namorado,16
Sen dúbida.,16
Quero.,16
Son.,16
De quen?,16
Bo traballo.,16
Que imos facer?,16
"Veña, vamos.",16
Podo?,16
Benvido.,16
Creo que si.,16
Despois.,16
Boas tardes.,16
Bruce!,16
Que fixeches?,16
Non me gusta.,16
Aí.,16
Feito.,15
Con quen?,15
Dacordo.,15
Teño frío.,15
Sóltame!,15
Idiota!,15
Non teño tempo.,15
Xa chega.,15
Arya!,15
Por que o fixeches?,15
É marabilloso.,15
A onde vas?,15
FIN,15
Iso está ben.,15
Quen foi?,15
Cálmate.,15
Sesta.,15
Nome?,15
Joffrey!,15
Calade!,15
Movédevos!,15
Non o sabía.,15
Vémonos.,15
Teño.,15
Boudu!,15
Achtung!,15
Ti tamén.,15
De que falas?,15
John.,15
Cal é o problema?,15
Perdoe.,15
Deica.,15
Jaraaf!,14
Teño medo.,14
É incrible.,14
Como é?,14
Quizais.,14
Acción!,14
Entendiches?,14
Téñoo!,14
Agarden.,14
Non é verdade.,14
Mmm.,14
É así?,14
Xa verás.,14
Pois si.,14
Toleaches?,14
Tome.,14
Colle.,14
Vamos pés!,14
Calma.,14
Mellor.,14
Mentes!,14
Que queres que faga?,14
É que...,14
E despois?,14
"Oh, Deus!",14
A modo.,14
Pare!,14
Canto custa?,14
Ninguén.,14
Tommy.,14
Que di?,14
Vaite de aquí!,14
Boa idea.,14
Algún problema?,14
Confía en min.,14
De onde es?,14
Rematou.,14
Porque non?,13
Segue.,13
Bueno...,13
Chamando a Barranca.,13
"Non, por favor.",13
Esquerda.,13
Quero dicir...,13
Detente!,13
A serio?,13
Que facedes?,13
"Non, nada.",13
"Non, está ben.",13
"Un, dous, tres.",13
Onde estou?,13
Viches?,13
Veña comigo.,13
Para xa!,13
Encantada.,13
Meu señor.,13
¿Que miras?,13
Que foi iso?,13
Que mágoa.,13
Mais...,13
Apura!,13
Todo o tempo.,13
Comprendes?,13
E por que?,13
Mestre!,13
Impórtache?,13
Pase.,13
Sip.,13
Sobre que?,13
Sorrí.,13
Capitán!,13
Xa o fixen.,13
"Si, meu señor.",13
"Si, grazas.",13
Quen son?,13
Fódete.,13
Jae-young.,13
Escoiten.,13
Escóitasme?,13
Agora non.,13
Onde vive?,13
Señorita?,13
Iso creo.,12
Non o podo crer.,12
Paréceche?,12
Máis rápido!,12
Phil!,12
Paréceme ben.,12
Perante o seu rei.,12
Imos ver.,12
Respira.,12
Mira sempre o lado bo da vida,12
Fillos de puta.,12
Que significa?,12
"Ooh-wee, nena",12
Non vou ir para fóra,12
Non chores.,12
Non si?,12
Perdóame.,12
Oíches?,12
Quen era?,12
Reláxate.,12
Ooh-wee,12
"Non ficará en pé, o home, perante o seu rei.",12
Non está aquí.,12
Señora.,12
Xa cho dixen.,12
Aquí ten.,12
Axúdame.,12
Comprendo.,12
Sempre.,12
¡Torro!,12
Atrás!,12
Vés?,12
Así foi.,12
Arre!,12
Dende logo.,12
Tío.,12
Desde logo.,12
A onde?,12
Amen.,12
Alégrome.,12
Durme.,12
É iso?,12
É estraño.,12
Abaixo!,12
Baixa.,12
Cóidate.,12
Tío Remus!,12
Cantos anos tes?,12
Sabe?,12
Velo?,12
"Un, dous...",12
Cabalo.,12
Brian!,12
Estás segura?,11
Sr. Presidente.,11
Case.,11
Dez.,11
Dillo!,11
Outra!,11
Dous.,11
Que pasa aquí?,11
"Si, xefe.",11
Young-gil.,11
COMPARTIR NON É DELITO NON Á SGAE!,11
Non fagas iso!,11
E iso?,11
Que significa isto?,11
É el.,11
Non é iso.,11
Que tes?,11
Detédevos!,11
Non tardarei.,11
Johnny!,11
Hei!,11
Potts?,11
Por suposto que non.,11
Pete!,11
Penso que si.,11
Cinco.,11
"Matar, matar, matar pola paz,",11
Coñécelo?,11
Marichka!,11
Asasinos!,11
Presente.,11
Teña.,11
Pffft!,11
Neddy!,11
Para min?,11
Listo?,11
Nin eu.,11
Unha vez máis.,11
Laurie!,11
É imposible.,11
Como foi?,11
"Si, pero...",11
Escóitame.,11
É moi importante.,11
Está aquí.,11
Oito.,11
Onde estamos?,11
Repite!,11
Estou de acordo.,11
Que é o que queres?,11
Seguinte!,11
Este.,11
Escoite.,11
Saúdo.,11
Queres?,11
En pé.,11
É tarde.,11
Non te entendo.,10
Así sexa.,10
Que che dean!,10
"Vale, vale.",10
Non me interesa.,10
Así é a vida.,10
Garda!,10
Bebe.,10
Algo así.,10
Esta noite.,10
Supoño que si.,10
Máis alto!,10
"Tocando versións de Kiss, fermosos e colocados",10
Se queres.,10
Móvanse!,10
Que fixen?,10
Karen!,10
Que está pasando?,10
Corre!,10
Lucy!,10
Waldeslust,10
Estamos ben.,10
Que facemos?,10
Non sei que facer.,10
Quieto.,10
Pénsao.,10
Es ti?,10
Xa abonda.,10
Prométocho.,10
Que máis?,10
Levanta!,10
Moi boa.,10
Bastardo.,10
¿Hai alguén?,10
Benvidos.,10
A que hora?,10
Cal é o teu nome?,10
Incrible!,10
E ti tamén.,10
"Está ben, está ben.",10
Saltade!,10
Salta.,10
Ningún.,10
Onde foi?,10
Afástate de min!,10
Nai.,10
O que hai de malo comigo?,10
"Non, aínda non.",10
E por que non?,10
Ve?,10
Nunca se sabe.,10
Hurra!,10
O que sexa.,10
Ás veces.,10
Bule.,10
¡Changa-Gua!,10
Dáme iso.,10
Iso mesmo.,10
Está.,10
Chegamos.,10
Que pasa contigo?,10
"E ámoa tanto, ou, si...",10
Non estou seguro.,10
Por nada.,10
Xúroo.,10
Egon!,10
Vai todo ben?,10
Torrance.,9
Correto.,9
Non o ves?,9
Non o é.,9
Mhysa!,9
Non está.,9
Mañá.,9
Todo está ben.,9
Canto é?,9
Que carallo foi iso?,9
Non estou segura.,9
Vámonos.,9
Nosferatu.,9
Seis.,9
Sae!,9
Non me digas.,9
Coido que si.,9
"Un, dous, tres, catro.",9
Un neno!,9
Estou seguro.,9
Un minuto.,9
Nada máis.,9
Un.,9
Moito mellor.,9
Non me lembro.,9
Recibido.,9
Catro.,9
Cathy!,9
No.,9
Por que dis iso?,9
Téñome que ir.,9
Non o fixen.,9
Aí tes.,9
Como te sentes?,9
Quero falar contigo.,9
Teño unha idea.,9
Finou,9
Iso é certo.,9
Sube.,9
Ai si?,9
A que te refires?,9
Ducuré.,9
Iso seguro.,9
Suki!,9
Supoño.,9
Ao chan!,9
"Ola, cariño.",9
Séntate.,9
É normal.,9
Só un.,9
"Non, non creo.",9
Amsatu.,9
Non teño cartos.,9
Sorte.,9
Déixame rematar.,9
Non teño medo.,9
E agora que?,9
E como?,9
"Si, é.",9
Agarda un minuto.,9
Que raro.,9
"Grazas, grazas.",9
Que sorpresa!,9
"Grazas, señora.",9
Non é culpa miña.,9
Abofé que si.,9
Onde está Sweetback?,9
"Ei, meu.",9
Hai alguén aí?,9
Escoitade.,9
Non está ben.,9
Non sei por que.,9
Atanasia!,9
Espera un momento.,9
Que está a pasar?,9
Deixa iso.,9
Que estás a facer aquí?,9
Teño que irme.,9
Ti que cres?,9
Parvo!,9
Marchas?,9
De onde?,9
Que fago?,9
Non podo crelo.,9
Ímonos.,8
É culpa miña.,8
Pasa algo?,8
Non teño nin idea.,8
É a verdade.,8
Onde está agora?,8
Véxoo.,8
O que é?,8
Acouguen.,8
Non ves?,8
Podo axudalo?,8
Non é preciso.,8
Así que...,8
"∫ Babilonia está a caer, está a caer, está a caer",8
Non podes.,8
Non o son.,8
Auxilio!,8
Podes.,8
"Non, claro que non.",8
Non o entendes.,8
É ridículo.,8
A quen lle importa?,8
Xa sabes.,8
Baleira.,8
Non sexas parva.,8
Bathily.,8
Non tanto.,8
∫ Babilonia está a caer para non volver levantar,8
A min tamén.,8
É precioso.,8
É noxento.,8
"Non, non, non, non.",8
"# Zipadiduda, zipadidá.",8
"# Listo, listo, Teddy, estou listo #",8
Andreu!,8
A min?,8
Bo rapaz.,8
Apresádeo!,8
Ostras!,8
Boa viaxe.,8
Pero que dis?,8
Aquí estou.,8
Non o sabes?,8
Aleluia!,8
Axudádeme!,8
É moi sinxelo.,8
Robb.,8
Que fixo?,8
Que tal estás?,8
"Si, si, si.",8
E logo que?,8
E eu?,8
Imposíbel.,8
Siga.,8
Que queres dicir con iso?,8
Dígoo en serio.,8
Soldado!,8
Déixeme!,8
Que podo facer?,8
Dubídoo.,8
Iván!,8
Sígame.,8
Diatu.,8
Só temos que coller as armas e sermos homes,8
Non digas iso.,8
Kahana vive,8
Deséxote!,8
LATEXO,8
Descúlpeme.,8
Desculpen.,8
Que fai aquí?,8
Tanto ten.,8
Que facemos aquí?,8
Que facemos agora?,8
"Lonxe da mente, lonxe da vista",8
Deixádeme!,8
E si...?,8
Que tes aí?,8
Luces fóra!,8
Que traballo?,8
Está seguro?,8
Salam alaikum.,8
Rhaego!,8
Estou segura.,8
Sen problema.,8
Firmes!,8
O gabinete do Dr. Caligari,8
Quen é ese?,8
Quen é ela?,8
Shhh.,8
Quen o di?,8
Quen matou a Sloan?,8
Fágano calar!,8
"Si, Milady.",8
"Si, ben.",8
Enténdoo.,8
"Si, eu tamén.",8
Enténdelo?,8
Quen anda aí?,8
"Si, iso é.",8
"Si, moi ben.",8
"Si, por suposto.",8
En que pensas?,8
Que é o que fas?,8
En marcha!,8
Embusteiro!,8
Hail Hydra!,8
Tes medo?,8
# Cando escoito a serea #,8
Párao!,8
Non che sei.,8
Non che gusta?,8
Policía!,8
Morreu.,8
Vai ao carallo!,8
Meu ben,8
Con permiso.,8
Ned!,8
Trent!,8
Unha.,8
Como se chamaba?,8
Que acontece?,8
"Por favor, non.",8
Un segundo.,8
Un regalo para os Deuses.,8
Por que o dis?,8
Primavera!,8
Moi rapidamente,8
Coido que non.,8
Como era?,8
Mentira!,8
Coroa de ouro no campo de batalla,8
Toda a noite.,8
Creo que non.,8
Carallo!,8
Tes un cigarro?,8
Que cousa?,8
De que estás a falar?,8
De onde é?,8
Mary!,8
Que din?,8
Daisy?,8
Que che pasou?,8
"Si, Alteza.",7
"Vamos, correde!",7
É urxente.,7
"Si, así é.",7
"Ola, papá.",7
Pois non.,7
SR.,7
Un pracer.,7
Peter!,7
É o mesmo.,7
"Oh, veña.",7
Quieta!,7
"Oh, o salvaxe Tchoupitoulas vai patear algúns cus",7
"Oh, meu Deus!",7
É perfecto.,7
Polos amigos ausentes.,7
Sanne!,7
Podo axudarlle?,7
O que é iso?,7
Quéreme.,7
Sei.,7
OK.,7
Por que tardaches tanto?,7
Que está a facer?,7
Tío Tom!,7
Que é todo isto?,7
Sr. Stark.,7
Subtítulo traducido por: pippilangstrum para Os Arquivos da Meiga,7
Ostia.,7
Que me dis?,7
Sálvate!,7
Pecha a porta.,7
Vámonos de aquí.,7
Todo o mundo o sabe.,7
Que hai?,7
Que che dixo?,7
Que che ocorre?,7
Que debo facer?,7
Ti cres?,7
Wassa!,7
Víchelo?,7
Todo vai ir ben.,7
Traballo.,7
Sigamos.,7
Viva a Comuna!,7
Que é o que pasa?,7
Vide.,7
É imposíbel.,7
Probablemente.,7
Para quen?,7
Tres minutos.,7
Que temos aquí?,7
Trato?,7
Voa coma unha bolboreta!,7
É importante.,7
Perdoade.,7
É curioso.,7
Que quería?,7
Volve!,7
Pola noite.,7
Non necesariamente.,7
Curioso.,7
Boas.,7
Maria_mc,7
# Chorei un río sobre ti #,7
Como di?,7
Ese non é o problema.,7
Esquecino.,7
Maldito sucio negro!,7
Canto tempo?,7
Está alí.,7
Non podo facelo.,7
Cantas?,7
Cales?,7
Lémbroo.,7
"Bo día, señora.",7
Es feliz?,7
Non se mova.,7
Durmiches ben?,7
Non sexas parvo.,7
Bianca!,7
Lord Baelish.,7
Benvida.,7
Listos?,7
Estás casado?,7
Estás de broma?,7
Liberdade para Huey!,7
Non ten sentido.,7
Estás lista?,7
Escoitas?,7
Era broma.,7
Estás listo?,7
Nadezhda Stepanovna.,7
Dáme a man.,7
Moi bonito.,7
Detéñase!,7
Mord!,7
Dáme igual.,7
"Moi ben, señor.",7
Mágoa.,7
Demasiado.,7
Déixame ir.,7
Deixarasme levarte de cruceiro?,7
Día!,7
Mírao!,7
E isto?,7
Era.,7
Ningunha.,7
Creme.,7
Corta!,7
Non exactamente.,7
Encántame.,7
Non fun eu.,7
Conta.,7
Non hai de que.,7
Mi madriña.,7
Non hai nada que facer.,7
Non hai ninguén.,7
Como é iso?,7
Axeónllate.,7
"Bo día, señor.",7
Dá a volta.,7
Iso non é certo.,7
A min gústame.,7
"Ai, si?",7
"Ah, ben.",7
Gústasme.,7
Gustouche?,7
A verdade é que non.,7
Fixéchelo?,7
"Grazas, Alteza.",7
Foise.,7
"Non, señora.",7
Aah!,7
Agora que?,7
Golpea coma unha avéspora!,7
"Non, non o sei.",7
Fuches ti.,7
Gardas!,7
"Agarda, agarda.",7
Agarda un intre.,7
Alto o fogo!,7
Ah si?,7
Non é xusto.,7
O Can.,7
Hostia!,7
Non é o mesmo.,7
Nove.,7
"Non, estou ben.",7
Farémolo.,7
Kahana,7
"Alá é grande, Alá é grande!",7
Que son?,6
Hoxe non.,6
Entendeu?,6
Déixame a min.,6
Gil...,6
Hotel...,6
Encantaríame.,6
Encantado de coñecerte.,6
Hoxe?,6
Socialdemócrata.,6
Que ten de malo?,6
Heimdall!,6
Déixao en paz.,6
"Si, prométocho.",6
En fin...,6
Ela namorouse do batería,6
Gústalle?,6
Déixao xa.,6
E cal é?,6
Hai alguén aquí?,6
Soa ben.,6
Quen está aí?,6
Handa Wanda a túa nai,6
Díxencho.,6
Geoff.,6
Estás sangrando.,6
Enténdeme?,6
Quietos!,6
Está decidido.,6
Está mellor.,6
Faimo saber,6
Sabíao.,6
Sabíalo?,6
Quéroo.,6
Fagámolo.,6
Facede o voso traballo!,6
Sabes o que quero dicir?,6
Repito.,6
"Eu sei, eu sei.",6
Rexeitada!,6
Rexeitado.,6
Estás de coña?,6
Réndete Corisco!,6
Está bo.,6
Feliz Aninovo!,6
"Si, eu sei.",6
Estou tentando romperche o corazón,6
Franz!,6
Si que o é.,6
Eu sei onde vou estar esta noite,6
Foxtrot...,6
Sheila!,6
Queres bailar?,6
Sete.,6
Senta aquí.,6
Esta é a voz da Revolución Palestina.,6
Filla de puta!,6
Estará ben.,6
Estou cansa.,6
Estou dacordo.,6
Estou listo.,6
Estou tan,6
Si ou non?,6
O mar,6
Subtítulos ao galego Cineclube de Compostela,6
Atende.,6
Yankee...,6
Algo?,6
Alédome de verte.,6
Xa o dixen.,6
Xa está ben!,6
Ao contrario.,6
Aparta.,6
Winnipeg.,6
Aquí estás.,6
"Atención, atención!",6
Vén comigo.,6
non?,6
Até logo.,6
Até mañá.,6
Vémonos logo.,6
"Axuntémonos todos, é a loita final",6
Vostede tamén.,6
Vostede non?,6
Vostede?,6
Volverei.,6
Aí estás.,6
"Ben, eh...",6
Yoshiko.,6
Á esquerda.,6
"Veña, axiña!",6
É moi bo.,6
∫ Cos címbalos marcándome o ritmo,6
# Don Paxaro Azul no meu ombreiro.,6
# Le Blicoti,6
# Máis e máis fe nel.,6
É vostede feliz?,6
É unha pena.,6
É un pracer.,6
A Srta.,6
É posíbel.,6
É perigoso.,6
A traballar.,6
Agora volvo.,6
É interesante.,6
"Adeus, señor.",6
"Adiante, Tex.",6
É ela.,6
Adiviña.,6
Agarde un momento.,6
É aquí.,6
É absurdo.,6
É a hora.,6
Agora sei que foi un erro,6
"Ben, eu...",6
Black!,6
Do que está a falar?,6
De onde o sacaches?,6
Con que?,6
Confío en ti.,6
Congreso do Partido!,6
Continúe.,6
Contra.,6
Contra o ollo,6
Tiñas razón.,6
Ibrahima.,6
Ti non.,6
De ningunha maneira.,6
De que se trata?,6
Como te atreves?,6
Teña coidado.,6
Debería.,6
Tes sono?,6
Tes cartos?,6
Tensade!,6
Ten medo?,6
Depende.,6
"Desculpe, señor.",6
Despois de ti.,6
Dispara.,6
Comprende?,6
Como que non?,6
Bo Nadal.,6
Chamando ao vixía.,6
Bruxa!,6
Cabaleiros.,6
"Vamos, vamos!",6
Cal é?,6
Vaites!,6
Caralludo!,6
Vail.,6
Cargade!,6
Vai á merda!,6
Vai ben.,6
Un... dous!,6
Como que?,6
Chegas tarde.,6
¡Chico!,6
Cinco minutos.,6
Collédeo!,6
Comandante!,6
Como dis?,6
Como estades?,6
Téñote a ti e é todo o que preciso,6
Téñote a ti,6
Como o sabe?,6
IES Aquis Celenis Caldas de Reis,6
"∫ Eu, peregrino, esperei",6
Por que estás aquí?,6
Máis forte.,6
"Non, meu señor.",6
Próbao.,6
Ola a todos.,6
Pepper.,6
Liberdade!,6
Punto.,6
Kaspar!,6
Por que non mo dixeches?,6
"Non, non está ben",6
Mátao.,6
"Non, non o creo.",6
"Non, non o farei.",6
Jo!,6
Puta!,6
Non teño fame.,6
"¡Jae-young, non o fagas!",6
Por que eu?,6
"Non, non podo.",6
Non queres?,6
Que lle dixeches?,6
Mercenario.,6
"Ola, mamá.",6
Medio home!,6
Non o lembro.,6
Non pares.,6
"Non, Alteza.",6
Marchamos.,6
Paréceche ben?,6
Porque si.,6
Onde estaba?,6
Moi bo.,6
Non podes durmir?,6
Marchen.,6
Pasaxeiros ao tren!,6
"¿Que dixeches, Jim?",6
Que dixen?,6
Madia leva.,6
Mackie!,6
Moito gusto.,6
Por suposto que si.,6
Pasen e vexan!,6
Non vexo nada.,6
Mozo!,6
Matareite!,6
Non vaias!,6
"Non, iso non.",6
Iso é bo.,6
Onde está papá?,6
Que carallo?,6
Intentareino.,6
Que aconteceu?,6
Obxección!,6
Pero por que?,6
Non te arrepintas tanto do que fixeches,6
Polo amor de Deus!,6
Ouh!,6
Que quere dicir con iso?,6
Non te asustes.,6
O tempo corre.,6
Non estou.,6
Irmáns!,6
Pódesme axudar?,6
Normal.,6
Pois claro.,6
Pode que tivese un Leroy.,6
Que queres que che diga?,6
Non hai nada.,6
Imbécil!,6
O Castelo Vogelöd.,6
O noso pai vive.,6
Irmán!,6
Non me cres?,6
"Non, pero...",6
Os catro.,6
"Non, non quero.",6
"Moi ben, grazas.",6
"Non, nunca.",6
Que máis ten?,6
Que sei eu?,6
Non o farei.,6
Iso non importa.,6
Naturalmente.,6
Iso cres?,6
Non teño.,6
Iso non está ben.,6
"Non, obrigado.",6
Mi-young!,6
Iso din.,6
Mike.,6
Que alegría!,6
"Veña, cariño.",5
Non quero nada.,5
Ves isto?,5
Cabróns!,5
Veña aquí.,5
Non quero xogar.,5
Vexamos.,5
Veñan!,5
Non sabes?,5
Outro.,5
Veña xa.,5
"Veña, dimo.",5
Non señor.,5
Non se moleste.,5
Ves iso?,5
Para vostede.,5
"Non se preocupe, señor.",5
Non sei onde está Sweetback.,5
"Ben, si.",5
Non sempre.,5
Igualmente.,5
Pecha os ollos.,5
Non que eu saiba.,5
Pero eu...,5
Coma sempre.,5
Coma ti.,5
Un milagre!,5
Un intre.,5
Como che foi?,5
Non o esquezas.,5
Non me sorprende.,5
Como o fixeches?,5
Non me deixes.,5
Pero non podo recordalo.,5
Vamos pernas!,5
Trinta e cinco.,5
Non marches.,5
Como te sintes?,5
Non lembro.,5
Traore.,5
Non hai tempo.,5
Con moito gusto.,5
Traidor!,5
Concordo.,5
Non o quero.,5
Un pouco máis.,5
Colle isto.,5
Un que?,5
Candy!,5
Non podo facer nada.,5
Cantas veces?,5
Non podo evitalo.,5
Non podo axudarte.,5
Vaiamos á praia,5
Non podemos facer nada.,5
Cariño!,5
Vai frío.,5
Cascos.,5
Cersei.,5
Unha visita!,5
Certamente.,5
Unha vez.,5
Bastante.,5
Non o vin.,5
Chettie...,5
Non o sabemos.,5
"Claro, claro.",5
Non te preocupes por iso.,5
Non todos.,5
Vinganza,5
"Non, non o é.",5
É miña.,5
A verdade.,5
É inútil.,5
"Oh, cariño.",5
"Oh, grazas.",5
Abre!,5
Abre a boca.,5
Absolutamente.,5
É horríbel.,5
É horrible.,5
É divertido.,5
Á carga!,5
É distinto.,5
Agarda un momento.,5
"Non, non está.",5
É bonito.,5
"Non, miña señora.",5
"Ola, Geoff.",5
"Ola, amor.",5
"Ola, ola.",5
Agradézocho.,5
Ámasme?,5
Ogallá Lenine puidese mirar o noso país agora!,5
É moi difícil.,5
A que esperas?,5
A que agardas?,5
Nós?,5
# Leva a chama ao teu interior Arde e arde #,5
Nunca o vin.,5
# Tres rochas Catro rochas #,5
"É, si.",5
# Unha rocha Dúas rochas #,5
# Venme esa tristeza #,5
É unha mágoa.,5
O último.,5
É un bo traballo.,5
A Montaña.,5
"Non, síntoo.",5
É só iso.,5
É sinxelo.,5
A beber!,5
A guerra rematou.,5
É preciosa.,5
A min non.,5
A miña nai.,5
A policía!,5
A que?,5
Á dereita!,5
o xénero humano forma a Internacional.,5
Vino.,5
Avoa!,5
Walt!,5
Non vou.,5
"Aquí, micho, michiño, gato, gatiño.",5
Non vos preocupedes.,5
Onde o coñeciches?,5
Vén acó.,5
Conseguino!,5
Vémonos mañá.,5
Non teño nada que dicir.,5
Avante!,5
Onte.,5
"Ola, querida.",5
Voucho dicir.,5
Vou á casa a nado.,5
Vou para a casa.,5
Aí están.,5
Non ten importancia.,5
Non temos.,5
Aínda nada.,5
Aínda non o sei.,5
Babakar!,5
Vinte.,5
Aquí estamos.,5
Onde están todos?,5
XA ESTÁ AQUÍ!,5
XENOCIDIO,5
Zhang Jun!,5
Agradézollo.,5
"Ola, señor.",5
Olda!,5
Agradézollo moito.,5
Xusto.,5
Aguanta!,5
Olla.,5
Olle.,5
"Ah, vale.",5
"Non, eu non.",5
Onde andabas?,5
Alguén máis?,5
"Non, en absoluto.",5
"Non, creo que non.",5
"Non, agora non.",5
Xa non.,5
Ama!,5
Amodo.,5
Andando!,5
Non é posible.,5
Podes facer o que queiras.,5
Teño présa.,5
Tome asento.,5
Richard.,5
Magnífico!,5
Estou traballando.,5
Satanás!,5
Santo ceo!,5
Está aí.,5
Sangue do meu sangue.,5
"Está ben, grazas.",5
Léveno!,5
Lume.,5
Que estás a mirar?,5
Lu!,5
Lord Comandante.,5
Sabémolo.,5
Sabes que si.,5
Está todo ben.,5
Logo.,5
Sabes a que me refiro?,5
Lista?,5
Lisquemos.,5
SUBTÍTULOS AO GALEGO CINECLUBE DE COMPOSTELA,5
Que fan?,5
Que fan aquí?,5
Rogers.,5
Estou canso.,5
Maldito sexas!,5
Estiven pensando.,5
Será un pracer.,5
Matei á túa nai.,5
Que che parece iso?,5
Si e non.,5
Esa é a verdade.,5
Maricóns!,5
Que cousas?,5
Esnaquizádea!,5
Espada!,5
Marchemos.,5
Espero que non.,5
"Sente, por favor.",5
Sei que si.,5
Que desexa?,5
Sentade!,5
Marche.,5
Esta.,5
Esta tarde.,5
O mesmo digo.,5
Estamos todos.,5
Estarei ben.,5
"Seino, seino.",5
Que divertido.,5
Lee Ran!,5
Que fixeches hoxe?,5
Non hai.,5
Que fixestes?,5
Gen...,5
Quen cho dixo?,5
Que poida polo menos vingar un dos meus dous ollos,5
Graciñas.,5
Que problema tes?,5
"Grazas, Carson.",5
Irmá!,5
Inténtao.,5
Que queren?,5
Interesante.,5
Que vergoña!,5
Hans!,5
Que vai ser?,5
Que teño que facer?,5
Hola.,5
Homo!,5
Inspira.,5
Que ten?,5
Que queres facer?,5
Howard.,5
Impórtalle?,5
Ilyn Payne.,5
Que sabes?,5
Funcionou.,5
Iso foi todo.,5
Quen o dixo?,5
Felicidades.,5
Jon!,5
Retrocedede!,5
Joe.,5
Eu tamén o creo.,5
Jeannie...,5
Fai o que che digo.,5
Fai o que queiras.,5
Iso é verdade.,5
Iso é imposíbel.,5
Quita a roupa.,5
Que me pasou?,5
Quen o matou?,5
Quero sabelo.,5
Iso xa o sei.,5
Fixeches ben.,5
Iso que é?,5
Fixémonos amigos.,5
Foi hai moito tempo.,5
Foi un accidente.,5
Que ocorreu?,5
Quen sodes?,5
Froita e verdura fresca!,5
Es...,5
Que che fixeron?,5
Entón que?,5
"Si, cariño.",5
Debo marchar.,5
Por que fas isto?,5
Tes fame?,5
Tenente!,5
Deixádeme en paz!,5
Máis tarde.,5
Ten fillos?,5
Ten conta!,5
Demasiado tarde.,5
Temos que ir.,5
Taxi!,5
Máis?,5
Tamén eu.,5
Tamén.,5
Sólteme!,5
Desde cando?,5
Deu a súa vida polo sindicato na Marcha da Fame da Ford. 1932.,5
Só iso.,5
Só...,5
"Síntoo moito, señor.",5
Didde?,5
Dilo en serio?,5
Dimo ti.,5
De todo.,5
Na casa.,5
Nada de nada.,5
Cóidese.,5
Contento?,5
Non foi nada.,5
Todo vai saír ben.,5
Non fai falla.,5
Corto.,5
Covarde.,5
Coñezo.,5
Coñéceo?,5
Non a digas.,5
Ninguén o sabe.,5
Por?,5
Teño algo para ti.,5
Cóntame.,5
"Daquela, creme, meu amigo, este silencio ha rematar",5
"De acordo, de acordo.",5
Teño sede.,5
Teño que pensalo.,5
De certo.,5
Teño que falar contigo.,5
De ningún xeito.,5
De novo.,5
Nadya.,5
Dio!,5
Porquê?,5
Sábelo?,5
"Si, querida.",5
E este?,5
"Si, xa vexo.",5
"Si, xa sei.",5
"Si, todo ben.",5
"Si, supoño que si.",5
E que máis?,5
E ti quen es?,5
Efectivamente.,5
Moi amable.,5
Miña nai!,5
"Si, papá.",5
"Si, é certo.",5
Encárgome eu.,5
Entendedes?,5
"Si, mamá.",5
Entrade!,5
"Si, exacto.",5
Que che dixen?,5
"Si, está ben.",5
"Si, estou.",5
"Si, estamos ben.",5
Enténdesme?,5
E ese?,5
Pódelo crer?,5
Doe?,5
Déixamo a min.,5
Dos rinocerontes?,5
Doutor.,5
Moitas gracias.,5
Pregunte ao meu axente.,5
Preparado?,5
Dáma.,5
Dáme.,5
Moi gracioso.,5
Prométoo.,5
Pronto.,5
Son un viaxeiro.,5
E a ti?,5
Déixanos.,5
Son Kidlat Tahimik.,5
Soltade!,5
Déixeo.,5
"Moi ben, meu.",5
Pásao.,5
Smith.,5
Díxenllo.,5
Sinto chegar tarde.,5
Dúas veces.,5
Estamos.,5
