sentence,count
Иә.,54
Жоқ.,49
Не?,22
Жақсы.,19
Рахмет.,17
Сәлем.,13
Жарайды.,12
Кешіріңіз.,10
Әке!,10
Хаку!,10
Апа!,10
А?,9
Өтінемін.,9
Білмеймін.,8
Сэн!,8
Бұл не?,8
Неге?,7
Солай ма?,7
Уганда.,7
Хаку мырза!,7
Қайда?,7
Әй!,6
Бәрі жақсы.,6
Тарт!,6
КеШіріңіз.,6
Бо!,6
Қайырлы таң.,6
Қорықпа.,6
Әрине.,5
Мен жақсымын.,5
Шын ба?,5
Доктор Гариган.,5
Осында.,5
