sentence,count
Jā.,8908
Nē.,5928
Labi.,5694
Paldies.,2538
Ko?,2420
Aiziet!,1323
Tiešām?,1206
Lūdzu.,933
Protams.,894
Lieliski.,797
Ejam.,731
Es nezinu.,724
Velns!,720
Pagaidi.,706
Piedod.,692
Kāpēc?,673
Atvainojiet.,667
Viss kārtībā.,646
Skaidrs.,614
Kas?,605
Sveiki.,594
Sveiks.,593
Ko tu dari?,572
Ei!,570
Es zinu.,560
Kas ir?,514
Tieši tā.,513
Nāc.,497
Nezinu.,478
"Nē, nē.",446
Es...,439
Kas tas ir?,433
Ātrāk!,420
Sveika.,417
Oho.,387
Kas notiek?,374
Hallo?,366
Ak dievs.,363
Nu...,355
Kas noticis?,353
Nekas.,349
Ak kungs.,346
Atvaino.,340
Pareizi.,340
"Nē, nē, nē.",340
Atā.,336
Nolādēts!,331
Sasodīts!,327
Ak Dievs!,307
Sapratu.,286
Tā.,282
Izbeidz!,270
Pagaidiet.,267
Hei!,262
Beidz.,257
"Jā, ser.",252
Kas tas?,251
Kas notika?,251
Zinu.,243
Palīgā!,242
Aizveries!,240
Piedodiet.,235
Ej.,235
Jēziņ.,234
"Ak, Dievs.",230
Jauki.,229
Viss ir labi.,228
Nevajag.,225
Skaties.,224
Uz priekšu!,224
Tēti!,221
Tu.,219
Kā?,211
Nu taču!,204
Nāc šurp.,204
Čau.,201
Ja?,200
Tagad!,198
Labrīt.,196
Redzi?,194
"Ak, mans Dievs.",194
Par ko tu runā?,190
Liels paldies.,189
Gatavs?,189
Tēt!,189
"Labi, labi.",188
Es nevaru.,187
Harij!,182
Nomierinies.,182
Ko tas nozīmē?,181
Un?,179
Kādēļ?,176
Vai ne?,176
Ātri!,176
Tā ir.,173
"Jā, protams.",169
Šeit.,168
Kas tu esi?,166
Uzmanīgi.,165
Paskaties.,164
Ser.,164
Neko.,162
Man žēl.,162
Kur?,162
Varbūt.,160
"Jā, jā.",160
Ļoti labi.,158
Es tevi mīlu.,156
Nīl!,155
Nopietni?,151
Forši.,148
"Ak, nē.",145
Mamma!,145
Atpakaļ!,142
Neuztraucies.,142
Džek!,141
Viss būs labi.,140
Ak!,140
Nav par ko.,140
Es arī.,140
Tev taisnība.,139
Apsveicu.,138
Ak tā?,138
Saproti?,138
Šurp!,137
Tas nekas.,136
Kas tur ir?,135
Man jāiet.,134
Neticami.,133
Ņem.,132
Pīter.,131
Turies!,131
Kur tu esi?,130
Nevar būt.,129
Paklausies.,129
Pietiek!,128
Stāt!,127
"Nē, paldies.",127
Ko tu te dari?,126
Sarunāts.,126
Malacis.,124
Es mīlu tevi.,123
Es nesaprotu.,123
Kā iet?,123
Klausies.,120
Es saprotu.,119
Labdien.,117
Ak vai.,116
Uzmanies!,116
Skatieties.,115
Par ko?,113
Pie velna!,113
Patiešām?,113
Man ļoti žēl.,113
Tur.,111
Viss.,110
Nekusties.,110
Nekad.,110
Ej prom.,109
Kas tas bija?,109
Paga.,108
Ak nē.,108
Un tu?,108
Kā tevi sauc?,108
Celies!,107
Klausos.,106
Tu joko?,106
Tev viss kārtībā?,106
Kā klājas?,106
"Aiziet, aiziet!",105
Kāpēc ne?,104
Uguni!,104
Noteikti.,103
Viss labi?,103
Braucam.,103
Klusu!,102
Jēzus.,102
"Ak, jā.",102
Ejiet!,101
Zini ko?,100
Tātad...,100
Iesim.,99
Mans Dievs.,99
Kur viņš ir?,99
Brīnišķīgi.,99
Jā gan.,99
Nu labi.,99
Tūlīt.,98
Trīs!,98
Kārtībā.,98
Vēl ne.,97
Tas ir...,97
Bet...,97
"Jā, labi.",97
Apsēdies.,96
Man vienalga.,95
Kusties!,95
Skrien!,95
Nāciet.,94
Tas esmu es.,94
Ko jūs darāt?,94
Apžēliņ!,94
Velns parāvis!,94
Ko tu teici?,93
Man arī.,93
Mierīgi.,92
Es atvainojos.,91
FIB!,91
Nekā.,91
Saprati?,91
Divi.,91
Lūk.,90
Vai tiešām?,90
Zini?,90
Būs labi.,90
"Kā, lūdzu?",89
Sveicināti.,89
Sāra.,89
Pateicos.,88
Kā tad.,88
Muļķības.,88
Nevaru.,88
Arlabunakti.,87
Viens.,87
Viss ir kārtībā.,87
Paskat tik.,87
Es apsolu.,86
Ko tu gribi?,86
Tēvs!,85
Tas arī viss.,85
Tas nav iespējams.,84
Apstājies!,84
Āmen.,83
Sūds!,82
Saprotu.,81
Tev viss labi?,81
Es tikai...,81
Mammu!,80
Kustieties!,78
Turpini.,78
Labvakar.,78
Uz kurieni?,78
Šrek!,78
Priekā.,77
Šērmen.,76
Kas jūs esat?,76
Taisnība.,76
Klau.,76
Tā gan.,75
Stāvi!,75
Tas ir labi.,74
Kad?,74
Pasteidzies!,74
Kungs.,74
Skaisti.,74
Lai veicas.,73
Ne gluži.,73
"Lūk, tā.",72
"Jā, kungs.",72
Un tad?,72
Stop!,71
Hārvij.,71
Tas...,71
Tas ir lieliski.,71
Oh.,71
Tas ir viņš.,71
Mīļais?,70
Mosties.,69
Klausieties.,68
Nu re.,68
"Zini, ko?",68
Kas tas tāds?,67
Lai notiek.,67
Atkāpies.,67
"Viens, divi, trīs.",67
Ir labi.,66
Pietiks!,66
Priecājos iepazīties.,66
Kur tu biji?,66
Nāciet iekšā.,65
Mamm!,65
Kas te notiek?,65
Paskaties uz mani.,65
Kolosāli.,65
Kā tu to domā?,64
Nešaujiet!,64
Beidziet!,64
Nāc iekšā.,63
Nav.,63
Kas viņš ir?,63
Nedari to.,62
Kungi.,62
Vareni.,62
Vēlreiz.,62
Man?,62
Kas tad tas?,62
Paldies Dievam.,61
Džon!,61
Man patīk.,61
Viņš ir miris.,61
Bēdz!,61
Kā tev iet?,61
Kenai!,60
Nav ne jausmas.,60
Skrienam!,60
"Pagaidi, pagaidi.",60
Kā tu to zini?,60
Uz redzi.,60
Tici man.,59
Mīļā?,59
Ir.,59
Prom!,59
Nolāpīts!,58
Vecīt.,58
Iespējams.,58
Visu labu.,58
Kam?,58
Au!,57
Sitka!,57
Kā tu jūties?,57
Atvainojos.,57
Ej dirst!,57
Ko tu darīsi?,57
Paskatīsimies.,57
Fiona!,56
Ko tad?,56
"O, jā.",56
Kas vainas?,56
Nost no ceļa!,56
Ir gan.,56
Džeik!,55
Nekādā gadījumā.,55
Tom!,55
"Ātrāk, ātrāk!",55
Satriecoši.,55
Dari to!,55
Te būs.,54
Ārā!,54
Atkāpieties!,54
Deivid!,54
Izbeidziet!,54
"Jā, kundze.",53
Acumirkli.,53
Zemē!,53
Es tā nedomāju.,53
Vienalga.,53
Draugi?,53
Man tas patīk.,53
"Sveika, mīļā.",53
Džesij!,53
Ko tu izdarīji?,52
Tas ir viss.,52
Tūlīt pat!,52
Labs ir.,52
Uh!,52
Ko tu šeit dari?,52
Blēņas!,52
Kā tā?,52
Tu nesaproti.,52
Paklau.,52
Kas par lietu?,52
LATVIAN,52
Uzmanību!,51
"Nē, nav.",51
Palīdziet!,51
Esi gatavs?,51
Par vēlu.,51
Mums jāiet.,51
Kāp iekšā.,51
Tā ir taisnība.,51
Nav svarīgi.,51
Palīdzi man.,50
Kurš?,50
Panāc šurp.,50
Sākam.,50
Kur viņa ir?,50
Es domāju...,50
Ko tu ar to domā?,50
Jupis!,50
Mēs...,50
Interesanti.,49
Diez vai.,49
Bobij.,49
Prieks iepazīties.,49
Esi drošs?,49
Kur tu ej?,49
Nu nē.,49
Nomierinieties.,48
Visu.,48
Nudien.,48
Nik!,48
Dod šurp.,48
Neviens.,48
"Jā, tā ir.",48
Tas esi tu.,47
Nebaidies.,47
Brauc!,47
Labais.,47
Kā tu zini?,47
Nākamais.,47
Augšā.,47
Tas nav svarīgi.,47
Hermione.,46
Tas ir smieklīgi.,46
Ideāli.,46
Izdevās!,46
Ko viņš teica?,46
"Lūdzu, nevajag.",46
Puiši!,46
"Jā, es zinu.",46
Turieties!,46
— Jā.,46
Tev bija taisnība.,46
Atceries?,46
Viņš...,45
Dīvaini.,45
Koda!,45
Johaidī!,45
Skat!,45
Hmm.,45
Mirklīti.,45
Ko teiksi?,45
"Kas, pie velna?",45
"Jā, jā, jā.",45
Es sapratu.,44
Ļoti.,44
Palīdzi!,44
Vai!,44
Malā!,44
Tas nevar būt.,44
Kas tad?,44
Apklusti!,44
Nav gan.,44
Ben!,44
Es ne...,44
Turpiniet.,44
Fantastiski.,44
Okei.,44
Kā to saprast?,43
Paklausieties.,43
Paldies tev.,43
Es zināju.,43
Sūdu būšana.,43
Beidzu.,43
Kā sviežas?,43
Atdod!,43
Paskatieties.,43
Nu un?,43
Nuja.,42
Kur tas ir?,42
Kā viņu sauc?,42
Tikai...,42
Doktor!,41
Maik.,41
Es esmu...,41
Ko viņš dara?,41
Lec!,41
Beidzot!,41
Sēdieties.,41
Sēdies.,41
Tas ir neprāts.,41
Ejiet prom.,41
Gatavi?,41
Aizmirsti.,41
Palīdziet man!,41
Kā varu palīdzēt?,41
Ko tu...,41
Mr.,41
Ne.,41
Redzat?,41
Atkal?,40
"Nē, ser.",40
Tiesa.,40
Parādi.,40
Runā.,40
Uz redzēšanos.,40
Nāc man līdzi.,40
Visi.,40
O!,39
Pazūdi!,39
Ar ko?,39
Rokā ir.,39
"Paldies, ser.",39
Nu ja.,39
Piekrītu.,39
Laba doma.,39
Neraizējies.,39
Es tevi turu.,39
Apsēdieties.,38
Viņa...,38
Tu esi traks?,38
Super.,38
Ko tagad?,38
Velna milti!,38
Vai viss kārtībā?,38
Maks.,38
Kur tā ir?,38
Es klausos.,38
"Nē, nē, nē, nē.",38
Lēnāk.,38
Es cenšos.,38
Man pietiek.,38
Es to zinu.,38
Vācies!,37
Nu ko...,37
Alan!,37
Tīrs.,37
Tas tiesa.,37
Iespaidīgi.,37
Nav slikti.,37
Tiksimies vēlāk.,37
Tas nav labi.,37
Apsolu.,37
Tā ir mana vaina.,37
Nekustēties!,36
Kundze.,36
Cik?,36
Atgriezies!,36
Čārlij!,36
Ūdeni.,36
Cik daudz?,36
Tomas!,36
Kur mēs esam?,36
Un tev?,36
Ai!,36
Uzmanieties!,36
Ļoti patīkami.,36
Sēdi.,36
Skaties uz mani.,36
Atver durvis!,36
Tu arī.,36
Ienāciet.,36
Ko tu gribi teikt?,36
Nedari tā.,36
Viktor!,35
Liec mani mierā.,35
Uzticies man.,35
Bērni.,35
Ak mans Dievs.,35
Labi pastrādāts.,35
Kur viņi ir?,35
Bēdziet!,35
Tu zini?,35
Kuš!,35
Te.,35
Apbrīnojami.,35
Viņi nāk.,35
Viņam taisnība.,35
Ar labu nakti.,35
Kāpēc nē?,35
Priecājos.,35
Met!,35
Nu tā.,35
Skrieniet!,35
Saņemies.,35
Sema.,35
Jūs...,34
"Nē, viss kārtībā.",34
Laižam!,34
Ričij!,34
Donna!,34
Kur es esmu?,34
Ko tu runā?,34
Fui!,34
Dievs!,33
"Ak, vai.",33
Fuck.,33
Tāpēc...,33
Kā jūs sauc?,33
Pa kreisi.,33
Mājās.,33
Es nezināju.,33
Tu to vari.,33
Atveriet durvis!,33
Nomet ieroci!,33
Par ko jūs runājat?,33
Džeims!,33
Ne tagad.,33
Ko tu saki?,33
Tā ir viņa.,33
Atver.,33
Es tevi arī.,33
Es atceros.,33
Kaptein!,33
Dieva dēļ!,33
Es arī tevi mīlu.,32
Kāp mašīnā.,32
Tu tā domā?,32
Es jokoju.,32
Tu to zini.,32
Burvīgi.,32
Priecīgus Ziemassvētkus.,32
Pretīgi.,32
Apstājieties!,32
Domā?,32
Gulties!,32
Tu melo.,32
Pilnīgi noteikti.,32
Sapratāt?,32
Lai paliek.,31
Arlabvakaru.,31
Labs puika.,31
Logan!,31
Nekādu problēmu.,31
Ļoti smieklīgi.,31
Kas tev tur ir?,31
Tev?,31
"Viens, divi...",31
"Nē, es...",31
Še.,31
"Ei, ei!",31
Kustamies!,31
"Labi, ejam.",31
Sekojiet man.,31
Pag.,31
Paskat.,31
Bendžamin!,31
Dzirdi?,31
Ar prieku.,31
Kas tev kaiš?,31
Vaijet?,31
"Nu, labi.",31
Elpo.,31
Rokas augšā!,31
Es redzu.,31
Simon!,31
Kādu?,31
Esam klāt.,31
Tikai mieru.,31
Tā esmu es.,31
Kāds?,31
Vai dzirdi?,30
Pārsteigums!,30
"Labi, paldies.",30
Piedod man.,30
Hērakl!,30
Kapteini.,30
Tu nezini?,30
Spārkij!,30
lzbeidz.,30
Es negribu.,30
Nemūžam!,30
Šauj!,30
Seko man.,30
Es tikšu galā.,30
"Nē, pagaidi.",30
Paskaties uz viņu.,30
Ron.,30
Kas tev lēcies?,30
Ļauj man.,30
Es arī ne.,30
Ko jūs gribat?,30
Draugs.,30
Džim?,30
Panāc.,30
Cik ilgi?,30
Paliec.,30
Profesor!,29
Te tas ir.,29
Cik jauki.,29
Eu!,29
Savādi.,29
"Nē, nevajag.",29
Es to zināju.,29
Viņš ir šeit.,29
Ēd!,29
Nesaprotu.,29
Piemēram?,29
Tas bija lieliski.,29
Es ceru.,29
Bum!,29
Stjū.,29
Kas runā?,29
No kā?,29
Viss būs kārtībā.,29
Neparko.,29
"Jā, ir gan.",29
Harold!,29
Atslābsti.,29
Tukšrokdžimpiņ!,29
Zoja!,29
Liec viņu mierā.,29
Iekšā!,29
Aleksa.,28
Es redzēju.,28
"Sveiks, mīļais.",28
Es palīdzēšu.,28
Atbildi.,28
Rīt.,28
Nu gan.,28
Nāc atpakaļ!,28
Nedomāju vis.,28
"Nu, jā.",28
Es to novērtēju.,28
Kas viņa ir?,28
Aleks!,28
Tu esi jucis.,28
Paskaties uz sevi.,28
Noķēru!,28
"Jā, lūdzu.",28
Laid vaļā!,28
"Jā, tieši tā.",28
Tas nav godīgi.,28
Džeison!,28
"Labi, aiziet.",28
Vai drīkstu?,28
Tesa!,28
"Labi, atā.",28
Mana kārta.,28
Dzer.,28
Kā jūties?,28
Dag!,28
Dēls!,28
Vai tu...,28
Mierā.,28
Ko tu redzi?,27
Tu labi izskaties.,27
Laipni lūdzu.,27
Man ir ideja.,27
Paldies jums.,27
Es iešu.,27
"Paga, paga.",27
Policija!,27
Saki.,27
Redzu.,27
Neuztraucieties.,27
Pasteidzieties!,27
Nav vis.,27
Ah!,27
Tas ir svarīgi.,27
Vai dieniņ!,27
Hām!,27
Tā bija.,27
— Labi.,27
Ko tu domā?,27
"Paliec, kur esi.",27
Fil!,27
Vienmēr.,27
Pagaidām.,27
Esmu šeit.,27
Nāku.,27
Kā lūdzu?,27
"Jā, paldies.",26
Māt!,26
Mēs esam klāt?,26
Kā tu domā?,26
Ansīti!,26
Nav labi.,26
Tev patīk?,26
"Sveiks, Pīter.",26
"Sveiks, Harij.",26
Stīv!,26
Ejam prom.,26
Kā vienmēr.,26
Nav tiesa.,26
Ar tevi viss kārtībā?,26
Ej nu?,26
Ej iekšā.,26
Atradu.,26
Un es...,26
Frodo!,26
Penis.,26
Mums izdevās.,26
Un viss.,26
Pa labi!,26
Uzgaidi.,26
Nala!,26
Rob!,26
Diezgan.,26
Ir jau labi.,26
Kaut kas neticams.,26
Ēzeli!,26
Kuces dēls!,26
Reičel!,26
Lilija!,25
Pie darba.,25
Ne no vietas!,25
Turpini iet.,25
Tas ir sarežģīti.,25
Ko man darīt?,25
Metriņ!,25
Kāpēc prasi?,25
Gandrīz.,25
Klusē.,25
"Sveiki, puiši.",25
Kas tur notiek?,25
Tas bija...,25
Kas vēl?,25
Tam nav nozīmes.,25
Dok!,25
Tas ir jauki.,25
Sem!,25
Čārlz!,25
Smieklīgi.,25
Bob.,25
"Re, kur viņš ir!",25
Iebilstu.,25
Kelvin!,25
Šauju!,25
Uzmanīgāk!,25
Tas nenotiks.,25
Stulbenis.,25
"Protams, ne.",25
Mīlu tevi.,25
Es nāku!,25
Pārstāj!,25
Patīk?,25
Kas tad nu?,25
Atšujies!,25
Un tagad?,24
Iepriekšējās sērijās...,24
Pieci.,24
Es to izdarīšu.,24
Viss beidzies.,24
Es zvēru.,24
Vēl.,24
Bingo.,24
Sūdi.,24
Harijs Poters.,24
Celies augšā!,24
Vēl vienu.,24
Lejā!,24
"Ak, dievs!",24
Prieks tevi redzēt.,24
Bravo!,24
Elizabete.,24
Šo.,24
Uzklausi mani.,24
Kā jums klājas?,24
Kur tu to dabūji?,24
"Jā, zinu.",24
Tas ir pretīgi.,24
Kādēļ ne?,24
Tā nav.,24
Tas labi.,24
Zvēru.,24
Atveriet.,24
Tas viss.,24
Vai saproti?,24
Esi uzmanīgs.,24
Jums taisnība.,23
Kāda starpība?,23
Labprāt.,23
Nespēju noticēt.,23
Mazliet.,23
Džouns?,23
Mums nav laika.,23
Pieliecies!,23
Tu saproti?,23
Turp!,23
Man ir.,23
Perfekti.,23
Laikam.,23
"Nāc, ejam.",23
Paliec sveiks.,23
Tulkojusi Laura Hansone,23
Mani?,23
Es neatceros.,23
Ardievu.,23
Nost!,23
"Ak, mans dievs.",23
Maita!,23
Sāksim.,23
Koks.,23
Mārtij!,23
"Jā, pareizi.",23
Gendalf!,23
Kas es esmu?,23
Viņš ir tur.,23
"Protams, ka nē.",23
Mums?,23
Ko jūs šeit darāt?,23
Kāpēc tā?,23
Esmu gatavs.,23
Nesteidzies.,23
Kāda?,23
Tava kārta.,23
Padomā par to.,23
Apsoli?,23
Kas tā tāda?,23
Miers.,23
Cik mīļi.,23
Klusumu!,23
Es to nevaru.,23
Vienkārši...,23
Alise!,23
Tas ir brīnišķīgi.,23
Urā!,23
Kur tu iesi?,23
Aha.,22
Nu un tad?,22
Redzēji?,22
Daudz laimes.,22
Mana vaina.,22
"Nē, es nevaru.",22
Meli.,22
A?,22
Es dzirdēju.,22
"Paldies, nē.",22
Kā ar tevi?,22
Pasaki.,22
"Re, kur ir.",22
Nekā nebija.,22
Tas nav pareizi.,22
Labu veiksmi.,22
Kafiju?,22
Laba meitene.,22
Es to nokārtošu.,22
"Ei, ei, ei!",22
Uz šejieni.,22
Ir laiks.,22
Nav laika.,22
Piecelies.,22
Kas jauns?,22
Ha!,22
Uz trīs.,22
Ko mēs darīsim?,22
Uz ceļiem!,22
Vil!,22
Kā tev klājas?,22
Saprotat?,22
Luis...,22
Velns un elle.,22
"Sveiks, tēt.",22
Kas šeit notiek?,22
Ją.,22
Ko jūs te darāt?,22
Liecies mierā.,22
Uz veselību.,22
Muļķis.,22
Vājprāts.,22
Nogalini viņu!,22
Jūs nesaprotat.,22
Vai nav vienalga?,22
Elizabet.,22
Uzgaidiet.,22
Dirsā!,21
Vācies prom!,21
Melis!,21
Henk!,21
Laid viņu vaļā.,21
Aizverieties!,21
Ļoti jauki.,21
Ak jā.,21
Dod man.,21
Pakārt viņus!,21
Mieru.,21
Drīz.,21
Ana.,21
"Paldies, ka atnācāt.",21
Žēl gan.,21
Kārtību!,21
Pagaidi mazliet.,21
Nezinu gan.,21
Tas ir dīvaini.,21
Tev patiks.,21
Nekavējoties!,21
Līland!,21
Un jūs?,21
Es kļūdījos.,21
Betmen!,21
Norunāts.,21
Es nejokoju.,21
PaIdies.,21
Es arī nē.,21
labi.,21
Tad labi.,21
Keit!,21
Es nespēju.,21
Sveicināts.,21
Ej ellē.,21
Moz.,21
Es tev ticu.,21
Normāli.,21
Bļāviens!,21
Es runāju nopietni.,21
Augstais Dievs!,21
Bleika!,21
Es tā domāju.,21
Četri.,21
Esi gatava?,21
Turiet viņu!,21
Mums jāaprunājas.,21
Kādā ziņā?,21
Nekustieties!,21
Es ļoti atvainojos.,21
Tu esi...,21
Atpakaļ pie darba!,20
"Ko, pie velna?",20
Kretīns!,20
Ko es izdarīju?,20
Es esmu šeit.,20
Žēl.,20
Kā tad tā?,20
Atkāpties!,20
Esmu sajūsmā.,20
"Jā, ir.",20
Vairs ne.,20
Nee.,20
Veicīgāk!,20
Tev tas nav jādara.,20
Daiena.,20
Daudz.,20
Ķeriet viņu!,20
Es tev teicu.,20
Aizver acis.,20
Man tik ļoti žēl.,20
"Nē, nav gan.",20
Nāciet man līdzi.,20
Tāpat kā es.,20
Lieciet viņu mierā!,20
Linda!,20
Man tas nepatīk.,20
Atbildiet.,20
Mēs nezinām.,20
Es atgriezīšos.,20
Tev izdevās!,20
Stig!,20
Neskaties.,20
Džesika...,20
Paskaties uz šo.,20
Čou!,20
Viņš ir dzīvs.,20
Tētis!,20
Tie ir meli.,19
Bret!,19
Kā tev šķiet?,19
Tā ir patiesība.,19
Endij!,19
Nešaut!,19
Tas ir bīstami.,19
Bija.,19
Kurp?,19
Uzbrukumā!,19
Tu nopietni?,19
Kopā.,19
Pamēģini.,19
Vienu mirklīti.,19
Tu to izdarīji.,19
Kur jūs esat?,19
Vai saprati?,19
Vai tā ir taisnība?,19
Manij!,19
Daudz laimes dzimšanas dienā.,19
Kur ir mazulis?,19
Man viss kārtībā.,19
Kas viņi ir?,19
Nieki.,19
Pastāsti.,19
"Aiziet, aiziet, aiziet!",19
Kevin!,19
Emet!,19
"Nē, kungs.",19
Desmit.,19
Uz turieni.,19
Kāds ir plāns?,19
Es to nedarīšu.,19
"Jā, bet...",19
Paejiet malā!,19
Kail!,19
Wow.,19
Darīsim tā.,19
"Jā, tā bija.",19
Vai zini?,19
Tas nav smieklīgi.,19
Es to izdarīju.,19
Tā nav taisnība.,19
Stulbums.,19
Brauciet.,19
Jä.,19
Cik skaisti.,19
Tā nedrīkst.,19
Drīz tiksimies.,19
Tas nav nekas.,19
"Labi, labi, labi.",19
Vēlu veiksmi.,19
Vai tur kāds ir?,19
Gatava?,19
Laidiet mani!,19
"Jā, kā tad.",19
Punkts.,19
Tu esi dzīvs!,19
Daudz labāk.,19
Vai dzirdat?,19
Tim!,19
Tu man meloji.,19
"Lūdzu, palīdziet!",19
Tu dzirdēji.,19
"Sveiks, draudziņ.",19
Ej vien.,19
Man jābeidz.,19
Es tevi pazīstu.,19
Nāciet šurp.,19
Pagaidi brīdi.,19
"Jā, es...",19
Vēl mazliet.,19
Vēlāk.,19
Lai tā būtu.,18
Oi!,18
Leo.,18
"Paldies, vecīt.",18
"Paldies, tēt.",18
Priecīgus svētkus.,18
Pazūdam.,18
Kur tu dodies?,18
Ko es teicu?,18
Kas tev ir?,18
Kāpēc tu tā saki?,18
Izklausās labi.,18
Patiesi.,18
Pārāk bīstami.,18
Koncentrējies.,18
Kāpēc tu to dari?,18
Piebremzē.,18
Paliec te.,18
Kā vēlies.,18
Maalder.,18
Ko darīsim?,18
Laid!,18
Paliec tepat.,18
Labāk.,18
Padomā.,18
Jums viss kārtībā?,18
Nāc nu.,18
Daniel!,18
Mērij?,18
Mums ir problēma.,18
Vai varu kā palīdzēt?,18
Tas ir mans!,18
Seši.,18
Man tāpat.,18
Tu laikam joko.,18
Dzirdu.,18
Dabūju.,18
Mierīgāk.,18
Vai tev viss kārtībā?,18
Denahi?,18
Sadod viņam!,18
Tas ir viegli.,18
Šādi?,18
Beigas.,18
Apturi.,18
"Atvainojiet, ser.",18
Sagatavoties!,18
— Nē!,18
Bēgam!,18
Tas ir slikti.,18
Atvainojiet mani.,18
Dari kaut ko!,18
Šodien.,18
Dod roku.,18
Briesmīgi.,18
Viņš nāk.,18
Ā!,18
Es tev palīdzēšu.,18
Garš stāsts.,18
Esmu.,18
Ellij.,18
Taksi!,18
Esi pārliecināts?,18
Vēl kas?,18
Man nekas nekaiš.,18
Ko lai darām?,17
Ko lai es daru?,17
Bez šaubām.,17
Vai viss labi?,17
Vai tu mani dzirdi?,17
Nu jā.,17
Jūs jokojat?,17
Tagad ej.,17
Paej malā.,17
Tur viņš ir!,17
VeIns!,17
Vai viss ir kārtībā?,17
Elija!,17
Laipni lūdzam.,17
Vienu mirkli.,17
Tas ir briesmīgi.,17
"Jā, tiešām.",17
Tas ir forši.,17
Man ir ļoti žēl.,17
Kā gāja?,17
Man ir plāns.,17
Sit.,17
Ģimene.,17
Man ir labi.,17
"Jā, viss kārtībā.",17
Nedaudz.,17
Tā izskatās.,17
Laukā!,17
Nāc līdzi.,17
Man ir jāiet.,17
Em...,17
Lidojam.,17
Vai skaidrs?,17
Enij!,17
Tev arī.,17
Dzeršana no zābaka!,17
Es piedalos.,17
Tas man patīk.,17
Dzirdēji?,17
Nolaid ieroci!,17
Kas ar tevi notika?,17
Es tam neticu.,17
Ko tālāk?,17
"Aiziet, puiši.",17
Tas tev.,17
Halo?,17
Laid mani vaļā!,17
Ko viņi dara?,17
Roza!,17
Heizela?,17
Kā tas ir iespējams?,17
Droši.,17
Laid mani!,17
Tas nebiju es.,17
Nepavisam.,17
Augstāk!,17
Varētu būt.,17
Māmiņ!,17
"Sveiks, tēti.",17
Kauns!,17
Nemuldi.,17
Viņam ir ierocis!,17
Mērija.,17
Zagle!,17
Uz tikšanos.,17
Ko tu ar to gribi teikt?,17
Mašīna!,17
Pagaidi mirkli.,17
Un kā vēl.,17
Tedij!,17
Pilnīgi.,16
Es tāpat.,16
Kas tur?,16
Tu viņu pazīsti?,16
Es negribu mirt!,16
Paskaties apkārt.,16
Man vajag tavu palīdzību.,16
Kas tie tādi?,16
"Jā, vecīt.",16
"Jā, tev taisnība.",16
Kas nu?,16
Tas bija negadījums.,16
"Piedodiet, ser.",16
Tiksimies.,16
Mums jābrauc.,16
Katrā ziņā.,16
Slikti.,16
Viņa ir mirusi.,16
Labs jautājums.,16
Paturi.,16
Atpūties.,16
Es varu.,16
Kā tu zināji?,16
Kā tu to izdarīji?,16
Nesatraucies.,16
Pazūdiet!,16
Tie esam mēs.,16
Trāpīts!,16
Tieši laikā.,16
Līdz rītam.,16
"Sveiks, draugs.",16
Zināt?,16
Es to redzu.,16
Man sāp.,16
Bez jokiem.,16
"Sveiks, Nīl.",16
Es paņemšu.,16
Šovakar.,16
Es aizeju.,16
Mark?,16
Esmu te.,16
Eju!,16
Ko lai mēs darām?,16
Saņem!,16
Anna.,16
Cilvēki.,16
"Lūdzu, nē.",16
"Labi, jā.",16
Ko tev vajag?,16
Viņš ir prom.,16
Gribi?,16
Neesmu.,16
Laikam gan.,16
Darīts.,16
Ak Kungs!,16
Kur ir nauda?,16
"Lūdzu, piedod.",16
Džeina!,16
Pagriezies.,16
Deil?,16
Deizij!,16
Dāmas un kungi!,16
Tāpat kā tu.,16
Kuce.,16
Nu protams.,16
Mīlu.,16
Labi izskaties.,16
Rej!,16
Kāpēc gan?,16
Neuztraucies par to.,16
Ou!,16
Klausies uzmanīgi.,16
Vai tā?,16
Par ko tu domā?,16
Praiss.,16
Skaista.,16
"Nē, neesmu.",16
No kurienes tu esi?,16
Viktorija!,16
Urrā!,16
Ķer!,16
"Jā, lieliski.",16
Tas būtu lieliski.,16
Nŗ.,15
Bos!,15
Es piekrītu.,15
"Paldies, mīļā.",15
"Paldies, ka atnāci.",15
Brīvi.,15
Kā izskatās?,15
Divreiz.,15
Parunāsim vēlāk.,15
Tie ir viņi!,15
"Paldies, Džouns.",15
Palaidiet!,15
Droši vien.,15
Kopš kura laika?,15
Es tev neticu.,15
Dod.,15
Tā arī ir.,15
Paldies par palīdzību.,15
Tuvāk.,15
Neiespējami.,15
Kas mums te ir?,15
Es tevi ienīstu.,15
Bek?,15
Džeida.,15
Meitenes!,15
Bella?,15
Tas ir neticami.,15
Lasies!,15
Ko mēs darām?,15
Es nemeloju.,15
Ko mēs iesāksim?,15
Odrij.,15
Kā jūs to zināt?,15
Tas ir skaisti.,15
Man viss ir labi.,15
Bet tu?,15
"Nu, aiziet.",15
Mans kungs?,15
Visus.,15
Brenda!,15
"Ei, tu!",15
"Nekas, nekas.",15
Misis Boss!,15
Ko es esmu izdarījis?,15
Ko es daru?,15
Paskatieties uz mani.,15
Mirsti!,15
Vai tā ir?,15
Nekur.,15
Ko jūs vēlaties?,15
Miris.,15
Un tālāk?,15
Tā arī darīšu.,15
Kāpēc es?,15
Tā nav tava vaina.,15
Es tā negribēju.,15
Noliec!,15
Kāren!,15
Nešauj!,15
Esam beiguši.,15
Izcili.,15
Tu man patīc.,15
"Ak, Kungs...",15
"Protams, nē.",15
Es to atradu.,15
Mēra kungs!,15
Pēc tevis.,15
Vainīgs.,15
"Nē, tā nav.",15
Vācieties!,15
Maksi!,15
Makvīn!,15
Tūlīt atgriezīšos.,15
Apgriezies.,15
Lēnām.,15
Es vienkārši...,15
Tu nokavēji.,15
"Nē, lūdzu.",15
Un kā tu domā?,15
Avada Kedavra!,15
Esam gatavi.,15
Idiots!,15
"Jā, es sapratu.",15
Tu to nopietni?,14
Skolotāj!,14
Gardo!,14
Ārprāts!,14
Kaut ko atradi?,14
Ko nu?,14
Un jums?,14
Skotij?,14
Paskaties tik.,14
"Viens, divi, trīs - tie citi būs drīz.",14
Paskaties uz to.,14
Kas zvana?,14
Lai iet.,14
Slepkava.,14
Man nav.,14
Sargi sevi.,14
Nikij!,14
"Kas, pie velna, notiek?",14
Tas bija labi.,14
Žēlīgā debess!,14
"Ak, tā?",14
Katram gadījumam.,14
Žēlīgais Dievs!,14
Kāda velna pēc?,14
Tas ir pārāk bīstami.,14
Tas darbojas.,14
Ko dari?,14
Īen!,14
Tu uzvarēji.,14
Ņemiet.,14
Tev nekas nekaiš?,14
Mēs uzvarējām.,14
Padodies.,14
Emma.,14
Alfalfa!,14
Tas ir muļķīgi.,14
Ko darīt?,14
Mēs to paveicām.,14
Lūdzu piedošanu.,14
Latvian,14
Ko es tev teicu?,14
Manis dēļ.,14
Elpo dziļi.,14
Kādā veidā?,14
Tas ir joks?,14
Ar lielāko prieku.,14
Frenk.,14
Ela?,14
Ar mani viss ir kārtībā.,14
"Man esi tu, mazā",14
Tā ir pavēle.,14
Vai tas ir viss?,14
Kera?,14
Asprātīgi.,14
Tu esi traka?,14
Es gribu...,14
Cik tev gadu?,14
Kefrij.,14
Man viņš patīk.,14
Tu un es.,14
Redzēsim.,14
Rokā esi.,14
Nāciet līdzi.,14
Tikai ne to!,14
Augstā debess!,14
Man vajag palīdzību.,14
Grūti pateikt.,14
Šellij?,14
Jūtu līdzi.,14
Kas tie ir?,14
Viņai taisnība.,14
Es taču teicu.,14
Veči!,14
Es to darīšu.,14
Norman!,14
Atver to.,14
Es to nespēju.,14
Ko tu tur dari?,14
Kā sokas?,14
Pībodija kungs!,14
Diezgan labi.,14
"Nu, taču.",14
Aizraujoši.,14
Ne pārāk.,14
Džeimss.,14
Kūp?,14
Man viss ir kārtībā.,14
Davai!,14
Vai te kāds ir?,14
"Sveika, mamma.",14
Tagad ir.,14
Trauksme!,14
Re!,14
Džosij...,14
Es neredzu.,14
Sveikiņi!,14
Paskatieties uz viņu!,14
Kas tur rakstīts?,14
Tas ir tur.,14
Mīļi.,14
Izslēdz to!,14
Jaa.,14
Pieveries.,14
Ko jūs teicāt?,13
Aizmirsti to.,13
Tu esi skaista.,13
Roze!,13
Haku!,13
— Kāpēc?,13
Vārds?,13
Roj!,13
Nāc taču.,13
Septiņi.,13
Ahh!,13
Ko viņa teica?,13
Labas ziņas.,13
Prieks jūs redzēt.,13
Ragana!,13
Deviņi.,13
Apmēram.,13
Dzinēj!,13
Darām to.,13
Paliec šeit.,13
Maskarāde!,13
Kur tie ir?,13
Vai tas...,13
Mama!,13
Ko teiksiet?,13
Viņš zina.,13
"Palieciet, kur esat!",13
Tā esi tu.,13
Jebko.,13
Izskatās labi.,13
Mēs viņu atradīsim.,13
Neej!,13
Gana!,13
Nu tad...,13
Lūk tā.,13
Pārtrauc.,13
Ko tu par to domā?,13
Vai tad?,13
Jap.,13
Izdari to.,13
Gļēvulis.,13
"Paldies, mīļais.",13
Priekš kam?,13
"Ejam, ejam.",13
Diemžēl.,13
Kā tev tas izdevās?,13
Šaubos.,13
Atkārto.,13
Torin.,13
Es palikšu.,13
Neaiztiec viņu.,13
Sāp.,13
Kā lai es zinu?,13
Kā lai es to zinu?,13
"Labi, ser.",13
Piedošanu.,13
Atslābinies.,13
Pierādi.,13
Man vajadzīga tava palīdzība.,13
Atrodiet viņu!,13
Noas.,13
Labu apetīti.,13
Es neiebilstu.,13
Šaut!,13
Vai zināt?,13
Es viņu mīlu.,13
Pilnībā.,13
Kā parasti.,13
Kas tev padomā?,13
Es mirstu.,13
Kas ar tevi notiek?,13
Neaizej.,13
Aģent Kūper.,13
"Sveiki, tas esmu es.",13
Nepieskaries man.,13
Man tev kas jāsaka.,13
Kas ir ar viņu?,13
Kā tas iespējams?,13
Nolaidiet ieročus.,13
Nepareizi.,13
Luna?,13
Es to negribu.,13
"Sveiks, vecīt.",13
Nepamet mani!,13
Tā nav problēma.,13
Kapēc?,13
Neraizējieties.,13
Viņi ir klāt.,13
Sākas.,13
"Nē, nepavisam.",13
Es strādāju.,13
Esat gatavi?,13
Ar ko tu nodarbojies?,13
"Jā, esmu.",13
Tas biji tu.,13
Tev viss būs labi.,13
Nedariet to!,13
Keita!,13
Kādas?,13
Ar labunakti.,13
Tas ir mans darbs.,13
Vai ar tevi viss kārtībā?,13
Tevi.,13
Skaistas sievietes,13
"Skaisti, vai ne?",13
Kuru?,13
Tas ir garš stāsts.,13
Vai tu dzirdi?,13
Lejuplādē subtitrus latviešu valodā subtitri.do.am,13
Vectēv?,13
Tas ir neiespējami.,13
Kvina!,13
Vienmēr laipni.,13
Viņš ir atgriezies.,13
Būs jautri.,13
Pasaki man.,13
Kaut kas nav labi.,13
Tu zaudēji.,12
Vai tev viss labi?,12
Muļķi!,12
"Nu, vecīt.",12
Tev viss būs kārtībā.,12
Kā tu to zināji?,12
Labi jau labi.,12
Tu runā nopietni?,12
Labs darbs.,12
Paldies dievam.,12
Tev labi?,12
Kurp tu?,12
Uz visiem laikiem.,12
Nīna!,12
Tu nevari.,12
Nīls Kefrijs.,12
Kosmosa kuģis!,12
Kā varu jums palīdzēt?,12
Atceries to.,12
Tu mani dzirdi?,12
Cik žēl.,12
"Trīs, divi, viens.",12
Astoņi.,12
Kā es izskatos?,12
Braien!,12
Šausmīgi.,12
Kāpēc tu tā dari?,12
Kāpēc tu tā darīji?,12
Bija prieks iepazīties.,12
Tu to redzēji?,12
Kāda jēga?,12
"Labi, lieliski.",12
Kā viņu sauca?,12
"Lai notiek tas, kam jānotiek!",12
Mums jātiek prom.,12
Kā jūs to domājat?,12
Kāpēc jautā?,12
Šreks?,12
Tevis dēļ?,12
Uz šo pusi.,12
Te tā ir.,12
Tev izdosies.,12
Aizvediet viņu.,12
Viljam!,12
Bet es...,12
Neaiztiec mani.,12
Labs mēģinājums.,12
Tu kļūdies.,12
Kuper!,12
Ņem šo.,12
"Nē, nav vis.",12
Apturiet viņu!,12
Redaktore Māra Šerīfa,12
Ev.,12
Es atvēršu.,12
Jūs abi.,12
Esmu izsalcis.,12
Nogalini!,12
Nelietis!,12
Tas ir nopietni.,12
Uz jumta.,12
Ejiet iekšā.,12
"Jā, es arī.",12
Jūties kā mājās.,12
Vārti!,12
Ejam iekšā.,12
Jā vai nē?,12
Viss ir beidzies.,12
Kas tev vainas?,12
Patiesi brāļi,12
Ej tu nost.,12
Ford!,12
Jupitera.,12
Es par to parūpēšos.,12
Ko tas viss nozīmē?,12
Ko tieši?,12
"Pie velna, jā.",12
Klāj vaļā.,12
Jocīgi.,12
Man ir slikti.,12
Vēl nē.,12
Es neesmu.,12
Es negribēju...,12
Man nav ne jausmas.,12
Tā tas ir.,12
Es neiešu.,12
Esam vienojušies.,12
Tas bija satriecoši.,12
Slēpieties!,12
Tā ir slikta doma.,12
Tas biju es.,12
Kas tālāk?,12
Tas ir beidzies.,12
Es esmu te.,12
Kas tur tik smieklīgs?,12
Es nesmēķēju.,12
Vai varam aprunāties?,12
Esi droša?,12
Es eju.,12
Manfred.,12
Par ko viņš runā?,12
Patīkami iepazīties.,12
Vai man taisnība?,12
Piezvani man.,12
It's not going to stop,12
"Lūdzu, ser.",12
Ko viņa dara?,12
Tāpēc ka...,12
Ir jau vēls.,12
Kas man jādara?,12
Tā nav mana vaina.,12
Vai viss ir labi?,12
Tas jums.,12
Es tev uzticos.,12
Dāmas.,12
Gvena.,12
Noliec ieroci!,12
Tas nav...,12
Ziema.,12
"Ha, ha!",12
Ko tu redzēji?,12
Es tevi ļoti mīlu.,12
Prozit.,12
"Ko tu gribi, lai es daru?",12
Rokas gaisā!,12
"Piedod, mīļā.",12
Hārvijs Spekters.,12
Uz redzīti.,12
Man ar tevi jārunā.,12
Robert.,12
Tūlīt būs.,12
Maiks Ross.,12
Met zemē!,12
Karš.,12
Jauku dienu.,12
Es tevi nepazīstu.,12
Henrij!,12
Kas pie velna?,12
Tas neesmu es.,12
Ļauj minēt.,12
Ralf!,12
Melkolm!,12
Tā nebūs.,11
Viņa šeit nav.,11
"Labi, pietiek.",11
Neraudi.,11
Tā nebija.,11
Kas ar tevi?,11
Zak!,11
Nerunā.,11
Vai šeit kāds ir?,11
Superīgi!,11
Labiņi.,11
Kas ar mani notiek?,11
Es to varu.,11
Jūsu godība.,11
Nāc ar mani.,11
Viņi ir šeit.,11
Es to dzirdēju.,11
Tomij!,11
Es tā neteicu.,11
"Nē, nē, nē, nē, nē.",11
Viņi tuvojas.,11
Viņi...,11
Timotij.,11
Esmu gan.,11
Es viņu pazīstu.,11
"Protams, ser.",11
Nāksi?,11
Nākošais.,11
Prom no šejienes!,11
"Labi, klausies.",11
"Protams, ka ir.",11
"Protams, ka ne.",11
Viegli.,11
Glābieties!,11
Sardze!,11
"Protams, protams.",11
Tālāk.,11
Princese.,11
Aizver durvis.,11
Sagatavojieties!,11
Gulies!,11
Pārtraukt uguni!,11
Nāciet atpakaļ!,11
Kūper!,11
Runājiet.,11
Tu mani pieķēri.,11
Tēvoci!,11
Hey!,11
"Lūdzu, lūdzu.",11
Gaidi.,11
Līzel!,11
Sid!,11
Kāda tam nozīme?,11
Uguns!,11
Poter!,11
Mēs nevaram.,11
Viņš atgriezīsies.,11
"Jā, noteikti.",11
Ar mani viss kārtībā.,11
"Jā, man arī.",11
"Jā, kaptein.",11
Tu esi atlaists.,11
Viņš ir...,11
No kurienes?,11
"Šķiet, ka jā.",11
"Nē, mīļā.",11
Severus.,11
Esmu mājās!,11
Vai es...,11
"Nē, kundze.",11
Tu esi labs cilvēks.,11
"Jā, bos.",11
Sen neesam tikušies.,11
Mēs visi esam vienādi,11
"Nē, vecīt.",11
Kas par vainu?,11
Es tevi redzu!,11
Nožēlojami.,11
Tā gadās.,11
Dari tā!,11
Ej atpakaļ.,11
Ej mājās.,11
"Paga, paga, paga!",11
Tas ir satriecoši.,11
Cik slikti ir?,11
Cik pulkstenis?,11
Mans dēls.,11
Cik ir pulkstenis?,11
Nedomāju gan.,11
Cerams.,11
Laikam jau.,11
Elēn!,11
Viss ir mainījies.,11
Aģent Bērk.,11
Ņujorkā.,11
Kur viņš palika?,11
Būs.,11
Mans dievs!,11
Klēra.,11
Kurp mēs ejam?,11
Īla.,11
Tas ir labs.,11
Mmm.,11
Mm.,11
Novāc rokas!,11
Lai nu tā būtu.,11
Dodiet ceļu!,11
Ko vēlaties?,11
Dod atslēgas.,11
Ko viņš saka?,11
Tas nav viņš.,11
Tuvojas!,11
Tas nav tik vienkārši.,11
Tas nav pa īstam.,11
Dik!,11
Tas nav apspriežams.,11
Laidiet!,11
Detektīv.,11
Džūlija?,11
Te nu tas ir.,11
Tas ir šeit.,11
"Pagaidiet, pagaidiet.",11
Visi kopā.,11
Džoana,11
Ko tu gaidi?,11
Uz to pusi.,11
Džordž!,11
Džīna.,11
Darīsim to.,11
Ko tu darīji?,11
Brīdinājums.,11
Vai kāds mani dzird?,11
Es nē.,11
Kas tu tāds?,11
Tā jau domāju.,11
Tā jau es domāju.,11
Liels jums paldies.,11
Beta!,11
Paņem.,11
"Zini, kāpēc?",11
Kas tur bija?,11
Kas tu tāds esi?,11
Es gan.,11
Es neko neredzu.,11
Es piezvanīšu.,11
Es pagaidīšu.,11
Kas tieši?,11
Nemo.,11
Lieliska doma.,11
Es pie tā strādāju.,11
"Kā sviežas, vecīt?",11
Viņa ir prom.,11
Es tevi arī mīlu.,11
Tā jau ir labāk.,11
Ne šodien.,11
Vienu.,11
Tā ir skaista.,11
Šis.,11
Viss tīrs.,11
Nepārtrauc.,11
Kaut kas nav kārtībā.,11
Tā ir tava vaina.,11
Katru dienu.,11
Tas bija joks.,11
Olij!,11
Viņa nomira.,11
Kā bija?,11
Neaiztiec.,11
"Kas, ellē, tas?",11
Tas bija jautri.,11
Visu laiku.,11
Kas šī ir par vietu?,11
Minho!,10
Vai jūties labi?,10
Nometiet ieročus!,10
Laidiet mani vaļā!,10
Laidiet vaļā!,10
Maitasgabals!,10
Neiebilsti?,10
Neņem ļaunā.,10
Neprāts.,10
Nogalināt!,10
Vai nav lieliski?,10
Negribu.,10
Lūsij?,10
Nav smieklīgi.,10
Mei!,10
Nu lūdzu.,10
Leciet!,10
Nav tava darīšana.,10
Nav tik traki.,10
Nu beidz.,10
Man viņa patīk.,10
"Lūdzu, apsēdieties.",10
Nofilmēts!,10
Nu kā?,10
Uzvedies labi.,10
Niks Haldens.,10
Neviena nav.,10
Malači.,10
Nevienam.,10
Man nebija izvēles.,10
Nesaki tā.,10
Neatceros.,10
Nekas īpašs.,10
Nogaliniet viņu!,10
Nekas nesanāks.,10
Nezini?,10
Vai sāp?,10
Megana!,10
Neiedomājami.,10
Vai tad ne?,10
Atstājiet ziņu.,10
Saprotams.,10
Hanna!,10
Runā ar mani.,10
Cikos?,10
Rāmāk.,10
Rūbij?,10
Guli saldi.,10
Guli.,10
Gudri.,10
Grindelvald.,10
Saki kaut ko.,10
Goda vārds.,10
Indija!,10
Gatavībā.,10
"Tā, tā.",10
Gajs Robam.,10
Seržant!,10
To?,10
Esmu ceļā.,10
Tā varētu teikt.,10
Esi izsalcis?,10
Augšā un lejā.,10
Kļūda.,10
Reičela.,10
Pīt.,10
Aši!,10
Jēzus Kristus!,10
Kas to izdarīja?,10
Kas to būtu domājis?,10
Kas tikko notika?,10
Kas tas par troksni?,10
Kas pie...,10
Viņa ir šeit.,10
Kas par...,10
Pie Merlina bārdas!,10
Un tas ir viss?,10
Kas ar tevi noticis?,10
Piezvani.,10
Atrodi viņu.,10
Ar viņu viss būs kārtībā.,10
"Jā, viss ir labi.",10
Tu vari iet.,10
"Arlabunakti, Bendžamin.",10
"Jā, es saprotu.",10
Tūlīt nākšu.,10
Viņš ir labs.,10
Atkārtoju.,10
Tūlīt būšu.,10
Traks esi?,10
"Es zinu, kas tu esi.",10
Tiksimies tur.,10
Kaut tā būtu.,10
Drīkstu?,10
Īsti nezinu.,10
Tas ir pārsteigums.,10
Ej gulēt.,10
Ej dēt.,10
Edvard.,10
Bārker!,10
Būris!,10
Ļauj paskatīties.,10
Dārgā.,10
Dzirdat?,10
Draudziņ.,10
Tas ir labais.,10
Tas nebūs ilgi.,10
"Domāju, ka jā.",10
Tas pats.,10
Tavs gājiens.,10
Te kāds ir?,10
Cik pretīgi!,10
Te tu esi.,10
Teicami.,10
Tepat.,10
Teroristi.,10
Ģērbies.,10
Ērik!,10
Tikai vienu.,10
Es pats.,10
Vīzlij!,10
Es to saprotu.,10
Stīven.,10
Es to jūtu.,10
Es tevi nedzirdu.,10
Tikai es.,10
"Sveikas, dāmas!",10
"Sveiks, Tom.",10
Sviests!,10
Svētā debess!,10
Es parādīšu!,10
Tas ir jautri.,10
Zināt ko?,10
Zirgs.,10
Tur jau tā lieta.,10
Es nevaru paelpot.,10
Tagad ne.,10
Taker!,10
Betmens!,10
Tas būtu jauki.,10
Es iešu tev līdzi.,10
Boss!,10
Visu gaišu.,10
Ņem to.,10
Pakaļa.,10
Kā tas ir?,10
Kāds pārsteigums.,10
— Skaidrs.,10
"Nē, nezinu.",10
"Nē, tas nekas.",10
Kā tu šeit nokļuvi?,10
Palīdziet mums!,10
"Nē, tu aizveries!",10
Ko lai saku?,10
Ko mēs tagad darīsim?,10
Uzgaidi brīdi.,10
Ko tu ar to domāji?,10
Ko tu gribi darīt?,10
Kādēļ jautā?,10
Kā mani sauc?,10
"O, nē.",10
Kurš tas ir?,10
Kurp tu ej?,10
Kur visi palikuši?,10
Kur tu to ņēmi?,10
Kruķi!,10
Visi to zina.,10
Kur mēs ejam?,10
Kur ir pārējie?,10
Kukija!,10
Uz grīdas!,10
Kenij!,10
Viena minūte!,10
Par ko tu domāji?,10
Kāpēc tu to izdarīji?,10
Par mums.,10
Ko iesāksim?,10
Kāpēc lai es to darītu?,10
Par ko ir runa?,10
Kāpēc tu esi šeit?,10
Dažreiz.,9
Tikai mierīgi.,9
Es tevi saprotu.,9
"Nē, es tikai...",9
"Sveika, mamm.",9
Es tev parādīšu.,9
Pacel.,9
Es to neizdarīju.,9
Kurp mēs dosimies?,9
"Oh, jā.",9
Es teicu...,9
Tulkojusi Jana Bērziņa,9
Man tiešām žēl.,9
Zagļi!,9
Tā ka...,9
Man to vajag.,9
Tik vienkārši.,9
Man tā šķiet.,9
Vai ne tā?,9
Sāc.,9
Ak šausmas!,9
Man vajag...,9
Es to nezināju.,9
Ne šoreiz.,9
Tu pirmais.,9
Es to redzēju.,9
Ne šeit.,9
Kur ir Pīters?,9
Tev ir...,9
Cik tev ir?,9
"Skrien, skrien!",9
Skārleta!,9
Man nav iebildumu.,9
Man nav izvēles.,9
Man nav laika.,9
Slikta doma.,9
Mmm-hmm.,9
Kārter!,9
"Ak, pareizi.",9
Spīžo.,9
Dariet kaut ko!,9
Tiksimies rīt.,9
Es tūlīt atgriezīšos.,9
Es tā ceru.,9
Stāsti.,9
Man nevajag.,9
Nerunā tā.,9
Kāpēc tu tā domā?,9
Es tur biju.,9
Teorētiski.,9
Stāviet!,9
Mums kaut kas jādara.,9
Kā tas jāsaprot?,9
Es pacelšu.,9
Tev tas patiks.,9
Šaujiet!,9
Aizmirsti par to.,9
Ej projām.,9
"Nē, bet...",9
Kā viņa jūtas?,9
Tev viss ir labi?,9
Ehm.,9
Ļauj man minēt.,9
Ļauj man palīdzēt.,9
Tas ir te.,9
Nebēdā.,9
Kā vēlaties.,9
Tā ir mana.,9
Tas ir viltojums.,9
Šajā pasaulē,9
Kāda atšķirība?,9
"Dīvaini, vai ne?",9
Tas ir ļoti svarīgi.,9
Meiteni.,9
Vai tu saproti?,9
Celieties.,9
Mums ir...,9
Domāju gan.,9
Mendi!,9
Brauc mājās.,9
Vienreizēji!,9
Tā būs.,9
Uzklausiet mani.,9
Nemaz.,9
Kā teiksi.,9
jā.,9
Labs darbiņš.,9
Labs.,9
Es neko neteicu.,9
"Nu, es...",9
Biju.,9
Mums jāpasteidzas.,9
Mīlestība.,9
Es jau teicu.,9
Vēl kādi jautājumi?,9
"Nu, lūdzu.",9
Cik aizraujoši.,9
Bliez!,9
Es gribu mājās.,9
Ceļu!,9
Tas ir fantastiski.,9
Tas ir galvenais.,9
Tas ir iespējams.,9
Aizturies!,9
Es centos.,9
Turpinām.,9
Neko īpašu.,9
Tas ir Harijs Poters.,9
Parādi man.,9
Šodien ne.,9
Viņš ir te!,9
Nogalini mani.,9
Mēs visi viens otram esam brāļi,9
Jāiet.,9
Viņu.,9
Palīdzēt?,9
Uz ko?,9
Ko jūs sakāt?,9
Uz ko tu skaties?,9
"Pildiet mūsu sirdi un dvēseli ar visu, ko ziniet",9
Līnijdancis!,9
Aragorn!,9
Ko lai daru?,9
Mūžīgi.,9
Mēs esam tik laimīgi,9
Atceros.,9
Viss ir brīnišķīgi,9
Vai dzirdat mani?,9
Prieks tevi satikt.,9
Nav vajadzības.,9
Priekš kā?,9
Ko lūdzu?,9
Joks.,9
Trakums.,9
Tu gribēji mani satikt?,9
Pārbaudi.,9
Laiks beidzies.,9
Pārstājiet!,9
"Lūk, kur tu esi!",9
Varbūt nē.,9
Tu domā?,9
Jūs viņu pazīstat?,9
Mēs tikai...,9
Paturi to.,9
Un vēl kas.,9
Paskaidro.,9
Visu diženie gari,9
Leisij!,9
Kas tā par smaku?,9
LieIiski.,9
Vai arī nē.,9
Kas tā par skaņu?,9
Mēs visi.,9
Kas to lai zina?,9
Vai tas ir joks?,9
Lieciet mani mierā!,9
Patiesību.,9
Lieliska.,9
Viņi gaida.,9
Viņa ir lieliska.,9
Paņemiet mūs aiz rokas un vadiet,9
Ko jūs darīsiet?,9
Novāciet rokas!,9
Nomest ieročus!,9
Viņa mirst.,9
Pie kā?,9
Pie kā mēs palikām?,9
Ko jūs gribat teikt?,9
Šīs ir mūsu dzīres,9
Mēs to izdarīsim.,9
Lora!,9
Viss ir lieliski.,9
Pēdējā iespēja.,9
Ja tik ūsas uzaudzēsiet,9
Ko tad tas nozīmē?,9
"Tā, labi.",9
"Mammu, tēti!",9
Tādā gadījumā...,9
Neviens nezina.,9
It nemaz.,9
Man arī ne.,9
Garām!,9
Ko viņš te dara?,9
"Mēs""?",9
Gaidiet.,9
To es saprotu.,9
Frīmen!,9
Vajadzētu.,9
Esmu pārsteigts.,9
To mēs vēl redzēsim.,9
Man ir jautājums.,9
Vēl diena vairāk.,9
Kristus miesa.,9
Esmu jau ceļā.,9
Esmu dzirdējis.,9
Man ir nepatikšanas.,9
Sit papēdi grīdā!,9
Esi vesels?,9
"Skaisti, ko?",9
Kudzuri.,9
Ne vārda.,9
"Atā, tēt.",9
"Paldies, Moz.",9
Paldies par visu.,9
Neskaties uz mani.,9
Atvainojiet mūs.,9
Toms.,9
Ko tu esi izdarījis?,9
Gribu.,9
Ko tu meklē?,9
Tu izskaties lieliski.,9
Ne pārāk labi.,9
Ko tu noskaidroji?,9
Ko tu par to saki?,9
Tās ir muļķības.,9
Palieciet šeit.,9
Paliec tur.,9
Runā kapteinis.,9
Saki man.,9
"Paldies, draugs.",9
Tonij.,9
Pīters.,9
Ko tu vēlies?,9
Ne īpaši.,8
Nebaidieties.,8
Nedomāju.,8
Ne jau tu.,8
"Tu zini, kas es esmu?",8
Vai saprotat?,8
Tipiski.,8
Tu tā nedomā?,8
Turi.,8
Ne visu.,8
Tev nav izvēles.,8
Till you wise up,8
Tev jāatpūšas.,8
Ticiet man.,8
Tu esi mans labākais draugs.,8
Tu esi līķis!,8
Tu kavējies.,8
Nataša.,8
Tu vari.,8
Nav taisnība.,8
Tikai viens.,8
Ne tik ātri.,8
Tu man draudi?,8
Tu dzirdi?,8
Tu mani izglābi.,8
Tu dzīvosi.,8
Tu jau zini.,8
Tu man neuzticies?,8
Tik skaista.,8
Tu redzēji?,8
Tu maldies.,8
Tu esi lielisks.,8
Tiksimies augšā.,8
Tu nāksi?,8
Nāc tuvāk.,8
Vai pareizi?,8
Penij?,8
Pie zemes!,8
Piecpadsmit.,8
Un pēc tam?,8
"Piedod, tēt.",8
Pieliecieties!,8
Pielādēt no jauna.,8
Piespēlē!,8
Vai drīkst?,8
Pieņemu.,8
Pilnīgi pareizi.,8
Precīzi.,8
UZVALKI,8
Tūr!,8
Prieks to dzirdēt.,8
Tūlīt būšu atpakaļ.,8
Protams ne.,8
Puika!,8
Tūliņ.,8
Tīrais nieks.,8
R.A.B.,8
Nešaubos.,8
Runā sonārs.,8
Neāksties.,8
"Pie velna, nē.",8
Paņem šo.,8
Vai palīdzēt?,8
Pazūdi no šejienes.,8
Uzmini.,8
"Nē, ir labi.",8
Nāc augšā.,8
"Nē, nekas.",8
"Nē, nē, viss kārtībā.",8
"Nē, tev taisnība.",8
"Nu, protams.",8
"Nē, tu nesaproti.",8
"Nē, vēl ne.",8
"Nu, beidz.",8
O jā.,8
OK.,8
Pagaidi mirklīti.,8
Uzvelc.,8
Paldies par atbalstu.,8
"Paldies, Maik.",8
"Paldies, kundze.",8
"Paldies, puiši.",8
Palīdzi mums.,8
Nošauj viņu!,8
Un zini ko?,8
"Parādiet, ka jūsu acīs",8
Pat ne tuvu.,8
Saglabājiet mieru.,8
Saldus sapņus.,8
Sargieties!,8
"Tā, lūk.",8
Tam jāpieliek punkts.,8
Tam nav nekādas jēgas.,8
Tas bija briesmīgi.,8
Tas būs lieliski.,8
Tas ir absurds.,8
Tas ir apbrīnojami.,8
Tas ir interesanti.,8
Tā ir labāk.,8
Tā ir labi.,8
Tas ir steidzami.,8
Tas ir stulbi.,8
Tas ir tik jauki.,8
Vai nav jauki?,8
Nekas nav mainījies.,8
Tas ir vājprāts.,8
Tas ir īstais.,8
Tā būs labāk.,8
Tas nekam neder.,8
Tava izvēle.,8
Tavs tēvs.,8
Taču...,8
Te es.,8
Te nekā nav.,8
Sūdabrālis!,8
Sākās.,8
Nemuļķojies.,8
Skot!,8
Neuztver to personiski.,8
Tā šķiet.,8
Sievietes.,8
Netuvojieties!,8
Netuvojies man.,8
Vai ir kāda problēma?,8
Nesteidzieties.,8
Skallij!,8
Tā varētu būt.,8
Skaties uz ceļu!,8
Tā nu tas ir.,8
Vai kāds dzird?,8
Slēpies!,8
Spīdoši.,8
Tā nav tava darīšana.,8
Nesaki neko.,8
Nesaki.,8
Neraža.,8
"Sveika, Donna.",8
"Sveika, skaistulīt.",8
Sveikas.,8
"Sveiks, Norm!",8
Veina kungs?,8
Tu pārāk daudz runā.,8
Velc!,8
"Jā, varbūt.",8
Es viņu nepazīstu.,8
Džimij!,8
Liela muiža.,8
Ļauj apskatīt.,8
Kas ir tas?,8
Hello?,8
Kas ir noticis?,8
Hikap!,8
Ej ārā.,8
Kas ar viņu notika?,8
Kad tas notika?,8
Varļnija.,8
Jūsu augstība.,8
Jūs visi.,8
Kā tu to dabūji?,8
Es atsakos atbildēt.,8
Gribi redzēt?,8
Ģeniāli.,8
Es būšu.,8
Liels tev paldies.,8
Hārvijs.,8
čārlij!,8
Viņi to zina.,8
Dēzija.,8
Kā tas notika?,8
Dzirdējāt?,8
"Kā iet, vecīt?",8
Kā gan citādi?,8
Diezin vai.,8
Divas.,8
Kas tev par daļu?,8
Mani tas neinteresē.,8
Kas tev notika?,8
Izklaidējies.,8
Esi apmierināts?,8
Vai varu ienākt?,8
Lido!,8
Doktore Šova?,8
Kā svētais.,8
Kā ir?,8
Kā jums iet?,8
Dormamu!,8
Kā jūs domājat?,8
Kas tagad notiks?,8
Draudu nav,8
Viņa ir skaista.,8
Man vajag uz tualeti.,8
Kas pie velna ir tas?,8
Kas lēcies?,8
I'm on your back.,8
Kā veicās?,8
Esi gan.,8
Es gaidu.,8
Viņš ir labs cilvēks.,8
Es nevienam neteikšu.,8
"Zināt, ko?",8
Es nu iešu.,8
Jo...,8
Es to nepieļaušu.,8
Jaunkundz!,8
Es par to padomāšu.,8
Viņš ir mans dēls.,8
Jasuko.,8
Vakar.,8
Kāpēc tagad?,8
Ziniet ko?,8
"Lūdzu, atvainojiet.",8
"Zila puķe, sarkani ērkšķi.",8
Kāpiet iekšā.,8
Mako.,8
Izbaudi.,8
Kāpēc jautājat?,8
Kāpēc gan ne?,8
Mailija!,8
Izklausās jauki.,8
Varat iet.,8
"Jā, Skolotāj.",8
Vari gan.,8
Man ir bail.,8
Es kavēju.,8
Iedzersim.,8
"Ieliec zālīti kokosriekstā, piešauj uguntiņu",8
Es gribēju teikt...,8
Es ilgojos pēc tevis.,8
Man jābrauc.,8
Man jāatbild.,8
Es jums parādīšu.,8
Es jūs lūdzu!,8
"Jā, sveiki.",8
Varu kā palīdzēt?,8
Es uzstāju.,8
Es neko nezinu.,8
Kāda ir sajūta?,8
Es tūlīt nākšu.,8
Es mēģināju.,8
Lācis!,8
nē.,8
Es tūlīt būšu atpakaļ.,8
Kādi?,8
Vairāk vai mazāk.,8
Zeme.,8
Man ir kāda doma.,8
Ļoti labs.,8
Divas nedēļas.,8
Kur mēs palikām?,8
Ko lai dara?,8
Apmēram tā.,8
Viss cauri.,8
Kur esi?,8
Apstiprinu.,8
Apstiprināts.,8
Mērija Elizabete Ketermola?,8
Laidiet viņu vaļā.,8
Vācies ārā.,8
Gaidi te.,8
Laiks doties.,8
Ar labvakaru.,8
Ar šo.,8
Klāt esam.,8
Ko jūs gaidāt?,8
Atgriezieties!,8
Kur jūs to dabūjāt?,8
Štern!,8
Visaugstais vadoni!,8
Esi mierīgs.,8
Mums nav daudz laika.,8
Ko jums vajag?,8
Fiona Apburošā kundze.,8
Kur tu dosies?,8
Šon!,8
Grūd!,8
Alekss.,8
Albert.,8
Mēs esam draugi.,8
Gorvij.,8
Veiksmi.,8
Abpusēji.,8
Acīmredzot.,8
Advokātu.,8
Glābt priekšnieka!,8
Vācies nost!,8
Lai būtu.,8
"Ko, pie velna, tu dari?",8
Mēs zinām.,8
Visiem.,8
Aizkustinoši.,8
Ko tu iesāksi?,8
Gribi vēl?,8
"Ak, labi.",8
Mēs to varam.,8
Lai nu kā...,8
— Ko?,8
Grietiņa!,8
— Kas?,8
Garlaicīgi.,8
Lai nu paliek.,8
Aladīn!,8
Mums jāturas kopā.,8
Es tev piezvanīšu.,8
Lasies prom!,8
"Kas, ellē, notiek?",8
"Labi, puiši.",8
Brauksim mājās.,8
Bremzē!,8
"Labi, nāc.",8
Kas zina?,8
Vai tu nesaproti?,8
"Kas, ellē...",8
Baisi.,8
Vai tu to redzēji?,8
Vai tu esi šeit?,8
Būs jau labi.,8
"Kas, ellē, tas bija?",8
"Kas, pie...",8
Brūs?,8
Brūss Veins.,8
Mikij.,8
Bumbu!,8
"Mierīgi, mierīgi.",8
Bonij!,8
"Kas, pie velna, tev kaiš?",8
Kas viņam vainas?,8
Mums bija vienošanās.,8
"Beidz, vecīt.",8
"Velns, kas tas?",8
Bein!,8
Esmu pārguris.,8
Vai tu esi traks?,8
Dator.,8
Klusāk!,8
Bet protams.,8
Kas tur notika?,8
Lediss.,8
Esmu noguris.,8
Esi uzmanīga.,8
Esmu iekšā.,8
Vecāki?,8
Ir kādi jautājumi?,7
Harij Poter.,7
Ha-ha!,7
Tāpat vien.,7
Ir vēl kas.,7
Izabella.,7
Gribi saderēt?,7
Rūdij!,7
Gulieties!,7
"Ha, ha, ha.",7
"Rakt tuneli, rakt, rakt tuneli",7
Tās ir lamatas.,7
Tās ir skaistas.,7
Iedarbini mašīnu.,7
SESIJA,7
Rita.,7
Ierocis!,7
SPORTA ALMANAHS 1950-2000,7
Hm-m.,7
Ieskaitīts!,7
Gulties zemē!,7
Re nu.,7
Hej!,7
Rokas nost!,7
Guļus!,7
Rankorn.,7
Viņš ir ģēnijs.,7
Ha ha.,7
Saimon.,7
"Hei, pagaidi.",7
"Hail, Kras!",7
Nabadziņš.,7
Izklaidējieties.,7
Kaut kas uz to pusi.,7
Klārk!,7
Par ko viņa runā?,7
Par visu.,7
"Un zini, ko?",7
Ketij?,7
Kaķis.,7
Kaut kā tā.,7
Un uzvārds?,7
Kas viņš tāds?,7
Panāc tuvāk.,7
Visur.,7
"Paskriet, paostīt, sarauties.",7
Kas tā ir?,7
Viņa guļ.,7
Un tu arī.,7
Kas to teica?,7
Viņa ir burvīga.,7
Patiesība.,7
Par daudz.,7
Ko jūs ar to domājat?,7
Tīri labi.,7
"Ko tu gribi, lai saku?",7
"Paldies, ka ieradāties.",7
"Paldies, ka pagaidījāt.",7
"Paldies, kungs.",7
Ko tu teiksi?,7
Ko tu no manis gribi?,7
Ko tu neteiksi?,7
Uz kurieni tu?,7
Ko tu iedomājies?,7
"Ko tu gribi, lai daru?",7
Ko jūs domājat?,7
Ko tu domāji?,7
Ko tu darītu?,7
Paliec turpat.,7
Uz ko tu tēmē?,7
Ko tu atradi?,7
Ko tas nozīmēja?,7
Ko saki?,7
Viss ir cauri.,7
Viņa ir gudra.,7
Pavisam.,7
Kas te ir?,7
Viņš ir bīstams.,7
Viņš bēg!,7
Pret ko?,7
"Jā, laikam.",7
"Jā, jūsu godība.",7
Priecājos tevi redzēt.,7
Priecājos tevi satikt.,7
"Jā, forši.",7
"Priecīgus Ziemassvētkus, Harij.",7
"Jā, aiziet.",7
Kas te...,7
Protams nē.,7
Izņemot tevi.,7
Izvēlies.,7
Izsaku līdzjūtību.,7
Izpriecājies.,7
Pārsteidz mani.,7
Izlasi.,7
Izklīst!,7
"Jā, redzu.",7
"Jā, tas tiesa.",7
"Jā, tikai...",7
"Jā, tu.",7
Kas jums padomā?,7
Viņa te nav.,7
Pie manis.,7
Kas jums lēcies?,7
Kas jums kaiš?,7
Piebeidz viņu!,7
Piecas minūtes.,7
Kas ir ar Eniju?,7
Kas ar viņu noticis?,7
Un kā ir ar tevi?,7
Viņi mani atrada.,7
Pienākums sauc.,7
Un kas tas būtu?,7
Jūs arī.,7
Jēzu!,7
"Jā, un tev?",7
"Jā, tā tas ir.",7
Un kā ar tevi?,7
Steidzies!,7
Grej!,7
Voldemorts.,7
Tas nostrādāja.,7
Dod pieci!,7
Tas palīdz.,7
Turu.,7
Tas varētu izdoties.,7
Dievs žēlīgais.,7
Te ir jauki.,7
Dejo!,7
Te nu mēs esam.,7
Ļoti priecājos.,7
Terorists.,7
Dakter!,7
Dad!,7
DIENA,7
Ņem par labu.,7
Tev ir nauda?,7
Cik labi.,7
"Cik brīnišķīga nu ir dzīve, kad esmu atradis tevi.",7
Tev jāiet.,7
Tev nav ne jausmas.,7
"Celies, nīkuli!",7
Dom!,7
"Domāju, ka ir gan.",7
Dots pret dotu.,7
Tas ir traki.,7
Ķeramies klāt.,7
Ķeriet!,7
Ķeriet viņus!,7
"Ej, ej.",7
Ej malā!,7
Ķiķikulus!,7
"Ei, vecīt.",7
ķ,7
Tas ir sākums.,7
Džerod!,7
Tas neatkārtosies.,7
Džef!,7
Džamal?,7
Tas ir šausmīgi.,7
Dzirdēju.,7
Tas nav mans.,7
Tas nav nepieciešams.,7
Drošībā.,7
Droši zini?,7
Tas nav viegli.,7
Tev tas jādara.,7
Ņūt!,7
Burtiski.,7
"Ak, lūdzu.",7
Apturi mašīnu!,7
Apskauj mani.,7
Aprunāsimies.,7
Apklustiet!,7
Žigli!,7
Tu to saproti?,7
Žiglāk!,7
Akmens siena.,7
Tu to nezini.,7
"Ak, kungs.",7
Ar jums viss kārtībā?,7
Aizver muti!,7
Tu tam tici?,7
"Aiziet, ejam.",7
— Paldies!,7
Tu neatceries?,7
"Aiz tā, ko es redzu.",7
Aatraak!,7
Tu paliec.,7
— Tā.,7
Apturiet viņus!,7
Tu esi drošībā.,7
Brīnums!,7
BEIGAS,7
Tevi arī.,7
Turi acis vaļā.,7
Brauc atpakaļ!,7
Šausmas.,7
Bija gan.,7
Tieši šeit.,7
Bet zini ko?,7
Šein!,7
Šeit nav droši.,7
Tikšu galā.,7
Ar to nepietiks.,7
Šoreiz ne.,7
Tu zini noteikumus.,7
"Atvainojiet, kungs.",7
"Atvainojiet, kundze.",7
Atvaino mani.,7
Atsienies!,7
Šēm!,7
Atdod to man.,7
Atbrīvojies.,7
Tā ir laba doma.,7
Tas ir noslēpums.,7
Ķer viņu!,7
Stindzakmenī!,7
Smalki.,7
Sojer.,7
Es varētu...,7
Spēlē!,7
Es varu paskaidrot.,7
Es varu palīdzēt.,7
Es vairs nevaru.,7
Ko viņa te dara?,7
Vīri!,7
Es uzvarēju.,7
Es visu saprotu.,7
Strāvas padeves pārrāvums.,7
Stāsta beigas.,7
Es to paņemšu.,7
Zemāk.,7
Es to daru.,7
Es to atceros.,7
"Zila puke, sarkans kāts.",7
Es tevi meklēju.,7
Es tevi lūdzu.,7
Slikts.,7
Skumji.,7
"Sveiki, draugi.",7
Sieviete.,7
Sargies!,7
Garšīgi.,7
Sauces aizstāvum!,7
Galīgi garām.,7
Sazināsimies.,7
Gadiem.,7
Foulers.,7
Senna!,7
Esmu gatava.,7
Esmu atpakaļ.,7
Vēl viens.,7
Esmu ar mieru.,7
Esmu aizņemts.,7
Esmu aizņemta.,7
Esi pārliecināta?,7
Esi piesardzīgs.,7
Vēl kaut kas?,7
Esi izsalkusi?,7
Vēl kāds?,7
"Es zinu, ko daru.",7
Es tevi brīdināju.,7
Es tev uzticējos.,7
Es aizmirsu.,7
Es gribēju...,7
Tas bija labais.,7
Tas bija neticami.,7
Es meloju.,7
Tas bija sen.,7
Tas bija tikai sapnis.,7
Es jūtos labi.,7
Tas būs jautri.,7
Es jūku prātā.,7
Es izstājos.,7
Es gribu to redzēt.,7
Es neesmu spiedze.,7
Tas ir bezjēdzīgi.,7
Tas ir citādi.,7
Es esmu Spartaks.,7
Tā ir mūsu vienīgā iespēja.,7
Es eju iekšā.,7
Čārlzs Ksavjers.,7
Tas ir karš.,7
Tas ir ko vērts.,7
Es braucu.,7
Tas bija jauki.,7
Es neesmu zaglis.,7
Tā nav laba doma.,7
Es pati.,7
"Sveiks, Fil.",7
"Sveiks, Maik.",7
"Sveiks, Moz.",7
Es tev kaut ko parādīšu.,7
Es tev kaut ko atnesu.,7
Es tev apsolu.,7
Es taču tev teicu.,7
Es sazināšos.,7
"Zinu, zinu.",7
Es paskatīšos.,7
Es negribu par to runāt.,7
Es paskaidrošu.,7
Sāksim no sākuma.,7
Es pamanīju.,7
Es padomāšu.,7
Tad jau labi.,7
Tad jau redzēs.,7
"Es nesaprotu, par ko tu runā.",7
Tadeus!,7
"Tā ir, vai ne?",7
Ko tu zini?,7
Viņš ir lielisks.,7
Vai redzi?,7
Kāda runa.,7
Kurš to teica?,7
Kāds ir tavs vārds?,7
Ver vaļā.,7
Opi!,7
Vienpadsmit.,7
Ok.,7
Laidiet lejā!,7
LabL,7
Neuztraucies par mani.,7
Mariko!,7
Necik.,7
Mums ir maz laika.,7
Maucība!,7
Kā jūs jūtaties?,7
Vai tu viņu redzēji?,7
Kā viņš izskatās?,7
Viens pats.,7
Laba.,7
Kāds nāk.,7
Neatbildi.,7
Kā nu ne.,7
"Nē, nebija.",7
Mums viss kārtībā.,7
Vai varu?,7
Kāpēc tu tā izdarīji?,7
Man bail.,7
Padomā tik.,7
Neko nesaki.,7
Kur viņš ir tagad?,7
"Nē, ne gluži.",7
Kurp tu dodies?,7
Man ir kas sakāms.,7
Pacieties.,7
Neapstājies.,7
Kurp tu dosies?,7
Pabīdies.,7
Man iet labi.,7
Mans draugs.,7
Laimīgais.,7
Nu jau pietiks.,7
Vai esat gatavi?,7
Lai Dievs tevi svētī.,7
Kur visi ir?,7
"Labi, pietiks.",7
Vai tu to gribi?,7
Man nebija ne jausmas.,7
"Labi, uz priekšu.",7
Uzmani viņu.,7
Kā tu mani atradi?,7
Kā tu uzdrošinies?,7
Vai tu tur esi?,7
"Labi, skaidrs.",7
"Nē, protams.",7
Mika!,7
Vai zini ko?,7
Vai tu to zini?,7
Nekas nav noticis.,7
"Nē, tiešām.",7
"Labi, nomierinies.",7
Meitene.,7
Nesakiet.,7
Kā tu varēji?,7
Vai tu runā ar mani?,7
Neesmu gan.,7
Uzticieties man.,7
Kā tev tas patīk?,7
"Labdien, kundze.",7
Viens jautājums.,7
Kā tas bija?,7
Kā teiksiet.,7
"Labrīt, ser.",7
Kā viņam iet?,7
Nesmīdini mani.,7
Velciet!,7
Neskaties uz mani tā.,7
Nesauc mani tā.,7
Uzgaidiet mirklīti.,7
Kā viņai iet?,7
Kā to sauc?,7
Man jādodas.,7
"Nē, vecais.",7
Man nav daudz laika.,7
Vai tu re!,7
"Nu, nu.",7
Vai varu jums kā palīdzēt?,7
Kurp mēs braucam?,7
Mums viņš ir rokā.,7
Nelieši!,7
Mēs vienojāmies.,7
Koul!,7
Palaidiet mani!,7
"Nomierinies, labi?",7
Kredenss.,7
Man tevis trūka.,7
Kāpēc prasāt?,7
Mēs esam šeit!,7
Kāp laukā!,7
Nākotne.,7
Kāp augšā.,7
Vai atceries?,7
Kur ir detonators?,7
"Lūdzu, pagaidi!",7
Nepievērs uzmanību.,7
Lūsija.,7
Ne es.,7
Kāpēc tu esi te?,7
Noraidīts.,7
Paldies Jums.,7
Mēs viņu atradām.,7
Man to nevajag.,7
Paldies visiem.,7
Man tā nav.,7
Lorena.,7
Vienatnē.,7
Varu gan.,7
Vari iet.,7
Visiem gulties!,7
Lēnām un mierīgi.,7
Nāve.,7
Ko viņš grib?,7
Kāp ārā!,7
Noa!,7
Ko viņš izdarīja?,7
Mēģināsim vēlreiz.,7
Mēģini vēlreiz.,7
Līdz šim brīdim.,7
"Nē, es negribu.",7
Man trāpīja!,7
"Ko, ellē, tu dari?",7
Mēs dodamies mājās.,7
Mēs esam beiguši.,7
Vecmāmiņ!,7
Kādēļ gan?,7
Kāpēc tu man nepateici?,7
Nezob!,7
Nezināju.,7
Man viss būs labi.,7
"Nezinu, kāpēc.",7
Man šeit patīk.,7
Man tas patiktu.,7
Lenij!,7
Malacīte.,7
Mammīt!,7
Lec iekšā.,7
Nevil!,7
Mājas.,7
Man ar to pietiek.,7
Paej nost.,7
Vai dzirdi mani?,7
Kā varu tev palīdzēt?,7
Varam aprunāties?,7
Kādēļ gan ne?,7
Kur tu biji pazudis?,7
Valērij.,7
Man vajag čurāt.,7
Es atnācu slēgt darījumu.,6
Ej nost!,6
Man nekā nav.,6
Tas ir mūsu darbs.,6
Es drīz atgriezīšos.,6
Tā ir liela nauda.,6
Es dodos.,6
Dženifera.,6
Tas ir pārpratums.,6
Ej nu ej?,6
Tas ir izdomāts vārds.,6
Man tagad jāiet.,6
"Īstais ieguvčējs ir tas,",6
Man tas ir.,6
Tas ir pa īstam.,6
Džeks.,6
Džej!,6
Tas ir par daudz.,6
Man tas ir svarīgi.,6
Tas ir normāli.,6
Neparasti.,6
Ķersimies pie lietas.,6
Es arī esmu suns.,6
Tas ir labs sākums.,6
Man reiz pietiek.,6
Es atbildēšu.,6
Nerunā muļķības.,6
Man tevis pietrūkst.,6
Vai vēl kas?,6
Es ar viņu parunāšu.,6
Tas ir kompliments.,6
Man tevis trūkst.,6
Es arī tā domāju.,6
Neredzu.,6
Emīlija.,6
Tā ir dāvana.,6
Elīza!,6
Man nepatīk.,6
Džoš!,6
Man tevis arī.,6
Tā ir laba.,6
Ļauj man pamēģināt.,6
Vai jūs saprotat?,6
Man tevi vajag.,6
Tas ir mīļi.,6
Es turu.,6
Nesanāks.,6
Es sveicināts mūsu ģimenē,6
Tā nav mana.,6
Nežēlīgi sodu.,6
Es tev pateikšu.,6
Var gan.,6
"Zini, kādēļ?",6
Es tev maksāju!,6
Makss.,6
Es tam ticu.,6
"Sveiks, dēls.",6
Es runāšu.,6
"Sveiks, Ben.",6
"Nezinu, ko teikt.",6
Nezinu vis.,6
Nezaudē samaņu.,6
Es pajokoju.,6
Neviens necietīs.,6
Es padodos.,6
Vajag.,6
Nevienam nekustēties!,6
Tā jau man likās.,6
"Sveiks, Džim.",6
Es tev piedodu.,6
Es neļaušu.,6
Lūcij.,6
Stulbi.,6
Stulbo!,6
Stājies rindā.,6
Stārka kungs.,6
Suns.,6
Līdz nākamajai reizei.,6
Sveicināta.,6
Es to nenozagu.,6
Es to gribu.,6
Lūdzu uzmanību!,6
Vai dzirdi cilvēkus dziedam?,6
"Sveika, dārgā.",6
Es tevi vēroju.,6
"Lūdzu, apstājieties!",6
"Sveika, mazā.",6
"Vari būt kautrīga,",6
Es tevi nepametīšu.,6
No kurienes jūs esat?,6
Vari.,6
"Lūdzu, kungs.",6
Sūda būšana!,6
"Es nevainoju lāci, Kenai.",6
Es esmu Braiens!,6
Man ir žēl.,6
Man ir problēma.,6
Ļauj padomāt.,6
Es mirstu badā.,6
Man ir randiņš.,6
Netuvojies...,6
Vai esi drošs?,6
Tā ir tava.,6
Neticu.,6
Es kaut ko dzirdu.,6
Nestāsti.,6
skaidrs?,6
Ātrāk taču!,6
Tas gan ir slikti.,6
Āāāa!,6
Nesatraucieties.,6
Āāāāa!,6
Es esmu policists.,6
Es esmu gatavs.,6
"Nesaprotu, par ko tu runā.",6
Es esmu ceļā,6
Tas bija kolosāli.,6
Vai esam vienojušies?,6
Man bija taisnība.,6
Es neko nesaprotu.,6
Neviena.,6
Tad jau redzēsim.,6
Tad ko tu darīsi?,6
Nevar.,6
lnteresanti.,6
lr gan.,6
lzabella!,6
Vai es jūs pazīstu?,6
Es neko neteikšu.,6
Taisnīguma citadele,6
Man ir piedāvājums.,6
Es neko nedzirdēju.,6
Es neko nedzirdu.,6
Es nejūtos labi.,6
lūdzu.,6
Tanana?,6
Vairs nē.,6
Man ir nauda.,6
Es neesmu miris.,6
Tas bija brīnišķīgi.,6
Tā es neteicu.,6
Vai vari to izdarīt?,6
Nenāc klāt!,6
Ne šovakar.,6
Mums tas jādara.,6
Atstājiet to manā ziņā.,6
Atstājiet mūs vienus.,6
Atstājiet mūs.,6
Atstāj mūs vienus.,6
Mums viss būs kārtībā.,6
Traki.,6
Atradi?,6
Traks var palikt.,6
Atpakaļceļa vairs nav,6
Tu vienmēr būsi mūsu mazais brāļuks.,6
"Atvainojiet, kungi.",6
Vai tiesa?,6
Vai tev silti?,6
Tu apsolīji.,6
Tu atgriezies.,6
Mārtijs.,6
Ar to nepietiek.,6
Ar tevi viss ir kārtībā?,6
Ar mums ir cauri.,6
Ar mani viss būs kārtībā.,6
Ar ko es runāju?,6
Mums nav izvēles.,6
Atver acis.,6
Ne visai.,6
Bail?,6
Tik ātri?,6
Bet kāpēc?,6
Bet es kļūdījos.,6
"Šeit, lūdzu.",6
Tikai mēs.,6
Vai tu esi jucis?,6
"Beidz, Nīl.",6
Šerif?,6
Balsosim.,6
Bailes.,6
Mums jārunā.,6
Vai redzējāt?,6
Avner.,6
Neatvainojies.,6
Augšāmcelšanās akmens.,6
Atļauja dota.,6
Atveriet vārtus!,6
Atveras parādes durvis.,6
Vai redzēji?,6
To es nezināju.,6
Atver muti.,6
Tu zini un pats labākais,6
Tu esi dzīva.,6
Tu esi dīvainis!,6
Nensija.,6
Tu meloji.,6
Mēs nākam!,6
Vai tas nav skaisti?,6
Vai tas ir kāds joks?,6
Nav problēmu.,6
Tu mani biedē.,6
Aizsargāsim Dodo ieleju!,6
Aizmirstiet.,6
Nav ne vainas.,6
Tu mani saproti?,6
Mēsls!,6
Tu saprati?,6
Tu ko?,6
Tu nejoko?,6
Tu neko nezini.,6
Tu redzēsi.,6
Mīlestības lācis?,6
Abi.,6
Nastja!,6
Aargh!,6
Tu redzi?,6
Mīlīgi.,6
Naidžel!,6
"Ak, nē, nē.",6
Mēs esam vieni.,6
Tu esi dīvains.,6
Tu esi stāvoklī?,6
Apģērbies.,6
Tu esi idiots.,6
Ne vienmēr.,6
Vai tev nekas nekaiš?,6
Tu esi malacis.,6
Tu esi man parādā.,6
Vai tev ir bērni?,6
Mēs abi.,6
Tu esi pārliecināts?,6
Mēs cīnīsimies.,6
Mēs dodamies.,6
Tu kavē.,6
"Ūsas, ūsas",6
Tu esi uzkāpis!,6
Ang Dordžī!,6
Tu esi īsts vecis.,6
Mēs esam bagāti!,6
"Aleluja, Aleluja",6
Tu izskaties briesmīgi.,6
Aleluja!,6
Nav īstais brīdis.,6
Mēs esam gatavi.,6
Mums ir beigas.,6
Bet nē.,6
Še tev!,6
"Ļoti labi, paldies.",6
Nekā nav.,6
Dodamies.,6
Dod man atslēgas.,6
Dobij.,6
Tas sāpēja.,6
Loģiski.,6
Vai tā ir viņa?,6
Divas minūtes.,6
Tas vēl nav viss.,6
Diršļaks!,6
Mans tēvs.,6
Nekā tamlīdzīga.,6
Dieviņ tētīt!,6
Diego!,6
Devītais!,6
Vai mēs...,6
"Turpini, Tom.",6
Deiztauna.,6
Te nu es esmu.,6
Deg!,6
Dedzina!,6
Debij?,6
Dodies.,6
Ļoti atvainojos.,6
Bet tā nav.,6
Man vajadzēja to paredzēt.,6
Ļauj viņiem dzert!,6
Dziļāk.,6
Nenogalini viņu!,6
Vai varu tev ko piedāvāt?,6
Dzinējs!,6
Dzeriet!,6
"Dzer, mērgli!",6
Tā būs labi.,6
Dvīņi.,6
Ļaujiet man.,6
Dumidors.,6
Nekā īpaša.,6
Vai varu palīdzēt?,6
Drīz atgriezīšos.,6
Drīkstu ienākt?,6
Tas nav slikti.,6
Man vajag bisi.,6
Drošāk.,6
Tā bija mana vaina.,6
Tas nav tiesa.,6
Nelaimes gadījums.,6
Dragājies!,6
Ļoti skaista.,6
Debestiņ!,6
Turpini meklēt.,6
Vai patiesi?,6
"Mežonīgie vepri""!",6
Miniet!,6
Tev viss izdosies.,6
Brāl.,6
Brokastis.,6
Neesi muļķis.,6
Šaubu nav.,6
Vai tu man palīdzēsi?,6
Mostieties!,6
Nedusmojies.,6
"Mostieties, pusaudziņi!",6
Temistokl.,6
Mozijs?,6
Tie nebijām mēs.,6
Bitīt matos!,6
Tiekamies tur.,6
Bilbo!,6
Bija jauki jūs satikt.,6
Beverlija.,6
Neder.,6
Tur neviena nav.,6
Tur kaut kas ir.,6
Neitan!,6
"Ņirgājies, vai?",6
Neizdevās.,6
Tev patika?,6
Nekas traks.,6
Ļoti vienkārši.,6
Dariu!,6
Dariet to.,6
Terorisms.,6
"Dari visu,",6
Darbs.,6
Vai nav forši?,6
Dabū viņu nost!,6
Ņem mani līdzi.,6
Mazā pirkstiņa zvērests.,6
Tev ir ģimene?,6
Cik tas maksā?,6
Vai tu to zināji?,6
Tev jābūt stipram.,6
Tev labi sanāk.,6
Turies no manis pa gabalu.,6
Cenšos.,6
Nejautā.,6
Tev nevajadzēja to darīt.,6
Turies cieši.,6
Es uzsaucu.,6
11. septembris.,6
Iedod.,6
Vienkārši Ana.,6
Viņš ir mans draugs.,6
Kaut kas notiek.,6
Jau darbojos.,6
Jau?,6
Pasaki to.,6
Kaut kas traks!,6
Viņš ir satriecošs.,6
Ja tu tā saki.,6
Proti...,6
Kāp!,6
Kur viņa palika?,6
Tūliņ pat.,6
Kaut ko aizmirsi?,6
Izrādei ir jāturpinās.,6
"Viss, pietiek.",6
Tūdaļ!,6
"Nē, es zinu.",6
Izlaidiet mani!,6
Izklīstiet!,6
Pasaki viņam.,6
Jautri.,6
"Nē, nav labi.",6
Jums ir tiesības klusēt.,6
Viņš ir iekšā.,6
Jā es esmu ceļā,6
Jums viss labi?,6
Kas viņš tāds ir?,6
Viņš ir jauks.,6
Viņš ir jucis!,6
Primo!,6
Paskaties uz mums.,6
Jukum.,6
Pasakiet man.,6
Vienkārši piesien.,6
Kur viņš palicis?,6
"Kas, pie joda, notiek?",6
Nabadzīte.,6
"Prometej"", atsaucieties.",6
Katrā laikā.,6
Jebkurā laikā.,6
Pasaulīt!,6
Kur tās ir?,6
"Nē, diez vai.",6
"Klausos, kapteini.",6
Pārtraukums!,6
Kili!,6
Ienāc.,6
Uzticies Semam.,6
"Tēt, ko tu dari?",6
Iekšā Tevī,6
Redzējāt?,6
Viņš nevar.,6
Redzēsimies vēlāk.,6
Pazūdam no šejienes.,6
Reizēm.,6
Kārl.,6
Viss nokārtosies.,6
Iebrucēji!,6
"Velns, nē.",6
Renē!,6
"Klausos, Kaptein!",6
Rikij?,6
"Nāc, mīļais.",6
Huh?,6
Viljams.,6
Viņš mirst.,6
Uzredzēšanos.,6
Kāpēc jūs to darāt?,6
"Kenai mīl mani, Kenai nemīl mani.",6
Nē tu aizveris!,6
Tīna.,6
Pēc jums.,6
Izdarīsim to.,6
Pēdējo reizi.,6
Izdari man pakalpojumu.,6
Izbeidz to!,6
It kā...,6
Nākamais jautājums.,6
Uz vietas!,6
"Pīters Bērks, FIB.",6
R-Rut?,6
Ketija!,6
Ir vērts mēģināt.,6
Tētuks!,6
Kāpēc tik ilgi?,6
Nākamreiz.,6
"Jā, bija.",6
Viņš ir gatavs.,6
"Jā, es esmu ceļā",6
"Jā, es pamanīju.",6
Kas atgadījies?,6
Pieci galeoni.,6
Viņam?,6
Karlos!,6
Karl!,6
Piedod par to.,6
Patiesībā...,6
Kam tu zvani?,6
Kā ar šo?,6
Viņi ir visur.,6
Kad tas bija?,6
Kā tu...,6
"Piedodiet, kungs.",6
Kā tu tiki iekšā?,6
Jūs saprotat?,6
Viņa ir dzīva.,6
Kas tev vajadzīgs?,6
Jūs melojat.,6
Jūs mani dzirdat?,6
Pats labākais ir tas,6
Kā tev veicās?,6
Kā gribi.,6
Perij!,6
Kā lai es to izdaru?,6
Pavisam vienkārši.,6
Viņa ir slima.,6
Paņem to.,6
Kas te noticis?,6
Kas par problēmu?,6
Kas notiks tālāk?,6
Viņa nav.,6
Patīkami.,6
Viņa ir jauka.,6
Kas tev mugurā?,6
Kas jums tur ir?,6
Pie joda!,6
Kā tas notiks?,6
Kā tev gāja?,6
Uzgaidi mirkli.,6
Viņa zina.,6
"Kas ir tie ""mēs""?",6
"Nē, tu.",6
Pienene.,6
Otrais!,6
Priecājos jūs redzēt.,6
"Jā, saprotu.",6
Pogainie!,6
Viņš aizbēga.,6
Kurš dz īves pieredzi gūst,6
Kāda ir apsūdzība?,6
"Nē, nezināju.",6
Prezidenta kungs.,6
Viņš grasījās izgāzt mūsu lietu.,6
Kurā?,6
Um...,6
Paskatīšos.,6
Kāds ir tavs plāns?,6
"Jā, jā, protams.",6
Kas viņš bija?,6
"Jā, esi.",6
Ugh!,6
Pacel klausuli.,6
"Nē, nedomāju vis.",6
"Jā, skaidrs.",6
Kā viņam ir?,6
Un kas tas ir?,6
"Pastāsti visiem, ka esmu ceļā",6
Pieprasījums pieņemts.,6
Jūs esat drošībā.,6
Pieskaries klucim.,6
Kā veicas?,6
Un tu esi?,6
Oļeg?,6
Pievaldi mēli.,6
Un kas tad notika?,6
"Jā, tēvs.",6
Un dz īvo ar pilnu krūti.,6
"Jā, tēt.",6
Kas tur slikts?,6
"Nē, pagaidiet.",6
Kurš nākamais?,6
Pilnīgi neko.,6
"Jā, tas esmu es.",6
Pilnīgi noteikti nē.,6
"Jā, taisnība.",6
Vilson!,6
Kas tavos spčēkos.,6
"Klausos, ser.",6
Esmu ievainots.,6
Septītā!,6
Smaidiet!,6
Esmu piekusis.,6
Nāc šeit.,6
Laimīgais Lūks!,6
Esmu klāt.,6
Visi vietās.,6
Laipni gaidīts ģimenē,6
Esiet gatavi Ledus Laikmetam!,6
Nošaujiet viņu!,6
Laipni lūgti.,6
Ko tu ierosini?,6
Vectēvs.,6
Noķeriet viņu!,6
Ko tu tur runā?,6
Vai apsoli?,6
Ko tu esi izdarījusi?,6
Faifīld?,6
Vaņa!,6
Flip!,6
Savā ziņā.,6
Vediet viņu šurp.,6
Tā nevar būt.,6
Laikam ne.,6
Spartaks.,6
Gaidiet šeit.,6
Paliec uz takas.,6
Kristjen.,6
Saņemieties.,6
Saņēmu.,6
Kriss.,6
Laiks gulēt.,6
Fuj!,6
Es varētu pie tā pierast.,6
Laiks mosties.,6
Novēli man veiksmi.,6
"Sitka, kur tu esi?",6
"Gan mīlu, gan dzīvi",6
Vēl nezinu.,6
"Es zinu, ko tu domā.",6
Ko viņš izdarījis?,6
Skauti uz mūžu.,6
Sliktas ziņas.,6
Skaļāk!,6
"Paldies, kungi.",6
"Es zinu, kas viņš ir.",6
Normen!,6
"Sitka, nē!",6
Es viņu nogalināju.,6
Liecieties mierā!,6
Nomērķēt!,6
Ko tu tikko teici?,6
Es viņam neuzticos.,6
Skriešus!,6
Es viņu aizvedīšu.,6
Vēl labāk.,6
Es visu nokārtošu.,6
Esam.,6
Skaties un mācies.,6
"Paldies, tēvs.",6
Novāciet!,6
"Skaidrs, skaidrs.",6
Esi sveicināts mūsu ģimenē,6
"Paldies, tēti.",6
Es vemšu.,6
Leitnant.,6
Nostrādāja.,6
Esi gatavībā.,6
Visiem atkāpties!,6
Es visu kontrolēju.,6
Noskaidrosim.,6
Uz kurieni tu ej?,6
Tā tas nenotiek.,6
Ko tu par to zini?,6
"Slava Tev, Dievs!",6
Veicīgi!,6
Liels paldies jums.,6
Griezies!,6
Kur tad?,6
Vislabākais.,6
"Labi, pagaidi.",6
Ko vajag?,6
Pamēģini šo.,6
Ko tādu?,6
Gāze!,6
"Labi, sapratu.",6
Starp citu...,6
"Labi, tas ir labi.",6
SLĒGTS,6
"Labi, tiksimies.",6
Nu tad tā.,6
Kur jūs ejat?,6
Staigā.,6
Noliec klausuli.,6
"Paldies, Jereta kungs.",6
"Paldies, Helēna.",6
Viņš to izdarīja.,6
"Labdien, kungs.",6
Es uztraucos.,6
Roksanna!,6
Stiprāk!,6
Klejotāja?,6
Lilij!,6
Harolds.,6
HaIIo?,6
Harijs.,6
"Velns, ko tas nozīmē?",6
Uz kuru pusi?,6
Nāc pie manis.,6
Vins!,6
Lietus!,6
Grāmatas?,6
Viņš tuvojas.,6
Griez riņķī!,6
Tā nenotiks.,6
Ko mēs meklējam?,6
Granāta!,6
Labs suns.,6
Tā nekas.,6
Ko mēs te darām?,6
Gollum.,6
Veid?,6
Lai jums jauka diena.,6
Greja kompānija,6
Viss gatavs.,6
Gluži manas domas.,6
Ko tas dara?,6
Kur ir...,6
"Uz redzīti, mazulīt.",6
"Giants"" ir uzvarējuši!",6
"Paldies, ka atvedi.",6
Ko lai es tagad daru?,6
Kur ir mana mašīna?,6
Lien.,6
Ko jūs meklējat?,6
"Uzvara, zaudčējums, neizšķirts...",6
Noliec to.,6
"Labi, vecīt.",6
"Nu, izbeidz.",6
Lien nost!,6
"Paldies, labi.",6
Ko tu uzzināji?,6
Ko jūs par to domājat?,6
Gribi par to parunāt?,6
Grethena!,6
Ko jūs redzat?,6
"Viens, divi, trīs, piesitiens.",5
Tu ņirgājies?,5
Tulio!,5
Vai to tu gribi?,5
Vai tad tā nav?,5
— Tiešām?,5
Uz kurieni tu iesi?,5
Vai sāpēja?,5
Uzbrukt!,5
Vai tad tu neredzi?,5
Uz kurieni tagad?,5
Un tomēr...,5
Visi gatavi?,5
Šī?,5
Šī ir mūsu māja.,5
Uz cik ilgu laiku?,5
Un šis?,5
Uz tualeti.,5
Un šo.,5
Viss notiek.,5
Tu to zināji?,5
Vai tev patīk?,5
Viss ir nokārtots.,5
Vai tev bail?,5
Violeta.,5
Vai sapratāt?,5
Viss nokārtots.,5
Vindoms Erls.,5
Viltus trauksme.,5
Ššš.,5
"Šķiet, ka tā.",5
"Viss kārtībā, viss kārtībā.",5
Vilciens!,5
Viss tiek kontrolēts.,5
Vienu dienu?,5
Tu vari to izdarīt.,5
Tu smejies?,5
Tu zināji?,5
"Tu zini, ko tas nozīmē?",5
Un tu to zini.,5
Vai tas esi tu?,5
Tu taču to zini.,5
Visi zemē!,5
Viņa bija...,5
— Ko tu dari?,5
Tu to nedarīsi.,5
Tu viņu pazaudēji?,5
Vai tas ir viņš?,5
Vista.,5
Tu viņu biedē!,5
Visi veseli?,5
Visi prom!,5
Tu viņu atradi.,5
Tu to redzi?,5
Visi laukā!,5
Varu iedomāties.,5
Ļoti Iabi.,5
Vai redzi mani?,5
Tāds ir mans darbs.,5
Vai esi izsalcis?,5
Vairs nav laika!,5
Tu raudi?,5
Ārij!,5
Vai esi gatavs?,5
"Ā, jā.",5
vai ne?,5
"Ātri, ātri!",5
Tāds bija plāns.,5
Tāda ir vienošanās.,5
"Tā, tā, tā.",5
Tā ir tikai spēle.,5
Uzvilkt maskas!,5
Tā ir vienīgā iespēja.,5
Vairogu mūri!,5
Tāpat kā tev.,5
Vediet viņu prom.,5
Tā ir metafora.,5
Viņš pazuda.,5
Uzticēties tev?,5
Vai jūs klausāties?,5
Viņš tikai...,5
Čūska!,5
Viņš to paņēma.,5
"Velns, jā.",5
Uzvara!,5
Vai jūs...,5
Čomiņ.,5
Velna būšana!,5
Čerij?,5
"Čau, te Sems.",5
"Vai zini, kāpēc?",5
lzbeidziet!,5
Tā ir zīme.,5
Īrs.,5
Zelts.,5
Tā nav mana problēma.,5
Tā notiek.,5
Zibens.,5
Varētu.,5
Vēsā mierā.,5
Tā nav spēle.,5
Zaglis?,5
Vēlu naktī melnais strazdiņš dzied,5
Whoo!,5
Vūdam trāpīja!,5
Uz leju.,5
Vētrasputn!,5
Vīrs?,5
Varu.,5
"Zini, ko es domāju?",5
Vēlreiz paldies.,5
Ved viņu iekšā.,5
Vai dzirdējāt?,5
lespējams.,5
ldiots!,5
ko tu dari?,5
Zvēru pie Dieva.,5
Zvani.,5
Tā visa ir mana vaina.,5
Vai arī...,5
Vašingtona,5
Zināji?,5
Vectētiņ!,5
Vēl kāda lieta.,5
Ziniet...,5
Tā mani sauc.,5
Tā mēdz gadīties.,5
Tā ir mana komanda.,5
Tās ir labas ziņas.,5
Tur ir...,5
Vienreiz.,5
Ņem viņu.,5
Viņi visi.,5
Viņu ir pārāk daudz!,5
Uzliec gaidīšanas režīmu.,5
Vai mēs varam...,5
Vai tu varētu...,5
Viņš bija mans draugs.,5
Un ko tagad?,5
Ļoti patīk.,5
Vai mani kāds dzird?,5
Vienosimies.,5
Vai tu zini?,5
Turpiniet skriet!,5
Ļoti laba.,5
Turiet acis vaļā.,5
"Ņem, ko gribi.",5
Viņš ir klāt.,5
Uzgaidi mirklīti.,5
Viņa ir tur.,5
Tur kāds ir.,5
Tur viņa ir.,5
Vai redzat?,5
Un tas viss?,5
Vienreizīgi.,5
Viņai viss ir kārtībā.,5
Turies tuvumā.,5
Un nu...,5
Šarlote.,5
Viņi atgriezīsies.,5
Uzklausi.,5
Viņi neesot piedzērušies!,5
Ņemiet par labu.,5
Tuvojas vētra.,5
Vienkārši neticami.,5
Viņš nāk šurp.,5
Viņš melo.,5
"Tēvoci Gadžet, palīgā!",5
Ļauj man tev palīdzēt.,5
Viņš ir traks.,5
Ļauj man ar viņu parunāt.,5
Vai kas noticis?,5
Vai varu to apskatīt?,5
Tā ir kļūda!,5
Viņš ir tavs.,5
Vai kas?,5
Viņš neatgriezīsies.,5
Viņš nekustas.,5
Tēju?,5
Viņš nomira.,5
"Velns, ko tu dari?",5
Vai kaut kas noticis?,5
Ļauj viņam iet.,5
Tā arī bija.,5
Tā bija dāvana.,5
Ļoti daudz.,5
Tā nav tiesa.,5
Viņš ir mans.,5
Vai kāds ir mājās?,5
Vai varu jums palīdzēt?,5
Viņš ir mans brālis.,5
Tā bija kļūda.,5
Ļaujies.,5
Vienkārši ej.,5
Viņš ir slepkava.,5
Tā bija viņa.,5
Tūliņ atgriezīšos.,5
Vienkārši aizveries!,5
Viņš ir slims.,5
Visiem viss kārtībā?,5
Mēs to atradām.,5
Tu nāksi man līdzi.,5
Kam tev tas?,5
Kas mums šeit ir?,5
Kas mums ir?,5
Kas man būtu jādara?,5
Kas jums noticis?,5
Kas ir viņš?,5
Kas ir ar tevi?,5
Kas esat?,5
Kas būs tālāk?,5
Karsts!,5
Kapec?,5
Kamija!,5
Kam tas domāts?,5
Klausies manī.,5
Kalipso.,5
Kajs...,5
Kad tu mani mīļo,5
Jūs to zināt.,5
Jūs tiekat apcietināts.,5
Jūs neesat vieni.,5
Jūs laikam jokojat.,5
Jūs esat...,5
Jūs dzirdējāt.,5
Jū-hā!,5
Jādodas prom.,5
Kas par sūdiem?,5
Kas pie velna notiek?,5
Kas tad mums te ir?,5
Kas tagad?,5
Kirby?,5
Ketrīn!,5
Kerolina.,5
Kefrija kungs.,5
Kaut ko noskaidroji?,5
Kaut kas noticis?,5
Kauja visu labo.,5
Katnisa!,5
Katja.,5
"Kas, pie velna, tas bija?",5
Kas šeit ir?,5
Kas viņi tādi ir?,5
Kas viņam lēcies?,5
Kas viņam kaiš?,5
Kas viņa bija?,5
Kas tā?,5
Kas tie bija?,5
Kas tev uznācis?,5
Kas tev prātā?,5
Kas tev noticis?,5
Kas te īsti notiek?,5
Kas te notika?,5
Kas tas viss ir?,5
"Jā, viss labi.",5
"Jā, sapratu.",5
"Jā, piedod.",5
"Izbeidz, labi?",5
Ir septiņi no rīta.,5
Ir atšķirība.,5
Ir Ziemassvētki.,5
Ieslodzītum!,5
Ieroči.,5
"Iepriekšējā ""Tvinpīkas"" sērijā...",5
Ieeja aizliegta,5
Iedod man to.,5
Iedarbini.,5
"Hufan, vai tu mani dzirdi?",5
Hila!,5
Heizela Greisa.,5
"Hei, ko tu dari?",5
"Hei, hei.",5
Hagrid!,5
Gudra meitene.,5
Griezies atpakaļ!,5
Greisa?,5
Godīgi.,5
Glāb mani.,5
Gatavojies.,5
Gaj.,5
Fusi.,5
Irma?,5
Izdzer.,5
"Jā, patiesi.",5
Izklausās jautri.,5
"Jā, nu...",5
"Jā, laikam gan.",5
"Jā, labprāt.",5
"Jā, gan.",5
"Jā, esam.",5
"Jā, es tā domāju.",5
"Jā, es dzirdēju.",5
"Jā, bija gan.",5
Jā ser.,5
Jums veicas.,5
Jums tāpat.,5
Jums tas nav jādara.,5
Jums jāiet prom.,5
Johaidī ar ārā!,5
Jel pagaidiet,5
Jebkad.,5
Jauni zābaki...,5
Jauka vietiņa.,5
Jauka meitene.,5
Jau labāk.,5
Jau atkal.,5
Ja-kā.,5
Izturies dabiski.,5
Kitai!,5
Klejotāj?,5
"Lēnāk, lēnāk.",5
Kāpēc tu atgriezies?,5
"Labi, forši.",5
"Labi, es saprotu.",5
"Labi, braucam.",5
"Labi, bet...",5
Labi tev.,5
Labi gulēji?,5
LIONAS ĪPAŠUMI,5
Kūka!,5
Kļūdījos.,5
Kītij!,5
Kāpēc tu smaidi?,5
Kāpēc tik daudz?,5
Ko darāt?,5
Kāpēc gan nē?,5
Kāpēc esi šeit?,5
Kāpiet mašīnā.,5
Kāp lejā.,5
Kādēļ tā?,5
Kāds viņš ir?,5
Kāds viņš bija?,5
Kāds ir jūsu īstais vārds?,5
Kāda tā bija?,5
Kāda tam jēga?,5
Kāda sajūta?,5
"Labi, paklau.",5
"Labi, paklausies.",5
Labrīt visiem.,5
"Labrīt, Pīter.",5
Luudzu.,5
Luters!,5
Losandželosas policija!,5
Lien iekšā.,5
Lielāku.,5
"Lieliski, lieliski.",5
Lieliski pastrādāts.,5
Liec nost.,5
Liec mani zemē!,5
Liec Babiju mierā!,5
Leslij.,5
Leo Džonsons,5
Laižamies!,5
Laipni lūgta.,5
Laimīgu jauno gadu!,5
Laiks rīkoties.,5
Laiks?,5
Laid viņu.,5
Lai vai kas.,5
Lai nāk!,5
Labāk ne.,5
Labs ķēriens.,5
Labs metiens.,5
Kā viņai ir?,5
Kā tu uzdrīksties?,5
Kā tev tas izdodas?,5
Kur ir mana ģimene?,5
Ksander!,5
Krustā sišana?,5
"Komandas loceklis, kuģa daļa.",5
"Ko, pie velna, tu te dari?",5
"Ko, pie velna, tu domāji?",5
Ko vēl?,5
Ko viņi teica?,5
Ko viņi izdarīja?,5
Ko viņa grib?,5
Ko tu no sevis iedomājies?,5
"Ko tu gribi, lai es saku?",5
Ko tu gribi no manis?,5
Ko tu grasies darīt?,5
Ko tu dari manā mājā?,5
Ko skaties?,5
Ko mums darīt?,5
Ko lai iesākam?,5
Ko lai es saku?,5
Ko jūs tur darāt?,5
Ko jūs no manis gribat?,5
Ko jūs izdarījāt?,5
Ko es varu teikt?,5
Ko es jums teicu?,5
Kur esat?,5
Kur ir mans zizlis?,5
Kā tev?,5
Kur ir vecajie?,5
Kā patīk?,5
Kā mēs to izdarīsim?,5
Kā jums patika?,5
Kā jau teicu...,5
"Kā iet, brāl?",5
Kā gāja darbā?,5
Kā gan?,5
Kurš tas bija?,5
Kurš tad?,5
Kurš stāvs?,5
Kurt!,5
Kurp jūs dodaties?,5
Kur viņš aizgāja?,5
Kur tā palika?,5
Kur tu viņu atradi?,5
Kur tu to rāvi?,5
Kur tu to dzirdēji?,5
Kur tu to atradi?,5
Kur tu strādā?,5
Kur tu slēpies?,5
Kur tu paliki?,5
Kur mēs dodamies?,5
Kur mazulis?,5
Fred?,5
"Esmu šeit, lai palīdzētu.",5
Esmu stāvoklī.,5
Come on.,5
Divas dienas.,5
Diplomātiskā neaizskaramība.,5
Dievs to vēlas!,5
Desmit minūtes.,5
Derēs.,5
Dedzināt!,5
Debesīs.,5
Daudz ko.,5
Darīt ko?,5
Dabūji?,5
Cīnieties!,5
Citreiz.,5
Esmu pārliecināts.,5
Cilvēks.,5
Cik forši!,5
Cigareti?,5
"Ceru, ka ne.",5
Centīšos.,5
Cel augšā!,5
Būs Iabi.,5
Bīstami.,5
Bērk!,5
Buongiorno.,5
Bumba!,5
Divus gadus.,5
Divus miljonus?,5
Dominik!,5
"Domā, ko runā.",5
Ejiet nost!,5
"Ejam, Sid.",5
Ejam tālāk.,5
"Ej, ej, ej.",5
Ej ratā!,5
"Ej dirst, Dievs!",5
"Ei, ko tu dari?",5
"Ei, kas notiek?",5
"Ei, jūs!",5
Eh...,5
Edij!,5
Džūlij!,5
Džozef?,5
Džims.,5
Džesa?,5
Dīvainis.,5
Dāvana.,5
Dārgumiņš.,5
Dārgais!,5
Dzīve.,5
Durvis.,5
"Domāju, jā.",5
Domāju...,5
Brener!,5
Braucam mājās.,5
"Brauc, brauc!",5
Ar vienu noteikumu.,5
Ar atgriešanos.,5
Ar...,5
Apturiet!,5
Apturi viņu!,5
Apsveicam.,5
Apdrošināšana?,5
Anabella!,5
Aktivizēta autonomā sistēma.,5
Akmens.,5
"Ak, velns.",5
"Ak, vecīt.",5
"Ak, tiešām?",5
"Ak, protams.",5
"Ak, mīļā.",5
"Ak, mans...",5
Aizvedīšu tevi mājās.,5
"Aiziet, Ziema.",5
"Aiziet, Pīter.",5
"Aiziet, Nīl.",5
"Aiziet, Brok.",5
Aizdedzini!,5
Aiven!,5
Aaaa !,5
Ar to pietiks.,5
"Arlabunakti, Deizij.",5
Brauc man līdzi.,5
Atjēdzies.,5
Blū!,5
Billij!,5
Bija tumšs.,5
Bija jautri.,5
Bet tas nekas.,5
Bet man...,5
Bet kā?,5
Bendžamins.,5
Beigts.,5
"Beidz, Pīter.",5
Beidz raudāt.,5
"Baidos, ka jā.",5
Aģents Pīters Bērks.,5
Auksts.,5
Augšup un lejup.,5
"Atā, mamma.",5
Atver seifu.,5
"Atvainojiet, atvainojiet.",5
Atslēgas.,5
Atslēga.,5
Atom!,5
Atlikt.,5
Atkārtojiet.,5
Elpojiet.,5
Es aizbraucu.,5
Es aiziešu.,5
Es to tā nedomāju.,5
Es to sapratu.,5
Es to pamanīju.,5
Es to nevaru izdarīt.,5
Es to nevaru darīt.,5
Es to neteicu.,5
Es to nesaprotu.,5
Es to negribēju.,5
Es to cienu.,5
Es tikai pajokoju.,5
Es tevi tik ļoti mīlu.,5
Es tevi redzēju.,5
Es tevi nožmiegšu!,5
Es tevi nositīšu!,5
Es tevi nevainoju.,5
Es tevi brīdinu.,5
Es tev neuzticos.,5
Es tam nespēju noticēt.,5
Es skaitu.,5
Es pārbaudīšu.,5
Es pārbaudīju.,5
Es priecājos par tevi.,5
Es priecājos.,5
Es pazūdu.,5
Es to spēju.,5
Es to varu izdarīt.,5
Es noskaidrošu.,5
Es trāpīju!,5
Esmu nogurusi.,5
Esi pārsteigts?,5
Esi pacietīga.,5
Esi beidzis?,5
Esi ar mieru?,5
Esi?,5
Es zvanu policijai.,5
"Es zinu, zinu.",5
"Es zinu, ko tas nozīmē.",5
Es vēl neesmu beidzis.,5
Es viņu turu.,5
Es viņu redzēju.,5
Es viņu pazinu.,5
Es viņu atradu.,5
Es viņu atceros.,5
Es viņam sekoju.,5
Es varēšu.,5
Es varu tev palīdzēt.,5
Es varu mainīties.,5
Es vairs nespēju.,5
Es uzvarēšu.,5
Es tā darīšu.,5
Es tur neiešu.,5
Es par viņu parūpēšos.,5
Es nogalināju Siriusu Bleku!,5
Es arī mīlu tevi.,5
Es jau eju.,5
Es gribu tevi.,5
Es gribu tev palīdzēt.,5
Es esmu tavs tēvs.,5
Es esmu stāvoklī.,5
Es esmu cilvēks.,5
Es esmu Zirnekļcilvēks.,5
Es esmu Vincents.,5
Es esmu Bens.,5
Es eju prom.,5
Es dzīvošu,5
Es došos tev līdzi.,5
"Es domāju, ka jā.",5
Es dodos prom.,5
"Es darīšu, ko spēšu.",5
Es būšu tepat.,5
Es būšu atpakaļ.,5
Es braukšu.,5
Es braucu mājās.,5
Es biju.,5
Es beidzu.,5
Es atzīstos.,5
Es atzvanīšu.,5
Es atnesīšu.,5
Es iešu gulēt.,5
Es jums neticu.,5
"Es nezināju, ko darīt.",5
Es kaut ko izdomāšu.,5
"Es nezinu, ko teikt.",5
Es nevarēju.,5
Es nevaru to izturēt.,5
Es nevaru palikt.,5
Es nespēju to izdarīt.,5
"Es nesaprotu, kas notiek.",5
Es neraudu.,5
Es neprotu.,5
Es nepiekrītu.,5
Es nepametīšu.,5
Es nekur neiešu.,5
Es neko neizdarīju.,5
Es nekad...,5
Es negribu to dzirdēt.,5
Es neesmu gejs.,5
Es nebraukšu.,5
Es mēģināšu.,5
Es miršu.,5
Es meklēju...,5
Es lūdzu.,5
Es lidoju!,5
Es lepojos ar tevi.,5
Es kritu panikā.,5
Lāstus ardievum.,5
Līdz nāve m#s ùķirs.,5
Tu neticēsi.,5
Sasveicinies.,5
Spied!,5
Smaidi.,5
Skūpstu.,5
Skaties uz priekšu.,5
Skaties man acīs.,5
"Skat, skat.",5
Skaists.,5
Skaidra lieta.,5
Shit!,5
Sen.,5
Selarsa kungs.,5
Sarunāsim tā.,5
Tas bija dīvaini.,5
Saruna beigusies.,5
Sarkanā Puķe.,5
"Saproti, ko es saku?",5
"Saproti, ko es domāju?",5
Salūts!,5
Saldā meitene,5
Saki patiesību.,5
Rīkojies.,5
Runā klusāk.,5
Runa nav par to.,5
Rokas uz galvas!,5
Spēj tam noticēt?,5
Spēle beigusies.,5
"Spēlē, Džonij, spēlē",5
Spļauj ārā!,5
Tailer!,5
Tagad vai nekad.,5
Tagad tu.,5
Tagad jā.,5
"Tad soli, ka dalīsim",5
Tad jau tiksimies.,5
Tad...,5
Sēdēt!,5
"Sveiks, partner !",5
"Sveiks, mazais.",5
"Sveiks, Rūdij.",5
"Sveiks, Mārtij.",5
"Sveiks, Edvard.",5
"Sveiks, Džouns.",5
Sveiki visiem.,5
"Sveika, Sāra.",5
Suuds!,5
Subtitrus sagatavoja Rūdolfs Grīva,5
Stārk!,5
Stupefy!,5
Stulbeņi!,5
Stouks!,5
Stifler?,5
Rokas...,5
Rimsties!,5
Riebīgi.,5
Prieks dzirdēt.,5
Priecīgus ziemassvētkus.,5
"Priecājos, ka atnāci.",5
Po!,5
Plūškoka zizlis.,5
Piķis un zēvele!,5
Pilnīgs vājprāts.,5
Pilnīgi visi.,5
Pilnīgi izslēgts.,5
Pieņemts.,5
Piezvanīšu.,5
Piezemējums!,5
Piesprādzējieties.,5
Pienācis laiks.,5
Pienu?,5
"Piemēram, ko?",5
Piedodiet man.,5
"Piedod, vecīt.",5
"Piedod, piedod.",5
"Piedod, draugs.",5
Piecus gadus.,5
Piecelties!,5
Piecelieties.,5
Pie mums.,5
Prieks.,5
Prieks jūs atkal satikt.,5
Rembo!,5
Prieks redzēt.,5
Reizē!,5
Redzēsi.,5
Redzu viņu.,5
Redzi šo?,5
"Red Bull"".",5
Raian!,5
Rafael!,5
R?,5
Pīters Bērks.,5
Pārņem.,5
Pārāk zemu.,5
Pārved viņu mājās.,5
Pārtrauciet!,5
Pārsteidzoši!,5
Pārdots!,5
Pārbaudīšu.,5
Putnu biedēklis.,5
Pusnaktī.,5
"Protams, mīļā.",5
"Protams, ka zinu.",5
"Protams, ka esi.",5
Profesor Dumidor.,5
Problēma atrisināta.,5
Tam nav jēgas.,5
Tas bija pārpratums.,5
"Lūdzu, beidz.",5
Tikai ne man.,5
Toda kungs?,5
To zina visi.,5
To tu pasaki man.,5
To pašu.,5
To es zinu.,5
To es varu.,5
Tjago!,5
Tinies prom!,5
Tinies!,5
Tiksimies mājās.,5
Tikai pasaki.,5
Tikai elpo.,5
Tas bija skaisti.,5
Tik vien?,5
Tik tiešām.,5
Tik skaisti.,5
Tik mīļi.,5
Tik daudz?,5
"Tik aizraujoša, ka skatītāji dies un smies.",5
"Tik aizgrābjoša, ka pusgadsimtu uz skatuves tā ies.",5
Tieši otrādi.,5
Tieši mērķī!,5
Tiekamies lejā.,5
"The ONION"" Amerikas labākais ziņu avots",5
Trakais.,5
Trevors.,5
Trīs dienas.,5
Tu aizej?,5
Tu nekur neiesi.,5
Tu neesi viens.,5
Tu neesi vajadzīgs.,5
Tu ne.,5
Tu mirsi.,5
Tu mani pārbiedēji.,5
Tu mani nobeigsi.,5
Tu man uzticies?,5
Tu man esi vajadzīgs.,5
Tu lieliski izskaties.,5
"Tu joko, vai ne?",5
Tu izskaties noguris.,5
Tu izskaties...,5
Tu iesi.,5
Tu esi ģēnijs.,5
Tu esi te.,5
Tu esi smieklīga.,5
Tu esi precējusies.,5
Tu esi miris.,5
Tu esi gatavs.,5
Tu esi briesmonis.,5
Tu biji lielisks.,5
Tu apsoli?,5
Tev tas patīk.,5
Tev palīdzēt?,5
Tev man jāpalīdz.,5
Tas nav jauki.,5
Tas ir ģeniāli.,5
"Tas ir viss, kas man ir.",5
Tas ir vienkārši.,5
Tas ir tavs.,5
"Tas ir tas, ko viņi dara.",5
Tas ir stulbums.,5
Tas ir skaists.,5
Tas ir savādi.,5
Tas ir sapnis.,5
Tas ir pareizi.,5
Tas ir neizbēgami.,5
Tas ir nedaudz dīvaini.,5
"Tas ir mazākais, ko varu darīt.",5
Tas ir mans tēvs.,5
Tas ir labs jautājums.,5
Tas ir labs darbs.,5
Tas ir gudri.,5
Tas ir galīgi garām.,5
Tas ir fakts.,5
Tas ir darbs.,5
Tas gan bija ātri.,5
Tas bija šausmīgi.,5
Tas bija ātri.,5
Tas nav Aleks.,5
Tas nav joks.,5
Tev labi padodas.,5
Tas nav normāli.,5
Tev ir taisnība.,5
Tev ir nepatikšanas?,5
Tev ir draugs?,5
Tev ir draudzene?,5
Tepat ir.,5
Templton!,5
Teikšu tev tā.,5
Te nav droši.,5
Te mēs esam.,5
Tava vaina.,5
Tava sieva.,5
Tas vairs neatkārtosies.,5
Tas skaitās.,5
Tas pieder tev.,5
Tas notiks.,5
Tas notiek.,5
Tas neskaitās.,5
Tas nelīdzēs.,5
Tas nebūs viegli.,5
Tas nav vajadzīgs.,5
Tas nav tā.,5
"Tas nav tas, ko tu domā.",5
Tas nav taisnīgi.,5
Pica.,5
Pazudis.,5
Pateicoties tev.,5
Muti ciet!,5
Mēs visi mirsim.,5
Mēs to izdarījām!,5
30 metri.,5
Mēs svinam.,5
Mēs saprotam.,5
Mēs esam drošībā.,5
Mēs abi to zinām.,5
Mērķēt!,5
Mārv!,5
Mārtijs Haginss.,5
Mārgareta!,5
"Mums""?",5
Pateicamies.,5
Mums viņš jāaptur.,5
Mums jārīkojas ātri.,5
Mums jāparunā.,5
Mums jāatgriežas.,5
Mums izdosies.,5
Mums ir vienošanās.,5
Mums ir jāiet.,5
Motoru!,5
Mort!,5
Monētu trauksme!,5
Mokum!,5
Mēs vēl neesam beiguši.,5
Mēsli.,5
Mīla,5
Mīlējies ar mani.,5
Nekas nenotika.,5
Nekas nenotiek.,5
Nekad to neaizmirsīšu.,5
Neitiri!,5
Neesmu pārliecināts.,5
Neesmu izsalcis.,5
Neesmu drošs.,5
Neej prom!,5
Nedrīkstu teikt.,5
Nedomā par to.,5
Nedaudz pa kreisi.,5
Nedariet viņam pāri!,5
Neapvainojies.,5
Neapstājieties!,5
Neaiztieciet.,5
Ne visi.,5
Ne tu.,5
Ne man.,5
Nav slikta doma.,5
Nav iespējams.,5
Naudu?,5
Nauda!,5
Mūzikas lādīte.,5
Mirusi.,5
Miers ar tevi.,5
Mi bello.,5
Man nu jāiet.,5
Man neko nevajag.,5
Man ne.,5
"Man nav ne jausmas, par ko tu runā.",5
Man nav naudas.,5
Man jāiet uz darbu.,5
Man jāatpūšas.,5
Man jāatgriežas.,5
Man izdevās!,5
Man ir ģimene.,5
Man ir lieliski jaunumi.,5
Man ir labāka doma.,5
Man ir labas ziņas.,5
Man ir 14 gadu.,5
Man arī prieks.,5
Maksvela kungs?,5
Makflaj!,5
Mak!,5
Major?,5
Maiks.,5
Lūkas!,5
"Lūk, šeit.",5
"Lūdzu, nāciet iekšā.",5
"Lūdzu, ej prom.",5
Man nevajag tavu palīdzību.,5
Man tam nav laika.,5
Mhm.,5
Man tev kaut kas ir.,5
Mesija!,5
Merij!,5
Melo.,5
Mazlietiņ.,5
Max!,5
Maverik.,5
Marta!,5
Marko...,5
Mans!,5
Manis?,5
Mani draugi.,5
Mana ģimene.,5
Mana sieva.,5
Mana mamma.,5
Mana cepure!,5
Mana,5
Man žēl to dzirdēt.,5
Man ļoti patīk.,5
Man vajadzīga palīdzība.,5
Man vajadzīga jūsu palīdzība.,5
Man tā nešķiet.,5
Man tevis pietrūks.,5
Man tevis pietrūka.,5
Nekas nenotiks.,5
"Nekas, viss kārtībā.",5
Nekautrējies.,5
"Paldies, Harij.",5
"Paldies, Deivid.",5
"Paldies, Betmen.",5
Paldies par to.,5
Paldies par padomu.,5
Pagājušajā nedēļā.,5
Pagaidiet šeit.,5
Pagaidiet mirkli.,5
Pagaidiet mani!,5
"Pagaidi, ko?",5
Pagaidi šeit.,5
"Paga, ko?",5
"Pag, pag.",5
Padre?,5
Padejo ar mani.,5
Oww!,5
Ohh-ohh-ohh...,5
Ogij.,5
"Nŗ, kungs.",5
Nīls.,5
"Nē, |",5
"Nē, viņš...",5
"Nē, viss ir labi.",5
"Nē, viss ir kārtībā.",5
"Paldies, Fil.",5
"Paldies, ka atbraucāt.",5
"Nē, tā nebija.",5
"Paldies, paldies.",5
Pat nedomā par to.,5
Pat nedomā.,5
Pastāsti man.,5
Pasaki to vēlreiz.,5
Pasakaini.,5
Parādiet.,5
Parādies!,5
Parunāsim rīt.,5
Parole?,5
Parakstieties šeit.,5
Par šo.,5
Par tevi.,5
Par mani.,5
Pamēģināsim vēlreiz.,5
Pamest kuģi!,5
Pamanīji?,5
Palīdzēsiet?,5
Palīdzēsi?,5
Palīdziet viņam.,5
Paliec uz vietas.,5
Paliec mašīnā.,5
Paliec ar mani.,5
"Paldies, veči.",5
"Nē, tēt.",5
"Nē, tu nevari.",5
Neko daudz.,5
No visas sirds.,5
No kurienes tas?,5
No kurienes jūs nākat?,5
Nika.,5
Neņem vērā.,5
Nezaudčē lepnumu.,5
Nevajag atvainoties.,5
Nevainojami.,5
Neuzprasies.,5
Neuzdrošinies!,5
Netrāpīja!,5
Neticu savām acīm.,5
Neteikšu.,5
Nesāc.,5
Nesaproti?,5
Nerunāsim par to.,5
Neraizējies par to.,5
Nepūlies.,5
Nepārspīlē.,5
Nepavisam nav slikti.,5
Nepadodies.,5
Nenāc man klāt.,5
"Nekādu ""bet"".",5
Neko neredzu!,5
No kā tu baidies?,5
No visiem.,5
"Nē, patiešām.",5
Nobijies?,5
"Nē, paklausies.",5
"Nē, neko.",5
"Nē, nekad.",5
"Nē, neesi.",5
"Nē, nav taisnība.",5
"Nē, es ne...",5
Nākamā pietura,5
"Nāciet, nāciet.",5
Nāciet šeit.,5
"Nāc, mīļā.",5
Nāc šurpu.,5
Nāc te.,5
"Nu, nē.",5
"Nu, lūk.",5
Nu viss.,5
"Nu taču, vecīt.",5
Nu tad labi.,5
Nu nezinu.,5
Novērs uzmanību.,5
Novāc viņu!,5
Noteikti nē.,5
Normāls.,5
Nomierināties?,5
♪ Kas noķert var kuģi lidojošo?,5
