sentence,count
അതെ.,2530
ഇല്ല.,1921
ശരി.,1767
നന്ദി.,1298
എന്ത്?,1076
ഹലോ.,987
എന്താ?,898
അല്ല.,764
വേണ്ട.,753
ഹേയ്!,730
ഓ.,721
വരൂ.,707
എനിക്കറിയില്ല.,559
വാ.,501
നാശം!,492
വേഗം!,479
അതേ.,457
ഓക്കേ.,402
കൊള്ളാം.,394
മി.,381
പോ!,377
എനിക്കറിയാം.,364
എന്തിന്?,364
ആ..,348
ക്ഷമിക്കണം.,341
തീര്‍ച്ചയായും.,334
ദൈവമേ!,332
ഉം.,327
നോക്ക്.,325
ഉവ്വ്.,300
ഇതാ.,294
ഓഹ്..,293
ഒന്നുമില്ല.,276
ശരിക്കും?,272
പിന്നെ...,258
എവിടെ?,256
പ്ലീസ്.,253
മനസ്സിലായോ?,253
ഹായ്.,251
അത്...,250
അല്ലേ?,238
ഉണ്ട്.,237
നമുക്ക് പോകാം.,230
അതെന്താ?,224
ഒരു നിമിഷം.,217
അമ്മേ!,208
ഞാന്‍...,206
ആണോ?,206
പോകാം.,204
തീർച്ചയായും.,199
ആഹ്!,194
നല്ലത്.,194
അച്ഛാ!,192
എന്ത് പറ്റി?,192
ഇവിടെ.,187
ബൈ.,174
നില്‍ക്ക്.,165
എങ്ങനെ?,163
ഇല്ലാ.,163
പറയൂ.,161
നിർത്ത്!,160
സോറി.,159
നിൽക്ക്!,155
അറിയില്ല.,152
ആര്?,152
അയ്യോ!,151
നിര്‍ത്ത്!,151
നോക്കൂ.,150
സര്‍.,146
ഞാൻ...,141
കുഴപ്പമില്ല.,140
ഇവിടെ വാ.,140
സാർ.,137
അതെയോ?,137
ഗോ..,135
പോകൂ.,133
എന്തു പറ്റി?,131
പക്ഷെ...,130
ശരിയാണ്.,130
മതി.,129
വളരെ നന്ദി.,129
പെട്ടെന്ന്!,126
നീ...,126
അരുത്.,125
സാരമില്ല.,125
ഇത്...,121
വേണ്ടാ!,119
എന്തേ?,118
ഇരിക്ക്.,116
എന്തുകൊണ്ട്?,116
ഓകെ.,115
നില്‍ക്കൂ!,115
എന്നോട് ക്ഷമിക്കൂ.,114
ഞാനോ?,114
അറിയാം.,113
എന്തുപറ്റി?,111
സത്യം.,109
അതുകൊണ്ട്?,109
ഡോ.,109
എന്താണ്?,107
ഉറപ്പാണോ?,106
നന്നായി.,106
പറ.,106
എന്നിട്ട്?,106
ഹാരി!,106
പക്ഷേ...,105
ഒരിക്കലുമില്ല.,103
പറ്റില്ല.,103
ദയവായി.,102
അവിടെ.,101
എനിക്ക്...,101
എന്താ പ്രശ്നം?,101
സർ.,98
ഓക്കെ.,98
എന്താണത്?,96
താങ്ക്യൂ.,96
അനങ്ങരുത്!,94
എന്നോട് ക്ഷമിക്കണം.,93
എന്താണിത്?,92
ഇരിക്കൂ.,92
കണ്ടോ?,92
ഏയ്.,87
എന്താ അത്?,86
താങ്ക്സ്.,86
സ്വാഗതം.,85
ഇതെന്താ?,84
എന്നെ വിട്!,81
യാ.,81
എന്താ കാര്യം?,80
ഹാ..,80
മ്..,79
പേടിക്കണ്ട.,79
എന്താ ഇത്?,77
മനസിലായോ?,77
അല്ലെ?,77
കോപ്പ്.,77
എന്തായിത്?,76
മിണ്ടരുത്!,75
എണീക്ക്.,75
ശെരി.,74
പപ്പാ!,73
ഇല്ലേ?,73
ഓട്!,73
എന്തിനു?,73
വാ പോകാം.,71
ഹേ...,70
ശരിയല്ലേ?,69
നമസ്കാരം.,69
ഹെയ്.,69
ഞാനും.,69
നോ..,69
അതിനെന്താ?,68
സൂക്ഷിച്ച്.,68
ഒരു മിനിറ്റ്.,68
മിണ്ടാതിരി!,66
അത് തന്നെ.,66
ആരാ അത്?,66
എന്റെ ദൈവമേ!,65
നിര്‍ത്തൂ!,65
ഓടിക്കോ!,65
ഇപ്പോള്‍...,64
കിട്ടി.,64
ഗുഡ് നൈറ്റ്.,62
എന്തിനാ?,62
ഗുഡ് ബൈ.,62
കെ.,62
അത് ശരിയാണ്.,62
നടക്ക്!,60
ങേ?,60
അങ്ങനെ തന്നെ.,60
ഹും.,59
ഓഹോ.,59
പതുക്കെ.,59
ആരാണത്?,58
പോലീസ്!,58
അത് കൊള്ളാം.,57
അതായത്...,57
ആരാണ്?,56
എന്‍റെ ദൈവമേ!,56
ശുഭരാത്രി.,56
പോവാം.,56
ക്ഷമിക്കൂ.,56
പേടിക്കേണ്ട.,55
മമ്മി!,54
എനിക്കും.,54
കാഞ്ചി.,54
കാണാം.,54
അങ്ങനെ.,54
മിസ്റ്റര്‍.,54
വളരെ നല്ലത്.,54
വേഗം വാ!,54
ഇതെന്താണ്?,53
ഒന്ന്.,53
നിക്ക്!,53
ഗംഭീരം.,53
ശരി സാർ.,53
ആരാ?,52
ചെല്ല്.,52
സുപ്രഭാതം.,52
മിണ്ടാതിരിക്ക്!,52
ഇവിടെ വരൂ.,52
സഹായിക്കൂ!,51
വെള്ളം.,51
അത് കുഴപ്പമില്ല.,50
എങ്ങനെയുണ്ട്?,50
ഒരിക്കലും.,50
യെസ്.,50
വേഗമാകട്ടെ!,49
വേണം.,49
എനിക്ക് മനസ്സിലായി.,49
രണ്ട്.,49
എന്തൊക്കെയുണ്ട്?,48
തെണ്ടി!,48
തുറക്ക്.,48
ഗീത,48
ഇങ്ങോട്ട് വാ.,48
എഴുന്നേല്‍ക്ക്!,47
ആഫ്രിക്കൻ ഭാഷ,47
പി.,47
പിന്നെന്താ.,47
കേട്ടോ?,47
"ഇല്ല, ഇല്ല.",46
താങ്ക് യൂ.,46
ഹെലോ.,46
എല്ലാം.,46
ആയിക്കോട്ടെ.,45
ജാനെറ്റ്!,45
"ശരി, സര്‍.",45
സാര്‍!,45
ഗുഡ്ബൈ.,44
ഗുഡ് ഈവനിംഗ്.,44
അത് സാരമില്ല.,44
അങ്ങനെയാണോ?,44
കാരണം...,44
എങ്ങോട്ട്?,44
അല്ലാ.,44
അതെന്താണ്?,44
മാറ്!,44
അപ്പോള്‍...,44
വാടാ!,44
പണ്ടാരം.,43
മാഡം.,43
എഴുന്നേൽക്ക്!,43
നിൽക്കൂ!,43
നിങ്ങള്‍?,43
നിങ്ങളോ?,43
നാറ്റ്!,43
ഗോവിന്ദ.,42
വീണ്ടും!,42
ഇന്നാ.,42
മനോഹരം.,42
തുലയട്ടെ.,42
സുഖമല്ലേ?,42
നന്നായിരിക്കുന്നു.,41
ഗുഡ്.,41
എപ്പോള്‍?,41
മനസ്സിലായി.,41
എക്സ്ക്യൂസ് മി.,41
ശ്രദ്ധിക്കൂ.,41
പോള്‍?,41
പിന്നെ കാണാം.,40
അതാരാ?,40
ഇപ്പോഴോ?,40
ഒക്ജ,40
എന്നോട് ക്ഷമിക്ക്.,40
♪ ഫുക്ക് ഫുക്ക് ഫുക്ക് ഫുക്ക് ♪,40
മം...,40
ക്യാപ്റ്റന്‍.,39
ദാ..,39
ചിലപ്പോള്‍.,39
അപ്പാ!,38
അതിന്?,38
എന്നെ നോക്ക്.,38
നോക്കട്ടെ.,38
സെയ്റ്റ!,38
നീയോ?,38
നന്നായിട്ടുണ്ട്.,37
കുഴപ്പമൊന്നുമില്ലല്ലോ?,37
പോട്ടെ!,37
എന്നെ വിടൂ!,37
ഇസ്സി!,36
ഫ്രോഡോ !,36
ആഹാ.,36
ഇന്റീ.,36
ഹോ!,36
എങ്ങിനെ?,36
എടാ!,36
റെഡി.,36
സലാം.,35
അടിപൊളി.,35
നമുക്ക് നോക്കാം.,35
അഭിനന്ദനങ്ങള്‍.,35
ഒഹ്..,35
ജോണ്‍?,35
ജോൺ,35
വിഡ്ഢി!,35
നിർത്തൂ!,34
നിനക്കോ?,34
പ്ലീസ്‌.,34
എല്ലാം ശരിയാകും.,34
എനിക്ക് പോകണം.,34
അതെയതെ.,34
നല്ല കുട്ടി.,33
ആരെ?,33
ഗുഡ് മോണിംഗ്.,33
ആയിരിക്കാം.,33
സന്തോഷം.,33
ഒക്കെ.,33
മാറി നില്‍ക്ക്.,33
മോനെ,32
ഇങ്ങു വാ.,32
മിണ്ടാതിരിക്ക്‌!,32
ഡാഡി!,32
ഏ?,32
ഡാഡ്?,32
സിമോണ്‍!,32
സഹായിക്കണേ!,32
"വേണ്ട, വേണ്ട.",32
എല്ലാവരും.,32
അകത്തേക്ക് വരൂ.,32
ങ്ഹാ...,32
കണ്ടില്ലേ?,32
സിദ്ധീഖ് അബൂബക്കർ,32
എന്തായാലും...,31
എന്താ സംഭവിച്ചത്?,31
മുന്നോട്ട്!,31
പിടിക്ക്.,31
എഡ്!,31
അപ്പൊ...,31
പേര്?,31
അല്ലല്ല.,31
കഷ്ടം.,31
അതു തന്നെ.,31
കഴിഞ്ഞോ?,30
എന്നാലും...,30
എനിക്ക് പറ്റില്ല.,30
ശ്...,30
നീ എന്താ ചെയ്യുന്നത്?,30
എന്താ പറഞ്ഞത്?,30
"ശരി, ശരി.",30
അങ്ങനെയാകട്ടെ.,30
പുറത്ത് പോ!,30
എന്തെ?,30
എന്താ പറ്റിയത്?,29
അത് ശരി.,29
അഗു!,29
സുഖം.,29
ഒരിക്കലുമല്ല.,29
മോനേ!,29
ശ്രദ്ധിക്കുക!,29
മൈര്!,29
എന്ത് വേണം?,29
പ്രഭോ?,29
മാസ്റ്റര്‍!,28
കമോണ്‍.,28
എനിക്കോ?,28
നാക്ക്!,28
ആന്‍!,28
ഹൈ.,28
അത്രേയുള്ളൂ.,28
അവന്‍...,28
ഹ്?,28
എന്താ നിന്‍റെ പേര്?,28
എത്ര?,28
അഭിനന്ദനങ്ങൾ.,28
മ്മ് ...,28
ഡോർസ!,28
ഹഹ്?,27
മമ്മാ!,27
ശരിയാ.,27
സൂക്ഷിക്കണം.,27
നില്‍ക്കു!,27
"വേണ്ട, നന്ദി.",27
ഇല്ലില്ല.,27
മാക്സ്!,27
പെട്ടെന്നാവട്ടെ!,27
എല്ലാം ശരിയാവും.,27
കൂടാതെ...,27
എടുത്തോളൂ.,27
ശുഭദിനം.,27
ഹലോ ?,27
കഴിഞ്ഞു.,27
എന്തു?,27
ഈ വഴി.,26
ഹൈദർ,26
"ഓ, ദൈവമേ.",26
ഇതാരാ?,26
മൂന്ന്.,26
നമുക്ക് പോവാം.,26
നീങ്ങ്.,26
ഗുഡ് മോണിങ്ങ്.,26
ബ്‌ളോണ്ടി...,26
പുറത്തു പോ!,26
നിനക്ക് മനസ്സിലായോ?,26
അവനെ പിടിക്ക്!,26
"അതെ, അതെ.",26
പീ മാക്ക്.,25
നിര്‍ത്താന്‍!,25
എന്നെ വിശ്വസിക്കൂ.,25
നീയെന്താ ചെയ്യുന്നത്?,25
പിടിക്കവനെ!,25
ഒന്നും.,25
ഹല്ലോ.,25
നീ ആരാണ്?,25
അതുതന്നെ.,25
എപ്പോൾ?,25
കലക്കി.,25
ദ വേ ബാക്ക്,25
സത്യമായിട്ടും.,25
താങ്ക് യു.,24
ടോമി.,24
എനിക്ക് കുഴപ്പമൊന്നുമില്ല.,24
എവിടേക്ക്?,24
അര്‍ജുന്‍!,24
അവനെവിടെ?,24
സാം.,24
ഞാനല്ല.,24
ജായേ,24
വേഗമാവട്ടെ!,24
റിക്ക്.,24
സെറ്റ്സുകോ.,24
മയിര്.,24
ആരാണിത്?,24
അസംബന്ധം.,24
ആഞ്‌ജലീന,24
മൗഗ്ലി.,24
അതെങ്ങനെ?,24
പോടാ.,24
ശ്രദ്ധിക്ക്.,23
അപ്പോ...,23
പറ്റും.,23
വെയ്ന്‍.,23
അത്ഭുതം.,23
വൂ!,23
എന്നാല്‍...,23
നിങ്ങളെന്താ ചെയ്യുന്നത്?,23
തീര്‍ന്നു.,23
പൊയ്ക്കോ.,23
കഴിക്ക്.,23
ആയി.,23
സത്യമാണോ?,23
അതോ...,23
ഇനിയെന്താ?,23
പാറു.,23
ഞാനാണ്.,23
വേണോ?,22
ചേട്ടായി..,22
അത് മതി.,22
സൽമ.,22
നീ എവിടെയാ?,22
നിങ്ങൾ...,22
എനിക്ക് അറിയില്ല.,22
വിന്നീ!,22
ഉണ്ടോ?,22
അഹ്...,22
ഡി ജെ !,22
സരൂ...,22
ഇവിടെയോ?,22
സുഖമാണോ?,22
ഛെ,21
ഉവ്വോ?,21
കുഴപ്പമൊന്നുമില്ല.,21
അതെന്തിനാ?,21
നിനക്ക് കുഴപ്പമൊന്നുമില്ലല്ലോ?,21
സമ്മതിച്ചു.,21
ശാന്തനാവൂ.,21
ഇനി...,21
എനിക്ക് കുഴപ്പമില്ല.,21
വായോ.,21
ബോസ്.,21
മനസ്സിലായില്ല.,21
ഏയ്‌!,21
രക്ഷിക്കണേ!,20
എനിക്ക് മനസ്സിലായില്ല.,20
അങ്ങനെയല്ല.,20
എന്താണ് നടക്കുന്നത്?,20
എന്താണിവിടെ നടക്കുന്നത്?,20
എന്താ നടക്കുന്നത്?,20
എനിക്ക് കഴിയില്ല.,20
എന്നാൽ ശരി.,20
നാല്.,20
എവിടെ പോകുന്നു?,20
നാളെ കാണാം.,20
മിണ്ടാതിരിക്കൂ!,20
ഔ!,20
കുഴപ്പമില്ലല്ലോ?,20
ഹം.,20
അന്നാ!,20
ഹെക്ടര്‍!,20
മര്‍ഫ്!,20
കണ്ടതില്‍ സന്തോഷം.,20
നീ എവിടെ പോകുന്നു?,20
അതു ശരി.,20
ജമാൽ!,20
ക്യാപ്റ്റൻ.,20
ഇതോ?,20
മനസ്സിലായില്ലേ?,20
മരണത്തിലേക്ക്.,20
അതെനിക്കറിയാം.,20
അവസാനം...,20
ആരാണ് നീ?,19
നാളെ.,19
നിനക്കറിയാമോ?,19
ഞാന്‍ പോകുന്നു.,19
എനിക്കറിയണം.,19
"ഓ, നാശം.",19
എപ്പോ?,19
പിന്നല്ലാതെ.,19
ക്ഷമിക്ക്.,19
പാരിസ്.,19
എന്ത്‌?,19
പ്ലീസ്സ്!,19
നിനക്കറിയുമോ?,19
അങ്ങനെയാവട്ടെ.,19
അപ്പോൾ..,19
ഓവര്‍.,19
"അതെ, സർ.",19
എന്താണ് സംഭവിക്കുന്നത്?,19
എന്താണ് സംഭവിച്ചത്?,19
എന്തായി?,19
ഇപ്പോൾ.,19
ജോര്‍ദാന്‍ പ്രവഹിക്കൂ,19
ശരി ശരി.,19
ജാക്ക്.,19
പന്നി!,19
മാറി നിൽക്ക്.,19
ഹ!,19
എന്തുകൊണ്ട് പറ്റില്ല?,19
ബ്രൂണോ!,19
ഇതാണോ?,19
നിനക്കെന്താ വേണ്ടത്?,19
"ശരി, സാര്‍.",19
ആരാ അവിടെ?,18
കര്‍ത്താവേ.,18
എക്സ്ക്യൂസ് മീ.,18
കള്ളന്‍!,18
കാഞ്ചി ഭായ്.,18
ഉറപ്പായും.,18
എടുക്ക്.,18
ദുര്‍ഗ്ഗാ ദേവിയെ സ്തുതിക്കുക!,18
വിഷമിക്കേണ്ട.,18
ഗുഡ് ലക്ക്.,18
എന്താണെന്ന്?,18
ജയിക്കട്ടെ.,18
ഫസല്‍ റഹ്മാന്‍,18
ചേട്ടാ...,18
ചിയേഴ്സ്.,18
എന്തോന്ന്?,18
റെയ്ച്ചല്‍!,18
തുടരൂ.,18
ഞാന്‍ പോവുകയാണ്.,18
ഡോക്ടർ.,18
സീസര്‍!,18
വാലസ്!,18
അവനെ വിട്!,18
സാലി ?,18
മതിയാക്ക്!,18
"അതെ, എനിക്കറിയാം.",18
ദൈവം അനുഗ്രഹിക്കട്ടെ!,18
അടിക്ക്!,18
എസ്റ്റർ?,18
മിസ്സിസ്.,18
വേണ്ടേ?,18
സ്യൂക്!,17
കുറച്ച്.,17
വിട്ടുകള.,17
അ...,17
അപരാധി.,17
സ്വാതന്ത്ര്യം!,17
വാതില്‍ തുറക്ക്.,17
അകത്തു വരൂ.,17
ആണ്.,17
ഐ ലവ് യു.,17
സമയമായി.,17
ഏത്?,17
അവളെവിടെ?,17
എന്തെങ്കിലും കുഴപ്പമുണ്ടോ?,17
ഇഷ്ടമായോ?,17
മോളെ!,17
റാണി..,17
എത്രയാ?,17
എന്റെ കൂടെ വാ.,17
ഇത് ഞാനാണ്.,17
അവിടെ നില്‍ക്ക്.,17
പറയ്.,17
നിങ്ങൾ ആരാണ്?,17
നിനക്കെങ്ങനെ അറിയാം?,17
കിട്ടിയോ?,17
ജൂലിയ...,17
യാഹ്!,17
എന്നാല്‍ ശരി.,17
"അതെ, സാര്‍.",17
ദൂരെ പോ!,17
"അല്ല, അല്ല.",17
വിചിത്രം.,17
ഷിറ്റ്!,17
എൽസാ!,17
നീയും.,17
എല്ലാം ശരിയായി.,17
എം.,17
അതന്നെ,17
നീ എവിടെയായിരുന്നു?,17
കിട്ടിപ്പോയ്.,17
നീ കണ്ടോ?,17
എനിക്ക് തോന്നുന്നില്ല.,17
ഞാന്‍ നോക്കട്ടെ.,16
ഒരുപാട്.,16
വായടക്ക്!,16
നാറി!,16
സിന്ദാബാദ്.,16
ക്രം!,16
അതു സാരമില്ല.,16
സാബോ!,16
എന്നെ സഹായിക്കൂ.,16
റിഡിക്കുലസ്!,16
അറിയില്ലേ?,16
എവിടെയാണ്?,16
നിശബ്ദരാകൂ.,16
അമ്മ...,16
പറഞ്ഞോളൂ.,16
എന്ത് കൊണ്ട്?,16
"അതെ,",16
അങ്ങിനെ.,16
മാന്നി.,16
എന്താ നിന്റെ പേര്?,16
ആമേൻ.,16
ജി,16
എടുത്തോ.,16
നിങ്ങളാരാണ്?,16
രക്ഷിക്കൂ!,16
എന്താ നിങ്ങളുടെ പേര്?,16
ഫോറസ്റ്റ്!,16
കേറ്.,16
അത് വിട്ടേക്ക്.,16
"അതെ, ശരിയാണ്.",16
അത്ര തന്നെ.,16
എന്തു കൊണ്ട്?,15
എന്താ വേണ്ടത്?,15
ഒരു..,15
ഇപ്പോൾ തന്നെ.,15
പണം.,15
വരിക.,15
പാടില്ല.,15
ഞാൻ നിന്നെ സ്നേഹിക്കുന്നു.,15
ഇല്ലല്ലോ.,15
"വരൂ, വരൂ.",15
മിസ്റ്റർ.,15
ഡാ..,15
ഒരു കുഴപ്പവുമില്ല.,15
അത് നന്നായി.,15
പുറത്ത്.,15
എനിക്ക് അറിയാം.,15
എന്ത് പറയുന്നു?,15
പറയാം.,15
എനിക്ക് വിശക്കുന്നു.,15
ലതിക!,15
ങാ.,15
മിസ്സ്.,15
അതു ശരിയാണ്.,15
ഇത് റോങ്ങ്‌ നമ്പര്‍ ആണ്.,15
നായിന്റെ മോൻ!,15
ശാന്തനാകൂ.,15
എങ്ങോട്ടാ?,15
അവന്‍ മരിച്ചു.,15
യുങ്ങ്.,15
ഇത് നോക്ക്!,15
എസ്.,15
തൊറിന്‍,15
അതു കൊള്ളാം.,15
ഈശ്വരാ.,15
"എസ്, സർ.",15
ഓടൂ!,15
ഇതാരാണ്?,15
പ്രവഹിക്കൂ..,15
അതല്ല.,15
അങ്ങനെതന്നെ.,15
നീ എന്താണ് ചെയ്യുന്നത്?,15
ഓൾഗാ!,15
കൊല്ലവനെ!,15
ഉണ്ടല്ലോ.,14
നിനക്കറിയോ?,14
ബാപ്പു.,14
"പോ, പോ, പോ!",14
വലിക്ക്!,14
എന്തുകൊണ്ടില്ല?,14
ശെരിക്കും?,14
എന്താ ഇവിടെ നടക്കുന്നത്?,14
എന്താ ഇവിടെ?,14
നിനക്ക്...,14
ലീലാധര്‍ മഹാരാജ്,14
വളരെ നന്നായിട്ടുണ്ട്.,14
അതാരാണ്?,14
"യെസ്, സാർ.",14
ഇപ്പോള്‍ തന്നെ.,14
പിടിയവനെ.,14
അതെനിക്കറിയില്ല.,14
ശ്രദ്ധിച്ച്.,14
ഹാജര്‍,14
നീയെന്താണ് ചെയ്യുന്നത്?,14
ജോൺസ്.,14
എന്താടാ?,14
ദേ..,14
ഞാന്‍ നിന്നെ സ്നേഹിക്കുന്നു.,14
വരുന്നു!,14
എന്താ നിന്റെ പ്രശ്നം?,14
നോക്കാം.,14
അതെ സാർ.,14
മർഫ്.,14
ശ്രദ്ധിക്കു.,14
ഉമ്മീ!,14
നോക്കു.,14
എല്ലാം കഴിഞ്ഞു.,14
ഒരുമിച്ച്.,14
നേരോ?,14
വാതിൽ തുറക്ക്.,14
നിനക്ക് വട്ടാണോ?,14
എന്ത് തോന്നുന്നു?,14
നമുക്ക്...,14
നായിന്റെ മോനെ!,14
"വാ, വാ.",14
വിജയം!,14
എനിക്കറിഞ്ഞു കൂടാ.,14
"അതെ, തീര്‍ച്ചയായും.",14
ഞാന്‍ പറഞ്ഞില്ലേ.,14
എനിക്കതറിയാം.,14
"ശരി, സർ.",14
എന്നാൽ...,14
എന്നെ തൊടരുത്.,14
എന്റെ അടയാളങ്ങള്‍,14
അഖില്ലിസ്.,14
"എന്റെ ആത്മാവ്,..",14
ബ്രൂസ്.,14
പാവം.,14
മിസ്‌.,14
വിശക്കുന്നുണ്ടോ?,14
നീ ആരാ?,14
എന്തെങ്കിലും പ്രശ്നമുണ്ടോ?,14
ഇത് കണ്ടോ?,14
മരിച്ചു.,14
എന്തെങ്കിലും.,14
നിങ്ങളാരാണ്‌?,14
ചെയ്തു.,14
ചെയ്യ്!,14
ഡോക്ടര്‍.,14
എന്നാ ശരി.,13
രക്ഷിക്കു!,13
മിസിസ്.,13
കണ്ടതിൽ സന്തോഷം.,13
പ്രശ്നമില്ല.,13
മനസിലായില്ല?,13
ഞാന്‍ പറയാം.,13
ഒന്നൂല്ല.,13
മനസിലായി.,13
ഭീരു.,13
മായ്ക്ക.,13
എന്തായിരുന്നു അത്?,13
എന്നെ വിശ്വസിക്ക്.,13
ജെയ്ക്!,13
"ഓ, അതെ.",13
ഒകെ.,13
കേള്‍ക്കുന്നുണ്ടോ?,13
എന്തിനാണ്?,13
റോൺ!,13
എന്ന് വെച്ചാൽ?,13
"പോ, പോ!",13
മുത്തശ്ശാ!,13
മിജ,13
പീറ്റര്‍.,13
നമുക്ക് തുടങ്ങാം.,13
തുടങ്ങാം.,13
എനിക്ക് വീട്ടില്‍ പോകണം.,13
വീണ്ടും കാണാം.,13
സ്റ്റാര്‍ലിംഗ്.,13
ഉറപ്പ്.,13
എന്താ ചെയ്യുന്നത്?,13
ശരി സർ,13
"ശരി,",13
എന്താ കുഴപ്പം?,13
നില്‍ക്കവിടെ!,13
നിങ്ങളാരാ?,13
"♪ അലസന്മാർ, ♪",13
നീ എന്താ പറഞ്ഞത്?,13
വില്ലീ.,13
എനിക്കറിഞ്ഞൂടാ.,13
എനിക്കറിയില്ലായിരുന്നു.,13
നീ പൊയ്ക്കോ.,13
അഞ്ച്.,13
അടങ്ങ്.,13
നീ പറഞ്ഞത് ശരിയാണ്.,13
ഇത് ഞാനാ.,13
അതുകൊണ്ടെന്താ?,13
എനിക്ക് പോണം.,13
ശരി സര്‍.,13
വാതില്‍ തുറക്കൂ!,13
ഇല്ല സര്‍.,13
ആയിരുന്നു.,13
എന്താ സംഭവിക്കുന്നത്?,13
ആരാ ഇത്?,13
നിങ്ങള്‍ക്ക് നന്ദി.,13
ഇവാൻ,13
ഗുഡ്നൈറ്റ്‌.,12
എനിക്കെങ്ങനെ അറിയാം?,12
ഏഴ്.,12
പുറത്തിറങ്ങ്!,12
കേൾക്കുന്നുണ്ടോ?,12
എന്നോട് പറ.,12
ദാ അവിടെ.,12
തന്തയില്ലാത്തവന്‍!,12
ഗ്രെനോയി,12
ഗൂ-ക്യൂംഗ്!,12
എന്നെയോ?,12
"ഓ, തീര്‍ച്ചയായും.",12
"ഓ, ദൈവമെ.",12
അവരെവിടെ?,12
നിങ്ങള്‍ക്കോ?,12
വിട്!,12
ഹാഗ്രിഡ്!,12
അത് സത്യമാണ്.,12
സഹായിക്കു!,12
ദൈവം...,12
വേദനിക്കുന്നു,12
കോഫി.,12
നീയെവിടെയാണ്?,12
നന്നായി ഉറങ്ങിയോ?,12
ഇതുപോലെ.,12
ഇസ്?,12
അതെന്തേ?,12
നിക്കി ...,12
അനങ്ങല്ലേ.,12
സ്ട്രൈക്കാ!,12
അത് പോയി.,12
ദൈവമെ.,12
ചിലപ്പോൾ.,12
നിമോ.,12
നിങ്ങള്‍ ആരാണ്?,12
ഇഷ്ടപ്പെട്ടോ?,12
ഉറങ്ങൂ.,12
നിരപരാധി.,12
ദോ!,12
ഇറങ്ങ്.,12
നീയെന്താ ഇവിടെ ചെയ്യുന്നത്?,12
എത്രയായി ?,12
എല്ലാം ശരിയാണ്.,12
യുവറോണര്‍...,12
ജയ് ജയ് കൃഷ്ണ ഹരേ.,12
ഗില്‍,12
ഗാന്ധി.,12
ജീസസ്!,12
മിസ്.,12
ഹന്നാ!,12
ഏതാണ്ട്.,12
അത്രേ ഉള്ളൂ.,12
പുറത്തുകടക്കൂ.,12
സത്യമാണ്.,12
ഡോക്റ്റർ ജോൺസ്.,12
ഞാന്‍ ചെയ്യാം.,12
അടങ്ങ്‌.,12
വളരെ മോശം.,12
കണ്ടു.,12
പോകു.,12
ശ്ശ്...,12
അവിശ്വസനീയം.,12
കത്ത്...,12
കേട്ടില്ലേ?,12
കൂപ്പര്‍!,12
എന്തിന് വേണ്ടി?,12
കഴിക്കൂ.,12
സബാഷ്!,12
നീ എന്താ ചെയ്യുന്നേ?,12
ആമേന്‍.,12
ആരുടെ?,12
ഞാൻ പോകുന്നു.,12
ലോറാ!,12
എന്താ സംഭവം?,12
മാധവ്.,12
സത്യമായും.,12
ഞാൻ സഹായിക്കാം.,12
ടാക്സി.,12
എനിക്ക് വേണ്ട.,12
ഗുഡ് മോര്‍ണിംഗ്.,12
"ഓഹ്, ദൈവമേ.",12
വാ വാ.,11
എനിക്ക് തോന്നി.,11
ആന്യാ!,11
ചിയേര്‍സ്!,11
എവിടെയാണത്?,11
കാംഗ്,11
വോ..,11
നിനക്കെന്തു വേണം?,11
എവിടുന്നാ?,11
ചെയ്യാം.,11
എഴുന്നേല്‍ക്കൂ.,11
ഉറപ്പല്ലേ?,11
മഴ!,11
അതിന്റെ ആവശ്യമില്ല.,11
പോകല്ലേ!,11
ഷെന്‍ ടെന്‍.,11
ഇപ്പൊ...,11
അവള്‍...,11
അത് കൊണ്ട്?,11
ജഗ്ഗു..,11
"ശരി, നന്ദി.",11
ആര്‍ക്കറിയാം?,11
ഗുഡ് ഈവനിങ്ങ്.,11
ദൈവത്തിനു നന്ദി.,11
യെസ് സര്‍.,11
ഹൈങ്കൽ വിജയിക്കട്ടെ.,11
പതിയെ.,11
മഹത്തരം.,11
♪ ♪ വേഗം ഒരു പുതപ്പിനുള്ളിൽ ഒളിച്ചോ ♪,11
പോ ഇവിടുന്ന്!,11
തെറ്റ്.,11
അത്രമാത്രം.,11
എന്താണിവിടെ?,11
റോക്കി.,11
നീയാരാ?,11
പാര്‍ന്‍,11
ഡിയ!,11
നീയെവിടെയായിരുന്നു?,11
നന്നായിരുന്നു.,11
അത് ശരിയാ.,11
സെഹ്,11
ആരാ നീ?,11
ഇവിടെ നിൽക്ക്.,11
അത് വിട്.,11
അത് മറന്നേക്ക്.,11
എനിക്ക് തോന്നുന്നു,11
എന്ത്കൊണ്ട്?,11
എങ്കില്‍ ശരി.,11
ആര്‍ യൂ എഫ് വരുന്നു.,11
എന്താ ഉദ്ദേശിച്ചത്?,11
ഞാന്‍ സഹായിക്കണോ?,11
നിങ്ങൾക്കെന്താ വേണ്ടത്?,11
നാശം പിടിക്കാന്‍!,11
നന്ദിയുണ്ട്.,11
പോരാടും!,11
അകത്തേക്ക് പോ.,11
ഹീതര്‍ !,11
സലിം!,11
നിനക്കതറിയാം.,11
ഇങ്ങനെ,11
തന്തയില്ലാത്തവനെ!,11
എന്റെ കൂടെ വരൂ.,11
എന്തെങ്കിലും പറയാനുണ്ടോ?,11
അങ്ങനെയല്ലേ?,11
എനിക്കറിയാമായിരുന്നു.,11
ശ്രമിക്കൂ.,11
ഇത് നോക്കൂ.,11
ദിയോ!,11
മിണ്ടല്ലേ.,11
അതെവിടെ?,11
നമുക്ക് കാണാം.,11
വിടൂ!,11
മാർഗെറ്റ്,11
"ശരി, സാർ.",11
ഇങ്ങ് വാ.,11
എനിക്ക് വിശപ്പില്ല.,11
എനിക്ക് മനസിലായി.,11
നീ എന്താ ഉദ്ദേശിക്കുന്നത്?,11
എനിക്ക് വയ്യ.,11
അറിയാമോ?,11
ഞാന്‍ പറയുന്നത് കേള്‍ക്കൂ,11
ഞങ്ങള്‍ മരിച്ചിട്ടില്ല!,11
മനസ്സിലായല്ലോ?,10
കുനിഞ്ഞിരിക്ക്.,10
മനസിലായില്ലേ?,10
മാക്ക്!,10
നിനക്ക് ഭ്രാന്താണോ?,10
നിനക്ക് ഭ്രാന്താണ്!,10
ക്ലാര്‍ക്ക്‌.,10
നിനക്കെത്ര വയസ്സായി?,10
അത്രതന്നെ.,10
ഇങ്ങോട്ട് വരൂ.,10
മെലിസ,10
ഇത് എന്താണ്?,10
ഒരു മിനുട്ട്.,10
ദാ വരുന്നു,10
ക്വില്‍.,10
കേട്ടു.,10
"ശരി, മാം.",10
തോക്ക് താഴെയിട്.,10
ഒരു പ്രശ്നവുമില്ല.,10
ഇതെന്തിനാ?,10
ദയവായി ഇരിക്കൂ.,10
കൊഴപ്പമില്ല.,10
ഇതുവരെ ഇല്ല.,10
നീങ്ങൂ!,10
മുകളിലേക്ക്.,10
കർത്താവ്‌ ഇവന്റെ ആത്മാവിനു നിത്യശാന്തി ഏകട്ടെ.,10
നിനക്ക് വട്ടായോ?,10
ദുര്‍ഗ്ഗാ,10
"അല്ല, അതല്ല.",10
കുഴപ്പമൊന്നും ഇല്ലല്ലോ?,10
നിനക്കെന്താണ് വേണ്ടത്?,10
നിനക്കെന്തു തോന്നുന്നു?,10
മുത്തേ?,10
ഒരു എളുപ്പവഴി കണ്ടുപിടിക്ക് ♪,10
സമയം...,10
മണ്ടത്തരം...,10
മിക്കവാറും.,10
"ശരി, മാഡം.",10
സാധ്യതയുണ്ട്.,10
ആശ?,10
ദയ!,10
ടി.,10
പറയു.,10
എനിക്ക് കാണാം.,10
എന്തെങ്കിലും കിട്ടിയോ?,10
അങ്ങനെയൊന്നുമില്ല.,10
എന്തെങ്കിലും പറ്റിയോ?,10
എന്തെങ്കിലും പ്രശ്നം?,10
വളരെ സന്തോഷം.,10
അടുത്തയാൾ.,10
പോരേ?,10
അതാ.,10
അതിങ്ങു താ.,10
വായിക്ക്.,10
ഞാന്‍ ഇപ്പോള്‍ സ്വര്‍ഗത്തിലാണ്,10
എനിക്കാവില്ല.,10
എനിക്കൊന്നുമറിയില്ല.,10
നിനക്ക് വേണോ?,10
എന്നെ...,10
എന്നെ രക്ഷിക്കൂ!,10
പ്ളീസ്,10
എനിക്കുറപ്പാണ്.,10
ഞാനിപ്പോള്‍ വരാം.,10
എനിക്കും അറിയില്ല.,10
ഞാനിത് വിശ്വസിക്കില്ല.,10
നാളെയോ?,10
അകത്തേക്ക് വാ.,10
നല്ല പട്ടി.,10
ലൂസി.,10
എന്താ കാണിക്കുന്നത്?,10
എന്താണ് കാര്യം?,10
"വണ്‍, ടൂ, ത്രീ, ഫോർ ...",10
എന്താണ് നിന്‍റെ പേര്?,10
എന്താണ് പ്രശ്നം?,10
ഞാൻ പോട്ടെ.,10
വരുന്നുണ്ട്.,10
♪ നിന്‍റെ പാന്‍റിനടിയിലേക്ക് ഒരു പ്രേതം പോയിട്ടുണ്ട്...,10
എന്താ പറഞ്ഞെ?,10
എന്താ നീ പറഞ്ഞത്?,10
എന്താ നീ ചെയ്യുന്നത്?,10
എന്താ നിന്‍റെ പ്രശ്നം?,10
എന്തിനു വേണ്ടി?,10
ലൂ‍മോസ് മാക്സിമ.,10
ലൂസിയെന്‍?,10
ഞാൻ പറയാം.,10
എന്തിനെക്കുറിച്ച്?,10
എന്താ ചെയ്യുന്നേ?,10
♪ ഒരു വഴി കണ്ടുപിടിക്ക്.,10
എന്തു പറയുന്നു?,10
ഞാൻ ചെയ്യാം.,10
എന്തു സംഭവിച്ചു?,10
ഞാനാണ് ഗ്രൂട്ട്.,10
വെരി ഗുഡ്.,10
ഫൈറ്റ്!,10
എങ്ങോട്ടാ പോകുന്നത്?,10
ബ്രാന്റ്.,10
നിന്‍റെ വിരലുകള്‍ ഇളക്കു.,10
പുറത്തേക്ക് വാ.,10
അതേയോ?,10
ഉണ്ടായിരുന്നു.,10
താങ്ക്യു.,10
ജയ് ഹിന്ദ്‌.,10
അത് കഴിഞ്ഞു.,10
അത് കുഴപ്പമില്ലാ.,10
എല്ലാം ശരിയല്ലേ?,10
ബില്‍.,10
എല്ലാം ശെരിയാകും.,10
വെറുതെ...,10
ഉഹുറു!,10
സ്റ്റൊറാക്സ്.,10
ചാങ്ങ്,10
ഇവിടെയാണോ?,10
ബിജ്‌ലീ...,10
നിങ്ങള്‍ക്കറിയാമോ?,10
ഇവിടെ നില്‍ക്ക്.,10
ഇവിടെ നില്‍ക്കൂ.,10
ഹാജർ .,10
എന്ന് വച്ചാല്‍?,10
"നന്ദി,",10
ഐ ലവ് യൂ.,10
എന്‍റെ കൂടെ വാ.,10
സമാധാനപ്പെട്.,9
തീര്‍ച്ചയായും ഇല്ല.,9
ആരാണവിടെ?,9
നീ വരുന്നില്ലേ?,9
അത് സാധ്യമല്ല.,9
ഞാൻ പറയുന്നത് കേൾക്കൂ.,9
ഞാൻ വിളിക്കാം.,9
പൊളിച്ചു!,9
നീ തമാശ പറയുകയാണോ?,9
അഥിതി...,9
പോകരുത്.,9
ഗുഡ് നൈറ്റ്‌.,9
സുഹൃത്തേ.,9
നിന്റെ പേരെന്താ?,9
സെക്യൂരിറ്റി!,9
ചെയ്യൂ.,9
ഞാൻ വരുന്നു.,9
അത് നടക്കില്ല.,9
ഞാൻ ക്ഷമ ചോദിക്കുന്നു.,9
ഞാൻ കാത്തിരിക്കുന്നു,9
"അല്ല, അല്ല, അല്ല.",9
ഞങ്ങള്‍...,9
തയ്യാര്‍.,9
അവര്‍ പോയി.,9
"അല്ല, അങ്ങനെയല്ല.",9
ഹീ.,9
തയ്യാറാണോ?,9
സുഖം തന്നെയല്ലേ?,9
നിനക്ക് മനസിലായോ?,9
ഞാനൊന്ന് നോക്കട്ടെ.,9
അതു കൊണ്ട്?,9
ഞാന്‍ ഇപ്പൊ വരാം.,9
അവള്‍ പോയി.,9
ജെസ്സ്.,9
തരൂ.,9
"അതേ, സര്‍.",9
അവിടുത്തേക്ക് നന്ദി തമ്പുരാനേ!,9
അതാണ്‌.,9
പോവൂ.,9
നീ എവിടെയാണ്?,9
ഞാന്‍ ഖേദിക്കുന്നു.,9
അതത്ര എളുപ്പമല്ല.,9
കേള്‍ക്കൂ.,9
അടുത്ത്.,9
പോയി.,9
തത്ത്സിയാന!,9
♪ ആണായൊരുവന്‍ വന്നല്ലോ...,9
ഭയങ്കരം തന്നെ.,9
എന്താണ് ഇത്?,9
ആരാണ് നിങ്ങൾ?,9
ഒരു വഴിയുമില്ല.,9
നീയെവിടെ പോകുന്നു?,9
"ഇല്ല,",9
വേറെ എന്തെങ്കിലും?,9
ഒന്നുമില്ലേ?,9
നിങ്ങള്‍ക്ക് പോകാം.,9
ഇപ്പോഴല്ല.,9
എന്നുവച്ചാല്‍?,9
എന്നിട്ടോ?,9
ഓവർ.,9
റൂത്ത്?,9
എനിക്ക് തോന്നുന്നത്...,9
നല്ലവനാം..,9
നീയെന്താ പറയുന്നത്?,9
റോങ്ങ്‌ നമ്പര്‍.,9
"ഓ, ശരി.",9
നീയെന്താ പറഞ്ഞത്?,9
വിട്ടേക്ക്.,9
മെഹ്രൊല !,9
ഒണോദി.,9
വിന്‍സെന്‍റ്.,9
എല്ലാം പോയി.,9
മാം...,9
നോക്കിക്കോ.,9
പറ്റില്ലേ?,9
എ.,9
യസ്സ്!,9
വെള്ളെഴുത്ത്,9
ഉണരൂ.,9
ഈശോയെ!,9
വേഗം നോക്ക്.,9
വിൽ!,9
എവിടെയാണവന്‍?,9
വിഷമിക്കണ്ട.,9
എനിക്കറിയില്ലാ.,9
വേണ്ട വേണ്ട.,9
എന്തോ?,9
വിചിത്രം തന്നെ.,9
നീയാരാണ്?,9
സത്യം പറ.,9
ആരു പറഞ്ഞു?,9
ആർക്കറിയാം?,9
എന്താത്?,9
നിനക്കെന്തു പറ്റി?,9
ഇതാ ഇവിടെ.,9
ശ്രദ്ധിക്കണം.,9
വളരെ നന്നായിരിക്കുന്നു.,9
ഇതാണ്.,9
മാരിയോൺ.,9
എന്തിന്‌?,9
നിനക്കെന്ത് തോന്നുന്നു?,9
ആരാത്?,9
"അതെ, സര്‍.",8
എടൊ!,8
ജോനാഥൻ.,8
അതെങ്ങിനെ?,8
അതെന്നെ,8
എന്നോട് ക്ഷമിക്കു.,8
എനിക്കങ്ങനെ തോന്നുന്നില്ല.,8
പകർത്തുക.,8
ഫോറസ്റ്റ് ഗമ്പ്.,8
പോകട്ടെ.,8
നില്‍ക്കാന്‍!,8
റഫറി വിസിൽ അടിച്ചിരിക്കുന്നു.,8
എന്നോടു ക്ഷമിക്കൂ.,8
ഹാരീ!,8
എനിക്കില്ല.,8
എനിക്കു പോണം.,8
ജോണി!,8
ടു...,8
രക്തം!,8
എന്തിനാ കരയുന്നത്?,8
നടക്കൂ!,8
വരട്ടെ.,8
നമുക്ക് സംസാരിക്കാം.,8
വണ്ടിയിൽ കേറ്.,8
അതൊന്നുമില്ല.,8
ബഗീര!,8
അതൊന്നുമല്ല.,8
ജാനസ്!,8
അതേയ്..,8
"നോക്കൂ,",8
"അതേ, സാര്‍.",8
നമുക്ക് പോകണം.,8
പറയ്‌.,8
ജിൻ ഹീ!,8
എന്താന്ന്?,8
"ജീവിക്കാൻ വേണ്ടിയാണ് പണിയെടുക്കുന്നതെങ്ങിൽ, പണിയെടുത്ത് എന്തിനാണ് ചാവുന്നത്?",8
യോംഗോ!,8
ഞാനിപ്പോ വരാം.,8
താങ്കസ്,8
"2,000 ഡോളർ .",8
ഞാനിപ്പോൾ വരാം.,8
എന്തു തോന്നുന്നു?,8
പോകാന്‍!,8
വായടയ്ക്ക്!,8
പേടിക്കാനൊന്നുമില്ല.,8
അതാണ് നല്ലത്.,8
അതാണോ നിനക്ക് വേണ്ടത്?,8
നീ എന്താ പറഞ്ഞു വരുന്നത്?,8
"ഹേയ്,",8
എനിക്ക് പേടിയാകുന്നു.,8
ഞാന്‍ ഗര്‍ഭിണിയാണ്.,8
എനിക്ക് പേടിയാവുന്നു.,8
ഞാന്‍ തന്നെ.,8
അതറിയാം.,8
റോക്കറ്റ്.,8
ഹോങ് ഷിക്!,8
"വാ, പോകാം.",8
എനിക്ക് മടുത്തു.,8
എനിക്ക് മതിയായി.,8
നമസ്ക്കാരം.,8
നല്ലത് വരട്ടെ.,8
എന്തെങ്കിലുമാകട്ടെ.,8
പേര്‍സി?,8
എന്തെങ്കിലും പറ.,8
"♪ ""ചെളിയില്‍ പൊതിഞ്ഞ ശയ്യയാണ്."" ♪",8
വി.,8
എനിക്കൊരു കാര്യം പറയാനുണ്ട്.,8
ഹാര്‍വി.,8
എന്തും.,8
എന്തെങ്കിലും വേണോ?,8
ഞാനില്ല.,8
ഞാനിവിടെയുണ്ട്.,8
വളരെ നന്ദിയുണ്ട്.,8
അതെ സര്‍.,8
എന്താ ഇതൊക്കെ?,8
അതെ മാഡം,8
എന്താ അവിടെ?,8
എന്നെ വിട്ടേക്ക്.,8
എന്തെങ്കിലും കുഴപ്പം?,8
ഹാള്‍!,8
റിഫിഫി,8
വിട.,8
എന്നുവെച്ചാല്‍?,8
പോട്ടര്‍.,8
ലാഡിസ്.,8
അതു മതി.,8
എങ്ങനുണ്ട്?,8
ഞാന്‍ വരുന്നു.,8
എങ്ങനെ പോകുന്നു?,8
ബാപ്റ്റീസ് .,8
എങ്കിൽ ശരി.,8
അല്ലെങ്കില്‍...,8
ശുഭ രാത്രി.,8
ശിവപ്രസാദ്.,8
ശവം നടക്കുന്നു!,8
നിനക്കറിയാമല്ലോ.,8
അവരോ?,8
ഇത് നന്നായിട്ടുണ്ട്.,8
അവനെന്താ പറഞ്ഞത്?,8
"ഓ, ഇല്ല.",8
അല്ലേയല്ല.,8
അല്ലെങ്കിൽ...,8
പാർക്ക്‌ ഹ്യുണ്‍,8
ഇരുന്നോളൂ.,8
ഹ ഹ,8
ഇത് പിടിക്കൂ.,8
ശരിയാണോ?,8
സിസ്റ്റർ മറിയാ...,8
നീ പറ.,8
ഇത് വച്ചോ.,8
മതി മതി!,8
ഇപ്പൊ വേണ്ട.,8
ഇരിക്കു.,8
നിനക്ക് വിശക്കുന്നുണ്ടോ?,8
പിന്നേ...,8
ശുഭയാത്ര.,8
കൊല്ല്.,8
ഇതിലെ.,8
കുട്ടികളെ!,8
തെമ്മാടി!,8
കാണണോ?,8
ആയ്ക്കോട്ടെ.,8
മാന്‍.,8
കഷ്ടം തന്നെ.,8
ഷെര്‍ലക്ക്‌!,8
ആരോട്?,8
നീ വാ.,8
കുഴിക്ക്.,8
നിനക്കെന്താ വട്ടുണ്ടോ?,8
നിനക്ക് കുഴപ്പമില്ലല്ലോ?,8
മരിക്കരുത്!,8
തൊടരുത്.,8
കയറി വരൂ.,8
സമാധാനിക്ക്.,8
നിനക്ക് കുഴപ്പമൊന്നും ഇല്ലല്ലോ?,8
സമ്മതിച്ചോ?,8
അവൻ എവിടെ?,8
നീയെന്താ ഇവിടെ?,8
കേൾക്ക്.,8
ഗുഡ് ആഫ്റ്റര്‍നൂണ്‍.,8
ആർക്കും അറിയില്ല.,8
വേറെ വഴിയില്ല.,8
ഭം..,8
ഇല്‍സ.,8
നിയോ?,8
നിങ്ങളെന്താണ്‌ ചെയ്യുന്നത്?,8
ഇവിടെ ഒപ്പിട്.,8
ദൈവം പറഞ്ഞു..,8
എവിടെ അത്?,8
നീ കേള്‍ക്കുന്നുണ്ടോ?,8
അത് പാലിക്കുന്ന ചെന്നായ് വളരും...,8
"വേഗം, വേഗം.",8
എവിടെ അവൻ?,8
അത് പോട്ടെ.,8
ഒന്നുമില്ലാ.,8
നിങ്ങള്‍ എന്താണ് ചെയ്യുന്നത്?,8
എവിടെയാണങ്ങ്...,8
നെനദ്!,8
അത് സത്യമല്ല.,8
ദൈവം നിങ്ങളെ അനുഗ്രഹിക്കട്ടെ.,8
ഒന്നും അറിയില്ല.,8
നിനക്ക് സുഖമല്ലേ?,8
വൃത്തിയായി സൂക്ഷിച്ചിരിക്കുന്നു,8
നിങ്ങള്‍ക്ക് കുഴപ്പമൊന്നുമില്ലല്ലോ?,8
ഒന്നും പറ്റിയില്ലല്ലോ?,8
ഒന്നും ഇല്ല.,8
നിങ്ങളെന്താണ് ചെയ്യുന്നത്?,8
അത് സത്യമാണോ?,8
സ്റ്റേണ്‍!,8
മെല്ലെ.,8
തിരിച്ചു വരൂ!,8
"ഇല്ല, ഒന്നുമില്ല.",8
അത് നിനക്കെങ്ങനെ അറിയാം?,8
ഐസക്ക്?,8
പിന്തിരിയലില്ല!,7
പൂര്‍ണ്ണമായും.,7
പണ്ടാരടങ്ങാന്‍!,7
നമ്മള്‍..,7
"പപ്പാ, എന്നെ ഇവിടെനിന്നും കൊണ്ട് പോവൂ..",7
നല്ല തമാശ.,7
നിങ്ങളുടെ പേര്?,7
നല്ല ചോദ്യം.,7
നീ എന്താ ഇവിടെ?,7
നല്ല കാര്യം.,7
ടോണി.,7
നമ്മളെങ്ങോട്ടാ പോകുന്നത്?,7
പൊയ്ക്കോളൂ.,7
പക്ഷേ എങ്ങനെ?,7
പന്നീ!,7
പണ്ടാരമടങ്ങാന്‍!,7
"ദൈവമേ, സ്വര്‍ഗ്ഗത്തില്‍ ഉയര്‍ത്തെഴുന്നെള്‍ക്കും",7
നിന്‍റെ പേരെന്താ?,7
നിങ്ങളുടെ പേരെന്താ?,7
നിനക്ക് കേള്‍ക്കാമോ?,7
പിറന്ന നാടില്ല...,7
നീയെന്താണിവിടെ ചെയ്യുന്നത്?,7
നിങ്ങൾ നെമാത് സാദേയാണോ?,7
നിർത്താൻ!,7
നിങ്ങൾ പറഞ്ഞത് ശരിയാണ്.,7
നിങ്ങൾക്കെന്താണ് വേണ്ടത്?,7
നിങ്ങള്‍ക്ക്...,7
പറയാന്‍!,7
നിനക്കറിയാം.,7
നിന്നെ കണ്ടതിൽ സന്തോഷം.,7
പേടിയുണ്ടോ?,7
പേരെന്താ?,7
നാശം പിടിക്കാൻ.,7
ഡി.,7
നന്ദി സാർ.,7
നീയെന്താ ചെയ്യുന്നേ?,7
നിങ്ങള്‍ക്കറിയാം.,7
പുറത്തു കടക്കൂ.,7
നന്ദലാല്‍ ആര്‍.,7
നിനക്കും.,7
നീ പി.,7
ഡാനിയല്‍!,7
നിങ്ങളും.,7
നമുക്ക് സംസാരിക്കണം.,7
ദൈവത്തിനു സ്തുതി.,7
"പിന്നെ,",7
നിങ്ങളുടെ...,7
നിനക്കെന്താ ഇവിടെ കാര്യം?,7
ട്ടോമെക്.,7
നാതലി.,7
ജാഗ്രത!,7
ടാങ്ക്.,7
എനിക്ക് ജോലിയുണ്ട്.,7
വന്നേ.,7
വന്നോളൂ.,7
എന്താണ് ഇവിടെ നടക്കുന്നത്?,7
വരാന്‍!,7
എന്താണീ ചെയ്യുന്നത്?,7
ആരുമായി?,7
വരുന്നൂ.,7
ആരുമില്ല.,7
എന്താ പരിപാടി?,7
എന്താ നീ പറയുന്നത്?,7
എന്താ നീ ഉദ്ദേശിച്ചത്?,7
എന്താ നിനക്ക് വേണ്ടത്?,7
സ...,7
ആരെങ്കിലും?,7
ഞാൻ പോവുകയാണ്.,7
എന്താ ഇവിടെ പ്രശ്നം?,7
ഷോർട്ടീ.,7
എനിക്ക് സന്തോഷമായി.,7
വളരെ മോശമാണ്.,7
ആര് പറഞ്ഞു?,7
എനിക്ക് മനസ്സിലാകുന്നില്ല.,7
ആര്‍.,7
എനിക്ക് പപ്പയെ കാണണം!,7
എനിക്ക് നിന്നെ വേണം.,7
എനിക്ക് നിന്നെ ഇഷ്ടമാണ്.,7
എന്താണ് നീ ചെയ്യുന്നത്?,7
സത്യത്തിൽ...,7
ആരാണവര്‍?,7
റീമസ്!,7
അവിടെത്തന്നെ.,7
എലിസബത്ത്!,7
ഇത് തന്നെ.,7
രചന ...,7
എന്റെ കുഞ്ഞ്!,7
സമൂഹം!,7
സമയമെന്തായി?,7
എന്നെക്കൊണ്ടാവില്ല.,7
എന്നെ പിടിക്ക്.,7
സമയമില്ല.,7
എന്നുവെച്ചാൽ?,7
സമയം എന്തായി?,7
ലെനി!,7
എന്ത് പ്രശ്നം?,7
എന്ത് കൊണ്ട് പറ്റില്ല?,7
എന്തൊക്കെയുണ്ട് വിശേഷം?,7
എന്തെങ്കിലും പ്രശ്നം ഉണ്ടോ?,7
എന്തെങ്കിലും പറയൂ.,7
എന്തു്?,7
എന്തുകൊണ്ട് പാടില്ല?,7
എന്തും സംഭവിക്കാം.,7
എന്തു വേണം?,7
സത്യമോ?,7
എന്തിനെ പറ്റി?,7
എനിക്ക് നിങ്ങളെ അറിയാം.,7
ഷിബു ദാ?,7
യിപ്‌,7
എനിക്ക് അങ്ങനെ തോന്നുന്നില്ല.,7
വെർണർ!,7
ഇതെന്‍റെ വീടാണ്.,7
വേഗം വരൂ.,7
ഈ വീട് നമ്മളുടെതാണ്.,7
ശാന്തമാകൂ.,7
വേഗം വേഗം!,7
ഇവിടെ നോക്ക്.,7
ഇവിടെ ഒന്നുമില്ല.,7
ഇവിടെ ആരുമില്ല.,7
വേദനയുണ്ടോ?,7
"ഇല്ല, ഒരിക്കലുമില്ല.",7
"ഇല്ല, എന്താ?",7
"ഇല്ല, എനിക്കറിയില്ല.",7
വേദനിക്കുന്നുണ്ടോ?,7
ഇറങ്ങിപ്പോടാ!,7
വോവ്!,7
ഇരിയ്ക്ക്.,7
ശരി സാര്‍.,7
ഇനിയെന്താണ്?,7
ഇത് സത്യമാണോ?,7
ഇത് മതിയോ?,7
ഇത് മതി.,7
ഇത് പിടിക്ക്.,7
ശരിയായിരിക്കാം.,7
ശരിയായില്ലേ?,7
ഉമ്മാ!,7
ഉമ്മുമ്മാ!,7
ഉറങ്ങരുത്.,7
എട്ട്.,7
എനിക്കൊന്നുമില്ല.,7
എനിക്കൊന്നും വേണ്ട.,7
എനിക്കൊന്നും മനസിലാകുന്നില്ല.,7
ആശ്ചര്യം തന്നെ.,7
എനിക്കു പോകണം.,7
എനിക്കു പറ്റില്ല.,7
ആർക്ക്?,7
ഇതാ പിടിച്ചോ.,7
വിളിക്ക്.,7
എത്ര വയസ്സായി?,7
എണീക്കൂ.,7
എടുത്തു.,7
ഉറങ്ങിക്കോ.,7
ഇതെടുത്തോ.,7
എങ്ങിനെയുണ്ട്?,7
എങ്ങനെയുണ്ടായിരുന്നു?,7
വീട്ടിലേക്ക്.,7
എങ്ങനെ ഉണ്ടായിരുന്നു?,7
എങ്കിലും...,7
എക്സ്യുസ് മി,7
എക്സ്പ്പിലിയാർമസ്!,7
വെടി വെക്കരുത്!,7
ഉവ്വ് സര്‍.,7
ഉറപ്പായിട്ടും.,7
അവിടെ നിൽക്ക്.,7
എന്‍റെ കൂടെ വരൂ.,7
അവിടെ നില്‍ക്കൂ.,7
അത് നോക്കൂ.,7
ജോലിയോ?,7
ജോര്‍ദാന്‍ പ്രവഹിക്കാന്‍ തുടങ്ങുന്ന നാളില്‍..,7
ജൂലൈ?,7
ജിന്‍,7
അതുകൊള്ളാം.,7
ചോദിക്ക്.,7
"അതെ, നന്ദി.",7
ബുഡോ!,7
ചാര്‍ളീ!,7
"അതേ,",7
ബ്രുണോ!,7
അത് കണ്ടോ?,7
ഭക്ഷണം.,7
അത് കലക്കി.,7
ഭയങ്കരം.,7
ഗുഡ് ആഫ്റ്റർനൂൺ.,7
അത് കാര്യമാക്കണ്ട.,7
മനസിലായല്ലോ?,7
ക്ലിയര്‍!,7
എല്ലാവരും മരിച്ചു.,7
മനസ്സ് വിശാലമാക്കൂ.,7
അത് ഞാനല്ല.,7
മനോഹരമായിരിക്കുന്നു.,7
അത് നല്ലതാണ്.,7
കേട്ടല്ലോ?,7
ജോർജ്,7
ഞങ്ങൾ...,7
അതിന്‍റെ ആവശ്യമില്ല.,7
അങ്ങിനെയല്ല.,7
ഞാൻ നിന്നെ സഹായിക്കാം.,7
ഞാൻ നിങ്ങളെ സ്നേഹിക്കുന്നു.,7
"# ചടപട-ചടപട , തട്ടീം",7
ഞാൻ കാണിച്ചു തരാം.,7
പോട്ടർ.,7
അകത്തു പോ.,7
അകത്ത് പോ.,7
അങ്ങനെ ചെയ്യരുത്.,7
ഞാന്‍ പറയുന്നത്...,7
ഞാന്‍ നോക്കിക്കോളാം.,7
അങ്ങനെത്തന്നെ.,7
ഞാന്‍ തയ്യാറാണ്.,7
അതിനു?,7
ഞാന്‍ ചെയ്തോളാം.,7
ഞാന്‍ കാണിച്ചു തരാം.,7
ഞാന്‍ എന്തിനത് ചെയ്തു?,7
അജയ്.,7
ഞാനെന്താണ് ചെയ്യേണ്ടത്?,7
ഞാനുദ്ദേശിച്ചത്...,7
ഫയര്‍!,7
ഞാനും വരുന്നു.,7
അതാണ്.,7
ഹെർമോണി!,7
ഞാനിതാ വരുന്നു.,7
കൃത്യമായും.,7
ശരിയായോ?,7
അത് നോക്ക്.,7
സൈലന്‍സ്!,7
"ഓ, അതെയോ?",7
മിണ്ടാതിരിക്കാന്‍!,7
ഓ ക്കേ?,7
സുഖമായിരിക്കുന്നു.,7
അയാളോ?,7
മൂന്ന്‍...,7
ഒന്നും വേണ്ട.,7
ഒന്നും പറയണ്ട.,7
ഐ ആം സോറി.,7
ഏറ്റു.,7
മോണിംഗ്.,7
എസ്സ്.,7
എവിടെയായിരുന്നു നീ?,7
മോളേ..,7
എവിടെയാ?,7
അവര്‍ എവിടെ?,7
എഴുത്.,7
എല്‍,7
അവളോ?,7
ഓകേ.,7
ഓ ക്കെ.,7
കുറച്ച് വേണോ?,7
കഷ്ടമായിപ്പോയി.,7
അത് ശരിയല്ല.,7
ഓക്സ്.,7
കാര്യമായിട്ടാണോ?,7
അത് പ്രശ്നമല്ല.,7
മറ്റില്‍ഡ.,7
അത് ശരിയാണോ?,7
ഓയ്!,7
കുടിക്ക്.,7
ഓസ്..,7
ഓര്‍മ്മയുണ്ടോ?,7
സംസാരിക്ക്.,6
സമ്മതം.,6
"സോറി, അച്ഛാ",6
നീയും ഞാനും.,6
സ്കീറ്റർ!,6
സമ്മാനമോ?,6
ശവം‍!,6
ഹൊ!,6
ഹ്യൂഗോ.,6
♪ നിനക്കായി ഞാൻ ഇവിടെയുണ്ട് ♪,6
നീ മിണ്ടരുത്!,6
നീയാരാണ്‌?,6
നീ മരിക്കും.,6
സര്‍ഫറാസ്...,6
നീ ജയിച്ചു.,6
നീ സുരക്ഷിതനാണ്.,6
സിനൂര്‍!,6
ഹംസ!,6
ശുഭസായാഹ്നം.,6
ഹാപ്പി ബര്‍ത്ഡേ ...,6
ഹരി ഓം..,6
ഹാപ്പി ബര്‍ത്ത്ഡേ.,6
സംസാരിക്കണ്ട.,6
ഹുറെയ്!,6
ഹെയില്‍ മെയിന്‍ ഫ്യൂറര്‍.,6
നീ എവിടെ ആയിരുന്നു?,6
സ്നിപ്പി...,6
നീ എന്താണ് ഇവിടെ ചെയ്യുന്നത്?,6
സുഖമില്ലേ?,6
സഫർ...,6
സമയം എത്രയായി?,6
സീ,6
സിറിയസ്.,6
ശുഭം,6
സോഫി ..,6
ഷിന്‍.,6
നീ കരയുകയാണോ?,6
"പക്ഷേ,",6
ശവം!,6
മരിച്ചോ?,6
ബോസ്സ്!,6
ബ്രിസൈസ്.,6
ബ്ലാക്ക് ഒരു ക്രൂരനായിരുന്നു.,6
ഭന്‍വര്‍ ലാല്‍.,6
മം-മം.,6
പിന്‍വാങ്ങൂ.,6
മനുഷ്യകുഞ്ഞോ?,6
മമ്മീ!,6
പിന്നെ ഇത്...,6
മരിയ.,6
വേശ്യ.,6
മറക്കരുത്.,6
മറ്റൊന്നുമില്ല.,6
മാമ!,6
മാര്‍ല!,6
മാറി നിക്ക്!,6
മാസ്റ്റര്‍ യിപ്‌!,6
മിഠായി!,6
പിങ്കി..,6
മിയ.,6
ബൂം!,6
ബിൽ കാർസണ്‍ .,6
ബാപ്റ്റീസ് ഗ്രെനോയി.,6
ബാക്കി പറ.,6
പോകാൻ!,6
പോയി തുലയ്!,6
പോയി നോക്ക്.,6
പോയിക്കോളു.,6
പോകുക.,6
പോരട്ടെ.,6
പോവരുത്.,6
പോവല്ലേ...,6
പ്രശ്നം?,6
പ്രൊഫസർ സ്നൈപ്പ്.,6
പ്ലാറ്റ്.,6
പെർകിൻസ്.,6
പെട്ടെന്ന് വാ.,6
ഫാദര്‍.,6
ഫോണ്‍ ബെല്ലടിക്കുന്നു,6
ഫോർച്ച്യൂണ മേജർ.,6
പുല്ല്.,6
ഫ്രീസ്!,6
ഫ്രോഡ് ആണ്...,6
പാവം കുട്ടി.,6
മിസ്സ്‌.,6
"മുട്ടീം, കടകട-കടകട.",6
ലോറൈന്‍!,6
വരുന്നില്ലേ?,6
വരുന്നോ?,6
"വരൂ, ടോമി.",6
"വരൂ, പോകാം.",6
വളരെ ഉപകാരം.,6
പക്ഷെ നിങ്ങളും വിവാഹിതനാണ്.,6
പക്ഷെ എന്തിന്?,6
വാ നമുക്ക് പോകാം.,6
പക്ഷെ അത് തെറ്റിക്കുന്ന ചെന്നായ് നശിക്കും..,6
വിക്ക്.,6
വിക്ടര്‍.,6
വിജയ്‌..,6
വിമാനാക്രമണം!,6
വില്യം!,6
വിഷമിക്കണ്ടാ.,6
വിൻസ്റ്റൺ.,6
നൈസ് ടു മീറ്റ് യൂ.,6
വേഗം ആകട്ടെ.,6
നുണച്ചി.,6
വന്നു.,6
പന്ന നായിന്റെ മോനെ!,6
മെയിന്‍ ഫ്യൂറര്‍.,6
"ലെനി, നീയാണ് ഏറ്റവും മികച്ചത്.",6
മെസ്സേജ് വന്ന ശബ്ദം,6
മൌറീസിയോ.,6
പറ്റുമോ?,6
പറ്റുന്നേയില്ല,6
യു.,6
"യുങ്ങ്, വേണ്ട!",6
യെസ് സാർ.,6
"യെസ്, സാര്‍ .",6
യെസ്സാര്‍.,6
രണ്ടാം ഘട്ടം.,6
രണ്ടു...,6
റാണീ?,6
പറയുന്നത് കേൾക്ക്.,6
റിലാക്സ്.,6
റൂബിയോ.,6
റെഡിയല്ലേ?,6
ലിയോണ്‍.,6
ലൂ?,6
പപ്പ!,6
നീ എന്താ ഉദ്ദേശിച്ചത്?,6
# ഓാ-ഓാ-ഓ,6
എലീസ്.,6
ഗീത കുമാരി ഫോഗാട്.,6
ഇതെന്താണിത്?,6
ഇതെങ്ങനെയുണ്ട്?,6
ഗുഡ് മോർണിംഗ്.,6
ഇതാണ് കാടിന്റെ നിയമം...,6
ഇതാണത്.,6
ഗുഡ്ഡൂ?,6
ഗോര്‍ഡന്‍.,6
ഗ്ലിണ്ടാ..,6
ആശംസകള്‍.,6
ആര്‍ക്കന്‍സ്റ്റോണ്‍,6
ചീഫ്!,6
ചുവന്ന പൂ.,6
ആരെങ്കിലുമുണ്ടോ?,6
ചെന്നായുടെ ശക്തി കൂട്ടവും.,6
ചേര്‍ക്കാന്‍ ശ്രമിക്കരുത്.,6
ആരെങ്കിലും ഉണ്ടോ?,6
ആരുമില്ലേ?,6
ഗീതാ!,6
ഇതെവിടുന്നു കിട്ടി?,6
അവനെ പിടി.,6
ഇത് കുടിക്കൂ.,6
ഇന്നാ പിടിച്ചോ.,6
കുറച്ചൊക്കെ.,6
കൂട്ടരേ!,6
ഇനി പോകാം.,6
ഇത് സത്യമാണ്.,6
ഇത് വഴി,6
കേറ്റ്.,6
കേള്‍ക്ക്.,6
ഇത് മനോഹരമാണ്.,6
ഇത് ഭ്രാന്താണ്.,6
ഇത് പിടി.,6
"കൊള്ളാം, കൊള്ളാം.",6
ഇത് നിനക്കാണ്.,6
ക്രോഫോഡ്.,6
ഇത് കൊള്ളാം.,6
ക്ലാരിസ്.,6
ക്വാങ്ങ്-ഹൊ!,6
ജനറല്‍...,6
ആരുമല്ല.,6
ആരും പറഞ്ഞില്ല.,6
ആരായിരുന്നു നിൻറെ കൂടെ?,6
ഞാന്‍ വിളിക്കാം.,6
ഞാന്‍ ശ്രമിക്കാം.,6
ഞാൻ ഇപ്പൊ വരാം.,6
ഞാൻ ഉദ്ദേശിച്ചത്..,6
അവിടെയായി.,6
ഞാൻ തന്നെ.,6
അവസാനിപ്പിക്ക്.,6
ഞാൻ നോക്കട്ടെ.,6
ടെറീ!,6
ടോണി എവിടെ?,6
അവന്‍ പോയി.,6
ഡാനി.,6
ഡാനിയൽ.,6
ഡാഷ്!,6
ഡിക്റ്റക്റ്റീവ് ഡോമർ.,6
ഡിക്റ്ററ്റിവ്,6
അവനെ വിട്ടേക്ക്.,6
ഞാന്‍ മറന്നുപോയി,6
ഞാന്‍ പോകാം.,6
ഞാന്‍ നിന്നെ വെറുക്കുന്നു !,6
ഞാനെടുക്കാം.,6
ജീൻ.,6
ആരായിരുന്നു?,6
ജെയിന്‍.,6
ആരാണ് നിങ്ങള്‍?,6
ആരാണ് അവിടെ?,6
ആരാണയാള്‍?,6
ഞാനുണ്ട്.,6
"ആയി, സാർജെന്റ്റ് സാർ!",6
അവൾ മരിച്ചു.,6
ഞാന്‍ ഇപ്പോള്‍ വരാം.,6
ആഞ്ഞു പിടിച്ചാൽ നിന്നെ പോലെ ഒരുത്തന് നടന്നെത്താം.,6
ഞാന്‍ ഉപദ്രവിക്കില്ല.,6
ഞാന്‍ എന്താണ് ചെയ്യേണ്ടത്?,6
ഞാന്‍ കണ്ടു.,6
ആകാശത്തോളം പഴയതും സത്യമുള്ളതും.,6
ആ ദിവസം...,6
ഇന്ന് വേണ്ട.,6
കിട്ടിപ്പോയി.,6
ഇപ്പഴോ?,6
എല്ലാവരും എഴുന്നേല്‍ക്കൂ.,6
എന്ത് ചെയ്യും?,6
എന്ത് ജോലി?,6
എന്ത് സംഭവിച്ചു?,6
എന്നെ നോക്കൂ.,6
എനിക്കുറപ്പില്ല.,6
എന്നേക്കും.,6
എന്നോട് ക്ഷമിക്കണം.,6
എനിക്കുണ്ട്.,6
എനിക്കു നിന്നോടു സംസാരിക്കണം.,6
എന്‍റെ ദൈവമെ.,6
എഫ്.,6
എല്ലാ ദിവസവും.,6
എല്ലാം അവസാനിച്ചു.,6
എല്ലാം ഇതിലുണ്ട്.,6
എല്ലാം കിട്ടിയോ?,6
എത്തി.,6
എല്ലായ്പ്പോഴും.,6
എനിക്ക് ഒന്നും അറിയില്ല.,6
എനിക്ക് ദാഹിക്കുന്നു.,6
"എന്തുപറ്റി, അച്ഛാ?",6
എന്താണ് അത്?,6
എന്താ എന്തുപറ്റി?,6
എന്താ കിട്ടിയത്?,6
എന്താ നിനക്ക് പറ്റിയത്?,6
എനിക്ക് വീട്ടിൽ പോണം!,6
എന്താ പേര്‍?,6
എന്താ വേണ്ടത്‌?,6
എനിക്ക് വിഷമമുണ്ട്.,6
എനിക്ക് മനസ്സിലാവുന്നില്ല.,6
എനിക്ക് പറ്റുന്നില്ല.,6
എനിക്ക് മനസിലായില്ല.,6
എന്താണ് നിങ്ങള്‍ പറയുന്നത്?,6
എനിക്ക് മനസിലാകുന്നില്ല.,6
എന്തായിവിടെ?,6
എന്തിനാ നാണിക്കുന്നത്‌?,6
എന്തിനുവേണ്ടി?,6
എനിക്ക് പേടിയാണ്.,6
എല്ലാവരും ഇരിക്കൂ.,6
എല്ലാവരെയും.,6
കിടിലം!,6
എഴുന്നേൽക്കൂ.,6
ഒരുപാട് വൈകി.,6
ഇവിടെ ആരെങ്കിലും ഉണ്ടോ?,6
ഒലെക്?,6
ഓ ദൈവമേ.,6
"ഓ, എന്റെ ദൈവമേ.",6
"ഇല്ല, സാര്‍.",6
"ഓഹ്, അതെ.",6
"ഇല്ല, ഇല്ല, ഇല്ല.",6
ഇല്ല സാർ.,6
ഇറങ്ങി വാ!,6
കപ്പലിലേക്ക് മടങ്ങൂ.,6
കമാൻഡർ.,6
ഇറങ്ങി പോ!,6
കയറ്.,6
"കാഞ്ചി ഭായ്, കാഞ്ചി ഭായ്.",6
കാട്ടുമരത്തെ ചുറ്റിപിണയുന്ന വള്ളികളെപോലെ...,6
ഇപ്പോളോ?,6
ഒരു സമ്മാനം.,6
ഈ സമയത്തോ?,6
ഉം-ഉം.,6
"ഉവ്വ്, സർ!",6
എവിടെ അയാൾ?,6
എങ്ങനെയിരിക്കുന്നു?,6
എവിടെ അവള്‍?,6
എവിടെ ആയിരുന്നു?,6
എക്ക്സ്പെക്ടോ പെട്രോണം !,6
ഊ...,6
ഏജന്റ് സ്റ്റാര്‍ലിംഗ്!,6
ഒന്നാം ഘട്ടം.,6
ഒരു കുഴപ്പവും ഇല്ല.,6
ഒന്നിനും കൊള്ളാത്തവന്‍!,6
ഒന്നിലും തൊടരുത്.,6
ഉറപ്പാണ്.,6
ഉറക്കെ!,6
ഒഫീലിയാ!,6
ഒമർ...,6
ഉമ്മി!,6
ഡ്രേക്കോ.,6
ജിന്ന !,6
എന്താ ഇത്ര തമാശ?,6
നമ്മളെത്തി.,6
നിനക്ക് എന്താണ് വേണ്ടത്?,6
നമുക്ക് നടക്കാം.,6
നമുക്ക് തുടരാം.,6
നമുക്ക് തുടങ്ങിയാലോ?,6
നമുക്ക് കിട്ടിയ ശവം ഇവിടേക്ക് നടക്കുന്നു!,6
അതാ നല്ലത്.,6
അത് പ്രശ്നമില്ല.,6
നമസ്തേ.,6
നന്ന്.,6
നിനക്ക് ഭ്രാന്തുണ്ടോ?,6
"നന്ദി, സർ.",6
അടങ്ങിയിരിക്ക്.,6
അങ്ങനെ സംഭവിക്കില്ല.,6
"നന്ദി, മി.",6
അത് വേണ്ട.,6
നടക്കില്ല.,6
നടക്കട്ടെ.,6
"ദൈവമേ,",6
അത്ര മതി.,6
ദൈവം ഇവന്റെ അറിവില്ലായ്മ പൊറുക്കട്ടെ.,6
അദ്ദേഹം മരിച്ചു.,6
നിന്‍റെ ഇഷ്ടം പോലെ.,6
ദീ!,6
അകത്ത് വാ.,6
ദയവായ്,6
നമുക്ക് പോയാലോ?,6
അത് പറ്റില്ല.,6
"ദയവായി, ഇസ്സി.",6
അത് നന്നായിട്ടുണ്ട്.,6
നിങ്ങള്‍ കാണുന്നില്ലേ?,6
നിങ്ങള്‍ എവിടെയാണ്?,6
നിങ്ങള്‍ക്കെന്താണ് വേണ്ടത്?,6
അതെനിക്ക് തരൂ.,6
അതെനിക്ക് താ.,6
അതെവിടെയാണ്?,6
അതേ സര്‍.,6
"അതേ, അതേ.",6
അതേന്നെ,6
അതെ സർ.,6
നിനക്കറിയില്ലേ?,6
അവനെ പാകം ചെയ്യുന്നു!,6
അത് ഞാന്‍ നോക്കിക്കോളാം.,6
നാപലോനി!,6
നാന്‍,6
അതുപോലെ..,6
നല്ലതാണ്.,6
അതുകൊണ്ടെന്ത്?,6
നിനക്കെന്താ ഭ്രാന്ത് പിടിച്ചോ?,6
നല്ല തണുപ്പുണ്ട്.,6
നിനക്കെന്താ വട്ടായോ?,6
നയോമി അറ്റാക്ക് ചെയ്യുന്നു.,6
നിനക്കെന്ത് പറ്റി?,6
അതും.,6
അത് നടക്കും.,6
അപ്പൊ ശരി.,6
അങ്ങിനെതന്നെ.,6
അറിയുമോ?,6
തെണ്ടീ.,6
തുടരട്ടെ.,6
അമേരിക്കയ്കായി.,6
അമ്മയെവിടെ?,6
"തീർച്ചയായും, എനിക്കറിയാം ധനുരാശിയാണ് നിൻറെ കൂറെന്ന്.",6
നിർത്തെടാ.,6
"തീര്‍ച്ചയായും, ഞാന്‍ കൂടുതല്‍ അതിനെക്കുറിച്ച്‌ ചിന്തിക്കുമ്പോള്‍ അത് എന്‍റെ കൈയില്‍ നിന്ന് അകന്നു പോവുകയാണ്",6
നിൽക്കു.,6
തീട്ടം!,6
തിരിയൂ.,6
അല്ല സാർ.,6
", ഓപ്പണ്‍ ഫ്രെയിം പയ്യന്നൂര്‍",6
തിരിച്ചു പോ.,6
#കൂവി,6
"അല്ല,",6
താരക്ക്...,6
താരക് എവിടെ?,6
അവഡ കെഡാവ്ര!,6
താങ്കളുടെ ആത്മാവില്‍ ദൈവം കരുണ കാണിക്കട്ടെ.,6
അവനെ എനിക്ക് തരൂ.,6
തുറക്കൂ.,6
നിങ്ങള്‍ പറഞ്ഞത് ശരിയാണ്.,6
അബാ.,6
നിലക്ക്!,6
തേവിടിശ്ശി!,6
നിറുത്തൂ!,6
തെമ്മാടീ.,6
അകി കൌരിസ്മാക്കി,5
എനിക്ക് പണം വേണം.,5
എനിക്ക് കേള്‍ക്കാം.,5
അകത്തു വാ.,5
അതെ സാര്‍.,5
അതുശരി.,5
വെടിവച്ചുകൊന്നു,5
വെടി വെക്കൂ.,5
ഉവ്വ് സർ.,5
അകത്തുണ്ട്.,5
എനിക്ക് വേദനിക്കുന്നു.,5
ഹാരി പോട്ടര്‍.,5
അതുമതി.,5
♪ നീ നന്നായി സന്തോഷിച്ചോ...,5
വളരെ വൈകി.,5
അതുകൊണ്ട് കാര്യമില്ല.,5
വാൾട്ടർ.,5
അതുകൊണ്ടാണ്...,5
♪ നിനക്ക് ഒരു നല്ല ഭാവി വേണമെങ്കിൽ...,5
എങ്ങനെ പോകുന്നു കാര്യങ്ങള്‍?,5
വളരെ ശരിയാണ്.,5
എനിക്ക് ഉറപ്പില്ല.,5
ഉല്ലാസയാത്ര,5
എനിക്ക് ജീവിക്കണം.,5
വഴി മാറ്.,5
ഈവ.,5
എന്താ ഇത്ര ചിരിക്കാന്‍?,5
ഇവിടെത്തന്നെ.,5
ഇവിടെയല്ല.,5
എന്താ അതിന്‍റെ അര്‍ത്ഥം?,5
ഇവിടെയുണ്ട്.,5
വളരെ നന്നായിരുന്നു.,5
"അതെ, സാർജെന്റ്റ് സാർ.",5
ഈദ് മുബാരക്ക്.,5
എനിക്ക് വേറെ വഴിയില്ലായിരുന്നു.,5
# നീ ചെയ്യേണ്ടതു നീ ചെയ്തു,5
"ഉം,",5
"ഹായ്, ഹാരി.",5
"അതെ, മാഡം",5
"ഉണ്ട്, സാര്‍.",5
"അതെ, തീർച്ചയായും.",5
ഉമ്മര്‍ ടി.,5
"അതെ, ഞാന്‍ തന്നെ.",5
വെല്‍ക്കം.,5
♪ ലക്ഷ്യത്തിന്‍റെ വാതിൽ തുറക്ക് ♪,5
"♪ ഇവിടെ നിന്നോ അവിടെ നിന്നോ, ♪ ♪ അല്ലെങ്കിൽ എവിടെ നിന്നെങ്കിലും ♪",5
"അതെ, അങ്ങനെ തന്നെ.",5
♪ ഇപ്പോൾ കുഴപ്പമുണ്ടോ?,5
100 യൂറോ.,5
വഴിമാറ്.,5
എനിക്ക് അയാളെ അറിയില്ല.,5
"അച്ഛാ,",5
അതങ്ങനെയല്ല.,5
എനിക്കറിയാം അത്.,5
വിക്ടർ.,5
"എനിക്കറിയാം, എനിക്കറിയാം.",5
എനിക്ക് ഭയമാണ്.,5
എനിക്കൊരു ചോദ്യമുണ്ട്,5
എനിക്കു മനസ്സിലാകുന്നില്ല.,5
വിഡ്ഢിത്തം.,5
എനിക്കു വിഷമമുണ്ട്.,5
എനിക്കും തോന്നി.,5
വിട്ടു കള.,5
എത്രയുണ്ട്?,5
അതെങ്ങനെയാ?,5
20 ലക്ഷം!,5
എനിക്കുമതെ.,5
♪ എന്തെങ്കിലുമൊക്കെ പറയൂ ♪,5
അങ്ങനെ പറയരുത്.,5
♪ ഉടയോനേ...,5
എനിക്ക് പ്രശ്നമില്ല.,5
എനിക്കുറപ്പുണ്ട്.,5
എനിക്കൊന്നും അറിയില്ല.,5
എനിക്കൊന്നും പറയാനില്ല.,5
"♪ ദൈവമേ, എനിക്കിനിയും പിടിച്ചുനില്ക്കാൻ കഴിയില്ല ♪",5
എത്രയാവും?,5
എനിക്കൊന്നും മനസ്സിലാവുന്നില്ല.,5
വസ്സിലീ?,5
എനിക്ക് അമ്മയെ കാണണം.,5
എങ്ങനെയുള്ളത്?,5
അതു ശരിയാ.,5
വഴീന്ന് മാറ്!,5
അതിരിക്കട്ടെ...,5
എങ്ങോട്ടാണ്?,5
അതിപ്പോ...,5
അതാരാ പറഞ്ഞത്?,5
എനിക്ക് പറ്റും.,5
എണീക്കെടാ.,5
വായടക്ക്‌ !,5
വാ പോവാം.,5
എത്ര വേണം?,5
എനിക്ക് മനസ്സിലാകും.,5
♪ നാ നാ ന നാ നാ ന നാ നാ നാ നാ♪,5
വിശ്വസിക്കാന്‍ പറ്റുന്നില്ല.,5
വിശ്രമിക്കൂ.,5
"♪ ദൈവമേ, ഞങ്ങളുടെ ലക്ഷ്യത്തിന്‍റെ വാതിൽ തുറക്ക് ♪",5
അതാ അവൻ!,5
അതറിയില്ല.,5
അതയോ?,5
എത്ര സമയമെടുക്കും?,5
എനിക്ക് നിന്നോട് സംസാരിക്കണം.,5
സിഗരറ്റ്?,5
ഇവിടുന്നു പോ!,5
അനിയാ..,5
ആഞ്ചലീന,5
ആണ്ട്രൂ!,5
ആന.,5
ആന്ദ്രേ!,5
അപ്പൊ ശുഭരാത്രി.,5
സന്തോഷമായോ?,5
സന്തോഷമായി.,5
ആയിരിക്കും.,5
സത്യമോ ധൈര്യമോ?,5
ആയുധങ്ങൾ!,5
ആരാണ് അത്?,5
സൂക്ഷിക്കണേ.,5
അപകടം.,5
അനങ്ങാതെ നില്‍ക്ക്.,5
ആക്ഷൻ !,5
വളരെ നന്നായി.,5
സെലെസ്റ്റിന്‍!,5
ആരുടേതാണ് ഒന്നാംതരം കറിക്കൂട്ട്?,5
സംവിധാനം ക്രിസ്റ്റഫര്‍ നോളന്‍,5
അദ്ദേഹം പറഞ്ഞത് ശരിയാണ്.,5
സോദരാ..,5
അത്ഭുതം തന്നെ.,5
ആരോ വരുന്നുണ്ട്.,5
ഷൂട്ട്‌!,5
ആര്‍ക്ക്?,5
ആറ്...,5
ഷിനോ!,5
ആലോചിക്ക്.,5
അഭിനേതാക്കൾ,5
ആ കപ്പ് തരൂ.,5
ഇവന്‍റെ പേര് റോബർട്ട് പോൾസൺ.,5
അവിടെ നിൽക്കൂ.,5
"സി എം എസ്"" വീട്ടിലെത്തി.",5
അവനെ പിടിച്ചു!,5
സിനേ!,5
സാറാ?,5
അവനെ കിട്ടി.,5
അവന്‍ എവിടെ?,5
അവര്‍...,5
സാബത്ത്!,5
സാധ്യമല്ല.,5
അവര്‍ വരുന്നുണ്ട്.,5
സാധിക്കില്ല.,5
അവര്‍ക്കറിയാം.,5
അവളെ നോക്ക്.,5
സള്ളാ.,5
അസാധ്യം.,5
അലക്സ്!,5
സു ജങ്!,5
അറ്റെൻഷൻ!,5
അവിടെയിരിക്ക്.,5
അമ്മാ!,5
അവിടെയോ?,5
"സര്‍, മി.",5
അവൻ മരിച്ചു.,5
അവർ വരുന്നുണ്ട്.,5
അവൾ...,5
അവൾ എവിടെ?,5
സമ്മതമാണോ?,5
അസലാമു അലൈക്കും.,5
ശ്രീ.,5
അത് മാത്രമല്ല.,5
ആൻഡി!,5
ഇരുപത്.,5
സ്വീകരിക്കുന്നു,5
ഇന്നോ?,5
ഇന്ന് രാത്രി.,5
അത് ഞാനാണ്.,5
ഇപ്പൊ വരാം.,5
ഇപ്പോ എങ്ങനെയുണ്ട്?,5
അത് കൊള്ളാമല്ലോ.,5
ഇപ്പോള്‍ പോകൂ.,5
അത് കേട്ടോ?,5
വൗ!,5
അതൊന്നും സാരമില്ല.,5
വ്ഹോ.,5
വോഹ്..,5
വൈകിപ്പോയി.,5
ഇംഗ്ലീഷ്?,5
ഇറങ്ങി പോടാ!,5
അതെന്താ അങ്ങനെ?,5
"ഹലോ, ഹലോ.",5
ഇല്ല സർ.,5
ഹല്ലേലൂയാ..,5
"ഇല്ല, യുവറോണര്‍.",5
"ഇല്ല, സര്‍.",5
"ഇല്ല, സർ.",5
ഇല്ലയോ?,5
ഇല്ലാ.വെ,5
വേണ്ട നന്ദി.,5
ഇല്ലേയില്ല.,5
അതെങ്ങനെയുണ്ട്?,5
ഇന്നാ പിടി.,5
ഇനിയെന്ത്?,5
അത് തുറക്ക്.,5
അത് തെറ്റാണ്.,5
സോളമന്‍.,5
ഇങ്ങോട്ട് നോക്ക്!,5
ഇതല്ല.,5
ഇതാ വരുന്നു.,5
സോളമൻ!,5
അത് മറന്നേക്കൂ.,5
ഇതിന്‍റെ ആവശ്യമില്ല.,5
ഇതിലേ.,5
ഇതു വഴി.,5
ഇതെങ്ങനെ സംഭവിച്ചു?,5
സ്കൂളിലോ?,5
ഇതെടുക്ക്.,5
സ്ഥിരീകരിച്ചു.,5
ഇതെന്തായിത്?,5
ഇതെന്തുപറ്റി?,5
ഇത് കുഴപ്പമില്ല.,5
അത് പിന്നെ...,5
സ്നേഹം.,5
ഇത് ഞാന്‍ നോക്കിക്കോളാം.,5
ഇത് തെറ്റാണ്.,5
സ്പീഡ്!,5
ഇത് നിനക്കുള്ളതാണ്.,5
ഇത് നീയാണോ?,5
അത് പാപമാണ്.,5
സ്വര്‍ണ്ണം!,5
ഇത് മി.,5
ഇത് ശരിയല്ല.,5
ഇരി.,5
നീ എന്താ ഈ പറയുന്നത്?,5
എന്താ ഇവന്റെ പ്രശ്നം?,5
തീര്‍ച്ചയായും ഉണ്ട്.,5
പീറ്റർ.,5
തിരിഞ്ഞു നോക്കരുത്.,5
താഴെ ഇരിക്ക്!,5
പുറത്ത് പോകൂ.,5
തരക്കേടില്ല.,5
പെട്ടന്നാവട്ടെ!,5
പെട്ടന്ന്!,5
തമ്പുരാന്‍...,5
തമാശയാണോ?,5
തടവ്‌ പുള്ളി 2904.,5
ഡോക്റ്റര്‍ ഷോ?,5
ഡോ.,5
ഡിമെന്റർ!,5
പേടിച്ചോ?,5
പേരും തൊഴിലും ?,5
പൊക്കോ.,5
ടോം.,5
തീര്ച്ചയായും.,5
പിപ്!,5
"നന്ദി, സര്‍.",5
തീർച്ചയായും ഇല്ല.,5
നടന്നില്ല.,5
ധാരാളം.,5
ദൈവശാപം!,5
ദൈവമേ നന്ദി.,5
ദൈവത്തിന് നന്ദി.,5
ദേവ്.,5
ദുബായിലേക്കോ ?,5
പാവങ്ങൾ.,5
ദാ ഇവിടെ.,5
പാർക്കർ.,5
ദയവുചെയ്ത്.,5
പിടി.,5
ത്രീ...,5
തെളിയിക്ക്.,5
പിന്നീട്...,5
തുടങ്ങ്.,5
തുടങ്ങിക്കോ.,5
ടെഡി.,5
ടാ!,5
ഞാൻ പോകാം.,5
ഞാൻ പറയുന്നത് കേൾക്കുന്നുണ്ടോ?,5
പ്രമോദ് കുമാര്‍,5
ഞാന്‍ ഉദ്ദേശിച്ചത്...,5
പ്രൊഫസർ,5
ഞാന്‍ ഇവിടെയുണ്ട്.,5
ഞാനൊന്നു നോക്കട്ടെ.,5
ഞാനെന്തു ചെയ്യും?,5
ഞാനെത്തി.,5
ഫയർ!,5
ഞാനും വരട്ടെ?,5
ഞാനാ.,5
ഫിയോണാ!,5
ഫൂസേ...,5
ഫൈഫിലെ പ്രഭുവിനെ സൂക്ഷിക്കുക.,5
ഞാനല്ല ചെയ്തത്.,5
ഞങ്ങൾക്ക് ആ മുടിവെട്ടുകാരനെ വേണം!,5
ജോൺസീ!,5
ജൂത ബെന്‍,5
ഞാന്‍ കരുതി...,5
ഞാന്‍ ക്ഷമ ചോദിക്കുന്നു.,5
ഞാന്‍ തളര്‍ന്നു.,5
ഞാന്‍ പോവുന്നു.,5
ഞാൻ പറഞ്ഞില്ലേ?,5
പോകട്ടെഇതുകളും!,5
ഞാൻ നിരപരാധിയാണ്.,5
ഞാൻ നിന്നെ കൊല്ലും.,5
ഞാൻ തിരക്കിലാണ്.,5
ഞാൻ എണീറ്റു.,5
ഞാന്‍ വെറുതെ...,5
ഞാന്‍ പിന്നെ വിളിക്കാം.,5
ഞാന്‍ നന്നായി.,5
പോയോ?,5
ഞാന്‍ പറയുന്നത് കേള്‍ക്ക്.,5
പോരാ.,5
പോരെ?,5
ഞാന്‍ നിന്നെ വിശ്വസിക്കുന്നു.,5
ഞാന്‍ നിങ്ങളെ സ്നേഹിക്കുന്നു.,5
ഞാന്‍ നിങ്ങളെ വെറുക്കുന്നു.,5
പറയെടാ!,5
നന്നായി വരട്ടെ.,5
# കാണൂ,5
നിനക്ക് വിശക്കുന്നില്ലേ?,5
നിനക്ക് വട്ടാണ്.,5
നീ പറഞ്ഞത് ശരിയാ.,5
നിനക്ക് മനസ്സിലാകുന്നുണ്ടോ?,5
നിനക്ക് പോകാം.,5
നിനക്ക് പറ്റുമോ?,5
നിനക്ക് പറ്റും.,5
നിനക്ക് കഴിയില്ല.,5
നിനക്ക് എന്തു പറ്റി?,5
നിനക്ക് എന്താ വേണ്ടത്?,5
നിനക്ക് ഉറപ്പാണോ?,5
നീതി!,5
നീയാണിത് ചെയ്തത് .,5
നിനക്കൊന്നും പറ്റിയില്ലല്ലോ?,5
നിനക്കെന്താ പറ്റിയത്?,5
നീയും ഞാനും മാത്രം.,5
നീയെങ്ങോട്ടാ പോകുന്നത്?,5
നിനക്കെത്ര വയസ്സുണ്ട്?,5
നീ തയ്യാറാണോ?,5
നിന്റെ പേരെന്താണ്?,5
പറയാന്‍ പറ്റില്ല.,5
നീ കേട്ടോ?,5
നീ എന്താ കാണുന്നത്?,5
നീ എന്താ ചിന്തിക്കുന്നത്?,5
നീ എന്താ ഈ ചെയ്യുന്നത്?,5
നീ എന്താ ഇവിടെ ചെയ്യുന്നത്?,5
നീ എങ്ങോട്ടാ പോകുന്നത്?,5
നീ ആരാന്നാ നിന്‍റെ വിചാരം?,5
നീ എന്താണി ചെയ്യുന്നത്?,5
നീ എന്ത് പറയുന്നു?,5
നീ എന്നെ പൊട്ടനാക്കുകയാണോ?,5
നീ എഴുന്നേറ്റോ?,5
നിശ്ശബ്ദം!,5
നിശബ്ദരാവൂ.,5
നില്ക്ക്.,5
നീ ഒറ്റയ്ക്കാണോ?,5
നിര്‍ത്ത്‌.,5
നിര്‍ത്തെടാ!,5
നീ കാണുന്നില്ലേ?,5
നിനക്കുറപ്പാണോ?,5
നീയെന്താ ഉദ്ദേശിച്ചത്?,5
നീയെന്താ ചെയ്തത്?,5
നിനക്കറിയില്ല.,5
നിങ്ങളുടെ സുരക്ഷക്കായി ദയവായി എല്ലാവരും മഞ്ഞ വരയ്ക്ക് പിന്നിലായി നില്‍ക്കുക.,5
നിങ്ങളുടെ പേരെന്താണ്?,5
നായിന്‍റെ മോന്‍!,5
നല്ല ശമ്പളം.,5
നല്ല വേദനയുണ്ട്.,5
നല്ല രസമായിരിക്കും.,5
പടിഞ്ഞാറ്.,5
നമ്മൾ..,5
പണമോ?,5
നമ്മള്‍ പോകുന്നു.,5
നമ്മളെന്ത് ചെയ്യും?,5
നമുക്ക് വീട്ടിലേക്ക് പോകാം.,5
പത്ത്.,5
നമുക്ക് പിറന്ന നാടില്ല..,5
നമുക്ക് കാര്യത്തിലേക്ക് കടക്കാം.,5
നമുക്ക് കഴിക്കാം.,5
നമുക്കു പോകാം!,5
നിങ്ങളെന്താ ഇവിടെ?,5
നിങ്ങളെന്താ ചെയ്യുന്നേ?,5
നോക്കി നടക്ക്.,5
നുണ!,5
നിനക്കറിയാമോ അത്?,5
നിങ്ങൾക്ക് മനസ്സിലായോ?,5
നിങ്ങൾ എന്താണ് പറയുന്നത്?,5
നിങ്ങൾ ആപത്ത്കരമാണെന്ന് കരുതപ്പെടുന്നു...,5
നീയെന്താണ് പറയുന്നത്?,5
നിങ്ങള്‍ക്ക് എന്ത് തോന്നുന്നു?,5
നിങ്ങള്‍ക്ക് എന്താണ് വേണ്ടത്?,5
നുണയന്‍.,5
നിങ്ങളെന്താ പറയുന്നേ?,5
നേരെ.,5
നിങ്ങള്‍ എന്താ ചെയ്യുന്നേ?,5
നോക്കൂ.,5
നിങ്ങള്‍ എന്താ ചെയ്യുന്നത്?,5
നിങ്ങളൊരു നല്ല മനുഷ്യനാണ്.,5
"നോ, നോ.",5
നിങ്ങളെന്താണീ കാണിക്കുന്നത്?,5
ജാങ്കോ.,5
ബഹുമാന്യരെ...,5
വളരെ എളുപ്പം.,5
എവിടെ അവന്‍?,5
യാൻ.,5
എല്ലായിടത്തും.,5
എല്ലാം ശരിയാക്കിയിട്ടുണ്ട്.,5
യുദ്ധം.,5
യൂസഫ്!,5
എല്ലാം ഓക്കേ അല്ലെ?,5
നീ എന്താ കാണിക്കുന്നത്?,5
എമില്‍.,5
യേ..,5
എപ്പോഴും.,5
എന്‍റെ കൂടെ കളിക്കാന്‍ വാ,5
എന്‍റെ കാര്യമോ?,5
എന്റെ ഭാര്യ.,5
എന്ന് വെച്ചാല്‍?,5
എന്നോട് പൊറുക്കൂ.,5
എന്നോട് പറയൂ.,5
രാഹുൽ!,5
എല്ലാവർക്കും അറിയാം.,5
മ് മ്.,5
ഒരുപക്ഷേ...,5
എവിടെയാണ് നിങ്ങള്‍?,5
ഒരു മിനിറ്റ് നില്‍ക്കൂ.,5
ഒരു പിടിയുമില്ല.,5
"ഒരു നിമിഷം, പ്ലീസ്.",5
ഒരു നിമിഷം നില്‍ക്കൂ.,5
ഒരു കൊഴപ്പവുമില്ല.,5
മുകേഷ്..,5
ഒരു കാര്യം പറയട്ടെ?,5
മുത്തശ്ശീ..,5
ഒരു കാര്യം ചെയ്യാം.,5
"ഒന്ന്, രണ്ട്...",5
ഒന്നും സംഭവിച്ചില്ല.,5
ഒന്നും പറഞ്ഞില്ല.,5
മേജര്‍.,5
ഒ.കെ.,5
ഏതാണ്?,5
ഏണസ്റ്റൊ എസ്ട്രാഡ.,5
എവിടെയായിരുന്നു?,5
എന്നോടോ?,5
റികിച്ചി!,5
എന്നെയും.,5
റിച്ച്.,5
"എന്തായാലും,",5
എന്താണ് വിശേഷം?,5
എന്താണ് പറഞ്ഞത്?,5
വന്നതിന് നന്ദി.,5
എന്താണ് നടന്നത്?,5
എന്താണ് ചെയ്യുന്നത്?,5
എന്താണ് ഉദ്ദേശിച്ചത്?,5
വയ്യ.,5
എന്താണീ പറയുന്നത്?,5
എന്താണാ ശബ്ദം?,5
എന്താ സംഭവിച്ചേ?,5
എന്താ ശരിയല്ലേ?,5
എന്താ പേര്?,5
എന്താ പറയുന്നത് ?,5
വരൂ വരൂ.,5
എന്താ ഇവിടെ നടക്കുന്നെ?,5
എന്താ ഇവിടെ ചെയ്യുന്നത്?,5
എന്തിനെ?,5
എന്തുകൊണ്ട് ആയിക്കൂടാ?,5
ലൂമോസ്.,5
എന്ത് പറഞ്ഞു?,5
എന്നെ സഹായിക്കു!,5
എന്നെ രക്ഷിക്ക്,5
എന്നു വച്ചാല്‍..,5
എന്നിട്ടും...,5
എന്ത് സഹായം?,5
എന്ത് വേണം നിങ്ങൾക്ക്?,5
റെഡ്...,5
എന്ത് ചെയ്യുന്നു?,5
എന്തുണ്ട്?,5
റോണ്‍!,5
റോബർട്ട് ..,5
എന്ത് ചെയ്യാന്‍?,5
എന്തെന്ന്?,5
എന്തെങ്കിലും കാണുന്നുണ്ടോ?,5
ലാസര്‍.,5
എന്തുണ്ട് വിശേഷം?,5
ഒരു സ്ത്രീ.,5
ഒരുപാട് നന്ദി.,5
ജസ്സീ!,5
ഭയപ്പെടേണ്ട.,5
ഭാര്യ?,5
ഭോലെ..,5
ഗുഡ് ഈവെനിംഗ്.,5
ഗുക്!,5
മക്കൗലിഷ്!,5
മക്‌ഡെഫിനെ സൂക്ഷിക്കുക.,5
മണ്ടേല.,5
മണ്ടേലാ..,5
ഗാണ്ടാല്‍ഫ്!,5
"ക്ഷമിക്കണം, സര്‍.",5
ക്ഷമിക്കണം സാർ.,5
ക്ലമൻസ്!,5
ക്രൂസിയോ!,5
ക്രിസ്റ്റോഫ്!,5
കൊള്ളാലോ,5
കൊള്ളാമോ?,5
"കൊള്ളാം,",5
ഭായ്!,5
"ഗുഡ് മോർണിംഗ്, സാർ.",5
മിണ്ടാതിരിയെടാ!,5
ഗുഡ്നൈറ്റ്.,5
ബാഗിലേക്ക്.,5
ജഗ്ഗൂ...,5
ചോദിക്കൂ..,5
ബില്‍ബോ!,5
ചെക്ക്-മേറ്റ്.,5
ചിരിക്കൂ.,5
ബോംബര്‍!,5
ബോബ്!,5
ചിയേർസ്.,5
ചായ വേണോ?,5
ചായ കുടിക്കുന്നോ?,5
ചാട്!,5
ചാടുന്നു...,5
ങ്ഹേ?,5
ങ്ങും?,5
ഗോള്‍ഫ്,5
ഗുലാബ്!,5
കൊല്ലും ഞാൻ നിന്നെ!,5
കൊലയാളികൾ!,5
കൊടുക്ക്‌.,5
കേറി വാ.,5
മാരുഗെ.,5
കണ്ടോളൂ.,5
കണ്ടത്തില്‍ സന്തോഷം.,5
മാറിപ്പോ!,5
മാറൂ...,5
കട്ട്‌ !,5
കട്'വെ!,5
ഓർമ്മയുണ്ടോ?,5
"ഓഹ്, എന്‍റെ ദൈവമേ.",5
മികച്ചസിനിമകള്‍മലയാളംസബ്ടൈറ്റിലോടെ കാണാന്‍ ഞങ്ങളോടൊപ്പം ചേരൂ...,5
ഓര്‍ഡര്‍!,5
ഓപ്പറേറ്റർ.,5
"ഓക്കേ, ഓക്കേ.",5
ഓ.കെ.,5
ഓ ശരി.,5
ഒറ്റയ്ക്ക്.,5
ഒറ്റക്കോ?,5
കമോൺ.,5
മാമാ!,5
കരീം!,5
"കുതിച്ചുയരുക, വിജൃംഭിക്കുക ഹേയ് ശക്തമായ തിരമാലകളേ",5
കേക്ക്.,5
മരണം!,5
കൂള്‍.,5
കൂട്ടി മുട്ടി...,5
കുഴപ്പമില്ലാ.,5
കുഴപ്പം ഒന്നും ഇല്ലല്ലോ?,5
കുറച്ചു...,5
മറ്റെന്തെങ്കിലും?,5
മാന്യന്മാരെ!,5
കുട്ടികള്‍ എവിടെ?,5
കിടു.,5
കിം യോംഗോ!,5
കാള്‍.,5
കാര്‍ലോസ്!,5
മാത്രമല്ല...,5
കാരണം നമ്മുടെ അന്തസ്സ്‌ തമ്മിൽ ചേരില്ലാ..,5
♫ ബൈ ആന്‍ഡ്‌ ബൈ ♫,5
