sentence,count
சரி.,337
ஆமாம்.,249
இல்லை.,199
என்ன?,149
நன்றி.,135
வா.,109
ஆம்.,108
தயவு செய்து.,78
ஏய்!,72
வணக்கம்.,70
ஓ!,64
நான் ...,64
அன்பே மீது நான் சத்தியம் செய்கிறேன்.,54
சர் ...,53
நாம் போகலாம்.,51
ஏன்?,45
போ!,43
எனவே என் புகைப்படத்தை கிளிக் செய்யவும் ...,42
ஆ !,38
இந்தர் ...,38
இங்கே.,38
நல்லது.,36
நான் வருந்துகிறேன்.,34
"ஆம், ஐயா.",33
எனக்கு தெரியும்.,32
விழுங்க!,30
பரவாயில்லை.,29
அது என்ன?,27
தாமஸ்!,25
எனவே...,25
எனக்கு தெரியாது.,24
வாழ்த்துக்கள்.,23
என்ன நடக்கிறது?,23
ஹ்ம்ம்.,23
ஏ.,23
நிறுத்து.,22
நம்பர் 1 ...,22
மன்னிக்கவும்.,22
இல்ல.,21
போகலாம்!,21
கடவுளே.,21
"ஓ, என் கடவுள்.",20
இப்போது!,19
என்ன நடந்தது?,19
அப்படியா?,19
ஜிம்...,18
"இல்லை, இல்லை, இல்லை.",18
சரியா?,17
வாருங்கள்!,16
நீங்கள் ...,16
ஹேய்!,16
இல்லையா?,16
உங்கள் இல்லாத ஒரு சாபம் போல.,16
"இல்லை, இல்லை.",16
நல்ல.,15
வலது.,15
நான் நன்றாக இருக்கிறேன்.,15
ஆனால்...,15
பிரெண்டா!,15
எழுந்திரு.,15
போதும்!,15
ஜாக்.,15
ஜூடித்!,14
அவரை பஞ்ச்!,14
எப்போதெல்லாம் நான் உன் முகத்தை பார்க்க,14
காதலி,14
அப்பா!,14
சீ.,13
ஆமா.,13
ஹலோ?,13
ஹலோ?,13
மால்கம்!,13
போ!,13
"சரி,",13
அடடே !,13
நீங்கள் என்ன செய்கிறீர்கள்?,12
என்னை மன்னிக்கவும்.,12
எப்படி?,12
எல் இறக்க போகிறேன்.,12
நான் விரும்புகிறேன்.,12
எங்கள் கூட்டம் ஒரு தற்செயல் அல்ல.,12
உள்ளே வா.,12
இல,12
உனக்கு என்ன தெரியும்?,12
நீங்கள் போய்விட்டால் ...,12
நிச்சயமாக.,12
நான் வேண்டினேன் மட்டும் தான்.,12
வேண்டாம்.,11
இந்தாருங்கள்.,11
இது என்ன?,11
காத்திருங்கள்.,11
சார்?,11
நீங்கள் நலமா?,11
எவ்வளவு?,10
நான் செய்கிறேன்.,10
"ஓ புரவலர்."" ஓ புரவலர். ""ஓ புரவலர்.",10
எங்கே?,10
என்னை மன்னியுங்கள்.,10
இல்லையெனில் ...,10
ரோஸி?,10
மேரி!,10
உங்களுக்கு தெரியுமா?,10
நான் பார்க்கிறேன்.,10
"ஓ, அப்படியா.",9
கண்டிப்பாக.,9
வருகிறேன்.,9
நான் இல்லை.,9
ம்ம்...,9
கிளார்க் .,9
நீங்கள் என்ன சொல்கிறீர்கள்?,9
கவலைப்பட வேண்டாம்.,9
எதிர்மறை.,9
செல்லலாம்.,9
நான் சத்தியம் செய்கிறேன்.,8
கீழே இறங்கு!,8
சை!,8
கிரேட்.,8
"சரி, சரி.",8
கேள்.,8
", உடையில் கொள்ளவும்.",8
நாம்சரியானஉன்னைதிரும்பஅழைக்கிறேன்,8
உட்காருங்கள்.,8
அம்மா!,8
வா. வா.,8
மேட்?,8
இருந்தன.,8
"இல்லை, ஐயா.",8
"போ, போ, போ!",8
"இல்லை, நீங்கள் இல்லை.",8
பிடி.,8
பிரச்சினை இல்லை.,8
த்தா.,8
உள்ளது.,8
"நீங்கள் கூட தெளிவான, சுற்றி பார்க்க முடியும்.",8
நீங்கள் ஒப்புக்கொண்டால் ...,8
நீங்கள் என்ன நினைக்கிறீர்கள்?,8
நீங்கள் விக்கிப்பீடியாவில் பார்க்கலாம்.,8
நீங்கள் அவரை போன்ற ஒரு காதலி கண்டுபிடிக்க முடியாது.,8
யார்?,7
ஹே,7
வெளியேறு.,7
நீ நன்றாக இருக்கிறாயா?,7
நீ யார்?,7
பாருங்கள்.,7
மெர்ரி கிறிஸ்துமஸ்.,7
ப்ளீஸ்.,7
நீங்கள் சரியான?,7
நீ என்ன செய்தாய்?,7
மிகவும் நன்றி.,7
சரி நீங்கள்?,7
இந்த பாருங்கள்.,7
ஒரு நிமிடம்.,7
இழு!,7
ஓவர்.,7
கவனமாக.,7
இங்கே வந்து.,7
"ஆமென்,ஆமென்",7
காலை.,7
ஆமென்.,7
எனக்குத் தெரியும்.,7
அது நல்லது.,7
அது சரி.,7
உதவி!,6
உண்மையில் இல்லை.,6
மனநிலை காதல் இன்றிரவு.,6
தான் நேரத்தை வீணாக்க வேண்டாம்.,6
உங்களை வரவேற்கிறேன்.,6
என் இருதயம் ...,6
பின்னர் உங்கள் இடது பக்கத்தில் உள்ள வசிக்கிறார்கள் வந்து.,6
உங்களை சந்திப்பதில் மகிழ்ச்சி.,6
இவான்.,6
பொறுத்திருங்கள்.,6
என் கதை பாருங்கள்.,6
என்ன தவறு?,6
இருந்தது ...,6
நீங்கள் விழுங்க.,6
மாலை வணக்கம்.,6
"இந்த வாழ்க்கை, இனியவளே அனுபவிக்கட்டும்.",6
நீங்கள் இல்லாமல் ...,6
மேலும்...,6
இங்கே வாருங்கள்.,6
ம்ம்ம்ம்?,6
இங்கும்.,6
ரைட்.,6
"ஆமாம், நான்.",6
வாயை மூடு.,6
ஆமாம் ஐயா.,6
அது வாழ முடியாது.,6
அது நன்றாக உள்ளது.,6
ஹே பெண்.,6
அது.,6
நீங்கள் என்னை ஒரு மந்திரம் விட்டேன்.,6
"♪குழந்தை,வாழ்க்கைமிகவும்குறுகிய",6
நாம் காலையில் வீட்டில் பெற வேண்டும்.,6
சியர்ஸ்.,6
"நான் நீங்கள் பார்க்க ஒவ்வொரு முறையும், என் கண்களில் கண்ணீர் மழை கிடைக்கும்.",6
கவனமாக இருங்கள்.,6
ஒவ்வொரு முறையும் யாரோ உங்கள் பெயரை குறிப்பிடுகிறார்.,6
காதலியை பற்றி கேட்க வேண்டாம் ...,6
ஒருபோதும்!,6
காத்திரு.,6
"நில், நில்.",6
கணம் பேரின்ப தான்.,6
அடக்கடவுளே.,6
ஏ சிறுவன்.,6
நகல்.,6
ஜெயராம்!,6
ஏன் இல்லை?,6
நீ ஏன் அவனை குத்துவேன் இல்லை?,6
தயாரா?,5
இது.,5
நான் மிகவும் வருந்துகிறேன்.,5
மைக்?,5
நான் புரிந்துகொள்கிறேன்.,5
♪ஓ,5
அது என் தவறு தான்.,5
ரோஜர் என்று.,5
நான் தீவிரமாக இருக்கிறேன்.,5
ஜென்டில்மென்.,5
"ஆம் , ஐயா .",5
"ஆமென்,ஆமென்,ஆமென்",5
நான் என்ன செய்ய வேண்டும்?,5
நான் என்ன செய்தேன்?,5
நம்பிக்கை.,5
நாதன்?,5
அவரது பெயர் என்ன?,5
அவசரம்.,5
வெளியே போ!,5
அதை பற்றி கவலைப்பட வேண்டாம்.,5
இது எனக்கு உள்ளது.,5
என்னை?,5
மிகவும் வருந்துகிறேன் நான்.,5
பார்.,5
என்னால் முடியாது.,5
என்ன விஷயம்?,5
நீங்கள் என்ன பேசுகிறீர்கள்?,5
எஸ்.ஜி.ஐ,5
நீங்கள் சரியா?,5
ஐ ..,5
நீ எப்படி இருக்கிறாய்?,5
நீ எங்கே இருக்கிறாய்?,5
நீ இங்கே என்ன செய்து கொண்டிருக்கிறாய்?,5
நீங்கள்தனியாகஇல்லை.,5
நீயும் நானும்,5
உண்மையாவா?,5
உண்மையாகவா?,5
நீ.,5
"ஓ, மலம்.",5
நில்!,5
ஒரு',5
புரிந்தது.,5
ஒருவேளை.,5
"இல்லை, நான் இல்லை.",5
போக !,5
இறங்கு!,5
இருக்கலாம்.,5
இயேசு!,5
நாம் போக வேண்டும்.,5
இயக்கவும்!,5
நீங்கள் என்ன சொன்னீர்கள்?,5
இந்தா.,5
திரு ஜனாதிபதி.,5
