sentence,count
ن,414
جی ہاں.,266
چلو!,188
ٹھیک ہے.,184
نہیں!,152
کیا؟,112
کے,109
ہاں.,100
ارے!,79
آپ کا شکریہ.,65
جاؤ!,60
ٹھیک ہے؟,55
¹؟,53
ٹھیک.,48
اچھا.,48
بند کرو!,43
اوہ!,42
کیا ہے؟,39
شکریہ.,37
ہاں۔,37
چلو بھئی.,36
یہ ٹھیک ہے.,36
کیوں؟,36
رکو!,34
یہ کیا ہے؟,33
اقدام!,33
تم ٹھیک ہو؟,33
تم کیا کر رہے ہو؟,32
نمبر,31
ارے نہیں!,30
یہاں.,29
اوہ، میرے خدا.,28
¾ب µإ!,28
الوداع.,28
نہیں۔,28
ہا؟,28
بنجمن,28
میں معافی چاہتا ہوں.,27
جی سر.,27
بالکل ٹھیک.,27
ٹھیک ہے۔,26
مجھے افسوس ہے!,25
ہیلو.,24
ہے.,23
اٹھو!,23
مدد!,22
ٹھہرو!,22
میں پوشیدہ ہوں!,21
ہہ؟,21
فکر نہ کرو!,21
نیچے اترو!,21
آہ!,21
میں ٹھیک ہوں.,21
ٹومی!,21
ماں!,21
گڈ.,21
آپ تیار ہیں؟,21
تو؟,21
سٹیفین!,21
¾ئئ¼ؤ؟,20
ہ,20
کہاں؟,19
جی ہاں۔,19
ح,19
بالکل.,19
·خ¸¶؟,18
کیا ہو رہا ہے؟,18
تم سمجھتے ہو؟,18
آ جاؤ!,18
چلو چلتے ہیں.,18
اہ...,17
جیک!,17
اب.,17
میں آپ کو سمجھ گیا.,17
بلیک!,17
کوئی نہیں.,16
نہیں، سارجنٹ!,16
اد؟,16
ڈیسمنڈ.,16
میں...,15
کیا,15
اوہ میرے خدا!,15
معذرت.,15
توڑ دو!,15
آپ کیا جانتے ہیں؟,15
بالکل ٹھیک؟,15
قسم کی معمولی ہدایات!,15
چپ رہو!,15
تم پاگل ہو؟,15
تم کہاں تھے؟,15
آخر کیا ہے؟,15
ہم مشہور ہو ضروری ہے!,14
ناممکن کے لئے مقصد,14
کے چلو!,14
چلو، چلو!,14
ہم ریڈار بند رہ رہے ہیں!,14
اس کی کہانی میں سوراخ موت سٹار کے طور پر بڑے طور موجود ہیں نہیں!,14
اس بات کا یقین.,14
بنجمن اینجل!,14
مجھے سوچنے دو!,14
ہم ایک نام کی ضرورت ہے!,14
میں بنیامین ہوں,14
ہم ایک برانڈ بن ضروری ہے!,14
میں نے اس کے لئے ادا نہیں کر رہا ہوں,14
کیا ہوا؟,14
لعنت ہے!,14
کیا مٹی کے ساتھ کرنے کے لئے اس کے پاس ہے؟,14
کیوں نہیں؟,14
نے اپنی ماں کی طرح نہیں ہوں!,14
شپنگ کے بغیر!,14
اپنے آپ میں یقین,14
میری مدد کرو.,14
آپ کو میں یہاں رہتے تھے؟,14
برانڈ بہت اچھا ہے!,14
تم وہاں کیا کر رہے ہو؟,14
پرسکون ہو جاؤ!,13
کچھ بھی نہیں!,13
اسے ہٹاو!,13
مجھے پتہ نہیں ہے.,13
خاموش رہو!,13
حق.,12
ڈاکٹر!,12
صاف.,12
شکریہ۔,12
ھ),12
کوئی.,12
تم وہاں جاؤ!,12
رے.,12
بھاڑ میں جاؤ!,12
چار!,12
جی ہاں؟,11
جی ہائڈرا.,11
براہ مہربانی.,11
چلو چلو.,11
اسے باہر لے جاؤ!,11
سانس.,11
اور پھر کیا؟,11
جلدی کرو!,11
نہیں؟,11
واہ!,11
ہٹو!,11
ابھی!,11
معاف کیجئے گا.,11
واقعی؟,11
کیا مسئلہ ہے؟,10
چلے جاؤ!,10
اور...,10
ہم؟,10
ّ´ش,10
نہیں جناب.,10
¾ئ¾¾!,10
وہاں سے نکل جاؤ!,10
½؛,10
ؤ‎إ¸½؛ ¾ئئ¼؟,10
ؤع¸£؛خ½؛ ہا؟,10
ہاں؟,10
مجھے؟,10
میں کیا کروں؟,10
کتیا کا بیٹا.,10
ڈیوس,10
بیٹھ جاؤ.,10
کچھ کھانا پینا۔,10
ہم کہاں جا رہے ہیں؟,9
شاید,9
آپ کہاں جا رہے ہیں؟,9
ہم یہاں سے چلے جانا ہوگا!,9
تم؟,9
تم کیا چاہتی ہو؟,9
وہ کہاں ہے؟,9
چلتے ہیں!,9
تو...,9
میں جانتا ہوں.,9
µ؟,9
ہے؟,9
فوری طور پر!,9
ہم چلتے ہیں!,8
ہم وقت سے باہر چلا رہے ہیں!,8
منتقل کریں!,8
آپ کی منصوبہ بندی کیا ہے؟,8
میں وعدہ کرتا ہوں!,8
نہیں، سارج.,8
خوش!,8
ہیلو؟,8
نکل جاؤ!,8
کوئی بات نہیں.,8
تم سمجھ گئے!,8
میں یہاں ہوں.,8
یہ...,8
سب کچھ ٹھیک ہے؟,8
سب کچھ!,8
آپ خراپن لئے آپ کا شکریہ.,8
آج رات۔,8
میری طرف دیکھو.,8
تیار,8
¾ئ´د؟,8
ہ؟,8
کیا آپ کے لئے انتظار کر رہے ہیں؟,8
وہ یہاں ہیں!,8
تیار ہیں؟,8
اب کیا ہوگا؟,8
،¼­ ؟,8
کون؟,8
لوگوں چللا],8
کیا تم پاگل ہو؟,8
اور کچھ؟,8
تمہیں کیا ہوا؟,8
مجھ نہیں پتہ.,8
آگ!,8
مدد کرو!,8
کی جنگ میں جانے دو!,8
تیار ہو جاؤ!,8
میں چاہتا تھا اس کے جیسا بننا,7
میں نے جان بوجھ غلط سوالات کا جواب دیا.,7
کوئی آخری نام.,7
میں پیدا ہوا تھا جب  میرے والد دور فرانس کو دوڑا,7
کوئی اندراجات، کوئی پچھلے سزا,7
میں نے ایک ساتھ مل کر تمام ڈور ھیںچتی کہ ایک لمحے اگر وہاں سوچ رکھنے,7
کو آگ کے ساتھ ادا کیا اور جلا دیا گیا,7
کمپیوٹر کی چیزیں.,7
میں نے اپنی دادی کے ساتھ اشتراک ہے کہ ایک مماثلت,7
کمیونٹی کی خدمت کے 50 گھنٹے,7
کوئی نہیں وہ کون تھا,7
کلے,7
کل رات تم نے اچانک غائب ہو گیا اور...,7
میں نے اسے کبھی نہیں ملے / میں.,7
کسی کو ہمیشہ آپ کو ھیںچو چاہئے,7
کس طرح حقیقی کے لئے ہے، میں تم مجھ سے کہہ رہا ہو کیا بات ہے کہ جانتے ہیں؟,7
کون ہوں میں,7
میں چھوٹا سا ایک پر اعتماد نہیں ہے!,7
"کس طرح ""مٹی"" کے بارے میں؟",7
کوپن ہیگن؟,7
میں نے اسے بنایا ہے کس طرح آپ جانتے ہیں؟,7
میں نے ایک ماہر نفسیات سے نہیں ہوں.,7
میں نے ایک نیٹ ورک تک رسائی سکتے تھے پولس کے باکس کے ساتھ,7
کوئی نظام کو محفوظ ہے,7
میں پوشیدہ تھی.,7
کوئی زیادہ جادو چالوں.,7
میں نے سب کچھ جا رہا تھا ایسا کرنے کا طریقہ جانتے ہوتے تو,7
کوئی سوال؟,7
کب؟,7
میں نے مزید کسی بھی نہیں جا سکتا,7
میں نے تمام کانوں  کے تھا,7
میں نے پاس ورڈ پھٹے ہیں,7
میں نے پہلے ہی تم پاگل ہو نے کہا کہ!,7
میں نے گواہ تحفظ پروگرام ہو جاؤ!,7
میں نے ہمیشہ ایک سپر ہیرو بننا چاہتی تھی,7
کوئی خیال,7
میں نے تم سے کبھی نہیں ملا تھا کی خواہش!,7
میں پوشیدہ رہتی  کے,7
کوئی بھی آپ کے بارے میں ایک لات دی کیونکہ,7
میں پولیس آپ کو پکڑ لیا ہے سوچا!,7
میں نے ایک گدی ہوں.,7
کوئی جادو چالوں اب,7
کوئی لاشیں موجود ہیں نہیں!,7
کوئی ثبوت نہیں!,7
کوئی مسئلہ نہیں!,7
کوئی بھی کہنا ہے کہ کر سکتے ہیں!,7
کوئی نام,7
میں پھر بنیامین بننا چاہتا ہوں,7
میں پھر سے پوشیدہ ہونا چاہتے ہیں,7
کوئی بھی سراغ لگایا جا سکتا.,7
کوئی نظام محفوظ ہے.,7
کبھی کبھی ہم کسی سے مل گیا تو تنگ ایک تصویر منعقد,7
وہ خود تمام ہیں سوچ ایک سے زیادہ شخصیات پڑا.,7
کاٹنا-کاٹنا!,7
وہ ہمارے درمیان ہیں!,7
وہ پوری طرح پاگل ہے!,7
وہ کچھ بھی نہیں ہے!,7
وہ کیا ہو رہا ہے کوئی اندازہ نہیں ہے.,7
وہ کیوں آتی ہے؟,7
وہ گزشتہ سالوں بہت سے بین الاقوامی اہداف میں کے طور پر ہیک کیا.,7
کٹ کاٹو!,7
وہ ہر 3 سیکنڈ میں ان کے مقام کا تبدیل کر رہا ہے!,7
وہ ہیگ سے اور کسی کے لئے تلاش کر رہے ہیں!,7
وہ نوجوان تھا کے بعد سے.,7
وہ یورپ میں 100 مختلف سرورز کو استعمال کرتا,7
وہاں سے یہ سنہرے بالوں والی!,7
ٹام!,7
ٹکٹ، براہ مہربانی!,7
نے تقریبا اس کے ہیں.,7
نیچے!,7
نیویارک سے,7
وہ واقعی اچھے ہاتھوں پر ہے.,7
وہ نوجوان تھا جب وہ مر گیا,7
میں کوئی نہیں سوچا ممکن ہے کہ چیزیں کرنے کے لئے کرنا چاہتا تھا.,7
وہ جانچ پڑتال کی ہے.,7
وہ سب سچ میں واقعی دکھ کی بات ہے.,7
وہ جھوٹ کبھی نہیں کہا کہ اس بچہ ہے.,7
وہ سب میری ذاتی تفصیلات ہیں!,7
وہ جنگل میں پایا گیا تھا.,7
..وہ شام,7
وہ صرف آپ سے بات کرنا چاہتا ہے,7
وہ مل گیا ..,7
وہ جانچ پڑتال کی تو؟,7
وہ میرے کمپیوٹر ہے!,7
وہ جانتے ہیں کہ میں کون ہوں، ہم سب ہوگا یہاں سے چلے جاؤ!,7
وہ تمام ویڈیو فائلوں اور بائیں کسی چیز کو خارج کر دیا.,7
وہ بوٹ تک وقت لیتا ہے.,7
وہ ایک تشخیص کرنے کے لئے مجھ چاہتا تھا.,7
وہ اہم چیزوں پر توجہ مرکوز کر سکتے  کے اتنے  کے.,7
وہ اس کا منہ کھول نہیں کرتا!,7
وہ آپ سب ہیں!,7
پاس ورڈ یا ایڈریس کی طرف سے قبول.,7
پاسورڈس، خفیہ معلومات، ان کے اعداد و شمار,7
نیلی آنکھوں کے لئے,7
میں ہیگ کی طرف سے ایک فون کال موصول.,7
چند گھنٹوں میں آپ کو ایک فری مین ہیں!,7
نفسیاتی بیماریوں کے ہونے گواہ تحفظ پروگرام سے خارج ہیں افراد,7
نشے میں مہمانوں بن گیا؟,7
وہ دوسروں کے پیچھے چھپاتا.,7
میں یہاں ہوں ایک وجہ.,7
چیرس!,7
چیزوں کو کس قسم کی؟,7
ڈینش فیڈریشن کے فیلو.,7
پال,7
میں گواہی تحفظ پروگرام حاصل، کہ تم نے جو کہا ہے!,7
میں کیا کہہ سکتے ہیں؟,7
ڈینش پیپلز فرنٹ!,7
میں کون ہوں جانتے نہیں!,7
کئی محرکات موجود ہیں,7
میں کون ہوں,7
کاش,7
"نہیں ""آپ""، ""ہم""!",7
چلتے رہو!,7
چاہتے سوار لینے؟,7
چاکلیٹ کے ساتھ ان لوگوں کے لئے وہ دستیاب نہیں تھے.,7
نیا نام، نیا شہر,7
پاگل!,7
پاگل پاگل,7
پریزنٹیشن کے لیپ ٹاپ,7
پوشیدہ,7
پوشیدہ دوبارہ,7
پھر دنیا آپ کے قدموں میں ہے,7
پھر کوئی.,7
پہلے اس نے مواصلات زائد پرنٹرز ہیرا پھیری کی ہے پروٹوکول,7
پہلے سے دیر ہو!,7
پیزا برڈ!,7
چابیاں!,7
نہیں، میں آپ کے ساتھ کام کرنے کے لئے خوش ہوں!,7
نہیں وہ مر چکے ہیں!,7
چاکلیٹ سے حیرت لے لو!,7
وہ گزشتہ ماہ میں آپ اکثر ملاقات کی ہے کہ اعلان کر دیا؟,7
1 ملین مرتبہ دیکھی !,7
کچھ ادویات بھی مضبوط علامات بنا سکتے,7
کچھ مزہ تلاش کرنے کے لئے.,7
ہم ایک سودا تھا!,7
ہم تمام پوشیدہ ہیں!,7
ہم تھوڑا سا دیر ہو گئی!,7
ہم ذیل میں سے ملیں گے!,7
ہم راز میں ملنا بند کرنا ضروری ہے!,7
ہم سب یہ دن آئے گا کہ جانتا تھا.,7
ہم سے ایک پوشیدہ رسی تھی کے درمیان طرح  لیکن یہ تھا,7
ہم شعر کی ماند میں حاصل کرنے کے لئے تھا.,7
ہم صرف بننا چاہتا تھا...,7
ہم ناکام کر سکتا.,7
ہم نے اس کو پسند کر لیا تھا.,7
ہم نے ان کو پکڑ لیا!,7
ہم نے ایک بڑے بینک کو ہیک کر سکتا ہے!,7
ہم نے تم کو ترک نہیں کرتے!,7
ہم نے کیا,7
ہم نے کیا ہے چاہئے ریکارڈنگ,7
ہم واقعی اسے بنایا,7
ہم ٹھگ نہیں ہیں؟,7
ہم چالوں کے اپنے بیگ میں دل کی گہرائیوں سے پہنچنا تھا,7
ہم کہاں ہدایات مل سکتا ہے.,7
ہم کے لئے تھا اس سے پہلے  لیکن تمام ثبوت کو تباہ,7
ہم ہیگ کے راستے پر تھے,7
ہم، کچھ چھو کچھ لینے اور صرف پرنٹروں پر تبدیل نہیں کرتے انہوں نے کہا کہ!,7
ہمارا اگلا ہدف ایک بگ فارما کمپنی تھی.,7
ہمارے استاد آپ کے بارے میں بھول گئے!,7
ہم ایک ساتھ تھے یہ حقیقت ہے کہ، کوئی اسے پتہ ہونا چاہئے.,7
ہم ان پر اعتماد کر سکتے ہیں اگر تم نہیں جانتے!,7
ہم اصلی بھاری چیز پر ایک حملہ کی ضرورت ہے!,7
گواہ تحفظ پروگرام لفظی ایک پروگرام ہے,7
کے ہلاک,7
کے ہم اس کے کمپیوٹر تک رسائی حاصل کرنے کے قابل ہو سکتا ہے.,7
کے ہم نے کوشش کی کئی طریقے,7
کے ہم پر ہمارے ہاتھ ملا سب کچھ ہیک,7
کے ہم کچھ بھی نہیں لیا اور کسی کو بھی سنجیدگی,7
کے ہیک میرا پہلا نظام  کے,7
کے ہیکرز میں سے زیادہ تر صرف کے ذریعے منتقل,7
کے یہ جانے بغیر دوسروں,7
کے یہاں میں میں چاہتا تھا جو کوئی بھی ہو سکتا /.,7
گروپ کو تلاش کرنے کے لئے 4 عرفی نام,7
گزشتہ ایک اب بھی نامعلوم ہے.,7
گواہ تحفظ پروگرام کے لیے آپ کو نااہل یہ ہمارے معاہدے کا مطلب ہے کہ,7
ہم اسے واپس لانے گے!,7
ھینی!,7
ہر عمل، وہ تم تھے!,7
ہر وقت کی سب سے بڑی سماجی انجینئرنگ چال,7
ہر کوئی سیکیورٹی چاہتا ہے.,7
ہر کوئی وہ دیکھنا چاہتے کاموں کو دیکھ رہا !,7
ہر کوئی وہ کیا چاہتے ہیں.,7
ہم.,7
ہم  اسی ہیکروں ملوث ہیں پتہ چلا کہ,7
ہم  ہیکنگ کے لئے ایک جگہ کی ضرورت ہے,7
ہم اب بھی ایک نام کی ضرورت ہے.,7
ہم اتنے مختلف تھے، اگرچہ ہم میں عام کچھ تھا,7
ہمارے نئے تحقیقات، کم از کم ایک کے مطابق,7
ہمارے پرانے جعل سازی کے طریقوں,7
ہمم.,7
یہ وہاں سے نکلنے کو بند کرنے کے لئے بہت پہلے ہفتے میں ایک اچھا خیال نہیں تھا.,7
یہ ثابت کرنے کے لئے آسان ہے کہ کچھ نہیں ہے!,7
یہ ثابت کرو!,7
یہ سب صرف ایک اسکینڈل ہے.,7
یہ سب مذاق کے بارے میں اور اس وجہ سے ماسک کی ہے کیونکہ,7
یہ سب میری غلطی ہے!,7
یہ سٹیفین کار پر مبنی ہے کہ سمجھا جاتا ہے!,7
یہ صرف اس کی غلطی ہے!,7
یہ صرف دروازے ہے.,7
یہ منصوبے کا حصہ نہیں تھا!,7
یہ میری رات تھی,7
یہ میری غلطی تھی,7
یہ ٹھیک نہیں تھا,7
یہ بنجمن جاتا ہے,7
یہ پرانے وقتوں کی یاد دلاتی ہے.,7
یہ پکڑو!,7
یہ کافی  ہے,7
یہ کافی نہیں تھا!,7
یہ کیسے جادو چال کام کرنا چاہئے؟,7
یہ ہمارے بارے میں نہیں ہے!,7
یہ ہے کہ آپ مجھ سے وعدہ کیا ہے!,7
یہ ہے کہ آپ ہمیشہ چاہتے تھے سب کو ہے!,7
یہاں تم جاؤ، آپ کی بلی!,7
یہاں تک کہ میں ان لوگوں میں سے نصف نہیں جانتے.,7
یہاں سے چلتے ہیں!,7
یہ بہت ہوشیار ہے کیا جو شخص.,7
یہ ایک نیا فروخت پچ ہے؟,7
ہمیشہ کے لئے بند کر تمام دروازے کی طرح.,7
یا ہر روز زیادہ موت کی پیروی کریں گے.,7
ہمیں اندر آنے دو!,7
ہو!,7
ہیکر کی چوکیدار,7
ہیکنگ جادو کی طرح ہے,7
ہیکنگ کے ساتھ تم نے کیا کر رہے ہیں کہ مجھ سے وعدہ,7
ہیگ میں کسی بھی لات ہوٹل میں!,7
ہیں؟,7
یا آپ کو زندہ نہیں چھوڑوں گا.,7
یا آپ کو کسی نے آپ کے لئے امتحان کے سوالات چوری کرے گا امید کرتے ہیں؟,7
"یا اس سے بہتر ""اپنے فرشتہ"" کہا؟",7
یا شاید آپ کو میری ضرورت ہے!,7
یہ آسان ہے!,7
یہ اینجل کے بارے میں ہے,7
یہ آپ پر منحصر ہے!,7
یہ آپ کا کام ہے!,7
یہ آپ کو اب جانا کہ بہتر ہے.,7
یہ آپ کو ہے جیسے دنیا کو ایک پلیٹ پر خدمات انجام دیں ہے.,7
یہ اب مذاق نہیں ہے!,7
یہ اتنا آسان نہیں ہے!,7
یہ ان کی پارٹی ہے!,7
یہ اور وہ,7
یہ اپنے آپ کو تم پر اعتماد صرف اس صورت میں کام کرتا ہے!,7
یہ ایرر رینالٹ طرح نہیں ہے!,7
یہ این ہے!,7
کے ہر ایک مکھی فلیپ,7
.  کے کہ اولمپس  کے کیا گیا تھا,7
کے کچھ بھی نہیں تبدیل کر دیا گیا.,7
کے اس وقت میں حقیقی دنیا میں سویا,7
کے اختتام...,7
کے ارد گرد اس وقت وہ کھیل داخل ہوا,7
کے اس تمام وقت کا سب سے بڑا توڑ کہاوت  کے تھا!,7
کے اس سب کچھ کا ایک مرکب ہے,7
کے اس سے کوئی برا نہیں ہو سکتا,7
کے اس ماسک کے پیچھے چھپاتا کون,7
کے اس نے اپنے سب سے بڑے بت سے قدردانی چاہتے تھے,7
کے اس نے مجھے اپنا نجی چینل  کے تک رسائی دے دی؟,7
کے اس نے مجھے بتایا کہ وہ کس طرح کا آغاز کیا ہیکنگ کے ساتھ,7
کے اس نے کچھ نہیں لیا یا کسی کو سنجیدگی,7
کے اس نے کہیں سے ہے,7
کے اس کا ساتھی غیر ملکی ممالک سے لائے تین گولی ڈبے ہیں,7
کے آپ ان کو کیا کہیں گے,7
کے اس کی سب سے زیادہ مشہور نقل میں سے ایک تھا ایک سماجی نیٹ ورک کے حملے  کے,7
کے اس کے امیر باپ ایک یتیم خانے میں چھوڑ دیا,7
کے اس کے ماسک  کے گر گی,7
کے اس کے والد نے دوسری عالمی جنگ کے میں مر گیا / میں,7
کے انسان فطری طور سے قابل بھروسہ اور اعتماد ہے,7
کے اچانک، یہ تھا واضح,7
کے ایک آغاز ہے کہ سب کچھ ختم ہے,7
کے ایک باہر,7
کے ایک خفیہ ملازمین فہرست,7
کے ایک پاگل,7
کے ایک پوشیدہ صافی نے اپنی سرحدوں کو خارج کرتا طرح پھر یہ ہے کے بعد,7
کے آپ کسی بھی مچھلی کو پکڑنے کر سکتے ہیں,7
میں نے آپ کو ثابت کرنا چاہتا تھا!,7
کے بارے میں میں پرواہ نہیں ایک شہر کی صفائی کا مطلب کمیونٹی کی خدمت میری 50 گھنٹے,7
کیا آپ کیا نام لینے گئے تھے؟,7
کچھ ملازمین فہرست کی قسم ڈاؤن لوڈ کیا تو اور میرے پاس ہے...,7
کھلے ذہن رہو!,7
کہ 34،28 ہو جائے گا,7
کہ آپ کو ہے!,7
کہ اس کے جسم کے بارے میں پایا گیا تھا.,7
کہ سپرمین کی طرف سے ہے!,7
کہ سپرمین ہے.,7
کی جرمن دلوں میں جلنے گا کہ ایک چھوٹے سے شعلے!,7
کی میں اتفاق کرتا ہوں کا کہنا ہے کہ.,7
کیا آپ میرے ساتھ آتے ہیں؟,7
کیا آپ کو ہوٹل کے کمرے میں دیکھا,7
کیا آپ کے لئے انتظار کر رہے ہیں,7
کیوں نہیں.,7
کیا تم سمجھ گئے ہو؟,7
کیا تم نے اس کے بارے میں مجھے بتا سکتے ہیں؟,7
کیا تم ٹھیک ہو؟,7
کیا تم گواہ کی حفاظت کے پروگرام میں چاہتا ہوں,7
کیا تم گھر واپس ٹرین لینا پڑا پھر اور,7
کیا تم یہ سمجھ ایک بار ، آپ جانتے ہیں,7
کیا دوسری نیٹ ورک؟,7
کیا ہیکنگ کے ساتھ کیا کرنے کے لئے اس کے پاس ہے؟,7
کیونکہ ایک بچہ دانی کے مرض کا,7
کیوں آپ کو ایک پورش گاڑی چلا رہے ہیں؟,7
کیوں اپنے آپ کو گاڑی کی چابیاں تھے؟,7
کے ایک ہارے ہوئے,7
کے بچے رونا مقابلے,7
کے کوئی کامیابی,7
کے وہ تھا ایک حقیقی ستارہ,7
کے صرف ایک حقیقی ہیرو مجھ  کے لیے وہاں تھی,7
کے طور پر اگر زمین اسے ہڑپ کر لیا تھا!,7
"کے لئے"" کون ہے؟",7
کے مانند مجھے، وہ جلد ان کی ماں کو کھو دیا.,7
کے میری ایک مسئلہ  کے تھا,7
کے میں پی سی پر دن اور رات گزارے,7
کے نا تمہیں نکال دیا جائے ایک بار پھر,7
کے ناممکن کے لئے مقصد,7
کے وہ  کے سنسنی سے محبت کرتا تھا.,7
کے وہ ایک ایک آن لائن فارمیسی جوڑتوڑ کرنے کے لئے استعمال استحصال تھا,7
کے وہ تمام لائنوں میں خلل پیدا ہوگیا ہے لیکن ایک,7
کے وہ دوسروں کو دھوکہ دینے کے بارے میں دونوں ہیں,7
کے سٹیفین سافٹ ویئر کا ماسٹر تھا,7
کے وہ دونوں دوسروں کو دھوکہ دینے کے بارے میں ہیں,7
کے وہ سب کے سب مر چکے ہیں,7
کے وہ سے ہے صرف میموری اس کے,7
کے وہ مجھے یاد کریں گے.,7
کے وہ کسی چیز کو تبدیل کرنے کے بغیر کے نظام میں ظاہر,7
کے وہ ہر ہیکروں کے درمیان سپر ہیرو تھا,7
کے وہ ہمیشہ مکمل طور پر پاگل ہو گیا ہے  کے.,7
کے پاس بچوں,7
کے پال ہارڈ ویئر بیکار  کے تھا,7
کے پرنٹنگ کے لئے دو منٹ,7
کے کام ..,7
کے سییلی ین نے آنکھیں نہیں تھا زیادہ,7
"کے سٹیفین ""حاملہ گھوڑے"" درخواست بلایا",7
کے بہترین مواد کے لئے .,7
کے ریٹا لن جاگ ہمارے رکھا,7
کے بیرون ملک کسی دوسرے کھلاڑی نہیں تھا,7
کے تم ان سے پوشیدہ ہیں  تم ان کے لئے ایک کوئی نہیں  کے ہیں!,7
کے تمام میں سب سے اوپر ہے کہ ایک حملہ کرتے ہیں!,7
کے جرمن فوج کے سرورز پر حملوں کے پیچھے بھی ہیں جو,7
کے حقیقت میں میں نے پہلے ہی ایک سپر پاور تھا,7
کے حقیقی بڑی چیز کی پیدائش,7
کے حقیقی میں زندگی میں لوگوں کے درمیان ایک صفر تھا,7
کے دائیں بیت کے ساتھ,7
کے دھماکے,7
کے دیکھتا,7
کے رکن کی نمائندہ کے والدین,7
کے ریٹا لن حاصل کرنے کے لئے,7
کے سماجی انجینئرنگ,7
کے زیادہ سے زیادہ ایک خیال تھا,7
کے زیادہ سے زیادہ تھا صحیح,7
کے زیادہ سے زیادہ درست تھا.,7
کے زیادہ سے زیادہ مجھ سے کل کے برعکس تھا,7
کے زیادہ سے زیادہ کی طرح رہو,7
کے زیادہ سے زیادہ کے ذریعے ڈال دیا جا سکتا ہے تو,7
کے زیادہ سے زیادہ، پال، سٹیفین  ہماری چال  ناکام بنا دی,7
کے ساتھ مل کر بہت خوش ہو جائے,7
کے سب لوگ برباد کیا جو ان کے ورلڈ وائڈ ویب پر وقت,7
کے سب کچھ بدل جو لمحے,7
کے سب کچھ کسی نہ کسی طرح منسلک ہے,7
میں نے اس سے یہ ثابت کرنا چاہتا تھا!,7
میکس آپ مشین زبان میں پڑھ سکتے ہیں انہوں نے کہا کہ؟,7
میں نے آپ سے کچھ سوال پوچھنا چاہوں گا.,7
ایک اور بات...,7
اولمپس تک پہنچنے کے قابل کچھ!,7
اوہ یہاں ہے جو دیکھو!,7
اپنی زندگی کے ساتھ کچھ کرو!,7
اگر آپ اب بھی امتحان پاس کرنا چاہتے ہیں؟,7
اگر آپ اس طرح ایک جھٹکا ہو!,7
اگر آپ اس کو پسند ہے؟,7
اگر آپ چاہتے ہیں جو کوئی ہو سکتا ہے!,7
اگر مجھے یہاں کھڑے کریں گے؟,7
اہم خطرے کا سامنا کرنے کی درخواستوں یا سرورز میں نہیں کر رہا ہے,7
ایسی بات نہیں ہے!,7
ایک احتیاط,7
ایک اور وائی فائی نیٹ ورک سے منسلک ہونا ضروری,7
ایک کوئی ایک,7
ایک اچھی شام ہے!,7
ایک بار پھر,7
ایک بچے کی طرح مت بنو!,7
ایک جادو چال کا استعمال کرتے ہوئے,7
ایک ساتھ  کے یہی تھا ہماری پہلی کارروائی,7
ایک سپر پاور کے ساتھ   کے,7
ایک سے زیادہ شخصیت خرابی,7
ایک غیر معمولی لڑاکا سائبر مافیا کے خلاف,7
ایک فاتح,7
ایک مشہور کمپنی کے پیسے!,7
ایک ناکامی تھا!,7
اور یہ میری کہانی ہے  کے,7
اور یہ میری کہانی ہے,7
اور یہ میرا سپر ہیرو کار ہے یا شاید میں نے بھی ایک سپر ہیرو ہوں ہاں...,7
اور ڈیٹا چرایا,7
انہوں نے اس کے بیمار ہو!,7
انہوں نے مجھے تلاش کر لیں گے!,7
انہوں نے کہا کہ کسی بھی درخواست میں ایک مسئلے سے مل سکتا ہے.,7
انہوں نے کہا کہ کسی بھی نظام میں ہیک کر سکتا,7
انہوں نے کہا کہ ہمیں یہ واضح کرنا چاہتے تھے,7
انہوں نے کہا کہ ہیکنگ کے ساتھ کیا جاتا ہے کا دعوی ہے.,7
انہوں نے ہمیں پکڑنے تک یہ یہ صرف وقت کی بات ہے,7
اور آپ کو ایک پرواہ نہیں تھی,7
اور آپ کو ہو سکتا ہے کسی بھی چیز,7
اور آپ؟,7
اور اگر تم ایک گدی پسند ہے!,7
اور بعد میں میں نے اس کا خیال رکھا.,7
اور بھی ہمارے کور چھوڑ دو!,7
اور بہت سے ایک یادگار لینے,7
اور تم میں کون ہوں...,7
اور روسی سائبر مافیا کی طرف سے استعمال.,7
اور میں اسے حل کر سکتا,7
اور میں درمیان میں ہوں,7
اور میں نے بھی ایک سپر ہیرو کاسٹیوم نہیں تھا.,7
اور میں نے سوچا کہ...,7
اور ناممکن کے لئے مقصد!,7
اور وہ اکیلے ان کی گندگی مٹی تعمیر کس طرح ان کو بتائیں,7
اور پھر سرور,7
ایک کمپیوٹر پالنے یا کچھ اور ہو رہی ہے.,7
ایک گدا، آسکر نہ ہو!,7
انٹرنیٹ نہیں ایک قانونی بلیک ہول ہے,7
تم نے مجھ سے وعدہ کیا تھا!,7
تم بحال کر رہے ہیں.,7
تم بھاڑ!,7
تم بیمار ہو!,7
تم سٹیفین ہیں!,7
تم صرف اسے حاصل کرنے کے لئے ہے!,7
تم عدالت کرنے کے راستے پر ہیں کہ   کے,7
تم لوگوں کو ہیک؟,7
تم معطل کر رہے ہیں!,7
میں نے آخر میں کچھ تبدیل کرنا پڑا,7
تم نے ایک بار کہا کہ,7
تم نے ایک کوئی نہیں ہوں سوچا!,7
تم نے مجھ سے کیا مطلب ہے کو ہر وقت جانتے تھے,7
ایک ہیرو کی کہانی,7
تم نے مجھے کیوں نہیں بتایا,7
تم نے پھر پوشیدہ بننا چاہتا ہوں!,7
تم پال رہے ہیں!,7
تم کافی جرات مندانہ ہونا ضروری ہے!,7
تم کر سکتے ہو!,7
تم کس طرح اس کے زخم سے ملا؟,7
تم کسی کو بھی اپنے آپ کو بھی نہیں پر اعتماد نہیں ہے!,7
تم کچھ بھی نہیں ہیں!,7
تم کہیں بھی جا سکتے ہیں اور کوپن ہیگن میں جانا چاہتا ہوں؟,7
تم ہم ایک سودا ہے کہا!,7
تم ہم میں سے ایک ہیں!,7
تم ایک دوسرے کو جانتے ہیں؟,7
تم ان کے لیے زندگی کی غیر منصفانہ سوچتا ہے ان لوگوں کو جو میں سے ایک ہیں,7
تم اسے کیوں لائے؟,7
تم اسے جانتے,7
بادشاہ کلاس.,7
باقی آپ کے لئے ہے.,7
برلن میں !,7
بس اب تک کسی کو بھی مدد نہیں کی ہے آرام.,7
بس اس کے طور پر؟,7
بس بنجمن,7
بعد میں شام، زیادہ ہو جاتا ہے تم نے میری معمولی ہیکل پسند ہے,7
بعد پھر ملیں گے!,7
بغیر,7
بنجمن صحیح ہے.,7
بنجمن واضح حالات میں بڑی ہو گئی ہے؟,7
بنجمن پولیس کے خود کو حوالے کر سکتا ہے!,7
بنجمن کہاں ہے؟,7
بنگو,7
بھولنا نہیں!,7
بھوک لگی ہے؟,7
بھی نہیں ریٹا لن  اب کام کیا؟,7
بہت بہت شکریہ.,7
بہت سے امکانات کے باہر موجود ہیں.,7
بیان سچ ہے.,7
بیٹ مین کے والدین,7
تم آ رہے ہو,7
تم آئے...,7
انٹرنیٹ کے اندر اندر انٹرنیٹ,7
انسان پر بھروسہ کرنے اور اعتماد ڈیفالٹ کی طرف سے ہے,7
تم ہمیں بغیر کچھ بھی نہیں کر رہے ہیں!,7
آپ نے کیا کہا؟,7
آپ حال ہی میں بن یمین کو دیکھا ہے؟,7
آپ زیادہ سے زیادہ ہیں؟,7
آپ سب کو مکمل طور پر پاگل ہو؟,7
آپ سرور کے کمرے میں صرف ایک ہی تھے!,7
آپ سے مل کر خوشی ہوئی.,7
آپ فوری طور پر یہاں آنا ہوگا!,7
آپ مختلف ہیں...,7
آپ مشین کی زبان کو پڑھنے کے لئے کس طرح جانتے ہیں؟,7
آپ مکمل طور پر عجیب ہیں,7
آپ میرے خیال میں کیا جانتے ہیں؟,7
آپ نے پہلے ہی کیا وہ کر سکتے ہیں کو دیکھا.,7
آپ وہاں میں کیسے,7
آپ کو اس شخص کو جانتے ہیں؟,7
آپ وہاں کیا کیا ہے؟,7
آپ پال کے بارے میں مجھے کیا کہا تھا؟,7
آپ پاگل پرندوں کی کس قسم کی ہیں؟,7
آپ پیزا برڈ ہیں!,7
آپ ڈرائیو کر سکتے ہیں.,7
آپ کا,7
آپ کا انشورنس نمبر.,7
آپ کا کام,7
آپ کر سکتے ہیں سب لوگ استعمال کرتے ہوئے اور ان جوڑتوڑ ہے!,7
آپ کس طرح رسائی حاصل کرنے کا انتظام کیا تھا؟,7
آپ کس طرح یہ چال کروں؟,7
آپ جاننا چاہتے ہیں سب کچھ.,7
آپ بات نہیں کر سکتے یا کیا؟,7
آپ ایک سے زیادہ ایرر پاھنڈی زیادہ کچھ بھی نہیں ہے!,7
آپ اکیلے نہیں ہیں تاکہ,7
19 سال کی عمر میں,7
2 منٹ میں ہیک کی گئی ہے 23,7
4 ووٹ کے ساتھ نامزد .,7
. = =  کے میں اصل میں سب کی ضروریات کی تھی,7
= =  کے کوئی بیوکوف یہ کر سکتا,7
= = مجھے اکیلا چھوڑ دو!,7
، فرینکفرٹ کے یورپی مرکزی بینک پر ایک سائبر حملے کل رات تھی,7
، لڑکیوں معاف کریں!,7
، وہاں لوگ ہیں وہ محفوظ ہیں لگتا ہے,7
، چلو میرے نوجوان لڑکے دو!,7
آج کے لئے کوئی منصوبہ؟,7
آخر میں وہ اب برداشت نہیں کر سکتے.,7
آخر میں کوئی اور نہیں,7
آرام سے.,7
آسان، آسان.,7
آسٹریا کی مصنوعات.,7
آپ 5 منٹ ہیں,7
آپ اب تک کیا ہیں؟,7
آپ اس طرح ایک ناکامی ہے!,7
آپ اس کے بارے میں بہت پرجوش تھے جیسے یہ تم کہہ رہے ہو.,7
آپ اسے حاصل تھا؟,7
آپ اپنے تخیل میں ان کو بنا دیا!,7
آپ اپنے حتمی چیلنج مکمل جب تم نے سب کچھ حاصل کر لیا,7
آپ کسی بھی ڈیٹا چھوڑا تھا؟,7
آپ کو ایک بم یا کیا وہاں تعمیر کر رہے ہیں؟,7
انسان مرکزی سیکورٹی دوش ہے.,7
اس کی مسکراہٹ کے پٹھوں پیدائش پر ہٹا دیا گیا تھا.,7
اس طرح دیکھ، تجھ میں کبھی نہیں ملے گا!,7
اس لمحے تک.,7
اس نے اپنے سبق سیکھا جاتا ہے.,7
اس نے تم کو ایک ہی کلاس میں تھے.,7
اس پورش پر فٹ بیٹھتا ہے,7
اس کا اصلی نام کیا ہے؟,7
اس کو چیک کریں!,7
اس کی ضرورت ہے؟,7
اس کی ماں ایک شناخت مسئلہ تھا,7
اس کی ماں نے اسے اپنی جان لے لی,7
اس کی ماں کے بارے میں؟,7
اس کے بعد ایک بار پھر اپنے آپ سے پوچھا کبھی نہیں مجھے ہمیشہ کے انتباہ پر روکا مجھے اب اور نہیں کر سکتے ہیں,7
آپ کو ایک عجیب آدمی ہو!,7
اس کے بہت تفصیلی معلومات دے,7
اس کے دروازے پر پوشیدہ نہیں ہیں!,7
اس کے ذمہ دار ھینی لنڈبرگ ہے,7
اسکول میں آپ کو بھی پیٹا نہیں کیا گیا,7
اسکول کا وقت میں میری کے ساتھ محبت میں شدت کیا گیا تھا کے دوران   کے,7
اسی اور کوئی آخری نام پاگلپن,7
اسے بھول جاؤ!,7
اسے لے لو!,7
امید ہماری زندگی کا آبشار زائد اندردخش ہے.,7
ان کے فخر,7
اندردخش کے اختتام,7
اس سے کیا وجہ ہے؟,7
اس سے باہر ایک بڑا سودا نہ کرو!,7
اس سب کے بارے میں کیا ہے؟,7
ادویات بے میں رکھا,7
آپ کو ایک نئی شناخت چاہتے ہیں!,7
آپ کو دیکھ کر خوشی ہوئی!,7
آپ کو مٹی کے بارے میں کیا جانتے ہیں؟,7
آپ کو میں معطل کر رہا ہوں کہ جانتے ہو؟,7
آپ کو ٹھنڈا کر رہے ہیں!,7
آپ کو کس طرح کام کر رہا ہے معلوم ہے تو، یہ کم دھوکہ دے رہی ہے,7
آپ کو گزشتہ ایک بھی ہونا چاہئے,7
آپ کون ہیں آپ کو باہر تلاش کرنا ہوگا,7
آپ کیا دیکھ رہے ہو؟,7
آپ کیا چوٹ پہنچائی؟,7
آپ کے ساتھ کیا غلط ہے؟,7
آپ کے ساتھیوں تو سرد غور.,7
آپ کے لئے آپ...,7
آپ کے کمپیوٹر کے پیچھے چھپانے کبھی نہیں.,7
آپ ہم میں سے کسی ایک کو قربان کرنا چاہتے ہیں؟,7
آپ ہمارے ساتھ کیوں نہیں آتے؟,7
آپ ہمیں ضرورت ہے!,7
آپ یہاں زیادہ سے زیادہ کے لئے آیا.,7
آپ یہاں ہیں کیوں ایک وجہ نہیں ہے.,7
اب میں آپ کو یاد ہے!,7
اب ہر کسی کو ہم نے یہ کیا سوچتا ہے کہ!,7
اتنے پٹریوں وہاں چھوڑ موجود ہیں نہیں!,7
احمق,7
تم ہمیشہ دور کو چلانے کے لئے چاہتا تھا!,7
تم میرے بارے میں اور کیا جانتے ہیں؟,7
سیکھنے کے ساتھ کی کوشش کرو!,7
لیکن اس نظام سے ہم ابھی تک مرکزی سرور تک رسائی حاصل نہیں کر سکتے تھے,7
میں آخر میں ایک سپر ہیرو بننا چاہتی تھی,7
قسمت اچھا!,7
قوانین بیچلر,7
میں  لیکن سب کچھ ایک جھپٹا گر میں تبدیلی کرنا پڑا  اور.,7
لوگ آپ کی بات سن رہے ہیں!,7
لوگ بات کر رہے ہیں.,7
لیبارٹری کے نتائج یہاں ہیں!,7
میکس؟,7
10 کے لئے پے، 8 ہو جاؤ!,7
میرے لئے وقت ہونے کے لئے شکریہ!,7
لیکن...,7
لیکن آپ کو آپ چاہتے ہیں جو کوئی ہو سکتا ہے باہر کے مواقع کی ایک بہت ہیں کہ ..,7
میری؟,7
میری طرح,7
میری دادی کے گھر تھا کامل جگہ,7
میری اپنے ہاتھ ہٹاو!,7
میرا نام بنیامین اینجل ہے.,7
مہمان مقررین میں سے ایک!,7
لیکن اب میں ایک دروازہ پر فیصلہ کیا ہے.,7
فیڈرل کرمنل پولیس آفس کامیاب ہو جائے گا,7
فیڈرل انٹیلی جنس سروس ہر جگہ لوگوں کی ہے!,7
فیڈرل انٹیلی جنس سروس.,7
صرف اس کو چھوڑ دیا ہے؟,7
شادی,7
شاید تم ٹھیک کہہ رہے ہو!,7
شجوفرینیا,7
شناختی کارڈ؟,7
شٹ!,7
میں اب آپ کے ساتھ اس گندگی کرتے ہیں!,7
میں آپ کو عدالت میں لانے کے لئے ان سے پوچھا.,7
صحیح، کہ آپ دیکھ سکتے ہیں ہے,7
صرف ایک اور چیز,7
فوٹوشاپ کے پانچ منٹ,7
صرف سے گزرتے طرح محسوس کرتی ہے جو,7
صرف قوانین پر عمل کر سکتے ہیں زیادہ تر لوگوں کی!,7
صرف مجازی دنیا میں اپنے اعمال لطف اندوز نہیں کرتے,7
صرف معاشرے کے باقی کے طور پر,7
میں آپ کو اس کے لئے کی ضرورت ہے!,7
فرشتہ,7
میں آپ کو اس کے ساتھ کوئی مسئلہ ہے نہیں ہے امید,7
فشنگ؟,7
لیکن اب میں یہاں بیٹھ اصل وجہ  کیوں سب کچھ دوسرے الفاظ میں، آپ کے مذاق کو محدود نہیں ہے، صرف مجازی دنیا میں چیزوں سے لطف اندوز نہیں  میری ہے  اس طریقے  کے ساتھ ہوا.,7
لیکن ان کے مزاج لمحوں میں تبدیل کر سکتا ہے.,7
سیکورٹی کا کوئی وجود نہیں!,7
لیکن انٹرنیٹ پر میرا تعلق رکھنے والے کے احساس کو محسوس کیا.,7
موجود ہی نہیں ہے!,7
ممکن.,7
مم-ہمم.,7
معلومات سے محروم ضروری ہے!,7
معذرت خواہ ہیں کرنا چاہتے ہیں.,7
مجھے ایک پاھنڈی ہوں!,7
مجھے تحفظ کے پروگرام کا مشاہدہ کرنا چاہتے ہیں!,7
مجھے زیادہ سے زیادہ ہوں.,7
مجھے فیڈریشن ہو سکتا ہے!,7
معاف کیجیے گا.,7
مطالعہ مدت کے دوران، آپ ایک مسئلہ تھا,7
مجھے نہیں پتہ تھا کہ,7
مشین زبان,7
"مسخروں آپ پر ہںس"" میں کے طور پر",7
مجھے کچھ میں اچھا تھا جیسے میں نے محسوس کیا پہلی بار میں نے  کے,7
مزید برآں یہ چوری نہیں کر رہا ہے، اسے جیت لیا جاتا ہے!,7
مزہ اب شروع ہوتا ہے!,7
مجھے یونیورسٹی کے سرور ہیک.,7
محترم ساتھیوں،,7
مجھے اچھا باہر جائیں گے,7
مجھے اپنے خوابوں کی پرواہ نہیں کرتے.,7
مجھے اپنی کرسی مستحکم نہیں ہے کہ پتہ نہیں تھا؟,7
مارننگ!,7
لیکن دس سال بعد کسی نے اب بھی آخری قطار سے بیکار یاد ہے  کے.,7
لیکن سب کچھ ایک نتیجہ ہے,7
لیکن سڑک لمبی تھی,7
لیکن میں اب کوئی کسی کو بھی ہوں,7
لیکن وہ وہ کیا چاہتی ہے,7
لیکن ہر تفصیل سے اہم ہے,7
لیکن ہر روز میں سے ایک کے لئے رو رہی لوگوں سنتے.,7
لیکن یہ سب کے بارے میں کیا؟,7
مبارک ہو!,7
مجھے ان کی ضرورت نہیں!,7
مت پوچھو.,7
مجھ جیسے لوگوں کے لئے ایک پناہ,7
مٹی کے لئے,7
مجھے آپ ملاتے ہوں.,7
مجھے آپ کی ضرورت ہے؟,7
مجھے افسوس,7
مجھے امتحان پاس!,7
مجھے امتحان پاس ہے کہ پتھر میں کھدی ہوئی نہیں ہے کہ احساس تھا.,7
مردار.,7
محترمہ,7
سیکورٹی.,7
میں ضرورت کی تمام تک رسائی تھی  یہ طریقہ بہت آسان تھا  کے بیچلر امتحان کے سوالات یونیورسٹی کے مرکزی سرور  کے پر ذخیرہ کیا گیا .,7
جرمن خفیہ سروس.,7
جرمنی میں جائزوں ہیگ میں یورپی سائبر جرائم سینٹر میں محقق,7
میں معطل کر رہا ہوں.,7
میں مختلف طریقے سے سب کچھ کیا ہوتا,7
جنت پزا,7
جہاں بھی تم چاہتے.,7
جی اے قوم!,7
میں فنسانا تھا,7
جی ہاں، صاحب.,7
دروازہ بند کرو!,7
جی ہاں، میں آیا.,7
میں صرف یہ کہنا چاہتا تھا...,7
میں سپرمین، رکن کی نمائندہ، بیٹ مین تھا,7
ختم ہونا چاہیے گواہ تحفظ کے پروگرام کا وعدہ.,7
میں سپرمین بلایا لیکن وہ وقت نہیں تھا.,7
خوبصورت.,7
سپرمین کے والدین,7
خوشی کے ساتھ جاؤ.,7
جتنی جلدی آپ جاگ کے طور پر مجھے بلاو!,7
"جب میں نے کہا کہ ""ہم"" میں ""آپ"" بھی مطلب نہیں تھا!",7
جادو کی طرح   کے ہیکنگ رہا ہے,7
میں مہینے کے ملازم ہوں.,7
تم یہاں کیوں ہو؟,7
تم یہاں ہو!,7
تمہاری دادی پیشہ ورانہ مدد کی ضرورت ہے.,7
تمہیں اچھا لگے گا.,7
میں نے 14 سال کی تھی چونکہ  کے میں پی سی کے سامنے میری وقت گزارا,7
تمہیں جانے چاہئے!,7
تمہیں واحد ہے کہ!,7
تنہا!,7
تو آپ کو اب بچوں کا بوجھ نہیں سکتا تھا کے بعد سے.,7
تو آپ کو دور جانا نہیں کرے گا!,7
میں نہیں بلکہ نہیں کرے گا!,7
تو بنیامین، مثال کے طور پر، انہوں نے ایک بڑی صلاحیت ہے، لیکن وہ اس کا استعمال نہیں کرتا کر سکتے ہیں!,7
تو وہ سیکورٹی فائر وال نظر انداز.,7
میں میں کچھ ملا ہے!,7
توہین رسالت کا تھوڑا سا کے لئے وقت!,7
تیار؟,7
تیزی سے چلو!,7
دخش.,7
خود اعتماد، کرشمائی,7
دلچسپ تھا,7
سب کیا توجہ کے الٹا جاتا ہے پیدا کرتا ہے,7
ریڈار کچھ بھی نہیں!,7
میں بھوکا ہوں اور کام کرنے مل گیا!,7
میں ایک ہیکر ہوں,7
زندگی تم نیبو دیتا ہے جب، نمک اور شراب کے لئے پوچھنا.,7
سال کے بہترین طور پر گریجویشن فریڈرک میں پیدا ہوا,7
میں ایک مورھ تھا,7
سب اچھا ہے!,7
میں اپنے سب سے بڑے بت سے خیال آیا.,7
سب کچھ بنیامین کے ساتھ ٹھیک ہے؟,7
سب کیا توجہ کے الٹا ہے پیدا کرتا ہے.,7
میں بھی تھا ہمیں باہر نکلنے کی  کے,7
میں اندردخش کے آدمی کے لئے دیکھ رہا ہوں.,7
میں انتہائی مطلوب ایک ہوں ہیکروں میں لفظ,7
سر؟,7
سست کرنا!,7
سماجی انجینئرنگ ان دو اجزاء استعمال کرتا ہے,7
میں انتخابات کو فالو کریں!,7
میں اس طرح کے ایک لڑکے سے ملنا پسند نہیں کریں گے,7
سوشل انجینئرنگ,7
میں اس  میں ہماری گھسیٹ لیا ہے,7
دنیا کو ایک نجات دہندہ کی ضرورت نہیں ہے,7
ریڈار میں جاؤ!,7
ریٹا لن؟,7
میں بھی لوگوں میں سے ایک نصف نہیں جانتے!,7
میں تھا جب  میری ماں اس کی اپنی جان لے لی 8,7
دور چل رہا اس کو حل نہیں کرتا,7
میں بھی پروگرام کے لئے کس طرح نہیں جانتے!,7
دوسروں چھوڑ دیں ایک اشارہ,7
راضی، سیاست اور میڈیا,7
میں بیٹھے وہاں رہنا چاہئے,7
میں تم تنہا غور,7
دوسرے پر ہالینڈ ڈائریکٹ بینک,7
ریٹا لن کو ان میں سے ایک ہے.,7
راستہ بنائیں!,7
میں تم سے ہیکنگ کے لئے معافی چاہتا ہوں!,7
میں تمہیں کچھ دکھانا!,7
نا قابلِ قبول۔,6
میں کروں گا.,6
یہ پاگل ہے.,6
؛ٌ·¹½؛!,6
آرمن!,6
نہیں، نہیں.,6
°ي¸¶؟,6
یہاں آو.,6
یہ ہونے والا نہیں ہے.,6
آپ کا نام کیا ہے؟,6
ى½؛ ؤع¸£؛خ½؛ ہا؟,6
یہیں پر.,6
جلد.,6
ایک اور.,6
ُ·خ؟,6
کالب.,6
اسے واپس لاو!,6
کوبا!,6
راستے سے ہٹ جاؤ!,6
سانس لو,6
اگلے.,6
کیا بات ہے۔,6
قدم.,6
جی ہاں، سارجنٹ.,6
عظیم.,6
صاحب؟,6
سر.,6
والد صاحب!,6
خدا حافظ۔,6
دوائی بکری کیلئے ہے۔,6
کپتان.,6
جاؤ جاؤ!,6
آپ کیا کہ رہے ہو؟,6
کراکوژیہ۔,6
مجھے نہیں معلوم.,6
کیا آپ نے وقت لیا ہے؟,6
مجھے دیکھنے دو.,6
تم ٹھیک ہو.,6
کبھی.,6
تین!,6
آگے۔,6
"ؤ""½أ¾ئ",6
ؤجئ®!,6
اس طرح!,6
مجھ سے ایک حاصل کی مدد کریں.,6
راجرز.,5
کلارک.,5
ہم یہاں جانا.,5
¹غ؟,5
حضرت عیسی علیہ السلام.,5
حضرات، تم تیار ہو؟,5
جی ہاں، میں کرتا ہوں.,5
جی ہاں، بالکل.,5
، واپس جاؤ، دستانے چھو ایسا کرنے دو.,5
میں عیسائی ہوں,5
جی نہیں,5
µ¹¾ئ؟,5
جنگل میں، دادی کے گھر,5
کیسے؟,5
یہاں ہم چلے.,5
ایک، دو.,5
چلو۔,5
کس کے لیے؟,5
یاتنا,5
آپ کیسے ہیں؟,5
مجھے معلوم ہے.,5
ہوشیار رہو.,5
مجھے ایک صاف لڑائی کی توقع ہے.,5
آپ؟,5
ہاں تم کر سکتے ہو.,5
اسے باںد!,5
اسے روکو.,5
آپ ٹھیک ہیں؟,5
گڈ لک.,5
گْھٹنے ٹیکو,5
یه ٹھیک ھے.,5
رکو، رکو، رکو.,5
انتظار کریں.,5
ٹوبیس!,5
لات.,5
پر آو.,5
شکریہ صاحب.,5
اوہو.,5
اچھا کام.,5
اچھی قسمت.,5
یہ اچھا ہے.,5
یہ بہت اچھا ہے.,5
زبردست!,5
تم یہاں کیا کر رہی ہو؟,5
