word,count
안,1806
이,1700
좀,1507
아,1437
그,1388
왜,1317
야,1240
내가,1127
네,1063
내,1038
저,1025
그래,1007
아니,973
거,969
너,955
뭐,925
우리,908
응,881
다,877
한,841
나,828
잘,817
어,782
거야,779
예,729
이거,693
자,665
그럼,654
난,649
게,610
무슨,601
수,599
못,553
어떻게,539
더,514
빨리,506
참,468
또,467
지금,457
그런,454
해,448
어서,421
이렇게,420
있어,407
아이고,404
어디,403
엄마,401
할,401
와,392
정말,388
있는,384
아이,383
그렇게,381
여기,371
하고,368
그냥,360
돼,352
봐,352
이제,344
이게,335
것,333
그리고,331
같이,330
하는,328
가,327
때,312
말이야,312
이런,310
같은,303
하나,302
오늘,301
건,298
제가,296
줄,294
많이,293
뭘,286
아이구,286
진짜,283
니,282
너무,279
근데,278
날,271
사람,268
말,268
뭐야,266
한번,261
다시,256
그게,255
그래서,246
오빠,245
여보,244
아주,241
말고,241
걸,240
꼭,240
누가,240
가자,239
없어,237
마,234
사람이,234
거예요,233
나도,233
아저씨,232
가서,219
넌,218
없는,218
아버지,218
저기,210
일,210
니가,208
돈,208
있어요,206
보고,203
씨,202
나는,202
아냐,201
아니야,200
좋은,198
그만,197
어머니,193
얘,188
제,188
네가,186
있습니다,182
이리,180
때문에,180
씨발,179
임마,178
하지,177
얼마나,176
집에,174
두,173
전,170
일이,170
글쎄,164
나가,163
형,162
하지만,161
아빠,159
될,159
몇,158
새끼,157
술,156
선생님,154
되는,154
형님,153
그건,152
갈,150
알아,150
바로,150
우리가,150
수가,149
것도,149
어떤,149
큰,148
먹고,145
된,145
가지고,144
새끼야,143
주세요,142
전에,142
말을,142
여기서,142
소리,141
그래요,141
아직,141
밥,141
할머니,140
언니,140
몰라,138
가는,137
놔,136
원,134
들어,134
당신,133
여보세요,132
이건,131
하면,130
그렇지,130
다른,129
집,128
그거,128
그려,128
먼저,127
것이,126
거지,125
알고,124
번,124
나와,124
그래도,124
우린,124
놈,123
좋아,123
이젠,123
벌써,122
오,121
내일,120
뭐가,120
있을,117
알았어,117
말이,117
언제,116
아니에요,116
모두,116
아유,116
모든,116
줘,115
왔어,115
없다,115
어디서,115
아니라,114
음,113
아무,113
괜찮아,113
해서,112
년,112
온,112
사는,111
없어요,110
됐어,109
나를,109
거기,109
에이,109
얘기,109
곧,107
나한테,107
그걸,106
해요,106
놈이,106
혼자,103
있다,102
자식,102
있지,101
뭔,101
있으면,101
거여,100
살,100
사람은,100
앞으로,99
돼요,99
봐요,99
그러니까,99
감사합니다,98
것은,98
어이,97
이래,96
것을,96
있는데,96
보면,95
가면,94
잠깐,93
제발,93
혹시,93
없습니다,93
먹어,92
여자,92
갔다,92
가요,91
잠깐만,91
말이여,91
둘,90
지,90
그때,90
않아,90
퍼뜩,90
엄마가,89
사람을,89
가지,89
아휴,89
그러면,89
겁니다,89
당신이,89
많은,88
죄송합니다,88
그럴,87
그런데,87
자꾸,86
밖에,85
자기,85
우리는,85
두고,85
있고,85
싫어,85
요즘,85
해도,85
갑자기,85
테니까,84
없이,84
들어가,84
어머,84
아니고,83
누구,83
물,82
오늘은,82
해야,82
안녕하세요,81
마라,81
다들,81
가고,81
야야,81
자네,80
가만,80
봐라,80
올,80
당장,80
텐데,80
와서,79
본,79
정신,79
죽을,78
아까,78
어느,78
딱,78
않고,78
일을,76
사람들이,76
말이다,76
갖고,76
돈을,76
가세요,76
아닙니다,75
남의,75
생각,75
요,75
이번,75
참말로,75
이놈아,73
애들,73
도대체,73
널,73
합니다,73
생각해,73
엄니,72
뭐라고,72
볼,72
어딜,72
말야,71
시간,71
있어서,71
계속,71
어디로,71
저는,71
배,71
누구야,71
동무,70
말씀,70
건데,70
느그,70
아이가,70
새끼가,69
죽은,69
저거,68
따라,68
싶은,68
제일,68
너도,68
마세요,68
오세요,68
대신,68
막,68
걱정,67
아는,67
세상에,67
아무리,67
죽어,66
주고,66
그러나,66
보자,65
있나,65
이상,65
그저,65
한잔,65
완전,65
아가씨,64
없고,64
알겠습니다,64
그러지,64
다음,64
동안,64
여자가,64
수도,64
했어,64
좋다,64
없지,63
듣고,63
어때,63
데,63
생각이,63
몸이,63
아직도,63
해라,62
보세요,62
아저씨가,62
아니요,62
되면,61
아주머니,61
시간이,61
간다,61
됩니다,61
데리고,61
오래,61
아무도,60
딴,60
살고,60
거죠,60
차,59
알,59
나의,59
당신은,59
너는,59
타츠오,59
있다고,58
되지,58
아버지가,58
안돼,58
이걸,58
애,58
눈,58
아따,58
여긴,58
자식이,57
말이에요,57
괜히,57
같은데,57
처음,57
친구,57
왔다,57
위해,57
노래,57
마음,57
이봐,57
않아요,56
미안해,56
손,56
괜찮아요,56
암,56
아니다,56
나쁜,56
함께,56
하,56
계세요,55
너희,55
말해,55
세,55
속에,55
전화,54
옥희야,54
하자,54
나중에,54
돈이,54
싶어,54
소리를,54
소리가,54
왜요,54
하는데,54
혀,53
모르는,53
웬,53
학교,53
오면,53
아마,53
어차피,53
조용히,53
서,53
그러니,53
별,53
구,52
저도,52
저런,52
생각을,52
밤,52
파이팅,52
저리,52
하세요,52
집을,51
어이구,51
열심히,51
되고,51
앉아,51
한다,51
잡아,51
열,51
놓고,51
찾아,51
원래,50
맨날,50
집에서,50
말도,50
가장,50
말입니다,50
서울,49
저녁,49
했어요,49
어찌,49
놈의,49
절대,49
데가,49
했는데,49
항상,48
테러,48
김,48
이번에,48
하나도,48
일어나,48
조금만,48
왔어요,48
뭐여,48
주십시오,48
해봐,48
땐,47
안녕히,47
뭔가,47
만날,47
알았지,47
아니여,47
이미,47
우리도,47
같애,47
송,47
살아,47
미화야,47
봤어,47
사람들은,47
나서,46
어제,46
약,46
남편,46
때가,46
말아요,46
일본,46
인마,46
그러세요,46
며칠,45
않으면,45
보는,45
아빠가,45
사랑,45
좋지,45
얼마,45
직접,45
것입니다,45
저희,45
들어와,45
지가,45
젊은,45
어딨어,45
개,45
그러는,45
집으로,45
앞에,45
알어,45
인제,44
새끼들,44
대한,44
염려,44
기다려,44
타고,44
되는데,44
받고,44
잔,44
다음에,44
맞아,44
없어서,44
미안해요,44
죽는,43
위해서,43
있었어,43
역시,43
주는,43
서로,43
해야지,43
않는,43
할아버지,43
똑바로,43
선수,43
어떡해,43
보내,43
중에,43
씨가,43
겁니까,43
그동안,42
못해,42
거기서,42
마지막,42
있어야,42
것이다,42
고맙습니다,42
분명히,42
이름이,42
년이,42
온다,42
금방,42
않을,42
끝까지,42
알지,41
앞에서,41
같아,41
제대로,41
갖다,41
말은,41
아니면,41
잘못,41
사진,41
된다,41
있잖아,41
차라리,41
아가,41
없을,41
가야,41
불러,41
너를,41
이것,41
옷,41
확,41
그것도,41
몰라요,41
됐어요,40
고마,40
몸,40
거냐,40
놈아,40
오야,40
알아요,40
중요한,40
애가,40
때까지,40
나랑,40
보니까,40
예이,40
누나,40
옆에,40
길을,40
뭐예요,40
아들,40
있니,40
작은,40
사장님,40
만세,40
사,39
걸로,39
손에,39
조금,39
할까,39
개새끼야,39
하지마,39
결국,39
일단,39
가진,39
싶지,39
매일,39
아나,39
요새,39
안에,39
서방님,39
말이지,38
뒤로,38
거라고,38
있습니까,38
아닌가,38
비켜,38
아무것도,38
오냐,38
사실은,38
잠깐만요,38
간,38
에,38
저기요,38
남자가,38
오는,38
춘향아,38
대로,38
됐다,38
안녕,38
아닙니까,38
그들은,38
모르고,38
적,38
적이,38
문,38
입니다,37
당신을,37
미친,37
마음이,37
지난,37
뭐냐,37
일로,37
그리,37
이년아,37
대체,37
옳지,37
간다고,37
아침,37
있다는,37
아닌,37
잉,37
했습니다,37
나가서,37
자식아,37
하게,37
딸,37
준,36
셋,36
믿고,36
후,36
내놔,36
늘,36
이유가,36
받아,36
했지,36
돼서,36
뭐해,36
거요,36
가끔,36
않은,36
오지,36
못하고,36
되게,36
말어,36
니는,36
저게,35
평생,35
우선,35
여러분,35
하루,35
죽고,35
좋아요,35
나하고,35
쟤,35
일은,35
뭐요,35
아니지,35
얼른,35
마담,35
뭔데,35
먹는,35
안협네,35
이놈,35
가만히,35
있으니까,35
갑시다,35
아우,35
어디가,35
하세가와,35
놈은,35
터질,35
테니,35
순,35
혜린아,35
남자,35
여러,34
분,34
찰스,34
드세요,34
드릴게요,34
있을까,34
속에서,34
물론,34
지금부터,34
좋습니다,34
충성,34
그것은,34
어머나,34
선생님이,34
내게,34
줄게,34
비가,34
엄마는,34
언니가,34
아줌마,33
이쪽으로,33
장,33
둘이,33
불쌍한,33
밴드,33
수는,33
그렇고,33
크게,33
와요,33
갈게,33
그러게,33
뭔지,33
얼굴,33
살려,33
동네,33
방,33
아무래도,33
눈이,33
겨우,33
성구야,33
사실,33
한다고,33
옛날,33
절대로,33
싶어서,33
백,33
이번엔,33
산,32
들고,32
여기가,32
밥을,32
어쩔,32
수연아,32
남은,32
나야,32
불,32
아녀,32
그대로,32
먹으면,32
먼,32
하여튼,32
오셨어요,32
언제나,32
이상한,32
글쎄요,32
사세요,32
거다,32
지금까지,32
소리야,32
달,32
배가,32
사람의,32
그렇지만,32
얼굴이,32
그치,32
했잖아,32
아니냐,32
가게,32
성칠아,31
언젠가,31
완전히,31
없잖아,31
우리의,31
없는데,31
하니,31
흥,31
새,31
가라,31
이야,31
방에,31
감독,31
싸게,31
저렇게,31
가세,31
우예,31
만나,31
미리,31
자기가,31
먹을,31
일찍,31
났네,31
보다,31
입고,31
일도,31
그랬어,31
첫,31
문제가,30
망할,30
선상님,30
전혀,30
내려,30
놈들,30
중,30
애들이,30
옛날에,30
너한테,30
해순아,30
모두들,30
사랑하는,30
않습니까,30
담배,30
결혼,30
아닌데,30
말아,30
비타민,30
동만아,30
없으면,30
있네,30
다녀,30
울지,30
머리,30
아버지를,30
못하는,30
왔는데,30
일이야,30
갔어,30
오십시오,30
됐지,29
이것이,29
다섯,29
보지,29
우릴,29
오케이,29
날이,29
타,29
총,29
너희들은,29
싶어요,29
분이,29
고마워,29
연락,29
내일부터,29
돌아,29
동무는,29
사고,29
맞어,29
사람도,29
덕분에,29
맘대로,29
꿈,29
길,29
마시고,29
어휴,29
그만해,29
줘요,29
아부지,29
미스,29
전부,29
때는,29
아파,29
않게,29
만들어,29
미쳤어,29
필요한,29
기다리고,29
백화점,28
기분,28
짓,28
사람들,28
흠,28
어쨌든,28
어린,28
그땐,28
어째,28
훨씬,28
약을,28
서방,28
누굴,28
매우,28
냄새가,28
같아요,28
만한,28
새끼들아,28
어때요,28
잡고,28
못한,28
꿈을,28
있소,28
때도,28
나올,28
이럴,28
것처럼,28
하면서,28
않습니다,28
음악,28
이러지,28
세상,28
힘을,28
당신의,28
이러고,28
니들,28
줄까,28
특히,28
있었어요,27
얘가,27
차려,27
그렇다면,27
하죠,27
얘기를,27
같습니다,27
어여,27
살려주세요,27
천천히,27
같다,27
그날,27
고만,27
도련님,27
그렇다고,27
눈을,27
여자를,27
인사,27
한번만,27
이놈의,27
죽인,27
마음을,27
아가씨가,27
무서운,27
아픈,27
보소,27
두수씨,27
대,27
번만,27
마음은,27
말로,27
자주,27
새로,27
있나요,27
죽일,27
만에,27
인자,27
옥희,26
경찰,26
왔습니다,26
당신도,26
오늘부터,26
척,26
오이야,26
얘기해,26
생각하고,26
따로,26
알아서,26
올게,26
너희들,26
정도,26
만나서,26
정신이,26
보일러,26
모두가,26
여기는,26
끊어,26
뭐라,26
테야,26
친구가,26
하나만,26
가져,26
어무이요,26
자네가,26
함부로,26
끌고,26
용왕님,26
다니,26
되나,26
손을,26
할머니가,26
뛰어,25
말이요,25
그렇죠,25
통,25
계신,25
설마,25
조심,25
활화산,25
같지,25
둬,25
오히려,25
몸을,25
먹었어,25
가만있어,25
죽었어,25
혼자서,25
감자,25
그라믄,25
이름은,25
자리,25
영희야,25
뭣이,25
조선,25
우리들의,25
별로,25
보게,25
얼굴을,25
보이소,25
됐습니다,25
녀석,25
오고,25
어무이,25
쓰고,25
여기까지,25
커피,25
잠시,25
아버진,25
얘길,25
주지,25
교수님,25
에이그,25
데서,25
얘들아,25
돈은,25
쓸,25
돌격,25
눈에,25
등,25
병원에,25
훌륭한,25
구룡아,25
실은,24
없네,24
필요,24
여자는,24
그리구,24
좋아하는,24
하긴,24
잠이,24
없나,24
아침에,24
되어,24
알게,24
않아도,24
써,24
쫌,24
그까짓,24
거고,24
이년,24
있으니,24
엄마한테,24
또한,24
아무튼,24
쪽,24
이름,24
가시죠,24
나이,24
하니까,24
다니는,24
보여,24
생긴,24
드립니다,24
뿐이야,24
산에,24
자자,24
점점,24
있는지,24
나가요,24
후에,24
주면,24
아라리가,24
철이,24
그래야,24
말씀을,24
목을,24
군,24
집안,24
지금은,24
편지,24
바보,24
김준식,24
건가,24
뽕,24
거울,24
죽어도,24
곁에,24
이리와,24
임자,24
넣어,24
있다면,24
보이는,23
늙은,23
성님,23
병,23
웬일이야,23
모시고,23
누구세요,23
음식을,23
온나,23
몬,23
병신,23
리가,23
아세요,23
사람아,23
생각은,23
거짓말,23
합시다,23
절,23
선생님은,23
태어난,23
얘긴,23
저를,23
지수야,23
집이,23
내사,23
큰일,23
동생,23
어쩌면,23
못할,23
밤낮,23
손으로,23
문제,23
가야지,23
입에,23
잘했어,23
잘해,23
허,23
어유,23
만든,23
그랬지,23
형은,23
기가,23
하겠습니다,23
나와서,23
갈까,23
된다고,23
이러는,23
없냐,23
현재,23
먹자,23
십,23
미국,23
가기,23
겨,23
바람,23
알았어요,23
하시죠,23
때부터,23
봅시다,23
아뇨,22
동무가,22
씨는,22
뒤에,22
아이씨,22
사랑해,22
없다는,22
무엇을,22
물어,22
어우,22
에미,22
무서워,22
봐야,22
번째,22
아버지는,22
않나,22
오빠가,22
부탁,22
버리고,22
말구,22
대장,22
다오,22
먹어라,22
스님,22
미안하다,22
여길,22
들려,22
어렸을,22
쓰는,22
에휴,22
예쁜,22
힘이,22
다리,22
이대로,22
계란,22
나이가,22
그러냐,22
이를,22
나온,22
주인,22
고,22
이따,22
쳐,22
한참,22
고생,22
자고,22
찾을,22
줘야,22
자리에,22
꿈이,22
찾는,22
짓을,22
죄를,22
자신이,22
하냐,22
한국,22
좋겠다,22
기,22
하러,22
형이,22
조심해,22
혜린이,22
인간,22
인간이,21
하네,21
고기,21
나면,21
났어,21
되잖아,21
박,21
미안합니다,21
뭣,21
생각하면,21
걔,21
맞지,21
두리,21
가져와,21
나오는,21
사랑을,21
공부,21
솔직히,21
몸에,21
내고,21
없다고,21
한데,21
난실아,21
오랜만에,21
오메,21
손님,21
이씨,21
명,21
돈도,21
선수가,21
거의,21
멀리,21
싶다,21
모르겠어요,21
뭡니까,21
올라가,21
근디,21
그것이,21
않았어요,21
누구요,21
월남,21
그야,21
죽여,21
왔나,21
만나러,21
애를,21
라이터,21
움직여,21
점,21
워낙,21
볼까,21
앉아서,21
아버님,21
어디야,21
형수,21
단,21
정희,21
말하는,21
어머니가,21
힘들어,21
말라고,21
힘든,21
병태야,21
비,21
배고파,21
떠,21
맘에,21
생각하는,20
좋은데,20
건지,20
팔,20
속,20
소릴,20
입,20
특별한,20
거는,20
냄새,20
피,20
거니까,20
걱정하지,20
뭐하는,20
뭐꼬,20
기분이,20
종석아,20
설,20
따러,20
수학여행,20
써니,20
아예,20
준식,20
잊지,20
처음부터,20
얻어,20
들어가서,20
나만,20
있죠,20
꼴을,20
쓴,20
지금도,20
쪽으로,20
나갈,20
나간,20
만난,20
얘야,20
죄,20
길이,20
있다가,20
있단,20
그럼요,20
쉽게,20
아가야,20
안돼요,20
있었다,20
싫어요,20
양반,20
전부터,20
양반이,20
얘기가,20
최고의,20
그러고,20
자는,20
떨어져,20
해주세요,20
봐봐,20
받을,20
했던,20
방금,20
사람이야,20
가슴을,20
이름을,20
오늘도,20
가니,20
이모,20
했다,20
니네,20
형님이,20
보통,20
ㆍ,20
확인,20
오너라,19
박상길,19
맞아요,19
것이여,19
될까,19
된단,19
틀림없이,19
받는,19
놈을,19
있거든,19
됐는데,19
신발,19
칼,19
엄만,19
오랜만이다,19
시간에,19
모를,19
곳에,19
있게,19
목숨을,19
있냐,19
몰라서,19
오늘이,19
공주야,19
했나,19
다신,19
보니,19
회사,19
정말로,19
때려,19
전해,19
봐서,19
야옹,19
마셔,19
현준아,19
마십시오,19
혁수야,19
아침부터,19
아저씨는,19
빌어먹을,19
그래두,19
죽기,19
들어가자,19
많아,19
가소,19
어려운,19
잡으러,19
가슴이,19
말이오,19
과부가,19
에릭,19
어젯밤,19
갑니다,19
순자,19
내겐,19
편지를,19
도움이,19
선배님,19
너의,19
인생,19
상수,19
일부러,19
하하,19
같아서,19
여,19
잃은,19
한다는,19
이제는,19
남편이,19
영수,19
정도로,18
말인가,18
말이죠,18
뭐고,18
어머니를,18
어머니도,18
비행기,18
여봐라,18
드릴까요,18
말이냐,18
지은,18
아래,18
땜에,18
꼼짝,18
들어가세요,18
너만,18
그것을,18
열어,18
짓이야,18
일곱,18
삼촌,18
만약에,18
대학,18
쓸데없는,18
어허,18
자신,18
자신의,18
핸드볼,18
여기요,18
차에,18
새로운,18
맞다,18
급한,18
일루,18
찍어,18
떠나,18
하나는,18
준비,18
가르쳐,18
은주,18
하루에,18
그러는데,18
학생,18
벌,18
야이,18
안으로,18
생각합니다,18
마리,18
낼,18
좋고,18
좋을,18
마누라,18
기억,18
그렇습니다,18
로라,18
왜들,18
않냐,18
봤어요,18
생활을,18
하라고,18
다시는,18
않았어,18
그는,18
버려,18
죽으면,18
어데,18
만나게,18
언제까지,18
죽는다,18
으이,18
강아지,18
하던,18
마침,18
번도,18
하도,18
얘기는,18
어어,18
개새끼,18
없으니,18
순간,18
됐노,18
고마워요,18
감독님,18
너희들이,18
있는데요,18
알았다,18
시,18
돌려,18
시켜,18
할래,18
식모,18
한마디,18
바랍니다,18
이래요,18
동무들,18
싫다,18
신스케,18
모르겠어,18
바다,18
걸요,18
바람에,18
술이나,18
있던,18
있잖아요,18
녀석이,18
가도,17
치고,17
시집,17
반,17
꺼,17
죽지,17
저건,17
우리를,17
아버지도,17
책,17
예전에,17
엄마랑,17
붙어,17
들어가면,17
대해,17
줄은,17
엄마도,17
여자의,17
없소,17
들었어요,17
마음대로,17
속이,17
늦게,17
더러운,17
오나,17
병원,17
바꿔,17
미안,17
성환댁,17
애비,17
점심,17
몰라도,17
수미야,17
가까이,17
경우,17
마님,17
없으니까,17
앉으세요,17
수원댁,17
위에,17
사이에,17
생기면,17
주,17
따라서,17
이쪽,17
약속,17
주시오,17
꽃,17
재미,17
밑에,17
놀러,17
집도,17
나오지,17
어젯밤에,17
함,17
얼마든지,17
오빤,17
놈들이,17
과장님,17
과연,17
서울에,17
말해봐,17
잠시만요,17
밖에서,17
미,17
올려,17
사건,17
잠,17
놈이야,17
아니라고,17
받은,17
집은,17
최,17
자넨,17
먹은,17
차를,17
곳은,17
내는,17
미치겠네,17
지는,17
문제는,17
고맙다,17
갈래,17
가슴,17
의학,17
반드시,17
나두,17
달라고,17
갔어요,17
싶습니다,17
하구,16
민아,16
머리가,16
박이,16
씨발놈아,16
빼,16
씨를,16
비싼,16
챙겨,16
좋아서,16
썩,16
판,16
믿을,16
병이,16
채,16
보러,16
소리여,16
몸은,16
뜨거운,16
퍽,16
않아서,16
확실히,16
같으니,16
해명,16
생겼다,16
미스터,16
법이,16
통해,16
봤는데,16
하나가,16
하나의,16
먹지,16
죽이지,16
할까요,16
식으로,16
분위기,16
그나저나,16
짐,16
했지만,16
진,16
먹으러,16
했죠,16
구경,16
지도,16
실례합니다,16
그가,16
굶어,16
줄을,16
귀신,16
시방,16
버릴,16
말입니까,16
믿지,16
가는데,16
공연,16
주소,16
순철이,16
중학교,16
사랑이,16
말하면,16
숨어,16
쉬운,16
사실을,16
성현,16
슛,16
마지막으로,16
성님예,16
풀어,16
사모님,16
믿어,16
할게,16
늦었어,16
그녀는,16
넣고,16
기상,16
영자야,16
야가,16
영차,16
요거,16
약속을,16
전원,16
동식이,16
나가고,16
들어요,16
능력을,16
년아,16
돼야,16
왔냐,16
나이스,16
장사,16
단지,16
나나,16
나가지,16
어무이예,16
일마레,16
이봐요,16
도망,16
죽여라,15
부르는,15
나이에,15
아씨,15
없구나,15
모르겠다,15
그녀가,15
당연히,15
시끄러,15
춤을,15
뭐라구,15
만큼,15
준태야,15
들어가요,15
있었던,15
시험,15
신경,15
시간을,15
스스로,15
실제로,15
얘는,15
있기,15
수밖에,15
목숨,15
수지,15
모조리,15
보기,15
연이,15
모른다,15
술을,15
정연아,15
이만,15
위한,15
사장,15
뭐든지,15
허지만,15
나와요,15
오게,15
해봐요,15
옷을,15
의,15
빼고,15
참을,15
참아,15
빨리빨리,15
자요,15
드리겠습니다,15
밤새,15
곳이,15
맛있는,15
밥이,15
했다고,15
과부,15
말할,15
지자쓰,15
지우씨,15
하늘이,15
되니까,15
향단아,15
이길,15
총을,15
되겠어요,15
배야,15
증말,15
가봐,15
듣기,15
반지,15
철학과,15
가지마,15
꽤,15
해가,15
철이가,15
아닐까,15
친구들이,15
끼고,15
떠날,15
돈만,15
선수들,15
하나를,15
돌아가,15
돌아올,15
돌아온,15
벗어,15
못합니다,15
상,15
정신차려,15
대해서,15
안에서,15
손님이,15
기회를,15
전쟁이,15
미쳤나,15
세상이,15
하하하,15
성,15
딸이,15
똑똑히,15
프랑스,15
물이,15
왕십리,15
혜린,15
옛,15
힘,15
대장동무,15
그지,15
그랬어요,15
몰래,15
그랬잖아,15
저희가,15
마음에,15
내려와,15
하이,15
아퍼,15
기무라,15
개가,15
생각도,15
때마다,15
영군아,14
새댁,14
이것은,14
온다고,14
같은데요,14
너두,14
여편네,14
맞을,14
밤중에,14
쭉,14
되니,14
푹,14
편히,14
잃고,14
댄스,14
편하게,14
나가는,14
뭐하고,14
발,14
언제부터,14
해줄,14
자꾸만,14
작년,14
생활,14
선생,14
언제까지나,14
이것도,14
섬,14
도,14
착한,14
쌀,14
하기,14
물건을,14
자가,14
새벽에,14
되겠다,14
반장님,14
사이로,14
바람이,14
나지,14
연락이,14
것이지,14
입을,14
스무,14
더욱,14
치료,14
년을,14
살인,14
이러면,14
술집에,14
예예,14
없잖아요,14
이상해,14
열고,14
감히,14
갔나,14
수비,14
경민아,14
시간은,14
삼십,14
걸어,14
최선을,14
임자가,14
합니까,14
첫사랑,14
각,14
있을까요,14
밖으로,14
싫으면,14
살기,14
세상에서,14
팔자,14
서문도,14
신랑,14
바이,14
에미야,14
명희,14
이유는,14
돌아오지,14
없게,14
시골,14
것으로,14
개새끼들,14
데려다,14
전화를,14
않소,14
들어갈,14
쟤가,14
지어,14
어릴,14
정,14
김동무,14
전무님,14
왔지,14
어디다,14
아아,14
아참,14
아니잖아,14
의사,14
방법이,14
그러다,14
어른,14
들어온,14
안다,14
야야야,14
다음엔,14
안됩니다,14
아무나,14
권,14
즐거운,14
헤헤,14
아들이,14
와봐,14
어떠냐,14
그런가,14
말만,14
화학,14
리,14
드릴,14
향해,14
주이소,14
방법은,14
기다리세요,14
제게,14
과장,14
죽어서,14
왔네,14
그랬는데,14
제약,14
보네,14
드리고,14
밥은,14
죽게,14
올라,14
저의,14
괜찮은,14
아니오,14
우리에게,14
정말이지,14
깨끗이,14
저한테,14
봐도,14
목소리,13
팔고,13
돌아갈,13
너랑,13
예를,13
있는디,13
경찰에,13
소식을,13
보죠,13
가겠습니다,13
들었어,13
웬일이세요,13
눈으로,13
에구,13
안녕하십니까,13
듯,13
아직은,13
그랴,13
것들이,13
및,13
살아야지,13
주신,13
죽겠다,13
울어,13
한미숙,13
친구들,13
마오,13
이야기,13
움직이지,13
넓은,13
가나,13
의사의,13
것들,13
훔쳐,13
기억이,13
여기에,13
애기,13
좋게,13
영,13
병장,13
정말이야,13
종일,13
하시는,13
석,13
여름,13
너네,13
열쇠,13
이제부터,13
하믄,13
우리집,13
알면,13
내일은,13
알잖아,13
알아야,13
인간의,13
정철민,13
데려가,13
여태,13
알았는데,13
여기야,13
필요가,13
긴,13
2년,13
한공주,13
에이고,13
댁에,13
세워,13
죄가,13
별거,13
앉어,13
땅,13
무서워요,13
가네,13
같고,13
앉으시죠,13
애자,13
애인이,13
읽을,13
영원히,13
영양,13
우찌,13
애비가,13
않겠어,13
않겠어요,13
문도,13
우째,13
여기도,13
피가,13
막아,13
아이들이,13
왔데이,13
아름다운,13
싸우고,13
비록,13
누구냐,13
가제이,13
싶을,13
이것을,13
지랄이여,13
가지구,13
방자야,13
먹여,13
되냐,13
교수,13
있지만,13
빠진,13
행복하게,13
가방,13
분은,13
되겠나,13
귀신이,13
중에서,13
박을,13
나왔어,13
싹,13
나머지,13
오신,13
둔,13
어쩌다,13
맛이,13
빨랑,13
잘한다,13
가시는,13
나가면,13
공,13
맞고,13
잠을,13
밤에,13
어쩐,13
이거야,13
올림픽,13
어머님,13
어쩜,13
비타민을,13
달에,13
괜찮다,13
집어,13
찾고,13
자살,13
뿐입니다,13
어떡해요,13
꽉,13
자를,13
꼬꼬마,13
준태,13
취직,13
들어오세요,13
깜짝이야,13
누님,13
모릅니다,13
어디에,13
춘향이,13
치,13
있어야지,13
그대,13
오빠는,13
그놈의,13
죽이고,13
죽어요,13
모습을,13
허허,13
누워,13
시작,13
식사,13
으이구,13
저놈,13
숨,13
사랑한다고,13
계신데,13
당한,12
한이,12
빠져,12
다닐,12
살던,12
병태,12
이제야,12
보낸,12
놔둬,12
용서해,12
하실,12
이뻐,12
용왕님예,12
벌어,12
너나,12
봤나,12
했냐,12
넷,12
노,12
달라,12
거긴,12
거기에,12
거기가,12
사업,12
산에서,12
부디,12
상대가,12
방송,12
이놈들아,12
닥쳐,12
할머니는,12
각자,12
당분간,12
미화가,12
당시,12
화가,12
영호야,12
느낌이,12
놈도,12
홍영수,12
부탁합니다,12
녹음,12
할배요,12
이놈이,12
오실,12
삶은,12
닦고,12
방송국,12
보래이,12
놓은,12
이것들이,12
누군지,12
훈련,12
보이지,12
누군가,12
한단,12
살아야,12
갈게요,12
가져가,12
하자고,12
3년,12
방을,12
살아요,12
가지는,12
울,12
받어,12
있겠어요,12
어른이,12
차렷,12
지금쯤,12
작년에,12
있었나,12
치는,12
모르겠습니다,12
아녜요,12
있었는데,12
장난,12
곳으로,12
깊은,12
그라고,12
식구가,12
엄마야,12
들어왔어,12
난다,12
주인이,12
마저,12
없는데요,12
쉬었다,12
쉬어,12
난장이,12
없단,12
술이,12
치료를,12
있대,12
어떻습니까,12
약은,12
없었어요,12
있는가,12
칠성아,12
남아,12
있었습니다,12
두지,12
신세,12
만들,12
쏘냐,12
그것,12
나무,12
고생이,12
쓰리쓰리랑,12
싸인,12
여잔,12
들어가시죠,12
재수,12
천,12
고맙네,12
싶은데,12
저것,12
싶으면,12
고래,12
나요,12
철이야,12
잊어,12
나아,12
두수,12
싶다고,12
되겠지,12
총알이,12
계집,12
되겠어,12
나오세요,12
저녁에,12
실컷,12
만나면,12
아이다,12
고향에,12
있겠어,12
주무세요,12
편안히,12
아리랑,12
루루루루,12
줘야지,12
낫지,12
무엇이,12
성구,12
섬에,12
일이고,12
꿔,12
일만,12
문제를,12
잡아라,12
질병을,12
애들은,12
물건,12
좋겠어,12
선배,12
내려가,12
좆나,12
서울로,12
도망을,12
진작,12
정신을,12
인젠,12
똑같은,12
내버려,12
조명,12
지키고,12
기다리는,12
를,12
레이븐,12
좋아해,12
길에,12
마시면,12
들,12
주게,12
그럴까,12
있겠습니까,12
남을,12
몸으로,12
없지만,12
엉,12
틀린,12
약간,12
것인가,12
무대감독님,12
돌연변이,12
잘못한,12
소식이,12
전쟁을,12
애인,12
아리아리랑,12
끓여,12
소문이,12
돌아와,12
끝나고,12
된다는,12
팔을,12
것보다,12
속의,12
으잉,11
어떻게든,11
중앙,11
지고,11
와라,11
했으면,11
음식은,11
어르신,11
지금이,11
와야,11
이천,11
부탁이,11
헌데,11
야아,11
화를,11
앉아요,11
화재,11
환자가,11
요안나,11
점을,11
좋다고,11
좋네,11
보라고,11
않았습니다,11
않어,11
조선의,11
조,11
알았더니,11
전쟁은,11
울고,11
외삼촌,11
아오,11
어떡하지,11
부인,11
재판을,11
부모,11
재호,11
죽이는,11
아이들은,11
안경,11
위하여,11
저예요,11
아저씨도,11
죽겠어,11
전달,11
주시겠어요,11
아저씬,11
해순이,11
아닐까요,11
틀림,11
한가지,11
소대장,11
상우,11
팔자가,11
이정현,11
소장,11
파리,11
삼,11
살면,11
편지가,11
큐,11
콱,11
이상하다,11
코,11
칼을,11
수만,11
없었어,11
있다구,11
세월이,11
세계에서,11
치료가,11
선,11
여자와,11
서둘러,11
하는구나,11
하려고,11
인생이,11
하나씩,11
서방이,11
하나밖에,11
하시오,11
세계,11
하기로,11
선생님도,11
생각만,11
필요합니다,11
여기선,11
피해,11
읽어,11
하필,11
한번도,11
오랫동안,11
장가,11
짜증나,11
핸드백,11
뻔,11
자리에서,11
창씨개명,11
자식을,11
찬,11
짝코,11
작품,11
짜식,11
언젠간,11
잔소리,11
빌려,11
어머머,11
의사가,11
잡수세요,11
잤어,11
진정하세요,11
아니지만,11
찾아가,11
사고가,11
있어라,11
사람한테,11
스탠바이,11
시계,11
오사장,11
출발,11
시체를,11
할머니도,11
엄마를,11
사랑방,11
있었지,11
얼굴도,11
싫다는,11
이기,11
있지요,11
싶었어,11
사람들의,11
이광민,11
사람들을,11
싸가지,11
정확히,11
소비에트,11
받지,11
그런지,11
못해서,11
들었다,11
들었는데,11
나네,11
말하지,11
나고,11
그렇게도,11
끝난,11
계십니까,11
뒤,11
그릇,11
맛,11
됩니까,11
될까요,11
문을,11
그들이,11
들을,11
들지,11
나오면,11
나온다,11
못써,11
그대가,11
따라와,11
말려,11
나한텐,11
경기,11
느그들,11
뉘,11
미친년,11
거참,11
그걸로,11
것만,11
끝나면,11
겸,11
맡은,11
동윤아,11
간에,11
맞은,11
동상,11
기막힌,11
맞춰,11
가자고,11
몽땅,11
마치,11
머리를,11
길로,11
가질,11
도저히,11
기타,11
동윤이,11
무당이,11
골이,11
무엇,11
밥도,11
됐네,11
꺼져,11
꼴이,11
방법을,11
대좌님,11
고개,11
대부분의,11
바래다,11
대단히,11
바둑을,11
끝,11
끝나,11
가겠어요,11
그때가,11
모양이야,11
뭐죠,11
모른,11
모양인데,11
내기,11
만,11
놔요,11
만약,11
괜찮습니다,11
병원에서,11
누고,11
군인은,11
결혼을,11
모습이,11
뭐지,11
벗고,11
놔라,11
뭐라구요,11
거잖아,11
가거라,11
남편을,11
높은,11
마른,11
괴물,11
거나,11
뭐하러,10
마시는,10
됐다고,10
되겠습니까,10
바빠서,10
얼어,10
글씨,10
맞는,10
성욱아,10
참말,10
알았으니까,10
조난실,10
생겨서,10
건배,10
사업을,10
물을,10
괜찮지,10
감자를,10
존재의,10
얼굴에,10
조심하세요,10
한수야,10
만드는,10
생각해요,10
마사키,10
되나요,10
참고,10
구두,10
구룡이,10
참으로,10
엄청난,10
마약,10
찾으러,10
진정한,10
쓸데,10
받아라,10
정도는,10
받아서,10
아저씨한테,10
받아야,10
거란,10
함량이,10
받았어,10
거를,10
돌아오는,10
고집,10
에이구,10
괴물이,10
없을까,10
반찬,10
푼,10
지켜,10
할라고,10
제작,10
골,10
사랑도,10
아가리,10
만나기로,10
굉장히,10
만나고,10
정체를,10
곡,10
동식아,10
아파트,10
맞죠,10
아십니까,10
뭣들,10
아빠한테,10
굳이,10
그녀를,10
말든,10
과,10
삼돌이,10
않을까,10
만져,10
증거가,10
문제야,10
말게,10
지겨워,10
양,10
들은,10
얘기도,10
들으면,10
생각나,10
걱정이,10
애란동무,10
개새끼들아,10
좀만,10
알았습니다,10
알죠,10
거짓말을,10
암만,10
규제,10
암의,10
앗,10
때문입니다,10
준식아,10
줘서,10
많아서,10
애는,10
애도,10
짓고,10
상관,10
떨어진,10
샀어,10
하이고,10
같으면,10
살살,10
않구,10
어머닌,10
드리겠어요,10
라면,10
차차차,10
어서들,10
드디어,10
뒤집어,10
뒤에서,10
에잇,10
사정,10
지나간,10
떠난,10
갔는데,10
그분,10
로건,10
마누라가,10
죄송해요,10
학교에,10
아니구,10
곳,10
아님,10
않았는데,10
아빠를,10
공장에,10
같네,10
들어와서,10
어디를,10
들어서,10
쫙,10
필요해,10
공부를,10
주시면,10
살게,10
차로,10
않다,10
에이씨,10
결코,10
여가,10
웃는,10
늙은이,10
우야꼬,10
팀,10
는,10
날씨가,10
커서,10
몹쓸,10
봤다고,10
웃기지,10
모르나,10
혹,10
게다가,10
형수님,10
봐야지,10
형을,10
있겠다,10
콜라야,10
솜씨가,10
몸도,10
콩나물,10
난데,10
니도,10
우는,10
시상에,10
부탁해,10
명이,10
헤이,10
자란,10
와예,10
자라,10
시체,10
자네도,10
돈으로,10
부처님,10
다만,10
자기야,10
칠,10
부산,10
나보고,10
카림,10
못하게,10
님,10
용기가,10
모르지,10
남지,10
계시는,10
이해해,10
퇴각,10
이러세요,10
노래를,10
결혼은,10
이렇게까지,10
태릉,10
년은,10
년에,10
녀석은,10
이병,10
위험한,10
이보오,10
이창수,10
넘게,10
이불,10
모여,10
이쁜,10
수연이,10
토요일,10
너와,10
숨길,10
수많은,10
타는,10
병신아,10
슬슬,10
본다,10
일하는,10
누군데,10
수고,10
일이지,10
은수,10
을,10
일이냐,10
확인해,10
보인다,10
환자의,10
일에,10
놔봐,10
모아,10
키가,10
놓이소,10
이기면,10
이년이,10
다해,10
왔는데요,10
빈,10
싶어도,10
덜,10
먹어야,10
먹어요,10
저두,10
더구나,10
깡패,10
무기를,10
밥이나,10
방귀,10
연희,10
꼴,10
초시,10
심장혈관계,10
꿈도,10
오늘밤,10
계집애,10
꿈은,10
소식,10
열두,10
저쪽,10
가수,10
도망가,10
기회에,10
가재이,10
처음으로,10
전체,10
맥주,10
머,10
도와,10
여보시오,10
여섯,10
싸,10
도로,10
여전히,10
여편네가,10
적당히,10
싸움,10
걸리면,10
싸돌아,10
발을,10
오래간만에,10
서른,10
가려고,10
끝났어,10
소중한,10
오이소,10
향한,10
나가자,10
팔아,10
달이,10
오시오,10
끝내,10
축하해,10
최대한,10
했잖아요,10
오후,10
최고,10
올리고,10
자면,10
불이,10
담배를,10
철이는,9
고마운,9
만났어,9
추워,9
시작한,9
실어,9
만들고,9
친구는,9
곱게,9
신이,9
만나지,9
말씀이세요,9
춘향,9
술도,9
숨을,9
철거,9
아니라는,9
말씀해,9
곳에서,9
마치고,9
신난다,9
아닐,9
쓰지,9
고등학교,9
면목이,9
숨이,9
쉬고,9
코가,9
짜식아,9
촬영,9
싫은,9
맛있게,9
많다,9
총력,9
총독부에서,9
말이유,9
스톱,9
아뢰오,9
관리,9
모르지만,9
아는데,9
말씀이,9
체,9
집이에요,9
첫째,9
크고,9
최상기,9
큰돌,9
고건수,9
맘,9
쪼깨,9
먹어도,9
카메라,9
멋있다,9
첨,9
킵,9
시키는,9
보구,9
마찬가지야,9
끝났습니다,9
잘난,9
당신에게,9
당신들,9
오죽,9
오직,9
나가라,9
옥희가,9
옥희는,9
자야,9
닮아서,9
자식들,9
자리를,9
자리가,9
나니까,9
다음은,9
왔대이,9
다리가,9
자기도,9
나머지는,9
오수희,9
대고,9
아주머니가,9
잠도,9
저요,9
김치,9
열어봐,9
깊이,9
더러워,9
댕겨,9
영자,9
꺼내,9
영화,9
예쁘게,9
대충,9
꽃을,9
꽃이,9
대업이,9
잡어,9
오니,9
오라,9
오라고,9
끝나는,9
왠지,9
외삼촌이,9
왼쪽,9
용범이,9
이가,9
놓치면,9
놓으세요,9
놓으면,9
내내,9
일병,9
일반,9
이놈들,9
인자는,9
이랴,9
내보내,9
내일까지,9
인물,9
인도,9
네게,9
이후로,9
내캉,9
너무나,9
이왕이면,9
낳을,9
낳고,9
누구의,9
원하는,9
나와라,9
우짠,9
운명을,9
운이,9
있네요,9
웃어,9
있겠지,9
원이,9
남이,9
은,9
있거라,9
남자는,9
입이,9
남자들이,9
유일한,9
일할,9
윤애,9
누구한테,9
데는,9
연희야,9
연락을,9
주에,9
암을,9
앞으로는,9
준석이,9
애들을,9
준다고,9
그녀의,9
애야,9
야단이야,9
딸을,9
따위,9
그대의,9
죽었습니다,9
죽어라,9
얘기하고,9
그라노,9
그래라,9
얜,9
들어와요,9
주요,9
중국,9
귀여운,9
중이,9
안협집,9
아지메요,9
진지,9
마을을,9
아프게,9
악마,9
악착같이,9
안다고,9
마무리,9
지내고,9
알겠어,9
지난번에,9
마라톤,9
구할,9
라고,9
않았습니까,9
뛸,9
않으세요,9
똥,9
주오,9
어때서,9
김종배,9
그러네,9
동지,9
없어도,9
동식,9
기다릴,9
없죠,9
정말이에요,9
기억나,9
기영아,9
에유,9
돌아가면,9
전화가,9
도와줘,9
여덟,9
길은,9
도무지,9
여편네를,9
김은주,9
저희들이,9
데로,9
금지,9
금메달,9
됐나,9
좋았어,9
어떡할,9
들어가는,9
어떻소,9
듣는,9
든,9
어마,9
목숨이,9
그렇다,9
두면,9
젠장,9
억수로,9
되잖아요,9
언제든지,9
조센징,9
됐으니,9
됐소,9
글을,9
업혀,9
드려,9
마을,9
사랑합니다,9
살지,9
삼보,9
삼촌이,9
홀로,9
하시고,9
검사,9
소리는,9
소리냐,9
펴고,9
무대,9
하셨어요,9
법,9
편집,9
상우가,9
하면은,9
미워서,9
평생을,9
미안한데,9
빨간,9
밤이면,9
벌어서,9
살이,9
해보세요,9
산을,9
뿐이지,9
발로,9
뿐,9
살라고,9
후라이,9
같으니라고,9
해주고,9
같으니라구,9
2차,9
살면서,9
살아서,9
효과,9
소주,9
해줘,9
못했어,9
봅니다,9
비를,9
못하면,9
하라,9
생각하지,9
헌,9
가라고,9
선영이,9
하다가,9
하겠어,9
거니,9
하늘,9
하는지,9
헤에에,9
부탁을,9
하느냐,9
걱정은,9
생활에,9
부인이,9
뭐가요,9
뭍으로,9
봤을,9
형부,9
했더니,9
설진영,9
했소,9
미술,9
푸른,9
번을,9
했을,9
걸려,9
프로,9
미래를,9
봤냐,9
불쌍해서,9
피고,9
거기다,9
형사,9
건데요,9
묵고,9
배우,9
분해,9
속을,9
서울에서,9
반갑습니다,9
특별히,9
트라스크,9
바둑,9
몰랐어,9
반지하,9
바퀴,9
학교에서,9
보낼,9
한을,9
사랑으로,9
보라구,9
박사,9
송정연,9
겨울,9
게야,9
수업아,9
값,9
바꿀,9
수고하십니다,9
병을,9
갔냐,9
것이요,9
받으러,9
힘으로,9
수고했다,9
할게요,9
하라니까,8
구해,8
라디오,8
그치만,8
가슴에,8
행크,8
오지마,8
조용한,8
않지만,8
않는다,8
정종석,8
한수,8
자체가,8
조영자,8
가면서,8
극장,8
마구,8
끄는,8
생각하니,8
하라는,8
국민학교,8
오십쇼,8
밖엔,8
되지만,8
오빠도,8
불합격,8
즉시,8
뛰는,8
새우,8
미니보이,8
알겠나,8
졸라,8
않았나,8
뜨거,8
뭔데요,8
끝에,8
갈거야,8
언젠가는,8
했어야,8
군대,8
불을,8
거길,8
자유,8
주목,8
동호야,8
왔니,8
나는야,8
한테,8
버리지,8
가드라고,8
업히세요,8
마음의,8
되겠네,8
혀라,8
생일,8
됐죠,8
진짜로,8
마자,8
거면,8
지킬,8
뭐라고요,8
뭐니,8
엄청,8
아이를,8
버린,8
자거라,8
다니면,8
아으,8
서서,8
괜한,8
가능한,8
거울에,8
부탁해요,8
아하,8
허긴,8
지랄이,8
사바하,8
뭐혀,8
지냈어,8
방으로,8
안쪽,8
근무,8
마부의,8
달려,8
나까지,8
지도원,8
됐구나,8
자슥,8
올라와,8
단단히,8
없군요,8
구석에,8
달님에게,8
하다,8
헐,8
구룡이가,8
생겼어,8
북,8
안가,8
나눠,8
얼씨구,8
단순히,8
답답해,8
오드리,8
사이공,8
오디션,8
살려줘,8
사다,8
데도,8
죽겠어요,8
사또,8
저절로,8
죽도록,8
그딴,8
김철,8
학생이,8
죄다,8
점이,8
사또께서,8
어서요,8
민아야,8
살아있는,8
기운,8
하아,8
좋지만,8
그들의,8
살자,8
저번에,8
열차가,8
각본,8
빨갱이,8
약이,8
염부가,8
연극,8
사는데,8
그런다,8
주로,8
바,8
듣지,8
독립,8
학교는,8
여기예요,8
받으면,8
주마,8
어떤가,8
어떡합니까,8
해봐라,8
어떡하면,8
어떠세요,8
사내,8
연구,8
어따,8
김에,8
적의,8
살다가,8
들어오고,8
해순이가,8
덴,8
돈이나,8
가운데,8
어둠,8
같기도,8
살려요,8
따,8
약속해,8
저래,8
미안하지만,8
암시랑도,8
귀한,8
하모,8
방에서,8
그야말로,8
중대장님,8
떠나면,8
떠나야,8
비슷한,8
거거든,8
잡은,8
알았소,8
대대장님,8
한대,8
했다는,8
그죠,8
알았냐,8
알았나,8
중으로,8
비밀을,8
잡았어,8
대답,8
기획,8
줘라,8
알리지,8
없었던,8
꿀,8
줄래,8
그대는,8
예쁘다,8
어이고,8
가실,8
하시지,8
갔다가,8
땅에,8
빠지게,8
저걸,8
땅을,8
애미가,8
애미,8
받기,8
예뻐,8
어째서,8
압니다,8
동무들은,8
집안에,8
그기,8
그곳에서,8
그림,8
테지,8
했는지,8
없을까요,8
사람만,8
사람에게,8
땜시,8
앞,8
했는디,8
이어,8
다녀오세요,8
심각한,8
걸린,8
먹기,8
복수를,8
일주일,8
싶었던,8
일입니다,8
무거워,8
일일이,8
고객님,8
화장실,8
은가락지,8
5월,8
소문,8
먹게,8
누구예요,8
멈춰,8
음식,8
일이라고,8
일이다,8
멋쟁이,8
싫소,8
환자,8
황군의,8
소원을,8
회사에서,8
최소한,8
편한,8
낮에,8
추운,8
있거든요,8
플리즈,8
맞네,8
있겠죠,8
눌러,8
맞습니다,8
워째,8
눈치가,8
눈치,8
있겠습니다,8
있겠니,8
월급,8
가기로,8
눈물이,8
본데,8
입주권을,8
호외,8
쓰면,8
입으로,8
처지가,8
세상을,8
썩은,8
고맙소,8
머리도,8
범인은,8
위험해,8
머리에,8
의해,8
보오,8
무조건,8
병장님,8
모르겠는데,8
14년,8
손은,8
노래가,8
틀렸어,8
쇼,8
이름도,8
인간을,8
병원으로,8
결혼하면,8
수고했어,8
넘어,8
13번,8
것인디,8
모양이에요,8
탈,8
택시,8
너희들의,8
터져,8
이상하게,8
너가,8
너희들을,8
결국은,8
보내는,8
숙이,8
이시다,8
이러한,8
파도,8
효자,8
출장소,8
이거는,8
일어날,8
춘삼이,8
속상해,8
계실,8
계시지,8
신문,8
춘향이를,8
놓을,8
출장,8
것이니,8
신고,8
춤,8
1년,8
일어나라,8
이곳,8
내다,8
경찰이,8
높습니다,8
일루와,8
내려놔,8
내를,8
친한,8
이라노,8
손가락,8
시에,8
봤니,8
먹을까,8
아니겠지,8
우리끼리,8
느이,8
공부는,8
날씨,8
번씩,8
하겠어요,8
문도야,8
남,8
차마,8
차리고,8
나왔습니다,8
형님을,8
하나둘셋넷,8
아니라니까,8
부끄러워,8
우와,8
니아신을,8
선생님한테,8
우리들,8
물도,8
쪼까,8
선수들이,8
만원,8
봤지,8
쪽에,8
말아야지,8
뵐,8
쪽에서,8
나타난,8
선물,8
집이야,8
선을,8
느낌,8
아르바이트,8
요들레이히,8
걱정을,8
요즘은,8
나여,8
형님은,8
요렇게,8
많으니까,8
부르고,8
말한,8
요리,8
울긴,8
과장이,8
아빤,8
짓은,8
말하자면,8
아빠는,8
도련님이,7
돌격해라,7
이따가,7
내리는,7
도리가,7
여기다,7
부르지,7
보아도,7
내리면,7
가지고는,7
점순이,7
놓으란,7
돌봐,7
요샌,7
현대,7
점은,7
일어나는,7
왔다가,7
내면,7
인생의,7
여자하고,7
길준이,7
보시오,7
가정을,7
내리네,7
사건에,7
여러분의,7
보십시오,7
자네는,7
전쟁,7
사건은,7
내도,7
1학년,7
힘도,7
전차,7
전엔,7
이내,7
내라,7
놈하고,7
전에는,7
이곳에,7
나라가,7
흔들어,7
해서요,7
혁수,7
놀고,7
일생을,7
이동무,7
내야,7
정말이냐,7
보름,7
왔으면,7
힘들지,7
다니면서,7
보고만,7
사람처럼,7
정희를,7
동정심,7
보겠습니다,7
기다렸어요,7
자구,7
없습니까,7
왔을,7
사람이에요,7
이번에도,7
간지러워,7
있잖니,7
이사,7
이사를,7
돼도,7
사랑의,7
너처럼,7
너야,7
갈아,7
젤,7
다니고,7
외로운,7
이상해요,7
됐고,7
이유를,7
다녀오겠습니다,7
나오고,7
이상의,7
왜이래,7
박씨,7
이후,7
보니께,7
돌아가신,7
할머니한테,7
정보를,7
정보가,7
왔던,7
받게,7
엉터리,7
나라,7
엎드려,7
현상,7
왔다고,7
있자,7
돌았나,7
병에,7
사라져,7
부처가,7
인민군이,7
힘들,7
정성이,7
왔소,7
내일이면,7
넣으면,7
님은,7
인간은,7
네놈이,7
다를,7
기다리지,7
동부,7
정식으로,7
보드라고,7
동무를,7
없으세요,7
부인을,7
노는,7
보라야,7
자네를,7
일어나요,7
버틸,7
볼트,7
났는데,7
났나,7
날도,7
혹시라도,7
잡을,7
답이,7
누나가,7
웬일이여,7
남자의,7
입어,7
입은,7
위인이,7
남자들은,7
비밀,7
늙어,7
났다,7
잃어버린,7
허나,7
가시나,7
허리,7
날더러,7
오기,7
가냐,7
대일본,7
나같은,7
오겠습니다,7
일하고,7
대좌,7
배운,7
일전에,7
난실,7
위대한,7
남기지,7
재미가,7
느낄,7
잘못했어요,7
잘못했어,7
형수가,7
남들,7
가난한,7
잘못했다고,7
배는,7
느려터진,7
오시면,7
남들은,7
남산리,7
오시죠,7
행복한,7
형사님,7
잘하고,7
행복해,7
당연하지,7
가보겠습니다,7
잘했다,7
잔뜩,7
워디,7
대가리,7
오백,7
남았습니다,7
봤습니다,7
끝장이야,7
행운도,7
가긴,7
형제가,7
비겁한,7
가그라,7
대통령님,7
대표,7
뽕을,7
늦지,7
놔둬라,7
연합군이,7
부터,7
밤마다,7
해줄게,7
빨래를,7
의사들은,7
김혜경,7
의료,7
저어,7
누구는,7
빨라,7
옳은,7
저번,7
있었으면,7
저지른,7
빨치산의,7
부대,7
오십,7
와도,7
밟아,7
다행히,7
나옵니다,7
있으믄,7
일어나세요,7
있으세요,7
헬프,7
저희도,7
바에야,7
해야죠,7
가유,7
자세히,7
까마귀,7
뵙겠습니다,7
빌,7
빚,7
빌어,7
영희가,7
대행,7
쟈가,7
부를,7
재판,7
있었구나,7
일인데,7
옆집,7
대한민국,7
예끼,7
우리와,7
가시지,7
영호,7
보호자,7
6년,7
빠른,7
늦어서,7
영원한,7
은미,7
베이스,7
깜짝,7
해줘요,7
영사님,7
해줘야,7
일이여,7
영군님,7
저랑,7
보자고,7
나처럼,7
자라고,7
겨울이,7
엄마하구,7
만나는,7
물어봐,7
물에,7
하나로,7
집에만,7
괜찮으세요,7
아시면,7
만들어서,7
서울서,7
거에요,7
만나자고,7
아이고매,7
아이구야,7
건달,7
거시기,7
서방님이,7
아임,7
막혀,7
막을,7
괴롭히지,7
질,7
서로가,7
서너,7
아직까지,7
하노,7
관한,7
아부지예,7
관심을,7
짓이여,7
아니라요,7
말인지,7
아니었어,7
공부도,7
건강,7
차돌아,7
말여,7
말없이,7
건가요,7
하겠다는,7
하겠소,7
공주,7
선수는,7
짠,7
짝이,7
말라는,7
선생님을,7
말라,7
말대로,7
짜식이,7
문화적인,7
하고는,7
많지,7
진작에,7
아파요,7
아파트는,7
띄워,7
미군,7
않았다,7
거기까지,7
않았을,7
뚫어,7
하루만,7
똥끼,7
새벽,7
미래의,7
않지,7
똑같이,7
줬어,7
알기나,7
알긴,7
미안하게,7
알아보고,7
중입니다,7
새끼를,7
새끼들이,7
떡,7
하며,7
알았죠,7
땡큐,7
뜨고,7
않니,7
뭐하냐,7
지금의,7
이왕,7
교육,7
악기,7
지을,7
생겼어요,7
구름,7
지랄이야,7
안된다,7
지랄,7
구실,7
구실을,7
안해,7
마리가,7
하더라,7
지낼,7
생각하십니까,7
앉지,7
않겠나,7
않겠습니다,7
지나가는,7
하란,7
않기로,7
뭣이여,7
아니니까,7
무척,7
미쳐,7
시킬,7
모르는데,7
커녕,7
시끄러워,7
시끄럽다,7
시시한,7
속히,7
모금만,7
몇이나,7
친구도,7
경우는,7
것이며,7
경찰은,7
아니고요,7
치료는,7
식구들,7
계산,7
충근이,7
식사는,7
춥지,7
신문에,7
신의,7
소품,7
신혼,7
축하,7
몸에서,7
결혼해,7
쇼를,7
몰랐어요,7
견딜,7
목,7
수현아,7
테니께,7
모처럼,7
결과를,7
테냐,7
토마토,7
모여서,7
수업이,7
수술,7
퇴학,7
투,7
수를,7
쉬는,7
트라스크를,7
모실,7
키,7
쉿,7
게지,7
스님은,7
모셔,7
게임,7
것이고,7
면회,7
실수를,7
처음엔,7
처박혀,7
쓰레기,7
매달,7
찾지,7
폭격,7
매,7
폼,7
표,7
찾아서,7
고통을,7
무섭지,7
고향,7
창을,7
아가씨는,7
성함이,7
아까부터,7
성을,7
참나,7
피곤해,7
피를,7
맘이,7
피부가,7
차차,7
고생을,7
세상은,7
것에,7
쏴,7
며칠만,7
소용이,7
계약을,7
멋진,7
싫어서,7
소문을,7
총무부,7
팔지,7
패스,7
소리요,7
심한,7
먹일,7
싶다는,7
초콜릿,7
소리에,7
퍼뜩퍼뜩,7
걸을,7
걸릴,7
세월에,7
세월,7
천황폐하,7
쌀이,7
쏠,7
상황,7
지키겠습니다,7
좋소,7
언니를,7
한두,7
억지로,7
들어올,7
그랬더니,7
학이,7
따르는,7
죽음을,7
삶을,7
어디라고,7
언니는,7
들어오는,7
드리는,7
갖게,7
때나,7
그니까,7
산다,7
그놈이,7
그년이,7
들어봐,7
죽인다,7
되죠,7
땅의,7
미칠,7
한바탕,7
드린,7
학교를,7
약속한,7
강릉,7
두는,7
그들,7
죽는다는,7
사정을,7
사정이,7
얘기한,7
그렇습니까,7
어쩌고,7
죽겠네,7
하오,7
하여간,7
살아온,7
죽어야,7
두어,7
죽었다,7
그들을,7
어쩐지,7
양반의,7
들었나,7
등에,7
그렇소,7
죽었을,7
들어가게,7
두세요,7
좋잖아,7
얄카,7
좋죠,7
주려고,7
하자는,7
조사해,7
조카,7
감자가,7
어딨냐,7
때면,7
준비를,7
어떡하냐,7
어떡하나,7
사실대로,7
주면서,7
한술,7
어떠한,7
밑에서,7
때만,7
들라,7
삼천리,7
상길,7
그러슈,7
근처에,7
조금씩,7
앞을,7
드시죠,7
사러,7
족보를,7
밑으로,7
때리고,7
애미를,7
감고,7
그러다가,7
준다,7
주시기,7
상병님,7
미친놈,7
어린애,7
하셨네,7
4시,6
56만원,6
일이에요,6
정도의,6
고형사님,6
고형사,6
걸까,6
프로그램을,6
그러믄요,6
해보자,6
팔자야,6
것과,6
팔자를,6
프로그램,6
주믄,6
낱낱이,6
일이란,6
남원,6
처,6
할아버지가,6
갔습니다,6
그렇게는,6
철,6
전화해,6
가족이,6
포기,6
4번,6
가지로,6
고마웠어요,6
천만에,6
평화,6
그런다고,6
고운,6
기차,6
주라,6
절름발이,6
철수,6
학교도,6
8시,6
전학,6
갔지,6
총독부,6
총독,6
있겠소,6
기자,6
강요할,6
쳐서,6
찾으면,6
청춘도,6
그렇구나,6
걸음,6
표정,6
강제로,6
주리,6
걸렸어,6
팍,6
팔아요,6
조심하고,6
결혼하지,6
크리스마스,6
제기랄,6
긍께,6
힘들게,6
결혼한,6
기관총,6
인간적인,6
틀려,6
존,6
내일이,6
존나,6
정호,6
틀림없는,6
켜,6
경례,6
한성현,6
인민의,6
캐나다,6
제길,6
갈까요,6
힘내,6
조선인,6
12월,6
결과는,6
감기,6
조금도,6
제작부장,6
조난실이,6
터졌어요,6
조만간,6
글짓기,6
결혼식,6
통해서,6
금고,6
낸다,6
이지수,6
내한테,6
힘들었던,6
제법,6
투쟁을,6
튀어,6
경민이,6
히다카,6
3일,6
계란들,6
내년,6
취급,6
한동안,6
정신과,6
후퇴는,6
후배,6
계시니까,6
좋겠어요,6
춘향이가,6
판에,6
좋긴,6
그림을,6
그린,6
좋아하세요,6
간단한,6
갔는지,6
정보,6
최고야,6
내기를,6
계시고,6
간단해,6
인연을,6
경치,6
칸,6
그쵸,6
침,6
종로,6
칠십,6
경성,6
파실,6
그쪽,6
일년,6
내려온,6
정이,6
치지,6
정을,6
휴전이,6
치워요,6
파티를,6
치워라,6
1차,6
정연,6
해볼까,6
그거이,6
남아서,6
지난번,6
자식은,6
가만있자,6
나게,6
저년이,6
저년을,6
허어,6
자신을,6
나갔어요,6
깨끗하게,6
허기사,6
하다니,6
했구나,6
지나면,6
나가야,6
죽자,6
작전을,6
가면은,6
끼,6
개뿔,6
지나,6
하더니,6
자식들이,6
거라구,6
조그만,6
자동차,6
진심으로,6
거라,6
교수님이,6
죽으라고,6
직원들이,6
지하,6
까불지,6
저러고,6
자리로,6
하신,6
헤어져,6
하늘로,6
교육을,6
하십시오,6
험한,6
개를,6
자수를,6
죽을지도,6
지면,6
꺾어,6
지금이라도,6
쟨,6
꿈자리가,6
재밌는,6
가시게,6
궁금한,6
개인,6
줘야겠어,6
하셨죠,6
줘봐,6
귀가,6
잡는,6
했단,6
군데,6
장소는,6
했니,6
귀에,6
꿈에도,6
장보람,6
귀엽게,6
장난전화,6
장난이,6
가시고,6
줬으면,6
즈그,6
가셨어,6
즉,6
군인,6
잘들,6
꼬마야,6
행동을,6
지경이,6
잘못했습니다,6
하시면,6
잘생겼어,6
준대,6
잘하는,6
재워,6
잘해라,6
거그가,6
하마,6
굿,6
끝났다,6
준비해,6
끝날,6
했네,6
나다,6
거라는,6
있군,6
있어봐,6
있더라도,6
난장이가,6
공부에,6
난실이,6
찍을게요,6
난리,6
공을,6
전기,6
공장,6
하형사님,6
있대요,6
하하하하,6
나타나면,6
김영,6
나이론,6
나이도,6
공주가,6
나이는,6
적을,6
적은,6
차거,6
난장이라고,6
죽었어요,6
전셋돈을,6
있긴,6
남부군,6
학교가,6
전에도,6
주실,6
건강한,6
강한,6
차린,6
주십쇼,6
날은,6
김씨,6
필요할,6
날에,6
형도,6
차례야,6
차려라,6
그랬으면,6
형님한테,6
개편,6
가을,6
적어도,6
나와봐,6
있으니까요,6
해주십시오,6
협회,6
저쪽으로,6
잊을,6
괜찮을,6
죽네,6
나보다,6
현장,6
짐작이,6
짐을,6
죽어가는,6
있으니께,6
가십시오,6
그따위,6
질질,6
자기를,6
질병,6
거북이,6
진희야,6
진짜야,6
진지하게,6
김종욱,6
하잖아,6
나비야,6
나에게,6
그랬냐,6
과거로,6
짜,6
그랬나,6
있을게,6
해야합니다,6
나온나,6
거짓말이야,6
하나님의,6
형님도,6
거울이,6
집합,6
관심,6
주제에,6
주희야,6
저희는,6
나오라,6
가오,6
죽,6
전동무,6
능력이,6
너하고,6
안협댁,6
뚝,6
않았소,6
뜬,6
라는,6
않다고,6
않는데요,6
레드,6
마디,6
마사키라고,6
알다시피,6
마셔요,6
마셨어요,6
마시자,6
마실,6
안길,6
마요,6
아홉,6
마을에서,6
알겠지,6
알려,6
마음도,6
때론,6
양말,6
얌전히,6
따뜻한,6
따라가,6
딸린,6
애초에,6
땅에서,6
땅이,6
애들한테,6
알아봐,6
때린,6
애들도,6
때문이야,6
암튼,6
암이,6
떠나고,6
떨고,6
떨어지면,6
아파서,6
마음씨,6
얘기하는,6
맞았어,6
아닌데요,6
말았어,6
아니지만은,6
아니죠,6
아니우,6
말이시,6
아니란다,6
말자,6
씻고,6
말씀하세요,6
씨도,6
맡기고,6
매년,6
쓰세요,6
매번,6
싸우는,6
싸고,6
먹나,6
아닌지,6
말씀입니다,6
아줌마들,6
아버지처럼,6
아줌마가,6
아줌니,6
막혀서,6
아야,6
아빠랑,6
만성,6
아부지가,6
만일,6
아버지의,6
아들도,6
만종이,6
많고,6
아버지께서,6
많은데,6
아무에게도,6
아무렴,6
아무렇지도,6
말란,6
들키지,6
얘기하자,6
대해선,6
에라,6
도와줄,6
도와줘요,6
독한,6
여기를,6
여기로,6
돌아가는,6
에미가,6
돌아가요,6
돌연변이가,6
여자랑,6
동네에,6
동무들의,6
없었을,6
없었습니다,6
없어지고,6
동안이나,6
없던,6
없다니까,6
도망가는,6
여자로,6
없구,6
더요,6
영흰,6
영희,6
댁에서,6
댁이,6
영영,6
영양소가,6
영수가,6
영감,6
더워,6
델고,6
열이,6
연방,6
연락해,6
연락도,6
데리구,6
여행,6
여편네는,6
여쭈어라,6
없나요,6
없겠지,6
얘기하지,6
들어가야,6
드럼,6
드려요,6
어머니는,6
어림도,6
듣게,6
어떻고,6
들리나,6
들립니까,6
들어라,6
뒷간에,6
어딘데,6
어디든지,6
들어오면,6
어둡고,6
어느새,6
얘긴데,6
들여다,6
얘기할,6
드는,6
뒤를,6
없겠죠,6
되라고,6
됐냐,6
엄마하고,6
됐단,6
됐을까,6
얼매나,6
얼만데,6
되긴,6
얼래,6
되세요,6
어제는,6
되신,6
언제쯤,6
되야,6
된다니까,6
된대요,6
두수씨가,6
어쩌지,6
둘이서,6
싶진,6
먹었니,6
먹었다,6
사요,6
밀지,6
사흘,6
사회에,6
사진을,6
사지,6
사줘,6
사주고,6
바다에서,6
사실이,6
살려내,6
사모님이,6
사망,6
사랑해요,6
사랑이야,6
박은,6
사람입니다,6
사람이라고,6
반응이,6
믿는다,6
살림을,6
사람과,6
생겼구나,6
묻지,6
물건이,6
선사해,6
물고,6
선물을,6
서류,6
뭐래,6
생길,6
생각했다,6
민호야,6
생각하세요,6
생각지,6
새삼스럽게,6
미인이,6
상당히,6
상놈의,6
미희야,6
민석이,6
사람들도,6
받았어요,6
먹었으면,6
보여주세요,6
봤는데요,6
번이나,6
벌거벗고,6
봉투,6
봄이,6
보지도,6
보인다고,6
변하는,6
보여요,6
봤으니까,6
별일,6
보아,6
보시면,6
병사들은,6
보상을,6
보면은,6
보다는,6
보고지고,6
봤더니,6
봤자,6
사건을,6
배를,6
뻥,6
발이,6
빨리들,6
빠짐없이,6
빛나는,6
비타민이,6
밭에,6
불어,6
불고,6
뵙고,6
배우고,6
분의,6
분들,6
버려야,6
부탁한다,6
버렸어,6
부처는,6
부르셨습니까,6
묻고,6
문턱이,6
선수를,6
시상대로,6
시집을,6
시집갈,6
시절,6
시장에,6
시작합니다,6
시작하면,6
시원해,6
시원하게,6
모레,6
시켜서,6
시를,6
모르게,6
모르겠네,6
모르죠,6
슬픈,6
모셔다,6
스나이더,6
쉽지,6
명희를,6
식당,6
선수의,6
메시지를,6
먹었지,6
먹으랴느냐,6
싶냐,6
심하게,6
싫어하는,6
싫다고,6
메리,6
싫나,6
실장,6
명옥이,6
실을,6
실례했습니다,6
신혼여행,6
명도,6
명색이,6
명숙이,6
명숙이가,6
명예롭게,6
모양으로,6
모양이지,6
술은,6
무명,6
무거운,6
소린,6
소리만,6
무당,6
소,6
무대감독,6
무대에,6
무를,6
무서워서,6
순임이,6
세게,6
성훈아,6
무신,6
성냥팔이,6
무지,6
무카이,6
설희,6
설계한,6
묘한,6
10분,6
소식은,6
못혀,6
순순히,6
모자,6
목소리가,6
수영,6
목이,6
수야,6
몰랐습니다,6
수고했어요,6
수고하셨습니다,6
몹시,6
못난,6
손님은,6
속일,6
속으로,6
못해요,6
소주동무,6
소원,6
옆,6
10년,6
누에,6
웬일이십니까,6
네네,6
우리들은,6
은희,6
누구여,6
대단한,6
논,6
답답한,6
넘어갈,6
누구랑,6
놀랠,6
우리들을,6
이번에는,6
다리를,6
왔다갔다,6
음식이,6
원작,6
오니라,6
누구라고,6
놈들은,6
올게요,6
넘겨,6
음악을,6
우리랑,6
워매,6
우리야,6
누구나,6
너희에게,6
이까짓,6
웃을,6
웬일이냐,6
이리로,6
이광민이,6
오른쪽,6
노릇,6
유전자,6
이러시면,6
유봉이,6
요구하는,6
유기농,6
유,6
요게,6
육로로,6
용돈,6
으,6
당신한테,6
니미,6
니를,6
으아,6
외박,6
다니니,6
위치,6
누군,6
눈만,6
우,6
당하고,6
당,6
이래서,6
오믄,6
눈물,6
대관절,6
왔죠,6
녀석들,6
달라는,6
오뎅,6
대답도,6
의하면,6
울보,6
왔구나,6
놓는,6
능력,6
옮겨,6
오긴,6
우상귀,6
늙어서,6
대전,6
놔두고,6
이상하네,6
우연도,6
달걀,6
너희는,6
놓치지,6
옛다,6
우짜겠노,6
이걸로,6
옷도,6
너한텐,6
옷이,6
운전,6
운동을,6
이것들,6
운명은,6
와야지,6
이십,6
우리한테,6
당신들이,6
높이,6
웃고,6
대답해,6
달고,6
움파,6
웃겨,6
이쁘다,6
생각이야,5
서울까지,5
생각하나,5
무섭게,5
폭탄,5
무섭고,5
세계를,5
세계로,5
서부경찰서,5
거꾸로,5
뭘요,5
으응,5
무수한,5
하도록,5
푹푹,5
뭍에,5
일일랑,5
걸고,5
무얼,5
서울을,5
포,5
하는군요,5
폐를,5
의미,5
걸쳐,5
뭐유,5
소리나,5
의사는,5
편안하게,5
걸지,5
편의점,5
뭐랄까,5
편이,5
유학,5
미래는,5
미국의,5
놨으니까,5
생사람,5
소녀,5
일찍이,5
센티넬이,5
센티넬,5
낮은,5
미국에서,5
평균,5
무려,5
일주일에,5
선뜻,5
성한,5
거냐고,5
일이라면,5
거네,5
문열어,5
생겼지,5
선택을,5
거니까요,5
생기고,5
걱정이나,5
생기는,5
하겠다,5
뭐하니,5
선수들은,5
하구요,5
문제입니다,5
일이니,5
문제지,5
생명을,5
일이라도,5
거짓말이었어,5
하는구만,5
무너지는,5
선생님께,5
걱정도,5
설렁탕,5
건강을,5
필요하다고,5
필요도,5
성이,5
성우,5
무엇보다도,5
선배가,5
건들지,5
하더라도,5
뭐해요,5
생각해봐,5
무작정,5
으이그,5
성냥,5
으휴,5
일어난,5
생식,5
피터,5
피할,5
성격이,5
생명의,5
하는가,5
은혜를,5
하는게,5
생각했어,5
대하여,5
유치원에,5
있구나,5
시까지,5
커다란,5
커,5
웃으면서,5
웃긴다,5
경사,5
웃긴,5
시계가,5
시원한,5
카드,5
있군요,5
남들처럼,5
친구야,5
경수야,5
남았다,5
모르겠소,5
느그집,5
크다,5
원체,5
쉬지,5
클럽,5
슈퍼,5
모습은,5
원인은,5
원수를,5
모르니까,5
스타일,5
슬퍼하지,5
원만,5
시간도,5
콜라,5
코치,5
경우가,5
있냐고,5
퍼,5
신령님께,5
식사나,5
남대문,5
신,5
운전수,5
신경을,5
남겨,5
출,5
있느냐,5
춘향일,5
신령님이,5
명령,5
신세가,5
날짜가,5
춘자야,5
계시냐,5
명옥이란,5
시체가,5
시험을,5
경우에,5
울면,5
시키면,5
치워,5
치료에,5
명의,5
식구,5
취직을,5
명은,5
식구들이,5
계를,5
있노,5
취했어,5
취해,5
쉬면,5
결혼하고,5
쉬,5
수고들,5
손대지,5
하루종일,5
눈깔,5
손이,5
송정란,5
몰러,5
수고하세요,5
누난,5
입원한,5
트럭이,5
위치로,5
수남아,5
몰라유,5
목표는,5
못된,5
속절없이,5
모양이구나,5
팔아야,5
일해,5
낭군,5
났어요,5
겁이,5
유명한,5
소염기,5
소주동무가,5
파스,5
못했다,5
못했는데,5
납니다,5
위험합니다,5
속은,5
위해서라도,5
목적이,5
퇴직금,5
목적은,5
탓이에요,5
탱크,5
술만,5
태어날,5
눈은,5
태석아,5
있겠는가,5
모양이죠,5
겠어요,5
탄다,5
탄,5
술집,5
타요,5
타오르는,5
타라,5
탱크를,5
순철이가,5
순진한,5
모이라고,5
턱이,5
눈에는,5
숙이네,5
테다,5
수청,5
테면,5
수천,5
입장,5
텐데요,5
토끼,5
수연인,5
수연이가,5
위로,5
새를,5
미친년아,5
미래에서,5
가다,5
버티고,5
부처,5
현,5
가다가,5
부처님이,5
부처의,5
부친,5
넘어졌습니다,5
가뜩이나,5
내쫓아,5
인간들이,5
헤어질,5
부회장님,5
북쪽으로,5
버려라,5
현장에서,5
현재의,5
분명,5
부리는,5
번에,5
내쫓아야,5
봤다,5
이카십니꺼,5
형부가,5
번씩이나,5
형무소,5
이틀,5
이해,5
봤잖아,5
이해할,5
번번이,5
가느냐,5
가는지,5
부른,5
헌다,5
밴드가,5
새끼는,5
불쌍혀,5
했잖여,5
인기,5
가봐요,5
붉은,5
가사,5
했었지,5
배꼽,5
붙여,5
붙은,5
붙잡고,5
노랑머리,5
방은,5
비도,5
비린내가,5
비빔밥,5
가보세요,5
가버린,5
백화점은,5
불만,5
허지,5
분이에요,5
분자,5
분장,5
허고,5
분하고,5
불가능한,5
내일이라도,5
가믄,5
햐,5
불놀이야,5
이름으로,5
불러서,5
불러주세요,5
가방을,5
가까운,5
번호,5
형의,5
이정애,5
훌쩍,5
너까지,5
20년,5
후퇴하라,5
보아라,5
28일,5
후반,5
후로,5
냉큼,5
보여주고,5
낸들,5
보이,5
보이나,5
회사에,5
회사는,5
1킬로에,5
이장,5
이쯤,5
흘리고,5
보내고,5
보내서,5
보내주세요,5
힘들어도,5
보겠네,5
너보다,5
보래,5
병원비,5
병신이,5
15일,5
보믄,5
희숙,5
희망을,5
보살님,5
1월,5
3월,5
회,5
변호사,5
황군은,5
홀에,5
복남이,5
본다고,5
가가,5
혼을,5
범인,5
볼까요,5
호이안,5
호외예요,5
벌을,5
호,5
이쪽은,5
벌써부터,5
벌려서,5
벌고,5
7월,5
7시,5
법적으로,5
이쁘다고,5
황경민,5
보이는데,5
환장을,5
이쁘지,5
40분,5
벽,5
확인하고,5
화장실에,5
4년,5
보일,5
벼락,5
벨벳,5
화풀이를,5
보증기간,5
비율이,5
방송국에,5
방사선,5
강력반,5
바다로,5
놈들아,5
학원,5
사진이,5
놈만,5
산골,5
산다는,5
바꾸는,5
산으로,5
살겠노,5
놈한테,5
살까,5
살다,5
밀어,5
같긴,5
내려와서,5
내로,5
이딴,5
한꺼번에,5
바람도,5
바란다,5
바라는,5
인한,5
감정,5
감찰반,5
사와,5
사이가,5
바닥에서,5
사인,5
놀다가,5
바다를,5
사장이,5
사줄게,5
갔을,5
이기는,5
같애요,5
믿는,5
살림,5
하시겠어요,5
하시겠습니까,5
하슈,5
상병,5
상사,5
미쳤니,5
하셔,5
상처를,5
걔가,5
걔는,5
이것으로,5
새가,5
하면서도,5
걘,5
미워,5
놓으라고,5
이것저것,5
신식,5
개로,5
믿기,5
갚아,5
하이구,5
살아도,5
개같은,5
민호,5
민지,5
삽니다,5
하얀,5
살짝,5
살펴,5
민석아,5
일부의,5
삼을,5
사사키,5
바로기제,5
이루어진,5
빨치산,5
빼면,5
뻘갱이,5
뽑아,5
발사,5
뽕이,5
뿌리를,5
가입시데이,5
뿐이다,5
발견된,5
해산,5
가자구,5
받으세요,5
가자는,5
인사나,5
사건의,5
가예,5
빨뿌리,5
감을,5
노르망디,5
비틀거릴,5
했는데요,5
가시는가,5
했노,5
방도,5
가시오,5
비행기를,5
노래는,5
핸드폰,5
가신,5
빠지는,5
밥값,5
인민,5
밤을,5
해줄까,5
사겠습니다,5
사고로,5
해를,5
사과를,5
노무,5
사람이었어,5
간호병,5
인연,5
노인네,5
사랑은,5
갈라,5
바칠,5
바르셀로나,5
이래도,5
한평생,5
한판,5
노인네가,5
한창,5
감독이,5
할머니를,5
반동,5
노릇을,5
인사하고,5
가족,5
해가지고,5
가족은,5
사나,5
가죠,5
사냐,5
인사해,5
사람들이야,5
각각,5
사람끼리,5
이러니,5
간다는,5
할아버지를,5
받는다,5
춘자,5
심장이,5
신장,5
그만한,5
오전,5
그보다,5
오이라,5
어찌된,5
될지,5
좋겠는데,5
그의,5
억울해,5
잔다,5
종이,5
그쪽으로,5
언니랑,5
언더그라운드,5
당신이야,5
끝내는,5
그만해요,5
그만들,5
오케,5
좋다는,5
오징어,5
나가게,5
좋은데요,5
뒤돌아,5
그를,5
좋으니까,5
뒈져라,5
어쨌거나,5
둬요,5
그리곤,5
어쩌나,5
어쩌냐,5
둬라,5
그만둬,5
당겨라,5
당신하고,5
되셨어요,5
잘도,5
얻읍시다,5
조난실의,5
오셨죠,5
엄니는,5
글,5
되겠소,5
오셨습니까,5
오셨는데요,5
졌다,5
업,5
오셨군요,5
오셔서,5
끝났어요,5
제일로,5
당연한,5
됐군요,5
오시는,5
얼마죠,5
얼마예요,5
되는디,5
조차,5
오시지,5
되든,5
조용,5
되다니,5
조심해서,5
얼굴이나,5
얼마야,5
끝내고,5
극장에,5
오시라고,5
되겠죠,5
되겠습니다,5
근사한,5
뒤져,5
작가,5
당장에,5
자식들아,5
그래서요,5
죽겠는데,5
얘도,5
그래야지,5
얘들,5
들어왔다,5
주책없이,5
그래유,5
달란,5
들어온다,5
온통,5
온대,5
온다는데,5
담가,5
들어도,5
들었습니다,5
그란데,5
그렇긴,5
죽기는,5
죽었으면,5
듭신다,5
양실장,5
양파가,5
들판,5
자세한,5
얘기야,5
얘기입니다,5
올해,5
얘기하면,5
올라가고,5
나냐,5
들으니,5
그때는,5
얘기해요,5
들어간,5
들어가지,5
온갖,5
주식,5
어린애를,5
답답해서,5
드시겠어요,5
드리지,5
주구,5
드리세요,5
주겠어,5
옥주가,5
그럴까요,5
드리면,5
드리리다,5
나가야지,5
죄도,5
드려라,5
죄는,5
듣거라,5
나간다,5
주먹으로,5
어떨까요,5
주시죠,5
그러는지,5
들어가십시오,5
주시는,5
들어가도,5
주시고,5
주스,5
그러죠,5
주슈,5
나갔다,5
옥희씨,5
그러자,5
어렵지,5
듣던,5
없군,5
제도해,5
죽었잖아,5
역사를,5
저희들은,5
오는구나,5
연기,5
잡히면,5
꿈에,5
김준식이다,5
대원,5
연애,5
데다가,5
연장,5
연희가,5
데나,5
저와,5
덕태,5
덕에,5
저희들을,5
대문,5
잡아올게,5
적당한,5
여성,5
여성의,5
전부가,5
김삼수는,5
김서방,5
도리를,5
잡아줘,5
전까지,5
잡았다,5
여자예요,5
도련님께서,5
도대체가,5
데이트,5
적도,5
오늘따라,5
열어줘,5
대원들은,5
저만,5
열흘,5
꺼야,5
예잇,5
댁,5
영화를,5
껴,5
재,5
쟤네들,5
꼬마,5
꼼짝도,5
예의를,5
예선,5
꼴도,5
옆에서,5
재주가,5
대학교수,5
꺼란,5
저그,5
대처,5
깎아,5
염병,5
대일본제국,5
영계,5
영광을,5
영군이,5
까짓,5
저놈이,5
깨끗한,5
장래를,5
댕기는,5
영양분을,5
저년,5
저녁은,5
장모,5
길인데,5
여보게,5
돼지,5
기도,5
동무와,5
동무들이,5
없인,5
대기,5
동경,5
돕고,5
기별이,5
정말이죠,5
돌연변이들이,5
기본,5
엊그제,5
기어이,5
잠시만,5
정리,5
에고,5
기록이,5
오른쪽으로,5
도망쳐,5
동생이,5
동현아,5
동해,5
동지요,5
오빠를,5
기다,5
없다면,5
기다려요,5
정확한,5
없도록,5
정치위원,5
당하는,5
기다리다,5
없어라우,5
정작,5
없었는데,5
정도면,5
에그,5
대나무,5
기운이,5
전화도,5
독소를,5
긴치,5
길동아,5
도적이야,5
전투에서,5
전투,5
오니까,5
여깄습니다,5
길러,5
잡아서,5
여러분께,5
여럿,5
전원이,5
길이에요,5
끄고,5
전화번호,5
전화할게,5
엔터테인먼트,5
끌어,5
점쟁이,5
돌아가시기,5
기준씨,5
오래오래,5
기준아,5
기집애,5
기회가,5
돌면,5
젊었을,5
절에,5
돌려줘,5
기철씨,5
돈까지,5
자빠졌네,5
그들에게,5
운명의,5
아니겠습니까,5
아니네,5
나정옥,5
아니란,5
말일세,5
말인데,5
늦었어요,5
말이라고,5
우리나라,5
말이고,5
아니잖아요,5
나을,5
차는,5
차고,5
늬들,5
차가,5
말해서,5
착하게,5
씨팔,5
맛있다,5
창피해서,5
있었고,5
창씨개명을,5
창,5
맞아도,5
맞는디,5
맞는데,5
아기,5
아까운,5
아내가,5
맞게,5
골치,5
찰칵,5
골치가,5
골키퍼,5
나왔다,5
말아라,5
찍은,5
찍으시는,5
아무런,5
짓지,5
용서하지,5
용서하세요,5
관둬,5
용서를,5
용서,5
용기를,5
집인데,5
용기,5
아버지한테,5
요전에,5
요새는,5
요법을,5
괘안타,5
말구요,5
말라구,5
말라니까,5
있었죠,5
공부하는,5
쭉쭉,5
아닌디,5
있었을,5
쫄딱,5
있었잖아,5
말씀이오,5
니들이,5
나왔네,5
쪼깨만,5
아들은,5
말순,5
짧은,5
말로는,5
찾게,5
찾기,5
만들지,5
싫지,5
재수가,5
십년,5
우야노,5
먹이면,5
있던데,5
쳐먹고,5
고거,5
먹었어요,5
있도록,5
청량리,5
싶었어요,5
고기가,5
먹습니다,5
고기를,5
철이를,5
심장병,5
싫은데,5
고향은,5
우영민,5
싣고,5
추억을,5
최형사,5
최종,5
운다고,5
날마다,5
최보라,5
최미정,5
실험을,5
최근,5
계십니다,5
날려,5
최고다,5
날라,5
촬영보,5
우리처럼,5
고래를,5
보기만,5
늦겠다,5
처녀,5
늦기,5
고아,5
고약한,5
채리,5
나팔,5
쓴다,5
찾은,5
맡겨,5
찾아와,5
찾아올,5
찾아야,5
늦었다,5
씨바,5
씨발새끼,5
처녀가,5
쓰러져,5
매형,5
천만에요,5
철민아,5
싸이클,5
머리카락,5
싼,5
쌈바,5
천왕폐하,5
썅,5
고모,5
고맙다고,5
맨,5
쏜다,5
쓰게,5
맥없이,5
처음에,5
있잖습니까,5
괜찮어,5
약주,5
알라,5
떼,5
귀,5
떨지,5
다음부턴,5
중인,5
떨어지는,5
중요합니다,5
다쳐야,5
떠돌이,5
떠나지,5
귀하의,5
떠나는,5
자니,5
암만해도,5
암은,5
다야,5
권투,5
나라에,5
다방에,5
나라를,5
굳게,5
않은가,5
굴러,5
증거를,5
않은데,5
않을거야,5
똑같아,5
알겠는데,5
또는,5
쥐고,5
알겠어요,5
다방,5
떼지,5
권동현입니다,5
그거야,5
줄만,5
줄려고,5
자도,5
앨범,5
그놈,5
죽이면,5
땀시,5
나는데,5
따를,5
단숨에,5
죽을래,5
따다,5
약속이,5
등을,5
죽였어,5
죽여야,5
죽여버릴거야,5
죽여버릴,5
그년,5
옷장,5
애미야,5
때문이,5
줄도,5
와이,5
줄게요,5
때문이에요,5
다쳤어,5
그곳엔,5
애기가,5
다카쿠라,5
그날까지,5
애기를,5
애들만,5
그냐,5
다쳤어요,5
와아,5
뛰듯,5
나란,5
아시고,5
마이소,5
마이,5
마음으로,5
나성에,5
나설,5
잊고,5
진실한,5
요것이,5
교수야,5
직장,5
아프다오,5
이유,5
지하야,5
아프지,5
아픈가,5
지키는,5
진주,5
마이크,5
라,5
요기,5
집안의,5
아시죠,5
아아들,5
요런,5
만났는데,5
만나자,5
만나보고,5
괴로운,5
질환,5
나오너라,5
막어,5
막상,5
질러,5
아저씨들,5
아주머니는,5
악한,5
마실래,5
안고,5
다니다가,5
마르티니크,5
나막,5
마당에,5
지나친,5
지나버린,5
않겠다구,5
지나고,5
자기는,5
라이트,5
라스트,5
않는가,5
않는다면,5
국대,5
다름이,5
국제,5
지내,5
앉아라,5
안협집이,5
지리산,5
지워,5
나밖에,5
왕이,5
안녕하셨어요,5
지산,5
마소,5
자격이,5
나만이,5
다닌,5
마셔봐,5
지랄을,5
안부,5
안승필,5
안주,5
지혜,5
