ngram,freq
היושב -- ראש,83586
העבודה -- מימד,36382
היו -- ר,30350
לסדר -- היום,23524
הלאומי -- ישראל,21605
הליכוד -- גשר,20533
בן -- גוריון,19489
ריבלין ( הליכוד,19268
יושב -- ראש,19069
תל -- אביב,19057
בארץ -- ישראל,18817
ארץ -- ישראל,17410
היושבת -- ראש,16675
היו -- ד,16314
תיכון ( הליכוד,14860
כל -- כך,12049
פינס -- פז,11987
בית -- הספר,11960
"זאב ( ש""ס",11578
גשר -- צומת,11177
אי -- אפשר,11161
בית -- המשפט,11023
אורון ( מרצ,10990
אי -- אמון,10488
גפני ( יהדות,9579
ברית -- המועצות,9376
קטן ( א,9235
ש -- ס,9125
"הלאומי -- מפד""ל",8923
נמנעים -- אין,8900
על -- ידי,8882
יולי -- יואל,8857
אחריו -- חבר,8842
בן -- מנחם,8743
חיל -- האוויר,8513
לארץ -- ישראל,8315
בארצות -- הברית,8011
"גוז'נסקי ( חד""ש",7939
הנדל ( האיחוד,7924
בדרך -- כלל,7830
ריבלין : תודה,7734
שטרית ( הליכוד,7725
"חד""ש -- תע""ל",7567
"ברכה ( חד""ש",7277
בתל -- אביב,7265
משא -- ומתן,7246
סער ( הליכוד,7186
זאבי ( מולדת,7183
פז ( העבודה,6793
בר -- און,6790
בסדר -- היום,6670
"חד""ש -- בל""ד",6668
ואחריו -- חבר,6580
"דהן ( ש""ס",6569
לשאול : 1,6555
עבד -- אלמאלכ,6541
בית -- הדין,6346
נגד -- אין,6238
ריבלין : חבר,6118
רמון ( העבודה,5854
ואחר -- כך,5842
פרוש ( יהדות,5757
ידי -- זה,5659
ארצות -- הברית,5600
מצא ( הליכוד,5458
מסדר -- היום,5456
שילנסקי : תודה,5360
ויינשטיין ( הליכוד,5334
בוים ( הליכוד,5196
בתי -- המשפט,5155
בבתי -- הספר,5135
הבין -- לאומי,5061
אריאל ( האיחוד,5056
סדר -- היום,5050
אלון ( האיחוד,5034
מאור ( מרצ,5034
וייס : חבר,4979
גולדשמידט ( העבודה,4951
האי -- אמון,4931
וייס : אני,4931
ה -- 20,4876
חוק -- יסוד,4873
על -- פי,4851
לבית -- המשפט,4819
מירום ( העבודה,4798
נחמן ( הליכוד,4652
"אורלב ( מפד""ל",4650
כהן ( העבודה,4641
צוקר ( מרצ,4617
התשע -- עשרה,4592
מארץ -- ישראל,4578
און ( הליכוד,4512
פועלי -- ציון,4497
כץ ( הליכוד,4470
השבע -- עשרה,4395
חד -- ש,4336
אדלשטיין : תודה,4323
סוף -- סוף,4301
ברוך -- הוא,4218
נמיר ( המערך,4200
קטן ( ב,4149
המשא -- ומתן,4127
"יהלום ( מפד""ל",4080
"כהן ( ש""ס",4073
וילן ( מרצ,4020
בתי -- הספר,3981
פורז ( מרצ,3930
לתל -- אביב,3920
קרא ( הליכוד,3904
תע -- ל,3887
איציק ( העבודה,3858
איתן ( הליכוד,3858
פולישוק -- בלוך,3856
הקדוש -- ברוך,3848
תיכון : חבר,3806
וייס : תודה,3779
אביב -- יפו,3774
בבית -- המשפט,3770
בית -- משפט,3710
עלי ( הליכוד,3657
תיכון : תודה,3641
עורך -- הדין,3639
גד ( מולדת,3624
לבנת ( הליכוד,3604
כהן ( התחיה,3601
ש -- תע,3591
שמאי ( הליכוד,3517
אלדד ( האיחוד,3505
בכל -- זאת,3503
ריבלין : אני,3494
אחר -- כך,3478
מגן ( הליכוד,3471
בבית -- הספר,3456
אבו -- מאזן,3418
ואף -- על,3411
עלי : תודה,3344
בית -- החולים,3339
עזרא ( הליכוד,3332
ליצמן ( יהדות,3327
לבית -- הספר,3282
בין -- לאומי,3272
פריצקי ( שינוי,3265
פי -- כן,3228
ליושב -- ראש,3226
המאה ה -20,3226
שילנסקי : חבר,3209
במשא -- ומתן,3148
זאב ( ש,3131
לנדאו ( הליכוד,3106
בורג ( העבודה,3096
בבית -- החולים,3060
שוחט ( העבודה,3023
אם -- כן,3021
אמיר ( המערך,3002
בורג : תודה,2987
גפני ( דגל,2985
שלגי ( שינוי,2974
שטייניץ ( הליכוד,2974
שילנסקי ( הליכוד,2956
שריד ( מרצ,2926
השמונה -- עשרה,2909
"בשארה ( בל""ד",2891
לאחר -- מכן,2885
כחלון : תודה,2875
סלמוביץ : תודה,2866
לבן -- גוריון,2855
עבד -- אלוהב,2851
ועל -- כן,2848
המאה ה -19,2842
אף -- על,2838
אביטל : תודה,2826
למשא -- ומתן,2806
מלחמת -- העולם,2804
כבל ( העבודה,2802
"טל ( ש""ס",2798
גלאון ( מרצ,2778
בית -- דין,2765
בתי -- הדין,2762
פסק -- הדין,2723
שלום ( הליכוד,2706
"סלים ( חד""ש",2695
כל -- פנים,2683
יסוד : כבוד,2681
בברית -- המועצות,2675
בן -- ששון,2657
השתים -- עשרה,2643
בתי -- ספר,2642
"ביבי ( מפד""ל",2630
יושבת -- ראש,2626
דיין ( העבודה,2591
כהן ( האיחוד,2583
"מחאמיד ( חד""ש",2581
הר -- הבית,2552
ריבלץ : תודה,2551
רביץ ( יהדות,2550
החמש -- עשרה,2550
קצב ( הליכוד,2519
חזן : חבר,2518
בר -- אילן,2508
שעל -- פי,2502
בבית -- הכנסת,2499
אחדות -- העבודה,2491
דורון ( שינוי,2490
לארצות -- הברית,2479
הלאומי ( תיקון,2477
טל : תודה,2456
הירשזון ( הליכוד,2455
הבין -- לאומית,2433
זיסמן ( העבודה,2429
עורכי -- הדין,2429
חרות -- התנועה,2411
אי -- השוויון,2410
מדינת -- ישראל,2404
ברכה ( חד,2403
"פורת ( מפד""ל",2398
מילוא ( הליכוד,2395
דהן : תודה,2387
ל ( ברכות,2374
לשנת הכספים 2004,2361
ואי -- אפשר,2351
הלל ( המערך,2351
בלוך ( שינוי,2350
על -- כל,2341
שאי -- אפשר,2336
אל -- אקצא,2314
מנע ( הליכוד,2305
בתי -- הסוהר,2303
בניו -- יורק,2302
הכנסת ) הצעת,2301
הכנסת : הצעת,2291
ביטון ( החזית,2282
חד -- משמעי,2280
ועל -- ידי,2272
השש -- עשרה,2264
טל ( עם,2245
אלול ( העבודה,2244
טריף ( העבודה,2242
שטרן ( האיחוד,2231
"דראושה ( מד""ע",2226
א ) לחוק,2217
בסך -- הכול,2197
אושעיה ( העבודה,2188
חזן : אני,2179
לפיד ( שינוי,2173
אחר -- הצהריים,2165
דברי -- הסבר,2164
בר -- לב,2163
חזן ( מרצ,2151
ובכל -- זאת,2146
לניו -- יורק,2117
בני -- הזוג,2114
מפד -- ל,2101
כהן ( מרצ,2098
"מרגי ( ש""ס",2090
יסוד : הממשלה,2088
משום -- מה,2078
שלוש -- עשרה,2071
קטן ( ג,2068
בית -- ספר,2067
עלי : חבר,2060
לחוק -- יסוד,2059
ברכה : תודה,2046
"קריאות : היו""ר",2043
בין -- לאומיים,2035
דיין : תודה,2032
ריבלץ : חבר,2030
יסוד : הכנסת,2029
הלפרט ( יהדות,2026
ההיי -- טק,2020
"טיבי ( חד""ש",2017
מברק ) שיחה,2013
ב ) לחוק,2013
סלמוביץ : חבר,2012
הישראלי -- פלסטיני,2007
הנגבי ( הליכוד,2004
פרץ ( עם,2003
חן ( שינוי,1994
מנחם : תודה,1994
בן -- אליעזר,1983
ממלא -- מקום,1981
בחוץ -- לארץ,1976
"פנחסי ( ש""ס",1969
אביטל ( העבודה,1968
מס ' 2,1966
טובי ( החזית,1966
מכל -- מקום,1964
ימי -- הביניים,1957
פורז ( שינוי,1954
בן -- צבי,1952
לפרוטוקול ) 1,1951
פי -- רוב,1940
שילנסקי : אני,1937
שחל ( המערך,1936
בית -- חולים,1926
אי -- פעם,1923
כתב -- העת,1913
העונשין ( תיקון,1912
טל : חבר,1901
אלוני ( התנועה,1899
שבית -- המשפט,1894
ארדן ( הליכוד,1870
נודלמן : תודה,1862
מתל -- אביב,1861
בו -- בזמן,1861
ריבלין : לא,1860
הקיבוץ -- המאוחד,1859
כחלון ( הליכוד,1853
אל -- נאצר,1852
שינוי ( ג,1845
כתב -- היד,1842
כהן ( ש,1839
מג'אדלה ( העבודה,1821
קורפו ( הליכוד,1817
גם -- כן,1814
יחזקאל ( העבודה,1812
בת -- זמננו,1797
עבר -- הירדן,1796
ץ -- ישראל,1794
היום -- יום,1791
לבני : תודה,1790
לבית -- החולים,1784
דבר -- מה,1773
מאוד -- מאוד,1772
בעלי -- חיים,1767
הארץ -- ישראלית,1764
גוש -- קטיף,1759
הבסיס : ממוצע,1758
בכתב -- יד,1758
תיכון : רבותי,1755
השומר -- הצעיר,1754
חד -- משמעית,1753
שביתת -- הנשק,1749
מברית -- המועצות,1746
על -- מנת,1745
השלוש -- עשרה,1742
והבה ( הליכוד,1738
פלד ( צומת,1734
בבתי -- ספר,1731
"אזולאי ( ש""ס",1727
משרד / הצעות,1716
אלמוזלינו ( המערך,1713
כהן : תודה,1704
בעלות -- הברית,1704
די -- נור,1703
ו / או,1699
בפסקה ( 1,1679
טיבי ( חד,1678
ריבלין : רבותי,1672
בלתי -- אפשרי,1671
הסטטוס -- קוו,1670
בבית -- ספר,1668
המדינה ( תיקון,1668
יום -- הכיפורים,1667
בבת -- אחת,1664
הלא -- מודע,1651
האין -- סוף,1650
