ngram,freq
אדוני היושב -- ראש,81352
הלאומי -- ישראל ביתנו,21227
האיחוד הלאומי -- ישראל,21201
ראובן ריבלין ( הליכוד,17825
גברתי היושבת -- ראש,14845
הצעות לסדר -- היום,14455
דן תיכון ( הליכוד,14174
היו -- ר ראובן,12655
"נסים זאב ( ש""ס",11298
אופיר פינס -- פז,10985
חיים אורון ( מרצ,10802
משה גפני ( יהדות,9342
רוני בר -- און,9238
גפני ( יהדות התורה,9091
של בן -- גוריון,8884
"האיחוד הלאומי -- מפד""ל",8779
אחריו -- חבר הכנסת,8617
אלי בן -- מנחם,8546
הצעה לסדר -- היום,8527
יולי -- יואל אדלשטיין,8193
בית -- המשפט העליון,7992
העבודה ) : אדוני,7967
הנדל ( האיחוד הלאומי,7922
"תמר גוז'נסקי ( חד""ש",7627
הליכוד ) : אדוני,7616
אי -- אמון בממשלה,7438
צבי הנדל ( האיחוד,7415
יושב -- ראש ועדת,7405
העבודה ) : אני,7401
מאיר שטרית ( הליכוד,7366
רצוני לשאול : 1,7066
להביע אי -- אמון,7053
"מוחמד ברכה ( חד""ש",7049
המערך ) : אדוני,7001
גדעון סער ( הליכוד,6983
עבד -- אלמאלכ דהאמשה,6703
רחבעם זאבי ( מולדת,6500
"נסים דהן ( ש""ס",6460
ואחריו -- חבר הכנסת,6398
כבוד היושב -- ראש,6349
היו -- ד ראובן,6291
ראובן ריבלין : תודה,6221
הליכוד ) : אני,6129
הדיבור לחבר -- הכנסת,6110
ריבלין : חבר הכנסת,6073
חיים רמון ( העבודה,5778
פרוש ( יהדות התורה,5556
יושב -- ראש הכנסת,5465
בסעיף קטן ( א,5456
"היו""ר יולי -- יואל",5340
מאיר פרוש ( יהדות,5291
ראובן ריבלין : חבר,5103
זאב בוים ( הליכוד,5086
יהושע מצא ( הליכוד,5057
אלון ( האיחוד הלאומי,5033
אריאל ( האיחוד הלאומי,5032
שילנסקי : תודה רבה,4984
וייס : חבר הכנסת,4943
ריבלין : תודה רבה,4876
ענת מאור ( מרצ,4853
אריאל ויינשטיין ( הליכוד,4852
אלי גולדשמידט ( העבודה,4770
של תל -- אביב,4738
"ש""ס ) : אדוני",4729
עבד -- אלוהב דראושה,4624
חגי מירום ( העבודה,4624
אין נמנעים -- אין,4559
דוד צוקר ( מרצ,4501
רענן כהן ( העבודה,4413
"זבולון אורלב ( מפד""ל",4288
נגד -- אין נמנעים,4287
של בית -- המשפט,4270
רון נחמן ( הליכוד,4250
בנימין אלון ( האיחוד,4246
המערך ) : אני,4203
של ארצות -- הברית,4193
מימד ) : אדוני,4133
נמנעים -- אין ההצעה,4098
"שאול יהלום ( מפד""ל",4002
אורה נמיר ( המערך,3974
התורה ) : אדוני,3897
איוב קרא ( הליכוד,3854
אברהם פורז ( מרצ,3827
אבשלום וילן ( מרצ,3815
של בית -- הספר,3807
תיכון : חבר הכנסת,3796
מיכאל איתן ( הליכוד,3729
דליה איציק ( העבודה,3690
הכנסת השש -- עשרה,3603
שינוי ) : אדוני,3596
יואל אדלשטיין : תודה,3546
אלדד ( האיחוד הלאומי,3503
לימור לבנת ( הליכוד,3484
סעיף קטן ( א,3408
גאולה כהן ( התחיה,3371
המאה התשע -- עשרה,3349
עובדיה עלי ( הליכוד,3321
הנושא בסדר -- היום,3318
ביתנו ) : אדוני,3292
המאה ה -- 20,3258
"יצחק כהן ( ש""ס",3255
יעקב ליצמן ( יהדות,3250
גדעון עזרא ( הליכוד,3226
יעקב שמאי ( הליכוד,3222
אלי דיין ( העבודה,3221
יוסף פריצקי ( שינוי,3211
אריה אלדד ( האיחוד,3204
שילנסקי : חבר הכנסת,3191
עוזי לנדאו ( הליכוד,3178
"מפד""ל ) : אדוני",3176
דוד מגן ( הליכוד,3164
ליצמן ( יהדות התורה,3149
הכנסת עבד -- אלמאלכ,3123
להסיר מסדר -- היום,3118
של ארץ -- ישראל,3114
יהודה אריאל ( האיחוד,3103
העבודה ) : לא,3077
נסים זאב ( ש,3049
מימד ) : אני,3033
שר -- הפנים י,2992
"אלוהב דראושה ( מד""ע",2924
וייס : תודה רבה,2919
יוסי שריד ( מרצ,2915
אברהם בורג ( העבודה,2905
ז'אק אמיר ( המערך,2905
עלי : תודה רבה,2869
מל פולישוק -- בלוך,2859
אילן שלגי ( שינוי,2853
יובל שטייניץ ( הליכוד,2846
משה כחלון : תודה,2844
אדוני יושב -- ראש,2836
של המאה ה -20,2817
קולט אביטל : תודה,2816
ראובן ריבלין : אני,2811
ישראל כץ ( הליכוד,2810
הצעת חוק -- יסוד,2789
"עזמי בשארה ( בל""ד",2787
"ש""ס ) : אני",2774
איתן כבל ( העבודה,2768
יושב -- ראש הוועדה,2764
משה גפני ( דגל,2762
הליכוד ) : לא,2757
דב שילנסקי ( הליכוד,2740
צומת ) : אדוני,2730
"דוד טל ( ש""ס",2714
כחלון : תודה רבה,2712
גפני ( דגל התורה,2712
יסוד : כבוד האדם,2641
"סאלח סלים ( חד""ש",2632
זהבה גלאון ( מרצ,2615
התורה ) : אני,2595
"יגאל ביבי ( מפד""ל",2589
כהן ( האיחוד הלאומי,2582
על ארץ -- ישראל,2541
ראובן ריבלץ : תודה,2537
סלמוביץ : תודה רבה,2519
סילבן שלום ( הליכוד,2513
על -- פי החוק,2510
חזן : חבר הכנסת,2509
אליעזר כהן ( האיחוד,2495
"האשם מחאמיד ( חד""ש",2472
נעמי חזן ( מרצ,2457
אביטל : תודה רבה,2456
רביץ ( יהדות התורה,2450
חמי דורון ( שינוי,2445
משה קצב ( הליכוד,2443
באוניברסיטת תל -- אביב,2439
אברהם רביץ ( יהדות,2439
המאה השמונה -- עשרה,2422
של יושב -- ראש,2411
צ'רלי ביטון ( החזית,2403
צומת ) : אני,2402
מרצ ) : אני,2402
הביטוח הלאומי ( תיקון,2401
חרות -- התנועה הלאומית,2394
חבר -- הכנסת א,2364
אברהם הירשזון ( הליכוד,2363
כל -- כך הרבה,2360
דוד בן -- גוריון,2352
"חנן פורת ( מפד""ל",2340
נסים דהן : תודה,2336
הכנסת השבע -- עשרה,2309
בסעיף קטן ( ב,2288
ביטון ( החזית הדמוקרטית,2278
הכנסת ) הצעת חוק,2275
המערך ) : לא,2274
העבודה ) : חבר,2271
על סדר -- היום,2265
של חיל -- האוויר,2265
חברי הכנסת ) הצעת,2262
חוק העונשין ( תיקון,2261
הכנסת : הצעת חוק,2253
לא כל -- כך,2252
שינוי ) : אני,2249
משה שחל ( המערך,2249
טל ( עם אחד,2235
שטרן ( האיחוד הלאומי,2230
רוני מילוא ( הליכוד,2229
עמנואל זיסמן ( העבודה,2221
שלמה הלל ( המערך,2219
