ngram,freq
di un,16432705
che non,13317270
e la,12665580
per la,12205349
che si,11635693
di una,11620784
la sua,11328450
con la,11073692
il suo,10422987
in cui,10206753
e di,9934830
che la,9680928
e il,9497935
che il,8835958
per il,8737784
in un,8601522
di cui,8300092
non è,8198899
con il,7808886
e non,7428627
e le,7061143
non si,6833225
con un,6427672
e si,6024663
quello che,5746469
in una,5741111
un po,5501151
e che,5479550
da un,5428199
e i,5221599
e l',5086069
a un,5068140
con le,5048467
per l',4991515
i suoi,4865823
ciò che,4748099
ma non,4722346
che è,4709765
si è,4699655
che le,4682328
che l',4676163
tutte le,4482210
è stato,4430760
si era,4337328
in modo,4335863
per le,4296304
tutti i,4289588
gli occhi,4257311
che mi,4213217
è un,4186264
con l',4170346
se non,4150463
per i,4111436
per un,4041130
con i,3954957
con una,3945250
la mia,3935930
il mio,3930731
della sua,3930448
le sue,3909075
non era,3752230
di essere,3743615
che gli,3649720
che aveva,3626063
anche se,3596617
è il,3564757
da parte,3557046
da una,3525957
e a,3477572
come se,3477484
di non,3421630
a una,3404171
può essere,3377436
del suo,3328463
che ha,3322318
è la,3268003
e gli,3267382
come un,3265589
la testa,3248217
che lo,3238757
e per,3232128
che era,3211161
tra le,3088227
fino a,3062487
prima di,3062243
che i,3051904
di nuovo,3050140
e in,2988770
e poi,2979267
o di,2978791
un altro,2973636
caso di,2943284
e della,2905678
a casa,2862856
in questo,2823199
e lo,2806273
tutto il,2772655
è una,2765831
di lavoro,2726575
che ci,2721466
è stata,2717535
e mi,2684674
e con,2670303
una volta,2668744
di più,2645251
e del,2638452
non sono,2623762
la prima,2600044
fatto che,2594565
le mani,2576116
in quanto,2566914
e un,2556375
gli altri,2553347
non mi,2547892
grado di,2532961
tra i,2522111
tutta la,2499907
bisogno di,2482252
che in,2469478
più di,2449229
di questo,2430791
di lui,2420215
se ne,2399582
la mano,2397206
cui si,2391301
la vita,2381421
un uomo,2367916
non aveva,2351157
non può,2341053
il quale,2305550
si può,2283309
non ha,2280524
la loro,2275264
non ci,2268562
era stato,2242709
e delle,2240014
comma 1,2225794
uno dei,2214285
al suo,2211967
di me,2202110
in grado,2182129
non lo,2180561
in quel,2163417
lo stesso,2163282
ma anche,2160155
nella sua,2133102
mi ha,2128410
punto di,2083349
lo sguardo,2082204
come una,2068364
deve essere,2047723
che sono,2032016
e dei,2022795
ai sensi,2020789
Non è,2019601
ad un,2013721
a me,1984241
tutti gli,1947075
con gli,1944400
cura di,1941965
e una,1939431
di lei,1931711
non solo,1917349
il tempo,1913247
la porta,1907162
le cose,1900673
di fronte,1893320
era un,1891418
parte del,1873198
nel suo,1869602
nel caso,1830971
ed è,1827296
il loro,1825374
possibilità di,1818938
a cura,1805794
quello di,1803849
verso il,1800315
alla fine,1795694
nei confronti,1794611
dei suoi,1792959
su un,1788881
qualcosa di,1784850
l' uomo,1784423
per una,1782012
sempre più,1771692
parte di,1771500
che per,1768516
in particolare,1742762
la stessa,1741697
l' altro,1740967
se la,1736194
che ti,1735034
ci sono,1728183
a lui,1722738
che sia,1721819
è che,1720743
come il,1719662
cui al,1718106
come la,1716889
alla sua,1701571
verso la,1693545
i miei,1685130
che cosa,1677920
che hanno,1672931
il primo,1662558
a fare,1658005
per cui,1654563
una delle,1651668
quel momento,1651563
del mondo,1638315
di fare,1638119
di questa,1635799
una cosa,1629590
di quella,1624153
a cui,1619420
con cui,1614234
il tuo,1601231
che un,1599146
il mondo,1593920
la propria,1590625
su di,1581221
di quanto,1578609
che a,1572143
ad una,1571141
un certo,1570812
del tutto,1567313
a quella,1549829
possono essere,1543699
la quale,1540129
di tutti,1537949
la tua,1537899
il nostro,1528050
prima che,1525746
il fatto,1524252
detto che,1515728
perché non,1511620
quella di,1508951
della vita,1507526
volta che,1501958
l' aveva,1500884
per gli,1500749
anche in,1491689
dopo la,1487576
i due,1486728
era stata,1479476
la nostra,1477150
i loro,1474382
Ma non,1472935
una donna,1472246
in materia,1468709
a quello,1467175
di loro,1461373
e alla,1457629
cui il,1456765
una mano,1456246
anche il,1452217
della legge,1451421
modo di,1440437
di ogni,1433268
che ne,1433267
e io,1431641
dire che,1429468
per me,1419114
anche la,1413269
di aver,1410053
sarebbe stato,1408586
in ogni,1402960
diritto di,1399381
ad esempio,1396744
è in,1393533
che tu,1393280
se il,1391521
la possibilità,1387242
sotto il,1383220
tratta di,1381634
prima volta,1381364
come si,1381198
e da,1376520
tipo di,1375769
e quindi,1373447
in Italia,1372960
è l',1372923
di vista,1371914
del diritto,1371051
fine di,1364135
di tutto,1357524
ha detto,1350454
per quanto,1347104
per questo,1344202
e al,1334479
si tratta,1333078
davanti a,1328109
che ho,1325569
al di,1320460
il più,1319969
quelli che,1319475
ha fatto,1316681
a tutti,1314951
di vita,1314055
un paio,1310488
che io,1305699
di uno,1302859
su una,1301789
anche per,1298102
di quel,1297713
quando si,1297216
forma di,1296394
parte della,1295631
per non,1294958
le loro,1287302
paio di,1283413
il diritto,1281781
i quali,1281562
in piedi,1277337
sono stati,1277167
il proprio,1275771
i capelli,1270512
presenza di,1265421
e se,1260697
di avere,1259583
le braccia,1259158
per esempio,1258504
era il,1255480
a questo,1253614
cui la,1251798
dello Stato,1248512
non ho,1247285
la voce,1242453
l' art,1241483
Il suo,1239724
La sua,1237073
il giorno,1235808
a quel,1233635
in caso,1230551
non c'è,1225567
o meno,1225470
con me,1221421
era una,1219765
comma 2,1218587
ci si,1215956
ma la,1214553
un attimo,1211006
della mia,1208798
cosa che,1200210
In questo,1198495
sono state,1196738
l' ho,1195764
se si,1193403
del lavoro,1188822
che lei,1186591
il nome,1184175
tra il,1182730
le mie,1182087
si sarebbe,1181844
in relazione,1179602
serie di,1177425
più che,1173034
cui all'art,1169154
il giudice,1167274
una persona,1165611
materia di,1165083
in base,1160189
con lui,1154975
di noi,1154701
non sia,1153966
il momento,1153237
in questa,1152387
a lungo,1149649
quella che,1149030
è possibile,1148270
numero di,1147406
si sono,1145476
fino al,1140879
di quello,1140296
solo per,1137619
che se,1131785
cui all'articolo,1123517
delle sue,1123206
aveva fatto,1121635
tutto ciò,1121286
stato di,1120591
io non,1120217
andare a,1119745
mi sono,1115898
è più,1112572
ma il,1108697
contro il,1107226
a che,1105378
gli uomini,1104474
in maniera,1104073
e nel,1102830
a lei,1102779
che lui,1102742
per lo,1101346
una parte,1098532
un momento,1098515
che una,1097135
in quella,1095062
non poteva,1091716
Che cosa,1089289
quel che,1087727
un sorriso,1086663
si trova,1083600
in casa,1079858
di sé,1077701
le parole,1077601
avrebbe potuto,1077317
che vi,1075613
cercando di,1075146
nel corso,1075088
ai fini,1073224
di questi,1072231
Non si,1071561
capacità di,1070330
in realtà,1069167
le persone,1068264
che fosse,1066104
la morte,1065296
maggior parte,1064766
sotto la,1059163
anche a,1058055
il cuore,1058046
e anche,1055802
di chi,1053200
la cosa,1051556
una serie,1047566
in fondo,1046569
senso di,1046456
non ti,1045287
in mano,1041158
E poi,1040874
era la,1040799
la verità,1040295
così come,1038874
ed il,1034430
mio padre,1031209
Non mi,1031183
si erano,1030825
a causa,1027775
è di,1027718
molto più,1025784
coloro che,1021863
verso di,1020214
contro la,1015518
o la,1013030
l' ha,1012153
il corpo,1010431
non avrebbe,1008332
dopo aver,1006437
quando il,1001745
la strada,1001309
fra le,1000587
ma che,999686
non ne,998688
una nuova,997676
la donna,996673
del mio,996540
a dire,995906
per lui,995247
al momento,994806
suoi occhi,994276
di Dio,992888
il capo,992444
l' altra,990984
con lo,990085
del codice,988587
di quelle,986386
al comma,982489
non fosse,980695
al fine,977577
sua vita,975992
in mezzo,973665
in vigore,971119
da cui,970748
che avrebbe,970016
o in,968973
a terra,964973
dalla legge,963812
un giorno,956105
il resto,955594
a volte,955494
momento in,954410
per essere,953569
quando la,951299
la cui,945937
questo caso,943171
ogni caso,943001
un nuovo,942669
ma è,942386
È un,941895
a partire,941804
i nostri,940610
della società,937732
le spalle,937265
la parte,936159
modo che,934811
qualcosa che,931924
e lui,931048
a non,930911
sensi dell'art,930232
da lui,929090
la storia,924838
del tempo,923379
sulla base,921704
mia madre,918573
durante la,918284
tra la,917484
e più,917358
a loro,917184
il caso,916703
le altre,915781
di casa,915150
della città,914534
di tale,914395
sorta di,912721
dalla sua,912720
che di,912436
si fa,911928
del contratto,911144
una certa,910910
l' idea,907733
del presente,905689
su cui,905042
non l',904296
conto che,903737
a livello,903094
di te,901066
la notte,900315
suo padre,899922
è sempre,899854
del genere,899226
il numero,899138
le due,896684
e l,895475
se fosse,893324
parte dei,892653
verso l',892528
non vi,892276
ed era,892234
devono essere,892232
di là,892126
ai suoi,891590
voglia di,890822
idea di,888803
in qualche,888704
solo un,887391
dopo il,887078
il termine,883224
Non era,882529
specie di,882272
gli aveva,882219
le aveva,881441
che nel,881294
persone che,881040
del decreto,880531
e così,880235
di due,878194
a sua,876063
of the,875360
non gli,875042
dello stesso,873445
era in,873310
o il,873223
New York,873067
altro che,871545
in giro,868449
se stesso,868230
meno di,867886
degli altri,866908
Si tratta,866416
il lavoro,864777
cui è,864745
e lei,863024
di fatto,862156
in via,861748
o per,859441
è quello,858931
fino alla,857144
non le,856815
rispetto a,855905
di tempo,855571
le parti,855297
tempo di,855037
non c'era,850389
la situazione,849196
in seguito,847859
di persone,846599
del giudice,845642
di queste,845641
ancora più,843434
della loro,842964
processo di,842291
come l',842123
è vero,840760
o a,837455
attraverso la,836510
che li,835766
che stava,834209
stato un,833860
la legge,831354
anche di,828791
cui non,828024
le dita,825967
in termini,824593
e ci,822584
che avevano,821469
non la,821424
se l',819303
di diritto,818812
un tempo,817297
con lei,816887
cominciò a,816311
il cui,815973
cui l',815789
dal suo,815531
necessità di,814089
il viso,813556
lo aveva,813477
in silenzio,813193
in uno,812640
avrebbe dovuto,811243
in mente,810961
in parte,810498
non so,810331
più in,809559
negli occhi,809492
da quella,808938
E non,808598
non sarebbe,808254
il problema,808097
caso in,805605
Anche se,804648
Una volta,801849
Non ho,801491
sua madre,800540
le labbra,800104
data di,799602
aveva detto,798282
la gente,798206
ma in,798160
visto che,797526
da fare,796749
la presenza,796000
è molto,794979
accanto a,793844
e quando,793039
la bocca,792568
la casa,792474
Se non,792017
le donne,790987
fra i,790200
al mondo,788143
capace di,786421
riusciva a,785036
a far,784313
l' amore,783876
l' unica,783230
cose che,783153
attività di,781528
una sorta,781285
a parlare,781240
del sistema,780237
alla porta,779530
un piccolo,778539
allo stesso,778135
sono i,778090
che può,778019
mancanza di,778012
dei diritti,777744
a meno,777416
nei suoi,775098
tra gli,774953
del processo,774749
la luce,774230
il valore,774041
lui e,774000
lui non,772799
Non lo,771822
a sé,771750
dove si,771728
un bel,770395
casa di,770272
per cento,770227
ha un,769916
e degli,769832
non hanno,767646
il potere,767430
al centro,767256
uomo che,766891
l' aria,766807
di andare,766637
base di,766255
anche un,765569
e senza,763310
è così,762499
fronte a,761631
sistema di,761521
lo so,761470
per l,760661
un anno,759056
E se,758780
al quale,757515
oggetto di,756707
degli anni,756471
e sono,756353
questo punto,756351
più grande,752973
tutto quello,752498
se lo,751664
la forza,750788
sarebbe stata,750771
che da,750548
dei due,750430
la più,749726
ho detto,749611
in fretta,749314
Non so,748865
a quanto,748624
a essere,747930
tema di,747575
quale si,746504
a te,746188
che sarebbe,745308
le quali,744647
durante il,744198
poi si,744089
fatto di,744073
sono le,744060
di tutte,743688
lei non,743520
l' unico,743437
questo è,742171
secondo la,741973
il modo,741109
del nostro,739848
e nella,739308
in tutto,739251
di ciò,738859
si fosse,738003
per lei,737902
Per quanto,737469
perché la,737221
gruppo di,737066
la parola,736784
una grande,735481
un grande,733303
periodo di,733052
mia vita,732526
comma 3,731655
e alle,731270
essere un,731075
di sicurezza,730673
della nostra,730430
a prendere,723141
per te,722450
era ancora,722252
uno di,720382
intenzione di,718845
mentre il,718760
la città,718356
la natura,718046
nome di,717822
si alzò,717402
e come,717377
da solo,716281
tutto questo,715919
il padre,714903
nello stesso,714856
ex art,714718
principio di,713164
da quando,713121
dopo l',712556
È una,712304
non essere,711815
che erano,710149
della Repubblica,709228
un punto,708968
Per la,708819
a letto,708580
fosse stato,708542
più a,708246
tra loro,707632
Stati Uniti,706971
l' ultima,705904
e dalla,705456
e dal,704235
non erano,703080
non possono,702892
e aveva,702270
cerca di,701546
me ne,700443
un modo,699995
aveva mai,699893
Io non,699254
dei beni,699007
di tipo,698865
a noi,698787
momento di,698607
un lato,698463
di controllo,696625
le disposizioni,696107
che anche,695603
L' uomo,695238
nel mondo,694979
per tutti,694372
una specie,693523
che avevo,693502
da me,693493
sul suo,693212
nel senso,693014
o un,693008
perché il,692299
sono in,690680
Alla fine,690581
per fare,690427
di riferimento,690134
Non sono,690082
termini di,689207
la madre,689171
una vita,689026
modalità di,687584
a chi,687198
milioni di,687150
è ancora,686698
a vedere,686540
vi è,685962
deciso di,685755
del corpo,684266
prima della,684066
anche i,682759
con te,682709
nel tempo,682653
mentre la,682512
alle sue,682487
è necessario,682265
delle persone,681740
ma si,681133
l' acqua,680575
mi aveva,680051
le nostre,679591
credo che,679346
Il mio,678992
di legno,678958
attraverso il,678040
davanti al,677163
in tal,676797
alla luce,676126
il sistema,675570
modo da,675019
anni di,672774
per sempre,672376
un sistema,672220
nel quale,672142
me e,671454
al mio,669930
una sola,669203
e ne,668799
le gambe,667865
riuscito a,666444
del fatto,665566
solo una,665189
ho fatto,664023
si trovava,662751
i propri,662368
di far,662136
ancora una,661355
in senso,660325
non posso,660149
quel punto,659463
tra l',659089
a Roma,659023
occhi e,658356
il controllo,658237
a guardare,658157
e questo,658074
ogni volta,657758
rispetto al,657335
dentro di,656702
i bambini,656112
che abbiamo,655922
questo modo,655491
i tuoi,654635
Non c'è,654221
si deve,653909
del Consiglio,653527
a favore,653308
della propria,651811
a questa,651642
e ai,650589
di poter,650130
per qualche,649846
di altri,648439
solo in,648229
sia stato,647988
in sede,647951
del loro,647593
tentativo di,647302
secondo le,646719
che l,646459
la maggior,645710
una piccola,644427
della L.,644171
era già,642801
in generale,642613
d' acqua,642421
in due,642355
come le,642247
le proprie,642113
di Roma,641684
se è,641251
più o,641091
a quelle,640906
suo corpo,640779
la pena,640599
conto di,640448
i primi,640345
le modalità,638841
e ha,638405
senza che,637646
vita e,636828
concetto di,636800
fine del,636682
è solo,636258
più tardi,634684
insieme a,634352
il principio,634227
la persona,634144
anche l',633687
lei e,633197
riuscì a,632862
d' accordo,632734
con l,631141
rapporto di,629945
Ci sono,629839
anche le,629215
a suo,627589
un tratto,627030
livello di,625734
d' un,625723
che questo,625549
niente di,625303
lavoro e,624872
un solo,624759
dopo che,624750
che con,624565
negli anni,623225
si applicano,622821
nella mia,621982
e quella,621891
la signora,620861
il sole,620655
Nel caso,620486
in considerazione,620424
del rapporto,620398
causa di,620299
a disposizione,620279
momento che,619240
quando non,619216
ma per,619180
a norma,618804
che possono,618556
condizioni di,618535
si sentiva,618167
di sangue,617977
qualche modo,617764
forme di,617251
sua volta,617071
la ragazza,616868
la fine,616702
che hai,616498
Non ci,615229
si mise,614723
delle parti,614616
di vedere,614050
a trovare,611023
era più,610020
si voltò,609145
il rapporto,608415
da sola,607668
la seconda,606363
e due,606126
si applica,606029
di quelli,604541
fare un,604124
una buona,603977
in ordine,603866
pieno di,603801
quanto riguarda,603750
a seguito,602802
le condizioni,602075
avere un,600468
dato che,600374
modo in,598587
mano e,598540
una bella,598382
Era un,598269
quelle che,598246
La mia,597921
In un,596908
in attesa,596842
a poco,596186
dice che,595657
delle cose,595561
a quando,595159
l' attività,595117
solo il,594418
il cielo,593934
davanti alla,593060
pensare che,592335
In realtà,591698
un posto,591296
si fermò,591140
si avvicinò,591108
uno sguardo,590657
contratto di,590604
decreto legislativo,590416
a due,589308
è quella,589012
vita di,588215
gli effetti,588163
è anche,587621
al punto,587180
un buon,586060
parte delle,586049
per poi,586010
un bambino,585601
stesso tempo,584521
come i,583774
solo a,583276
il processo,583267
della famiglia,583123
ne sono,583083
dal momento,582026
oltre che,581901
lungo la,581636
il braccio,581391
e quello,581325
di solito,580571
la guerra,580429
erano stati,580262
il signor,580244
in forma,579557
con riferimento,579048
per tutto,578520
gli si,578116
finché non,577440
della stessa,576989
come in,576788
è già,576738
secondo il,576562
doveva essere,576227
di quei,575992
un vero,575944
sulla sua,575813
un gruppo,575398
occhi di,575171
ho mai,574924
il senso,574312
di legge,574290
di ricerca,574270
agli altri,574041
I suoi,573877
in avanti,573774
Ma la,573767
sapeva che,571255
scopo di,570709
il vostro,570579
alle spalle,570457
termine di,570309
del proprio,569993
il punto,569404
potrebbe essere,569210
se le,568703
la necessità,568475
Per un,568407
parlare di,568283
i piedi,566911
questo non,565973
che abbia,565752
lungo il,565481
Questo è,565144
o più,564692
da quello,564674
Perché non,563262
o l',562266
a quelli,562255
richiesta di,562234
con uno,562233
di San,562074
desiderio di,562038
mi è,562002
si possono,561331
sua voce,561327
sapere che,560533
della Corte,560442
sul piano,559670
fece un,559307
la mente,558378
come per,557988
che fa,557883
tempo per,557636
in corso,557577
o da,557264
stata una,557230
per sé,556919
e li,556684
d' oro,556598
entrata in,555942
la società,555485
l' ultimo,554689
la vostra,553917
la domanda,553777
in più,553540
di tali,553529
due anni,553412
rispetto alla,552993
a ogni,552991
di Stato,552912
Ma il,552824
rischio di,552582
alla mia,552359
con modificazioni,552223
so che,551865
della storia,551848
il bambino,551507
non per,551355
o del,551114
da qualche,550636
ed i,550304
potere di,550000
in camera,549848
assenza di,549526
intorno a,549455
di natura,549322
sede di,549172
a carico,548964
ma di,548228
il secondo,548022
nella vita,547954
legge n,547564
e soprattutto,547361
entro il,546795
che sta,545779
La prima,545448
nulla di,544353
la sera,543788
casi di,543783
aveva un,542818
me lo,542801
di qualche,542098
vero che,541730
dei loro,541131
avrebbe fatto,540721
l' anno,540670
ogni giorno,540565
al tempo,540398
la Corte,540229
più forte,540116
l' attenzione,539136
se stessa,538677
il rischio,537733
l' avrebbe,537270
nel momento,536292
et al,535916
mezzo di,535180
al lavoro,535068
di sua,534655
obbligo di,533925
degli uomini,533857
era di,533857
tanto che,533834
che viene,533826
il figlio,533767
la capacità,533152
In particolare,532700
la schiena,532502
E il,532494
piuttosto che,531674
che fare,531075
ci ha,530905
ricerca di,530749
persona che,530556
si fece,529974
nella stanza,529962
Corte di,529624
ti ho,529511
ha una,529237
la questione,529115
la pelle,528566
che questa,528326
a uno,527280
al giudice,526852
la sentenza,526244
sia stata,526037
per far,525862
questo che,525846
dopo un,525546
l' uso,525031
de la,525029
della persona,524827
non riusciva,524756
cercare di,524703
Il primo,524551
solo di,524397
del primo,524196
gli stessi,524084
un passo,523974
dei miei,523938
della casa,523803
ma era,523485
è per,523462
o non,523375
invece di,522990
un istante,522724
quello della,522007
dei servizi,521175
morte di,520941
si stava,520897
tutti e,520435
al primo,519822
ancora di,519721
In quel,519619
la moglie,519120
È stato,518801
cercato di,518559
i dati,518552
una parola,518421
sono un,518161
Non ti,517504
di parlare,517384
non più,517286
tu non,517216
permesso di,517105
sia il,517010
l' esistenza,516847
dal punto,516733
mettere in,516557
piena di,516439
fare il,516066
forza di,515760
riesce a,515710
è successo,515038
più volte,514870
è proprio,514635
parlare con,514257
contatto con,514166
Per questo,514155
solo la,513795
sia in,513383
suo sguardo,513316
nella quale,512939
in genere,512245
riesco a,511784
quantità di,511278
poteva essere,511046
anche lui,510744
il vero,510588
superiore a,510206
chi è,510119
paura di,509342
con voce,508921
del procedimento,508800
il che,508093
un senso,508041
solo che,507407
il volto,507352
sia la,507137
alla quale,507116
ha la,507112
la famiglia,506959
ha avuto,506883
lo sviluppo,506702
lui si,506599
quel giorno,506357
di gestione,506345
per ogni,506175
Prima di,506025
E la,505659
o che,505324
In ogni,505236
il dolore,505075
continuava a,504931
sia per,504281
meno che,504166
i più,503493
in questi,503461
di suo,503179
per via,502712
da lei,502359
cui era,501812
in tema,501489
una situazione,501293
quando l',501287
testa e,501276
in tutti,501155
Non aveva,501131
un mondo,500863
un ruolo,500840
ci siamo,500805
in tempo,500457
donna che,500455
un rapporto,499972
essere in,499644
Con la,499332
che egli,499213
lei si,499019
il ruolo,499012
le stesse,498931
decreto del,498918
un problema,498771
a seconda,498572
in sé,498407
nel mio,497599
di come,497560
del potere,497205
il nuovo,496814
la forma,496696
un periodo,495744
corso di,495595
si veda,495571
dei dati,495459
ed in,495137
piano di,494485
non voleva,494046
secondo cui,493992
a pensare,493603
del D.L.vo,493397
un lungo,493098
la risposta,492914
questa volta,492865
la lingua,492588
per tutta,492109
che tutti,491898
tempo e,491084
anche una,490710
g di,490518
Se il,490514
del quale,490370
Quello che,490200
agli occhi,490141
ipotesi di,489869
tornare a,489011
si trattava,488929
fini della,488763
colui che,488540
del danno,488538
così che,488511
sensi dell'articolo,488375
anni e,488314
e altri,488217
che siano,487395
mentre si,487362
Per il,486645
anche con,486543
la faccia,486269
confronti di,486211
quella del,486100
possa essere,485229
la terra,485162
sono più,485127
È il,484906
ma con,484832
e tutti,484758
prima del,484696
con sé,484469
del bene,484468
Le parole,484244
quelli di,484186
della morte,484109
Se la,483912
era l',483675
ha il,483606
perché è,483458
Era una,483022
fare una,482727
che deve,482569
l' uno,482554
ad essere,482309
titolo di,482175
è mai,481629
riuscire a,481534
l' ora,480910
voce di,480908
la sensazione,480481
altra parte,480150
gran parte,479554
da uno,478689
un luogo,478620
di beni,478505
tre anni,478161
oltre a,477941
un numero,477920
di carattere,477853
si trovano,477428
i diritti,476895
cui le,476836
una ragazza,476363
l' azione,476342
casa e,476168
in presenza,475948
in alto,475803
il risultato,475683
negli ultimi,475616
e ho,475541
società di,475518
atto di,475225
Si è,475127
ora di,474217
c'è un,474163
quale il,473887
a parte,473058
una vera,472976
datore di,472531
un pezzo,472381
fuori dalla,472070
è uno,471688
ci fosse,471478
A questo,470942
di sopra,470889
mi hai,470524
fare la,470207
via di,469819
sensazione di,469391
L' art,468927
la realtà,468923
a tutto,468658
stato il,468486
a ridere,468284
da quel,468221
una casa,468082
fare con,468029
è come,468022
in tutta,467594
lo ha,467315
per evitare,467234
l' obbligo,466651
A volte,466395
ma a,466153
della natura,466094
una voce,466010
giudizio di,465879
sì che,465461
in faccia,465238
ogni cosa,465225
alla ricerca,464675
un suo,464669
per andare,464627
di attività,464622
e nei,464202
io sono,464066
al giorno,463658
cominciato a,463251
il pensiero,463214
più importante,462731
in cucina,462538
cercò di,462441
Lo so,462344
in tono,462334
stata la,462316
in esame,461733
il ragazzo,461699
intorno al,461654
ma l',460968
ancora in,460730
un lavoro,460532
di famiglia,460378
o con,460305
a titolo,460117
se avesse,459708
nelle sue,459084
cui i,458481
ma solo,457803
gli era,457756
un gesto,457337
il soggetto,457052
ho visto,456978
qualcuno che,456607
le norme,456529
segno di,456307
di dare,456240
anni fa,455899
al contrario,455751
norma dell'art,455636
disse il,455285
il vecchio,455274
non avevo,455258
molto tempo,455084
con aria,455033
contro i,454963
la fronte,454961
i denti,454574
e dopo,454391
l' esercizio,454174
a metà,454113
ad altri,454108
la stanza,453901
della sentenza,453885
dietro la,453792
sul letto,453585
fase di,453543
presso la,453106
del resto,453001
ha mai,452927
era molto,452830
o una,452575
con quella,452556
le tue,452328
momento della,452316
dello stato,452192
che nessuno,452180
il re,451781
si sentì,451759
di fuori,451457
un processo,450957
messo in,450879
le informazioni,450837
Non posso,450813
un gran,450748
nei casi,450438
non appena,450019
presso il,450016
d' Italia,449623
ha dato,449009
gli disse,448925
un atto,448911
dei quali,448829
in the,448793
il sangue,448757
all'interno del,448461
gli atti,448295
per noi,448253
vicino a,447871
a capire,447636
figlio di,447524
e tutto,447353
all'interno di,447150
che ogni,446942
lo stato,446805
fare a,446489
una società,446080
una di,445909
un libro,445884
essere una,445785
sul tavolo,445720
in testa,445464
era sempre,445446
delle imprese,445298
l' espressione,444930
una forma,444792
il posto,443874
è da,443560
una sua,443126
era così,443076
degli atti,443074
sul pavimento,442664
di servizi,442621
pubblico ministero,442287
che nella,442286
giorno dopo,442230
Credo che,442219
o della,441892
non di,441626
funzione di,441480
alla vita,440448
e ad,440311
Ma se,439786
la disciplina,439752
di luce,439550
la libertà,439505
capire che,439414
a vivere,438757
tal caso,438403
di cose,438024
comma 4,437723
in città,437625
i giorni,437345
un braccio,437075
aveva già,437052
a tale,436939
non se,436268
aveva avuto,435625
non sapeva,435408
che quella,435358
In tal,434880
in vita,434868
volta in,434788
a decorrere,434630
la responsabilità,434499
la funzione,434124
e ti,434068
del termine,433729
la causa,433705
si sia,433581
da non,433469
la scelta,432887
l' applicazione,432655
un sacco,432162
È la,431603
contro di,431186
che doveva,431117
di alcuni,431024
di comunicazione,430948
del paese,430844
in questione,430736
e sulla,430631
avrebbe mai,430618
fosse un,430254
del gruppo,430208
credere che,429870
suo nome,429814
pensare a,429786
l' effetto,429774
mai visto,429618
del giorno,429607
a se,429551
hai fatto,429524
si poteva,429374
e proprio,428510
le attività,428479
al loro,428023
alla data,427624
il ricorso,427617
perché si,427608
stesso modo,427486
sua moglie,427050
In caso,426961
Va bene,426627
il Signore,426363
del D.L.,426342
dei casi,425556
domanda di,425311
di mio,425206
l' impressione,424905
i casi,424665
del soggetto,424537
simile a,424220
lavoro di,424076
in effetti,423889
che tutto,423854
Si era,423812
di morte,423805
l' immagine,423458
quello del,423016
la decisione,422877
l' atto,422842
di tre,422804
mi hanno,422759
a cercare,422744
a proposito,422642
che al,421929
non avesse,421872
L' ho,421841
una storia,421323
con loro,421248
che sei,421150
quale è,421050
Mi dispiace,420804
le scale,420673
un secondo,420056
La donna,420055
dalla data,419919
mise a,419801
di guerra,419557
modo per,419533
stava per,419280
in precedenza,419219
di vivere,418230
mi sembra,418220
il naso,418103
della guerra,417707
proprio come,417700
la mamma,417529
fuori dal,417066
riuscita a,416328
il contratto,416296
sempre di,415620
questo momento,414814
disse che,414305
il desiderio,414155
per poter,413753
trattava di,413597
sotto le,413195
l' Italia,413159
di colpo,413057
giorno in,413011
si ha,412949
avere una,412911
e nelle,412607
quando le,412245
mai più,412178
di produzione,412071
iniziò a,411505
dieci anni,411491
mi fa,411347
vuol dire,411194
senso che,411164
significa che,411104
certo punto,410923
di cosa,410847
quando era,410782
le si,410705
un poco,410288
di che,410230
gli elementi,410052
l' ordine,409757
I due,409567
che ora,409502
quando è,409390
da questo,409277
di polizia,409211
di trovare,409144
nel nostro,408851
anche quando,408533
uno degli,408532
E allora,408487
ti ha,408477
e ora,408391
lo Stato,408356
il concetto,408151
non voglio,408060
il periodo,408024
il coraggio,407848
della domanda,407661
ma le,407456
una lunga,407407
cui sono,407208
anche nel,406889
lui era,406832
condizione di,406691
all'interno della,406392
come è,406337
un cenno,406241
delle due,406152
andare in,405779
il luogo,405467
era mai,405399
in cerca,405050
il contenuto,404965
un colpo,404960
a dare,404818
fino ad,404758
le regole,404261
essere il,404222
ad avere,404185
disposizioni di,403986
l' anima,403022
delle attività,402822
Io sono,402625
sia un,402594
essere stato,402458
il motivo,402089
di essi,401774
non avevano,401603
in funzione,401571
se mi,401393
delle loro,401201
la macchina,400974
d' ufficio,400251
e dalle,400136
e forse,400095
dal fatto,400000
per vedere,399937
non abbia,399863
verso le,399793
Ma è,399554
cinque anni,399244
a piedi,399226
fosse stata,399004
e sul,398946
d' amore,398765
luogo di,398557
del mercato,398340
tipi di,398332
ma se,398331
permette di,398287
la via,398129
sopra la,398031
ma poi,397412
di altre,397127
ancora un,397113
nella parte,396991
oltre il,396960
anche da,396576
sotto i,396547
di qualsiasi,396497
c'era un,396425
sei mesi,396402
giorni dalla,396368
io e,396261
dietro di,396088
subito dopo,396074
a destra,395956
degli Stati,395932
del male,395908
i genitori,395871
E così,395818
una risposta,395649
questa è,395543
fine della,395416
sul punto,395379
della strada,395326
Questa è,395132
non deve,395039
in quello,394948
Tutti i,394477
di servizio,393850
in atto,393811
il bene,393707
la nuova,393630
che qualcuno,393609
da tempo,393502
a bordo,393404
il pubblico,393202
dei nostri,393090
scosse la,392777
a scuola,392734
del territorio,392727
ruolo di,392725
Con il,392428
il mare,392292
entrambi i,392175
metà del,392054
tempo che,391877
di conseguenza,391786
In effetti,391714
due volte,391658
se ci,391422
di capire,391308
migliaia di,391113
certo che,390488
e mezzo,390303
del padre,390221
vero e,390172
i figli,390163
di prima,389842
dovrebbe essere,389571
entrambe le,389541
per caso,389468
pensato che,389420
del giudizio,389215
sempre in,389207
alla base,388976
Le sue,388654
continuare a,388629
a tutte,388620
quali si,388483
pari a,388408
poi la,388101
di voi,388094
di sviluppo,388081
ora che,387906
il libro,387845
va bene,387541
la posizione,387444
una relazione,387100
di Milano,386973
alla loro,386758
ce l',386741
dichiarazione di,386560
anni prima,386398
della tua,386210
E che,386168
di pace,386101
a lavorare,385983
Ciò che,385932
parole di,385744
Dopo aver,385594
facoltà di,385495
le lacrime,385482
a sinistra,385206
confronti del,385012
aveva visto,384574
il titolo,384573
per avere,384313
da due,384164
di tornare,384035
giudice di,383851
pezzo di,383742
Presidente della,383614
di merito,383332
mi disse,383156
il silenzio,383128
sa che,383078
di grande,382858
di carta,382819
io mi,382512
di certo,382395
per loro,382376
stato così,382292
è a,382044
E tu,381688
sacco di,381682
quelle di,381557
dei lavori,381207
Mi sono,381139
i soggetti,380881
fatto un,380723
i rapporti,380675
uno stato,380596
in Riv,380523
del servizio,380514
e vi,380276
genere di,379977
per aver,379842
un terzo,379729
a ciò,379684
attraverso l',379648
dei lavoratori,379516
a tempo,379468
ha bisogno,379455
di notte,379320
e dai,379293
ai quali,379163
Ed è,379143
codice di,379044
il giovane,378848
di competenza,378821
delle norme,378780
detto di,378729
del tuo,378686
contro l',378579
del reato,378569
Come si,378156
ce ne,378047
In questa,377840
il profilo,377720
e ciò,377708
Quando si,377610
ma io,377005
di proprietà,376889
e disse,376866
sensi del,376552
sostituito dall'art,376525
un ragazzo,376398
di credito,376327
da quelle,376204
di entrata,375827
tra cui,375827
tempo a,375811
sembra che,375521
il compito,375467
lo guardò,374703
la paura,374640
della prima,374631
di mia,374599
come lo,374496
primo comma,374483
ci sia,374101
parte degli,373900
di prendere,373831
i soldi,373689
continua a,373637
una lettera,373490
che possa,373350
del Presidente,373309
volontà di,373292
il fuoco,373207
il testo,372886
non fu,372701
sicuro che,372654
in merito,372330
delle disposizioni,371905
Mi ha,371577
con noi,371561
chiaro che,371091
in direzione,371015
quando mi,370988
di tanto,370896
del testo,370409
non hai,370262
storia di,370166
si vede,369537
ne ha,369506
le prime,369487
si dice,369290
in tutte,369106
di farlo,369060
sé e,368765
da ogni,368576
questo tipo,367704
grazie a,367589
pena di,367568
si sente,367513
il futuro,367335
la musica,367143
di pensare,366884
Non voglio,366842
il telefono,366777
avrebbe voluto,366567
rese conto,366330
era che,366202
un caso,365754
nella loro,365749
ad ogni,365680
di tutela,365605
su questo,365579
rapporto tra,365519
tale da,365438
si chiama,365260
per terra,365088
al posto,365048
bene e,364881
del comma,364833
bene che,364704
vi sono,364587
le disse,364546
un unico,364434
di interesse,364390
Stati membri,364273
corso del,363868
a dormire,363829
vera e,363559
in lui,363356
secondo comma,363066
in altri,363065
valore di,362926
da noi,362778
e solo,362767
Ma che,361961
di mercato,361958
del nuovo,361727
qualità di,361681
quanto previsto,361397
non ce,361365
la differenza,360923
del valore,360778
del principio,360692
della donna,360488
entrare in,360418
la prova,360221
questione di,360084
quale la,360015
sul serio,359992
come a,359965
sono sempre,359935
costretto a,359767
chi ha,359737
causa della,359657
si riferisce,359646
la ricerca,359233
cosa è,359124
contro le,358387
campo di,358312
i beni,358173
ne aveva,357959
nella L.,357957
per quello,357955
di mettere,357870
la ragione,357642
ne è,357459
i risultati,357137
gli anni,357098
c'è una,356690
terra e,356290
per ottenere,356235
se i,356233
produzione di,356204
non aver,355886
tanto in,355800
di applicazione,355297
anche lei,355227
queste cose,355167
lei era,355153
del sole,354813
che avesse,354799
e tu,354643
mentre le,354565
hanno fatto,354510
come quella,354017
nel cuore,353766
privo di,353595
la volontà,353475
aveva una,353229
mi ero,352866
un angolo,352428
Con un,352340
sua famiglia,352001
l' intera,351943
da questa,351606
del medesimo,351498
lo spazio,351384
che poteva,351167
che voleva,350997
giro di,350566
l' esecuzione,350463
la figlia,350173
E io,350028
Un altro,349971
uomini e,349830
ai piedi,349702
non siano,349585
mi sento,349539
che alla,349505
atti di,349156
il giudizio,349039
non sarà,348841
punti di,348789
che va,348268
avanti e,348254
esistenza di,348069
posto di,348013
accanto al,347911
per chi,347848
mano che,347816
a mio,347793
avuto un,347606
pronto a,347584
di ferro,347360
A quel,347352
consente di,347196
il collo,347054
il marito,346926
dai suoi,346778
evidente che,346308
la produzione,346176
città di,346094
suo viso,346024
casa sua,346008
me la,345982
decise di,345488
del provvedimento,345487
mi piace,345485
di responsabilità,345473
di stare,345437
dal giudice,345427
dall'altra parte,345310
il tipo,345232
al collo,345182
da dove,345090
decorrere dal,344808
una settimana,344774
una famiglia,344652
riferimento alla,344630
te lo,344423
un tipo,344153
l' intero,344139
della notte,344129
il peso,344039
la data,344017
le spese,343924
si rese,343912
casi in,343864
a posto,343770
un piano,343750
fuori di,343574
e cioè,343559
o al,343495
di protezione,343366
a nessuno,343313
sentenza di,343206
che mai,342886
di origine,342551
che poi,342425
un vecchio,342231
del capitale,342199
e ogni,342124
da tutti,342044
l' opera,341734
non avere,341684
quel modo,341596
i ragazzi,341568
inferiore a,341482
compito di,341422
nel campo,341356
il significato,341136
presente decreto,340815
si sta,340724
del pubblico,340664
la richiesta,340588
se stessi,340455
anche al,340248
giorno di,340068
lì a,339889
messa in,339798
dove la,339762
che noi,339757
è tutto,339734
sono il,339691
dove il,339683
l' hai,339623
Non c'era,339540
in Europa,339509
aveva la,339339
della Chiesa,339213
mani e,338837
ogni tanto,338787
Il fatto,338724
perché l',338565
delle donne,338470
lo scopo,338258
di sotto,338169
ma lui,338110
le forze,337969
questo senso,337910
a mano,337870
il legislatore,337809
essere la,337785
un mese,337441
So che,337390
però non,337288
vale a,337241
l' esperienza,337208
i cui,336986
Poi si,336976
in linea,336923
quella sera,336788
codice civile,336652
di tutta,336595
il terzo,336530
letto e,336377
quella della,336348
o no,336315
la figura,336179
del progetto,335980
proprio in,335900
il governo,335595
di dire,335373
di sì,335228
in primo,335145
fu un,334992
che quel,334960
e propria,334924
Per esempio,334917
padre e,334891
di studio,334822
di vendita,334649
quanto la,334414
cosa si,334212
il prezzo,334186
lo si,334121
era solo,333830
la gestione,333719
da letto,333666
possibile che,333560
non esiste,333456
come gli,333270
che c'è,333243
a tre,333159
di vino,333154
vi si,333100
di procedura,332805
il respiro,332772
della parte,332594
Si veda,332512
suo figlio,332393
di sapere,332354
con due,332215
al termine,332094
linea di,332046
modello di,331968
corpo di,331910
un bacio,331888
solo con,331787
così sostituito,331705
In una,331152
la polizia,330914
si tratti,330794
il solo,330759
qualche parte,330708
La voce,330672
tal senso,330436
tutta l',330412
al massimo,330339
che potesse,330329
io ho,330141
di valutazione,330002
attraverso le,329959
era troppo,329906
di giustizia,329724
le strade,329553
una domanda,329108
mentre i,328925
presente articolo,328867
quale non,328846
che forse,328598
solo se,328472
situazione di,328273
la norma,327887
essere più,327817
a Londra,327789
vicino al,327446
il viaggio,327234
non sei,327214
nel processo,327163
a fondo,327161
libertà di,327161
progetto di,327134
della situazione,327018
che più,326992
i costi,326953
della terra,326923
sociale e,326659
il popolo,326547
della quale,326539
capito che,326499
centro di,326474
anche perché,326275
come quello,326070
di formazione,326038
erano state,325990
centinaia di,325804
nel modo,325712
ma i,325598
sua mente,325581
la qualità,325511
il pagamento,325469
un figlio,325461
la lettera,325436
partire dal,325305
ai miei,324930
che sembrava,324787
rapporto con,324638
lo è,324571
primo luogo,324543
Quando il,324466
in capo,324332
a Parigi,324295
tal modo,324258
per conto,324214
chi non,324175
di persona,324135
il grande,324050
al pubblico,324049
spalle e,323947
di valore,323926
o le,323858
si girò,323779
il vento,323494
perché era,323484
in essere,323484
verso i,323355
in bocca,323220
mezzi di,323041
di primo,322950
anche che,322845
i limiti,322835
di per,322485
rispetto alle,322368
quanto non,322282
Gli occhi,322279
quando i,322251
di mano,322172
and the,322122
non in,322069
in passato,321970
gli Stati,321960
si sedette,321856
più importanti,321596
in misura,321586
in occasione,321483
non a,321317
si possa,321303
un fatto,321221
Quando la,321037
ancor più,320703
cui aveva,320591
delle risorse,320521
più la,320367
in virtù,320347
il progetto,320284
trovare un,320112
suo cuore,319853
opera di,319842
pensiero di,319752
lui la,319726
di energia,319567
l' oggetto,319313
luce del,319237
di euro,319155
l' aspetto,318995
e fu,318853
che già,318587
Il giorno,318461
che quando,318142
i principi,318037
dei soggetti,317888
testa di,317765
la struttura,317662
ne era,317572
aveva bisogno,317522
una posizione,317491
dopo una,317478
sono ancora,316854
non li,316683
andò a,316496
d' arte,316333
ne ho,316153
di base,316118
della popolazione,316064
così tanto,316038
uso di,315865
posizione di,315831
sopra il,315823
già in,315805
servizi di,315771
uomo di,315771
le caratteristiche,315673
i fatti,315657
si accorse,315622
oltre la,315460
nel territorio,315362
motivo per,315236
senza il,315220
meglio di,315073
tempo stesso,314759
meglio che,314719
al fatto,314704
al piano,314428
a distanza,314367
o i,314291
che essa,314275
o se,314116
uomini che,313857
uno o,313808
della norma,313736
solo perché,313666
capaci di,313413
sono di,313382
della scuola,313172
e uno,313098
in me,313060
la realizzazione,312622
allo scopo,312573
l' occasione,312554
il carattere,312496
di pietra,312437
ordine di,312106
è questo,312014
sue parole,311963
del mattino,311920
per effetto,311788
suo posto,311781
dalla parte,311674
ma mi,311530
per dare,311454
la formazione,311417
al sicuro,310866
l' interesse,310860
Del resto,310838
madre e,310791
la scuola,310776
divieto di,310401
nel frattempo,310142
sempre la,310123
della libertà,309817
sotto l',309707
il provvedimento,309593
e dunque,309580
della madre,309542
criteri di,309511
Se si,309377
partire da,309361
un valore,309329
non va,309034
penso che,308991
Si può,308952
sulle spalle,308938
tu sei,308885
porta e,308837
colpo di,308753
il passaggio,308741
delle società,308588
diverso da,308548
per raggiungere,308533
di essa,308392
tratti di,308322
uno che,308268
ce la,308266
idea che,308245
riferimento al,308007
a Milano,307983
aveva dato,307929
te ne,307704
del mare,307702
seguito di,307694
di scatto,307596
ma un,307358
del pensiero,307286
intorno alla,307282
e fece,307275
non me,306980
Per i,306688
servizio di,306657
Il problema,306643
della mano,306635
proprio per,306614
del patrimonio,306603
di no,306508
di corsa,306428
non fa,306405
Lo stesso,306389
di acqua,306372
che siamo,305880
cercava di,305852
in tanto,305765
mi si,305611
delle quali,305194
al tavolo,305169
con decreto,305165
resto della,305153
tutto l',305111
la sicurezza,305027
in alcuni,304802
del re,304767
come non,304737
nota di,304731
sia una,304707
fu il,304524
di pagamento,304355
di entrare,304138
la soluzione,304068
avrebbe avuto,304022
poco più,303862
lo spirito,303612
un amico,303205
il gruppo,303160
che fanno,303067
operazioni di,303059
c'era una,302889
il modello,302712
che fu,302432
aveva il,302413
due giorni,302383
di potere,302368
quanto si,302342
ad alta,302337
con tutti,302083
fronte alla,302037
tanto più,301868
la mancanza,301844
in contatto,301811
le era,301786
parla di,301602
corso della,301584
comma 5,301511
dei figli,301333
i vostri,301319
la relazione,301297
per quel,301291
i problemi,301178
dei conti,301129
di circa,301127
andato a,301119
e su,300921
È vero,300675
per mezzo,300619
l' intervento,300602
in assenza,300557
nel rispetto,300363
le chiese,300326
le imprese,300284
la sola,300196
è meglio,300082
senza dubbio,300017
giorni di,299719
sul divano,299631
fra il,299540
sistemi di,299483
a farlo,299472
Un giorno,299406
un contratto,299390
dei fatti,299323
di legittimità,299257
piedi e,299017
e successive,298930
le più,298832
sue spalle,298763
e tre,298672
E quando,298579
di uomini,298441
in quei,298350
questo il,298328
un modello,298152
perché le,298078
il centro,298074
hai detto,298059
nel loro,298042
con grande,297929
fatto a,297893
base della,297891
la tutela,297840
non abbiamo,297821
si potrebbe,297666
il paese,297590
mio fratello,297391
E come,297363
non riesco,297265
l' obiettivo,297127
quanto il,297073
un soggetto,297019
nella stessa,296911
ti sei,296647
motivo di,296530
mano sulla,296454
gente che,296373
a voi,296163
tuo padre,296096
in possesso,296051
padre di,295938
nel settore,295867
anche tu,295841
il piano,295827
iniziato a,295816
in basso,295669
favore di,295583
delle condizioni,295529
salvo che,295433
fosse una,295394
fatto il,295214
l' avesse,295211
se in,295189
dei più,295169
si sa,295140
chiesto di,294929
di prova,294925
mio cuore,294909
quelle parole,294472
con quel,294460
occasione di,294446
la gola,294445
prima e,294415
ultima volta,294349
Corte costituzionale,294230
ma sono,294096
ma lei,293955
il presidente,293571
Nel frattempo,293561
ho già,293462
si presenta,293350
lo avrebbe,293252
del luogo,293125
le forme,293099
fu la,293016
quanto è,292864
lo studio,292757
mano di,292748
la notizia,292480
quando lo,292383
misure di,292326
che faceva,292237
il piccolo,292068
che tale,292036
qualche giorno,292020
fonte di,291958
mai stato,291857
storia della,291779
qualche minuto,291556
priva di,291521
dei propri,291478
che ancora,291409
ma quando,291379
tornò a,291304
quali la,291215
anche solo,291162
in altre,291145
sono molto,291115
i tre,291091
lo sai,291013
l' una,290885
che solo,290883
delle altre,290840
un nome,290771
A un,290692
La ragazza,290631
questo libro,290554
da sempre,290553
più grandi,290393
vicino alla,290336
con quello,290310
coraggio di,290265
della stanza,290178
anni dopo,290177
cui alla,290069
mezzo a,289944
i tempi,289879
tanto da,289814
di qualcosa,289721
convinto che,289673
nel periodo,289670
come nel,289659
degli interessi,289637
venuto a,289574
la grande,289426
Ma io,289368
la conoscenza,289339
mentre l',289304
del personale,289159
e quelle,289140
rispetto ai,289103
di ottenere,288944
Per le,288711
in quelle,288672
in macchina,288656
un aspetto,288653
il passo,288578
continuò a,288539
Tutte le,288489
d' una,288409
perdita di,288378
tutto e,288362
in poi,288254
secondo i,288206
di informazioni,288191
aveva lasciato,288125
e allora,287996
vedere il,287960
a conoscenza,287906
esseri umani,287888
dei rapporti,287865
da te,287803
la comunicazione,287750
gli interessi,287671
la costruzione,287661
E questo,287632
sono una,287532
una questione,287462
e ancora,287407
poi il,287361
nella misura,287242
Dopo la,287174
della giustizia,287152
della cultura,286975
avere la,286882
solo quando,286709
ho avuto,286671
durante l',286541
l' ipotesi,286534
la dichiarazione,286477
grazie alla,286455
un primo,286436
il tutto,286418
per niente,286355
la valutazione,286271
base al,286121
aveva preso,285999
suo marito,285755
a farsi,285754
a Dio,285641
carico di,285604
un messaggio,285601
per tutte,285556
al presente,285423
Certo che,285372
delle spese,285321
che potrebbe,285288
al cielo,285271
e quelli,285266
Non ha,285201
a differenza,285154
nel primo,285047
il livello,285042
lui a,284979
avuto la,284970
con questo,284960
della polizia,284819
a pochi,284776
questi ultimi,284710
in Francia,284443
lui aveva,284397
non soltanto,284233
gli chiese,284025
attraverso i,283982
due o,283812
Come se,283682
Non ne,283679
con tutto,283633
a leggere,283626
suo fratello,283622
l' hanno,283577
ancora non,283532
Era il,283497
uno strumento,283481
di governo,283403
o poi,283388
chi si,283382
stessa cosa,283241
l' autore,283148
del ricorso,283143
più il,282952
comincia a,282793
il fratello,282766
si faceva,282743
a sapere,282703
più facile,282636
di uscire,282360
i servizi,282238
procedura di,281980
quali il,281975
sempre un,281934
della disciplina,281918
fosse il,281909
primo grado,281892
si sarebbero,281878
di esse,281859
la durata,281707
al nostro,281642
in tale,281560
ritiene che,281401
accordo con,281310
cui agli,281303
qualsiasi cosa,281205
le ragioni,281010
sono la,280988
di età,280941
poco a,280809
comma è,280553
sono stato,280461
i valori,280461
felice di,280114
a qualche,280111
processi di,280093
prese la,280068
unica cosa,279999
corpo e,279974
i termini,279936
sia di,279818
in campo,279804
qualcun altro,279777
la scena,279750
in cima,279723
di S.,279714
sempre a,279631
le ha,279627
di anni,279567
effetto di,279539
di esecuzione,279496
a termine,279351
E per,279343
tre giorni,279271
con altri,279263
altre parole,279140
con tutta,279125
la chiave,278988
ultimi anni,278884
di dover,278880
a mettere,278846
una visione,278755
legge di,278637
tutto per,278618
in tasca,278597
Lei si,278547
centro della,278439
degli enti,278416
era a,278365
livelli di,278299
l' impresa,278243
un diritto,278098
E anche,278090
come sempre,278033
in favore,278025
sicura che,277913
negli Stati,277861
tre mesi,277732
non sa,277642
incapace di,277634
dal 1,277628
può fare,277614
lei aveva,277611
di esso,277579
è troppo,277395
mia moglie,277369
del libro,277358
del passato,277326
fatto la,277277
il reato,276944
la mattina,276871
sulla spalla,276727
i criteri,276711
anche gli,276616
in vista,276519
sue mani,276484
ha sempre,276323
una città,276102
l' inizio,275984
si parla,275814
alla morte,275768
il rispetto,275753
sguardo di,275743
elementi di,275716
quali sono,275433
da quelli,275415
di sicuro,275057
Ma come,274913
riguarda la,274788
alle quali,274770
va a,274692
di denaro,274639
Stato membro,274598
era rimasto,274580
nella storia,274573
un corpo,274543
di società,274414
per capire,274393
per favore,274323
messo a,274000
prima o,273982
forte e,273845
le seguenti,273658
Non credo,273657
del terzo,273649
creazione di,273610
vedere la,273459
che questi,273438
di distanza,273429
come uno,273399
che però,273378
e sulle,273355
il rumore,273252
aveva sempre,273143
Era la,273125
alla finestra,273057
del matrimonio,273024
di colpa,273005
la guardò,272982
si intende,272908
del popolo,272896
porta a,272744
una notte,272677
dei bambini,272571
forse non,272544
che prima,272430
un sospiro,272300
di trasporto,272144
a sentire,272083
del Ministro,271888
nella nostra,271788
in giudizio,271711
il campo,271636
ha chiesto,271577
quando sono,271518
una smorfia,271469
in pace,271451
riuscivo a,271447
suo lavoro,271427
del governo,271325
o comunque,271265
non potrà,271158
è importante,271136
Dopo un,271087
se gli,271034
al servizio,271010
del figlio,270985
gli ultimi,270941
per due,270830
perché mi,270815
qui a,270677
il matrimonio,270668
di alcune,270610
da qui,270535
della realtà,270508
la definizione,270497
smesso di,270495
riferimento a,270492
posto in,270344
del bambino,270337
hanno un,270218
della pena,270047
una stanza,269864
ancora a,269713
il medico,269689
uno spazio,269628
e me,269609
fece una,269508
in prima,269476
a tal,269359
lei è,269239
a sedere,269225
delle mie,269120
gli amici,269096
non possiamo,268957
nome del,268917
un dito,268880
è venuto,268864
ha portato,268858
una soluzione,268792
non sempre,268705
in cambio,268662
il bisogno,268642
vita che,268591
per quella,268518
le cui,268467
un progetto,268336
in che,268253
dei genitori,268241
un sogno,268220
tutte quelle,268108
ai loro,267950
realizzazione di,267941
sensazione che,267557
perché i,267523
l' accesso,267430
base del,267418
nei quali,267337
Se l',267292
le palpebre,267121
non avrei,266876
il discorso,266821
cui mi,266751
e chi,266672
ma senza,266647
I miei,266603
che avrebbero,266541
era come,266525
me stesso,266511
fronte al,266487
ma lo,266334
avuto il,266199
un grosso,266181
è morto,266155
sono gli,266108
diritto alla,265784
cosa più,265436
le conseguenze,265286
del titolo,265274
base alla,265249
che oggi,265192
sulla strada,265154
accanto alla,265113
E in,265076
della procedura,264932
è detto,264799
d' argento,264774
differenza di,264744
l' articolo,264716
in preda,264704
rapporti con,264549
sapevo che,264546
e infine,264352
ed io,264310
un termine,264304
e questa,264290
qui per,264092
è difficile,264024
parte in,264018
sempre che,264003
fatto una,263753
delle leggi,263618
e comunque,263601
la politica,263566
nozione di,263485
e altre,263475
un determinato,263385
da altri,263357
se ti,263332
un oggetto,263292
prendere il,263198
che vengono,263188
La vita,263056
già detto,263049
in ragione,263026
un elemento,262980
al telefono,262948
con tutte,262680
una pausa,262657
senza la,262588
un tono,262548
mette in,262545
più alto,262511
il servizio,262386
per mano,262355
parole che,262252
la giurisprudenza,262222
lui che,262060
di colore,262053
lo fece,262051
ciò non,261983
di dolore,261976
nei limiti,261919
rapporti di,261902
fino alle,261868
stato in,261828
e agli,261782
gruppi di,261741
prese il,261666
una bambina,261601
è fatto,261590
ma come,261587
o anche,261537
pieni di,261441
in nome,261426
di partenza,261381
sul viso,261285
consiglio di,261136
erano in,260978
fra loro,260956
le ho,260638
del caso,260604
arrivare a,260599
dentro la,260477
di amministrazione,260428
La cosa,260397
di massa,260260
i documenti,260141
alla prima,260102
d' imposta,260095
della politica,260066
le azioni,259826
ogni modo,259733
ad andare,259727
avrei dovuto,259724
dalla finestra,259719
il mento,259687
al proprio,259630
le operazioni,259622
ho capito,259611
che ero,259559
o forse,259554
contratti di,259486
vigore della,259270
in ambito,259161
prevede che,259153
quali è,259138
quindi non,259096
procedimento di,259067
nelle mani,258991
confronti dei,258976
tanto per,258951
e molto,258894
di testa,258894
lo più,258876
dovere di,258759
Per l',258703
provvedimento di,258681
del Signore,258603
insieme di,258582
attorno a,258522
il muro,258511
un bene,258247
la punta,258077
il decreto,257985
di Cristo,257934
la finestra,257920
e d',257840
opportunità di,257833
delle informazioni,257679
dicendo che,257675
come lui,257459
era quello,257409
ho bisogno,257395
vi sia,257184
Non poteva,257052
punto che,257045
a caso,256971
dalla mia,256951
disse la,256938
conto della,256905
del piano,256889
di prevenzione,256847
città e,256820
per questa,256817
fra gli,256803
fare per,256733
In fondo,256724
braccia e,256639
cui gli,256471
di vetro,256418
o alla,256376
prima cosa,256308
l' indicazione,256218
gli strumenti,256209
lui le,256036
norme di,256013
non viene,255869
la perdita,255757
espressione di,255748
in molti,255721
un esempio,255629
il comportamento,255583
mio corpo,255541
con forza,255398
le porte,255332
aprì la,255234
di forza,255091
a fronte,255024
un giovane,254987
un bicchiere,254842
disposizioni del,254819
sopra di,254817
durante le,254722
non riuscì,254616
quando gli,254593
poco prima,254589
le funzioni,254576
la pace,254516
so se,254500
si pone,254351
ore di,254321
ma soprattutto,254252
il fiato,254207
la linea,254154
camera da,254139
la partecipazione,254126
Mio padre,254125
tanto tempo,254101
il cellulare,254083
a piangere,254046
fosse la,254006
tra di,253995
si diresse,253751
da poco,253709
tra un,253689
di carne,253668
attraverso un,253605
che vuole,253537
impressione che,253533
da dire,253528
reato di,253408
sul mio,253374
al più,253361
di recente,253357
a questi,253309
madre di,253202
l' aiuto,253086
ci sarebbe,253061
modo più,253059
te e,252805
porta della,252757
quando aveva,252718
venire a,252559
di se,252463
tempo in,252326
il movimento,252273
la piccola,252204
della responsabilità,252195
del Ministero,252154
luogo in,252083
sempre stato,251995
sul mercato,251899
del cielo,251804
un quadro,251764
di accesso,251714
speranza di,251635
non ancora,251439
di conoscere,251382
della produzione,251380
sono mai,251358
gli alberi,251328
La signora,251237
costruzione di,251218
strumenti di,251126
mano a,250948
qua e,250854
causa del,250839
del credito,250768
storia del,250691
lei lo,250687
a camminare,250544
di Gesù,250437
come me,250315
scelta di,250301
le leggi,250270
il denaro,250208
è lo,250203
per dire,250202
da soli,250161
che c'era,250107
proposta di,250082
La Corte,250060
di salute,249990
aria di,249971
di seguito,249889
volta a,249848
la cena,249822
non ero,249780
Questo comma,249729
il tema,249718
giorno e,249664
di evitare,249603
per cercare,249560
punto in,249503
di qualità,249434
sua mano,249311
il piacere,249251
a cena,249178
che quello,249176
dalle sue,248809
della nuova,248781
Lei non,248781
un semplice,248712
il procedimento,248540
in qualsiasi,248394
casa mia,248249
io a,248200
vigore del,248080
regime di,247949
Lui si,247881
il riconoscimento,247875
della Costituzione,247839
un minuto,247818
quando ci,247769
disse con,247688
ho pensato,247584
che avrei,247421
un accordo,247344
una maggiore,247313
sempre con,247280
o meglio,247225
l' avevo,247192
delle nostre,247150
Il giudice,247110
ma una,247082
loro e,247071
ha già,247060
dei principi,247015
ed a,246986
a credere,246930
sino a,246883
sua presenza,246847
dei contratti,246834
il danno,246831
mi pare,246781
gli ha,246749
una decisione,246704
del debitore,246703
in comune,246629
non credo,246592
di terra,246483
del secondo,246464
di venire,246454
poco dopo,246441
nella sala,246286
più possibile,246284
la spada,246251
suo volto,246151
cuore di,246089
altri due,246022
degli elementi,245907
dei creditori,245886
a scrivere,245872
li aveva,245856
non superiore,245827
del capo,245730
di condanna,245610
Consiglio di,245576
l' autorità,245470
porta di,245470
mondo e,245394
la metà,245391
ancora il,245360
ad es,245317
resto del,245307
qualcosa da,245264
testo unico,245223
alla legge,245147
di parte,245055
troppo tardi,244909
mani di,244807
più vicino,244805
voglio che,244689
dal quale,244668
necessario che,244636
E perché,244604
esempio di,244480
al riguardo,244461
sarebbero stati,244138
a mia,244123
e adesso,244057
del tribunale,244047
il dottor,243987
dei prodotti,243881
come mai,243796
le società,243791
del bilancio,243756
sulle sue,243676
evitare di,243643
sta per,243623
che invece,243559
sempre il,243532
d' ora,243484
mi dice,243252
dire il,243251
che sembra,243248
così da,243214
L' unica,243087
e 2,243038
ha visto,243025
Chi è,243021
aver fatto,243014
di pelle,242990
D' accordo,242811
una gran,242708
l' avevano,242683
a fuoco,242640
in alcun,242637
sai che,242581
ora in,242572
Per una,242312
da loro,242181
Tra le,242177
differenza tra,242172
una seconda,242096
vita a,242060
rapporti tra,242040
Il nostro,242025
la Chiesa,241985
a base,241977
per voi,241951
nello spazio,241920
l' ambiente,241860
le scarpe,241812
della Commissione,241785
i nomi,241756
al solito,241732
i lavori,241698
sono io,241619
nella mente,241598
sua figlia,241496
un errore,241486
in tre,241458
aveva chiesto,241321
delle proprie,241273
della presente,241181
uomini di,241099
sul petto,241038
problemi di,241029
alla nostra,241021
tutto bene,240994
Ai fini,240973
il percorso,240874
e cominciò,240873
sono anche,240795
contrasto con,240758
un breve,240754
o dei,240717
successive modificazioni,240676
È stata,240639
E a,240592
base a,240560
la procedura,240531
confronti della,240476
le opere,240469
trenta giorni,240437
a queste,240409
relazione con,240350
Fino a,240268
Al contrario,240093
che sarà,240085
lui stesso,240038
molto bene,239991
re di,239990
un cane,239983
la conseguenza,239939
invece che,239843
solo l',239836
alla volta,239788
ha preso,239776
alle mie,239771
sue labbra,239653
di mantenere,239518
paura che,239495
evitare che,239361
giorno prima,239303
non vuole,239151
al secondo,239123
Ti ho,239085
mia sorella,238965
la vista,238923
le idee,238908
della comunicazione,238840
uno Stato,238644
di gioia,238615
ci sarà,238604
dei soci,238548
grazie al,238475
diritti di,238459
e là,238455
l' analisi,238387
poi mi,238376
strumento di,238306
attesa di,238216
più difficile,238212
una tale,238169
ancora la,238154
della porta,238142
del cuore,238134
nel testo,238091
per uno,237962
programma di,237942
sulle labbra,237888
noi non,237709
del tipo,237572
il petto,237468
mai avuto,237391
cosa mi,237378
e quasi,237369
che uno,237362
quanto pare,237284
da lì,237240
a morte,237205
da chi,237198
i libri,237195
opere di,237145
essere stata,236998
dietro il,236967
avrebbero potuto,236916
attorno al,236885
l' utilizzo,236702
applicazione della,236655
del secolo,236634
bicchiere di,236628
non potevo,236499
dal primo,236495
dietro le,236484
di plastica,236426
disse a,236404
ad oggetto,236338
i giovani,236324
l' importanza,236323
suoi genitori,236163
del settore,236153
con qualche,236117
dello sviluppo,236113
della ricerca,236075
lui è,236064
A me,236061
un filo,235847
tra due,235846
di dati,235815
avere il,235698
di nuovi,235657
e può,235624
nonostante la,235569
vita è,235566
d' animo,235554
possibilità che,235517
si vuole,235502
delle azioni,235470
pochi minuti,235342
una luce,235260
ogni altra,235203
il paziente,235159
della cosa,235119
il caffè,235040
probabile che,235035
non riesce,234970
i mezzi,234889
fatto per,234871
di atti,234748
nel buio,234709
come di,234566
decreto di,234549
di accertamento,234501
la cultura,234482
in rapporto,234476
in pratica,234436
è facile,234344
per arrivare,234298
di mezzo,234276
diversa da,234261
relazione alla,234256
quella notte,234238
in mancanza,234200
sono solo,234195
conto del,234099
Tra i,234059
i vari,234058
a nord,233935
di rispondere,233892
Era stato,233809
mi fece,233781
anche nella,233776
solo i,233763
il male,233742
pubblica amministrazione,233708
E adesso,233685
non puoi,233656
del paziente,233652
Uno dei,233621
col suo,233548
si lasciò,233483
tua madre,233433
necessario per,233432
e n,233324
poco tempo,233282
diceva che,233110
più avanti,233016
in gran,232944
in gioco,232861
lavoro che,232758
da sé,232698
non siamo,232594
perché in,232546
attraverso una,232546
è tenuto,232500
mi avrebbe,232452
di tenere,232410
definizione di,232299
della chiesa,232280
previsto dall'art,232089
lo fa,232055
di molti,231992
di Napoli,231920
noi stessi,231886
alle loro,231741
tasso di,231605
due uomini,231563
se per,231526
che tra,231450
a sud,231364
a prescindere,231327
dei singoli,231317
anche ai,231316
di nuove,231309
se un,231291
che portava,231270
da mangiare,231233
il cervello,231209
un quarto,231178
del periodo,231102
l' ufficio,231073
così via,231037
una condizione,230972
al tuo,230876
di appello,230786
essere di,230699
il cibo,230694
ritenere che,230675
di libertà,230567
il trattamento,230511
Non avevo,230474
decisione di,230437
in queste,230356
ogni altro,230351
una struttura,230309
la sorella,230282
un paese,230267
sviluppo di,230237
di farsi,230215
il consenso,230160
e sempre,230078
l' arte,230059
quasi sempre,229985
Tu sei,229919
cui ci,229894
ad altre,229839
essere umano,229789
Anche il,229770
il metodo,229578
la folla,229560
lo sono,229537
per prendere,229506
le vostre,229467
tempi di,229413
se era,229398
a New,229393
tutto è,229338
di coloro,229213
così la,229210
la vera,229157
di portare,229121
mai fatto,229120
suo tempo,229116
avuto una,228927
che ciò,228918
un forte,228914
di sentire,228904
a disagio,228892
tono di,228870
l' odore,228819
di quegli,228767
che essi,228727
qual è,228662
Anche in,228452
come aveva,228446
le armi,228419
in lei,228400
sul quale,228399
e perché,228326
di volte,228254
ho sentito,228227
quale l',228144
abbiamo visto,228140
a voce,228113
sul fatto,228102
soggetti che,228090
suoi pensieri,228006
sia pure,227962
dallo stesso,227902
il permesso,227877
pur sempre,227857
gli ho,227833
e basta,227771
e vide,227765
si verifica,227703
quasi tutti,227700
era proprio,227610
le misure,227584
le diverse,227488
fino in,227482
tentato di,227456
motivi di,227399
acqua e,227314
azione di,227283
con più,227177
nei pressi,227060
lettera a,226963
una funzione,226878
Ma l',226785
al cuore,226722
si avvicina,226722
miei genitori,226610
nessun altro,226580
decine di,226565
sia l',226559
la creazione,226523
nei loro,226519
a correre,226493
sulla mia,226468
dei primi,226430
del d.lgs,226419
la pistola,226385
tutto a,226355
le ragazze,226323
quella donna,226302
Stato e,226299
che porta,226268
il bicchiere,226244
In tema,226139
ha lasciato,226135
a mezzo,226130
uomo e,225931
anche alla,225771
la coda,225676
di raggiungere,225623
Il ragazzo,225491
a mangiare,225462
una sedia,225408
a cavallo,225366
sembrava che,225341
miei occhi,225318
una strada,225258
verso un,225245
l' amministrazione,225236
quattro anni,225133
la condizione,225133
la facoltà,225053
una risata,224985
Tutto ciò,224983
un tale,224831
camera di,224751
Non solo,224717
mente di,224695
si guardò,224686
lontano da,224661
perché sono,224647
solo le,224584
la direzione,224542
di interessi,224461
gli animali,224450
quel tempo,224393
nella prima,224301
nell'ambito della,224297
E ora,224295
la giornata,224285
allora che,224270
il limite,224248
può dire,224219
Penso che,224190
proposito di,224147
relazione al,224115
un film,223989
almeno un,223953
questa storia,223929
era successo,223866
andata a,223847
in condizioni,223813
me l',223679
donne che,223619
degli artt,223610
stesso e,223462
questo mondo,223392
i vestiti,223389
lo sa,223338
dopo le,223328
con questa,223309
di seta,223234
nostra vita,223201
di parole,223173
Gazzetta Ufficiale,223153
i requisiti,223037
di lì,222901
l' essere,222755
circa la,222699
quali non,222655
risarcimento del,222620
a raggiungere,222546
la speranza,222502
un viaggio,222329
di buon,222315
sarebbe mai,222287
presso l',222245
gli aspetti,222219
tutti questi,222076
del fiume,222036
la memoria,221960
gli fece,221890
certo senso,221877
pronta a,221871
condizione che,221858
qualche anno,221641
la teoria,221536
dei requisiti,221502
la salute,221481
Un uomo,221461
avrei potuto,221452
Per fortuna,221351
tende a,221344
dagli altri,221301
di lasciare,221230
anno di,221207
Mia madre,221191
esigenze di,221145
qualche istante,221140
mese di,221138
un essere,221068
il suono,221051
con nota,220988
il contrario,220957
tu mi,220955
portare a,220894
centro del,220754
fra la,220573
il capitano,220531
il terreno,220526
portato a,220465
primo piano,220430
Con l',220353
Anche la,220337
i lavoratori,220291
una scelta,220291
ben presto,220282
e spesso,220165
che spesso,220100
comma dell'art,219912
morte del,219863
si aprì,219859
ragioni di,219764
di creare,219735
o si,219706
di garanzia,219703
fatto in,219667
alla stessa,219578
allo stato,219546
una vecchia,219436
l' ingresso,219398
Ma in,219366
grande e,219345
che abbiano,219223
che avete,219215
dare una,219197
la bambina,219183
un percorso,219182
Dio e,219154
proprio a,219059
smettere di,219020
enti locali,219008
è sufficiente,218990
per motivi,218977
mano sul,218913
non essendo,218910
suoi amici,218688
tenuto a,218501
le varie,218390
molti anni,218364
lo sapeva,218299
fare qualcosa,218290
della cucina,218167
a più,218146
mio figlio,218078
Ad esempio,218073
ricordo di,217989
in compagnia,217885
la determinazione,217733
un evento,217729
il mercato,217628
libro di,217579
è andato,217482
principio della,217367
il letto,217357
famiglia e,217330
lo era,217305
può avere,217235
l' occhio,217233
avevano fatto,217225
la sanzione,217181
e noi,217181
con riguardo,217116
dei costi,217088
di storia,216991
si trovavano,216934
fini del,216905
che esso,216882
il segno,216846
Non l',216842
ad uno,216754
Il secondo,216664
braccio e,216553
una macchina,216517
un mezzo,216373
la frase,216333
o tre,216248
me non,216166
era anche,216145
nella casa,216126
il messaggio,216107
in gola,215991
L' idea,215980
procedure di,215964
ci è,215895
aveva ancora,215807
mio amico,215802
di prodotti,215752
Se è,215744
to the,215739
dare un,215664
altre cose,215659
pensato di,215642
i seguenti,215631
Tu non,215605
in discussione,215603
che qui,215586
alzò e,215574
mondo che,215554
con voi,215513
dei cittadini,215347
quel periodo,215284
poi a,215244
la base,215195
e nessuno,215181
Se ne,215158
in aria,215133
di difesa,215126
Non vi,215123
suo amico,215069
miliardi di,214910
di vigilanza,214849
una porta,214845
di rischio,214807
su quella,214803
di cinque,214782
o almeno,214777
mai stata,214733
caso che,214721
qualche cosa,214713
sua morte,214409
la misura,214401
Da un,214355
ancora oggi,214353
Italia e,214323
sapendo che,214318
Il tempo,214206
aveva in,214177
la pioggia,214147
senza un,214147
lungo e,214092
la nascita,214073
cenno di,213955
il gioco,213919
fatto è,213870
tua vita,213863
tutto quel,213852
di passare,213848
come fosse,213809
senza di,213629
il fiume,213605
avevo mai,213456
che dopo,213365
ai nostri,213318
mi era,213302
non fare,213286
fare i,213267
Di solito,213264
vi era,213259
Le disposizioni,213238
d' occhio,213209
si allontanò,213122
ha l',213119
che ormai,213102
in acqua,213101
è qui,213081
ci fu,213066
più e,213045
l' eventuale,212968
mentre lui,212895
pare che,212865
giorni prima,212846
lei a,212810
di stato,212769
natura e,212692
soprattutto per,212533
della salute,212516
giorni dopo,212440
presidente del,212343
la tensione,212311
dei valori,212300
la carne,212276
di gran,212257
da anni,212246
riusciti a,212102
mettere a,212086
impressione di,211997
il tono,211870
si muove,211857
ma questo,211848
molto di,211839
esigenza di,211838
tutela del,211791
figlia di,211790
il territorio,211786
alla propria,211702
solo nel,211688
per farlo,211609
bene a,211568
a forma,211556
commi 1,211543
tutte queste,211481
articolo è,211480
problema di,211406
loro di,211398
la camicia,211381
come al,211308
era riuscito,211277
era uno,211205
della prova,211166
cosa fare,211126
le orecchie,211099
funzioni di,211090
di dieci,210974
mentre gli,210847
delle opere,210839
spese di,210829
dalla porta,210799
da quanto,210772
si disse,210764
Io ho,210663
di gente,210589
beni e,210524
nelle quali,210450
a stare,210388
aveva appena,210374
il regime,210334
di fiducia,210300
la vendita,210278
la vecchia,210273
di attuazione,210245
buona fede,210240
il codice,210217
qualunque cosa,210213
In seguito,210103
E l',210062
tre volte,209985
quasi a,209980
mia famiglia,209950
l' alto,209887
Il signor,209780
alla casa,209757
dal mio,209750
e 3,209749
La risposta,209742
nel sistema,209739
sicuro di,209694
sulla terra,209674
l' auto,209548
a qualsiasi,209523
un effetto,209523
moglie e,209504
una semplice,209491
la sede,209480
niente da,209299
di fondo,209280
Ma quando,209227
anche nei,209193
i cittadini,209179
la fase,209049
viene a,208983
a tenere,208914
dell'Unione europea,208860
famiglia di,208848
Non appena,208824
le immagini,208813
guerra mondiale,208784
e dove,208779
un movimento,208759
delle finanze,208712
se sono,208607
momenti di,208586
ragione di,208579
per ciò,208574
dal letto,208562
per così,208502
A norma,208456
La legge,208445
una o,208440
mio marito,208402
ed alla,208376
fa un,208277
tale che,208228
delle funzioni,208159
di Dio.,208146
le pareti,208086
era andato,208044
una sensazione,208013
e sui,208010
gli enti,207991
nome e,207985
Lui non,207976
le luci,207912
frutto di,207862
di acquisto,207834
si chiese,207833
La maggior,207825
la somma,207812
l' organizzazione,207774
afferma che,207769
della struttura,207762
che vuoi,207712
È così,207674
la rabbia,207670
che voi,207620
l' assenza,207569
un campo,207512
di voce,207496
ad arrivare,207483
al principio,207478
in forza,207404
compagnia di,207399
gli è,207322
è andata,207313
sua sorella,207238
una forza,207209
su come,207164
proprio il,207107
codice penale,207055
degli stessi,207029
in Giur,207023
non il,207021
a condizione,207011
la costituzione,206994
della decisione,206979
gli studi,206933
vista di,206903
l' energia,206892
su e,206869
di assicurazione,206730
quanto tempo,206640
le risorse,206581
una giornata,206574
in braccio,206560
che devono,206533
del sangue,206517
quegli anni,206480
fare in,206436
una forte,206433
nell'ambito di,206385
suo fianco,206380
riforma del,206376
può anche,206367
Non hai,206347
e subito,206291
i conti,206288
della comunità,206262
la proposta,206209
un ordine,206181
del lavoratore,206173
un dato,206135
qualche volta,206023
in Inghilterra,205956
di bilancio,205864
un atteggiamento,205792
dato il,205778
tra noi,205748
che fossero,205735
in conformità,205695
il personale,205686
C'è un,205621
comma 6,205584
le guance,205566
in posizione,205524
si mosse,205505
degli effetti,205447
di diventare,205352
la violazione,205347
trovare il,205308
come tale,205256
l' età,205223
affermare che,205189
con attenzione,205178
secondo l',205172
non significa,205087
nei primi,205062
cosa non,205048
dal comma,204946
cominciarono a,204934
in bagno,204918
Foro it,204917
volto di,204904
al mare,204891
lei che,204877
i pensieri,204859
un tavolo,204723
riguarda il,204701
La seconda,204695
non tanto,204626
di classe,204461
il sorriso,204425
della giornata,204423
della causa,204385
amore e,204368
a quei,204297
Gli uomini,204286
la fede,204223
la massima,204221
Ma perché,204194
odore di,204190
Gli altri,204190
lo svolgimento,204148
in Germania,204118
non possa,204118
la disposizione,204118
ad essa,204062
a fissare,203982
sulla fronte,203876
ne andò,203834
quanto fosse,203794
è davvero,203785
le sopracciglia,203784
e perciò,203774
mise in,203747
il cane,203702
la consapevolezza,203666
prese a,203507
mai di,203498
di pane,203352
preso in,203348
D' altra,203333
della tutela,203309
mai a,203252
in terra,203246
la terza,203203
non sembra,203162
trovare una,203149
si rivolse,203076
sono a,203028
alta voce,202970
l' azienda,202922
presidente della,202906
il colore,202879
A proposito,202844
cosa ci,202767
circa il,202717
del rischio,202667
cui ai,202611
di sostegno,202589
voce che,202580
cominciava a,202566
del fondo,202489
inserito dall'art,202457
vedere se,202401
i provvedimenti,202397
formazione di,202368
dove l',202351
un insieme,202327
lui mi,202256
i punti,202251
a fianco,202247
nella zona,202222
aveva trovato,202176
delle operazioni,202175
di nome,202159
le nuove,202114
alla testa,202088
è del,202007
è diventato,201980
del marito,201921
non un,201900
il vino,201845
mi sentivo,201814
ha più,201803
sotto un,201771
insieme al,201743
prendere in,201732
Per me,201696
e andò,201651
Il che,201629
nelle loro,201628
l' orologio,201587
di assistenza,201573
Ma per,201466
contro gli,201454
luce della,201447
una figura,201443
era per,201272
bianco e,201242
da casa,201230
di qualcuno,201218
il massimo,201159
più del,201149
di ordine,201072
riguardo alla,201055
un albero,201030
era diventato,201025
qualche tempo,201016
di sorveglianza,200992
altre persone,200941
momento del,200888
Consiglio dei,200827
anni che,200777
a diventare,200728
non volevo,200713
cui lo,200689
dentro il,200646
e prese,200613
di rendere,200602
la regola,200598
termine per,200577
non inferiore,200528
momento non,200517
disse lei,200492
si fanno,200473
una breve,200407
queste parole,200356
in pieno,200355
si chiamava,200330
le fece,200316
un segno,200165
quindi la,200104
della proprietà,200091
caso il,200063
Da quando,200047
nel tentativo,200002
Nel corso,199911
nella fase,199872
sul lavoro,199868
La nostra,199841
di partecipazione,199821
non poté,199806
il quadro,199758
il passato,199710
e servizi,199661
del prodotto,199540
dei processi,199516
tecniche di,199486
già da,199461
me stessa,199444
se stesse,199396
di crescita,199378
della lingua,199269
nel contesto,199260
ogni anno,199236
pochi giorni,199217
poi non,199211
il trasferimento,199204
modi di,199180
è rimasto,199143
solo da,199075
a rispondere,198880
il principe,198880
non potevano,198868
di agire,198860
aveva più,198820
alto e,198812
la colpa,198793
vide che,198748
al petto,198745
ben più,198745
due ore,198662
in ospedale,198624
ed un,198595
Prima che,198421
un livello,198363
possesso di,198346
dotato di,198343
in piena,198269
questi casi,198259
gli occhiali,198230
immagine di,198225
al decreto,198188
di appartenenza,198187
del D.Lgs,198183
punta di,198178
durante i,198152
quanto mi,198135
sulla schiena,198109
per forza,198088
del reddito,198045
vita in,198001
il prodotto,197952
le relazioni,197939
alcuni casi,197912
proprio di,197906
La gente,197838
per primo,197834
gestione del,197819
in Foro,197766
i soldati,197762
si mette,197757
la superficie,197723
ho sempre,197683
si apre,197559
di esercizio,197549
Questo articolo,197543
di intervento,197524
il calore,197506
moglie di,197475
di piacere,197424
una decina,197367
sono già,197307
luce di,197294
Ogni volta,197223
posto che,197183
aveva deciso,197147
agli artt,197116
è l,197100
un programma,197056
alle persone,197006
un gioco,196977
favore del,196897
messa a,196867
de l',196780
Mi sembra,196750
Ecco perché,196737
per nulla,196699
cambio di,196662
Il diritto,196594
lungo le,196544
la zona,196530
mezzo alla,196519
più giovane,196495
le ultime,196473
In altre,196442
la sospensione,196416
sua bocca,196399
delle regole,196334
il ricordo,196302
il medesimo,196296
senso della,196292
quota di,196201
di qui,196054
del regolamento,196032
politica e,195963
dello spazio,195933
Questa volta,195894
destinato a,195890
la materia,195885
di ritorno,195876
ha dichiarato,195806
decina di,195801
per alcuni,195756
fare l',195615
raggiungere il,195594
il direttore,195585
che Dio,195539
tutto in,195514
io che,195467
prendere la,195448
il destino,195421
si trattasse,195412
su quello,195370
più un,195357
una simile,195357
forza e,195348
più semplice,195250
a qualcuno,195235
cui ha,195233
e ben,195211
pur non,195206
degli articoli,195198
carico del,195129
a creare,195084
i membri,195048
della scienza,194939
con cura,194923
la coscienza,194911
parte e,194838
La storia,194812
un contesto,194810
che riguarda,194803
erano i,194729
ma gli,194708
A quanto,194664
di diritti,194599
un giudizio,194593
della gestione,194585
nell'ambito del,194583
risultato di,194532
potesse essere,194506
e tra,194465
numero dei,194373
di restare,194319
un ambiente,194317
a malapena,194266
andare avanti,194252
inizia a,194251
della verità,194197
d' Israele,194168
suo modo,194073
quella dei,194059
stato per,194042
d' aria,194040
si ritiene,193972
Io e,193911
perché lo,193860
dalla quale,193801
le prove,193794
una somma,193760
la luna,193654
in ufficio,193617
figura di,193589
le tre,193572
in concreto,193504
il fondo,193497
la proprietà,193460
della funzione,193440
pensò che,193351
e sociale,193347
alcun modo,193345
del D.P.R.,193335
pensiero che,193224
di buona,193186
pur di,193176
i nuovi,193160
finta di,193157
l' adozione,193113
egli non,193092
stava facendo,193059
alle altre,193035
dei problemi,193030
o ad,192998
Nello stesso,192949
rete di,192846
pagamento di,192845
della gente,192828
Ma anche,192706
un aumento,192694
in pericolo,192692
la dottrina,192655
mano per,192588
debba essere,192546
di fiori,192538
la crisi,192511
Ma a,192508
simili a,192503
ti prego,192467
mal di,192463
E si,192431
di lacrime,192425
alcuni dei,192412
a chiedere,192371
La stessa,192340
in America,192340
Non le,192322
della conoscenza,192194
loro volta,192098
cuore e,192080
che me,192037
tazza di,192002
a tutta,191893
sua testa,191875
poi le,191832
nel giro,191825
il divieto,191819
sociali e,191733
della dichiarazione,191728
consegue che,191727
a pezzi,191616
Lei è,191592
la bellezza,191489
Il tuo,191447
io ti,191400
che nei,191377
e qualche,191346
sulla soglia,191319
problema della,191302
o delle,191282
da dietro,191183
nel termine,191178
li ha,191083
tutti quelli,191077
applicano le,190923
visto il,190891
però che,190876
ha messo,190870
aveva portato,190813
se fossi,190801
parte il,190753
alla prova,190710
mia mente,190667
soltanto un,190652
che adesso,190604
di morire,190569
i grandi,190521
quello dei,190515
applicazione di,190502
ed al,190372
hanno una,190267
E i,190257
si chinò,190222
fronte di,190195
della prestazione,190195
obiettivo di,190195
pari al,190108
quanto più,190052
imparato a,189965
stile di,189835
di oggi,189805
si basa,189767
verso una,189736
si vedeva,189646
voleva che,189573
in scena,189537
sia a,189526
vivere in,189517
come mi,189517
su questa,189427
delle parole,189399
i diversi,189344
Non riesco,189332
accorse che,189319
scoperto che,189303
giorno del,189272
continuato a,189268
c'è il,189230
di rabbia,189228
insieme con,189207
della mente,189197
come già,189132
tutela della,189121
realtà non,189093
È solo,189084
l' amico,189072
gli oggetti,189057
come abbiamo,189037
capì che,188972
far parte,188969
più bella,188960
sotto forma,188943
disposto a,188921
il Consiglio,188911
così il,188890
tal fine,188851
il minimo,188778
aveva messo,188775
in proposito,188775
da queste,188772
la lettura,188714
riferimento alle,188710
è invece,188594
un servizio,188562
secondo quanto,188561
di capitale,188555
tirò fuori,188511
e tutte,188502
filo di,188492
quando un,188388
non c'erano,188367
per molti,188347
essere così,188329
alla lettera,188318
d' impresa,188269
nome della,188235
il proprietario,188216
sul territorio,188199
qui e,188164
la dimensione,188150
sguardo e,188146
il linguaggio,188117
dalla stanza,188103
chi lo,188097
costretta a,188095
sul retro,188060
degli ultimi,188056
al pensiero,188040
del centro,187999
o due,187955
un pensiero,187868
gli obiettivi,187864
più spesso,187850
propria vita,187826
limiti di,187825
non come,187796
a bassa,187756
Di conseguenza,187729
delle più,187674
una prima,187454
University Press,187447
controllo di,187428
di viaggio,187424
disse lui,187412
E lei,187412
Se lo,187411
lui con,187328
non sapevo,187169
di trattamento,187165
la parete,187123
un caffè,187101
quasi un,187084
per tornare,187080
quando lui,187011
a fatica,186954
della luce,186908
importante per,186862
o dal,186824
prima ancora,186818
si manifesta,186805
era quasi,186734
è al,186727
luogo a,186691
di quando,186657
quello in,186655
ma ora,186633
dove i,186571
caso la,186432
i processi,186391
di ciascun,186345
La porta,186342
altri termini,186332
è presente,186328
interventi di,186320
e indietro,186301
raggiungere la,186278
voltò verso,186238
persone e,186193
mi sarei,186191
lei gli,186165
sempre e,186129
primi anni,186124
nelle spalle,186122
due mesi,186046
e quel,186019
dei risultati,185996
era rimasta,185988
mediante la,185895
come sono,185883
nei miei,185870
di poco,185859
è quindi,185852
del minore,185846
se qualcuno,185804
avesse fatto,185801
della ragazza,185797
di scuola,185773
soltanto per,185765
l' equilibrio,185744
per ragioni,185724
questo motivo,185693
Si alzò,185692
le esigenze,185613
si trovò,185598
certo non,185558
di coscienza,185546
dalle parti,185528
di sale,185520
al diritto,185453
categorie di,185440
da tre,185438
Non puoi,185435
nel cielo,185388
viso di,185365
ma perché,185363
da far,185363
modificato dall'art,185325
almeno per,185303
Non che,185238
come te,185189
sala da,185176
almeno una,185154
cosa di,185152
capo della,185149
il corridoio,185135
gli avrebbe,185101
la competenza,185082
sulla testa,185006
trovare la,184998
se fossero,184978
alla persona,184922
la presa,184888
di costruire,184884
in contrasto,184862
che come,184824
giorno successivo,184822
sotto di,184774
a cosa,184771
sue braccia,184713
noi e,184711
con quelle,184684
notare che,184669
delle misure,184631
sia possibile,184622
delle forze,184600
amore per,184578
sua espressione,184539
il pericolo,184535
posso fare,184510
guardò con,184471
Sapeva che,184429
come lei,184403
dovrà essere,184402
dei tempi,184391
di analisi,184383
tanto di,184361
principi di,184327
L' ultima,184322
sul volto,184304
erano le,184293
necessarie per,184285
come tutti,184269
del movimento,184107
la crescita,184080
sono qui,184003
valore della,183924
aveva ragione,183867
detto a,183854
È come,183849
degli strumenti,183785
ammettere che,183782
in se,183780
difficile da,183740
sei un,183720
stare in,183706
si legge,183695
via via,183693
Un po,183675
la scienza,183673
la sala,183664
su quel,183642
distanza di,183608
era tutto,183589
ancora che,183539
una realtà,183486
quale era,183464
parlato con,183458
c'è la,183434
Non può,183423
obblighi di,183385
letto con,183379
con sentenza,183354
si strinse,183348
che vanno,183337
così a,183332
Il nuovo,183264
sua attenzione,183231
ad ascoltare,183215
Qual è,183145
di caffè,183108
l' acquisto,183099
bocca e,183076
sicurezza e,183075
ha scritto,183006
destra e,182951
vedere che,182883
per trovare,182857
e fa,182856
alla tua,182849
per anni,182818
civile e,182773
il corso,182753
il dito,182724
del numero,182651
l' opportunità,182642
Il cuore,182641
capitale sociale,182631
era lì,182629
né di,182620
ci aveva,182619
così dire,182596
tanti anni,182532
fa parte,182529
donne e,182529
al caso,182511
parte che,182447
lo stomaco,182425
a bere,182386
i motivi,182343
siano stati,182312
delle relazioni,182296
del Nord,182279
mesi di,182200
di giudizio,182198
in evidenza,182166
tipologie di,182131
si svolge,182103
un approccio,181981
il successo,181937
ci hanno,181936
lo strumento,181932
l' operazione,181898
di dollari,181891
diritto al,181862
In questi,181851
d' ingresso,181816
nessuno di,181806
il programma,181797
più alta,181795
la tesi,181780
l' argomento,181755
si ferma,181745
in fase,181741
l' area,181685
delle politiche,181655
ed altri,181620
sulla sedia,181620
le stelle,181592
di fuoco,181550
da allora,181521
di quattro,181498
altra cosa,181491
interesse per,181490
Ti prego,181486
l' esame,181426
bottiglia di,181406
Spero che,181397
i muscoli,181377
studio di,181376
la medesima,181360
hanno la,181342
si occupa,181307
fin da,181258
Stato di,181199
subito a,181160
due settimane,181138
le chiavi,181122
conto delle,181095
sono due,181071
di lavorare,181009
la settimana,180954
in luogo,180929
di pensiero,180884
del prezzo,180867
il debitore,180856
sembra di,180846
è fatta,180845
fuori del,180842
da vicino,180836
dei documenti,180829
sono così,180651
se vi,180645
parlato di,180623
fu una,180620
salute e,180568
senza alcun,180559
più presto,180533
gli abitanti,180503
al muro,180495
requisiti di,180459
tu hai,180446
da poter,180431
i sensi,180428
a venire,180411
pensa che,180346
sono tutti,180325
fra l',180318
di successo,180272
lettera di,180224
seguito della,180210
perché gli,180207
dalla loro,180111
nel secondo,180048
cosa ti,180045
che dal,180012
i colori,180011
a giocare,179998
con calma,179987
amici e,179978
presente legge,179964
la distanza,179934
né il,179890
tenendo conto,179864
le cause,179862
relative alla,179847
L' altro,179818
una più,179769
di lato,179753
prova di,179740
Ma era,179733
avrebbero dovuto,179714
di mare,179698
qualche secondo,179698
la carta,179662
che veniva,179564
sua stanza,179548
Forse non,179525
tutti quei,179523
del modello,179500
agli articoli,179497
ad aprire,179493
O forse,179477
membri della,179401
l' agente,179338
non riuscivo,179310
né la,179291
essa è,179271
lavori di,179226
volta per,179184
del trattamento,179172
è chiaro,179161
davanti ai,179158
nulla da,179108
per altri,179054
incontro con,178918
un ottimo,178896
