ngram,freq
in grado di,2075767
di cui al,1697349
a cura di,1625922
po ' di,1433670
la prima volta,1245398
di cui all'art,1166354
un paio di,1146445
punto di vista,1129286
di cui all'articolo,1122315
in caso di,1107247
in materia di,1085305
in cui si,1065349
la possibilità di,1035801
che non si,964170
una serie di,958662
il fatto che,905606
al fine di,879756
momento in cui,865596
e la sua,864599
in cui il,857393
cui al comma,843279
si tratta di,841698
in quel momento,814943
ai sensi dell'art,810596
una sorta di,771889
tutto ciò che,764731
per la prima,762508
da parte del,750994
da parte di,743222
in cui la,742214
e il suo,734929
con la sua,733581
caso in cui,727891
in modo che,702683
tutto quello che,701677
"che , in",697130
non può essere,694034
di tutti i,672837
nel caso di,671536
di fronte a,656854
per la sua,655409
che non è,653862
in modo da,653193
una specie di,643676
di quello che,625354
in questo caso,623464
più o meno,618082
di tutte le,615254
la maggior parte,612354
di ciò che,588717
e i suoi,588255
a sua volta,584988
modo in cui,576245
anche se non,555675
in qualche modo,554215
il diritto di,546342
con il suo,541445
al di là,535975
con gli occhi,532134
che si era,530014
"e , in",529646
in ogni caso,527603
e / o,525025
Si tratta di,518063
da un lato,512991
ancora una volta,506822
"convertito , con",505263
in cui l',493831
"che , per",488594
in termini di,485352
in tema di,482533
nel caso in,476187
ai sensi dell'articolo,476169
nei confronti di,476116
dal punto di,473376
entrata in vigore,472901
che il suo,465266
datore di lavoro,464533
come se fosse,464003
"No , non",460103
ciò che è,460026
che la sua,455690
gli occhi e,453161
la presenza di,452924
non si può,451462
a che fare,449823
tutti gli altri,445180
che non era,444153
fino a quando,440645
il tempo di,435717
"che , se",434858
che si è,433293
ogni volta che,432246
con i suoi,427713
i suoi occhi,421703
in sede di,419492
al comma 1,415257
per tutta la,413093
a tutti i,412976
il nome di,412126
non riusciva a,412117
un certo punto,410181
dal momento che,408360
In ogni caso,407143
del fatto che,400852
la necessità di,399547
in questo modo,396961
ha detto che,391772
ai fini della,389038
con un sorriso,388583
l' idea di,388115
scosse la testa,383868
con le mani,381351
per il suo,381137
nei confronti del,376694
"che , a",376324
non è un,373853
di cui si,371029
la capacità di,367839
In caso di,367032
un gruppo di,366268
non aveva mai,365818
della sua vita,362817
che fare con,362089
al di fuori,361676
in presenza di,361116
in cui è,356912
e che non,354603
con le sue,352936
che non aveva,352884
che non ci,352263
che non mi,350962
nel momento in,350569
la sua vita,349399
"che , come",349088
e le sue,347280
e per la,346652
sulla base di,345730
a meno di,345268
un sacco di,344356
con la mano,342550
ai sensi del,342449
tutta la sua,341492
di entrata in,340956
la testa e,340159
in tutte le,340007
del decreto legislativo,339597
da parte dei,338883
per un attimo,337387
da una parte,336639
e con la,336358
si mise a,333744
maggior parte dei,332053
di un uomo,331944
casi in cui,330979
vera e propria,330939
su di lui,329814
vero e proprio,329806
dal fatto che,329762
in tutti i,329044
per tutto il,328153
non si era,327737
e non si,327390
il caso di,326987
data di entrata,326461
a quello che,325775
nel senso che,324081
a tutte le,324023
a decorrere dal,323129
con lo sguardo,322551
non è più,321619
per un po,320650
"modificazioni , nella",320591
allo stesso tempo,319026
il suo nome,318975
tratta di un,318447
si rese conto,318438
Non lo so,318189
mi ha detto,317128
il suo corpo,316958
un punto di,316385
non si è,315691
vale a dire,315663
il suo sguardo,315228
un uomo che,315002
"e , per",314504
prima volta che,314172
per quanto riguarda,312401
giorno in cui,312210
in tutto il,311765
il numero di,310167
si trattava di,310156
che non sono,309846
di non essere,306761
e gli altri,305915
Presidente della Repubblica,305625
in cerca di,304506
fare a meno,304259
In quel momento,303540
del diritto di,300504
è quello di,300456
l' obbligo di,299594
a meno che,297714
per il quale,297461
po ' più,296703
da parte della,296292
che non ha,295931
con la testa,295194
per i quali,294694
che mi ha,293829
in cui le,293477
il momento di,293047
di andare a,291261
più di un,290961
verso di lui,290307
in cui non,288543
con gli altri,287493
così sostituito dall'art,287050
A quel punto,286814
con la quale,286567
Per quanto riguarda,286112
non ci sono,285586
In questo caso,284301
tanto in tanto,284271
che non sia,284027
di un altro,283969
di tutti gli,282104
tutto il mondo,281342
da qualche parte,280079
il modo in,279713
di cui agli,279116
il potere di,278928
il rischio di,277899
al tempo stesso,277399
come se non,276647
a quel punto,276045
di per sé,275938
ancora di più,275754
nel corso del,275725
di cui alla,274687
tra le mani,273113
a questo punto,272079
a partire dal,271872
il coraggio di,271583
dalla data di,271414
la mia vita,270242
tutto il tempo,269097
in cui i,269009
tratta di una,268402
tutti i giorni,266619
è in grado,266421
che è stato,265773
che se ne,264771
alla fine del,264566
a causa della,264518
quello che è,264185
A questo punto,263454
del Presidente della,263258
tutte le sue,262455
tutti i suoi,261865
in base al,261769
codice di procedura,261750
alla ricerca di,261502
a tutti gli,261165
al momento della,261005
alla data di,260506
le modalità di,260444
su di me,260285
la sua voce,259900
a causa di,259818
di fronte alla,258715
il concetto di,258024
il compito di,257458
ha bisogno di,256726
in quel modo,256523
"e , quindi",255731
comma è stato,255507
si tratti di,255472
"e , se",255007
la morte di,253780
a ciò che,253764
Nel caso di,253471
su di lei,253344
della mia vita,253110
in tutta la,252897
per questo che,252100
in mezzo a,252053
non se ne,251939
non è mai,251216
tra le braccia,250824
che era stato,250098
a quel momento,249923
nei confronti dei,249460
fino a che,249416
decreto del Presidente,249221
tutta la vita,249016
disposizioni di cui,248579
non è stato,248146
in vigore della,248074
ma non è,247821
l' esistenza di,247769
a seguito di,246328
un senso di,246017
o di un,245759
camera da letto,245521
a un certo,245251
verso di me,245163
la stessa cosa,244708
e se ne,244609
non è una,244576
per lo più,244468
per quello che,244414
che non lo,243902
a norma dell'art,243794
negli Stati Uniti,243283
del presente decreto,241414
a partire da,241189
rapporto di lavoro,241170
al fatto che,240405
non possono essere,239840
in questo momento,239187
in vigore del,238837
in base alla,238725
è stato così,238061
"che , nel",236978
e successive modificazioni,236902
Questo comma è,236856
e per il,236811
nei confronti della,236519
in un altro,236137
in tal caso,235688
un sistema di,234892
con il quale,234784
tra i due,234112
di tutto il,234070
di fronte al,233248
l' uomo che,232831
è quello che,232669
prima o poi,232327
maggior parte delle,232253
al di sopra,231013
allo scopo di,230895
tra l' altro,230667
del codice di,229993
in un certo,229719
di quelli che,229646
qualcosa che non,229155
la mano e,229117
non riesco a,227968
gli occhi di,227656
tutto il resto,226873
più di quanto,226618
di mio padre,226106
del codice civile,226012
con tutte le,225872
il modo di,225513
un pezzo di,225286
una cosa che,225158
in assenza di,224615
il resto della,224350
e l' altro,223679
per la quale,223567
tornare a casa,223411
il desiderio di,223131
che può essere,222760
non è possibile,222633
in tal modo,222612
a titolo di,222423
fatto che la,222338
la voce di,222292
di tanto in,222149
qualcosa di più,221968
di suo padre,221836
e non è,220658
verso di lei,220523
fatto che il,220301
se non fosse,219099
in un modo,218547
a quello di,218434
questo tipo di,218408
un vero e,218385
poco a poco,217982
e così via,217643
In tema di,215636
motivo per cui,215592
che l' aveva,215198
di non aver,215139
bisogno di un,215136
le persone che,214407
sotto il profilo,214344
una vera e,214327
risarcimento del danno,214155
sul punto di,213938
nel corso della,213356
allo stesso modo,212976
non ho mai,212810
ciò che si,212629
in relazione alla,212458
luogo in cui,211887
e con il,211226
un certo senso,211158
tutte le altre,211104
le mani e,211063
alle sue spalle,210876
l' ora di,210377
il termine di,210254
non avrebbe mai,210064
la forza di,209993
per la loro,209704
il principio di,209502
aveva bisogno di,209086
tutto il giorno,208956
In questo modo,208902
l ' uomo,208472
di uno dei,208438
per andare a,208372
in un angolo,208236
in primo luogo,208117
fino a quel,207585
l' impressione che,207558
non ha mai,207212
uno o più,207158
non è vero,206925
parte di un,206717
è vero che,206532
uno dei suoi,206192
per le quali,206154
della legge n,206101
in contatto con,205811
l' ultima volta,205646
rese conto che,205354
di una donna,205302
di cui non,205289
e non solo,205106
il senso di,205016
non è il,204980
La maggior parte,204826
a New York,204683
come si è,204672
un periodo di,204277
la mancanza di,204131
di una persona,203853
e cominciò a,203803
e con un,203481
tutti e due,203230
D' altra parte,202609
in attesa di,202352
quello che mi,202319
l ' altro,201661
una forma di,201556
non riuscì a,201243
In tal caso,201068
tutte le cose,200883
di coloro che,200835
che i suoi,200751
la sensazione di,200712
e che la,200336
ad alta voce,199815
quello che si,199714
di tutta la,199584
il processo di,199471
le cose che,199160
e si era,198856
a se stesso,198001
di primo grado,197714
più di una,197527
di cui ai,197089
due o tre,196783
una volta che,196324
"che , con",196169
è quella di,196122
che non può,195770
che il mio,195295
"e , con",195204
con la stessa,193901
in tal senso,193751
in cui era,193570
dentro di me,192794
unica cosa che,192769
e che si,192690
l' idea che,192441
per un istante,192257
A norma dell'art,192192
al suo posto,192152
in relazione al,191945
il bisogno di,191787
per il fatto,191636
presenza di un,191485
un modo per,191477
e della sua,191433
"e , quando",191398
tra le sue,191368
una di quelle,191261
in base a,190327
stato così sostituito,190302
e con le,189750
verso la porta,189700
se non si,189650
non è che,189617
a favore di,189195
quello che aveva,189143
che la mia,188971
che si sono,188843
se ne andò,188626
a forma di,188545
la cosa più,188437
sul fatto che,188306
uno stato di,187460
con nota di,187443
"e , come",186630
in alcun modo,186494
che non avrebbe,186414
di un nuovo,186356
a casa sua,186103
nel tentativo di,186007
I suoi occhi,185434
non era più,185252
meno che non,185100
di lavoro e,184992
e l' altra,184851
in mezzo alla,184818
a quella di,184721
ma non si,184616
articolo è stato,184576
non si sarebbe,184392
cui si è,183946
e la loro,183384
diverso da quello,183335
di sua madre,183132
di una nuova,182615
al suo fianco,182428
a loro volta,182231
di mia madre,182208
il tipo di,181765
il punto di,181674
e di un,181275
come se avesse,181093
per i suoi,181088
sempre di più,181052
che è un,180789
Questo articolo è,180507
avanti e indietro,180480
il più possibile,180111
per un momento,179830
che l' uomo,179464
sotto forma di,179456
una mano sulla,179425
e che il,179371
per così dire,179367
il fatto di,179274
che non hanno,179256
la sensazione che,179237
quello che era,179211
non è così,179151
qua e là,178838
nel corso di,178665
tutto il suo,178470
punto in cui,178435
a casa di,178401
e in particolare,178294
del presente articolo,178213
di non avere,177907
per il momento,177888
a base di,177350
la fine del,177329
nello stesso tempo,177162
a quando non,176911
degli Stati Uniti,176866
da parte degli,176741
nel giro di,176343
con cui si,176309
"e , a",175845
che possono essere,175839
a carico del,175690
"lui , e",175511
l' impressione di,174889
chiuse gli occhi,174768
il giorno dopo,174465
In altre parole,173789
e alla fine,173548
che sarebbe stato,173499
del principio di,173190
di lui e,173121
la sua famiglia,172863
dopo la morte,172635
Il fatto che,172630
della Corte di,172621
per tutti i,172072
In questo senso,172029
non vi è,172003
che è il,171956
si accorse che,171949
la pena di,171761
nei suoi confronti,171645
non è stata,171590
che è la,171025
che non ti,170875
da parte delle,170828
in cui sono,169987
"Sì , ma",169971
"che , pur",169932
dire il vero,169580
per un periodo,169512
tutta la notte,169504
la porta e,169441
di questo tipo,169356
lo stato di,169174
ho bisogno di,168800
fino in fondo,168638
le braccia e,168013
che tu non,167832
Non ho mai,167794
"modificazioni , dalla",167792
la richiesta di,167655
"e , soprattutto",167619
del rapporto di,167601
e gli occhi,167353
di un sistema,167219
e un po,167151
che si tratta,167146
una donna che,166565
Questo è il,166401
a cui si,166333
e di una,166057
a condizione che,165756
parte in cui,165650
la vita di,165520
non riesce a,165483
cui al presente,165468
verso l' alto,165289
al centro della,164840
si alzò e,164827
e la mia,164620
di me e,164548
di una delle,164524
del lavoro e,164407
Questa è la,164397
una decina di,164341
non era mai,164172
in un momento,163970
a causa del,163959
tra le due,163946
Ogni volta che,163761
era riuscito a,163686
diversa da quella,163464
"e , dopo",163437
e il mio,163428
di nuovo la,163295
Nel caso in,163257
al comma 2,163154
ciò che non,163028
non superiore a,162992
è stato un,162921
"No , no",162858
la sua attenzione,162789
una persona che,162556
in piedi e,161771
che io non,161676
del Consiglio dei,161445
che non fosse,161389
per il resto,161283
decreto del Ministro,161133
mi ha fatto,161018
un momento di,160953
l' unica cosa,160682
lo scopo di,160501
che si può,160151
che si erano,160138
e si mise,160006
entro il termine,159941
"però , non",159867
non fosse stato,159629
in un luogo,159488
non era un,159452
con le dita,159266
tra di loro,158952
come se si,158651
che aveva fatto,158647
la facoltà di,158534
tutti coloro che,158343
a poco a,158283
quello che ho,158161
le sue parole,158054
"Ivi , p",158008
in gran parte,157499
si applicano le,157046
le parole di,156936
anche se la,156761
con la mia,156760
di essere un,156752
vuol dire che,156515
ma non era,156282
e non mi,156091
per tutte le,156052
e si è,155827
che era stata,155753
non è la,155729
con la conseguenza,155707
con tutto il,155667
Ma non è,155632
si può dire,155494
che non ho,155441
per ciò che,155376
che gli aveva,155272
è una cosa,155106
è il mio,154829
il ruolo di,154651
uno dei più,154522
"che , dopo",154373
è uno dei,154246
come se la,154053
e i loro,153822
che ha fatto,153687
anche se il,153562
al di sotto,153521
del contratto di,153427
come al solito,153382
di avere un,153340
in contrasto con,153256
che avrebbe potuto,153138
davanti a sé,153137
che avrebbe dovuto,153125
su cui si,153050
di una società,153014
nei suoi occhi,152941
nella parte in,152769
con tutta la,152654
con un gesto,152215
milioni di euro,152201
uno di quei,152017
con decreto del,152000
la funzione di,151878
la storia di,151838
che le aveva,151719
con una certa,151564
detto che non,151462
ai fini del,151416
la mano di,151376
e mi ha,151311
che si trova,151046
sono state così,150844
sono in grado,150778
in fondo al,150758
a un altro,150721
da un punto,150603
in base alle,149929
la conseguenza che,149843
di un anno,149723
e poi si,149554
ho detto che,149540
e con l',149515
una cosa del,149460
come nel caso,149406
con i capelli,149373
di nuovo il,149345
cosa del genere,149291
e io non,149266
in uno stato,149108
volta in volta,149097
e del suo,148825
di lei e,148748
dentro di sé,148642
misura in cui,148637
le disposizioni di,148623
in un mondo,148565
tutti quelli che,148466
Non riesco a,148430
per le sue,148333
in questo senso,147834
in relazione alle,147553
aveva detto che,147524
a norma dell'articolo,147482
con una mano,147419
e per i,147406
di volta in,147200
che deve essere,147005
commi 1 e,146999
il suo cuore,146967
secondo la quale,146821
le sue braccia,146793
a partire dalla,146758
state così sostituite,146641
in giro per,146522
e dei suoi,146498
Banca d' Italia,146423
Per un attimo,146315
il quale si,146196
non solo per,146171
aveva deciso di,146133
un uomo di,145989
prima di tutto,145736
che mi aveva,145401
quanto riguarda la,145234
si voltò verso,145126
la testa di,145126
che si tratti,144954
in stato di,144811
o di una,144808
ma anche di,144771
non l' ho,144768
la volontà di,144756
questo è il,144729
in mezzo al,144690
l' uso di,144626
a seguito della,144576
le sue mani,144439
un processo di,144277
che non gli,144097
che lei non,143892
che è successo,143880
che le cose,143788
si trova in,143660
da quello che,143616
contro di lui,143595
di procedura civile,143546
di quanto non,143483
di procedura penale,143265
un insieme di,143261
si diresse verso,143148
l' attività di,143054
di New York,143036
che ci sia,143013
a dire che,142927
cui agli articoli,142867
l' aria di,142864
del suo corpo,142801
che è stata,142711
la sua mano,142709
rispetto a quello,142497
e per questo,142386
Corte di Cassazione,142359
e per le,142316
il permesso di,142127
e per un,141955
con tutti i,141947
che non poteva,141941
è necessario che,141902
con lo stesso,141778
se non è,141539
se ne stava,141518
la produzione di,141507
per cercare di,141414
rispetto a quella,141343
che per la,141308
d' accordo con,141152
in ordine alla,141057
poco più di,140957
a un tratto,140919
bisogno di una,140873
davanti a me,140871
non sarebbe stato,140832
del codice penale,140522
il suo lavoro,140427
una questione di,140415
non è in,140295
non riuscivo a,140273
che era un,140217
quello che ha,140176
un colpo di,140115
è punito con,139966
il motivo per,139894
nel fatto che,139809
senso di colpa,139745
con le braccia,139716
a bassa voce,139693
la realizzazione di,139597
davanti a lui,139565
scosse il capo,139553
La sua voce,139482
da tutte le,139448
Consiglio di Stato,139442
in Foro it,139420
in cui gli,139344
di là di,139321
il suo viso,139211
presenza di una,139052
le spalle e,139039
in una situazione,138801
su e giù,138726
"I , p",138705
un bel po,138654
e per l',138631
una parte di,138458
in qualità di,138169
che il giudice,138109
po ' troppo,138033
accanto a lui,137994
A un certo,137975
di tutto ciò,137813
per gli altri,137726
a casa e,137713
a parlare con,137525
del pubblico ministero,137462
il mio cuore,137454
che lo aveva,137390
"che , quando",137387
di là del,137385
al centro del,137194
un rapporto di,137074
d' altra parte,137045
in una delle,136723
a se stessa,136709
nel senso di,136665
nei casi di,136526
la creazione di,136489
che ci sono,136304
e tutte le,136257
Non si può,136249
verso il basso,136175
Non so se,136131
negli ultimi anni,136044
di quel che,135980
del processo di,135897
le condizioni di,135637
il resto del,135569
non è ancora,135489
a pena di,135465
"lui , ma",135455
dello stato di,135341
Per la prima,135330
di tornare a,135281
il periodo di,135139
Non è un,135049
uno dei due,135001
di nuovo a,134977
cui ai commi,134935
è ciò che,134839
per la mia,134820
in corso di,134548
al punto di,134464
che non sarebbe,134446
per mezzo di,134384
ciò che era,134375
accanto a lei,134365
"no , non",134317
tra le parti,134252
lo sguardo e,133982
che non vi,133907
un filo di,133857
in via di,133745
in mancanza di,133697
a fare il,133650
davanti a un,133649
il mio corpo,133582
Ancora una volta,133465
di cui è,133446
all'interno di un,133422
questa è la,133401
in fondo alla,133375
l ' aveva,133352
non poteva essere,133282
ancora un po,133273
successivo a quello,133269
al più presto,133225
si è detto,133198
in modo tale,133120
l' assenza di,133116
ma anche per,133106
per la vita,132979
è il caso,132923
cui al decreto,132777
non era stato,132720
In tal senso,132641
al punto che,132617
della presente legge,132443
in quanto la,132215
anche in questo,132151
era un uomo,132126
"me , e",132120
così sostituite dalle,132099
del testo unico,132005
non l' aveva,131828
non era ancora,131793
non lo so,131769
che si sarebbe,131464
che è una,131332
del datore di,131329
alla fine della,131216
fatto che non,131165
il livello di,131135
nella sua vita,131114
con i loro,131068
l' opportunità di,131046
che lui non,130955
punto di partenza,130944
si parla di,130765
di quella che,130744
in relazione a,130719
ultima volta che,130714
a bocca aperta,130696
non ci si,130583
non era il,130462
essere in grado,130459
che la vita,130348
uno di loro,130340
che in quel,130285
non ci fosse,130249
La voce di,130162
una situazione di,130054
gli occhi al,130021
di più di,129968
decorrere dal 1,129903
Ne consegue che,129688
è che non,129682
che tu sia,129586
non avrebbe potuto,129416
di là della,129299
secondo il quale,129231
sulla base della,129161
in segno di,129153
il corpo di,129116
in cui mi,129055
si limitò a,128995
e delle finanze,128893
a fare la,128770
in alcuni casi,128769
non inferiore a,128758
che ci si,128498
è per questo,128491
è stato inserito,128417
ma non mi,128399
con le loro,128374
il tempo che,128341
che si trattava,128230
la Corte di,128227
era il suo,128187
è stato il,128152
è un po,128127
applicano le disposizioni,128107
in un posto,128099
di gran lunga,128026
il rapporto tra,127694
a favore del,127648
la dichiarazione di,127563
ma la sua,127542
a quello della,127356
punito con la,127313
gli Stati Uniti,127287
"lei , e",127268
lo sguardo di,127140
quello in cui,127101
dell'economia e delle,127089
e non può,127054
e le loro,127046
di una volta,127019
"e , di",126936
la vita e,126867
a quanto pare,126783
anche per la,126758
che gli era,126729
l' esigenza di,126711
a credere che,126690
il mio nome,126580
in un contesto,126488
il pubblico ministero,126381
"Sì , è",126305
del decreto del,126245
territorio dello Stato,126113
il datore di,126100
o in parte,126065
dire che non,126055
di persone che,125941
il nome del,125779
con un cenno,125707
si trattasse di,125675
cui agli artt,125647
sala da pranzo,125364
il giorno in,125335
Ho bisogno di,125245
diversi da quelli,125208
come se il,125135
che in realtà,125045
come se stesse,124937
po ' come,124930
molto di più,124923
nella misura in,124850
ciò che aveva,124832
la porta della,124791
a pensare che,124681
di nuovo in,124426
è stata la,124383
avuto modo di,124361
che l' ha,124162
"infatti , che",124107
che le sue,124007
non c'è più,123987
non si tratta,123863
alla luce del,123821
che non le,123777
un momento all'altro,123366
una delle sue,123346
a differenza di,123234
da un momento,122957
il risultato di,122948
al suo interno,122818
a fronte di,122664
che un giorno,122628
stile di vita,122545
nei confronti delle,122521
la sua presenza,122520
scoppiò a ridere,122514
un mucchio di,122447
con i miei,122394
maggior parte degli,122338
il valore di,122326
e tutti i,122280
in fase di,122213
giudice di pace,122199
Non credo che,122173
un modo di,122133
un atto di,122027
tutti gli uomini,121940
è tenuto a,121830
se non ci,121814
"Einaudi , Torino",121531
e con i,121395
in quanto tale,121255
con la reclusione,121233
nei casi in,121220
del comma 1,121188
che in questo,121159
i suoi genitori,121113
è una delle,121079
una mano sul,120830
si è fatto,120788
tutti e tre,120749
e il loro,120415
tempo in cui,120397
e in un,120395
tutto o in,120388
di essere stato,120363
è come se,120248
che si trovava,120243
di essere in,120185
le mani in,120116
di tutto per,120101
come se fossero,120004
la persona che,120002
"che , secondo",119989
che il nostro,119938
la donna che,119900
Presidente del Consiglio,119897
sulla base del,119884
per le strade,119862
che non c'è,119845
per l' esercizio,119825
l' obiettivo di,119799
in uno dei,119759
la voglia di,119742
al piano di,119532
di lì a,119497
che alla fine,119496
una o più,119442
di un certo,119410
in quanto il,119386
a casa mia,119367
con l' aiuto,119332
accanto a me,119314
strinse nelle spalle,119284
il divieto di,119281
in tempo a,119271
e tutto il,119250
un bicchiere di,119233
in tutto o,119122
la libertà di,118985
che una volta,118961
aprì la porta,118943
in linea con,118760
ma non lo,118758
Dal punto di,118741
è che la,118736
non si sa,118661
non me ne,118510
"che , al",118496
lungo la strada,118468
che è in,118457
e le altre,118429
datori di lavoro,118370
non ce la,118334
giorni dalla data,118180
ma il suo,118099
ai sensi della,118075
il grado di,118040
Il giorno dopo,118038
quello che gli,118026
un attimo di,117848
non è solo,117811
con un altro,117802
in compagnia di,117629
per evitare che,117608
era in grado,117576
nel corso degli,117559
il sistema di,117380
con il mio,117327
è stata una,117327
anche se in,117235
che tutti i,117164
a letto con,117145
"e , nel",117117
per lo sviluppo,116996
a me e,116857
stato inserito dall'art,116849
se si fosse,116793
il padre di,116756
stato d' animo,116711
a far parte,116619
suo modo di,116593
non credo che,116513
una mano e,116427
in cui lo,116383
"bene , ma",116374
che gli altri,116363
dentro di lei,116238
che tutte le,116183
ipotesi in cui,116157
e con una,116125
anche per il,116084
da nessuna parte,116029
sulla base delle,115960
In altri termini,115955
quella di un,115853
i suoi amici,115823
in una stanza,115797
a proposito di,115751
come ad esempio,115646
"o , in",115605
la possibilità che,115556
la domanda di,115551
tutte le volte,115476
ai sensi degli,115427
l' ordine di,115423
è il suo,115356
di una certa,115283
la fine della,115254
con un po,115209
è la mia,115173
anche nel caso,115130
non si applica,115117
sensi del comma,115007
aveva cominciato a,114873
la costruzione di,114806
uomini e donne,114732
più a lungo,114727
che l' art,114710
Allo stesso modo,114696
le aveva detto,114663
da ciò che,114660
alzò in piedi,114476
per un braccio,114460
alla fine di,114453
il momento in,114451
dopo l' altro,114426
che non va,114372
e si diresse,114356
corso degli anni,114209
a fare un,114174
non più di,114124
cui si era,114086
una volta per,114084
in cui aveva,113874
fino alla fine,113793
per il loro,113753
per di più,113623
di quelle che,113596
di riuscire a,113560
la quale si,113524
era stato un,113420
non sono più,113378
se non lo,113336
"esempio , la",113281
del giudice di,113280
cosa che non,113258
non deve essere,113188
a livello di,113165
a tal punto,113124
Ai sensi dell'art,113085
in cui ci,112987
più grande di,112936
gli aveva detto,112922
nella Gazzetta Ufficiale,112903
non mi ha,112711
da un altro,112675
Anche in questo,112644
i miei genitori,112636
quello che ti,112624
con i quali,112621
Gli occhi di,112595
"Mulino , Bologna",112557
Al fine di,112543
un passo indietro,112537
cose che non,112516
In primo luogo,112427
si affrettò a,112395
a tempo indeterminato,112378
di mettere in,112377
Non ci sono,112370
alzò gli occhi,112331
più in generale,112323
a sapere che,112228
che in un,112078
con riferimento alla,112048
con le modalità,112032
di fare un,112017
in che modo,111934
a dire il,111800
in camera di,111796
non sono mai,111779
tra i capelli,111720
"che , anche",111714
"me , ma",111688
è molto più,111658
ma non ci,111643
luce del sole,111635
l' immagine di,111613
Era come se,111589
in quanto non,111550
non può che,111531
registro delle imprese,111531
non so se,111507
tutto il corpo,111484
una bottiglia di,111444
la data di,111410
è che il,111372
che stava per,111346
l' atto di,111281
la sua mente,111255
a quella che,111221
che un tempo,111144
da tutti i,111080
"vita , e",111028
fino a un,110911
in realtà non,110874
a coloro che,110795
fino ad allora,110789
d' un tratto,110782
fatto che l',110619
mal di testa,110592
"esempio , il",110564
il giorno prima,110561
di se stesso,110560
a lui e,110462
mercato del lavoro,110373
e non aveva,110135
è stato aggiunto,110043
si era fatto,110002
nella sua mente,109964
in modo più,109960
quanto riguarda il,109942
al punto da,109933
per cui non,109900
cui non si,109849
la casa di,109844
Anche se non,109823
non era una,109788
in quel periodo,109771
che si stava,109709
di concerto con,109689
di una vita,109674
io non ho,109596
per l' anno,109568
trattava di un,109519
è solo un,109383
a voce alta,109377
tra i quali,109374
l ' altra,109323
per il mio,109311
per cui la,109274
A quanto pare,109262
di un diritto,109262
in forma di,109202
l' intenzione di,109179
ci si può,109177
di cui il,109069
prima che il,109058
che non ne,109013
l ' amore,108876
si era mai,108799
occhi al cielo,108731
tutte le parti,108663
e non di,108611
la sentenza di,108595
e ciò che,108560
e di non,108494
nei confronti degli,108465
vale la pena,108434
in capo al,108352
a quelli che,108304
se ne va,108275
punti di vista,108244
il numero dei,108168
un numero di,108133
che tu abbia,108131
per la realizzazione,108089
di un gruppo,108049
nella maggior parte,107971
"lei , ma",107955
parte di una,107955
in possesso di,107918
il quale il,107854
gli occhi per,107842
si voltò e,107758
non c'era più,107749
si è visto,107695
e non ci,107640
un paio d',107601
al posto di,107575
prima che la,107481
che non siano,107438
di non poter,107315
per le scale,107314
fine degli anni,107266
di una serie,107249
non aveva più,107237
l' effetto di,107204
in una casa,107193
per vedere se,107169
le sue labbra,107151
e non era,107127
con uno sguardo,107097
prima volta in,107084
l' aiuto di,107082
se fosse stato,107030
con un tono,107011
a che vedere,107002
la madre di,106788
ho già detto,106759
che si trovano,106716
è l' unico,106693
"anni , e",106385
lì a poco,106270
lo sviluppo di,106262
Al di là,106149
"Giuffrè , Milano",106090
nel territorio dello,106084
si guardò intorno,105977
un minimo di,105913
paio di volte,105877
diverse da quelle,105842
a distanza di,105795
questo è un,105781
in relazione ai,105577
il problema della,105541
con la forza,105538
una tazza di,105487
l ' idea,105353
e di cui,105327
per cui il,105288
in base ai,105274
che il mondo,105223
si può fare,105185
Non riusciva a,105131
ricorso per cassazione,105110
far sì che,105007
e mi sono,104998
al momento del,104992
è la prima,104945
che sono stati,104850
quello che non,104819
che ti ho,104795
non si poteva,104706
che la gente,104680
del sistema di,104677
si strinse nelle,104582
per la maggior,104582
vigore del presente,104539
sarebbe stato un,104449
e di conseguenza,104401
da parte sua,104382
tra gli altri,104301
più in là,104174
la mia famiglia,104162
si alzò in,104061
periodo in cui,104037
camera di consiglio,104010
una delle più,103982
non lo è,103918
di vita e,103895
degli Stati membri,103848
per lo meno,103706
il reato di,103683
fare in modo,103606
e se la,103561
secondo le modalità,103499
le volte che,103445
che per il,103435
contatto con la,103406
in condizioni di,103402
la sua espressione,103305
che la legge,103252
è un uomo,103197
del giudizio di,103161
con l' altra,103086
al centro di,103064
la testa per,103048
"caso , la",102931
è del tutto,102901
di che cosa,102873
il più grande,102866
davanti agli occhi,102855
sotto gli occhi,102831
punto di riferimento,102781
È per questo,102676
nella mia vita,102672
S.p.a. Sede in,102634
"caso , il",102627
con il mondo,102367
questo punto di,102366
Consiglio dei Ministri,102296
su di un,102252
la storia della,102247
con riferimento al,102049
"che , nella",102048
a lungo termine,102039
la forma di,101976
Non è vero,101935
la sera prima,101926
su ciò che,101876
che lo stesso,101867
delle persone che,101841
ma alla fine,101763
tutta la mia,101614
ricerca di un,101561
man mano che,101545
ai suoi occhi,101479
In secondo luogo,101473
Si trattava di,101410
il suo volto,101404
stato aggiunto dall'art,101296
quello di un,101285
il titolo di,101275
a terra e,101216
di parlare con,101187
di un tempo,101146
per qualche istante,101077
che si fa,100918
tutti gli effetti,100830
una parte della,100813
che sia stato,100765
ha deciso di,100717
sulla base dei,100687
la differenza tra,100679
di un bambino,100625
della pubblica amministrazione,100614
caso di specie,100592
il rapporto di,100572
non si fosse,100518
all'interno di una,100450
periodo d' imposta,100440
il pensiero di,100438
se si tratta,100369
la morte del,100344
esistenza di un,100329
si limita a,100280
parte dei casi,100276
su una sedia,100209
i casi di,100208
di avere una,100190
è l' unica,100174
i miei occhi,100124
se non per,100086
scadenza del termine,100044
società di capitali,100043
era la sua,100038
per il futuro,99982
A meno che,99868
e - mail,99828
sostituite dalle attuali,99808
al giudice di,99682
di un atto,99620
che mi sono,99571
nella sua stanza,99560
fatto è che,99362
di sé e,99302
il figlio di,99192
Roma - Bari,99118
in seguito a,99089
non sarebbe mai,99042
e a volte,99039
è la sua,99033
che la cosa,99029
ce ne sono,98997
è possibile che,98974
alla luce della,98933
per cui si,98831
"però , che",98763
tono di voce,98759
davanti a una,98643
ma in realtà,98612
meno di un,98605
a parlare di,98570
con le quali,98557
fra le braccia,98528
Non si tratta,98449
che non l',98426
contro il muro,98407
che non avevo,98395
che i due,98330
a fare una,98320
che la nostra,98265
e i miei,98248
dopo la sua,98165
Corte di cassazione,98111
"bis , comma",98058
a prendere il,98048
che non c'era,98047
dire che la,97938
la sua morte,97915
una parte del,97863
fece un cenno,97843
ma che non,97823
che ho fatto,97809
che la loro,97741
che a volte,97723
del capitale sociale,97695
i capelli e,97693
di fare una,97665
una ventina di,97625
che era successo,97594
l' azione di,97520
di uno Stato,97428
la decisione di,97330
po ' d',97227
volta che si,97222
di fare il,97144
a seconda della,97129
non si applicano,97054
È vero che,97033
dal momento in,97018
po ' a,96964
al momento in,96931
lo sguardo verso,96795
simile a quello,96789
che gli uomini,96684
che era una,96674
con la bocca,96605
fra le mani,96584
la porta si,96493
si è già,96415
la nozione di,96399
di cui sopra,96392
al comma 3,96273
"II , p",96249
al 31 dicembre,96233
e non lo,96226
società per azioni,96222
a destra e,96105
e le modalità,96097
e da un,96078
Io non ho,96076
a tutto il,96067
po ' in,95997
con la loro,95992
da un pezzo,95981
era riuscita a,95970
che vedere con,95969
in mente di,95954
e iniziò a,95903
i suoi pensieri,95896
di migliaia di,95731
disposizioni del presente,95725
Agenzia delle Entrate,95724
mano sulla spalla,95716
In tal modo,95647
prendere in considerazione,95600
ma anche la,95596
periodo di tempo,95545
alzò lo sguardo,95522
del Consiglio di,95397
che aveva in,95359
venne in mente,95345
Corte di giustizia,95292
fin dei conti,95233
di un processo,95217
ma io non,95211
ciò che gli,95209
perché non si,95200
È come se,95200
per quel che,95191
entrambi i casi,95135
gli esseri umani,95108
l' utilizzo di,95103
il contratto di,95093
hanno bisogno di,95074
l' ho detto,95058
tre o quattro,94990
con il nome,94952
maggior parte di,94938
che gli si,94901
e non ho,94843
Una volta che,94828
se stesso e,94822
le disposizioni del,94743
a quella del,94730
il tentativo di,94672
non significa che,94658
davanti alla porta,94655
per più di,94655
tutti i costi,94644
ragione per cui,94590
con un filo,94574
il dovere di,94555
un pizzico di,94547
"infatti , non",94529
da cui si,94491
in Italia e,94427
si applica la,94425
e cercò di,94421
a favore della,94389
Tutto quello che,94372
veri e propri,94328
il quale è,94282
il primo a,94256
e io mi,94247
a tal fine,94210
e quindi non,94083
di nuovo e,94049
di un contratto,93986
porta d' ingresso,93957
non era stata,93953
a seconda del,93837
è stato abrogato,93794
di entrare in,93779
che si possa,93779
la quantità di,93669
che con la,93658
mi resi conto,93566
in questi casi,93519
di tutto questo,93517
quarto d' ora,93496
e alla sua,93307
A tal fine,93112
da quel momento,93086
Questo è un,93060
per il mondo,93026
della sua famiglia,93022
io non sono,92987
e delle sue,92930
Non aveva mai,92912
ma non aveva,92889
che aveva visto,92875
che mi hai,92846
che si chiama,92836
con cui il,92822
il suo primo,92820
la mano sulla,92782
in modo diverso,92688
gli occhi chiusi,92680
fronte a un,92665
"sì , ma",92658
che ci ha,92648
delle cose che,92633
un milione di,92614
metà degli anni,92606
di ogni altra,92569
che il loro,92564
e che è,92536
non ha più,92514
è quella che,92506
il principio della,92498
quello che le,92497
avrebbe dovuto essere,92472
quello che ci,92467
e degli altri,92465
il lavoro di,92415
di un rapporto,92387
su di sé,92383
"casa , e",92329
i criteri di,92277
a portata di,92243
Corriere della Sera,92157
uno di questi,92094
permesso di soggiorno,92087
mi ha dato,92080
e non ha,92078
in attesa che,92058
un respiro profondo,92053
come si fa,92037
su tutte le,91994
può dire che,91983
per la gestione,91972
mi ha chiesto,91932
che doveva essere,91882
che ci fosse,91880
è riuscito a,91873
per la testa,91852
di una somma,91772
l' amore con,91749
l ' ho,91734
di questo libro,91720
nei pressi di,91718
posto di lavoro,91715
prima cosa che,91700
aveva cercato di,91667
più che mai,91659
sentenza di condanna,91653
la reclusione da,91653
della morte di,91650
la scelta di,91554
l' ipotesi di,91550
L' unica cosa,91535
e se non,91530
la storia del,91512
la luce del,91439
che le persone,91425
non aveva ancora,91425
a causa delle,91408
quando si è,91363
del concetto di,91342
in una posizione,91339
contro il suo,91338
è lo stesso,91325
in linea di,91267
Per questo motivo,91154
le attività di,91140
e a un,91102
Ma non era,91093
non sia stato,91077
a un uomo,91045
po ' per,91033
in quegli anni,90992
come se fossi,90988
"infatti , la",90986
era quello di,90976
e per gli,90950
ciò che mi,90919
con il cuore,90878
entro trenta giorni,90812
mano a mano,90755
in merito alla,90747
non l' avrebbe,90733
e che le,90726
gran numero di,90695
a suo tempo,90676
Tutto ciò che,90621
che devono essere,90538
qual è il,90500
"lui , che",90493
cui al primo,90489
il tempo per,90476
una buona idea,90475
ciò di cui,90411
di là delle,90294
che i miei,90259
della vita e,90239
la perdita di,90210
conto che non,90209
un centinaio di,90148
fatto che i,90148
per evitare di,90132
dopo un po,90096
per tutti gli,90066
del decreto legge,90064
con la voce,90051
dire che il,90048
un tipo di,90042
in cui un,89957
alla base della,89907
si applicano anche,89859
la propria vita,89855
non avevo mai,89827
coloro che hanno,89816
delle condizioni di,89778
che non possono,89767
è il momento,89730
che non abbia,89686
a norma del,89651
sua capacità di,89608
tutti i miei,89604
se non avesse,89579
resi conto che,89560
la definizione di,89544
il diritto alla,89486
un contratto di,89478
era stato il,89467
avrebbe potuto essere,89417
vigore della legge,89416
quella in cui,89376
il giudice di,89317
come in un,89310
la porta di,89304
ha detto di,89265
e quello che,89265
imposte sui redditi,89209
non era in,89177
volta per tutte,89160
la seconda volta,89160
trenta giorni dalla,89134
quello che hai,89124
con l' art,89119
in cambio di,89107
l ' unica,89096
e lei si,89069
non mi sono,89018
quelli che si,89007
per questo motivo,88937
ma non per,88892
della legge di,88889
la tua vita,88850
aveva mai visto,88826
d ' un,88784
in un attimo,88751
della domanda di,88740
rese conto di,88734
di Dio e,88715
"tempo , e",88687
nelle mani di,88591
per qualche minuto,88577
e tutti gli,88525
tutti i casi,88435
nel suo complesso,88400
per la sicurezza,88387
il capo e,88356
quello che stava,88355
quasi tutti i,88344
la mano per,88327
che mi hanno,88325
conto di quanto,88316
per la parte,88293
cosa che mi,88282
che mi è,88277
della vita di,88277
a mettere in,88229
e che l',88144
non ce l',88140
essere oggetto di,88125
in prima persona,88103
simile a quella,88061
e al suo,88052
proprio per questo,88039
rispetto a quelli,87934
e quella di,87890
nel termine di,87870
si rivolse a,87811
di andare in,87802
e un altro,87787
trattava di una,87784
da molto tempo,87782
tra i suoi,87776
con tanto di,87771
la sanzione amministrativa,87723
la formazione di,87696
di fare la,87691
il suo amico,87677
lo sguardo su,87673
con la punta,87667
Non è che,87667
l' adozione di,87664
con l' altro,87628
e i due,87549
il quale non,87517
la quale il,87444
con un uomo,87422
in ragione della,87417
come quella di,87416
che fino a,87405
per la salute,87384
"loro , e",87383
Il fatto è,87377
scuotendo la testa,87338
in fretta e,87316
non è affatto,87313
che era il,87268
il giudizio di,87249
della Corte costituzionale,87171
per motivi di,87157
con il Ministro,87134
un modello di,87123
la sua storia,87038
tutte le persone,87009
sarebbe stata la,86993
i quali si,86980
con la propria,86976
si trovava in,86954
"e , più",86938
su di loro,86911
a tre anni,86901
e quello di,86883
la fine di,86866
è sempre stato,86855
A dire il,86804
"Sì , sì",86783
a mia madre,86646
con le parole,86575
viene in mente,86560
in preda a,86546
paio di giorni,86518
e anche se,86496
l ' unico,86492
"infatti , il",86491
per l' esecuzione,86484
a uno dei,86469
Il suo sguardo,86421
del potere di,86404
"che , da",86399
niente a che,86395
ed in particolare,86334
degli enti locali,86330
dietro di sé,86305
in direzione di,86302
cosa è successo,86253
era stata la,86247
in cui ha,86159
nel bel mezzo,86106
e non sono,86079
prese la mano,86020
la Corte ha,86016
ognuno di noi,86009
vere e proprie,85999
nessuno dei due,85988
qualcosa del genere,85966
stato abrogato dall'art,85948
di una cosa,85930
il quale la,85927
se non altro,85905
con il loro,85876
le parole che,85869
a guardare il,85866
questo non è,85841
che non erano,85840
il significato di,85812
di questo genere,85806
gli Stati membri,85806
da queste parti,85729
il mio lavoro,85721
si trova a,85719
una pluralità di,85676
l ' attività,85667
fare quello che,85604
in occasione di,85558
Ma io non,85541
che la donna,85465
è la stessa,85427
è solo una,85301
"Mondadori , Milano",85282
a lei e,85224
le operazioni di,85195
Ai fini della,85188
secondo quanto previsto,85160
e i capelli,85142
e si sedette,85125
La Corte costituzionale,85122
seconda metà del,85093
prima ancora che,85081
nel modo più,85006
una manciata di,85000
Non è una,84964
D' altro canto,84952
a cui non,84937
mi disse che,84921
la coda dell'occhio,84920
a pensare a,84881
in virtù del,84821
che un uomo,84775
con la coda,84742
davanti a lei,84738
l ' acqua,84735
d ' acqua,84727
testo unico delle,84656
in avanti e,84635
anche per i,84604
Dal momento che,84593
in mezzo alle,84575
l ' ha,84572
fare l' amore,84538
di aver fatto,84497
il mio amico,84481
per non essere,84475
consiglio di amministrazione,84423
in tempo per,84392
prima di essere,84388
una sensazione di,84379
a contatto con,84365
più delle volte,84292
il valore della,84283
concerto con il,84261
per cento del,84232
per il bene,84122
"tuttavia , non",84082
l' ho mai,84066
a che punto,84052
a mio padre,83955
Da un lato,83891
si avvicinò a,83890
come quello di,83872
come abbiamo visto,83851
l' ho fatto,83807
nel suo ufficio,83794
e poi la,83762
per effetto della,83747
che si possono,83724
"invece , la",83719
ha dichiarato l',83663
l' abitudine di,83643
andare a letto,83631
a che non,83616
fatto che le,83608
le mani sul,83560
a mano che,83526
è il più,83497
contratto di lavoro,83492
in mezzo ai,83413
i suoi uomini,83405
i rapporti tra,83363
o da un,83360
fece un passo,83349
nel quale si,83323
in virtù di,83273
ai suoi piedi,83248
l' unico modo,83246
più che altro,83225
il cuore di,83213
che il tempo,83179
che lo ha,83156
piano di sopra,83154
non c'è niente,83082
di fronte ad,83067
vigore della presente,83053
che me ne,83041
l' occasione di,82986
anche per le,82913
ha cominciato a,82901
ho pensato che,82899
in un unico,82876
ho intenzione di,82856
un certo numero,82852
"Sì , lo",82825
un sospiro di,82775
di cui era,82759
e questo è,82723
solo per il,82709
l ' ultima,82677
bicchiere di vino,82646
Non l' ho,82639
quel momento non,82616
dei dati personali,82600
con le altre,82588
il suo posto,82506
di applicazione della,82486
ma non sono,82477
la moglie di,82402
dietro la schiena,82401
dietro di lui,82396
l' illegittimità costituzionale,82382
la porta del,82282
e lui non,82234
da un po,82196
anche se è,82190
di un terzo,82186
che si sia,82181
entrambe le mani,82163
Qual è il,82081
arrivato il momento,82037
l ' aria,82022
sale e pepe,82014
i suoi capelli,82013
come se volesse,82010
"comma , del",82005
contro la sua,81995
prima di andare,81963
"o , se",81942
la nostra vita,81929
di beni e,81924
e con gli,81918
previsto dalla legge,81872
l' esercizio di,81865
che non la,81853
quel tipo di,81824
e un paio,81810
fare i conti,81809
"vita , ma",81807
la sua testa,81794
non ci sarebbe,81766
della sentenza di,81737
fece una smorfia,81724
cenno del capo,81657
e lo stesso,81575
mi rendo conto,81553
in un ambiente,81547
non è altro,81539
alle mie spalle,81536
È quello che,81493
un essere umano,81478
cui è stato,81423
"prima , e",81312
di tempo per,81269
Consiglio dei ministri,81266
dello Stato e,81205
beni e servizi,81193
tra le dita,81154
si dice che,81143
quando si tratta,81142
in cui l,81130
certo numero di,81128
sospiro di sollievo,81119
e lei non,81105
l' applicazione di,81060
a questo proposito,81054
del mondo e,81043
ti ho detto,81036
la ricerca di,80958
di colui che,80941
verso di loro,80938
in tutti gli,80927
in una sorta,80906
per quanto concerne,80845
tutto a posto,80811
l' applicazione della,80786
che il tuo,80772
puo ` essere,80767
portata di mano,80754
che ciò che,80735
non sono in,80733
sia per la,80733
non solo di,80687
le cose non,80651
fosse stato per,80643
tra me e,80598
è il primo,80595
a tempo determinato,80571
in vita sua,80537
i suoi figli,80524
più in alto,80474
i conti con,80443
alla presenza di,80351
in occasione della,80344
decreto - legge,80323
in silenzio per,80282
si trasforma in,80266
su quello che,80242
era la prima,80239
"Oh , sì",80218
a livello nazionale,80193
Non è possibile,80166
"che , nonostante",80149
la cosa non,80110
in senso stretto,80094
si girò verso,80093
che tu mi,80091
aveva intenzione di,80089
che di solito,80084
che ci siamo,80014
nulla a che,79991
non è necessario,79972
la proposta di,79969
la procedura di,79932
legge di conversione,79931
una sola volta,79927
a suo agio,79906
su se stesso,79905
con il proprio,79865
E se non,79853
l' un l',79790
dichiarato l' illegittimità,79786
non a caso,79733
bisogno di essere,79727
per via di,79709
simile a un,79686
il controllo della,79632
il volto di,79632
Corte di Giustizia,79580
che le era,79576
cui alla lettera,79536
nell'ipotesi in cui,79516
fuori dalla finestra,79503
più in fretta,79499
di essere una,79458
di qualcosa di,79449
di continuare a,79430
"che , non",79360
che se non,79324
in questa sede,79321
è altro che,79313
di una parte,79306
con riferimento alle,79305
e da una,79292
non l' ha,79262
fare con la,79261
di fuori di,79252
nel processo di,79249
pagamento di una,79215
la mano sul,79196
parte del suo,79190
diritto di voto,79172
non avrei mai,79172
il tasso di,79163
e andò a,79155
in quello che,79129
il termine per,79120
e la vita,79058
a guardare la,79034
dall'altra parte della,79032
di fuori del,78999
a proposito della,78990
passare del tempo,78983
soggetti di cui,78951
con la faccia,78904
della nostra vita,78872
Io non sono,78847
era come se,78764
in altre parole,78740
rimase in silenzio,78693
scrollò le spalle,78689
"e , dunque",78662
che non avevano,78654
un primo momento,78653
non era così,78614
e allo stesso,78600
ora in poi,78573
A un tratto,78560
per la nostra,78557
rispetto a quelle,78547
che era in,78507
si ritiene che,78501
a tutta la,78489
portare a termine,78485
per il periodo,78475
era stata una,78448
"che , di",78444
a quello del,78431
si è mai,78421
il nome della,78396
nello stesso modo,78393
in un primo,78374
al decreto legislativo,78347
è questo il,78291
non ci sia,78280
era un po,78274
per un paio,78159
e non la,78158
a carico di,78135
la sua bocca,78117
al primo comma,78093
"Cass. , sez",78075
ce l' ha,78065
in favore di,78059
"e , al",78053
contatto con il,78037
c'è bisogno di,77987
per ragioni di,77941
alla possibilità di,77919
ma anche il,77806
previsti dalla legge,77786
e lui si,77761
al quale si,77739
misure di sicurezza,77676
ma lui non,77669
il piacere di,77667
"infatti , è",77660
ciò che ha,77653
parte della sua,77629
che vi si,77607
con un certo,77564
per la seconda,77551
il fatto è,77549
le sue dita,77549
seconda guerra mondiale,77524
a sua madre,77507
tutti gli elementi,77494
il senso della,77490
È stato un,77401
quanto riguarda le,77392
in cima alla,77345
e che in,77331
che lui aveva,77325
di lavoro a,77310
si avvicinò al,77267
a seconda delle,77266
durante il periodo,77265
l ' uso,77244
anche a me,77235
la posizione di,77232
la sua forza,77201
verità è che,77180
ma non ho,77171
un altro uomo,77124
che sarebbe stata,77098
di un soggetto,77093
"Sì , certo",77084
nella speranza di,77064
più forte di,77009
Per il momento,76918
per poco non,76904
quella che si,76897
più di due,76839
è il tuo,76836
contro di me,76811
è meglio che,76809
nel cuore della,76801
ciò che la,76763
se non mi,76730
non era la,76664
venuto in mente,76646
con le mie,76636
non è di,76603
che ti ha,76591
maggior parte del,76582
Corte dei conti,76572
quello di cui,76528
di cui la,76512
da più di,76490
su tutto il,76479
si era già,76462
un braccio e,76459
rapporti di lavoro,76457
la più grande,76438
verso la fine,76375
le forme di,76351
ma anche in,76350
agli occhi di,76312
ha chiesto di,76292
e si voltò,76271
È così che,76260
"tempo , ma",76253
il suo modo,76235
per il lavoro,76232
sono state inserite,76229
modo che il,76221
che per un,76214
a suo padre,76214
che si sta,76178
gran parte della,76171
con una donna,76121
che lei aveva,76081
fra i due,76067
d ' oro,76000
Tutti i Diritti,75990
del periodo di,75968
che quello che,75958
in camera sua,75925
che io sia,75887
il provvedimento di,75882
nel giudizio di,75875
"Oh , no",75837
ma non ne,75830
sarebbe stata una,75787
ho deciso di,75782
nel rispetto delle,75751
per un altro,75739
Riservati -- Vietata,75729
in onore di,75729
ho capito che,75727
il suo amore,75723
da quando era,75713
la città di,75711
una cosa simile,75682
anche se si,75676
duplicazione del presente,75663
al pari di,75662
suoi occhi si,75656
a prima vista,75640
l ' anno,75639
non mi piace,75638
dire una parola,75624
e se lo,75614
con l' aria,75600
Dopo un po,75547
Questa è una,75534
"me , non",75525
L' idea di,75500
che la stessa,75480
po ' la,75473
che « la,75472
per effetto di,75467
in virtù della,75445
un gran numero,75444
tutte le mie,75438
al presente articolo,75415
abbassò lo sguardo,75411
in seguito alla,75383
ed è stato,75367
di lavoro che,75348
una di queste,75346
di un bene,75335
gli uomini che,75316
rendo conto che,75286
in quanto l',75246
gli atti di,75239
nel corso dei,75235
al pubblico ministero,75210
a seconda che,75208
per fare un,75197
non me lo,75187
ogni tipo di,75174
niente di più,75140
con le gambe,75132
solo per un,75115
dire la verità,75085
lo sguardo fisso,75026
e non per,74995
al principio di,74972
Il concetto di,74953
faccia a faccia,74938
in funzione di,74936
che erano stati,74925
"e , mentre",74913
di due anni,74912
non solo la,74912
qualcosa di diverso,74909
che sono in,74904
bianco e nero,74885
in qualsiasi momento,74884
i casi in,74878
il problema di,74872
la nascita di,74849
per l' appunto,74843
che se la,74838
e in quel,74834
"e , pertanto",74807
a bordo di,74807
"bene , e",74792
gli occhi fissi,74775
nel registro delle,74769
alla base del,74724
ha a che,74702
se è vero,74693
"invece , il",74663
fatto di essere,74652
davanti al giudice,74626
per lo svolgimento,74609
di certo non,74584
Non si era,74567
per la tua,74561
su di te,74548
sul suo viso,74483
del consiglio di,74474
e si alzò,74459
una condizione di,74443
con un sospiro,74435
che il fatto,74362
questa è una,74357
le braccia di,74336
d ' amore,74333
alla luce di,74303
Ha detto che,74254
o in un,74240
era l' unico,74177
ma questo non,74175
l' espressione di,74174
era l' unica,74160
dalla presenza di,74156
a casa con,74148
per via della,74134
per il nostro,74132
Non riuscivo a,74124
stato lui a,74120
quasi tutte le,74087
dopo l' altra,74073
sono sicuro che,74071
una delle due,74059
dei diritti dell'uomo,74059
non ne aveva,74056
il cuore che,74051
società di persone,74017
dei mezzi di,74010
la mano destra,74008
"vero , ma",74006
è questo che,73991
la prima cosa,73973
si rende conto,73949
non so come,73913
risarcimento dei danni,73906
in punta di,73893
e la cosa,73890
per la costruzione,73800
"invece , è",73760
è chiaro che,73743
un giorno di,73737
nel campo della,73715
dei servizi di,73700
come aveva fatto,73666
che era la,73663
modo che non,73637
cercando di non,73633
l' attenzione di,73631
del termine di,73609
paio d' ore,73599
in ogni momento,73589
dall'altra parte del,73570
i quali non,73548
e in questo,73538
è così che,73507
campo di battaglia,73506
fronte a una,73478
più di tanto,73425
per la propria,73421
quelli che non,73421
e di altri,73396
non avrebbe dovuto,73388
di un paio,73373
è evidente che,73368
di cui aveva,73357
questo genere di,73354
e che i,73349
con la sentenza,73347
volte al giorno,73316
di trovare un,73310
che cosa si,73292
ho mai visto,73279
"lei , che",73248
con le labbra,73224
milioni di dollari,73201
e si avvicinò,73190
se fosse un,73168
delle disposizioni di,73132
la sua posizione,73121
di fronte alle,73115
si avvicinò e,73091
conto che la,73031
filo di voce,73028
con la lingua,72981
l ' esistenza,72977
il legislatore ha,72958
in quella casa,72948
la costituzione di,72871
nella vita di,72862
in quei giorni,72838
una quantità di,72838
"qualcosa , ma",72834
si sforzò di,72819
porta di casa,72807
Non a caso,72795
il suo sorriso,72793
si mise in,72790
di uno o,72789
stato in grado,72752
per riuscire a,72741
l' ha detto,72690
sopra la testa,72670
cui è stata,72661
di un grande,72636
e l' aveva,72627
uno Stato membro,72603
e l' ho,72594
del procedimento di,72583
di chi ha,72525
Non c'è niente,72504
Il problema è,72498
Versi : 01,72470
Indice Dei Versi,72470
tutte le informazioni,72466
cui ci si,72464
che il legislatore,72411
"so , ma",72382
in cui sia,72337
per la produzione,72335
non è facile,72329
sia in grado,72321
giunto il momento,72282
Ministro dell'economia e,72247
mi aveva detto,72242
negli occhi e,72225
per qualche secondo,72197
un piano di,72181
la sua stessa,72161
la porta alle,72156
delle Nazioni Unite,72131
la figlia di,72130
sul letto e,72126
per me è,72116
giudice di merito,72103
che aveva appena,72101
Non so come,72099
la quale è,72076
delle attività di,72021
dichiarazione di fallimento,72016
hai detto che,71999
di una grande,71984
fa sì che,71965
con la massima,71951
per la strada,71921
con la tua,71916
a quelli di,71892
e può essere,71887
di un mondo,71874
che suo padre,71865
Non ne ho,71831
su tutti i,71818
del Parlamento europeo,71801
che aveva avuto,71798
in un paese,71774
a proposito del,71766
le mani di,71752
con gli amici,71752
in vigore il,71744
In questi casi,71737
da uno dei,71715
per la stanza,71713
di sicurezza e,71712
e in ogni,71711
anche un po,71706
di pensare a,71700
di posta elettronica,71608
un campo di,71604
che hai fatto,71582
lacrime agli occhi,71574
di qualcosa che,71522
Non so cosa,71520
termine per la,71489
dietro di me,71485
cui all'articolo 1,71467
un tentativo di,71464
non del tutto,71463
"mondo , e",71462
tra i più,71452
l' esercizio del,71421
che non avrei,71417
D' un tratto,71415
l' incarico di,71407
in direzione del,71407
per una volta,71382
in funzione della,71381
non sia stata,71381
si voltò a,71377
Non voglio che,71351
del XX secolo,71342
per la città,71309
punta di piedi,71305
i miei amici,71279
che con il,71265
con i piedi,71264
che permette di,71255
momenti in cui,71250
la parte più,71245
le gambe e,71242
unico modo per,71232
l ' ultimo,71208
coloro che sono,71204
era quello che,71201
chiuse la porta,71198
come gli altri,71162
il decreto di,71135
"me , che",71132
del provvedimento di,71132
una delle parti,71108
alla data del,71095
sarebbe stato il,71075
una coppia di,71071
come se l',71058
di quanto si,71031
nel rispetto dei,70992
sua voce era,70956
è capace di,70941
che l' avrebbe,70912
di Santa Maria,70902
il progetto di,70901
un gesto di,70883
di dieci anni,70875
al mio fianco,70839
base di un,70839
Per quanto concerne,70835
si applica anche,70804
fronte a lui,70790
che la tua,70776
che si trattasse,70776
che si fosse,70771
ce l' ho,70757
per molto tempo,70756
visto che non,70734
e l' uomo,70732
e al tempo,70729
in questo periodo,70726
nel caso della,70715
è un problema,70702
le lacrime agli,70699
quello che vuoi,70691
non si fa,70674
qualcosa di simile,70661
del XIX secolo,70647
che è l',70628
dove si trova,70562
state inserite dall'art,70557
Un paio di,70542
modo tale da,70533
l' onere di,70499
proprio in quel,70468
di ricerca e,70465
a mezzo di,70448
durante la notte,70408
nel caso del,70361
volta che la,70340
e si fermò,70327
il controllo di,70327
Da quel momento,70315
ultima cosa che,70287
il rischio che,70270
in se stesso,70262
al pensiero di,70236
con una voce,70234
le mani sulle,70233
a favore dei,70230
una mano per,70222
ma lei non,70204
non sarebbe stata,70198
resto del mondo,70197
E non è,70194
di riferimento per,70181
a ) e,70172
in quel luogo,70145
ogni forma di,70143
ha cercato di,70136
la causa di,70130
che mio padre,70110
aprì gli occhi,70084
per la determinazione,70080
che a sua,70076
tra la folla,70011
la figura di,69978
la parte di,69973
di vista della,69973
non sono stati,69944
è la più,69930
ogni altra cosa,69892
per cui è,69860
della possibilità di,69847
Se non fosse,69839
l' aspetto di,69838
che non voleva,69830
di sua moglie,69823
un quarto d',69769
e me ne,69762
decreto legislativo n,69746
si mette a,69740
il più delle,69732
una dozzina di,69711
d ' Italia,69710
parte del mondo,69710
sotto il suo,69700
non si possono,69698
hai bisogno di,69690
un problema di,69674
del secolo scorso,69672
e il mondo,69665
la sua prima,69661
in molti casi,69643
per la formazione,69615
la responsabilità di,69613
di un progetto,69580
se non in,69556
come tutti gli,69552
la speranza di,69530
anche il suo,69498
non è l',69485
l' opera di,69481
in un secondo,69478
anche la sua,69477
in cui viene,69464
I signori azionisti,69408
per l' applicazione,69385
quanto riguarda l',69373
"anni , ma",69370
di qualcuno che,69316
non poté fare,69313
in regime di,69311
la sua pelle,69299
padrone di casa,69241
della città di,69225
ha diritto di,69196
la sua casa,69188
A questo proposito,69183
e la morte,69164
come per esempio,69135
azionisti sono convocati,69132
le labbra e,69123
verso il cielo,69114
"che , una",69113
di pubblica sicurezza,69082
con particolare riferimento,69052
dritto negli occhi,69020
mio padre e,68999
e nello stesso,68973
e che era,68948
del decreto di,68931
e fece un,68919
Scosse la testa,68915
è probabile che,68914
in un punto,68913
i suoi compagni,68908
tutto quel che,68861
il viso di,68845
con il tempo,68842
una sola parola,68821
l ' attenzione,68797
si veda il,68774
che consente di,68773
e che mi,68752
nei primi anni,68734
si occupa di,68728
di fuori della,68720
che non riusciva,68709
"invece , si",68701
e per tutto,68665
una rete di,68657
che tutti gli,68648
base al quale,68636
ai piedi del,68634
al termine del,68611
a quanto previsto,68594
tutti i modi,68572
posto in cui,68540
"particolare , la",68524
L ' uomo,68508
la mia mente,68501
in occasione del,68498
in entrambi i,68495
molto più di,68490
prima che si,68481
"infatti , si",68470
secondo cui la,68455
Sono sicuro che,68430
un modo o,68425
non riuscire a,68418
non aveva fatto,68401
non era affatto,68366
"mano , e",68363
modo che la,68343
quanto riguarda i,68334
come se le,68328
Di fronte a,68301
del tipo di,68286
disposizioni si applicano,68284
detto che era,68272
di legittimità costituzionale,68270
era andato a,68244
della legge 23,68209
"Stato , sez",68185
in direzione della,68169
il risarcimento del,68166
su di noi,68147
e delle politiche,68130
linea di principio,68130
è mai stato,68127
a prendere la,68111
i punti di,68109
un cenno del,68093
di un suo,68088
davanti a loro,68061
di chi si,68044
di chi è,68040
un cenno di,68029
per un certo,68026
la strada che,67997
distolse lo sguardo,67962
alla stregua di,67946
"lui , non",67916
se ne sarebbe,67894
con la madre,67873
e ` stato,67868
gli uomini di,67863
dei requisiti di,67856
tutte e due,67839
di essere il,67833
se non la,67825
la figura del,67819
"lui , il",67817
in quel caso,67813
che sono state,67805
d e l,67805
a una delle,67799
parte della dottrina,67761
aventi ad oggetto,67752
me l' ha,67722
era solo un,67721
mi sembra che,67712
delle politiche sociali,67710
in mano la,67707
Nel momento in,67701
Prima di tutto,67677
ricerca di una,67656
solo per la,67648
degli Studi di,67638
ci sono i,67607
"caso , non",67577
di questo mondo,67576
"e , anche",67563
aveva iniziato a,67536
per il tuo,67525
camicia da notte,67523
base di una,67515
che sta per,67505
di essere stata,67497
con se stesso,67493
si applicano ai,67489
almeno in parte,67486
Nello stesso senso,67483
andare a casa,67483
della procedura di,67482
dei diritti fondamentali,67470
che però non,67458
la cosa giusta,67441
una posizione di,67425
è un caso,67421
di polizia giudiziaria,67396
d' ora in,67378
per la tutela,67339
se il suo,67320
per via del,67317
gli aveva fatto,67309
la sua parte,67308
fra l' altro,67297
ai fini di,67245
