ngram,freq
la _NOUN_ _ADP_ _NOUN_,41397185
di _NOUN_ _ADP_ _NOUN_,37334415
di _NOUN_ _._ _END_,36798810
il _NOUN_ _ADP_ _NOUN_,35802277
di _NOUN_ . _END_,32219421
un _NOUN_ _ADP_ _NOUN_,25072103
in _NOUN_ _ADP_ _NOUN_,20961232
una _NOUN_ _ADP_ _NOUN_,18822208
l' _NOUN_ _ADP_ _NOUN_,18408229
di _NOUN_ _ADJ_ _._,17888768
si _VERB_ _ADP_ _NOUN_,17276166
del _NOUN_ _ADP_ _NOUN_,15950503
la _NOUN_ _._ _END_,15220318
le _NOUN_ _ADP_ _NOUN_,15137133
un _NOUN_ di _NOUN_,14414945
di _VERB_ _DET_ _NOUN_,14265479
che _VERB_ _DET_ _NOUN_,14245199
della _NOUN_ _ADP_ _NOUN_,14161619
la _NOUN_ . _END_,13355409
il _NOUN_ _._ _END_,13167780
in _NOUN_ _._ _END_,13059694
a _NOUN_ _ADP_ _NOUN_,12944397
a _VERB_ _DET_ _NOUN_,12913173
del _NOUN_ _._ _END_,12759654
che _VERB_ _ADP_ _NOUN_,12531832
il _NOUN_ di _NOUN_,12470828
la _NOUN_ di _NOUN_,11870750
i _NOUN_ _ADP_ _NOUN_,11857138
e _DET_ _NOUN_ _ADP_,11792500
in _NOUN_ . _END_,11582348
il _NOUN_ . _END_,11549817
un _NOUN_ _ADJ_ _._,11349398
del _NOUN_ . _END_,11242003
che _PRON_ _VERB_ _VERB_,11042695
per _DET_ _NOUN_ _ADP_,10687684
con _DET_ _NOUN_ _ADP_,10677477
alla _NOUN_ _ADP_ _NOUN_,10421669
di _DET_ _NOUN_ _._,10396525
una _NOUN_ di _NOUN_,10377376
di _NOUN_ _._ _ADP_,10231315
al _NOUN_ _ADP_ _NOUN_,10207394
e _ADP_ _NOUN_ _ADP_,10152741
di _NOUN_ _._ _VERB_,10145305
a _NOUN_ _._ _END_,9961561
e _VERB_ _DET_ _NOUN_,9803371
che _VERB_ _VERB_ _ADP_,9696288
della _NOUN_ _._ _END_,9681517
che _PRON_ _VERB_ _ADP_,9486264
un _NOUN_ _._ _END_,9248704
per _VERB_ _DET_ _NOUN_,9237353
e _NOUN_ _ADP_ _NOUN_,9120051
di _DET_ _NOUN_ _ADJ_,9077067
e _ADP_ _NOUN_ _._,9070755
"di _NOUN_ , _ADP_",8953451
"di _NOUN_ _ADJ_ ,",8757895
a _NOUN_ . _END_,8709255
di _NOUN_ _._ _NOUN_,8702437
si _VERB_ _VERB_ _ADP_,8649238
che _DET_ _NOUN_ _VERB_,8640888
della _NOUN_ . _END_,8587357
una _NOUN_ _ADJ_ _._,8502374
"di _NOUN_ , _VERB_",8444214
di _NOUN_ _ADJ_ _ADP_,8435201
per _DET_ _NOUN_ _._,8332265
di _DET_ _NOUN_ _ADP_,8282841
e _VERB_ _ADP_ _NOUN_,8276611
la _NOUN_ _ADP_ _DET_,8219891
di _NOUN_ _NOUN_ _._,8095232
di _NOUN_ _CONJ_ _ADP_,8079239
di _NOUN_ _._ _CONJ_,8058522
si _VERB_ _DET_ _NOUN_,7985415
in _NOUN_ di _NOUN_,7971126
un _NOUN_ . _END_,7925878
di _NOUN_ _ADP_ _DET_,7918156
la _NOUN_ _ADJ_ _._,7902961
a _VERB_ _ADP_ _NOUN_,7787994
con _DET_ _NOUN_ _ADJ_,7764657
non _VERB_ _DET_ _NOUN_,7663874
di _NOUN_ _CONJ_ _NOUN_,7645134
la _PRON_ _NOUN_ _._,7519690
con _DET_ _NOUN_ _._,7518743
di _VERB_ _ADP_ _NOUN_,7425548
nel _NOUN_ _ADP_ _NOUN_,7395479
di _NOUN_ di _NOUN_,7376485
la _NOUN_ del _NOUN_,7260891
di _NOUN_ _PRON_ _VERB_,7253787
in _DET_ _NOUN_ _._,7250557
la _NOUN_ _ADJ_ _ADP_,7224227
e _NOUN_ _._ _END_,7152836
del _NOUN_ _ADJ_ _._,7143086
"di _NOUN_ , _CONJ_",7138769
di _NOUN_ _VERB_ _ADP_,7067730
della _NOUN_ _ADJ_ _._,7007040
un _NOUN_ _ADJ_ _ADP_,6929818
si _VERB_ _ADP_ _DET_,6845874
il _NOUN_ _ADJ_ _._,6801137
La _NOUN_ _ADP_ _NOUN_,6774351
è _VERB_ _ADP_ _NOUN_,6707421
in _NOUN_ _ADJ_ _._,6698190
il _PRON_ _NOUN_ _._,6597603
il _NOUN_ _ADJ_ _ADP_,6585540
dei _NOUN_ _ADP_ _NOUN_,6582717
del _NOUN_ di _NOUN_,6446317
di _NOUN_ e _NOUN_,6440874
e _DET_ _NOUN_ _ADJ_,6410177
il _NOUN_ _ADP_ _DET_,6406588
e _PRON_ _VERB_ _ADP_,6398621
e _ADP_ _NOUN_ _ADJ_,6379411
e _NOUN_ . _END_,6360608
"di _NOUN_ , _NOUN_",6328428
le _NOUN_ _._ _END_,6265445
che _VERB_ _VERB_ _DET_,6113827
di _NOUN_ e _ADP_,6108549
in _DET_ _NOUN_ _ADP_,6075111
non _VERB_ _VERB_ _ADP_,6030899
Il _NOUN_ _ADP_ _NOUN_,5945199
un _ADJ_ _NOUN_ _ADP_,5934216
l' _NOUN_ _._ _END_,5909773
delle _NOUN_ _ADP_ _NOUN_,5863192
una _NOUN_ _._ _END_,5815448
e _DET_ _NOUN_ _._,5778430
di _NOUN_ _ADJ_ .,5737558
di _NOUN_ _._ _DET_,5725514
che _DET_ _NOUN_ _ADP_,5682584
e _ADJ_ _._ _END_,5611089
le _NOUN_ . _END_,5577034
al _NOUN_ _._ _END_,5546882
per _DET_ _NOUN_ _ADJ_,5538004
"un _NOUN_ _ADJ_ ,",5390099
di _NOUN_ _ADJ_ _CONJ_,5382477
il _NOUN_ _VERB_ _VERB_,5336284
e _ADP_ _DET_ _NOUN_,5317499
l' _NOUN_ . _END_,5287837
nella _NOUN_ _ADP_ _NOUN_,5279540
di _NOUN_ _CONJ_ di,5253592
da _NOUN_ _ADP_ _NOUN_,5238748
la _NOUN_ della _NOUN_,5237083
non _VERB_ _ADV_ _VERB_,5226416
una _NOUN_ _ADJ_ _ADP_,5178764
il _NOUN_ della _NOUN_,5177484
di _NOUN_ _VERB_ _VERB_,5160387
il _NOUN_ _PRON_ _VERB_,5135801
una _ADJ_ _NOUN_ _ADP_,5128266
non _VERB_ _ADP_ _NOUN_,5095987
in _NOUN_ _ADP_ _DET_,5084981
l' _NOUN_ di _NOUN_,5050068
e _ADJ_ . _END_,5011427
una _NOUN_ . _END_,4997345
il _NOUN_ del _NOUN_,4984085
in _DET_ _NOUN_ _ADJ_,4973318
le _NOUN_ di _NOUN_,4946647
gli _NOUN_ _ADP_ _NOUN_,4939682
al _NOUN_ . _END_,4932253
la _NOUN_ _PRON_ _VERB_,4832422
"di _DET_ _NOUN_ ,",4807680
che si _VERB_ _ADP_,4770050
"di _NOUN_ , _DET_",4765969
si _VERB_ _ADP_ _VERB_,4736525
di _NOUN_ _._ _PRON_,4704900
la _ADJ_ _NOUN_ _ADP_,4702139
e _DET_ _NOUN_ _VERB_,4697698
della _NOUN_ di _NOUN_,4692086
la _NOUN_ _ADP_ _VERB_,4662471
che _ADV_ _VERB_ _VERB_,4653548
un _ADJ_ _NOUN_ _._,4639226
a _NOUN_ di _NOUN_,4609441
il _NOUN_ _ADP_ _PRON_,4535339
sua _NOUN_ _._ _END_,4526025
le _NOUN_ _ADJ_ _._,4517075
il _NOUN_ _VERB_ _ADP_,4517036
dal _NOUN_ _ADP_ _NOUN_,4506239
dalla _NOUN_ _ADP_ _NOUN_,4490425
la _NOUN_ _ADP_ _PRON_,4470243
la _NOUN_ _VERB_ _VERB_,4448613
si _VERB_ _ADV_ _ADP_,4439428
i _NOUN_ _._ _END_,4399220
a _NOUN_ _ADJ_ _._,4392579
il _NOUN_ _ADP_ _VERB_,4379561
che _VERB_ _VERB_ _VERB_,4338580
un _NOUN_ _ADJ_ .,4338327
di _NOUN_ _._ _ADV_,4295378
che _PRON_ _VERB_ _._,4295198
con _NOUN_ _ADP_ _NOUN_,4293575
"di _NOUN_ _NOUN_ ,",4292871
con _DET_ _NOUN_ di,4277428
ha _VERB_ _DET_ _NOUN_,4256149
e _PRON_ _VERB_ _VERB_,4251563
che _DET_ _NOUN_ _ADJ_,4243076
suo _NOUN_ _._ _END_,4230479
a _VERB_ _._ _END_,4220980
la _NOUN_ _VERB_ _ADP_,4213169
i _NOUN_ di _NOUN_,4211609
per _VERB_ _ADP_ _NOUN_,4209666
la _NOUN_ _CONJ_ _DET_,4187747
l _DET_ _NOUN_ _ADP_,4150211
la _PRON_ _NOUN_ _ADP_,4123347
"di _NOUN_ , _PRON_",4110892
che _PRON_ _VERB_ _ADV_,4108312
"e _ADP_ _NOUN_ ,",4095940
di _NOUN_ e di,4068543
sua _NOUN_ . _END_,4054495
e _DET_ _NOUN_ di,4047275
di _DET_ _ADJ_ _NOUN_,4045602
si _VERB_ _._ _END_,4042828
in _NOUN_ _ADP_ _VERB_,4021668
per _NOUN_ _ADP_ _NOUN_,4017620
di _NOUN_ che _VERB_,4014150
"una _NOUN_ _ADJ_ ,",4011804
le _NOUN_ _ADJ_ _ADP_,3998825
l ' _NOUN_ _ADP_,3995785
di _NOUN_ _ADP_ _PRON_,3993568
alla _NOUN_ _._ _END_,3984580
dei _NOUN_ _._ _END_,3978887
una _ADJ_ _NOUN_ _._,3963021
per _DET_ _NOUN_ di,3944577
e la _NOUN_ _ADP_,3940890
a _DET_ _NOUN_ _._,3929223
di _NOUN_ _NOUN_ _NOUN_,3917334
per la _NOUN_ _ADP_,3893302
in _NOUN_ _DET_ _NOUN_,3875385
di _NOUN_ _ADJ_ _NOUN_,3873888
di _NOUN_ del _NOUN_,3869736
di _ADJ_ _NOUN_ _._,3846574
di _PRON_ _._ _END_,3838086
"in _DET_ _NOUN_ ,",3836889
non _PRON_ _VERB_ _VERB_,3826548
la _NOUN_ _._ _VERB_,3825868
della _PRON_ _NOUN_ _._,3815093
e _DET_ _PRON_ _NOUN_,3809100
il _PRON_ _NOUN_ _ADP_,3802919
"per _DET_ _NOUN_ ,",3801996
è _DET_ _NOUN_ _ADP_,3800243
di un _NOUN_ _ADJ_,3794552
la _NOUN_ di _DET_,3779529
suo _NOUN_ . _END_,3776874
che _VERB_ _VERB_ _._,3776850
i _NOUN_ . _END_,3762709
di _DET_ _NOUN_ .,3756389
di _NOUN_ _ADJ_ e,3750050
non _PRON_ _VERB_ _ADV_,3714117
a _DET_ _NOUN_ _ADP_,3697576
l' _NOUN_ _ADP_ _DET_,3696642
delle _NOUN_ _ADJ_ _._,3684672
a _VERB_ . _END_,3681610
che _VERB_ la _NOUN_,3679998
di _NOUN_ in _NOUN_,3655747
di _DET_ _NOUN_ di,3643097
"di _NOUN_ , _ADV_",3632241
aveva _VERB_ _DET_ _NOUN_,3609935
ai _NOUN_ _ADP_ _NOUN_,3589402
non _VERB_ _VERB_ _DET_,3584694
"la _NOUN_ _ADJ_ ,",3569935
« _NOUN_ _._ _END_,3568424
alla _NOUN_ . _END_,3563807
che _VERB_ _ADP_ _DET_,3528254
in _NOUN_ _._ _VERB_,3527631
si _VERB_ . _END_,3523940
del _NOUN_ _._ _VERB_,3515340
il _NOUN_ _._ _VERB_,3505066
la sua _NOUN_ _._,3504990
era _VERB_ _ADP_ _NOUN_,3480373
e _NOUN_ _ADJ_ _._,3474406
un _NOUN_ _PRON_ _VERB_,3472626
_X_ _X_ _X_ _X_,3461519
di _DET_ _NOUN_ _VERB_,3458012
del _NOUN_ _ADJ_ _ADP_,3451780
del _NOUN_ _._ _ADP_,3445891
i _PRON_ _NOUN_ _._,3433339
per _NOUN_ _._ _END_,3424288
dei _NOUN_ . _END_,3420687
che _VERB_ _ADP_ _VERB_,3413649
e _ADJ_ _ADP_ _NOUN_,3399089
il _NOUN_ _CONJ_ _DET_,3382468
della _NOUN_ _ADJ_ _ADP_,3380954
che _VERB_ il _NOUN_,3373936
sulla _NOUN_ _ADP_ _NOUN_,3373896
l' _NOUN_ del _NOUN_,3362119
di _VERB_ la _NOUN_,3360790
da _DET_ _NOUN_ _ADP_,3358959
che _ADV_ _PRON_ _VERB_,3355578
e _ADP_ _NOUN_ .,3353070
in _NOUN_ _._ _ADP_,3334941
non _VERB_ _VERB_ _VERB_,3334703
un _NOUN_ _ADJ_ _CONJ_,3330828
essere _VERB_ _ADP_ _NOUN_,3321460
"del _NOUN_ _ADJ_ ,",3306503
sono _VERB_ _ADP_ _NOUN_,3286647
dei _NOUN_ _ADJ_ _._,3282646
più _ADJ_ _._ _END_,3271006
l' _NOUN_ _ADJ_ _ADP_,3268719
la _PRON_ _NOUN_ .,3263902
di _PRON_ _ADP_ _NOUN_,3263367
sul _NOUN_ _ADP_ _NOUN_,3260775
di un _NOUN_ _ADP_,3252832
che _PRON_ _VERB_ _DET_,3248105
_X_ _NUM_ _NOUN_ _NUM_,3241298
di _PRON_ . _END_,3227984
una _NOUN_ _ADJ_ .,3219399
"la _NOUN_ , _VERB_",3218292
» _VERB_ _NOUN_ _._,3206111
un _NOUN_ _ADP_ _DET_,3205485
di _NOUN_ _CONJ_ _VERB_,3202144
al _NOUN_ di _NOUN_,3197550
si _VERB_ _VERB_ _._,3197473
"in _NOUN_ _ADJ_ ,",3196186
i _NOUN_ _ADJ_ _._,3189921
la _NOUN_ e _DET_,3186600
per _DET_ _NOUN_ .,3183520
da _NOUN_ _._ _END_,3178295
con _DET_ _ADJ_ _NOUN_,3174096
"il _NOUN_ _ADJ_ ,",3166064
"della _NOUN_ _ADJ_ ,",3148020
"con _DET_ _NOUN_ ,",3146971
con _DET_ _PRON_ _NOUN_,3146559
l' _NOUN_ _ADJ_ _._,3123620
con _DET_ _NOUN_ .,3122463
di _NOUN_ _DET_ _NOUN_,3096476
le _NOUN_ _VERB_ _ADP_,3088966
da _DET_ _NOUN_ _._,3087864
di _VERB_ il _NOUN_,3087014
a _VERB_ la _NOUN_,3070470
"la _PRON_ _NOUN_ ,",3070417
il suo _NOUN_ _._,3064175
si _VERB_ _VERB_ _DET_,3047291
"in _NOUN_ , _VERB_",3045758
la _NOUN_ _._ _CONJ_,3045285
a _VERB_ il _NOUN_,3037696
e _ADP_ _NOUN_ di,3037475
la _NOUN_ _ADJ_ .,3028370
"del _NOUN_ , _ADP_",3021359
di _PRON_ _PRON_ _VERB_,3021354
alla _NOUN_ di _NOUN_,3018319
più _ADJ_ _ADP_ _NOUN_,3015172
"del _NOUN_ , _VERB_",2973077
più _ADJ_ . _END_,2969733
L' _NOUN_ _ADP_ _NOUN_,2962141
"in _NOUN_ , _ADP_",2957716
del _PRON_ _NOUN_ _._,2946905
"il _NOUN_ , _VERB_",2934293
lo _NOUN_ _ADP_ _NOUN_,2933705
la _PRON_ _NOUN_ _VERB_,2910623
per _NOUN_ . _END_,2909345
che si _VERB_ _VERB_,2905900
di _DET_ _DET_ _NOUN_,2904889
a _NOUN_ _ADP_ _DET_,2892086
che _VERB_ _._ _END_,2887800
nei _NOUN_ _ADP_ _NOUN_,2884319
che _VERB_ _VERB_ _ADV_,2884034
di _NOUN_ _ADJ_ _VERB_,2880297
di un _NOUN_ _._,2874798
di una _NOUN_ _ADJ_,2873774
la _NOUN_ di _VERB_,2872727
con la _NOUN_ _ADP_,2872019
delle _NOUN_ _._ _END_,2853835
come _DET_ _NOUN_ _ADP_,2853814
non _VERB_ _VERB_ _._,2845529
di _NOUN_ _CONJ_ _DET_,2844451
il _NOUN_ di _VERB_,2841218
di _NOUN_ della _NOUN_,2836945
un _NOUN_ _VERB_ _ADP_,2836609
è _DET_ _NOUN_ _ADJ_,2830801
il _PRON_ _NOUN_ .,2819127
di _NOUN_ _VERB_ _DET_,2810455
l' _NOUN_ della _NOUN_,2801169
è _VERB_ _DET_ _NOUN_,2798138
il _PRON_ _NOUN_ _VERB_,2796531
da _NOUN_ . _END_,2785991
la _NOUN_ dei _NOUN_,2784793
della _NOUN_ _._ _ADP_,2782906
che _VERB_ _ADV_ _VERB_,2776032
__ __ __ __,2774939
e _NOUN_ di _NOUN_,2773686
lo _VERB_ _._ _END_,2771816
della _NOUN_ _._ _VERB_,2767755
di _NOUN_ _._ _._,2763789
i _NOUN_ _ADJ_ _ADP_,2761403
un _ADJ_ _NOUN_ di,2756825
le _NOUN_ _ADP_ _DET_,2750270
che non _VERB_ _VERB_,2748153
il _ADJ_ _NOUN_ _ADP_,2747482
le _NOUN_ _PRON_ _VERB_,2746581
con _NOUN_ _ADJ_ _._,2742626
"la _NOUN_ , _CONJ_",2733204
la _NOUN_ _._ _DET_,2726644
dei _NOUN_ di _NOUN_,2720211
di _NOUN_ _ADP_ _VERB_,2717065
e _PRON_ _PRON_ _VERB_,2710702
mi _VERB_ _ADP_ _NOUN_,2708758
e si _VERB_ _ADP_,2704478
"il _PRON_ _NOUN_ ,",2697830
d' _NOUN_ _._ _END_,2695771
e _PRON_ _VERB_ _DET_,2691797
il _NOUN_ _._ _CONJ_,2691271
in _DET_ _NOUN_ di,2686939
un _NOUN_ che _VERB_,2683866
i _NOUN_ _VERB_ _ADP_,2680383
del _NOUN_ _._ _CONJ_,2661632
mi _VERB_ _VERB_ _ADP_,2660657
» « _NOUN_ _._,2657937
si _VERB_ in _NOUN_,2628712
la _PRON_ _NOUN_ _ADJ_,2624840
e _VERB_ _ADP_ _VERB_,2623252
aveva _VERB_ _ADP_ _NOUN_,2620058
the _NOUN_ _NOUN_ _NOUN_,2616575
la _NOUN_ _._ _ADP_,2611057
del _NOUN_ _CONJ_ _ADP_,2609327
in _DET_ _NOUN_ _VERB_,2608337
un _NOUN_ _ADV_ _ADJ_,2608083
» _NOUN_ _NOUN_ _._,2606919
alle _NOUN_ _ADP_ _NOUN_,2604293
che _ADP_ _DET_ _NOUN_,2600973
in _NOUN_ _._ _CONJ_,2597410
di _NOUN_ _._ e,2593716
e _ADJ_ _NOUN_ _._,2590610
non _VERB_ _ADP_ _VERB_,2588402
e _ADP_ _NOUN_ _VERB_,2588009
l' _ADJ_ _NOUN_ _ADP_,2571636
nel _NOUN_ _._ _END_,2563600
le _PRON_ _NOUN_ _._,2560881
« _NOUN_ _NOUN_ _._,2555895
che _PRON_ _PRON_ _VERB_,2549372
che _ADP_ _NOUN_ _VERB_,2542297
il _NOUN_ di _DET_,2542210
della _NOUN_ _ADJ_ .,2541846
in _NOUN_ _NOUN_ _NOUN_,2533834
in _PRON_ _DET_ _NOUN_,2532825
per _DET_ _PRON_ _NOUN_,2532757
nel _NOUN_ di _NOUN_,2532382
non _PRON_ _VERB_ _ADP_,2526515
in _NOUN_ _NOUN_ _._,2525071
a _DET_ _NOUN_ _ADJ_,2514357
in _NOUN_ _ADJ_ _ADP_,2514327
loro _NOUN_ _._ _END_,2512549
e _VERB_ _VERB_ _ADP_,2506550
» _VERB_ _DET_ _NOUN_,2502668
di _NOUN_ ; _END_,2502407
con _NOUN_ _._ _END_,2492983
"e _DET_ _NOUN_ ,",2490818
ha _VERB_ _ADP_ _NOUN_,2489342
la _NOUN_ _ADJ_ _VERB_,2487753
al _NOUN_ _ADJ_ _._,2486550
il _PRON_ _NOUN_ _ADJ_,2479328
e _ADJ_ _NOUN_ _ADP_,2473333
il _NOUN_ e _DET_,2472607
delle _NOUN_ . _END_,2470151
che _ADV_ _VERB_ _ADV_,2469331
il _NOUN_ _ADJ_ .,2467352
per il _NOUN_ _ADP_,2466821
come _DET_ _NOUN_ _._,2461737
a _VERB_ _ADP_ _DET_,2458729
da _DET_ _NOUN_ _ADJ_,2456427
che il _NOUN_ _VERB_,2455976
che _ADP_ _NOUN_ _ADP_,2455331
"della _NOUN_ , _ADP_",2453132
a _NOUN_ _._ _VERB_,2452656
il _NOUN_ _ADJ_ _NOUN_,2447377
che _DET_ _PRON_ _NOUN_,2443977
il _NOUN_ _ADV_ _VERB_,2443520
che _VERB_ _ADV_ _ADP_,2436963
di _NOUN_ _ADV_ _VERB_,2436135
"la _NOUN_ , _DET_",2432619
l' _NOUN_ _ADP_ _VERB_,2432523
una _NOUN_ _ADJ_ _CONJ_,2431095
e _DET_ _NOUN_ _PRON_,2425598
del _NOUN_ _ADJ_ .,2425123
il _NOUN_ che _VERB_,2422171
sul _NOUN_ _._ _END_,2421787
in _NOUN_ _ADJ_ .,2421662
il _NOUN_ _ADJ_ _VERB_,2420057
e _VERB_ _ADP_ _DET_,2419216
di _VERB_ _._ _END_,2418239
"il _NOUN_ , _CONJ_",2411807
Il _NOUN_ di _NOUN_,2405824
di una _NOUN_ _ADP_,2405595
una _NOUN_ _PRON_ _VERB_,2402798
di _NOUN_ _NOUN_ _ADP_,2401286
un _NOUN_ _ADJ_ e,2397793
la _NOUN_ _ADJ_ _NOUN_,2395526
gli _NOUN_ _._ _END_,2395226
la _NOUN_ _ADJ_ _CONJ_,2393255
« _NOUN_ _NOUN_ _NOUN_,2393118
sua _NOUN_ _ADP_ _NOUN_,2392233
di _DET_ _NOUN_ _PRON_,2390247
delle _NOUN_ di _NOUN_,2388258
"_._ , _ADP_ _NOUN_",2385781
anche _ADP_ _NOUN_ _ADP_,2383414
e _PRON_ _VERB_ _ADV_,2378298
il _NOUN_ _VERB_ _DET_,2376472
si _VERB_ _ADV_ _VERB_,2375873
si _VERB_ a _VERB_,2374421
di _NOUN_ _VERB_ _ADV_,2370185
e _VERB_ la _NOUN_,2368291
il _NOUN_ _._ _ADP_,2368154
a _NOUN_ _NOUN_ _._,2366832
con _DET_ _NOUN_ _VERB_,2365034
mi _VERB_ _DET_ _NOUN_,2364846
lo _VERB_ _ADP_ _NOUN_,2362973
non _VERB_ mai _VERB_,2352930
"in _NOUN_ , _CONJ_",2352671
"della _NOUN_ , _VERB_",2352088
"del _NOUN_ , _CONJ_",2351183
non _VERB_ _ADV_ _ADP_,2345126
la _NOUN_ _ADP_ un,2339040
per _VERB_ la _NOUN_,2335158
si _VERB_ _ADP_ _PRON_,2334316
della _NOUN_ _CONJ_ _ADP_,2330472
il _NOUN_ _._ _DET_,2327294
lo _VERB_ . _END_,2319345
alla _NOUN_ del _NOUN_,2309832
la _NOUN_ _ADV_ _VERB_,2308627
i _NOUN_ _PRON_ _VERB_,2306455
in _NOUN_ _ADP_ _PRON_,2306347
« _NOUN_ _ADP_ _NOUN_,2302723
a _NOUN_ _._ _ADP_,2300246
e di _NOUN_ _._,2293056
nel _NOUN_ . _END_,2292611
in _DET_ _NOUN_ .,2291191
o _ADP_ _NOUN_ _ADP_,2289566
come _NOUN_ _ADP_ _NOUN_,2285874
d' _NOUN_ . _END_,2279574
"la _NOUN_ , _ADP_",2273592
che _VERB_ . _END_,2271971
la _NOUN_ che _VERB_,2271963
le _NOUN_ _CONJ_ _DET_,2265178
in cui _DET_ _NOUN_,2264171
e il _NOUN_ _ADP_,2264138
degli _NOUN_ _ADP_ _NOUN_,2261621
suo _NOUN_ _ADP_ _NOUN_,2257065
non _VERB_ _VERB_ _ADV_,2254627
in _NOUN_ _._ _NOUN_,2253731
con _NOUN_ . _END_,2253693
per _DET_ _DET_ _NOUN_,2250221
e _ADV_ _ADP_ _NOUN_,2243358
per _DET_ _ADJ_ _NOUN_,2243280
una _NOUN_ _ADP_ _DET_,2242478
di _ADJ_ _NOUN_ _ADP_,2234343
l' _NOUN_ di _DET_,2233241
che _VERB_ _NOUN_ _ADP_,2231788
loro _NOUN_ . _END_,2228276
e _VERB_ il _NOUN_,2224275
sul _NOUN_ . _END_,2219380
si _VERB_ _VERB_ _ADV_,2215100
la _ADJ_ _NOUN_ _._,2214600
che _DET_ _NOUN_ di,2214569
il _NOUN_ _NOUN_ _._,2211738
un _NOUN_ _ADP_ _PRON_,2207146
in _NOUN_ di _VERB_,2206920
ad _VERB_ _DET_ _NOUN_,2205380
per _DET_ _NOUN_ _CONJ_,2201928
un _NOUN_ _._ _VERB_,2200873
"di _NOUN_ , e",2199489
con _DET_ _NOUN_ _CONJ_,2198540
delle _NOUN_ _ADJ_ _ADP_,2183310
di _NOUN_ e _VERB_,2181781
"le _NOUN_ _ADJ_ ,",2180419
non _VERB_ _._ _END_,2177717
e _DET_ _NOUN_ .,2177677
del _NOUN_ _NOUN_ _._,2176490
la _NOUN_ delle _NOUN_,2174267
o _ADP_ _NOUN_ _._,2173374
in _PRON_ _PRON_ _VERB_,2171385
è _VERB_ _ADP_ _DET_,2170831
La _NOUN_ di _NOUN_,2169027
di _VERB_ _VERB_ _ADP_,2168798
della _NOUN_ del _NOUN_,2166391
non _VERB_ _ADV_ _ADJ_,2161258
» _VERB_ _NOUN_ .,2158734
e _ADV_ _VERB_ _VERB_,2157198
dal _NOUN_ _._ _END_,2155322
di _NOUN_ _NOUN_ .,2154172
l' _NOUN_ _VERB_ _VERB_,2151088
per _VERB_ il _NOUN_,2148266
che non _PRON_ _VERB_,2147977
gli _VERB_ _DET_ _NOUN_,2146405
di _NOUN_ _._ che,2146315
alla _NOUN_ _ADJ_ _._,2145561
del _NOUN_ _PRON_ _VERB_,2144399
in _DET_ _ADJ_ _NOUN_,2140472
un _NOUN_ _._ _CONJ_,2139261
gli _NOUN_ . _END_,2138293
che la _NOUN_ _VERB_,2132164
di _NUM_ _NOUN_ _._,2118782
il _NOUN_ _ADJ_ _CONJ_,2118312
e _VERB_ _._ _END_,2114214
del _NOUN_ _._ _NOUN_,2113757
di cui _ADP_ _NOUN_,2111980
a _NOUN_ _DET_ _NOUN_,2106958
la _NOUN_ _VERB_ _DET_,2106880
non _PRON_ _VERB_ _._,2104906
di _NOUN_ _._ di,2104669
è _DET_ _NOUN_ _._,2102011
di _VERB_ . _END_,2100840
la _NOUN_ _CONJ_ _VERB_,2097513
un _ADJ_ _NOUN_ _ADJ_,2096874
per la _NOUN_ _._,2095049
della _NOUN_ _._ _CONJ_,2094322
mia _NOUN_ _._ _END_,2077900
"a _NOUN_ , _ADP_",2075907
i _NOUN_ _CONJ_ _DET_,2068950
Le _NOUN_ _ADP_ _NOUN_,2066555
a _PRON_ _._ _END_,2062526
un _NOUN_ _ADJ_ _NOUN_,2062203
"il _NOUN_ , _ADP_",2059777
i _NOUN_ _ADP_ _DET_,2059470
che _DET_ _NOUN_ _ADV_,2059257
due _NOUN_ _ADP_ _NOUN_,2058324
mi _VERB_ _._ _END_,2056960
da parte _ADP_ _NOUN_,2054822
"il _NOUN_ , _DET_",2052911
è _VERB_ _VERB_ _ADP_,2046690
la sua _NOUN_ _ADP_,2045753
di _NOUN_ a _NOUN_,2044166
"a _NOUN_ , _VERB_",2043404
e _DET_ _ADJ_ _NOUN_,2042135
di _NOUN_ e _DET_,2040932
in un _NOUN_ _ADP_,2039898
del _NOUN_ e _ADP_,2037231
il _NOUN_ _VERB_ _ADV_,2036336
che non _VERB_ _ADV_,2034767
un po ' _ADP_,2034000
è _ADJ_ _._ _END_,2030923
a _NOUN_ _._ _CONJ_,2025663
le _NOUN_ _ADP_ _PRON_,2025344
si _VERB_ _ADV_ _._,2024508
che _NOUN_ _VERB_ _VERB_,2022797
l' _NOUN_ _PRON_ _VERB_,2019135
che _ADV_ _VERB_ _ADP_,2014506
e _ADP_ _PRON_ _NOUN_,2014031
una _NOUN_ _VERB_ _ADP_,2010783
con il _NOUN_ _ADP_,2006785
la _NOUN_ _CONJ_ la,1999684
e _ADV_ _PRON_ _VERB_,1998927
dei _NOUN_ _ADJ_ _ADP_,1998059
una _NOUN_ che _VERB_,1996967
del _NOUN_ _._ _DET_,1991773
si _VERB_ di _NOUN_,1989460
"di _NOUN_ , di",1987221
un _NOUN_ _NOUN_ _ADP_,1986640
una _NOUN_ _ADV_ _ADJ_,1979865
"un _ADJ_ _NOUN_ ,",1974604
di _NOUN_ si _VERB_,1969027
e _ADV_ _VERB_ _ADP_,1968944
dal _NOUN_ . _END_,1957268
che _DET_ _NOUN_ _PRON_,1956125
una _ADJ_ _NOUN_ di,1955827
del _NOUN_ _VERB_ _ADP_,1952931
"a _NOUN_ _ADJ_ ,",1950711
"un _NOUN_ , _CONJ_",1949562
"di _NOUN_ , che",1946368
in un _NOUN_ _ADJ_,1940458
mio _NOUN_ _._ _END_,1937215
la _NOUN_ _VERB_ _ADV_,1931782
in _DET_ _DET_ _NOUN_,1930397
un _ADJ_ _NOUN_ .,1928968
le _NOUN_ e _DET_,1926726
di _VERB_ _ADP_ _DET_,1926658
e _NOUN_ _NOUN_ _._,1924745
di _NOUN_ _._ _NUM_,1923766
_X_ _NUM_ _._ _END_,1922378
del _NOUN_ _ADP_ _DET_,1921427
» « _ADV_ _._,1918853
dalla _NOUN_ _._ _END_,1916151
non _VERB_ _NOUN_ _ADP_,1915719
si _VERB_ la _NOUN_,1914959
che _VERB_ _ADP_ _PRON_,1913530
della _NOUN_ e _ADP_,1913486
di _DET_ _NOUN_ che,1912454
se _PRON_ _VERB_ _VERB_,1912071
nel _NOUN_ _ADJ_ _._,1912008
e _VERB_ . _END_,1908609
of _NOUN_ _NOUN_ _NOUN_,1907682
una _ADJ_ _NOUN_ _ADJ_,1899116
le _NOUN_ del _NOUN_,1893655
"_._ , _NOUN_ _._",1892860
che _VERB_ in _NOUN_,1891146
di _NOUN_ _ADP_ _ADJ_,1883134
al _PRON_ _NOUN_ _._,1881566
per _DET_ _NOUN_ _VERB_,1881472
e _NOUN_ _PRON_ _VERB_,1877783
di _VERB_ un _NOUN_,1876789
per _PRON_ _._ _END_,1865428
il suo _NOUN_ _ADP_,1864189
del _NOUN_ _VERB_ _VERB_,1863712
è _ADV_ _ADJ_ _._,1859561
di _DET_ _NOUN_ _CONJ_,1857802
per _ADP_ _NOUN_ _ADP_,1854746
"a _DET_ _NOUN_ ,",1850115
"a _NOUN_ , _CONJ_",1847334
"della _NOUN_ , _CONJ_",1844302
della sua _NOUN_ _._,1840251
per l' _NOUN_ _ADP_,1840153
i _NOUN_ _VERB_ _VERB_,1837138
un _NOUN_ _ADJ_ di,1828575
Il _NOUN_ _VERB_ _VERB_,1828355
al _NOUN_ della _NOUN_,1827598
la _NOUN_ _ADJ_ e,1826613
In _DET_ _NOUN_ _._,1824662
si _VERB_ _CONJ_ _VERB_,1823080
il _NOUN_ _NOUN_ _NOUN_,1817674
I _NOUN_ _ADP_ _NOUN_,1816757
e _NOUN_ _._ _VERB_,1812338
il _NOUN_ dei _NOUN_,1810985
» _VERB_ _ADV_ _._,1810883
si _VERB_ _ADP_ un,1808218
a _NOUN_ _NOUN_ _NOUN_,1806407
di _NOUN_ _ADV_ _ADJ_,1805597
di _VERB_ _DET_ _PRON_,1802849
il _NOUN_ _CONJ_ _VERB_,1800652
anche _DET_ _NOUN_ _ADP_,1800537
l' _NOUN_ _ADP_ _PRON_,1799735
"di _ADJ_ _NOUN_ ,",1794803
che la _NOUN_ _ADP_,1794343
si _VERB_ _VERB_ _CONJ_,1793243
» _NOUN_ _PRON_ _VERB_,1793013
al _NOUN_ del _NOUN_,1791739
e _ADP_ _ADJ_ _NOUN_,1790408
i _NOUN_ e _DET_,1789409
di _NOUN_ _._ ma,1788803
in cui _PRON_ _VERB_,1786344
con _DET_ _NOUN_ _PRON_,1783895
una _NOUN_ _ADJ_ e,1780821
a _DET_ _NOUN_ di,1776851
non _VERB_ _ADV_ _._,1776799
"un _NOUN_ , _VERB_",1776378
Si _VERB_ _ADP_ _NOUN_,1775625
le _NOUN_ che _VERB_,1774095
"delle _NOUN_ _ADJ_ ,",1773086
in _NOUN_ _ADJ_ _CONJ_,1771833
non _VERB_ a _VERB_,1769313
di _NOUN_ _._ _ADJ_,1764662
« _NOUN_ » _._,1763465
che _PRON_ _VERB_ .,1761294
mi _VERB_ _VERB_ _._,1760443
non _VERB_ . _END_,1756872
l' _NOUN_ di _VERB_,1754577
» _._ _VERB_ _NOUN_,1753378
a _NOUN_ _ADJ_ .,1753052
non _VERB_ _ADV_ _DET_,1746706
con la _NOUN_ _._,1745558
in _NOUN_ _._ _DET_,1744776
al _NOUN_ _ADP_ _VERB_,1742948
tra _DET_ _NOUN_ _ADP_,1742496
dalla _NOUN_ . _END_,1742493
mia _NOUN_ . _END_,1741986
l' _VERB_ _VERB_ _._,1741000
« _ADV_ _VERB_ _VERB_,1739218
La _NOUN_ _VERB_ _VERB_,1738972
po ' _ADP_ _NOUN_,1737514
e _PRON_ _VERB_ _._,1736566
nella _NOUN_ _._ _END_,1735305
con _DET_ _DET_ _NOUN_,1734984
della _NOUN_ _ADP_ _DET_,1730465
"» , _VERB_ _NOUN_",1730183
con _PRON_ _._ _END_,1730155
a _PRON_ . _END_,1729081
che _._ _ADP_ _NOUN_,1727793
la _NOUN_ _NOUN_ _._,1723864
si _VERB_ a _NOUN_,1723827
da _VERB_ _._ _END_,1723405
"di _NOUN_ , ma",1723072
che _VERB_ un _NOUN_,1720516
la _NOUN_ in _NOUN_,1720012
dal _NOUN_ di _NOUN_,1719842
in grado _ADP_ _VERB_,1719200
non _VERB_ _ADJ_ _._,1715793
e _NOUN_ _._ _NOUN_,1715385
in grado di _VERB_,1713567
lo _NOUN_ _._ _END_,1709808
con un _NOUN_ _ADP_,1709594
della _PRON_ _NOUN_ .,1708713
a _DET_ _DET_ _NOUN_,1708031
e _NOUN_ _._ _ADP_,1706617
ai _NOUN_ _ADJ_ _._,1705080
« _VERB_ _DET_ _NOUN_,1704933
mi _VERB_ . _END_,1704914
nella _NOUN_ di _NOUN_,1703766
"_._ , _DET_ _NOUN_",1703610
di _DET_ _NOUN_ _ADV_,1703475
non si _VERB_ _VERB_,1702666
del _NOUN_ _ADJ_ _NOUN_,1701025
che _DET_ _NOUN_ _._,1699533
_X_ _X_ _._ _END_,1697897
l' _NOUN_ _VERB_ _ADP_,1697383
degli _NOUN_ _._ _END_,1697090
l _DET_ _NOUN_ _ADJ_,1697008
si _VERB_ il _NOUN_,1695692
le _NOUN_ _._ _VERB_,1695297
con _ADP_ _NOUN_ _ADP_,1693888
parte _ADP_ _NOUN_ _._,1691526
"in _NOUN_ , _NOUN_",1688950
di _VERB_ _VERB_ _DET_,1688271
per _DET_ _NOUN_ e,1686936
e le _NOUN_ _ADP_,1686378
a _VERB_ _DET_ _PRON_,1685073
nella _NOUN_ _ADJ_ _._,1684513
"che _PRON_ _VERB_ ,",1683575
"In _DET_ _NOUN_ ,",1679603
per il _NOUN_ _._,1678631
della _NOUN_ _._ _NOUN_,1676716
in _PRON_ _VERB_ _VERB_,1674567
del _NOUN_ del _NOUN_,1674156
la _PRON_ _ADJ_ _NOUN_,1674124
e la _NOUN_ _._,1673900
« _PRON_ _VERB_ _VERB_,1673411
come _DET_ _NOUN_ _ADJ_,1670153
le _NOUN_ _ADJ_ _CONJ_,1669626
il _NOUN_ delle _NOUN_,1667031
che _ADV_ _VERB_ _DET_,1666325
il _NOUN_ si _VERB_,1663902
si era _VERB_ _ADP_,1662391
da _DET_ _NOUN_ di,1660925
di _NOUN_ per _DET_,1660686
la _NOUN_ _._ _NOUN_,1659770
di una _NOUN_ _._,1658202
sulla _NOUN_ _._ _END_,1657848
con _NOUN_ di _NOUN_,1657439
suoi _NOUN_ _._ _END_,1656902
con _DET_ _NOUN_ e,1655707
una _NOUN_ _ADP_ _PRON_,1655259
o _ADP_ _DET_ _NOUN_,1654354
"una _ADJ_ _NOUN_ ,",1653316
che _VERB_ l' _NOUN_,1650356
di un _ADJ_ _NOUN_,1649663
e _VERB_ _VERB_ _DET_,1649133
una _NOUN_ _ADJ_ _NOUN_,1647167
che _VERB_ _VERB_ _NOUN_,1646046
della _NOUN_ _PRON_ _VERB_,1645835
Il _NOUN_ _PRON_ _VERB_,1644397
una _ADJ_ _NOUN_ .,1641352
da _VERB_ _ADP_ _NOUN_,1639621
"del _NOUN_ , _DET_",1638569
"che , _ADP_ _NOUN_",1637506
e _DET_ _DET_ _NOUN_,1635400
le _NOUN_ _VERB_ _VERB_,1633514
non _VERB_ _CONJ_ _VERB_,1633450
la _NOUN_ _ADP_ _ADJ_,1632947
che _VERB_ _VERB_ a,1631835
la _NOUN_ e la,1631549
di _VERB_ _NOUN_ _ADP_,1630605
l ' _NOUN_ _ADJ_,1628541
la _NOUN_ _._ _ADV_,1624361
« _NOUN_ _._ _VERB_,1622080
la _NOUN_ si _VERB_,1615279
verso _DET_ _NOUN_ _._,1613545
di _NOUN_ dei _NOUN_,1613251
che _VERB_ _VERB_ .,1613179
del _NOUN_ _NOUN_ _NOUN_,1612883
è _DET_ _NOUN_ di,1609434
ne _VERB_ _DET_ _NOUN_,1607510
un _NOUN_ _._ _DET_,1606752
il _NOUN_ _ADJ_ di,1606290
in una _NOUN_ _ADP_,1606252
e _ADP_ _NOUN_ _PRON_,1605252
dei _PRON_ _NOUN_ _._,1604723
con _DET_ _NOUN_ che,1602557
nelle _NOUN_ _ADP_ _NOUN_,1601616
le _VERB_ _DET_ _NOUN_,1599099
nella _PRON_ _NOUN_ _._,1598812
un _NOUN_ _._ _ADP_,1598488
» _NOUN_ _VERB_ _DET_,1597436
del _NOUN_ _._ _PRON_,1596561
in _NOUN_ _._ _ADV_,1594553
la _NOUN_ e _VERB_,1592816
la _NOUN_ _._ _PRON_,1592017
con l' _NOUN_ _ADP_,1591500
nel _NOUN_ _ADP_ _PRON_,1591479
quello _PRON_ _VERB_ _VERB_,1588448
un _NOUN_ _ADP_ _VERB_,1586861
la _NOUN_ _ADJ_ di,1586383
la _NOUN_ di un,1586338
del _ADJ_ _NOUN_ _._,1585315
che _VERB_ _DET_ _PRON_,1583709
il _NOUN_ _ADJ_ e,1580513
tra _DET_ _NOUN_ _._,1579747
di _ADV_ _._ _END_,1579488
le _NOUN_ _ADJ_ .,1579356
a _NOUN_ _._ _NOUN_,1578576
alla _NOUN_ _ADP_ _DET_,1578481
anche _ADP_ _DET_ _NOUN_,1577979
l' _VERB_ _VERB_ _ADP_,1577638
la sua _NOUN_ .,1575383
le _NOUN_ _ADJ_ _VERB_,1573790
non si _VERB_ _ADP_,1572023
l' _NOUN_ _CONJ_ _DET_,1570087
è _VERB_ _ADP_ _VERB_,1569971
"« _NOUN_ _NOUN_ ,",1569777
l _DET_ _NOUN_ _._,1569630
di _NOUN_ _PRON_ _PRON_,1566699
"i _NOUN_ _ADJ_ ,",1565763
mio _NOUN_ . _END_,1565625
che il _NOUN_ _ADP_,1563011
quello che _VERB_ _VERB_,1562687
dei _NOUN_ _CONJ_ _ADP_,1559726
alla _NOUN_ della _NOUN_,1558419
al _NOUN_ _ADP_ _DET_,1556150
nella _NOUN_ . _END_,1555099
della _NOUN_ _._ _DET_,1554636
può _VERB_ _DET_ _NOUN_,1553741
con la _NOUN_ _ADJ_,1552090
il _NOUN_ _ADP_ cui,1551572
la _PRON_ _NOUN_ _CONJ_,1550883
in _NOUN_ _ADP_ _ADJ_,1550879
in cui _VERB_ _VERB_,1548699
che _VERB_ _VERB_ la,1546407
che mi _VERB_ _VERB_,1545420
di _PRON_ che _VERB_,1544720
"della _PRON_ _NOUN_ ,",1543107
il _NOUN_ _._ _NOUN_,1542734
di _PRON_ _VERB_ _VERB_,1541249
da _NOUN_ _ADJ_ _._,1540647
a _NOUN_ del _NOUN_,1540389
di un _NOUN_ di,1540316
del _NOUN_ _ADJ_ _CONJ_,1538619
i _PRON_ _NOUN_ _VERB_,1536809
il _NOUN_ non _VERB_,1536331
sulla _NOUN_ . _END_,1536312
In _NOUN_ _ADP_ _NOUN_,1535325
della _NOUN_ _VERB_ _ADP_,1535039
del _NOUN_ della _NOUN_,1533685
che _ADV_ si _VERB_,1533586
non si _VERB_ _ADV_,1532716
di _NOUN_ o _ADP_,1532026
ci _VERB_ _DET_ _NOUN_,1531297
"dei _NOUN_ _ADJ_ ,",1528448
and _NOUN_ _NOUN_ _NOUN_,1528313
ogni _NOUN_ _ADP_ _NOUN_,1526692
e l' _NOUN_ _ADP_,1526279
di una _ADJ_ _NOUN_,1525970
per _PRON_ . _END_,1522501
"i _PRON_ _NOUN_ ,",1522414
è _ADJ_ . _END_,1520391
cui _DET_ _NOUN_ _VERB_,1517322
Non _VERB_ _DET_ _NOUN_,1517320
tutti _DET_ _NOUN_ _ADP_,1517254
il _NOUN_ _._ _PRON_,1516691
alla _PRON_ _NOUN_ _._,1514279
di _VERB_ le _NOUN_,1513934
a _NOUN_ _ADP_ _PRON_,1513411
il _NOUN_ _ADP_ un,1512751
un _NOUN_ ' _ADP_,1512750
si è _VERB_ _ADP_,1511822
un po _NOUN_ _ADP_,1509289
un _DET_ _NOUN_ _._,1507935
i suoi _NOUN_ _._,1506946
e la _NOUN_ _ADJ_,1505151
"e _NOUN_ _ADJ_ ,",1500963
a _VERB_ le _NOUN_,1500523
tra _NOUN_ _CONJ_ _NOUN_,1498838
l ' _NOUN_ _._,1498382
gli _NOUN_ di _NOUN_,1497335
"da _DET_ _NOUN_ ,",1496491
di _PRON_ _NOUN_ _._,1495462
e _NOUN_ _VERB_ _ADP_,1495287
gli _NOUN_ _ADJ_ _._,1494454
è _VERB_ _._ _END_,1493984
La _NOUN_ _PRON_ _VERB_,1492917
a _PRON_ _ADP_ _NOUN_,1490375
di _NOUN_ _._ il,1490348
al _NOUN_ _ADJ_ _ADP_,1489255
da un _NOUN_ _ADP_,1489116
della _NOUN_ _ADJ_ _NOUN_,1487941
degli _NOUN_ . _END_,1485433
"in _NOUN_ , _DET_",1481560
il _NOUN_ _._ _ADV_,1481509
di _NOUN_ ? _END_,1480948
la _ADJ_ _NOUN_ di,1479837
e _ADV_ _DET_ _NOUN_,1479480
di _NOUN_ delle _NOUN_,1478566
che _PRON_ _VERB_ di,1476744
di _NOUN_ _ADJ_ _PRON_,1476704
suoi _NOUN_ . _END_,1476393
e di _NOUN_ _ADP_,1473863
e _ADJ_ _._ _VERB_,1470727
del _NOUN_ _._ _ADV_,1470148
al _NOUN_ _._ _VERB_,1468633
che _VERB_ _VERB_ il,1468107
non _VERB_ _NOUN_ _._,1466060
se _DET_ _NOUN_ _VERB_,1465518
"la sua _NOUN_ ,",1463130
da _VERB_ . _END_,1462157
in _DET_ _NOUN_ _ADV_,1460976
alla _NOUN_ _ADJ_ _ADP_,1460699
a _VERB_ _NOUN_ _ADP_,1460489
in _NOUN_ _PRON_ _VERB_,1456540
e _NOUN_ _ADJ_ _ADP_,1456061
dei _NOUN_ _VERB_ _ADP_,1456014
della _NOUN_ _NOUN_ _._,1455301
più _ADJ_ _NOUN_ _ADP_,1454401
in _NOUN_ alla _NOUN_,1454259
e _ADJ_ _._ _ADP_,1451777
"l' _NOUN_ _ADJ_ ,",1451136
e _VERB_ a _VERB_,1450207
tutti _DET_ _NOUN_ _._,1449405
« _DET_ _NOUN_ _VERB_,1449386
» « _PRON_ _VERB_,1448497
e _NOUN_ _._ _CONJ_,1448466
è _ADP_ _NOUN_ _ADP_,1448112
o _ADP_ _NOUN_ _ADJ_,1448057
loro _NOUN_ _ADP_ _NOUN_,1447294
d' _NOUN_ _ADP_ _NOUN_,1446837
