ngram,freq
un po ' di,1289590
di cui al comma,842209
per la prima volta,705138
"comma 1 , lett",502386
"convertito , con modificazioni",501753
dal punto di vista,463133
nel caso in cui,452453
cui al comma 1,367915
a che fare con,358328
nel momento in cui,350182
di entrata in vigore,337223
data di entrata in,325877
"con modificazioni , nella",319654
"modificazioni , nella L.",311304
un po ' più,282966
il modo in cui,279378
la prima volta che,256933
è in grado di,255162
fare a meno di,248930
del Presidente della Repubblica,245878
Questo comma è stato,236654
di tanto in tanto,221379
un vero e proprio,215869
decreto del Presidente della,215182
una vera e propria,210965
po ' di tempo,208682
a un certo punto,201024
del codice di procedura,195130
è stato così sostituito,189967
un punto di vista,189491
si rese conto che,185192
Questo articolo è stato,179823
entrata in vigore della,176347
fino a quel momento,174113
stato così sostituito dall'art,173286
entrata in vigore del,169854
si tratta di un,169459
"comma 1 , lettera",168686
"comma 1 , del",167380
"con modificazioni , dalla",167348
di cui al presente,165312
a poco a poco,153880
alla data di entrata,153108
Nel caso in cui,152521
fino a quando non,151369
dal 1 ° gennaio,151299
nella parte in cui,150916
Si tratta di un,147328
di volta in volta,146697
sono state così sostituite,146410
caso in cui il,144658
sono in grado di,143958
una cosa del genere,142841
in un certo senso,142702
di cui agli articoli,142659
"comma 2 , del",141946
a meno che non,141700
si tratta di una,139757
mi ha detto che,139713
cui al comma 2,137458
con la conseguenza che,135617
di cui ai commi,134778
un po ' troppo,133930
la maggior parte dei,133652
di cui al decreto,132600
per tutta la vita,132279
A un certo punto,131437
state così sostituite dalle,130233
codice di procedura civile,129879
la maggior parte delle,129521
del datore di lavoro,129225
in tutto il mondo,128400
Si tratta di una,127460
codice di procedura penale,127440
Per la prima volta,126781
il motivo per cui,125946
di cui agli artt,125371
dell'economia e delle finanze,125331
il datore di lavoro,125159
essere in grado di,124975
nella misura in cui,124552
per il fatto che,124388
"modificazioni , dalla legge",124296
da un punto di,124077
nei casi in cui,120007
tutto o in parte,119707
le disposizioni di cui,118512
Dal punto di vista,117943
in tutto o in,117827
a decorrere dal 1,117607
il giorno in cui,116928
da un momento all'altro,116834
è stato inserito dall'art,116509
al di là di,115068
che si tratti di,114630
era in grado di,113368
dalla data di entrata,113171
il momento in cui,113148
"b ) , del",112919
al di là del,112078
commi 1 e 2,110662
l' unica cosa che,110327
"a ) , del",110239
è punito con la,109640
al di là della,108508
ai sensi del comma,107844
gli occhi al cielo,107787
che si tratta di,106511
del decreto del Presidente,105713
in vigore del presente,104444
nel territorio dello Stato,103634
si strinse nelle spalle,103401
un po ' come,102810
del rapporto di lavoro,102341
per la maggior parte,101792
in tutta la sua,101347
comma è stato così,101202
si applicano le disposizioni,101198
è stato aggiunto dall'art,100948
la prima volta in,98960
da parte di un,98855
Anche in questo caso,97911
dal momento in cui,96940
questo punto di vista,96312
anche in questo caso,95887
a che vedere con,95401
e si mise a,95190
"e , in particolare",94861
un paio di volte,94650
al momento in cui,94647
per tutto il tempo,94342
maggior parte dei casi,93627
un po ' in,92875
caso in cui la,92463
disposizioni di cui al,92223
un po ' a,92204
così sostituite dalle attuali,92072
è per questo che,92029
un po ' d',92002
di una serie di,91865
È per questo che,91392
in uno stato di,91109
si alzò in piedi,90795
che si trattava di,90636
di cui al primo,90199
fare in modo che,89904
in camera di consiglio,89873
"dicembre 2005 , n",89763
a tutti gli effetti,88397
in vigore della legge,88285
giorni dalla data di,88001
del Consiglio dei Ministri,87981
quello che è successo,87861
se si tratta di,87584
punito con la reclusione,87579
nel corso degli anni,87429
una volta per tutte,87298
A dire il vero,86734
che non aveva mai,86311
"comma 2 , lett",86217
"comma 3 , del",85348
di fronte a un,85229
a tutti i costi,84732
è stato abrogato dall'art,84005
Presidente del Consiglio dei,83823
tra le sue braccia,83527
di concerto con il,83511
vigore del presente decreto,83422
in vigore della presente,82983
un po ' per,82493
con la reclusione da,80831
con un filo di,80560
momento in cui si,80440
cui al comma 3,80356
in una sorta di,79980
entro il termine di,79663
a portata di mano,79584
per quanto riguarda la,79492
nella maggior parte dei,79487
di cui alla lettera,79376
si rese conto di,79245
tutte le volte che,79133
"comma 1 , della",79011
a dire il vero,78774
l' ultima volta che,78582
e un paio di,78465
un paio di giorni,78036
si trattava di un,77696
un certo numero di,77660
con decreto del Ministro,77089
non si tratta di,76714
momento in cui il,76686
di tutto ciò che,76576
"marzo 2001 , n",76340
Il fatto è che,75871
al di fuori del,75869
non è altro che,75760
Riservati -- Vietata qualsiasi,75729
"e , di conseguenza",75453
una mano sulla spalla,75380
ha dichiarato l' illegittimità,74789
l' esistenza di un,74187
mano a mano che,74133
caso in cui l',74026
un po ' la,73759
la presenza di un,73512
tutto ciò che è,73384
signori azionisti sono convocati,73293
non si era mai,73277
il fatto che la,73259
i casi in cui,73249
mutuo per l' integrazione,73042
il fatto che il,72974
di lì a poco,72617
Versi : 01 02,72470
Dei Versi : 01,72470
al di là delle,72292
"Be ' , non",72206
un gran numero di,72080
dichiarato l' illegittimità costituzionale,71698
vigore della presente legge,71583
di cui all'articolo 1,71424
Ministro dell'economia e delle,71380
un filo di voce,71094
al di fuori di,71036
cui al presente articolo,70997
e se ne andò,70522
dopo la morte di,70469
"febbraio 2006 , n",70423
le lacrime agli occhi,70364
sono state inserite dall'art,70342
si può dire che,70269
bel po ' di,70108
"di ) , La",69934
stato in grado di,69856
concerto con il Ministro,69481
quando si tratta di,69458
in modo tale da,69399
il più delle volte,69289
punto di vista della,69255
un quarto d' ora,69132
non fosse stato per,69114
che fare con la,68783
sia in grado di,68757
fino a che non,68737
articolo è stato così,68627
che in quel momento,68260
in base al quale,68247
un sospiro di sollievo,68048
in punta di piedi,67986
del Consiglio dei ministri,67692
Nel momento in cui,67663
non è in grado,67639
un paio d' ore,67479
e si diresse verso,67312
e allo stesso tempo,67307
di ciò che è,67114
per il resto della,67069
cui al decreto legislativo,67017
che a sua volta,66917
azionisti sono convocati in,66539
più di una volta,66180
di fronte a una,66115
la maggior parte degli,66079
che la maggior parte,65811
"febbraio 1998 , n",65803
a cura di G.,65793
la maggior parte del,65790
al di fuori della,65540
di tutto il mondo,65500
poté fare a meno,65499
in modo che il,65471
il risarcimento del danno,65442
momento in cui la,65152
l' un l' altro,65112
di tutti gli altri,65021
"che , una volta",64805
di fronte a lui,64740
dal giorno in cui,64739
Per quanto riguarda la,64615
"c ) , del",64615
in presenza di un,64613
delle imposte sui redditi,64592
tutta una serie di,64416
del testo unico delle,64322
L' unica cosa che,64115
e al tempo stesso,64063
ha a che fare,64027
che non può essere,63712
a mo ' di,63602
"Corte costituzionale , con",63484
in camera da letto,63120
se non fosse stato,63087
al piano di sopra,63051
il suo modo di,62998
in cui si è,62988
con l' aiuto di,62970
L ' Antico Testamento,62741
di un uomo che,62688
Di tanto in tanto,62660
si trattava di una,62572
di tornare a casa,62426
giorno successivo a quello,62301
di un paio di,62287
cui al primo comma,62064
mi resi conto che,62008
un modo o nell'altro,61953
"comma 2 , lettera",61913
un cenno del capo,61606
In un certo senso,61472
I signori azionisti sono,61443
Tutti i Diritti Riservati,60852
da parte del giudice,60831
era la prima volta,60780
nel caso di specie,60755
in tutti i modi,60700
e delle politiche sociali,60594
Diritti Riservati -- Vietata,60590
duplicazione del presente ebook,60522
in modo tale che,60475
parte in cui non,60429
qualsiasi duplicazione del presente,60401
X LEGISLATURA -- DISCUSSIONI,60356
Vietata qualsiasi duplicazione del,60337
che non si può,60336
come se fosse un,60121
per un paio di,59983
in presenza di una,59947
con il nome di,59767
alla ricerca di un,59682
non poté fare a,59674
"novembre 1981 , n",59641
in una specie di,59457
pagamento di una somma,59244
"dicembre 2012 , n",59243
"DEGLI ESTERI , SONNINO",59222
da una serie di,58990
che prima o poi,58983
la maggior parte di,58893
comma è stato aggiunto,58844
nel registro delle imprese,58841
al risarcimento del danno,58803
quello che era successo,58802
"comma 2 , della",58687
del decreto - legge,58578
"No , non è",58290
di cui si è,58040
è il caso di,58022
e tutto il resto,57973
per l' ultima volta,57964
"Il Mulino , Bologna",57866
"costituzionale , con sentenza",57764
con la coda dell'occhio,57627
del Presidente del Consiglio,57518
se è vero che,57335
la prima volta da,57311
La maggior parte dei,57295
uno dopo l' altro,57262
con tutte le sue,57119
in fin dei conti,56902
un po ' meno,56788
come si è visto,56764
del luogo in cui,56763
un po ' il,56693
cui al decreto del,56505
di tutti i giorni,56477
ai sensi degli articoli,56389
in modo che la,56363
e non può essere,56317
sulla base di un,56212
la prima cosa che,56176
articolo è stato inserito,56045
per quanto riguarda il,55998
fare i conti con,55990
per un periodo di,55922
arrivato il momento di,55870
in linea di principio,55827
un po ' e,55752
"comma 4 , del",55725
il caso in cui,55717
"luglio 2011 , n",55570
tutta la sua vita,55500
"luglio 2009 , n",55493
il luogo in cui,55435
del Consiglio di Stato,55391
a destra e a,55310
Era la prima volta,55287
da una parte e,55168
disposizioni in materia di,55063
Le disposizioni di cui,55023
"di ) , Il",54890
La maggior parte delle,54881
in modo che non,54745
ai sensi degli artt,54523
"che , per quanto",54463
con l' obiettivo di,54358
a cura di A.,54194
in un modo o,54187
"il Mulino , Bologna",54167
di un sistema di,54149
come si è detto,54013
anche nel caso in,53890
in bianco e nero,53742
al di sopra di,53701
di uno o più,53637
che non avrebbe mai,53636
entro trenta giorni dalla,53606
o qualcosa del genere,53553
e i suoi occhi,53514
in cui si trova,53346
niente a che fare,53312
vigore della legge di,53214
della legge di conversione,53211
cui al comma 4,53207
"settembre 1973 , n",53175
non si è mai,53172
"luglio 2010 , n",53058
del lavoro e delle,53034
Per quanto riguarda il,52889
sulla base di una,52876
"che , se non",52845
di un gruppo di,52840
Articolo così sostituito dall'art,52826
in modo da poter,52744
fino a che punto,52669
pubblicazione nella Gazzetta Ufficiale,52663
nel modo in cui,52645
con lo scopo di,52536
in una serie di,52518
di fronte a me,52437
successivo a quello della,52393
"dicembre 1997 , n",52370
a mano a mano,52071
al di sopra della,52033
Gazzetta Ufficiale Serie gen,51992
avuto il coraggio di,51957
il punto di vista,51893
chiuse gli occhi e,51887
po ' di più,51859
nei confronti di un,51839
per la seconda volta,51793
autonome di Trento e,51755
in cui si trovava,51718
mi rendo conto che,51662
in tutte le sue,51633
DISCUSSIONI -- SEDUTA DEL,51608
che non riusciva a,51547
di cui all'articolo 2,51436
in un modo che,51406
comma è stato inserito,51402
da tutte le parti,51237
tutto il tempo che,51059
in cui si era,51054
"comma 3 , lett",50888
avere a che fare,50826
"settembre 2011 , n",50810
come tutti gli altri,50784
commi 2 e 3,50773
che si trattasse di,50678
un momento in cui,50584
l' entrata in vigore,50544
alla fine degli anni,50538
Non si tratta di,50466
in modo da non,50414
come una sorta di,50403
più in grado di,50360
z i o n,50311
"marzo 2005 , n",50303
per l' ennesima volta,50296
è stata così sostituita,50124
giunto il momento di,50038
La verità è che,50022
si diresse verso la,49944
a causa di un,49790
la porta alle spalle,49645
la sua capacità di,49478
per tutta la notte,49460
"ad esempio , la",49412
è la prima volta,49389
il fatto che non,49309
legge di conversione del,49302
e nello stesso tempo,49253
l' unico modo per,49226
con l' intenzione di,49135
"aprile 2006 , n",49088
delle disposizioni di cui,49082
dalla testa ai piedi,49065
ma allo stesso tempo,49041
punto di vista del,49033
lavoro e delle politiche,48967
si voltò verso di,48865
"che , in caso",48836
poco più di un,48762
con un paio di,48732
cui al presente comma,48723
al decreto del Presidente,48590
di fronte a lei,48565
di cui all'articolo 3,48522
l' esistenza di una,48483
cui ai commi 1,48474
disposizioni di cui all'articolo,48404
proprio in quel momento,48363
tutte le cose che,48344
la maggior parte della,48330
casi in cui il,48327
società a responsabilità limitata,48318
in tutti i casi,48190
di beni e servizi,48046
in grado di fare,48027
casi in cui la,47945
con un cenno del,47919
la ragione per cui,47885
In entrambi i casi,47860
i o n e,47845
la prima volta nella,47647
senza dire una parola,47619
"di lui , e",47601
a tutti gli altri,47572
Fino a quel momento,47502
non è mai stato,47495
"che , nel caso",47464
non aveva mai visto,47364
"comma 1 , lettere",47312
avuto il tempo di,47277
con decreto del Presidente,47247
nulla a che fare,47136
su e giù per,47134
"giugno 2009 , n",47133
come nel caso di,47109
Ministero dell'economia e delle,47017
e le modalità di,46902
in un primo momento,46717
non si sarebbe mai,46690
"dicembre 2011 , n",46586
"all'articolo 1 , comma",46575
della Corte di Cassazione,46487
Università degli Studi di,46420
di cui alla legge,46420
"dicembre 2007 , n",46399
tali disposizioni si applicano,46345
al datore di lavoro,46232
"ad esempio , il",46111
"dicembre 1986 , n",46059
sotto il profilo della,46045
nel punto in cui,46036
che in qualche modo,46032
"e , anche se",46030
con entrambe le mani,46029
modo in cui si,45956
di ogni altra cosa,45943
"giugno 2012 , n",45895
a ) e b,45822
a cura di M.,45808
per i quali è,45782
la presenza di una,45752
per la realizzazione di,45704
tutto e per tutto,45668
IV LEGISLATURA -- DISCUSSIONI,45639
in entrambi i casi,45617
sentenza di primo grado,45567
"ottobre 1972 , n",45484
delle infrastrutture e dei,45433
maggior parte delle persone,45403
di tutte le cose,45381
non l' ho mai,45254
"gennaio 2006 , n",45105
anche in caso di,45010
sono state soppresse dall'art,44986
in cerca di un,44935
per il fatto di,44831
Da questo punto di,44796
come se si fosse,44753
non sono in grado,44737
al fine di evitare,44728
l ' idea di,44713
qua e di là,44656
come se fosse una,44648
per tutta la durata,44646
"giugno 2003 , n",44620
nel corso del tempo,44614
di qua e di,44469
ma in quel momento,44442
"dicembre 1999 , n",44433
in tutto e per,44414
non era mai stato,44395
"dicembre 2013 , n",44341
Un po ' di,44332
infrastrutture e dei trasporti,44290
vedo l' ora di,44285
S.p.a. Sede legale in,44259
qualcosa che non va,44232
vedeva l' ora di,44210
tra le braccia di,44181
dal datore di lavoro,44163
"comma , del codice",44153
del Parlamento europeo e,44130
ha il diritto di,44118
d' ora in poi,44114
a pena di decadenza,44081
da capo a piedi,43957
del decreto legislativo 30,43899
le modalità di cui,43845
gli occhi e si,43827
e partita I.V.A. n,43675
prima di andare a,43550
che non ci sia,43537
"marzo 2010 , n",43504
non ha bisogno di,43427
Questo periodo è stato,43415
si tratti di un,43394
per tutto il giorno,43376
del giudice di pace,43256
momento in cui l',43159
a causa di una,43138
stata in grado di,43116
che fare con il,43100
Il problema è che,43079
"che , per la",42985
a una serie di,42952
La sua voce era,42939
"dicembre 2000 , n",42887
"comma 3 , della",42753
destra e a sinistra,42697
nel giro di pochi,42662
dal modo in cui,42639
in giro per il,42637
Il modo in cui,42438
mesi dalla data di,42427
reato di cui all'art,42366
un sacco di cose,42311
Presidenza del Consiglio dei,42295
al di sopra del,42209
al di là dei,42208
di lavoro a tempo,42188
la porta d' ingresso,42145
un bicchiere di vino,42054
tutte le sue forze,41980
con tutto il cuore,41956
il punto in cui,41923
e tutto ciò che,41888
A meno che non,41883
e in quel momento,41862
l' impressione di essere,41839
"b ) , della",41828
non era in grado,41784
a pena di nullità,41656
che non ho mai,41639
di Trento e di,41626
in via di sviluppo,41564
ai commi 1 e,41556
con una serie di,41418
con l' intento di,41402
di cui al precedente,41381
le mani sui fianchi,41355
un foglio di carta,41325
Trento e di Bolzano,41269
nel cuore della notte,41259
la sensazione di essere,41215
come se non fosse,41209
un po ' con,41180
si mise a ridere,41131
più di ogni altra,41090
per quanto riguarda le,41059
questione di legittimità costituzionale,41048
dal trentesimo giorno successivo,40968
Non vedo l' ora,40903
Parlamento europeo e del,40873
"ottobre 2012 , n",40870
un paio di minuti,40780
da questo punto di,40719
europeo e del Consiglio,40645
con la sanzione amministrativa,40644
"ESTERI , SONNINO T.",40641
un uomo che non,40592
mano tra i capelli,40586
tra sé e sé,40572
secondo quanto previsto dalla,40492
al piano di sotto,40483
e chiuse gli occhi,40472
e per un attimo,40456
lo sguardo su di,40447
La prima volta che,40436
tutta la mia vita,40427
Comma così modificato dall'art,40427
Questa lettera è stata,40406
da una parte all'altra,40404
L' ultima volta che,40386
per le indagini preliminari,40342
per la produzione di,40321
anche nel caso di,40303
le braccia al collo,40273
ai sensi del presente,40249
un paio di settimane,40249
del lavoro e della,40248
III LEGISLATURA -- DISCUSSIONI,40238
"comma 5 , del",40236
alzò gli occhi al,40235
e a quel punto,40140
di tutto quello che,40096
fiscale e partita I.V.A.,40095
una tazza di tè,40023
l' ultima cosa che,39962
fare l' amore con,39958
"e , più in",39936
articolo è stato abrogato,39925
"maggio 2005 , n",39882
"agosto 2000 , n",39867
in una situazione di,39863
cui al comma 5,39832
disponibile anche in e,39831
"a ) , b",39828
esercizio del diritto di,39794
una cosa che non,39784
tra le braccia e,39784
"che , anche se",39767
"a ) , della",39763
"di me , e",39752
su per le scale,39714
"dicembre 2006 , n",39679
la luce del sole,39630
tra le mani e,39591
terzi dell'importo del mutuo,39565
illegittimità costituzionale di questo,39549
"lo so , ma",39492
"e , dopo aver",39472
province autonome di Trento,39469
di cui alle lettere,39464
più di un anno,39453
del decreto legislativo n,39428
una ciocca di capelli,39402
somministrazione dei due terzi,39370
con i suoi occhi,39332
del fatto che la,39318
i suoi occhi si,39296
l' illegittimità costituzionale di,39290
la cosa più importante,39236
e il fatto che,39215
mutuante ad effettuare la,39211
il fatto è commesso,39143
Da un punto di,39083
non l' aveva mai,39068
non vedeva l' ora,39043
non può che essere,39017
al di sotto del,39015
nel corso di un,39005
l ' obbligo di,38999
verso di me e,38995
al di fuori dei,38975
fece un passo indietro,38966
Mi ha detto che,38942
alla luce del sole,38933
un po ' che,38931
una frazione di secondo,38913
protezione dei dati personali,38860
sono state aggiunte dall'art,38856
il fatto di essere,38832
vale la pena di,38824
stesso modo in cui,38805
in cui è stata,38800
e tutti gli altri,38798
che non si era,38789
di indiziato di delitto,38766
se non ci fosse,38759
momento stesso in cui,38747
lettere a ) e,38700
del mercato del lavoro,38697
del pagamento di una,38690
e per di più,38670
della Banca d' Italia,38660
il passare del tempo,38659
come se fosse stato,38632
a tutto ciò che,38620
"giugno 2001 , n",38608
d e l l,38593
una tazza di caffè,38590
si trattasse di un,38490
"mutuo stesso , a",38485
una mano tra i,38472
da un lato e,38395
la punta delle dita,38371
la vita e la,38348
in mezzo alla strada,38198
che fino a quel,38176
si passò una mano,38166
una dopo l' altra,38121
non era riuscito a,38101
quel momento in poi,38085
di cui al secondo,38067
a quello in cui,38022
modo in cui la,38010
"o , in mancanza",38000
scosse la testa e,37881
del fatto che il,37878
per quanto riguarda l',37823
luogo in cui si,37742
e / o di,37719
a quello della sua,37708
In fin dei conti,37696
non è detto che,37674
per un braccio e,37657
trentesimo giorno successivo a,37654
verso di lui e,37586
dopo la sua morte,37552
le mani in tasca,37544
ai fini della determinazione,37504
in un momento di,37501
"No , non lo",37484
in e - book,37474
in quel momento che,37470
un bicchiere d' acqua,37462
"In particolare , la",37460
e scosse la testa,37460
"dicembre 2010 , n",37444
la possibilita ` di,37385
il senso di colpa,37364
in carne e ossa,37338
Te l' ho detto,37305
del consiglio di amministrazione,37291
ad un certo punto,37271
con la quale si,37199
un paio di jeans,37199
sua pubblicazione nella Gazzetta,37161
il tempo in cui,37051
"agosto 2013 , n",37044
"commi 1 , 2",37040
la Corte di Cassazione,37038
si schiarì la voce,37032
la testa tra le,37021
di vita e di,37016
è una cosa che,36998
"giugno 2008 , n",36990
a tal punto che,36985
di cui non si,36968
in un certo modo,36875
della Corte dei conti,36855
alla ricerca di una,36810
in cui è stato,36770
dal momento che la,36751
si rende conto che,36739
un sacco di tempo,36715
in questo caso la,36688
"di lei , e",36655
"settembre 2005 , n",36617
punto di vista di,36597
siamo in grado di,36590
milioni di euro per,36520
A poco a poco,36512
in quel momento non,36492
mi ha chiesto di,36452
il punto di partenza,36449
"Sì , lo so",36436
da un gruppo di,36413
in base alla quale,36408
"bis , comma 1",36400
Fermo di indiziato di,36387
b ) e c,36367
che non ha mai,36361
il viso tra le,36347
ed è per questo,36341
"In particolare , il",36330
"gennaio 2010 , n",36204
al di fuori delle,36200
che in caso di,36198
a un paio di,36174
interamente versato Tribunale di,36161
applicano le disposizioni di,36126
può fare a meno,36125
"di lui , ma",36120
una somma di denaro,36083
di non riuscire a,36075
"marzo 1998 , n",36064
il fatto che l',36052
"dicembre 1992 , n",36050
Le disposizioni del presente,36023
"e , una volta",36012
Ministero del lavoro e,35995
"d ) , del",35977
"settembre 2007 , n",35949
della Corte di cassazione,35948
di una somma da,35937
nel bel mezzo di,35935
norme in materia di,35924
della sua pubblicazione nella,35920
penalmente secondo quanto previsto,35895
di risarcimento del danno,35887
sanzionata civilmente e penalmente,35881
civilmente e penalmente secondo,35881
e penalmente secondo quanto,35880
sarà sanzionata civilmente e,35875
distribuzione o fruizione non,35871
o fruizione non autorizzata,35867
Qualsiasi distribuzione o fruizione,35852
e sarà sanzionata civilmente,35851
Per quanto riguarda le,35840
era il caso di,35839
del modo in cui,35815
di una sorta di,35813
ha l' obbligo di,35809
con le mani in,35792
si mise a sedere,35774
OTE PROCEDURALI : Arresto,35751
"che , in un",35740
DISCUSSIONI -- TORNATA DEL,35687
dell'autore e sarà sanzionata,35681
viso tra le mani,35673
diverso da quello che,35649
"come , ad esempio",35637
e della tutela del,35633
più di quanto non,35626
reclusione da uno a,35620
in questo caso il,35609
a differenza di quanto,35585
olio extravergine di oliva,35581
la porta si aprì,35568
per quanto riguarda i,35514
il cuore in gola,35506
fosse in grado di,35456
caso in cui si,35454
che non ci fosse,35426
"di scambio , commercio",35412
giudice per le indagini,35388
al giudice di pace,35346
della tutela del territorio,35326
per il solo fatto,35321
non era mai stata,35317
"è vero , ma",35311
su tutte le furie,35247
in preda al panico,35246
avuto la possibilità di,35213
quello della sua pubblicazione,35200
"del Consiglio , del",35134
fino a quando il,35126
che non possono essere,35061
che non avevo mai,35056
sanzione amministrativa del pagamento,35049
alzò in piedi e,35047
di andare a letto,35038
che non si sarebbe,35029
in possesso dei requisiti,35017
per un totale di,34964
m e n t,34963
in silenzio per un,34956
l ' esistenza di,34933
di posta elettronica certificata,34924
il modo migliore per,34859
nel corso di una,34854
al punto in cui,34835
in contrasto con la,34826
amministrativa del pagamento di,34811
a partire dagli anni,34806
mi viene in mente,34794
da parte di una,34786
non avrebbe mai potuto,34775
in corso alla data,34773
ma non per questo,34714
"a ) , n",34713
"novembre 2000 , n",34704
nella seconda metà del,34696
un punto di riferimento,34674
e la sua famiglia,34642
di uno Stato membro,34626
come se niente fosse,34618
di cui aveva bisogno,34605
giù per le scale,34598
in tutte le direzioni,34595
"e , per quanto",34547
se da un lato,34511
faccia a faccia con,34511
tribunale per i minorenni,34476
"po ' , ma",34439
successivo a quello in,34412
per far sì che,34410
per la presenza di,34408
non si trattava di,34344
al fine di garantire,34298
non aveva intenzione di,34292
"agosto 1990 , n",34274
dell'importo del mutuo stesso,34262
per un periodo non,34257
dell'ambiente e della tutela,34257
di cui all'articolo 4,34147
si diresse verso il,34133
la pena di morte,34131
la creazione di un,34120
di una o più,34081
di questo tipo di,34049
che non si è,34043
di non aver mai,34008
meno che non si,34003
sanzione amministrativa pecuniaria da,33959
in tutto il corpo,33957
europea dei diritti dell'uomo,33900
un periodo di tempo,33858
è il momento di,33844
disposizioni di cui ai,33822
e con la multa,33816
la porta di casa,33808
"gennaio 2003 , n",33803
Il datore di lavoro,33791
Gazzetta Ufficiale della Repubblica,33778
