ngram,freq
di cui al comma 1,367422
"con modificazioni , nella L.",310796
di cui al comma 2,137353
decorrere dal 1 ° gennaio,80476
di cui al comma 3,80325
Indice Dei Versi : 01,72470
Dei Versi : 01 02,72470
Versi : 01 02 03,72407
"cura di ) , La",69177
Diritti Riservati -- Vietata qualsiasi,60590
i Diritti Riservati -- Vietata,60590
Riservati -- Vietata qualsiasi duplicazione,60450
LEGISLATURA -- DISCUSSIONI -- SEDUTA,59622
"Laterza , Roma - Bari",57388
"cura di ) , Il",54375
di cui al comma 4,53043
"a ) , del D.L.vo",50691
"b ) , del D.L.vo",49758
regolamento ( CE ) n,48515
di cui ai commi 1,48362
codice fiscale e partita I.V.A.,47968
"comma 1 , lettera a",45341
fiscale e partita I.V.A. n,42800
"DEGLI ESTERI , SONNINO T.",40440
di cui al comma 5,39770
cui ai commi 1 e,37299
anche in e - book,37109
N OTE PROCEDURALI : Arresto,35751
"comma 1 , lettera b",34512
ai commi 1 e 2,33756
"con modificazioni , dalla L.",33419
Versione Kindle -- Versione Kobo,33295
"comma 1 , della L.",32975
Versione Kobo -- Versione Google,32710
Kobo -- Versione Google Play,32702
lettere a ) e b,32649
assumere un mutuo di L.,32064
Ordine del giorno : Parte,31665
ai sensi del comma 1,30991
"comma 2 , del decreto",30971
"comma 1 , del D.L.vo",30881
d' ufficio ( 50 c.p.p.,30623
"comma 1 , del decreto",30251
"b ) , della L.",29718
"lettere a ) , b",29477
"a ) , del D.L.",29276
"b ) , del D.L.",29123
del Presidente della Repubblica 29,28664
"a ) , della L.",28548
a decorrere dal 2 giugno,27217
decorrere dal 2 giugno 1999,27130
Autorità giudiziaria competente : Tribunale,26836
misure cautelari personali : consentite,26626
"comma 1 , della legge",26608
Tribunale monocratico ( 33 ter,26512
monocratico ( 33 ter c.p.p.,26335
"comma 1 , del D.L.",26308
del D.L.vo 19 febbraio 1998,26114
"modificazioni , nella L. 17",25904
"c ) , del D.L.vo",25870
Torna indietro ↑ C.c. art,25862
Presidente della Repubblica 29 settembre,25719
"comma 1 , lettera c",25640
del Presidente della Repubblica 26,25620
quanto previsto dalla Legge 633,25587
dalla Legge 633 / 1941,25567
Legge 633 / 1941 e,25565
della Repubblica 29 settembre 1973,25505
nella Gazzetta Ufficiale ( G.U.,25165
"comma 2 , della L.",24914
del Presidente della Repubblica 22,24698
del giorno : Parte ordinaria,24385
"cura di ) , L'",23899
"comma 2 , della legge",23732
"cura di ) , Le",23532
"consentite ( 280 , 287",23418
"comma 3 , della legge",23405
"commi 1 , 2 e",23263
"DEGLI ESTERI , MUSSOLINI T.",23257
SESSIONE -- DISCUSSIONI -- TORNATA,23240
Torna indietro ↑ C.p. art,23136
di cui al comma 6,23089
della L. 24 novembre 1981,22885
giudiziaria competente : Tribunale monocratico,22837
"al comma 1 , lettera",22748
cui al comma 1 è,22678
Gazzetta Ufficiale ( G.U. n.,22300
del D.L.vo 28 dicembre 2013,22210
Ufficiale ( G.U. n. 5,22170
Vai alla dottrina ↓ Vai,21949
"modificazioni , nella L. 6",21745
"comma 1 , lettere a",21679
Torna indietro ↑ C.p.c. art,21523
dal 1 ° gennaio 2008,21398
del DPR 633 / 72,21302
Le parole : « e,21217
di delitto : non consentito,21172
indiziato di delitto : non,21172
ai sensi del comma 2,21115
della L. 28 dicembre 2005,20982
in corso al 31 dicembre,20817
della legge 23 agosto 1988,20759
Presidente della Repubblica 22 dicembre,20703
"cura di ) , I",20660
della Repubblica 22 dicembre 1986,20612
G. ( a cura di,20290
"Roma - Bari , Laterza",20236
"modificazioni , nella L. 23",20090
"modificazioni , nella L. 14",20008
"comma 2 , del medesimo",19859
Presidente della Repubblica 26 ottobre,19842
A. ( a cura di,19826
M. ( a cura di,19768
della Repubblica 26 ottobre 1972,19767
"modificazioni , nella L. 7",19759
"comma 2 , lettera a",19367
"lettera a ) , del",19075
"cura di ) , The",19042
cui al comma 1 sono,18857
personali : consentite ( 280,18780
regolamento ( UE ) n,18778
del D.L. 30 dicembre 2005,18756
Consiglio di amministrazione : dott,18379
"modificazioni , nella L. 24",18297
"comma 2 , del D.L.vo",18075
del D.L.vo 9 gennaio 2006,17867
DoCUMENTI -- DISEGNI DI LEGGE,17710
facoltativo in flagranza ( 381,17556
decreto legislativo 30 marzo 2001,17355
di cui ai commi 2,17293
in flagranza ( 381 c.p.p.,17193
"ESTERI , SONNINO T. gab",17120
Ordine del giorno : l,17055
a decorrere dal 16 luglio,16780
decorrere dal 16 luglio 2006,16763
del decreto legislativo 30 marzo,16688
della legge 24 novembre 1981,16549
"comma 2 , del D.L.",16203
nella L. 14 maggio 2005,16063
"comma 3 , del decreto",15875
di cui al comma 7,15679
della legge 7 agosto 1990,15616
"lettera b ) , del",15592
"d ) , del D.L.vo",15588
del D.P.R. 29 settembre 1973,15556
"nella specie , la S.C.",15540
lettere b ) e c,15328
Play -- Versione iBook per,15166
Google Play -- Versione iBook,15161
Versione Google Play -- Versione,15161
Diritti sono Riservati -- Vietata,15137
sono Riservati -- Vietata qualsiasi,15137
Riservati -- Vietata qualsiasi forma,15137
"modificazioni , nella L. 15",14999
marzo 2006 e si applica,14827
del D.L. 18 ottobre 2012,14826
IX LEGISLATURA -- DISEGNI DI,14808
"modificazioni , nella L. 21",14728
Il direttore generale : dott,14685
nella L. 17 dicembre 2012,14592
"comma 2 , lettera b",14538
"c ) , della L.",14252
di cui al paragrafo 1,14052
del D.L. 14 marzo 2005,13999
"c ) , del D.L.",13993
decreto legislativo 1 ° settembre,13732
"lettera c ) , del",13721
ai sensi del comma 3,13644
cui al comma 1 si,13588
misure cautelari personali : non,13571
"comma 6 , della L.",13548
del D.L.vo 12 settembre 2007,13544
regio decreto 16 marzo 1942,13510
"modificazioni , nella L. 9",13385
dal 1 ° gennaio 2004,13330
comma 1 del presente articolo,13233
della L. 18 giugno 2009,13139
cautelari personali : non consentite,13122
della L. 15 luglio 2009,13105
entra in vigore il 1,13026
"comma 1 , lettera d",13005
a base d' asta L.,12960
della L. 12 luglio 1961,12905
del decreto legislativo 28 agosto,12887
di cui al comma 8,12874
