ngram,freq
di cui al comma 1,367422
data di entrata in vigore,324459
"con modificazioni , nella L.",310796
decreto del Presidente della Repubblica,213184
un po ' di tempo,185524
è stato così sostituito dall'art,173056
alla data di entrata in,152915
di entrata in vigore della,149034
di entrata in vigore del,142765
di cui al comma 2,137353
sono state così sostituite dalle,130027
"con modificazioni , dalla legge",124201
da un punto di vista,121625
in tutto o in parte,117363
dalla data di entrata in,113020
del decreto del Presidente della,101893
del codice di procedura penale,97868
del codice di procedura civile,95389
comma è stato così sostituito,95003
Questo comma è stato così,94663
con un po ' di,93875
state così sostituite dalle attuali,90622
entrata in vigore del presente,89386
nel caso in cui il,87137
azionisti sono convocati in assemblea,85403
in vigore del presente decreto,83373
decorrere dal 1 ° gennaio,80476
di cui al comma 3,80325
mutuo per l' integrazione del,78907
è punito con la reclusione,78085
assumere un mutuo per l',77794
un mutuo per l' integrazione,77004
I signori azionisti sono convocati,72798
Dei Versi : 01 02,72470
Indice Dei Versi : 01,72470
Versi : 01 02 03,72407
in vigore della presente legge,71533
Ministro dell'economia e delle finanze,71060
di cui al presente articolo,70964
signori azionisti sono convocati in,70477
entrata in vigore della presente,70147
di concerto con il Ministro,69283
"cura di ) , La",69177
un bel po ' di,68209
ha dichiarato l' illegittimità costituzionale,68094
a che fare con la,68062
Questo articolo è stato così,67665
di cui al decreto legislativo,66939
per la prima volta in,66474
con un filo di voce,66349
poté fare a meno di,64854
non è in grado di,64700
nella maggior parte dei casi,64067
entrata in vigore della legge,63979
articolo è stato così sostituito,62794
di cui al primo comma,62016
punito con la reclusione da,61795
i Diritti Riservati -- Vietata,60590
Diritti Riservati -- Vietata qualsiasi,60590
Riservati -- Vietata qualsiasi duplicazione,60450
qualsiasi duplicazione del presente ebook,60401
Vietata qualsiasi duplicazione del presente,60336
LEGISLATURA -- DISCUSSIONI -- SEDUTA,59622
non poté fare a meno,59579
nella parte in cui non,59545
"MINISTRO DEGLI ESTERI , SONNINO",59026
"La Corte costituzionale , con",58773
"Corte costituzionale , con sentenza",57730
"Laterza , Roma - Bari",57388
comma è stato aggiunto dall'art,57281
di cui al decreto del,56454
nel caso in cui la,56064
Questo articolo è stato inserito,55796
ad assumere un mutuo per,55782
articolo è stato inserito dall'art,54757
"cura di ) , Il",54375
anche nel caso in cui,53320
in vigore della legge di,53185
di cui al comma 4,53043
Questo comma è stato aggiunto,51920
un po ' di più,50949
"a ) , del D.L.vo",50691
Questo comma è stato inserito,50616
comma è stato inserito dall'art,50542
vigore della legge di conversione,50493
ha a che fare con,50299
"b ) , del D.L.vo",49758
dal punto di vista della,49277
"costituzionale , con sentenza n",49247
era la prima volta che,49214
del Presidente del Consiglio dei,48808
di cui al presente comma,48686
in un modo o nell'altro,48617
del lavoro e delle politiche,48389
di cui ai commi 1,48362
lavoro e delle politiche sociali,48353
giorno successivo a quello della,47380
Era la prima volta che,47205
della legge di conversione del,47094
al decreto del Presidente della,46703
Presidente del Consiglio dei Ministri,46665
Ministero dell'economia e delle finanze,46557
niente a che fare con,46524
dei due terzi dell'importo del,45926
"che , in caso di",45390
"comma 1 , lettera a",45341
con un cenno del capo,45069
nel caso in cui l',44446
Da questo punto di vista,44403
delle infrastrutture e dei trasporti,44252
in tutto e per tutto,44204
cui al decreto del Presidente,44000
di qua e di là,43944
avere a che fare con,43145
fiscale e partita I.V.A. n,42800
a che fare con il,42799
non sono in grado di,42610
"cui all'articolo 1 , comma",42429
a mano a mano che,41706
di Trento e di Bolzano,41219
Codice fiscale e partita I.V.A.,41157
e un po ' di,40921
del Parlamento europeo e del,40798
giorni dalla data di entrata,40774
a destra e a sinistra,40534
"DEGLI ESTERI , SONNINO T.",40440
nulla a che fare con,40389
non era in grado di,40358
da questo punto di vista,40179
Parlamento europeo e del Consiglio,40004
di un po ' di,39960
di cui al comma 5,39770
autonome di Trento e di,39747
due terzi dell'importo del mutuo,39460
province autonome di Trento e,39444
regolamento ( CE ) n,39379
viene autorizzato ad assumere un,39262
terzi dell'importo del mutuo stesso,39248
Questo articolo è stato abrogato,39179
nel momento in cui si,38942
Da un punto di vista,38898
somministrazione dei due terzi dell'importo,38642
la somministrazione dei due terzi,38318
è la prima volta che,38233
z i o n e,38179
"del mutuo stesso , a",38063
dichiarato l' illegittimità costituzionale di,37956
se non fosse stato per,37847
del pagamento di una somma,37781
trentesimo giorno successivo a quello,37602
cui ai commi 1 e,37299
anche in e - book,37109
Presidente del Consiglio dei ministri,36882
sua pubblicazione nella Gazzetta Ufficiale,36814
alzò gli occhi al cielo,36805
articolo è stato abrogato dall'art,36700
per la prima volta da,36404
Fermo di indiziato di delitto,36382
copertura del disavanzo economico del,36305
che fino a quel momento,36235
"mutuo stesso , a sensi",35963
penalmente secondo quanto previsto dalla,35893
e penalmente secondo quanto previsto,35874
civilmente e penalmente secondo quanto,35873
distribuzione o fruizione non autorizzata,35865
sarà sanzionata civilmente e penalmente,35865
sanzionata civilmente e penalmente secondo,35861
Qualsiasi distribuzione o fruizione non,35850
e sarà sanzionata civilmente e,35846
dal trentesimo giorno successivo a,35805
N OTE PROCEDURALI : Arresto,35751
l' illegittimità costituzionale di questo,35676
dell'autore e sarà sanzionata civilmente,35667
successivo a quello della sua,35623
della sua pubblicazione nella Gazzetta,35467
"oggetto di scambio , commercio",35399
"scambio , commercio , prestito",35391
effettuare la somministrazione dei due,35355
giudice per le indagini preliminari,35198
a quello della sua pubblicazione,35146
le disposizioni di cui al,35014
applicano le disposizioni di cui,34926
amministrativa del pagamento di una,34759
sanzione amministrativa del pagamento di,34712
e della tutela del territorio,34671
"comma 1 , lettera b",34512
"e , più in generale",34407
dell'ambiente e della tutela del,34140
pagamento di una somma da,33913
una mano tra i capelli,33910
Nel caso in cui il,33821
il viso tra le mani,33805
ai commi 1 e 2,33756
"con modificazioni , dalla L.",33419
Versione Kindle -- Versione Kobo,33295
con decreto del Presidente della,33233
con tutte le sue forze,33215
"comma 1 , della L.",32975
per un po ' di,32888
e per la prima volta,32798
diritti dell'editore e dell'autore e,32769
dell'editore e dell'autore e sarà,32767
e dell'autore e sarà sanzionata,32765
Versione Kobo -- Versione Google,32710
Kobo -- Versione Google Play,32702
lettere a ) e b,32649
violazione dei diritti dell'editore e,32620
dei diritti dell'editore e dell'autore,32619
mutuante ad effettuare la somministrazione,32585
fare un po ' di,32465
non vedeva l' ora di,32430
decreto del Presidente del Consiglio,32426
per la prima volta nella,32195
quello della sua pubblicazione nella,32086
assumere un mutuo di L.,32064
parte in cui non prevede,32044
dal punto di vista del,31882
un po ' d' acqua,31842
"un po ' , ma",31674
Ordine del giorno : Parte,31665
ed è per questo che,31664
posso fare a meno di,31407
che si tratta di un,31349
po ' di tempo per,31339
disposizioni di cui al comma,31303
unico delle imposte sui redditi,31112
a z i o n,31026
ai sensi del comma 1,30991
la maggior parte del tempo,30987
"comma 2 , del decreto",30971
comma è stato abrogato dall'art,30951
"comma 1 , del D.L.vo",30881
di un vero e proprio,30848
le disposizioni di cui all'articolo,30805
Questo comma è stato abrogato,30787
un po ' più di,30744
disposizioni di cui al presente,30677
parentesi quadrate sono state soppresse,30636
d' ufficio ( 50 c.p.p.,30623
di una vera e propria,30597
quadrate sono state soppresse dall'art,30505
sono convocati in assemblea ordinaria,30439
"comma 1 , del decreto",30251
di non luogo a procedere,30224
nel momento stesso in cui,30136
vita di tutti i giorni,30014
"b ) , della L.",29718
nella Gazzetta Ufficiale della Repubblica,29676
"da un lato , e",29564
"lettere a ) , b",29477
ad effettuare la somministrazione dei,29437
più di ogni altra cosa,29355
anni e con la multa,29312
disposizioni di cui ai commi,29292
con le modalità di cui,29284
"a ) , del D.L.",29276
nel momento in cui il,29227
del Ministro dell'economia e delle,29196
"b ) , del D.L.",29123
si applicano le disposizioni di,29104
di cui al secondo comma,29070
per la prima volta nel,28965
testo unico delle imposte sui,28899
niente a che vedere con,28835
la prima volta in vita,28821
del Presidente della Repubblica 29,28664
a decorrere dal trentesimo giorno,28638
decorrere dal trentesimo giorno successivo,28629
diversa da quella in cui,28550
"a ) , della L.",28548
che si trattava di un,28454
"società , inserto nel fascicolo",28403
al di là di ogni,28239
se il fatto è commesso,28005
del lavoro e della previdenza,27916
il Ministro dell'economia e delle,27809
la prima volta da quando,27775
ancora un po ' di,27764
poteva fare a meno di,27629
nulla a che vedere con,27581
con le lacrime agli occhi,27569
"cui all'articolo 2 , comma",27524
lavoro e della previdenza sociale,27524
in lungo e in largo,27508
tutti i casi in cui,27475
Le disposizioni di cui al,27429
sia dal punto di vista,27264
Gli azionisti sono convocati in,27232
a decorrere dal 2 giugno,27217
decorrere dal 2 giugno 1999,27130
a meno che non si,27112
proprio nel momento in cui,26911
di cui alla lettera a,26855
legge di conversione del presente,26840
Autorità giudiziaria competente : Tribunale,26836
di conversione del presente decreto,26824
della data di entrata in,26822
la maggior parte delle persone,26770
"comma 1 , della legge",26608
in giro per il mondo,26575
Presidenza del Consiglio dei Ministri,26553
Tribunale monocratico ( 33 ter,26512
non potrà in alcun modo,26375
non ha nulla a che,26352
monocratico ( 33 ter c.p.p.,26335
un uomo e una donna,26330
periodo è stato aggiunto dall'art,26324
"comma 1 , del D.L.",26308
si alzò in piedi e,26276
del testo unico delle imposte,26171
Non vedo l' ora di,26131
del D.L.vo 19 febbraio 1998,26114
ai termini e alle condizioni,26087
senza il preventivo consenso scritto,26035
la reclusione da uno a,26025
la testa tra le mani,26018
alle condizioni alle quali è,25907
"modificazioni , nella L. 17",25904
condizioni alle quali è stato,25900
da copyright e non può,25895
e alle condizioni alle quali,25892
copyright e non può essere,25890
alle quali è stato acquistato,25885
stato acquistato o da quanto,25882
potrà in alcun modo essere,25880
è stato acquistato o da,25878
e non può essere copiato,25876
quali è stato acquistato o,25874
contiene materiale protetto da copyright,25872
"c ) , del D.L.vo",25870
termini e alle condizioni alle,25868
protetto da copyright e non,25865
da quanto esplicitamente previsto dalla,25863
Torna indietro ↑ C.c. art,25862
utilizzato in alcun altro modo,25862
o utilizzato in alcun altro,25860
acquistato o da quanto esplicitamente,25857
materiale protetto da copyright e,25856
quanto esplicitamente previsto dalla legge,25855
o da quanto esplicitamente previsto,25852
esplicitamente previsto dalla legge applicabile,25846
"può essere copiato , riprodotto",25842
"copiato , riprodotto , trasferito",25839
in alcun modo essere oggetto,25837
alcun modo essere oggetto di,25837
non autorizzata di questo testo,25836
sul regime dei diritti costituisce,25834
dei diritti costituisce una violazione,25833
può fare a meno di,25832
regime dei diritti costituisce una,25832
fruizione non autorizzata di questo,25831
elettroniche sul regime dei diritti,25826
eccezione di quanto è stato,25824
fino al momento in cui,25823
o fruizione non autorizzata di,25813
"commercio , prestito , rivendita",25801
informazioni elettroniche sul regime dei,25800
di cui al comma precedente,25798
"distribuito , noleggiato , licenziato",25794
"prestito , rivendita , acquisto",25784
forma diversa da quella in,25782
"rivendita , acquisto rateale o",25781
"trasferito , distribuito , noleggiato",25779
"riprodotto , trasferito , distribuito",25779
acquisto rateale o altrimenti diffuso,25775
o altrimenti diffuso senza il,25775
rateale o altrimenti diffuso senza,25774
Questo periodo è stato aggiunto,25772
diffuso senza il preventivo consenso,25772
modo essere oggetto di scambio,25770
"caso di consenso , tale",25764
altrimenti diffuso senza il preventivo,25760
presente dovranno essere imposte anche,25755
essere imposte anche al fruitore,25755
imposte anche al fruitore successivo,25755
dovranno essere imposte anche al,25755
costituisce una violazione dei diritti,25753
non potrà avere alcuna forma,25753
alla presente dovranno essere imposte,25749
incluse alla presente dovranno essere,25748
avere alcuna forma diversa da,25748
è stata pubblicata e le,25747
alcuna forma diversa da quella,25745
potrà avere alcuna forma diversa,25745
opera è stata pubblicata e,25744
le condizioni incluse alla presente,25729
pubblicata e le condizioni incluse,25726
stata pubblicata e le condizioni,25725
e le condizioni incluse alla,25722
condizioni incluse alla presente dovranno,25722
Presidente della Repubblica 29 settembre,25719
il preventivo consenso scritto dell'editore,25702
delle informazioni elettroniche sul regime,25684
secondo quanto previsto dalla Legge,25667
alterazione delle informazioni elettroniche sul,25667
diritti costituisce una violazione dei,25662
"comma 1 , lettera c",25640
"dall'editore , ai termini e",25633
del Presidente della Repubblica 26,25620
"autorizzato dall'editore , ai termini",25620
la sanzione amministrativa pecuniaria da,25614
la questione di legittimità costituzionale,25600
in tutti i modi di,25592
licenziato o trasmesso in pubblico,25591
"noleggiato , licenziato o trasmesso",25588
quanto previsto dalla Legge 633,25587
dalla Legge 633 / 1941,25567
Legge 633 / 1941 e,25565
una violazione dei diritti dell'editore,25564
in alcun altro modo ad,25563
che si tratta di una,25555
altro modo ad eccezione di,25552
alcun altro modo ad eccezione,25550
"pubblico , o utilizzato in",25544
"in pubblico , o utilizzato",25542
modo ad eccezione di quanto,25542
"trasmesso in pubblico , o",25540
ad eccezione di quanto è,25535
della Repubblica 29 settembre 1973,25505
di quanto è stato specificamente,25473
quanto è stato specificamente autorizzato,25465
come l' alterazione delle informazioni,25406
con la reclusione da uno,25323
è stato specificamente autorizzato dall'editore,25305
un po ' di fortuna,25300
"specificamente autorizzato dall'editore , ai",25287
mesi dalla data di entrata,25267
"di consenso , tale ebook",25266
"consenso , tale ebook non",25264
l' alterazione delle informazioni elettroniche,25260
ebook non potrà avere alcuna,25251
tale ebook non potrà avere,25250
da un po ' di,25245
intervenire all'assemblea gli azionisti che,25232
nella Gazzetta Ufficiale ( G.U.,25165
regioni e le province autonome,25140
in corso alla data di,25118
È la prima volta che,25109
con la reclusione fino a,25034
ebook non potrà in alcun,25010
Questo ebook non potrà in,25008
ebook contiene materiale protetto da,25003
Questo ebook contiene materiale protetto,24999
Se non fosse stato per,24980
illegittimità costituzionale di questo comma,24935
"comma 2 , della L.",24914
fare a meno di pensare,24840
nel momento in cui la,24767
con la punta delle dita,24766
che a un certo punto,24755
testo unico di cui al,24712
del Presidente della Repubblica 22,24698
a che fare con l',24656
DEL GOVERNO E MINISTRO DEGLI,24640
GOVERNO E MINISTRO DEGLI ESTERI,24637
Nella maggior parte dei casi,24526
e si diresse verso la,24457
del giorno : Parte ordinaria,24385
reclusione da sei mesi a,24343
a che fare con un,24331
sensi e per gli effetti,24328
"cui all'articolo 3 , comma",24317
"e , in caso di",24278
e l' Istituto mutuante ad,24111
DEL CONSIGLIO E MINISTRO DEGLI,24036
CONSIGLIO E MINISTRO DEGLI ESTERI,24030
a che vedere con la,23980
passaggio in giudicato della sentenza,23934
con il Ministro dell'economia e,23910
"cura di ) , L'",23899
di intendere e di volere,23884
ogni stato e grado del,23777
a decorrere dalla data di,23763
Gazzetta Ufficiale della Repubblica italiana,23736
"Sede in Milano , via",23732
"comma 2 , della legge",23732
"applicano , in quanto compatibili",23728
le province autonome di Trento,23709
non poteva fare a meno,23707
Ministero del lavoro e delle,23700
del più e del meno,23677
per il modo in cui,23575
e con la multa da,23569
Istituto mutuante ad effettuare la,23549
in nome e per conto,23546
"cura di ) , Le",23532
che si tratti di un,23517
state così sostituite dalle parole,23486
"MINISTRO DEGLI ESTERI , MUSSOLINI",23444
"consentite ( 280 , 287",23418
"comma 3 , della legge",23405
che si trattava di una,23334
"commi 1 , 2 e",23263
con il passare del tempo,23261
"DEGLI ESTERI , MUSSOLINI T.",23257
SESSIONE -- DISCUSSIONI -- TORNATA,23240
e il modo in cui,23167
come se si trattasse di,23141
solo nel caso in cui,23137
Torna indietro ↑ C.p. art,23136
CAPO DEL GOVERNO E MINISTRO,23105
di cui al comma 6,23089
dopo l' entrata in vigore,23074
non posso fare a meno,23060
in un momento in cui,22998
Ministero delle infrastrutture e dei,22997
non ha niente a che,22975
con un gesto della mano,22959
della L. 24 novembre 1981,22885
di questo testo così come,22843
autorizzata di questo testo così,22842
giudiziaria competente : Tribunale monocratico,22837
con la reclusione da sei,22789
per la prima volta il,22783
il modo in cui si,22767
"al comma 1 , lettera",22748
anche dal punto di vista,22736
nel caso in cui si,22690
cui al comma 1 è,22678
l' Istituto mutuante ad effettuare,22659
convocati in assemblea ordinaria presso,22522
riforma del diritto di famiglia,22511
così come l' alterazione delle,22510
questo testo così come l',22484
testo così come l' alterazione,22483
in considerazione del fatto che,22440
"lavori , servizi e forniture",22387
l' esercizio del diritto di,22358
in ogni stato e grado,22337
"e , in ogni caso",22311
Gazzetta Ufficiale ( G.U. n.,22300
Ministro del lavoro e delle,22257
del D.L.vo 28 dicembre 2013,22210
G.U. n. 5 dell'8 gennaio,22190
alla sanzione amministrativa del pagamento,22174
n. 5 dell'8 gennaio 2014,22172
Ufficiale ( G.U. n. 5,22170
tutte le volte in cui,22052
l' uno e l' altro,22033
"anche parziale , non autorizzata",22007
Vai alla dottrina ↓ Vai,21949
raccomandata con avviso di ricevimento,21895
successivamente alla data di entrata,21885
e le province autonome di,21861
da quel momento in poi,21840
della tutela del territorio e,21831
"modificazioni , nella L. 6",21745
"comma 1 , lettere a",21679
"ogni duplicazione , anche parziale",21578
sarebbe stato in grado di,21575
"vietata ogni duplicazione , anche",21561
per un periodo non superiore,21551
ed occorrendo in seconda convocazione,21536
Torna indietro ↑ C.p.c. art,21523
corso alla data di entrata,21449
milioni di euro per l',21446
punito con la sanzione amministrativa,21427
di euro per l' anno,21423
ai sensi e per gli,21410
dal 1 ° gennaio 2008,21398
del DPR 633 / 72,21302
fare una cosa del genere,21300
sentenza di non luogo a,21294
fino a un certo punto,21276
AL CAPO DEL GOVERNO E,21260
concerto con il Ministro dell'economia,21258
è stata così sostituita dall'art,21238
si rese conto che non,21233
Corte europea dei diritti dell'uomo,21225
unico di cui al decreto,21218
Le parole : « e,21217
"MINISTRO DEGLI ESTERI , CIANO",21198
indiziato di delitto : non,21172
di delitto : non consentito,21172
tutela del territorio e del,21149
del territorio e del mare,21135
di cui al primo periodo,21114
tali disposizioni si applicano ai,21072
in tutti i casi in,21062
della L. 28 dicembre 2005,20982
di cui al periodo precedente,20968
approvato con decreto del Presidente,20957
aveva a che fare con,20954
le regioni e le province,20936
è il motivo per cui,20933
convocati in assemblea ordinaria in,20910
un periodo non superiore a,20875
con la sanzione amministrativa pecuniaria,20837
in corso al 31 dicembre,20817
occorrendo in seconda convocazione per,20786
della legge 23 agosto 1988,20759
"che , ai sensi dell'art",20741
la reclusione da sei mesi,20737
Presidente della Repubblica 22 dicembre,20703
"cura di ) , I",20660
delle disposizioni di cui al,20657
"MINISTRO DEGLI ESTERI , VISCONTI",20636
della Repubblica 22 dicembre 1986,20612
è punito con la sanzione,20569
Non è un caso che,20563
men che non si dica,20557
qualifiche presso l' unità sanitaria,20541
su terreni parte in proprietà,20522
della sentenza di primo grado,20489
"DEGLI ESTERI , VISCONTI VENOSTA",20464
la vita e la morte,20449
"Cambridge University Press , Cambridge",20430
Ministro dell'ambiente e della tutela,20421
decreto del Ministro dell'economia e,20370
Con un po ' di,20319
un giorno o l' altro,20314
"del giudice unico , a",20312
della sua entrata in vigore,20311
G. ( a cura di,20290
di cui alle lettere a,20245
"Roma - Bari , Laterza",20236
di essere in grado di,20228
"unico , a decorrere dal",20216
"giudice unico , a decorrere",20205
del Ministro del lavoro e,20166
un po ' di soldi,20124
"modificazioni , nella L. 23",20090
"che , nel caso di",20032
"modificazioni , nella L. 14",20008
disposizioni di cui agli articoli,19988
"in quanto compatibili , le",19987
successivo a quello in cui,19975
"che , a sua volta",19966
non essere in grado di,19913
"comma 2 , del medesimo",19859
per la prima volta la,19850
Presidente della Repubblica 26 ottobre,19842
A. ( a cura di,19826
prima della data di entrata,19817
recante l' istituzione del giudice,19778
termine di cui al comma,19772
M. ( a cura di,19768
della Repubblica 26 ottobre 1972,19767
"modificazioni , nella L. 7",19759
le dita tra i capelli,19741
versato Iscritta al Tribunale di,19738
da una parte e dall'altra,19718
la più pallida idea di,19664
che per la prima volta,19567
del testo unico delle leggi,19525
fra parentesi quadrate sono state,19518
Misure cautelari personali : consentite,19476
l' istituzione del giudice unico,19464
è soggetto alla sanzione amministrativa,19448
A mano a mano che,19432
del bene e del male,19421
su e giù per la,19403
il reato di cui all'art,19402
ai sensi del comma 2,19400
disposizioni si applicano ai procedimenti,19385
"comma 2 , lettera a",19367
in un batter d' occhio,19320
nel caso in cui non,19318
in prima convocazione ed occorrendo,19307
nel bene e nel male,19305
non era il caso di,19285
Nel caso in cui la,19249
e si rese conto che,19233
per un periodo di tempo,19227
a meno che non sia,19194
diritto al risarcimento del danno,19176
interamente versato Iscritta al Tribunale,19109
passò una mano tra i,19079
"lettera a ) , del",19075
per filo e per segno,19053
"cura di ) , The",19042
il modo in cui la,19037
trenta giorni dalla data di,18975
con un tono di voce,18973
"In ogni caso , la",18963
è protetta dalla Legge sul,18921
protetta dalla Legge sul diritto,18916
il termine di cui al,18887
patrocinio a spese dello Stato,18883
l' una e l' altra,18868
cui al comma 1 sono,18857
un po ' d' aria,18853
"e , allo stesso tempo",18833
"Lo so , lo so",18800
sul reddito delle persone fisiche,18793
su tutto il territorio nazionale,18782
personali : consentite ( 280,18780
in un altro Stato membro,18771
un po ' alla volta,18766
del D.L. 30 dicembre 2005,18756
avuto a che fare con,18752
i o n e d,18748
soggetti di cui al comma,18745
cessazione degli effetti civili del,18743
degli effetti civili del matrimonio,18713
per la prima volta dopo,18702
"Va bene , va bene",18660
le mani dietro la schiena,18656
l' uno con l' altro,18631
hanno a che fare con,18629
punito con la reclusione fino,18612
non può fare a meno,18601
avere un po ' di,18583
con il dorso della mano,18582
"In ogni caso , il",18581
decreto del Ministro delle finanze,18562
in assemblea ordinaria presso la,18552
prima volta in vita sua,18550
di sì con la testa,18540
in sé e per sé,18539
per tutta la durata del,18530
che la maggior parte delle,18526
"e del Consiglio , del",18526
con la conseguenza che il,18511
Salvo che il fatto costituisca,18415
Consiglio di amministrazione : dott,18379
gli occhi pieni di lacrime,18353
Quest'opera è protetta dalla Legge,18343
di assemblea I signori azionisti,18325
sotto gli occhi di tutti,18310
"modificazioni , nella L. 24",18297
nel tempo e nello spazio,18276
nei casi in cui il,18188
per tutto il tempo che,18156
Ministro delle infrastrutture e dei,18144
"e , al tempo stesso",18143
non vedo l' ora di,18096
"comma 2 , del D.L.vo",18075
entrata in vigore del decreto,18043
del Ministero dell'economia e delle,18038
"prima convocazione , ed occorrendo",17978
iscrizione nel registro delle imprese,17969
olio extravergine d ' oliva,17935
con la conseguenza che la,17935
il resto della sua vita,17879
un po ' più in,17873
del D.L.vo 9 gennaio 2006,17867
soggetto alla sanzione amministrativa del,17813
il più a lungo possibile,17800
con le spalle al muro,17784
di una somma di denaro,17777
"esami , ad un posto",17769
l' entrata in vigore della,17745
e di tanto in tanto,17723
DoCUMENTI -- DISEGNI DI LEGGE,17710
si voltò verso di lui,17673
Ministro di grazia e giustizia,17658
da parte del datore di,17646
assemblea I signori azionisti sono,17639
parole fra parentesi quadrate sono,17639
"MINISTRO DEGLI ESTERI , SFORZA",17624
non aveva alcuna intenzione di,17606
sul diritto d ' autore,17561
facoltativo in flagranza ( 381,17556
bel po ' di tempo,17540
Le parole fra parentesi quadrate,17505
per la maggior parte del,17483
parte del datore di lavoro,17482
"secondo comma , del codice",17481
"sensi dell'articolo 17 , comma",17481
Nel caso in cui l',17473
Convocazione di assemblea I signori,17461
che si tratti di una,17454
gli occhi al cielo e,17454
nella parte in cui prevede,17441
Potranno intervenire all'assemblea gli azionisti,17437
Consiglio di amministrazione Il presidente,17435
l' entrata in vigore del,17430
"No , no , no",17427
potuto fare a meno di,17409
da uno a cinque anni,17364
decreto legislativo 30 marzo 2001,17355
decreto del Ministro del lavoro,17353
a che fare con i,17331
d e l l a,17303
di cui ai commi 2,17293
che la maggior parte dei,17268
del testo unico di cui,17266
potei fare a meno di,17258
per il resto della vita,17237
in flagranza ( 381 c.p.p.,17193
decorrere dalla data di entrata,17183
anche un po ' di,17159
in assemblea ordinaria per il,17133
"ESTERI , SONNINO T. gab",17120
decreto di cui al comma,17090
nello stesso modo in cui,17074
in tutta la sua vita,17070
"e , quindi , non",17066
non è altro che un,17063
Ordine del giorno : l,17055
"seconda convocazione , per discutere",17027
per la prima volta a,17025
del testo unico delle disposizioni,17019
"un po ' , poi",16932
"comma , del codice civile",16926
nel caso in cui sia,16924
per fare in modo che,16896
fare a meno di notare,16877
non è il caso di,16851
di cui si è detto,16842
a che vedere con il,16837
C'è qualcosa che non va,16821
a che fare con le,16805
specialità medicinale per uso umano,16802
"Oxford University Press , Oxford",16792
a decorrere dal 16 luglio,16780
di cui al presente decreto,16767
la testa fra le mani,16765
decorrere dal 16 luglio 2006,16763
solo un po ' di,16744
"tra lo Stato , le",16743
con le mani in mano,16729
stata l' ultima volta che,16727
Per la prima volta da,16703
del decreto legislativo 30 marzo,16688
"lo Stato , le regioni",16685
che di tanto in tanto,16679
ai sensi del presente articolo,16673
allo stesso modo in cui,16671
il bene e il male,16665
di cui al precedente comma,16629
applicazione della pena su richiesta,16600
"In ogni caso , non",16596
e successive modificazioni ed integrazioni,16592
cessazione del rapporto di lavoro,16579
nei casi in cui la,16556
della legge 24 novembre 1981,16549
Le disposizioni del presente articolo,16525
la prima volta che lo,16522
convocati in assemblea ordinaria e,16509
"quanto compatibili , le disposizioni",16495
di cui alla lettera b,16480
sei mesi dalla data di,16411
Non era la prima volta,16376
con un cenno della mano,16357
paesi in via di sviluppo,16357
il modo in cui il,16337
il più in fretta possibile,16314
la porta dietro di sé,16290
Ed è per questo che,16290
"Nello stesso senso , Cass",16285
sei mesi a tre anni,16265
"che , come si è",16258
lo sguardo su di lui,16204
"comma 2 , del D.L.",16203
e a un certo punto,16193
da sei mesi a tre,16193
non può essere inferiore a,16191
l' uno contro l' altro,16164
i rapporti tra lo Stato,16161
era arrivato il momento di,16148
gli azionisti che avranno depositato,16139
accordi di ristrutturazione dei debiti,16136
dal punto di vista economico,16123
in cui non prevede che,16088
pena è della reclusione da,16083
state così sostituite dalle seguenti,16081
nella L. 14 maggio 2005,16063
in cui l' opera è,16060
le modalità di cui all'articolo,16055
da quella in cui l',16038
che ha emesso il provvedimento,16034
nel caso in cui le,16026
con sentenza passata in giudicato,16018
e si diresse verso il,16016
"da una parte , e",16013
dal punto di vista di,16013
Questa lettera è stata così,16004
"e , quindi , di",16003
Da quel momento in poi,15992
di sostanze stupefacenti o psicotrope,15962
che di lì a poco,15961
non sia in grado di,15956
con tutte le mie forze,15945
fino a quando non si,15917
disposizione di cui al comma,15885
"comma 3 , del decreto",15875
"comma , nella parte in",15855
cui l' opera è stata,15850
senza nuovi o maggiori oneri,15839
che non si tratti di,15725
interamente versato Iscritta al registro,15719
l' opera è stata pubblicata,15719
l' uno per l' altra,15712
da un terzo alla metà,15708
Conferenza permanente per i rapporti,15696
di cui al comma 7,15679
quella in cui l' opera,15654
"e successive modificazioni , e",15645
regolamento ( UE ) n,15636
m e n t o,15620
il fatto costituisca più grave,15619
della legge 7 agosto 1990,15616
Iscritta al registro delle imprese,15598
fatto costituisca più grave reato,15595
"da un lato , la",15593
"lettera b ) , del",15592
"d ) , del D.L.vo",15588
permanente per i rapporti tra,15588
che il fatto costituisca più,15586
e l' istituto mutuante ad,15580
la prima volta che mi,15578
alla Gazzetta Ufficiale Serie gen,15566
Presidenza del Consiglio dei ministri,15564
del D.P.R. 29 settembre 1973,15556
sessanta giorni dalla data di,15540
"MINISTRO DEGLI ESTERI , DI",15535
le disposizioni di cui agli,15521
non si tratta di un,15521
in men che non si,15509
un cenno con la testa,15476
"cui all'articolo 4 , comma",15475
a che fare con una,15462
reclusione da uno a cinque,15450
La disposizione di cui al,15422
istituto mutuante ad effettuare la,15419
"Stato , le regioni e",15418
per i rapporti tra lo,15416
con l' osservanza delle norme,15415
il termine di trenta giorni,15390
di no con la testa,15371
ai fini della determinazione del,15370
lettera è stata così sostituita,15363
interamente versato Registro delle imprese,15330
lettere b ) e c,15328
di olio extravergine di oliva,15320
si rese conto che era,15320
che è in grado di,15317
Sherlock Holmes e l' avventura,15305
del presente articolo si applicano,15297
era giunto il momento di,15292
"in ogni caso , non",15263
questione di legittimità costituzionale dell'art,15254
in possesso dei requisiti di,15241
di cui ai commi precedenti,15234
che si trattasse di un,15223
con tutta la forza che,15220
la sentenza di primo grado,15220
a m e n t,15216
indirizzo di posta elettronica certificata,15178
Play -- Versione iBook per,15166
Google Play -- Versione iBook,15161
Versione Google Play -- Versione,15161
"occorrendo , per il giorno",15149
è l' unica cosa che,15148
qualsiasi forma di duplicazione del,15139
Riservati -- Vietata qualsiasi forma,15137
forma di duplicazione del presente,15137
Vietata qualsiasi forma di duplicazione,15137
sono Riservati -- Vietata qualsiasi,15137
Diritti sono Riservati -- Vietata,15137
Tutti i Diritti sono Riservati,15127
di cui al terzo comma,15118
"all'articolo 1 , comma 2",15085
si era reso conto che,15075
incrociò le braccia sul petto,15055
"La Nuova Italia , Firenze",15049
pubblicato nella Gazzetta Ufficiale n,15037
nel bel mezzo di una,15025
di duplicazione del presente Ebook,15016
duplicazione del presente Ebook Pagina,15012
"modificazioni , nella L. 15",14999
nel momento in cui l',14992
in materia di protezione dei,14991
da un po ' che,14960
Cosa c'è che non va,14955
data della sua entrata in,14940
alla dottrina ↓ Vai all'esempio,14913
la cosa giusta da fare,14904
di una somma da euro,14901
questo il motivo per cui,14882
fino a quel momento non,14869
carico del datore di lavoro,14863
gli uomini e le donne,14863
si voltò verso di lei,14863
un po ' prima di,14860
marzo 2006 e si applica,14827
del D.L. 18 ottobre 2012,14826
IX LEGISLATURA -- DISEGNI DI,14808
di fatto e di diritto,14808
l' istituto mutuante ad effettuare,14791
mi sono reso conto che,14790
"del medesimo decreto , tali",14790
"medesimo decreto , tali disposizioni",14789
il suo punto di vista,14780
si diresse verso la porta,14771
Non riesco a credere che,14766
fini delle imposte sui redditi,14757
che non si tratta di,14749
ai lavoratori sopra indicati le,14732
"modificazioni , nella L. 21",14728
per il solo fatto di,14722
all'assemblea gli azionisti che abbiano,14695
un braccio intorno alle spalle,14692
Il direttore generale : dott,14685
di avere a che fare,14683
Questa è un'opera di fantasia,14682
il resto della mia vita,14681
entro trenta giorni dalla data,14675
