ngram,freq
la _NOUN_ _ADP_ _NOUN_ _._,12143487
il _NOUN_ _ADP_ _NOUN_ _._,10819434
di _NOUN_ _ADP_ _NOUN_ _._,10621411
di _NOUN_ _ADP_ _NOUN_ _ADP_,10058126
la _NOUN_ _ADP_ _NOUN_ _ADP_,9947983
un _NOUN_ _ADP_ _NOUN_ _._,8504574
il _NOUN_ _ADP_ _NOUN_ _ADP_,8321097
e _DET_ _NOUN_ _ADP_ _NOUN_,8261190
per _DET_ _NOUN_ _ADP_ _NOUN_,7777862
con _DET_ _NOUN_ _ADP_ _NOUN_,7636279
di _NOUN_ _ADP_ _NOUN_ _ADJ_,7172162
e _ADP_ _NOUN_ _ADP_ _NOUN_,7010322
la _NOUN_ _ADP_ _NOUN_ _ADJ_,6586007
la _NOUN_ _ADP_ _DET_ _NOUN_,6495683
di _NOUN_ _ADJ_ _._ _END_,6437544
di _NOUN_ _CONJ_ _ADP_ _NOUN_,6381154
di _NOUN_ _ADP_ _DET_ _NOUN_,6192124
una _NOUN_ _ADP_ _NOUN_ _._,6050093
in _NOUN_ _ADP_ _NOUN_ _ADP_,5984075
di _DET_ _NOUN_ _ADP_ _NOUN_,5960988
in _NOUN_ _ADP_ _NOUN_ _._,5889933
di _NOUN_ _._ _ADP_ _NOUN_,5796507
di _NOUN_ _ADJ_ . _END_,5714210
che _VERB_ _DET_ _NOUN_ _ADP_,5679452
si _VERB_ _ADP_ _NOUN_ _ADP_,5602687
di _VERB_ _DET_ _NOUN_ _ADP_,5569884
"la _NOUN_ _ADP_ _NOUN_ ,",5526346
si _VERB_ _ADP_ _DET_ _NOUN_,5459687
un _NOUN_ _ADP_ _NOUN_ _ADP_,5426374
di _NOUN_ _ADJ_ _ADP_ _NOUN_,5170419
del _NOUN_ _ADP_ _NOUN_ _._,5108336
il _NOUN_ _ADP_ _NOUN_ _ADJ_,5093038
"di _NOUN_ , _ADP_ _NOUN_",5063270
il _NOUN_ _ADP_ _DET_ _NOUN_,5044518
che _VERB_ _VERB_ _ADP_ _NOUN_,5027750
"di _NOUN_ _ADP_ _NOUN_ ,",4978620
l' _NOUN_ _ADP_ _NOUN_ _ADP_,4902554
"il _NOUN_ _ADP_ _NOUN_ ,",4874646
di _NOUN_ e _ADP_ _NOUN_,4868296
le _NOUN_ _ADP_ _NOUN_ _._,4822664
un _NOUN_ _ADJ_ _._ _END_,4765050
a _VERB_ _DET_ _NOUN_ _ADP_,4756404
che _PRON_ _VERB_ _ADP_ _NOUN_,4722457
un _NOUN_ di _NOUN_ _._,4722006
si _VERB_ _ADP_ _NOUN_ _._,4705567
l' _NOUN_ _ADP_ _NOUN_ _._,4669933
la _NOUN_ _ADJ_ _ADP_ _NOUN_,4653260
la _NOUN_ _ADP_ _NOUN_ .,4629961
della _NOUN_ _ADP_ _NOUN_ _._,4621669
di _NOUN_ _CONJ_ di _NOUN_,4616690
che _VERB_ _VERB_ _DET_ _NOUN_,4577178
di _NOUN_ _._ _DET_ _NOUN_,4357684
un _ADJ_ _NOUN_ _ADP_ _NOUN_,4342545
un _NOUN_ _ADP_ _NOUN_ _ADJ_,4316930
in _DET_ _NOUN_ _ADP_ _NOUN_,4312319
un _NOUN_ _ADJ_ . _END_,4304616
di _DET_ _NOUN_ _._ _END_,4289606
una _NOUN_ _ADP_ _NOUN_ _ADP_,4272005
di _NOUN_ _VERB_ _ADP_ _NOUN_,4245545
il _NOUN_ _ADP_ _NOUN_ .,4171076
che _VERB_ _ADP_ _NOUN_ _ADP_,4152271
si _VERB_ _VERB_ _ADP_ _NOUN_,4140231
il _NOUN_ _ADJ_ _ADP_ _NOUN_,4082939
a _NOUN_ _ADP_ _NOUN_ _._,4066785
e _VERB_ _DET_ _NOUN_ _ADP_,4058472
che _DET_ _NOUN_ _ADP_ _NOUN_,4054475
in _NOUN_ _ADP_ _NOUN_ _ADJ_,4005062
del _NOUN_ _ADP_ _NOUN_ _ADP_,3971399
un _NOUN_ _ADJ_ _ADP_ _NOUN_,3930907
in _NOUN_ _ADP_ _DET_ _NOUN_,3927937
e _ADP_ _NOUN_ _._ _END_,3812506
la _PRON_ _NOUN_ _._ _END_,3757163
la _NOUN_ _ADP_ _NOUN_ _VERB_,3724533
di _DET_ _NOUN_ . _END_,3722633
un _NOUN_ _ADP_ _NOUN_ .,3683095
una _ADJ_ _NOUN_ _ADP_ _NOUN_,3680388
di _DET_ _NOUN_ _ADJ_ _._,3663168
di _NOUN_ _ADP_ _NOUN_ .,3661492
la _NOUN_ _CONJ_ _DET_ _NOUN_,3641118
la _NOUN_ _ADP_ _NOUN_ _CONJ_,3627238
"un _NOUN_ _ADP_ _NOUN_ ,",3624352
"di _NOUN_ , _DET_ _NOUN_",3613237
di _NOUN_ e di _NOUN_,3609930
per _DET_ _NOUN_ _._ _END_,3594350
una _NOUN_ _ADP_ _NOUN_ _ADJ_,3587539
il _NOUN_ di _NOUN_ _._,3584929
il _NOUN_ _ADP_ _NOUN_ _VERB_,3578805
una _NOUN_ _ADJ_ _._ _END_,3577821
della _NOUN_ _ADP_ _NOUN_ _ADP_,3571353
i _NOUN_ _ADP_ _NOUN_ _._,3529481
che _PRON_ _VERB_ _VERB_ _ADP_,3507148
con _DET_ _NOUN_ _._ _END_,3496951
l' _NOUN_ _ADP_ _NOUN_ _ADJ_,3489904
a _VERB_ _DET_ _NOUN_ _._,3482238
al _NOUN_ _ADP_ _NOUN_ _._,3481429
la _NOUN_ di _NOUN_ _._,3402039
la _NOUN_ _ADJ_ _._ _END_,3346034
alla _NOUN_ _ADP_ _NOUN_ _._,3341910
che _DET_ _NOUN_ _VERB_ _VERB_,3338343
e _ADP_ _NOUN_ . _END_,3336611
per _VERB_ _DET_ _NOUN_ _ADP_,3296032
il _PRON_ _NOUN_ _._ _END_,3283373
si _VERB_ _DET_ _NOUN_ _ADP_,3225617
le _NOUN_ _ADP_ _NOUN_ _ADP_,3222695
la _PRON_ _NOUN_ . _END_,3219947
di _NOUN_ _ADP_ _NOUN_ di,3197543
una _NOUN_ _ADJ_ . _END_,3191195
e _NOUN_ _ADP_ _NOUN_ _._,3183842
una _NOUN_ di _NOUN_ _._,3182453
che _VERB_ _ADP_ _NOUN_ _._,3176480
la _ADJ_ _NOUN_ _ADP_ _NOUN_,3169255
di _DET_ _NOUN_ di _NOUN_,3154369
per _DET_ _NOUN_ . _END_,3148550
con _DET_ _NOUN_ _ADJ_ _._,3145822
e _PRON_ _VERB_ _ADP_ _NOUN_,3109599
con _DET_ _NOUN_ . _END_,3093882
il _NOUN_ _ADP_ _NOUN_ _CONJ_,3091299
con _DET_ _NOUN_ di _NOUN_,3048886
di _NOUN_ _ADP_ _NOUN_ _CONJ_,3035895
di _VERB_ _DET_ _NOUN_ _._,3027829
una _NOUN_ _ADJ_ _ADP_ _NOUN_,3019232
la _NOUN_ _ADJ_ . _END_,3010933
la _NOUN_ di _DET_ _NOUN_,2999187
_X_ _NUM_ _NOUN_ _NUM_ _._,2979869
di _NOUN_ _._ _PRON_ _VERB_,2964303
per la _NOUN_ _ADP_ _NOUN_,2954069
di _NOUN_ _._ _VERB_ _ADP_,2932934
non _VERB_ _VERB_ _ADP_ _NOUN_,2928965
l' _NOUN_ _ADP_ _DET_ _NOUN_,2921715
la _NOUN_ _ADP_ _NOUN_ e,2910813
e _DET_ _NOUN_ di _NOUN_,2909205
a _NOUN_ _ADP_ _NOUN_ _ADP_,2907227
la _NOUN_ _ADP_ _NOUN_ di,2893174
il _NOUN_ _CONJ_ _DET_ _NOUN_,2877663
che _VERB_ _DET_ _NOUN_ _ADJ_,2842769
non _VERB_ _DET_ _NOUN_ _ADP_,2837579
un _NOUN_ di _NOUN_ _ADP_,2822652
"in _NOUN_ _ADP_ _NOUN_ ,",2811896
della _NOUN_ _ADJ_ _._ _END_,2802354
_X_ _X_ _X_ _X_ _X_,2789304
il _NOUN_ di _NOUN_ _ADP_,2783945
la _NOUN_ e _DET_ _NOUN_,2783805
di _NOUN_ _CONJ_ _NOUN_ _._,2782756
non _VERB_ _VERB_ _DET_ _NOUN_,2781001
il _PRON_ _NOUN_ . _END_,2777100
di _NOUN_ _._ _NOUN_ _._,2772064
che _VERB_ _ADP_ _DET_ _NOUN_,2761243
e _ADP_ _NOUN_ _ADJ_ _._,2754332
un _NOUN_ di _NOUN_ _ADJ_,2740231
il _NOUN_ _ADJ_ _._ _END_,2733079
del _NOUN_ _ADJ_ _._ _END_,2714838
per _DET_ _NOUN_ di _NOUN_,2694146
e la _NOUN_ _ADP_ _NOUN_,2690474
che _VERB_ _DET_ _NOUN_ _._,2679814
in _DET_ _NOUN_ _._ _END_,2674043
l _DET_ _NOUN_ _ADP_ _NOUN_,2660230
__ __ __ __ __,2656133
nel _NOUN_ _ADP_ _NOUN_ _._,2645404
di _VERB_ _DET_ _NOUN_ _ADJ_,2644411
in _NOUN_ _ADJ_ _._ _END_,2630559
a _DET_ _NOUN_ _ADP_ _NOUN_,2623470
"una _NOUN_ _ADP_ _NOUN_ ,",2605625
il _NOUN_ _VERB_ _ADP_ _NOUN_,2598360
"di _NOUN_ , _PRON_ _VERB_",2594115
"di _NOUN_ , _VERB_ _ADP_",2590845
alla _NOUN_ _ADP_ _NOUN_ _ADP_,2583508
le _NOUN_ _ADJ_ _ADP_ _NOUN_,2565158
l ' _NOUN_ _ADP_ _NOUN_,2564828
che _PRON_ _VERB_ _DET_ _NOUN_,2554596
si _VERB_ _ADP_ _NOUN_ _ADJ_,2549907
della _NOUN_ _ADJ_ . _END_,2532700
la _NOUN_ di _NOUN_ _ADP_,2516511
una _NOUN_ _ADP_ _NOUN_ .,2515855
in _NOUN_ di _NOUN_ _._,2513896
"_X_ _NUM_ _NOUN_ _NUM_ ,",2511488
e _VERB_ _ADP_ _NOUN_ _ADP_,2509826
al _NOUN_ _ADP_ _NOUN_ _ADP_,2503898
un _NOUN_ _ADP_ _DET_ _NOUN_,2501011
e _VERB_ _ADP_ _NOUN_ _._,2492460
"del _NOUN_ _ADP_ _NOUN_ ,",2483344
del _NOUN_ _ADP_ _NOUN_ _ADJ_,2479911
il _NOUN_ _ADP_ _NOUN_ e,2472712
per _VERB_ _DET_ _NOUN_ _._,2469720
si _VERB_ _VERB_ _DET_ _NOUN_,2458323
il _NOUN_ _ADJ_ . _END_,2454327
un _ADJ_ _NOUN_ di _NOUN_,2448493
di _NOUN_ _NOUN_ _._ _END_,2441742
la _PRON_ _NOUN_ _ADP_ _NOUN_,2438889
i _NOUN_ _ADP_ _NOUN_ _ADP_,2436358
e _DET_ _NOUN_ _._ _END_,2435068
è _VERB_ _ADP_ _NOUN_ _ADP_,2428292
che si _VERB_ _ADP_ _NOUN_,2422734
del _NOUN_ _ADJ_ . _END_,2414258
in _NOUN_ _ADJ_ . _END_,2411848
e _VERB_ _DET_ _NOUN_ _._,2410047
di _NOUN_ e _NOUN_ _._,2407960
da _DET_ _NOUN_ _ADP_ _NOUN_,2389605
la _NOUN_ _VERB_ _ADP_ _NOUN_,2387005
di un _NOUN_ _ADP_ _NOUN_,2376350
di _NOUN_ di _NOUN_ _._,2358441
è _DET_ _NOUN_ _ADP_ _NOUN_,2355571
a _VERB_ _ADP_ _NOUN_ _ADP_,2351805
del _NOUN_ _ADJ_ _ADP_ _NOUN_,2351776
del _NOUN_ di _NOUN_ _._,2336882
di _VERB_ _ADP_ _NOUN_ _ADP_,2333123
il _PRON_ _NOUN_ _ADP_ _NOUN_,2325394
della _NOUN_ _ADJ_ _ADP_ _NOUN_,2324466
per _DET_ _NOUN_ _ADJ_ _._,2314657
di _NOUN_ _ADP_ _NOUN_ e,2302368
la _NOUN_ _._ _DET_ _NOUN_,2283261
in _DET_ _NOUN_ di _NOUN_,2270447
in _DET_ _NOUN_ . _END_,2263383
di _NOUN_ _CONJ_ _DET_ _NOUN_,2257902
in _DET_ _NOUN_ _ADJ_ _._,2255733
e _DET_ _NOUN_ _ADJ_ _._,2237435
"della _NOUN_ _ADP_ _NOUN_ ,",2225834
a _NOUN_ _ADP_ _DET_ _NOUN_,2217241
un _NOUN_ _ADP_ _NOUN_ _CONJ_,2211208
"le _NOUN_ _ADP_ _NOUN_ ,",2209501
una _NOUN_ di _NOUN_ _ADJ_,2202972
le _NOUN_ _ADP_ _NOUN_ _ADJ_,2198250
della _NOUN_ _ADP_ _NOUN_ _ADJ_,2196019
la _NOUN_ del _NOUN_ _._,2186015
di _NOUN_ _ADP_ _NOUN_ _VERB_,2183316
il _NOUN_ _ADP_ _NOUN_ di,2182817
una _NOUN_ di _NOUN_ _ADP_,2175727
si _VERB_ _ADV_ _ADP_ _NOUN_,2173859
» _VERB_ _NOUN_ _._ _END_,2165606
e _DET_ _NOUN_ . _END_,2164062
a _VERB_ _ADP_ _NOUN_ _._,2159794
» _VERB_ _NOUN_ . _END_,2158269
"l' _NOUN_ _ADP_ _NOUN_ ,",2153250
e _PRON_ _VERB_ _DET_ _NOUN_,2146463
le _NOUN_ _ADP_ _DET_ _NOUN_,2141303
si _VERB_ _ADP_ _NOUN_ .,2140768
di _NOUN_ _NOUN_ . _END_,2138803
di _NOUN_ _VERB_ _DET_ _NOUN_,2131216
un _ADJ_ _NOUN_ _._ _END_,2131172
e _NOUN_ _ADP_ _NOUN_ _ADP_,2127358
di _NOUN_ _ADJ_ _._ _ADP_,2126503
che _PRON_ _VERB_ _._ _END_,2124943
in _NOUN_ _ADP_ _NOUN_ .,2119745
la _NOUN_ _ADP_ _PRON_ _NOUN_,2117424
la _NOUN_ _ADP_ _NOUN_ _NOUN_,2115300
il _NOUN_ e _DET_ _NOUN_,2105291
che _PRON_ _VERB_ _VERB_ _._,2100078
the _NOUN_ _NOUN_ _NOUN_ _NOUN_,2098957
di _NOUN_ _ADJ_ _._ _VERB_,2095100
l' _NOUN_ _ADJ_ _ADP_ _NOUN_,2088330
e _ADP_ _NOUN_ di _NOUN_,2072786
di _NOUN_ _PRON_ _VERB_ _ADP_,2061334
"un _NOUN_ di _NOUN_ ,",2058141
a _NOUN_ _ADP_ _NOUN_ _ADJ_,2056260
"la _NOUN_ , _DET_ _NOUN_",2051357
di _NOUN_ _CONJ_ _NOUN_ _ADP_,2045382
in _NOUN_ _ADP_ _NOUN_ di,2041110
le _NOUN_ _CONJ_ _DET_ _NOUN_,2028846
non _VERB_ _DET_ _NOUN_ _._,2026025
a _VERB_ _DET_ _NOUN_ _ADJ_,2017671
il _NOUN_ di _DET_ _NOUN_,2010820
"si _VERB_ _ADP_ _NOUN_ ,",2006161
dei _NOUN_ _ADP_ _NOUN_ _._,2002566
un _NOUN_ di _NOUN_ .,1998650
del _NOUN_ _CONJ_ _ADP_ _NOUN_,1968505
in _NOUN_ di _NOUN_ _ADP_,1960977
che _VERB_ _VERB_ _._ _END_,1953472
che _VERB_ _DET_ _NOUN_ di,1952288
la _NOUN_ _ADP_ un _NOUN_,1944655
nella _NOUN_ _ADP_ _NOUN_ _._,1935144
le _NOUN_ _ADP_ _NOUN_ .,1934860
"a _NOUN_ _ADP_ _NOUN_ ,",1933582
della _PRON_ _NOUN_ _._ _END_,1923386
il _NOUN_ _._ _DET_ _NOUN_,1921143
come _DET_ _NOUN_ _ADP_ _NOUN_,1916493
del _NOUN_ _._ _ADP_ _NOUN_,1915234
il _ADJ_ _NOUN_ _ADP_ _NOUN_,1910174
a _VERB_ _ADP_ _DET_ _NOUN_,1910127
un _ADJ_ _NOUN_ . _END_,1908146
a _NOUN_ _ADJ_ _._ _END_,1908146
le _NOUN_ _VERB_ _ADP_ _NOUN_,1896895
il _NOUN_ _ADP_ _PRON_ _NOUN_,1886360
il _NOUN_ _ADP_ _NOUN_ _NOUN_,1872806
di _DET_ _NOUN_ _ADJ_ _ADP_,1869079
e _VERB_ _ADP_ _DET_ _NOUN_,1859779
della _NOUN_ _CONJ_ _ADP_ _NOUN_,1845801
"di _NOUN_ _ADJ_ , _ADP_",1839361
"di _NOUN_ , _NOUN_ _._",1838206
di _NOUN_ _._ _VERB_ _VERB_,1836665
alla _NOUN_ _ADP_ _NOUN_ _ADJ_,1836619
i _NOUN_ _CONJ_ _DET_ _NOUN_,1835569
il _NOUN_ _VERB_ _VERB_ _ADP_,1834543
non _VERB_ _ADP_ _NOUN_ _ADP_,1832341
una _ADJ_ _NOUN_ _._ _END_,1828164
il _NOUN_ _VERB_ _DET_ _NOUN_,1824446
di _VERB_ _ADP_ _NOUN_ _._,1817951
la _NOUN_ _CONJ_ la _NOUN_,1810842
di _NOUN_ _VERB_ _VERB_ _ADP_,1808744
i _NOUN_ _ADJ_ _ADP_ _NOUN_,1807735
da _NOUN_ _ADP_ _NOUN_ _._,1802727
di _NOUN_ _PRON_ _VERB_ _VERB_,1802348
con la _NOUN_ _ADP_ _NOUN_,1798142
"di _NOUN_ _ADJ_ , _VERB_",1794801
di _NOUN_ _._ _VERB_ _DET_,1791726
i _NOUN_ _ADP_ _NOUN_ _ADJ_,1786772
di una _NOUN_ _ADP_ _NOUN_,1783312
che _PRON_ _VERB_ _ADP_ _DET_,1780084
"di _DET_ _NOUN_ _ADJ_ ,",1777688
le _NOUN_ _ADJ_ _._ _END_,1777119
l' _NOUN_ di _DET_ _NOUN_,1776559
in _NOUN_ _._ _ADP_ _NOUN_,1771032
della _NOUN_ di _NOUN_ _._,1767117
delle _NOUN_ _ADP_ _NOUN_ _._,1762504
per il _NOUN_ _ADP_ _NOUN_,1756100
la sua _NOUN_ _._ _END_,1748047
con _DET_ _NOUN_ _ADJ_ _ADP_,1746271
a _NOUN_ _ADJ_ . _END_,1746067
"di _NOUN_ _._ _NOUN_ ,",1743175
una _NOUN_ _ADP_ _DET_ _NOUN_,1741995
e _ADJ_ _NOUN_ _ADP_ _NOUN_,1739039
ha _VERB_ _DET_ _NOUN_ _ADP_,1738371
si _VERB_ _VERB_ _ADP_ _DET_,1734852
le _NOUN_ e _DET_ _NOUN_,1734154
e _NOUN_ _ADP_ _NOUN_ _ADJ_,1732242
che _PRON_ _VERB_ . _END_,1730352
si _VERB_ _DET_ _NOUN_ _._,1726636
che _DET_ _NOUN_ _VERB_ _ADP_,1724390
e _DET_ _NOUN_ _ADJ_ _ADP_,1724013
che _VERB_ _ADP_ _NOUN_ _ADJ_,1723900
di _NOUN_ e _NOUN_ _ADP_,1713207
il _NOUN_ della _NOUN_ _._,1711871
"i _NOUN_ _ADP_ _NOUN_ ,",1707519
"il _NOUN_ , _DET_ _NOUN_",1704233
un _NOUN_ _ADP_ _NOUN_ e,1702616
la _NOUN_ del _NOUN_ _ADP_,1701483
è _VERB_ _ADP_ _DET_ _NOUN_,1700285
e _DET_ _NOUN_ _PRON_ _VERB_,1695616
le _NOUN_ _ADP_ _NOUN_ _CONJ_,1695301
della _PRON_ _NOUN_ . _END_,1692429
"il _NOUN_ di _NOUN_ ,",1684027
a _VERB_ _DET_ _NOUN_ .,1683958
l' _NOUN_ _ADP_ _NOUN_ _VERB_,1682304
di _NOUN_ _._ _CONJ_ _VERB_,1679613
che _DET_ _NOUN_ _PRON_ _VERB_,1674648
di _NOUN_ _._ _ADP_ _DET_,1671565
che _VERB_ _VERB_ _VERB_ _ADP_,1671398
che _ADP_ _NOUN_ _ADP_ _NOUN_,1670778
"del _NOUN_ , _ADP_ _NOUN_",1670209
l' _NOUN_ _ADP_ _NOUN_ .,1668875
si _VERB_ _ADP_ _NOUN_ di,1668107
che _VERB_ la _NOUN_ _ADP_,1661422
l' _ADJ_ _NOUN_ _ADP_ _NOUN_,1660127
una _ADJ_ _NOUN_ di _NOUN_,1659292
a _DET_ _NOUN_ _._ _END_,1657492
i _NOUN_ _VERB_ _ADP_ _NOUN_,1655123
di _NOUN_ _ADP_ _NOUN_ _NOUN_,1643139
di _NOUN_ _NOUN_ _ADP_ _NOUN_,1642133
un _NOUN_ _VERB_ _ADP_ _NOUN_,1640773
"al _NOUN_ _ADP_ _NOUN_ ,",1640002
"la _NOUN_ di _NOUN_ ,",1637580
una _ADJ_ _NOUN_ . _END_,1622135
nel _NOUN_ _ADP_ _NOUN_ _ADP_,1619832
anche _ADP_ _NOUN_ _ADP_ _NOUN_,1615529
o _ADP_ _NOUN_ _ADP_ _NOUN_,1609195
e il _NOUN_ _ADP_ _NOUN_,1604156
del _NOUN_ _ADP_ _NOUN_ .,1603656
La _NOUN_ _ADP_ _NOUN_ _VERB_,1603277
i _PRON_ _NOUN_ _._ _END_,1603012
di _NOUN_ _._ di _NOUN_,1600653
di _NOUN_ e _DET_ _NOUN_,1599863
in _NOUN_ _ADP_ _NOUN_ _CONJ_,1597489
la _NOUN_ _VERB_ _DET_ _NOUN_,1595546
il _NOUN_ del _NOUN_ _._,1594496
della _NOUN_ _._ _ADP_ _NOUN_,1591341
un _NOUN_ _NOUN_ _ADP_ _NOUN_,1591321
in _NOUN_ di _NOUN_ _ADJ_,1590908
i _NOUN_ e _DET_ _NOUN_,1590649
i _NOUN_ _ADP_ _DET_ _NOUN_,1587939
e _PRON_ _VERB_ _VERB_ _ADP_,1582401
che _VERB_ _VERB_ . _END_,1582146
che _DET_ _NOUN_ di _NOUN_,1577098
un po ' _ADP_ _NOUN_,1574994
di _NOUN_ _NOUN_ _NOUN_ _._,1571818
le _NOUN_ _ADJ_ . _END_,1570050
di _NOUN_ _NOUN_ _._ _NOUN_,1566823
al _NOUN_ _ADP_ _NOUN_ _ADJ_,1566612
di _VERB_ _DET_ _NOUN_ di,1563679
del _NOUN_ e _ADP_ _NOUN_,1563232
la sua _NOUN_ . _END_,1563022
"alla _NOUN_ _ADP_ _NOUN_ ,",1557261
dei _NOUN_ _ADP_ _NOUN_ _ADP_,1556507
di _VERB_ _DET_ _PRON_ _NOUN_,1554103
la _NOUN_ _ADP_ _NOUN_ _PRON_,1548971
di _NOUN_ _._ _NOUN_ _ADP_,1548347
a _NOUN_ di _NOUN_ _._,1547622
gli _NOUN_ _ADP_ _NOUN_ _._,1546776
la _NOUN_ di _NOUN_ _ADJ_,1545886
"in _NOUN_ , _ADP_ _NOUN_",1542763
si _VERB_ _ADP_ _NOUN_ _CONJ_,1540806
della _NOUN_ e _ADP_ _NOUN_,1539004
di _ADJ_ _NOUN_ _._ _END_,1536775
il _NOUN_ _ADP_ _NOUN_ _PRON_,1534937
il suo _NOUN_ _._ _END_,1534853
non _VERB_ _VERB_ _._ _END_,1533380
"di _NOUN_ , di _NOUN_",1531562
Il _NOUN_ _ADP_ _NOUN_ _VERB_,1530373
per _VERB_ _DET_ _NOUN_ _ADJ_,1527871
"di _NOUN_ , _VERB_ _VERB_",1527405
"di _NOUN_ , _CONJ_ _VERB_",1525009
del _NOUN_ _ADP_ _DET_ _NOUN_,1524967
aveva _VERB_ _DET_ _NOUN_ _ADP_,1521113
l' _NOUN_ _ADP_ _NOUN_ di,1519097
e _VERB_ _DET_ _NOUN_ _ADJ_,1517091
dalla _NOUN_ _ADP_ _NOUN_ _._,1508712
della _NOUN_ _ADP_ _NOUN_ .,1506947
che _VERB_ il _NOUN_ _ADP_,1505667
"di _NOUN_ , _VERB_ _DET_",1505665
del _NOUN_ _._ _DET_ _NOUN_,1505663
una _NOUN_ _ADP_ _NOUN_ _CONJ_,1504159
di un _NOUN_ _ADJ_ _._,1503401
la _NOUN_ della _NOUN_ _._,1503185
a _NOUN_ _ADP_ _NOUN_ .,1500182
che _VERB_ _VERB_ _ADP_ _DET_,1496355
di _DET_ _NOUN_ _PRON_ _VERB_,1490720
si _VERB_ _ADP_ un _NOUN_,1487847
delle _NOUN_ _ADJ_ _ADP_ _NOUN_,1486376
la _NOUN_ e la _NOUN_,1486241
di _VERB_ _ADP_ _DET_ _NOUN_,1481053
è _VERB_ _ADP_ _NOUN_ _._,1480265
il _NOUN_ _PRON_ _VERB_ _VERB_,1478128
la _NOUN_ _VERB_ _VERB_ _ADP_,1476304
a _DET_ _NOUN_ di _NOUN_,1474038
da _DET_ _NOUN_ di _NOUN_,1472865
il _NOUN_ di _NOUN_ _VERB_,1469809
e _DET_ _NOUN_ _VERB_ _ADP_,1467306
in un _NOUN_ _ADP_ _NOUN_,1464902
di _NOUN_ _ADJ_ _._ _NOUN_,1463019
del _PRON_ _NOUN_ _._ _END_,1460606
di _ADJ_ _NOUN_ _ADP_ _NOUN_,1460563
che _PRON_ _VERB_ _VERB_ _DET_,1457568
in _NOUN_ _NOUN_ _NOUN_ _NOUN_,1457324
con il _NOUN_ _ADP_ _NOUN_,1456020
si _VERB_ _VERB_ _._ _END_,1449307
e _ADP_ _NOUN_ _ADJ_ _ADP_,1448247
e _NOUN_ _ADJ_ _._ _END_,1446877
e _ADP_ _DET_ _NOUN_ _ADP_,1446783
"di _NOUN_ , _ADP_ _DET_",1446144
delle _NOUN_ _ADP_ _NOUN_ _ADP_,1442399
in _NOUN_ _ADP_ _VERB_ _DET_,1440008
a _VERB_ _DET_ _PRON_ _NOUN_,1439347
» _NOUN_ _VERB_ _DET_ _NOUN_,1438758
il _NOUN_ _PRON_ _VERB_ _ADP_,1434041
di _NOUN_ _ADJ_ _CONJ_ _ADJ_,1432958
il _NOUN_ di _NOUN_ _ADJ_,1432294
si _VERB_ _ADP_ _VERB_ _DET_,1429601
di _NOUN_ _PRON_ _PRON_ _VERB_,1429483
l' _NOUN_ _ADP_ _NOUN_ _CONJ_,1426618
di _VERB_ la _NOUN_ _ADP_,1426498
di _NOUN_ _ADP_ _ADJ_ _NOUN_,1424185
non _VERB_ _ADV_ _VERB_ _ADP_,1422906
"una _NOUN_ di _NOUN_ ,",1418679
non _VERB_ _ADP_ _NOUN_ _._,1417920
di _NOUN_ _._ _CONJ_ _ADP_,1417736
La _NOUN_ _ADP_ _NOUN_ _ADP_,1417239
le _NOUN_ _ADP_ _NOUN_ e,1416483
di _NOUN_ di _NOUN_ _ADJ_,1415902
dal _NOUN_ _ADP_ _NOUN_ _._,1413869
a _DET_ _NOUN_ . _END_,1412853
"di _NOUN_ , _NOUN_ ,",1412622
e _VERB_ _DET_ _NOUN_ .,1411293
che _VERB_ _ADP_ _NOUN_ .,1403666
"della _NOUN_ , _ADP_ _NOUN_",1402161
con un _NOUN_ _ADP_ _NOUN_,1401693
di _NOUN_ _ADJ_ _._ _CONJ_,1397508
of _NOUN_ _NOUN_ _NOUN_ _NOUN_,1396760
per _ADP_ _NOUN_ _ADP_ _NOUN_,1396694
la _NOUN_ _ADP_ _VERB_ _DET_,1396286
per _NOUN_ _ADP_ _NOUN_ _._,1395503
l' _NOUN_ _CONJ_ _DET_ _NOUN_,1395435
per l' _NOUN_ _ADP_ _NOUN_,1388613
non _VERB_ _ADV_ _DET_ _NOUN_,1387054
di _NOUN_ in _NOUN_ _ADP_,1386571
di _NOUN_ _._ _NOUN_ _CONJ_,1380639
in _NOUN_ _ADJ_ _ADP_ _NOUN_,1379744
di _ADJ_ _NOUN_ . _END_,1373480
"con _DET_ _NOUN_ _ADJ_ ,",1371219
il suo _NOUN_ . _END_,1367847
a _VERB_ _DET_ _NOUN_ di,1367765
un _NOUN_ di _NOUN_ _CONJ_,1365674
con _DET_ _NOUN_ _ADJ_ .,1364521
della _NOUN_ _ADP_ _DET_ _NOUN_,1363691
delle _NOUN_ _ADJ_ _._ _END_,1360022
che _PRON_ _VERB_ _ADP_ _VERB_,1359713
in _NOUN_ _._ _DET_ _NOUN_,1358720
le _NOUN_ di _NOUN_ _._,1358629
che _DET_ _NOUN_ _ADV_ _VERB_,1357738
i _PRON_ _NOUN_ . _END_,1355375
dei _NOUN_ _ADJ_ _ADP_ _NOUN_,1354476
in _NOUN_ _DET_ _NOUN_ _ADP_,1353253
non _VERB_ _DET_ _NOUN_ _ADJ_,1348091
il _NOUN_ _ADP_ _VERB_ _DET_,1346730
la _NOUN_ _PRON_ _VERB_ _ADP_,1346285
in _NOUN_ _ADP_ _ADJ_ _NOUN_,1345036
che _VERB_ _VERB_ _ADP_ _VERB_,1341780
di _VERB_ _DET_ _NOUN_ .,1340859
di un _NOUN_ di _NOUN_,1340319
un _NOUN_ _ADJ_ di _NOUN_,1338788
"e _NOUN_ _ADP_ _NOUN_ ,",1336835
la _NOUN_ della _NOUN_ _ADP_,1335927
la _NOUN_ _PRON_ _VERB_ _VERB_,1330919
di _VERB_ il _NOUN_ _ADP_,1330646
che _DET_ _NOUN_ _ADJ_ _VERB_,1330618
si _VERB_ _DET_ _NOUN_ _ADJ_,1325619
di _NOUN_ _._ _._ _END_,1323468
di _NOUN_ di _NOUN_ _ADP_,1315654
che _VERB_ _DET_ _PRON_ _NOUN_,1314505
non _VERB_ _VERB_ . _END_,1314288
la _NOUN_ di un _NOUN_,1313272
i _NOUN_ _ADP_ _NOUN_ _CONJ_,1312584
le _NOUN_ _ADP_ _NOUN_ _VERB_,1309837
sul _NOUN_ _ADP_ _NOUN_ _._,1309197
che _VERB_ _NOUN_ _ADP_ _NOUN_,1306114
"a _VERB_ _DET_ _NOUN_ ,",1305607
un _NOUN_ _ADP_ _NOUN_ _VERB_,1304906
un _NOUN_ _._ _DET_ _NOUN_,1304025
un _NOUN_ _ADP_ _NOUN_ di,1302647
con _NOUN_ _ADJ_ _._ _END_,1301525
che _ADV_ _VERB_ _VERB_ _ADP_,1300788
e _VERB_ _ADP_ _NOUN_ .,1300304
dei _NOUN_ _CONJ_ _ADP_ _NOUN_,1297993
del _NOUN_ di _NOUN_ _ADP_,1297533
tra _DET_ _NOUN_ _ADP_ _NOUN_,1296723
"nel _NOUN_ _ADP_ _NOUN_ ,",1292552
a _NOUN_ _ADP_ _NOUN_ _NOUN_,1291707
per _DET_ _NOUN_ _ADJ_ _ADP_,1289755
e _NOUN_ _ADJ_ . _END_,1288039
"che _VERB_ _ADP_ _NOUN_ ,",1287712
che si _VERB_ _VERB_ _ADP_,1285682
un _NOUN_ _NOUN_ di _NOUN_,1285554
di _DET_ _NOUN_ _ADJ_ .,1285328
l' _NOUN_ di _NOUN_ _._,1285275
di _DET_ _ADJ_ _NOUN_ _._,1282851
e si _VERB_ _ADP_ _NOUN_,1282571
del _PRON_ _NOUN_ . _END_,1281127
una _NOUN_ di _NOUN_ .,1280693
di _NOUN_ per _DET_ _NOUN_,1280386
essere _VERB_ _ADP_ _NOUN_ _ADP_,1280260
un _NOUN_ ' _ADP_ _NOUN_,1280216
la _NOUN_ _._ _ADP_ _NOUN_,1278539
un po _NOUN_ _ADP_ _NOUN_,1278315
di _NOUN_ che _PRON_ _VERB_,1277237
da _DET_ _NOUN_ _._ _END_,1277147
che _ADV_ _VERB_ _DET_ _NOUN_,1276469
al _NOUN_ _ADP_ _NOUN_ .,1276165
che _VERB_ _ADP_ _NOUN_ di,1273425
che _PRON_ _VERB_ _VERB_ _VERB_,1269733
si _VERB_ _VERB_ . _END_,1269675
i _NOUN_ _ADP_ _NOUN_ _VERB_,1269496
che la _NOUN_ _ADP_ _NOUN_,1269374
"di _NOUN_ , _NOUN_ _CONJ_",1264383
di _DET_ _ADJ_ _NOUN_ _ADP_,1264364
per _DET_ _PRON_ _NOUN_ _._,1263109
di _NOUN_ _._ _CONJ_ _ADV_,1262473
il _NOUN_ di _NOUN_ .,1261028
i _NOUN_ _ADP_ _NOUN_ .,1260182
e _VERB_ _VERB_ _ADP_ _NOUN_,1258733
la _NOUN_ di _NOUN_ _VERB_,1257601
di _VERB_ _VERB_ _DET_ _NOUN_,1255662
il _NOUN_ _ADP_ un _NOUN_,1254245
"in _NOUN_ di _NOUN_ ,",1251659
"di _NOUN_ _CONJ_ _NOUN_ ,",1251104
un _NOUN_ _ADJ_ _._ _VERB_,1249876
dalla _NOUN_ _ADP_ _NOUN_ _ADP_,1248038
per _VERB_ _ADP_ _NOUN_ _._,1247132
dei _NOUN_ _ADJ_ _._ _END_,1246981
l' _NOUN_ _ADJ_ _._ _END_,1246509
per _VERB_ _ADP_ _NOUN_ _ADP_,1245830
e _VERB_ _VERB_ _DET_ _NOUN_,1243471
un _NOUN_ _ADV_ _ADJ_ _._,1242992
di _NOUN_ del _NOUN_ _._,1242560
alla _NOUN_ _ADP_ _NOUN_ .,1241808
di _NOUN_ o _ADP_ _NOUN_,1240786
"di _VERB_ _DET_ _NOUN_ ,",1238547
per _VERB_ _DET_ _NOUN_ .,1237770
del _NOUN_ _ADP_ _NOUN_ _CONJ_,1237365
"di _NOUN_ , _CONJ_ _ADP_",1237147
di _NOUN_ _ADJ_ _CONJ_ _ADP_,1233655
la sua _NOUN_ _ADP_ _NOUN_,1232671
alla _NOUN_ _ADP_ _DET_ _NOUN_,1232613
"di _NOUN_ _NOUN_ , _NOUN_",1231895
anche _DET_ _NOUN_ _ADP_ _NOUN_,1230349
"del _NOUN_ , _DET_ _NOUN_",1230176
"di _NOUN_ , _NOUN_ _ADP_",1229531
di _NOUN_ _ADJ_ _NOUN_ _ADP_,1229509
e _DET_ _NOUN_ _ADP_ _DET_,1228181
con _DET_ _PRON_ _NOUN_ _._,1227599
L. _NUM_ _NOUN_ _NUM_ _._,1227436
"L. _NUM_ _NOUN_ _NUM_ ,",1226659
"di _NOUN_ _ADJ_ , _CONJ_",1226267
di un _NOUN_ _._ _END_,1225728
con _NOUN_ _ADJ_ . _END_,1220697
di _NOUN_ _._ _ADV_ _VERB_,1220033
» « _NOUN_ _._ _END_,1219791
più _ADJ_ _ADP_ _NOUN_ _._,1219544
» _NOUN_ _NOUN_ _._ _END_,1219475
la _NOUN_ _ADP_ _ADJ_ _NOUN_,1217087
che _VERB_ _ADV_ _ADP_ _NOUN_,1216833
che _DET_ _PRON_ _NOUN_ _VERB_,1215001
non _PRON_ _VERB_ _ADV_ _VERB_,1214892
di _NOUN_ _ADJ_ _ADP_ _DET_,1214168
le _PRON_ _NOUN_ _._ _END_,1214030
non _VERB_ _VERB_ _VERB_ _ADP_,1212391
si _VERB_ _ADP_ _NOUN_ e,1211766
al _NOUN_ _ADP_ _DET_ _NOUN_,1211022
e _NOUN_ _ADP_ _NOUN_ .,1210340
in una _NOUN_ _ADP_ _NOUN_,1209852
non _VERB_ _DET_ _NOUN_ di,1208969
di _PRON_ _ADV_ _._ _END_,1202449
a _NOUN_ _._ _ADP_ _NOUN_,1201870
con _DET_ _ADJ_ _NOUN_ _ADP_,1201428
e _PRON_ _VERB_ _ADP_ _DET_,1197871
l' _NOUN_ di _NOUN_ _ADP_,1197236
a _VERB_ la _NOUN_ _ADP_,1196857
i _NOUN_ _ADJ_ _._ _END_,1196711
di _PRON_ _ADV_ . _END_,1194252
la _NOUN_ del _NOUN_ _ADJ_,1191511
di _NOUN_ _ADJ_ _NOUN_ _._,1191232
le _NOUN_ _._ _DET_ _NOUN_,1191077
una _NOUN_ _VERB_ _ADP_ _NOUN_,1191021
and _NOUN_ _NOUN_ _NOUN_ _NOUN_,1190250
della _NOUN_ _._ _DET_ _NOUN_,1189157
» _._ _VERB_ _NOUN_ _._,1185131
di _PRON_ _ADP_ _NOUN_ _NUM_,1183595
"e _ADP_ _NOUN_ _ADJ_ ,",1182624
di _NOUN_ _CONJ_ _NOUN_ _ADJ_,1181939
delle _NOUN_ _ADJ_ . _END_,1181358
del _NOUN_ _VERB_ _ADP_ _NOUN_,1181091
un _NOUN_ _ADP_ _NOUN_ _PRON_,1180674
la _NOUN_ _ADP_ _NOUN_ _ADV_,1179675
con _NOUN_ _ADP_ _NOUN_ _._,1178501
di cui _ADP_ _NOUN_ _NUM_,1178438
la _PRON_ _NOUN_ _ADJ_ _._,1177749
la _NOUN_ di _NOUN_ .,1177559
e _ADJ_ _ADP_ _NOUN_ _._,1177251
mi _VERB_ _VERB_ _ADP_ _NOUN_,1176334
si _VERB_ _VERB_ _ADP_ _VERB_,1175353
che _VERB_ _VERB_ la _NOUN_,1175167
e _VERB_ _ADP_ _NOUN_ _ADJ_,1175121
di cui _ADV_ _._ _END_,1174847
"» , _VERB_ _NOUN_ _._",1174844
di cui _ADV_ . _END_,1172936
"di _NOUN_ di _NOUN_ ,",1172031
di _NOUN_ _._ _CONJ_ _DET_,1171245
è _VERB_ _VERB_ _ADP_ _NOUN_,1165578
che _VERB_ _DET_ _ADJ_ _NOUN_,1164236
un _NOUN_ ' di _NOUN_,1163660
un po _NOUN_ di _NOUN_,1163263
un po ' di _NOUN_,1163144
non _PRON_ _VERB_ _._ _END_,1162853
è _DET_ _NOUN_ _ADJ_ _._,1162695
nel _NOUN_ _ADP_ _NOUN_ _ADJ_,1161952
di _PRON_ all'art _._ _END_,1159044
di _PRON_ all'art . _END_,1159037
di cui all'art _._ _END_,1158925
di_ADP cui_PRON all'art_ADV ._. _END_,1158918
di cui all'art . _END_,1158918
e le _NOUN_ _ADP_ _NOUN_,1155973
Il _NOUN_ _ADP_ _NOUN_ _ADP_,1154072
i _NOUN_ _._ _DET_ _NOUN_,1154003
è _VERB_ _ADP_ _NOUN_ _ADJ_,1153798
"in _NOUN_ , _DET_ _NOUN_",1152802
di _NOUN_ _._ che _VERB_,1152465
una _NOUN_ _ADP_ _NOUN_ e,1152237
il _NOUN_ della _NOUN_ _ADP_,1151021
i _NOUN_ di _NOUN_ _._,1150525
a _VERB_ il _NOUN_ _ADP_,1149433
il suo _NOUN_ _ADP_ _NOUN_,1148936
ai _NOUN_ _ADJ_ _._ _END_,1148090
con _DET_ _NOUN_ _VERB_ _ADP_,1147570
dal _NOUN_ _ADP_ _NOUN_ _ADP_,1147351
"del _NOUN_ di _NOUN_ ,",1146913
che il _NOUN_ _ADP_ _NOUN_,1146891
il _NOUN_ _PRON_ _PRON_ _VERB_,1145353
al _NOUN_ di _NOUN_ _._,1145234
di _NOUN_ _ADP_ _NOUN_ del,1144008
di _VERB_ _VERB_ _ADP_ _NOUN_,1143135
il _NOUN_ _._ _ADP_ _NOUN_,1141695
dei _NOUN_ _ADP_ _NOUN_ _ADJ_,1141167
di _DET_ _NOUN_ _._ _VERB_,1140108
dei _NOUN_ e _ADP_ _NOUN_,1139918
di una _NOUN_ _ADJ_ _._,1139605
di _NOUN_ _ADP_ _PRON_ _NOUN_,1138296
era _VERB_ _ADP_ _NOUN_ _ADP_,1137379
e _ADJ_ _NOUN_ _._ _END_,1137373
il _NOUN_ _CONJ_ il _NOUN_,1137217
di _NOUN_ _PRON_ _VERB_ _DET_,1136546
« _NOUN_ _NOUN_ _NOUN_ _NOUN_,1136296
"un _NOUN_ , _DET_ _NOUN_",1135456
in _NOUN_ _ADP_ _NOUN_ e,1133387
dicembre _NUM_ _._ _NOUN_ _._,1132627
da _NOUN_ _ADP_ _NOUN_ _ADP_,1132282
che _VERB_ _VERB_ il _NOUN_,1131099
"di _NOUN_ , _CONJ_ _ADV_",1130312
"dicembre _NUM_ , _NOUN_ _._",1127089
e _DET_ _NOUN_ _VERB_ _VERB_,1124299
è _VERB_ _DET_ _NOUN_ _ADP_,1120806
per _DET_ _NOUN_ del _NOUN_,1116727
il _PRON_ _NOUN_ _ADJ_ _._,1116434
e _NOUN_ di _NOUN_ _._,1114810
da _DET_ _NOUN_ . _END_,1114131
"che _VERB_ _DET_ _NOUN_ ,",1113316
un _NOUN_ _ADJ_ _ADP_ _DET_,1111096
dicembre _NUM_ _._ _NOUN_ .,1110916
non _PRON_ _VERB_ _ADP_ _NOUN_,1110466
"dicembre _NUM_ , _NOUN_ .",1110249
sono _VERB_ _ADP_ _NOUN_ _ADP_,1109811
delle _NOUN_ _CONJ_ _ADP_ _NOUN_,1108597
di _NOUN_ _._ _NOUN_ e,1106511
ai _NOUN_ _ADJ_ . _END_,1105486
"le _NOUN_ , _DET_ _NOUN_",1104265
con _NOUN_ _ADP_ _NOUN_ _ADP_,1102724
l' _NOUN_ _ADP_ _NOUN_ e,1102527
l' _NOUN_ _ADJ_ . _END_,1102479
si _VERB_ _ADP_ _VERB_ _ADP_,1101756
il _NOUN_ del _NOUN_ _ADP_,1099587
che _PRON_ _VERB_ _VERB_ _ADV_,1099505
e _NOUN_ _ADP_ _DET_ _NOUN_,1098836
la _NOUN_ _ADP_ una _NOUN_,1098457
i _NOUN_ _ADP_ _NOUN_ e,1098238
La _NOUN_ _ADP_ _NOUN_ _._,1095251
dicembre _NUM_ _._ n _._,1094860
"dicembre _NUM_ , n _._",1094785
non _VERB_ _ADV_ _ADP_ _NOUN_,1094615
dicembre _NUM_ _._ n .,1094471
"dicembre _NUM_ , n .",1094400
"la _NOUN_ , _ADP_ _NOUN_",1092521
di _NOUN_ che _VERB_ _ADP_,1092319
a _DET_ _NOUN_ _ADJ_ _._,1090192
che si _VERB_ _ADP_ _DET_,1089597
dei _NOUN_ _ADJ_ . _END_,1087911
non _VERB_ _ADP_ _DET_ _NOUN_,1085601
sulla _NOUN_ _ADP_ _NOUN_ _._,1084715
a _VERB_ _ADP_ _NOUN_ _ADJ_,1083931
una _NOUN_ _ADP_ _NOUN_ di,1083826
era _VERB_ _ADP_ _NOUN_ _._,1083538
legge _NUM_ _NOUN_ _NUM_ _._,1082892
di _NOUN_ _._ il _NOUN_,1082690
che _DET_ _NOUN_ _VERB_ _ADV_,1081170
"legge _NUM_ _NOUN_ _NUM_ ,",1080786
con _DET_ _NOUN_ _ADJ_ _CONJ_,1079090
un _NOUN_ _CONJ_ _DET_ _NOUN_,1078703
di _NOUN_ _NOUN_ _NOUN_ _NOUN_,1078292
di _NOUN_ _VERB_ _ADP_ _DET_,1078176
per _VERB_ _DET_ _NOUN_ di,1078001
di _DET_ _NOUN_ _VERB_ _ADP_,1077084
"di _NOUN_ e _NOUN_ ,",1076659
di un _NOUN_ . _END_,1076398
"a _NOUN_ , _ADP_ _NOUN_",1076160
di _DET_ _NOUN_ _._ _ADP_,1075607
e _ADP_ _DET_ _NOUN_ _ADJ_,1074464
mi _VERB_ _ADP_ _NOUN_ _._,1073859
della _NOUN_ _ADP_ _NOUN_ _CONJ_,1073730
"i _NOUN_ , _DET_ _NOUN_",1073225
la _NOUN_ _ADP_ _VERB_ _ADP_,1073029
e _VERB_ _DET_ _NOUN_ di,1073011
le _PRON_ _NOUN_ . _END_,1071031
e _ADP_ _NOUN_ _ADP_ _DET_,1070299
la _NOUN_ _._ _PRON_ _VERB_,1069416
da _DET_ _NOUN_ _ADJ_ _._,1068620
un _NOUN_ _ADJ_ _._ _CONJ_,1067754
di _NOUN_ _._ _VERB_ _ADV_,1066826
nella _NOUN_ _ADP_ _NOUN_ _ADP_,1066201
un _NOUN_ _ADJ_ _CONJ_ _ADJ_,1065825
e l' _NOUN_ _ADP_ _NOUN_,1065000
di _PRON_ _PRON_ _VERB_ _VERB_,1064970
di _NOUN_ _ADP_ un _NOUN_,1064559
e _DET_ _PRON_ _NOUN_ _._,1063228
La _NOUN_ _ADP_ _NOUN_ _ADJ_,1063076
le _NOUN_ di _NOUN_ _ADP_,1062076
che _VERB_ _DET_ _NOUN_ .,1061612
la _NOUN_ _PRON_ _PRON_ _VERB_,1061521
la _NOUN_ di _NOUN_ _CONJ_,1060777
e _ADP_ _NOUN_ _ADJ_ .,1060048
di _NOUN_ con _DET_ _NOUN_,1056883
di _VERB_ _ADP_ _NOUN_ _ADJ_,1056824
che _PRON_ _VERB_ _ADV_ _ADP_,1055935
del _NOUN_ _ADP_ _NOUN_ _VERB_,1055051
"in _DET_ _NOUN_ _ADJ_ ,",1053645
"un _NOUN_ _ADJ_ , _VERB_",1053475
e _ADP_ _NOUN_ _._ _ADP_,1052834
"di _NOUN_ , che _VERB_",1052193
di _NOUN_ che _VERB_ _VERB_,1051443
un _NOUN_ di _NOUN_ e,1051407
per _VERB_ _DET_ _PRON_ _NOUN_,1051028
il _NOUN_ _ADP_ _NOUN_ _ADV_,1049785
e _PRON_ _VERB_ _ADP_ _VERB_,1048898
e _VERB_ la _NOUN_ _ADP_,1046891
i _NOUN_ _ADJ_ . _END_,1046770
"di _NOUN_ , _CONJ_ _DET_",1046401
in _NOUN_ con _DET_ _NOUN_,1045886
di _DET_ _NOUN_ che _VERB_,1045055
come _DET_ _NOUN_ _._ _END_,1044747
non _VERB_ _VERB_ _ADP_ _VERB_,1044437
di _NOUN_ _CONJ_ _NOUN_ .,1044264
mi _VERB_ _VERB_ _DET_ _NOUN_,1042708
il _NOUN_ di _NOUN_ _CONJ_,1041974
con _ADP_ _NOUN_ _ADP_ _NOUN_,1041313
delle _NOUN_ _ADP_ _NOUN_ _ADJ_,1040979
di _DET_ _DET_ _NOUN_ _._,1039793
della _NOUN_ _ADP_ _NOUN_ di,1039456
si _VERB_ _DET_ _NOUN_ di,1039126
al _NOUN_ _ADJ_ _._ _END_,1036272
di _NOUN_ _ADJ_ e _ADJ_,1034838
di _NOUN_ _ADJ_ _._ _DET_,1033083
è _DET_ _NOUN_ di _NOUN_,1031178
dopo _DET_ _NOUN_ _ADP_ _NOUN_,1029388
in _NOUN_ _ADP_ _NOUN_ _VERB_,1029217
essere _VERB_ _ADP_ _DET_ _NOUN_,1028733
"per _DET_ _NOUN_ _ADJ_ ,",1027591
che _DET_ _NOUN_ _VERB_ _DET_,1027529
che il _NOUN_ _VERB_ _VERB_,1027428
di _NOUN_ in _NOUN_ _._,1026871
del _NOUN_ _._ _PRON_ _VERB_,1026486
"di _NOUN_ , _NOUN_ e",1025824
si _VERB_ _CONJ_ _DET_ _NOUN_,1025421
l' _VERB_ _VERB_ _._ _END_,1024778
più _ADJ_ _NOUN_ _ADP_ _NOUN_,1024442
ai _NOUN_ _ADP_ _NOUN_ _._,1024091
il _NOUN_ che _PRON_ _VERB_,1023559
si _VERB_ _ADP_ una _NOUN_,1023406
"di _NOUN_ , _ADV_ _VERB_",1023167
il _NOUN_ _ADP_ _NOUN_ che,1023097
da un _NOUN_ _ADP_ _NOUN_,1022866
alla _NOUN_ _ADJ_ _ADP_ _NOUN_,1019239
e _DET_ _NOUN_ del _NOUN_,1018530
il _NOUN_ _ADP_ _VERB_ _ADP_,1015192
che _DET_ _NOUN_ non _VERB_,1013768
a _NOUN_ _ADP_ _NOUN_ _CONJ_,1012682
era _VERB_ _ADP_ _DET_ _NOUN_,1012682
del _NUM_ _NOUN_ _NUM_ _._,1008579
e _ADJ_ _NOUN_ . _END_,1008534
il _NOUN_ _._ _PRON_ _VERB_,1008262
di _VERB_ _DET_ _ADJ_ _NOUN_,1007958
di _DET_ _NOUN_ _._ _CONJ_,1007883
la _NOUN_ _ADP_ _NOUN_ che,1006971
l' _NOUN_ e _DET_ _NOUN_,1006621
che _VERB_ _ADP_ _VERB_ _DET_,1004768
al _NOUN_ _ADJ_ _ADP_ _NOUN_,1003638
la _NOUN_ _CONJ_ il _NOUN_,1003519
tutti _DET_ _NOUN_ _ADP_ _NOUN_,1001862
un _NOUN_ _ADJ_ _._ _ADP_,1001274
del _NOUN_ _ADP_ _NOUN_ di,1000617
a _VERB_ _ADP_ _NOUN_ .,1000594
di _NOUN_ _ADJ_ _PRON_ _VERB_,1000395
"la _NOUN_ del _NOUN_ ,",999831
si _VERB_ in _DET_ _NOUN_,998727
in _DET_ _NOUN_ _ADJ_ _ADP_,997249
e di _NOUN_ _ADP_ _NOUN_,997020
di _NOUN_ _ADJ_ _VERB_ _ADP_,996901
in _DET_ _NOUN_ _._ _VERB_,995807
di _NOUN_ _._ _NOUN_ _NOUN_,994338
una _NOUN_ _ADV_ _ADJ_ _._,993367
Il _NOUN_ _ADP_ _NOUN_ _._,993074
la _NOUN_ _._ _VERB_ _ADP_,991704
lo _VERB_ _ADP_ _NOUN_ _._,988439
di _NOUN_ _._ la _NOUN_,988386
di _NOUN_ _ADP_ _NOUN_ _PRON_,987871
in _NOUN_ _ADP_ _NOUN_ _NOUN_,987592
e _ADV_ _VERB_ _ADP_ _NOUN_,987030
e _ADP_ _NOUN_ _PRON_ _VERB_,986639
di una _NOUN_ di _NOUN_,985180
la _NOUN_ di _NOUN_ _NOUN_,983912
delle _NOUN_ e _ADP_ _NOUN_,983822
di _NOUN_ _DET_ _NOUN_ _ADP_,983757
non _PRON_ _VERB_ _VERB_ _ADP_,983739
di _NOUN_ _._ _ADP_ _PRON_,981340
il _NOUN_ _CONJ_ la _NOUN_,981275
che _ADP_ _NOUN_ _VERB_ _VERB_,980893
alla _NOUN_ di _NOUN_ _._,980508
l' _NOUN_ _VERB_ _ADP_ _NOUN_,979758
di _NOUN_ _CONJ_ _VERB_ _ADP_,979670
e _VERB_ il _NOUN_ _ADP_,979332
e _ADP_ _NOUN_ del _NOUN_,978481
del _NOUN_ _._ _VERB_ _ADP_,977885
un _ADJ_ _NOUN_ _ADJ_ _._,977443
gli _NOUN_ _ADP_ _NOUN_ _ADP_,976506
e _DET_ _PRON_ _NOUN_ _VERB_,976294
la _NOUN_ _ADP_ _NOUN_ del,976203
"un _NOUN_ _ADJ_ , _CONJ_",974718
"il _NOUN_ , _ADP_ _NOUN_",974225
Il _NOUN_ _VERB_ _DET_ _NOUN_,974177
che _PRON_ _VERB_ _VERB_ .,972891
una _NOUN_ _ADP_ _NOUN_ _VERB_,970372
di _NOUN_ o di _NOUN_,969997
la _NOUN_ _ADJ_ _ADP_ _DET_,968925
comma _NUM_ _._ _NOUN_ _._,966172
mi _VERB_ _VERB_ _._ _END_,965662
la _PRON_ _NOUN_ _VERB_ _VERB_,964640
"della _NOUN_ , _DET_ _NOUN_",964046
di _NOUN_ _ADP_ la _NOUN_,962608
la _NOUN_ della _NOUN_ _ADJ_,962200
non _VERB_ _ADV_ _ADJ_ _._,962171
non _PRON_ _VERB_ . _END_,962148
che _ADV_ _PRON_ _VERB_ _VERB_,961829
lo _NOUN_ _ADP_ _NOUN_ _._,961636
di _NUM_ _NOUN_ _ADP_ _NOUN_,961315
e di _NOUN_ _._ _END_,960995
con l' _NOUN_ _ADP_ _NOUN_,960299
al _PRON_ _NOUN_ _._ _END_,958856
di _DET_ _NOUN_ _ADJ_ _CONJ_,956815
la _NOUN_ che _PRON_ _VERB_,956390
La _NOUN_ _ADJ_ _ADP_ _NOUN_,955871
non _VERB_ _ADV_ _._ _END_,955706
e _VERB_ _DET_ _PRON_ _NOUN_,955292
a _NOUN_ _NOUN_ _NOUN_ _NOUN_,955207
di _VERB_ _NOUN_ _ADP_ _NOUN_,954480
con _DET_ _NOUN_ _PRON_ _VERB_,953934
si _VERB_ _ADV_ _._ _END_,953115
"di _DET_ _NOUN_ , _VERB_",953053
"comma _NUM_ , _NOUN_ _._",951301
il _NOUN_ _ADJ_ di _NOUN_,951127
e _NOUN_ _ADJ_ _ADP_ _NOUN_,950372
della _NOUN_ di _NOUN_ _ADP_,948712
che _ADV_ _VERB_ _ADP_ _NOUN_,948573
di _NOUN_ e _NOUN_ _ADJ_,948003
da _NOUN_ _ADP_ _NOUN_ _ADJ_,946764
"la _NOUN_ , _PRON_ _VERB_",945673
del _NOUN_ _ADP_ _NOUN_ e,945197
e _ADP_ _NOUN_ _._ _VERB_,944947
che _VERB_ _VERB_ _ADP_ _PRON_,944843
e _DET_ _NOUN_ _ADJ_ .,943842
dei _NOUN_ _VERB_ _ADP_ _NOUN_,943440
"dei _NOUN_ _ADP_ _NOUN_ ,",942343
il _NOUN_ _ADP_ _ADJ_ _NOUN_,940776
al _NOUN_ _ADJ_ . _END_,939678
di _VERB_ _DET_ _NOUN_ _CONJ_,939410
una _NOUN_ _ADJ_ _._ _VERB_,938999
"di _DET_ _NOUN_ , _ADP_",937279
l' _NOUN_ del _NOUN_ _._,937118
non _VERB_ _ADV_ _VERB_ _DET_,935678
che _ADV_ _VERB_ _ADV_ _VERB_,935161
la _NOUN_ _._ la _NOUN_,934869
per la _NOUN_ _._ _END_,934436
di _NOUN_ _CONJ_ _PRON_ _VERB_,934145
della _NOUN_ _VERB_ _ADP_ _NOUN_,933047
in _PRON_ _DET_ _NOUN_ _VERB_,933043
in _DET_ _NOUN_ _PRON_ _VERB_,932894
di _NOUN_ _._ _CONJ_ _PRON_,932395
"e _ADP_ _NOUN_ , _ADP_",931986
un _NOUN_ _ADP_ _NOUN_ che,931234
comma _NUM_ _._ _NOUN_ .,930237
non _VERB_ _NOUN_ _ADP_ _NOUN_,929244
"comma _NUM_ , _NOUN_ .",928814
ha _VERB_ _DET_ _NOUN_ _._,928784
nei _NOUN_ _ADP_ _NOUN_ _._,928087
e _ADP_ _PRON_ _NOUN_ _._,927775
la _ADJ_ _NOUN_ _._ _END_,925408
della _NOUN_ _ADP_ _NOUN_ _VERB_,924599
per _DET_ _NOUN_ della _NOUN_,924308
di _NOUN_ e _NOUN_ .,924084
"e _DET_ _NOUN_ _ADJ_ ,",923072
ai _NOUN_ _ADP_ _NOUN_ _ADP_,922640
un _NOUN_ _ADP_ _ADJ_ _NOUN_,922294
"di _NOUN_ , il _NOUN_",921772
"_._ , _NOUN_ _._ _END_",921656
a _NOUN_ _ADP_ _NOUN_ di,921621
una _NOUN_ _ADP_ _NOUN_ _PRON_,920999
un _NOUN_ _ADP_ _NOUN_ _NOUN_,920404
in _NOUN_ _CONJ_ _ADP_ _NOUN_,919259
"nella _NOUN_ _ADP_ _NOUN_ ,",918616
per _VERB_ la _NOUN_ _ADP_,917966
la _NOUN_ _ADJ_ _._ _VERB_,917551
della sua _NOUN_ _._ _END_,917388
il _NOUN_ _ADP_ una _NOUN_,917063
una _NOUN_ _ADJ_ di _NOUN_,917062
come _DET_ _NOUN_ . _END_,916985
l' _NOUN_ _ADP_ un _NOUN_,916253
in _NOUN_ _._ _VERB_ _ADP_,915668
la _NOUN_ di _VERB_ _DET_,915604
in _DET_ _NOUN_ _DET_ _NOUN_,913809
il _PRON_ _NOUN_ di _NOUN_,913289
in cui _DET_ _NOUN_ _VERB_,912165
e _NOUN_ _._ _ADP_ _NOUN_,912050
nel _NOUN_ _ADP_ _NOUN_ .,911682
« _DET_ _NOUN_ _ADP_ _NOUN_,911149
cui _VERB_ _VERB_ _DET_ _NOUN_,910330
di _NOUN_ _._ _ADV_ _ADP_,910320
il _NOUN_ di _NOUN_ _NOUN_,910061
"_._ , _NOUN_ . _END_",909861
di _NOUN_ del _NOUN_ _ADP_,909074
e _PRON_ _VERB_ _._ _END_,908415
si _VERB_ _CONJ_ _PRON_ _VERB_,908300
di _NOUN_ _._ _NUM_ _._,907993
si _VERB_ _ADV_ _VERB_ _ADP_,907898
la _NOUN_ _._ _VERB_ _DET_,907165
o _DET_ _NOUN_ _ADP_ _NOUN_,906183
si _VERB_ _ADP_ _PRON_ _NOUN_,905774
"di _DET_ _NOUN_ , _CONJ_",905754
in _DET_ _NOUN_ _ADJ_ .,905006
con _DET_ _NOUN_ _ADP_ _DET_,903307
che _DET_ _NOUN_ _ADJ_ _ADP_,902744
