ngram,freq
_VERB_ _ADP_ _NOUN_,322018536
_VERB_ _NOUN_ _._,278668762
_VERB_ _._ _END_,207969533
_VERB_ _ADJ_ _NOUN_,187355549
_VERB_ . _END_,154547069
_VERB_ ._. _END_,154547069
_VERB_ _NOUN_ _NOUN_,142079838
_VERB_ _._ _CONJ_,133840727
"_VERB_ _NOUN_ ,",132336866
"_VERB_ _NOUN_ ,_.",132336866
"_VERB_ , _CONJ_",129490878
"_VERB_ ,_. _CONJ_",129490878
_START_ _NOUN_ _VERB_,124057089
_VERB_ _NOUN_ .,109860613
_VERB_ _NOUN_ ._.,109859964
_VERB_ _NOUN_ _ADP_,109853469
_VERB_ _ADP_ _ADJ_,107084949
в _ADJ_ _NOUN_,89487621
в_ADP _ADJ_ _NOUN_,89487601
в _NOUN_ _._,85777922
в_ADP _NOUN_ _._,85775819
_START_ _._ _NOUN_,78118368
не _VERB_ _._,74898880
не_PRT _VERB_ _._,74898867
_START_ _ADP_ _NOUN_,74880179
_START_ --_. _NOUN_,73556196
_START_ -- _NOUN_,73556196
_START_ _NOUN_ _NOUN_,73394743
_START_ _ADJ_ _NOUN_,70823723
_VERB_ _NOUN_ _ADJ_,63342948
_VERB_ _._ _NOUN_,62912942
_VERB_ _._ что,60895858
"_VERB_ , что",60645331
"_VERB_ ,_. что",60645331
и _NOUN_ _._,60250727
в _NOUN_ _NOUN_,59496856
в_ADP _NOUN_ _NOUN_,59480448
_VERB_ _._ что_CONJ,58974380
"_VERB_ ,_. что_CONJ",58866649
"_VERB_ , что_CONJ",58866649
_START_ _NOUN_ _._,58607852
на _NOUN_ _._,58016242
на_ADP _NOUN_ _._,57993421
и_CONJ _NOUN_ _._,56669243
и _ADJ_ _NOUN_,53840452
и_CONJ _ADJ_ _NOUN_,49892713
_VERB_ _._ _VERB_,49765319
"_VERB_ ,_. _NOUN_",44457566
"_VERB_ , _NOUN_",44457566
"_VERB_ ,_. _VERB_",44246522
"_VERB_ , _VERB_",44246522
на _ADJ_ _NOUN_,43851028
на_ADP _ADJ_ _NOUN_,43849138
_START_ _CONJ_ _NOUN_,42261898
"в _NOUN_ ,",41725401
"в _NOUN_ ,_.",41725401
"в_ADP _NOUN_ ,",41724515
"в_ADP _NOUN_ ,_.",41724515
_START_ _._ _VERB_,41610874
_START_ --_. _VERB_,40603140
_START_ -- _VERB_,40603140
_VERB_ _NOUN_ _CONJ_,39718331
_VERB_ _ADV_ _._,39631300
_VERB_ _NOUN_ _VERB_,37805449
и _NOUN_ _NOUN_,36642042
_VERB_ _NOUN_ и,35899035
и _VERB_ _NOUN_,35510089
и_CONJ _NOUN_ _NOUN_,34857739
_VERB_ _NOUN_ и_CONJ,34662358
_START_ _ADP_ _ADJ_,34300674
не _VERB_ _NOUN_,34296481
не_PRT _VERB_ _NOUN_,34296479
на _NOUN_ _NOUN_,33992490
на_ADP _NOUN_ _NOUN_,33888272
_VERB_ _ADJ_ _._,33734245
_VERB_ _ADJ_ _ADJ_,33134986
с _NOUN_ _._,32808618
с_ADP _NOUN_ _._,32807210
и_CONJ _VERB_ _NOUN_,32451417
_VERB_ _._ _._,32314425
_START_ _VERB_ _NOUN_,31674235
_START_ _NOUN_ _ADJ_,31368553
"не _VERB_ ,_.",31234126
"не _VERB_ ,",31234126
"не_PRT _VERB_ ,",31234120
"не_PRT _VERB_ ,_.",31234120
в _NOUN_ .,31189100
в _NOUN_ ._.,31189100
в_ADP _NOUN_ ._.,31188268
в_ADP _NOUN_ .,31188268
не _VERB_ .,31064164
не_PRT _VERB_ .,31064162
не _VERB_ ._.,31064162
не_PRT _VERB_ ._.,31064160
с _ADJ_ _NOUN_,30872996
с_ADP _ADJ_ _NOUN_,30870439
_START_ _._ _ADV_,30829700
_START_ -- _ADV_,30051510
_START_ --_. _ADV_,30051510
_VERB_ ?_. _END_,29986420
_VERB_ ? _END_,29986420
_START_ _NOUN_ _ADV_,29127590
_START_ _NOUN_ _PRT_,29091254
_VERB_ _NOUN_ в,28389846
_VERB_ _NOUN_ в_ADP,28299115
_START_ _NUM_ _._,28215502
_START_ _ADV_ _._,27953368
"на _NOUN_ ,_.",27709052
"на _NOUN_ ,",27709052
"на_ADP _NOUN_ ,_.",27697294
"на_ADP _NOUN_ ,",27697294
"и _NOUN_ ,",27343557
"и _NOUN_ ,_.",27343557
_VERB_ _._ _ADV_,27100854
и _VERB_ _ADP_,27042422
_VERB_ _._ --_.,26802993
_VERB_ _._ --,26802993
в _NOUN_ _ADJ_,25921440
в_ADP _NOUN_ _ADJ_,25920905
_START_ _NOUN_ _ADP_,25841665
"и_CONJ _NOUN_ ,_.",25369154
"и_CONJ _NOUN_ ,",25369154
"_START_ _NOUN_ ,_.",25356873
"_START_ _NOUN_ ,",25356873
и _NOUN_ _VERB_,25283217
к _NOUN_ _._,25123035
к_ADP _NOUN_ _._,25122621
и_CONJ _VERB_ _ADP_,24914411
и _VERB_ _._,24873017
"_START_ _ADV_ ,",24694552
"_START_ _ADV_ ,_.",24694544
_VERB_ _CONJ_ _VERB_,24687212
_START_ _ADV_ _NOUN_,24387008
и_CONJ _NOUN_ _VERB_,23543665
что _NOUN_ _VERB_,23388623
"_VERB_ , _ADV_",22884274
"_VERB_ ,_. _ADV_",22884274
что_CONJ _NOUN_ _VERB_,22584045
в _NOUN_ _VERB_,22389524
в_ADP _NOUN_ _VERB_,22389208
на _NOUN_ .,22353039
на _NOUN_ ._.,22353030
на_ADP _NOUN_ .,22346337
на_ADP _NOUN_ ._.,22346328
и _NOUN_ .,22158558
и _NOUN_ ._.,22158530
_START_ _VERB_ _._,22042027
с _NOUN_ _NOUN_,21609601
с_ADP _NOUN_ _NOUN_,21591560
_START_ _._ _CONJ_,21486208
не_PRT _VERB_ _VERB_,21206641
не _VERB_ _VERB_,21206641
и _ADP_ _NOUN_,21200453
и_CONJ _NOUN_ .,21112952
и_CONJ _NOUN_ ._.,21112935
_START_ -- _CONJ_,20707526
_START_ --_. _CONJ_,20707526
и_CONJ _VERB_ _._,20643569
_VERB_ _NOUN_ _ADV_,20562584
_START_ _._ _PRT_,20558518
_START_ -- _PRT_,20399788
_START_ --_. _PRT_,20399788
_VERB_ !_. _END_,20018558
_VERB_ ! _END_,20018558
"_VERB_ _ADV_ ,",19807256
"_VERB_ _ADV_ ,_.",19807230
_START_ _ADV_ _VERB_,19304394
_VERB_ _ADV_ _ADJ_,18925083
_START_ _NUM_ ._.,18811802
_START_ _NUM_ .,18811802
не _VERB_ _ADP_,18676699
не_PRT _VERB_ _ADP_,18676699
_START_ В _NOUN_,18366077
_START_ В_ADP _NOUN_,18364183
в _NOUN_ _ADP_,17474337
в_ADP _NOUN_ _ADP_,17474123
и _ADV_ _VERB_,16961347
по _NOUN_ _._,16853575
по_ADP _NOUN_ _._,16852860
_START_ _VERB_ _ADP_,16696920
"_VERB_ _ADJ_ ,",16628488
"_VERB_ _ADJ_ ,_.",16628486
_START_ _CONJ_ _ADV_,16610702
¿ _X_ _X_,16536992
¿_X _X_ _X_,16521239
и _NOUN_ _ADJ_,16381243
и_CONJ _ADP_ _NOUN_,16259779
_VERB_ _._ _ADP_,16256746
с _NOUN_ _VERB_,16121453
с_ADP _NOUN_ _VERB_,16121006
его _NOUN_ _._,16084567
его_NOUN _NOUN_ _._,16084567
_START_ _CONJ_ _PRT_,16042260
"_START_ _VERB_ ,",15856848
"_START_ _VERB_ ,_.",15856848
и_CONJ _ADV_ _VERB_,15800506
"с _NOUN_ ,_.",15695891
"с _NOUN_ ,",15695891
"с_ADP _NOUN_ ,_.",15695465
"с_ADP _NOUN_ ,",15695465
за _NOUN_ _._,15638012
за_ADP _NOUN_ _._,15638012
_VERB_ _._ _ADJ_,15494405
_START_ _NOUN_ .,15480991
_START_ _NOUN_ ._.,15480989
и_CONJ _NOUN_ _ADJ_,15390913
_VERB_ _ADV_ _ADV_,15246626
"_VERB_ , _._",14968244
"_VERB_ ,_. _._",14968244
и _NOUN_ _ADP_,14817296
"_VERB_ , --",14725226
"_VERB_ ,_. --",14725226
"_VERB_ , --_.",14725226
"_VERB_ ,_. --_.",14725226
_VERB_ _ADV_ _ADP_,14542773
на _NOUN_ _ADJ_,14527850
на_ADP _NOUN_ _ADJ_,14526230
и _ADJ_ _._,14436464
_START_ Я_NOUN _VERB_,14363384
_START_ Я _VERB_,14363384
_VERB_ _ADV_ _VERB_,14269267
от _NOUN_ _._,14261494
от_ADP _NOUN_ _._,14260856
_START_ _ADV_ _ADV_,14110495
и_CONJ _NOUN_ _ADP_,13948625
_VERB_ _._ как,13908337
по _NOUN_ _NOUN_,13846356
по_ADP _NOUN_ _NOUN_,13816881
по _ADJ_ _NOUN_,13814092
по_ADP _ADJ_ _NOUN_,13813333
_START_ В_ADP _ADJ_,13800385
_START_ В _ADJ_,13800385
из_ADP _NOUN_ _._,13683289
из _NOUN_ _._,13683289
_VERB_ _ADV_ .,13620036
_VERB_ _ADV_ ._.,13620013
_VERB_ _._ и,13594370
"_VERB_ ,_. как",13572278
"_VERB_ , как",13572278
_VERB_ _._ и_CONJ,13553371
В _ADJ_ _NOUN_,13322548
В_ADP _ADJ_ _NOUN_,13320701
к _ADJ_ _NOUN_,13263110
_START_ _CONJ_ _VERB_,13262887
к_ADP _ADJ_ _NOUN_,13262715
на _NOUN_ _VERB_,13046979
на_ADP _NOUN_ _VERB_,13040620
не _VERB_ _ADJ_,12878373
не_PRT _VERB_ _ADJ_,12878372
_START_ _._ _ADJ_,12875704
о _NOUN_ _._,12776959
о_ADP _NOUN_ _._,12776255
"_VERB_ , _ADP_",12762994
"_VERB_ ,_. _ADP_",12762994
и_CONJ _ADJ_ _._,12702591
_VERB_ _ADP_ _NUM_,12627380
_START_ Он _VERB_,12617161
_START_ Он_NOUN _VERB_,12617161
и _VERB_ _ADJ_,12577032
"к _NOUN_ ,",12407088
"к _NOUN_ ,_.",12407088
"к_ADP _NOUN_ ,_.",12406938
"к_ADP _NOUN_ ,",12406938
"_VERB_ ,_. и",12397712
"_VERB_ , и",12397712
"_VERB_ ,_. и_CONJ",12397220
"_VERB_ , и_CONJ",12397220
из _ADJ_ _NOUN_,12335769
из_ADP _ADJ_ _NOUN_,12335769
_VERB_ _._ _PRT_,12330791
_VERB_ _._ как_CONJ,12251438
в _NOUN_ _CONJ_,12195776
в_ADP _NOUN_ _CONJ_,12195497
к _NOUN_ _NOUN_,12177923
к_ADP _NOUN_ _NOUN_,12155377
_VERB_ _ADV_ _NOUN_,12154370
и _PRT_ _VERB_,12109210
"_VERB_ , как_CONJ",12098465
"_VERB_ ,_. как_CONJ",12098465
_START_ _NUM_ _NOUN_,12014098
в _ADJ_ _ADJ_,11961078
в_ADP _ADJ_ _ADJ_,11961008
_START_ _._ _ADP_,11944164
_START_ --_. _ADJ_,11889800
_START_ -- _ADJ_,11889800
_START_ _ADJ_ _ADJ_,11843254
что _ADP_ _NOUN_,11787305
"_VERB_ , _ADJ_",11686526
"_VERB_ ,_. _ADJ_",11686526
в _NUM_ _NOUN_,11610484
в_ADP _NUM_ _NOUN_,11610447
_START_ _NOUN_ _NUM_,11532206
_VERB_ _ADJ_ .,11524989
_VERB_ _ADJ_ ._.,11524456
с _NOUN_ .,11520400
с _NOUN_ ._.,11520400
с_ADP _NOUN_ ._.,11519867
с_ADP _NOUN_ .,11519867
¾ _X_ _X_,11387810
¾_X _X_ _X_,11384308
что_CONJ _ADP_ _NOUN_,11281849
и_CONJ _VERB_ _ADJ_,11213520
_VERB_ _._ а,11173169
_VERB_ _._ а_CONJ,11168340
_START_ _NOUN_ не,11137052
_START_ _NOUN_ не_PRT,11136843
_START_ _CONJ_ _CONJ_,11058975
_START_ -- _ADP_,11054085
_START_ --_. _ADP_,11054085
_START_ _CONJ_ _ADP_,10997585
_VERB_ _CONJ_ _NOUN_,10864971
что _ADJ_ _NOUN_,10789996
_START_ _NOUN_ _CONJ_,10771169
на _NOUN_ _ADP_,10736177
на_ADP _NOUN_ _ADP_,10731802
"и _VERB_ ,_.",10730977
"и _VERB_ ,",10730977
"_VERB_ ,_. а",10697793
"_VERB_ , а",10697793
"_VERB_ , а_CONJ",10697662
"_VERB_ ,_. а_CONJ",10697662
для_ADP _NOUN_ _NOUN_,10628711
для _NOUN_ _NOUN_,10628711
_START_ _PRT_ _VERB_,10590518
в _NOUN_ и,10578290
в_ADP _NOUN_ и,10578058
что _NOUN_ _NOUN_,10532274
_START_ _VERB_ _ADJ_,10499190
в _NOUN_ и_CONJ,10483606
в_ADP _NOUN_ и_CONJ,10483379
что_CONJ _ADJ_ _NOUN_,10481017
и _ADP_ _ADJ_,10423820
_START_ _X_ _X_,10336116
и не _VERB_,10285037
и не_PRT _VERB_,10285037
что_CONJ _NOUN_ _NOUN_,10266732
для _NOUN_ _._,10242453
для_ADP _NOUN_ _._,10242453
_VERB_ _NOUN_ _PRT_,10110997
_START_ _._ Я_NOUN,9955024
_START_ _._ Я,9955024
_START_ -- Я,9896992
_START_ --_. Я_NOUN,9896519
_START_ -- Я_NOUN,9896519
_START_ --_. Я,9896519
"_VERB_ , _PRT_",9885087
"_VERB_ ,_. _PRT_",9885087
от _ADJ_ _NOUN_,9881853
от_ADP _ADJ_ _NOUN_,9881138
_START_ _ADJ_ _._,9847811
к _NOUN_ .,9615763
к _NOUN_ ._.,9615696
к_ADP _NOUN_ .,9615627
к_ADP _NOUN_ ._.,9615560
_START_ _CONJ_ _ADJ_,9606733
_VERB_ :_. _._,9466441
_VERB_ : _._,9466441
я_NOUN _VERB_ _._,9378029
я _VERB_ _._,9378029
с _NOUN_ _ADP_,9292581
с_ADP _NOUN_ _ADP_,9292388
как _NOUN_ _VERB_,9251913
у _NOUN_ _VERB_,9237813
у_ADP _NOUN_ _VERB_,9237813
_VERB_ _._ но,9235894
_VERB_ _._ но_CONJ,9235894
и _ADJ_ _ADJ_,9126819
"_VERB_ , но_CONJ",9073536
"_VERB_ , но",9073536
"_VERB_ ,_. но_CONJ",9073536
"_VERB_ ,_. но",9073536
"и_CONJ _VERB_ ,_.",9022326
"и_CONJ _VERB_ ,",9022326
_START_ _._ А,9018844
на _NOUN_ _CONJ_,9002440
на_ADP _NOUN_ _CONJ_,8999942
_START_ -- А,8976075
_START_ --_. А,8975801
из _NOUN_ _NOUN_,8917573
из_ADP _NOUN_ _NOUN_,8917573
"о _NOUN_ ,",8821873
"о _NOUN_ ,_.",8821873
"о_ADP _NOUN_ ,",8821546
"о_ADP _NOUN_ ,_.",8821546
_VERB_ :_. --_.,8788282
_VERB_ : --_.,8788282
_VERB_ : --,8788282
_VERB_ :_. --,8788282
_START_ Но_CONJ _NOUN_,8769642
_START_ Но _NOUN_,8769642
как_CONJ _NOUN_ _VERB_,8730769
и _VERB_ _VERB_,8726442
_START_ _ADV_ _PRT_,8687097
_START_ И_CONJ _NOUN_,8679088
_START_ И _NOUN_,8679088
о _NOUN_ _NOUN_,8666204
о_ADP _NOUN_ _NOUN_,8651709
от _NOUN_ _NOUN_,8639599
от_ADP _NOUN_ _NOUN_,8631206
и _VERB_ .,8626491
и _VERB_ ._.,8626490
_VERB_ :_. _NOUN_,8614981
_VERB_ : _NOUN_,8614981
как _NOUN_ _._,8508654
ее _NOUN_ _._,8492519
ее_NOUN _NOUN_ _._,8492519
_START_ _._ А_CONJ,8480807
"по _NOUN_ ,",8449227
"по _NOUN_ ,_.",8449227
"по_ADP _NOUN_ ,",8448939
"по_ADP _NOUN_ ,_.",8448939
_START_ -- А_CONJ,8442462
_START_ --_. А_CONJ,8442462
с _NOUN_ _ADJ_,8360218
с_ADP _NOUN_ _ADJ_,8360013
В _NOUN_ _NOUN_,8318412
как_CONJ _NOUN_ _._,8313702
В_ADP _NOUN_ _NOUN_,8291416
_START_ _PRT_ _NOUN_,8254845
и_CONJ _ADJ_ _ADJ_,8158184
и_CONJ _PRT_ _VERB_,7909649
_VERB_ _ADJ_ _CONJ_,7885628
у_ADP _NOUN_ _NOUN_,7869617
у _NOUN_ _NOUN_,7869617
_START_ _ADV_ _ADJ_,7845808
на _NOUN_ и,7829917
на_ADP _NOUN_ и,7827946
и_CONJ _ADP_ _ADJ_,7817667
на _NOUN_ и_CONJ,7786639
на_ADP _NOUN_ и_CONJ,7784671
_START_ _ADV_ _ADP_,7772733
том _._ _CONJ_,7735772
том_NOUN _._ _CONJ_,7735636
не_PRT _VERB_ _PRT_,7732459
не _VERB_ _PRT_,7732459
"том , _CONJ_",7730326
"том ,_. _CONJ_",7730326
"том_NOUN , _CONJ_",7730196
"том_NOUN ,_. _CONJ_",7730196
и _VERB_ в,7694625
_START_ А_CONJ _NOUN_,7686056
_START_ А _NOUN_,7686056
я _PRT_ _VERB_,7683600
я_NOUN _PRT_ _VERB_,7683593
и_CONJ _VERB_ _VERB_,7677181
я _VERB_ _NOUN_,7674976
я_NOUN _VERB_ _NOUN_,7674974
он _VERB_ _NOUN_,7666880
он_NOUN _VERB_ _NOUN_,7666880
_START_ _._ _END_,7665126
когда _NOUN_ _VERB_,7661459
и _VERB_ в_ADP,7653904
о _ADJ_ _NOUN_,7603932
о_ADP _ADJ_ _NOUN_,7603679
когда_CONJ _NOUN_ _VERB_,7589631
у _NOUN_ _._,7557323
у_ADP _NOUN_ _._,7557323
для_ADP _ADJ_ _NOUN_,7551389
для _ADJ_ _NOUN_,7551389
"за _NOUN_ ,",7527893
"за _NOUN_ ,_.",7527893
"за_ADP _NOUN_ ,",7527893
"за_ADP _NOUN_ ,_.",7527893
что _VERB_ _NOUN_,7439292
не _NOUN_ _._,7407044
не_PRT _NOUN_ _._,7405315
_START_ На _NOUN_,7390181
за_ADP _NOUN_ _NOUN_,7389496
за _NOUN_ _NOUN_,7389496
_START_ На_ADP _NOUN_,7387144
_START_ _X_ _._,7356026
он_NOUN _VERB_ _ADP_,7326557
он _VERB_ _ADP_,7326557
_START_ _VERB_ _VERB_,7299252
то _._ _CONJ_,7244310
не _ADP_ _NOUN_,7243060
не_PRT _ADP_ _NOUN_,7242862
"от _NOUN_ ,_.",7228482
"от _NOUN_ ,",7228482
"от_ADP _NOUN_ ,",7228245
"от_ADP _NOUN_ ,_.",7228245
"то , _CONJ_",7220264
"то ,_. _CONJ_",7218742
_START_ Не _VERB_,7192820
_START_ Не_PRT _VERB_,7192820
_VERB_ _NOUN_ :,7148081
_VERB_ _NOUN_ :_.,7148081
за _ADJ_ _NOUN_,7100562
за_ADP _ADJ_ _NOUN_,7100562
и_CONJ _VERB_ в,7082066
и_CONJ _VERB_ в_ADP,7051258
и_CONJ _VERB_ .,7021172
и_CONJ _VERB_ ._.,7021171
его _NOUN_ .,7009927
его_NOUN _NOUN_ .,7009927
его_NOUN _NOUN_ ._.,7009926
его _NOUN_ ._.,7009926
"из_ADP _NOUN_ ,",6922774
"из _NOUN_ ,_.",6922774
"из _NOUN_ ,",6922774
"из_ADP _NOUN_ ,_.",6922774
то_NOUN _._ _CONJ_,6878453
и _VERB_ _ADV_,6874888
"то_NOUN ,_. _CONJ_",6861853
"то_NOUN , _CONJ_",6861853
_START_ _NOUN_ и,6789596
_VERB_ _ADJ_ и,6784440
_VERB_ _ADJ_ и_CONJ,6766402
_START_ _ADP_ _NUM_,6749297
и _ADV_ _._,6718765
_START_ _._ Да,6701634
_VERB_ _ADJ_ _ADP_,6698369
что _NOUN_ _ADJ_,6683355
_START_ -- Да,6681684
_START_ --_. Да,6681456
до _NOUN_ _._,6662555
до_ADP _NOUN_ _._,6661628
то _._ что,6661097
"то , что",6656315
я _VERB_ _ADP_,6655950
я_NOUN _VERB_ _ADP_,6655949
"то ,_. что",6655425
"его_NOUN _NOUN_ ,",6641017
"его _NOUN_ ,",6641017
"его _NOUN_ ,_.",6641017
"его_NOUN _NOUN_ ,_.",6641017
их _NOUN_ _._,6624507
их_NOUN _NOUN_ _._,6624507
как _ADJ_ _NOUN_,6619763
¼ _X_ _X_,6618990
¼_X _X_ _X_,6603602
_START_ _CONJ_ _._,6598890
он_NOUN _VERB_ _._,6594849
он _VERB_ _._,6594849
_START_ Она_NOUN _VERB_,6593622
_START_ Она _VERB_,6593622
как_CONJ _ADJ_ _NOUN_,6585825
_VERB_ _NOUN_ --,6534098
_VERB_ _NOUN_ --_.,6534098
что_CONJ _NOUN_ _ADJ_,6504211
том _._ что,6440371
том_NOUN _._ что,6440279
"том , что",6438460
"том ,_. что",6437908
"том_NOUN , что",6437817
"том_NOUN ,_. что",6437817
"того , _CONJ_",6413673
то_NOUN _._ что,6377899
"то_NOUN , что",6373541
"то_NOUN ,_. что",6373541
"и _ADJ_ ,",6302576
"и _ADJ_ ,_.",6302575
того _._ _CONJ_,6300433
того_NOUN _._ _CONJ_,6299159
"того ,_. _CONJ_",6287234
"того_NOUN , _CONJ_",6285966
"того_NOUN ,_. _CONJ_",6285966
что _NOUN_ _ADV_,6284844
_VERB_ _NOUN_ ?_.,6271467
_VERB_ _NOUN_ ?,6271467
то _._ что_CONJ,6233049
"то , что_CONJ",6230457
"то ,_. что_CONJ",6230457
том _._ что_CONJ,6223651
том_NOUN _._ что_CONJ,6223563
"том , что_CONJ",6222079
"том ,_. что_CONJ",6222079
"том_NOUN , что_CONJ",6221992
"том_NOUN ,_. что_CONJ",6221992
с _NOUN_ _CONJ_,6217681
с_ADP _NOUN_ _CONJ_,6217492
_VERB_ _ADP_ него,6217235
_VERB_ _ADP_ него_NOUN,6217235
его_NOUN _ADJ_ _NOUN_,6204365
его _ADJ_ _NOUN_,6204365
что _NOUN_ _PRT_,6201781
и_CONJ не _VERB_,6190162
и_CONJ не_PRT _VERB_,6190162
_VERB_ _ADP_ _VERB_,6177720
и_CONJ _VERB_ _ADV_,6168907
_START_ _._ Да_PRT,6167022
_START_ --_. Да_PRT,6152464
_START_ -- Да_PRT,6152464
_START_ _NOUN_ --_.,6132551
_START_ _NOUN_ --,6132551
что_CONJ _NOUN_ _PRT_,6091963
что_CONJ _NOUN_ _ADV_,6089921
не _VERB_ _ADV_,6074823
не_PRT _VERB_ _ADV_,6074820
и _ADV_ _ADV_,6074463
и _NOUN_ _ADV_,6054895
Я _VERB_ _._,6044933
Я_NOUN _VERB_ _._,6044933
_START_ _NOUN_ и_CONJ,6041741
для_ADP _NOUN_ _ADJ_,6032448
для _NOUN_ _ADJ_,6032448
на _NUM_ _NOUN_,6031092
на_ADP _NUM_ _NOUN_,6029837
"_START_ _ADJ_ ,",5994490
"_START_ _ADJ_ ,_.",5994484
или_CONJ _ADJ_ _NOUN_,5985254
или _ADJ_ _NOUN_,5985254
"я_NOUN _VERB_ ,",5977001
"я _VERB_ ,_.",5977001
"я_NOUN _VERB_ ,_.",5977001
"я _VERB_ ,",5977001
то_NOUN _._ что_CONJ,5975949
"то_NOUN , что_CONJ",5973790
"то_NOUN ,_. что_CONJ",5973790
_VERB_ _._ не,5966876
или_CONJ _NOUN_ _._,5960206
или _NOUN_ _._,5960206
_START_ И _ADV_,5947740
_START_ И_CONJ _ADV_,5947740
_VERB_ _._ не_PRT,5914647
а _ADP_ _NOUN_,5905136
а_CONJ _ADP_ _NOUN_,5904385
_START_ _VERB_ _ADV_,5887557
не _ADJ_ _._,5854972
не_PRT _ADJ_ _._,5854865
_VERB_ _._ «,5842417
_START_ У_ADP _NOUN_,5841372
_START_ У _NOUN_,5841372
»_X _X_ _X_,5829301
_START_ _VERB_ _PRT_,5809220
и_CONJ _ADV_ _ADV_,5739082
по _NOUN_ .,5697146
по _NOUN_ ._.,5697144
по_ADP _NOUN_ .,5696883
по_ADP _NOUN_ ._.,5696881
и_CONJ _NOUN_ _ADV_,5637057
_START_ _NOUN_ в,5603178
Я_NOUN _VERB_ _NOUN_,5584594
Я _VERB_ _NOUN_,5584594
что_CONJ _VERB_ _NOUN_,5560914
_START_ _NOUN_ в_ADP,5550107
за_ADP _NOUN_ .,5535708
за _NOUN_ .,5535708
за_ADP _NOUN_ ._.,5535706
за _NOUN_ ._.,5535706
½ _X_ _X_,5522334
½_X _X_ _X_,5512117
и_CONJ _ADV_ _._,5510722
это _NOUN_ _._,5508706
и _VERB_ на,5497859
и _VERB_ на_ADP,5495297
"и_CONJ _ADJ_ ,",5478654
"и_CONJ _ADJ_ ,_.",5478653
сказал_VERB _NOUN_ _._,5470303
сказал _NOUN_ _._,5470303
_START_ ! _END_,5463549
_START_ !_. _END_,5462890
_VERB_ _._ чтобы,5442505
_VERB_ _._ чтобы_CONJ,5442505
_VERB_ _CONJ_ _ADJ_,5434202
с _NOUN_ и,5423032
с_ADP _NOUN_ и,5422878
_START_ _ADJ_ _VERB_,5422275
и _ADJ_ .,5417262
и _ADJ_ ._.,5417013
с _NOUN_ и_CONJ,5416099
с_ADP _NOUN_ и_CONJ,5415948
"_VERB_ , чтобы_CONJ",5395058
"_VERB_ ,_. чтобы_CONJ",5395058
"_VERB_ , чтобы",5395058
"_VERB_ ,_. чтобы",5395058
"как _NOUN_ ,_.",5362965
"как _NOUN_ ,",5362965
_VERB_ _._ «_NOUN,5330386
же _NOUN_ _._,5325846
же_PRT _NOUN_ _._,5325608
что _VERB_ _._,5324282
_VERB_ _ADP_ _ADP_,5321979
при _NOUN_ _NOUN_,5306454
при_ADP _NOUN_ _NOUN_,5306443
что _VERB_ _ADP_,5296921
"как_CONJ _NOUN_ ,_.",5256226
"как_CONJ _NOUN_ ,",5256226
по _ADV_ _ADV_,5246364
и _NOUN_ _PRT_,5242092
"для_ADP _NOUN_ ,",5235146
"для_ADP _NOUN_ ,_.",5235146
"для _NOUN_ ,",5235146
"для _NOUN_ ,_.",5235146
по_ADV _ADV_ _ADV_,5232985
Не_PRT _VERB_ _._,5228075
Не _VERB_ _._,5228075
_START_ _PRT_ _._,5211392
на _ADJ_ _ADJ_,5169310
на_ADP _ADJ_ _ADJ_,5169264
не _ADV_ _._,5152963
и в_ADP _NOUN_,5142916
и в _NOUN_,5142916
"_VERB_ , не",5142620
"_VERB_ ,_. не",5142620
по _NOUN_ _ADJ_,5141132
по_ADP _NOUN_ _ADJ_,5140929
_VERB_ :_. «,5131655
_VERB_ : «,5131655
от _NOUN_ ._.,5118475
от _NOUN_ .,5118475
от_ADP _NOUN_ .,5118286
от_ADP _NOUN_ ._.,5118286
он _PRT_ _VERB_,5107565
он_NOUN _PRT_ _VERB_,5107565
и_CONJ _VERB_ на,5099195
и_CONJ _VERB_ на_ADP,5096861
к _NOUN_ _ADJ_,5095003
к_ADP _NOUN_ _ADJ_,5094684
"_VERB_ ,_. не_PRT",5091413
"_VERB_ , не_PRT",5091413
а _NOUN_ _VERB_,5052227
а_CONJ _NOUN_ _VERB_,5049757
как _ADP_ _NOUN_,5024690
_VERB_ _NOUN_ _NUM_,5010411
_VERB_ _NOUN_ за,5004393
как_CONJ _ADP_ _NOUN_,5003425
его_NOUN _ADP_ _NOUN_,4998668
его _ADP_ _NOUN_,4998668
_VERB_ _NOUN_ за_ADP,4997680
из_ADP _NOUN_ _VERB_,4985821
из _NOUN_ _VERB_,4985821
в _ADJ_ _._,4985246
в_ADP _ADJ_ _._,4985239
Я_NOUN _PRT_ _VERB_,4984351
Я _PRT_ _VERB_,4984351
у _NOUN_ _ADP_,4974381
у_ADP _NOUN_ _ADP_,4974381
в _NOUN_ _PRT_,4948181
в_ADP _NOUN_ _PRT_,4948125
и_PRT _ADP_ _NOUN_,4940558
о том _._,4893254
о том_NOUN _._,4893254
о_ADP том_NOUN _._,4893147
о_ADP том _._,4893147
_START_ « _NOUN_,4890662
я не_PRT _VERB_,4882057
я_NOUN не _VERB_,4882057
я_NOUN не_PRT _VERB_,4882057
я не _VERB_,4882057
к _NOUN_ _ADP_,4874307
к_ADP _NOUN_ _ADP_,4874273
_START_ Я _PRT_,4858716
_START_ Я_NOUN _PRT_,4858716
"о том ,",4856678
"о том ,_.",4856071
"о том_NOUN ,",4856071
"о том_NOUN ,_.",4856071
"о_ADP том ,_.",4855965
"о_ADP том_NOUN ,",4855965
"о_ADP том_NOUN ,_.",4855965
"о_ADP том ,",4855965
до _ADJ_ _NOUN_,4843392
до_ADP _ADJ_ _NOUN_,4842558
и_CONJ _ADJ_ .,4841690
и_CONJ _ADJ_ ._.,4841480
_START_ _._ Не,4810500
_START_ _._ Не_PRT,4810439
_START_ А _ADV_,4777934
_START_ А_CONJ _ADV_,4777932
_START_ -- Не,4775774
_START_ --_. Не,4775660
_START_ --_. Не_PRT,4775613
_START_ -- Не_PRT,4775613
его_NOUN _NOUN_ _VERB_,4774610
его _NOUN_ _VERB_,4774610
"_START_ _CONJ_ ,",4774112
чтобы _VERB_ _NOUN_,4773973
чтобы_CONJ _VERB_ _NOUN_,4773967
_START_ _PRT_ _ADV_,4768551
На _ADJ_ _NOUN_,4752132
На_ADP _ADJ_ _NOUN_,4751741
без _NOUN_ _._,4745523
без_ADP _NOUN_ _._,4745520
_VERB_ : «_NOUN,4745308
_VERB_ :_. «_NOUN,4745308
что _NOUN_ _ADP_,4739053
как _NOUN_ _NOUN_,4730997
"_START_ _CONJ_ ,_.",4729040
не_PRT _ADV_ _._,4718702
из_ADP _NOUN_ ._.,4704868
из_ADP _NOUN_ .,4704868
из _NOUN_ .,4704868
из _NOUN_ ._.,4704868
_VERB_ _._ я,4698155
_VERB_ _._ я_NOUN,4698099
не _ADJ_ _NOUN_,4693920
не_PRT _ADJ_ _NOUN_,4693849
не_PRT _VERB_ в,4692765
не _VERB_ в,4692765
ничего _PRT_ _VERB_,4675094
ничего_NOUN _PRT_ _VERB_,4674098
ничего не _VERB_,4663742
ничего не_PRT _VERB_,4663742
ничего_NOUN не _VERB_,4662836
ничего_NOUN не_PRT _VERB_,4662836
_START_ _VERB_ _NUM_,4658994
не _VERB_ в_ADP,4645776
не_PRT _VERB_ в_ADP,4645776
_START_ _NUM_ ),4645174
_START_ _NUM_ )_.,4645174
в _NOUN_ _ADV_,4643102
в_ADP _NOUN_ _ADV_,4643057
что_CONJ _NOUN_ _ADP_,4635287
и_CONJ _NOUN_ _PRT_,4615689
Ã _X_ _X_,4603935
Ã_X _X_ _X_,4603044
это _VERB_ _._,4593173
это_NOUN _VERB_ _._,4592587
как_CONJ _NOUN_ _NOUN_,4588735
_VERB_ _CONJ_ _ADV_,4578760
_START_ _._ Ты,4577355
_START_ _._ Ты_NOUN,4577355
_START_ -- Ты,4566741
_START_ -- Ты_NOUN,4566650
_START_ --_. Ты_NOUN,4566650
_START_ --_. Ты,4566650
со _ADJ_ _NOUN_,4546773
со_ADP _ADJ_ _NOUN_,4546492
_VERB_ _NOUN_ !,4520669
_VERB_ _NOUN_ !_.,4520669
что _NOUN_ _._,4495183
_START_ На _ADJ_,4464578
_START_ На_ADP _ADJ_,4464578
_VERB_ _ADP_ себя,4462721
_VERB_ _ADP_ себя_NOUN,4462721
_START_ _._ Ну,4460908
_START_ -- Ну,4447553
_START_ --_. Ну,4447369
_START_ _._ _NUM_,4422579
я _._ _END_,4393931
я_NOUN _._ _END_,4393734
и _ADV_ _NOUN_,4376334
_VERB_ _ADV_ _PRT_,4370644
но _NOUN_ _VERB_,4362460
но_CONJ _NOUN_ _VERB_,4362460
в _NOUN_ _NUM_,4354503
в_ADP _NOUN_ _NUM_,4354445
все _VERB_ _._,4351160
_START_ _._ _X_,4326098
с _ADJ_ _ADJ_,4318973
с_ADP _ADJ_ _ADJ_,4311362
что_CONJ _NOUN_ _._,4311111
_VERB_ _ADV_ и,4299979
же _NOUN_ _VERB_,4289609
же_PRT _NOUN_ _VERB_,4289568
"Я_NOUN _VERB_ ,_.",4289027
"Я _VERB_ ,_.",4289027
"Я _VERB_ ,",4289027
"Я_NOUN _VERB_ ,",4289027
и _._ _VERB_,4283390
_START_ И_CONJ _PRT_,4280198
_START_ И _PRT_,4280198
он_NOUN _ADV_ _VERB_,4269666
он _ADV_ _VERB_,4269666
_START_ Это_NOUN _VERB_,4266870
_START_ Это _VERB_,4266870
_START_ _VERB_ в,4263848
_VERB_ _ADP_ том,4244058
_START_ «_NOUN _NOUN_,4240358
его_NOUN _VERB_ _._,4237984
его _VERB_ _._,4237984
_VERB_ _ADV_ _CONJ_,4237455
_START_ _._ Ну_ADV,4236270
"_VERB_ , я",4235726
"_VERB_ ,_. я",4235726
"_VERB_ , я_NOUN",4235688
"_VERB_ ,_. я_NOUN",4235688
и_PRT _VERB_ _._,4229424
и_CONJ _._ _VERB_,4229158
_START_ --_. Ну_ADV,4222973
_START_ -- Ну_ADV,4222973
В _NOUN_ _VERB_,4222465
В_ADP _NOUN_ _VERB_,4221371
по -_ADV _ADV_,4217122
по_ADV -_ADV _ADV_,4217122
по_ADV - _ADV_,4217122
по - _ADV_,4217122
_VERB_ ... _NOUN_,4201735
_VERB_ ..._. _NOUN_,4201727
только _ADP_ _NOUN_,4201653
и_PRT _PRT_ _VERB_,4199561
_START_ _VERB_ в_ADP,4197900
что _ADP_ _ADJ_,4197476
только_PRT _ADP_ _NOUN_,4197344
к _NOUN_ _VERB_,4181832
к_ADP _NOUN_ _VERB_,4181527
Á _X_ _X_,4167108
"_START_ _PRT_ ,_.",4165634
"_START_ _PRT_ ,",4165634
Á_X _X_ _X_,4165160
_START_ При _NOUN_,4151203
_START_ При_ADP _NOUN_,4151203
я _ADV_ _VERB_,4130748
я_NOUN _ADV_ _VERB_,4130748
Он_NOUN _VERB_ _NOUN_,4123406
Он _VERB_ _NOUN_,4123406
в _ADP_ _NOUN_,4119801
в_ADP _ADP_ _NOUN_,4118546
_START_ _NOUN_ с,4117639
_START_ _NOUN_ с_ADP,4107412
и_PRT не _VERB_,4094875
и_PRT не_PRT _VERB_,4094875
_VERB_ _ADP_ меня,4091555
_VERB_ _ADP_ меня_NOUN,4091555
во _ADJ_ _NOUN_,4091399
во_ADP _ADJ_ _NOUN_,4091057
что_CONJ _ADP_ _ADJ_,4081419
чтобы _NOUN_ _VERB_,4075164
чтобы_CONJ _NOUN_ _VERB_,4075131
_START_ Они_NOUN _VERB_,4075028
_START_ Они _VERB_,4075028
от _NUM_ _NOUN_,4074631
от_ADP _NUM_ _NOUN_,4074352
"и , _VERB_",4067325
"и ,_. _VERB_",4067325
_START_ _._ И,4064229
_START_ _._ И_CONJ,4056003
"и_CONJ , _VERB_",4039094
"и_CONJ ,_. _VERB_",4039094
_START_ _CONJ_ я,4031035
_START_ _CONJ_ я_NOUN,4030828
_START_ -- И,4025410
_START_ --_. И,4025129
"не _NOUN_ ,",4024289
"не _NOUN_ ,_.",4024289
"не_PRT _NOUN_ ,",4023324
"не_PRT _NOUN_ ,_.",4023324
своей _NOUN_ _._,4019599
своей_ADJ _NOUN_ _._,4019599
_START_ --_. И_CONJ,4017415
_START_ -- И_CONJ,4017415
под _NOUN_ _._,4013685
под_ADP _NOUN_ _._,4013685
_VERB_ _ADP_ ней,4007581
_VERB_ _ADP_ ней_NOUN,4007581
не _VERB_ _CONJ_,4007031
не_PRT _VERB_ _CONJ_,4007030
_START_ Если _NOUN_,4005531
_START_ Если_CONJ _NOUN_,4005531
это _ADJ_ _NOUN_,4002028
_START_ _ADP_ _ADP_,3998882
к _NOUN_ _CONJ_,3996942
к_ADP _NOUN_ _CONJ_,3996656
_START_ _NOUN_ же,3995260
_START_ _NOUN_ же_PRT,3995257
как _VERB_ _NOUN_,3986696
ты _VERB_ _._,3980017
ты_NOUN _VERB_ _._,3979850
_START_ _PRT_ _ADP_,3976469
и_CONJ в _NOUN_,3967555
и_CONJ в_ADP _NOUN_,3967555
_VERB_ --_. _NOUN_,3967049
_VERB_ -- _NOUN_,3967049
если_CONJ _NOUN_ _VERB_,3960199
если _NOUN_ _VERB_,3960199
и_PRT _ADJ_ _NOUN_,3947739
все_NOUN _VERB_ _._,3936435
и_CONJ _ADV_ _NOUN_,3919572
из_ADP _NOUN_ _ADJ_,3912246
из _NOUN_ _ADJ_,3912246
я . _END_,3896660
я ._. _END_,3896493
я_NOUN ._. _END_,3896439
я_NOUN . _END_,3896439
и _NOUN_ в,3890103
и _ADV_ _ADJ_,3874250
что _NOUN_ не,3868196
что _NOUN_ не_PRT,3868136
нет _._ _END_,3861209
и _NOUN_ в_ADP,3857773
и в_ADP _ADJ_,3854888
и в _ADJ_,3854888
я _VERB_ _VERB_,3852653
я_NOUN _VERB_ _VERB_,3852651
_VERB_ _ADP_ его,3844960
_VERB_ _ADP_ его_NOUN,3844960
все _ADJ_ _NOUN_,3839321
_START_ Для _NOUN_,3839314
_START_ Для_ADP _NOUN_,3839314
ее_NOUN _NOUN_ .,3835790
ее _NOUN_ .,3835790
ее_NOUN _NOUN_ ._.,3835788
ее _NOUN_ ._.,3835788
_VERB_ _NOUN_ «,3833190
_START_ » _._,3830180
_VERB_ _._ в,3827522
_VERB_ _ADP_ ним_NOUN,3826739
_VERB_ _ADP_ ним,3826739
это_NOUN _ADJ_ _NOUN_,3824132
что_CONJ _NOUN_ не,3811024
что_CONJ _NOUN_ не_PRT,3810971
все _NOUN_ _._,3807569
Я_NOUN _VERB_ _ADP_,3804674
Я _VERB_ _ADP_,3804674
"он _VERB_ ,_.",3800175
"он_NOUN _VERB_ ,",3800175
"он_NOUN _VERB_ ,_.",3800175
"он _VERB_ ,",3800175
_START_ _._ Что,3799460
все_ADJ _NOUN_ _._,3798268
это_NOUN _NOUN_ _._,3797289
_START_ _._ Что_NOUN,3791713
_START_ По _NOUN_,3789717
_START_ По_ADP _NOUN_,3788811
нет_VERB _._ _END_,3786311
по _NOUN_ _ADP_,3778188
по_ADP _NOUN_ _ADP_,3778082
_START_ -- Что,3767001
_START_ --_. Что,3766959
_START_ -- Что_NOUN,3760399
_START_ --_. Что_NOUN,3760399
_START_ И_CONJ _VERB_,3752443
_START_ И _VERB_,3752443
у_ADP _NOUN_ _ADJ_,3747973
у _NOUN_ _ADJ_,3747973
_START_ _CONJ_ что,3747069
он_NOUN _._ _END_,3744457
он _._ _END_,3744457
что _PRT_ _VERB_,3737568
_START_ Когда_CONJ _NOUN_,3729280
_START_ Когда _NOUN_,3729280
_START_ _PRT_ _PRT_,3723265
_VERB_ _ADP_ том_NOUN,3721653
И _NOUN_ _VERB_,3719407
_START_ _NOUN_ был,3716817
_START_ _NOUN_ был_VERB,3716817
И_CONJ _NOUN_ _VERB_,3716383
никогда_ADV _PRT_ _VERB_,3715132
никогда _PRT_ _VERB_,3715132
никогда не _VERB_,3710532
никогда не_PRT _VERB_,3710532
никогда_ADV не_PRT _VERB_,3710532
никогда_ADV не _VERB_,3710532
за _NOUN_ _VERB_,3703792
за_ADP _NOUN_ _VERB_,3703792
и_CONJ _NOUN_ в,3703153
по _NOUN_ _VERB_,3700525
по_ADP _NOUN_ _VERB_,3700380
_VERB_ _ADJ_ _VERB_,3680059
у _ADJ_ _NOUN_,3673503
у_ADP _ADJ_ _NOUN_,3673493
и_CONJ _NOUN_ в_ADP,3672314
"у _NOUN_ ,",3659981
"у_ADP _NOUN_ ,_.",3659981
"у _NOUN_ ,_.",3659981
"у_ADP _NOUN_ ,",3659981
что_CONJ _VERB_ _ADP_,3659238
все _NOUN_ _VERB_,3636659
он _VERB_ _ADJ_,3629359
он_NOUN _VERB_ _ADJ_,3629359
до _NOUN_ _NOUN_,3616964
она_NOUN _VERB_ _ADP_,3616555
она _VERB_ _ADP_,3616555
до_ADP _NOUN_ _NOUN_,3605917
к _NOUN_ и,3603683
к_ADP _NOUN_ и,3603632
ни _ADP_ _NOUN_,3603211
_START_ _._ Это,3599935
_START_ _._ Это_NOUN,3599855
она_NOUN _VERB_ _NOUN_,3588868
она _VERB_ _NOUN_,3588868
_VERB_ _ADV_ и_CONJ,3587531
и_PRT _NOUN_ _._,3581285
все_ADJ _NOUN_ _VERB_,3579726
_VERB_ _NOUN_ для_ADP,3570149
_VERB_ _NOUN_ для,3570149
_VERB_ _ADP_ нее_NOUN,3566145
_VERB_ _ADP_ нее,3566145
_START_ -- Это,3564056
_START_ --_. Это,3563931
_START_ -- Это_NOUN,3563867
_START_ --_. Это_NOUN,3563867
_START_ -- _X_,3563148
_START_ --_. _X_,3563148
_VERB_ _._ в_ADP,3561531
к _NOUN_ и_CONJ,3557873
к_ADP _NOUN_ и_CONJ,3557836
а _NOUN_ _NOUN_,3556285
свою_ADJ _NOUN_ _._,3555414
свою _NOUN_ _._,3555414
№_NOUN _NUM_ _._,3553038
№ _NUM_ _._,3553038
_START_ _ADP_ этом,3549718
_VERB_ _NOUN_ ...,3546079
_VERB_ _NOUN_ ..._.,3546019
а _NOUN_ _._,3538065
он_NOUN _VERB_ _VERB_,3535551
он _VERB_ _VERB_,3535551
а_CONJ _NOUN_ _._,3533359
_START_ К _NOUN_,3518423
_START_ К_ADP _NOUN_,3515132
а_CONJ _NOUN_ _NOUN_,3506232
очень _ADJ_ _._,3502015
очень_ADV _ADJ_ _._,3502015
Â _X_ _X_,3496191
Â_X _X_ _X_,3496191
в том _._,3493575
в том_NOUN _._,3493514
в_ADP том _._,3493386
в_ADP том_NOUN _._,3493386
_VERB_ _ADP_ этом,3492607
и_CONJ _ADV_ _ADJ_,3487106
все_ADJ _ADJ_ _NOUN_,3476953
так _._ _CONJ_,3475875
так_ADV _._ _CONJ_,3475816
_START_ Я_NOUN _ADV_,3475249
_START_ Я _ADV_,3475249
на _NOUN_ _ADV_,3471262
при _ADJ_ _NOUN_,3470872
на_ADP _NOUN_ _ADV_,3470217
при_ADP _ADJ_ _NOUN_,3469940
со _NOUN_ _._,3468636
_VERB_ _._ когда,3468351
меня_NOUN _ADP_ _NOUN_,3467235
меня _ADP_ _NOUN_,3467235
со_ADP _NOUN_ _._,3467169
"в том ,",3465007
"в том ,_.",3464765
"в том_NOUN ,_.",3464706
"в том_NOUN ,",3464706
"в_ADP том ,_.",3464584
"в_ADP том_NOUN ,",3464584
"в_ADP том_NOUN ,_.",3464584
"в_ADP том ,",3464584
она _VERB_ _._,3453512
она_NOUN _VERB_ _._,3453512
_VERB_ ... _._,3452351
_VERB_ ..._. _._,3452351
а _ADJ_ _NOUN_,3449442
а_CONJ _ADJ_ _NOUN_,3446101
под_ADP _NOUN_ _NOUN_,3441222
под _NOUN_ _NOUN_,3441222
"ее_NOUN _NOUN_ ,",3431415
"ее _NOUN_ ,",3431415
"ее_NOUN _NOUN_ ,_.",3431415
"ее _NOUN_ ,_.",3431415
ни _NOUN_ _._,3431024
от _NOUN_ _VERB_,3428172
от_ADP _NOUN_ _VERB_,3427448
_START_ _CONJ_ в,3414404
_START_ _PRT_ _ADJ_,3414378
до _NUM_ _NOUN_,3413281
до_ADP _NUM_ _NOUN_,3411444
"так , _CONJ_",3406866
"так ,_. _CONJ_",3406043
"так_ADV , _CONJ_",3405998
"так_ADV ,_. _CONJ_",3405998
Он_NOUN _VERB_ _ADP_,3402994
Он _VERB_ _ADP_,3402994
что _ADV_ _VERB_,3400550
_START_ Но_CONJ _ADV_,3397985
_START_ Но _ADV_,3397985
_START_ 2_NUM _._,3397570
_START_ 2 _._,3397570
"_VERB_ , когда",3395187
"_VERB_ ,_. когда",3395187
он . _END_,3391745
он ._. _END_,3391607
он_NOUN . _END_,3391607
он_NOUN ._. _END_,3391607
о _NOUN_ _ADJ_,3385679
о_ADP _NOUN_ _ADJ_,3385576
_VERB_ ;_. _END_,3382419
_VERB_ ; _END_,3382419
_START_ _CONJ_ в_ADP,3354499
не _VERB_ и,3333879
не_PRT _VERB_ и,3333878
от _NOUN_ _ADJ_,3325786
от_ADP _NOUN_ _ADJ_,3325565
_VERB_ _._ то,3321128
от _NOUN_ _ADP_,3316944
от_ADP _NOUN_ _ADP_,3316526
μ _X_ _X_,3314698
они_NOUN _VERB_ _ADP_,3305441
они _VERB_ _ADP_,3305441
μ_X _X_ _X_,3304581
"и _ADV_ ,",3296243
"и _ADV_ ,_.",3296243
_START_ С _NOUN_,3276664
_START_ С_ADP _NOUN_,3273331
_VERB_ _._ когда_CONJ,3271251
более _ADJ_ _NOUN_,3268087
более_ADV _ADJ_ _NOUN_,3268085
так _VERB_ _._,3266371
так_ADV _VERB_ _._,3262802
Когда _NOUN_ _VERB_,3252414
_START_ Мы _VERB_,3241905
_START_ Мы_NOUN _VERB_,3241905
меня _VERB_ _._,3239869
меня_NOUN _VERB_ _._,3239869
"_VERB_ , когда_CONJ",3235216
"_VERB_ ,_. когда_CONJ",3235216
ее _ADP_ _NOUN_,3227608
ее_NOUN _ADP_ _NOUN_,3227608
уже _VERB_ _._,3224700
уже_PRT _VERB_ _._,3224557
в _NOUN_ с,3224013
в_ADP _NOUN_ с,3223969
в _NOUN_ с_ADP,3219413
в_ADP _NOUN_ с_ADP,3219369
не_PRT _VERB_ !,3219065
не_PRT _VERB_ !_.,3219065
не _VERB_ !,3219065
не _VERB_ !_.,3219065
_START_ _._ Нет,3216483
он_NOUN не _VERB_,3214902
он_NOUN не_PRT _VERB_,3214902
он не _VERB_,3214902
он не_PRT _VERB_,3214902
но _ADP_ _NOUN_,3213037
но_CONJ _ADP_ _NOUN_,3213037
как _VERB_ _._,3211994
и _NUM_ _NOUN_,3210678
как_CONJ _VERB_ _NOUN_,3210402
_START_ -- Нет,3205646
_START_ --_. Нет,3205575
_START_ Вернуться_VERB _NUM_,3197042
_START_ Вернуться _NUM_,3197042
своего _NOUN_ _._,3190759
своего_ADJ _NOUN_ _._,3190759
ее_NOUN _ADJ_ _NOUN_,3184584
ее _ADJ_ _NOUN_,3184584
"Не _VERB_ ,",3182720
"Не _VERB_ ,_.",3182720
"Не_PRT _VERB_ ,_.",3182720
"Не_PRT _VERB_ ,",3182720
_VERB_ ... --,3171807
_VERB_ ..._. --,3171807
_VERB_ ..._. --_.,3171807
_VERB_ ... --_.,3171807
для _NOUN_ ._.,3170685
для _NOUN_ .,3170685
для_ADP _NOUN_ .,3170685
для_ADP _NOUN_ ._.,3170685
что_CONJ _VERB_ _._,3156210
_VERB_ _ADP_ них,3152545
_VERB_ _ADP_ них_NOUN,3152545
мы_NOUN _VERB_ _ADP_,3148942
мы _VERB_ _ADP_,3148942
как _PRT_ _NOUN_,3148388
в этом _NOUN_,3144173
в_ADP этом _NOUN_,3144173
На _NOUN_ _NOUN_,3133074
а _ADV_ _VERB_,3126266
ст_NOUN _._ _END_,3124133
ст _._ _END_,3124133
Я не_PRT _VERB_,3123590
Я не _VERB_,3123590
Я_NOUN не_PRT _VERB_,3123590
Я_NOUN не _VERB_,3123590
На_ADP _NOUN_ _NOUN_,3123516
ст . _END_,3123497
ст_NOUN ._. _END_,3123494
ст ._. _END_,3123494
ст_NOUN . _END_,3123494
из _NOUN_ _ADP_,3117241
из_ADP _NOUN_ _ADP_,3117241
а_CONJ _ADV_ _VERB_,3116655
или _NOUN_ _NOUN_,3114140
или_CONJ _NOUN_ _NOUN_,3114140
Когда_CONJ _NOUN_ _VERB_,3104419
Но_CONJ _NOUN_ _VERB_,3095248
Но _NOUN_ _VERB_,3095248
"_VERB_ ,_. то",3094961
"_VERB_ , то",3094961
и_CONJ _NUM_ _NOUN_,3093677
_VERB_ _CONJ_ _ADP_,3083975
"_VERB_ ,_. в",3078563
"_VERB_ , в",3078563
что_CONJ _ADV_ _VERB_,3077041
в _ADP_ _ADP_,3068300
в_ADP _ADP_ _ADP_,3068157
и_PRT _VERB_ _NOUN_,3058616
было _ADJ_ _._,3054287
_VERB_ _ADV_ в,3052073
было_VERB _ADJ_ _._,3051773
_VERB_ _NOUN_ (,3042682
_VERB_ _._ он,3042195
_VERB_ _._ он_NOUN,3042195
_VERB_ _NOUN_ (_.,3042140
А _NOUN_ _VERB_,3040627
меня _._ _END_,3031011
меня_NOUN _._ _END_,3031011
и _ADV_ _PRT_,3028358
что_CONJ _PRT_ _VERB_,3027482
_START_ _VERB_ на,3021782
_START_ _VERB_ на_ADP,3020551
В _NOUN_ _ADJ_,3020147
В_ADP _NOUN_ _ADJ_,3019154
и _NOUN_ не,3018524
и _NOUN_ не_PRT,3018399
не _VERB_ на,3010904
не_PRT _VERB_ на,3010904
не _VERB_ на_ADP,3009799
не_PRT _VERB_ на_ADP,3009799
этой_ADJ _NOUN_ _._,3005864
этой _NOUN_ _._,3005864
_VERB_ _ADV_ в_ADP,3003240
_START_ _NOUN_ -,3000707
на _NOUN_ в,2997098
на_ADP _NOUN_ в,2995647
"того , что",2993593
С. _NUM_ _._,2990238
с _NOUN_ _ADV_,2989541
с_ADP _NOUN_ _ADV_,2989495
А _NOUN_ _._,2989236
"до _NOUN_ ,",2986833
"до _NOUN_ ,_.",2986833
"до_ADP _NOUN_ ,",2986506
"до_ADP _NOUN_ ,_.",2986506
только _NOUN_ _._,2986436
на _NOUN_ в_ADP,2986338
А_CONJ _NOUN_ _VERB_,2985656
на_ADP _NOUN_ в_ADP,2984891
_START_ _ADJ_ _PRT_,2977692
_VERB_ _NOUN_ «_NOUN,2976964
за _NOUN_ _ADJ_,2975979
за_ADP _NOUN_ _ADJ_,2975979
того _._ что,2974179
того_NOUN _._ что,2972693
"того ,_. что",2971941
и _VERB_ :,2971818
и _VERB_ :_.,2971818
"того_NOUN ,_. что",2970457
"того_NOUN , что",2970457
их_NOUN _ADJ_ _NOUN_,2967730
их _ADJ_ _NOUN_,2967730
своих _NOUN_ _._,2967360
своих_ADJ _NOUN_ _._,2967360
не _ADV_ _VERB_,2965155
только_PRT _NOUN_ _._,2964420
мне _VERB_ _._,2963430
мне_NOUN _VERB_ _._,2963430
С._NOUN _NUM_ _._,2963418
_START_ Это _NOUN_,2957674
Не _VERB_ _NOUN_,2948569
Не_PRT _VERB_ _NOUN_,2948569
А_CONJ _NOUN_ _._,2937202
_START_ _NOUN_ -_NOUN,2935786
и _VERB_ к,2927330
и _VERB_ к_ADP,2926886
в _NOUN_ не,2912434
в_ADP _NOUN_ не,2912408
в _NOUN_ не_PRT,2912381
в_ADP _NOUN_ не_PRT,2912355
я _ADP_ _NOUN_,2909675
я_NOUN _ADP_ _NOUN_,2909664
его _NOUN_ _ADP_,2908955
его_NOUN _NOUN_ _ADP_,2908955
бы _NOUN_ _VERB_,2903230
его_NOUN _NOUN_ _NOUN_,2897372
его _NOUN_ _NOUN_,2897372
с _NUM_ _NOUN_,2893811
с_ADP _NUM_ _NOUN_,2893699
и_CONJ в_ADP _ADJ_,2892518
и_CONJ в _ADJ_,2892518
с _NOUN_ в,2883650
с_ADP _NOUN_ в,2883611
_VERB_ _._ то_CONJ,2880309
в _ADJ_ время,2876660
в_ADP _ADJ_ время,2876660
в _ADJ_ время_NOUN,2876641
в_ADP _ADJ_ время_NOUN,2876641
с _NOUN_ в_ADP,2872904
с_ADP _NOUN_ в_ADP,2872868
_VERB_ _NOUN_ -,2871167
не_PRT _VERB_ ?,2870671
не _VERB_ ?_.,2870671
не_PRT _VERB_ ?_.,2870671
не _VERB_ ?,2870671
сказал_VERB _NOUN_ .,2870161
сказал _NOUN_ .,2870161
сказал _NOUN_ ._.,2870157
сказал_VERB _NOUN_ ._.,2870157
В _NOUN_ _._,2868466
Я_NOUN _ADV_ _VERB_,2868026
Я _ADV_ _VERB_,2868026
В_ADP _NOUN_ _._,2865990
"же _NOUN_ ,",2863158
"же _NOUN_ ,_.",2863158
"же_PRT _NOUN_ ,",2863063
"же_PRT _NOUN_ ,_.",2863063
что он _VERB_,2855703
что он_NOUN _VERB_,2855703
этого _NOUN_ _._,2848403
¿ _X_ ¿,2848236
¿_X _X_ ¿,2847323
_VERB_ _ADV_ с,2845477
_VERB_ _NOUN_ -_NOUN,2840021
_VERB_ _ADP_ себе,2836780
_VERB_ _ADP_ себе_NOUN,2836704
спросил _NOUN_ _._,2835702
спросил_VERB _NOUN_ _._,2835702
_START_ В _NUM_,2833242
_START_ В_ADP _NUM_,2833242
"_VERB_ ,_. в_ADP",2833009
"_VERB_ , в_ADP",2833009
есть _NOUN_ _._,2831988
по _NOUN_ _CONJ_,2831542
по_ADP _NOUN_ _CONJ_,2831422
не_PRT _ADV_ _VERB_,2829463
¿ _X_ ¿_X,2828961
¿_X _X_ ¿_X,2828057
в этом_ADJ _NOUN_,2825902
в_ADP этом_ADJ _NOUN_,2825902
их_NOUN _NOUN_ .,2816754
их _NOUN_ .,2816754
их _NOUN_ ._.,2816753
их_NOUN _NOUN_ ._.,2816753
после _NOUN_ _NOUN_,2807308
после_ADP _NOUN_ _NOUN_,2807308
"_VERB_ ,_. то_CONJ",2803623
"_VERB_ , то_CONJ",2803623
"того , что_CONJ",2802553
вы _VERB_ _._,2800969
вы_NOUN _VERB_ _._,2800948
_START_ _CONJ_ и,2799974
_START_ Но_CONJ _ADP_,2797118
_START_ Но _ADP_,2797118
в _ADV_ _ADV_,2794242
_START_ Он _ADV_,2789261
_START_ Он_NOUN _ADV_,2789261
того _._ что_CONJ,2782369
того_NOUN _._ что_CONJ,2781192
"того ,_. что_CONJ",2781188
же _NOUN_ _NOUN_,2780434
же_PRT _NOUN_ _NOUN_,2780370
"того_NOUN ,_. что_CONJ",2780011
"того_NOUN , что_CONJ",2780011
и _NOUN_ _CONJ_,2779507
_START_ _._ Но,2770374
_START_ _._ Но_CONJ,2770374
_VERB_ _ADV_ с_ADP,2768092
до _NOUN_ ._.,2760150
до _NOUN_ .,2760150
до_ADP _NOUN_ .,2759803
до_ADP _NOUN_ ._.,2759803
и _ADJ_ _VERB_,2758085
и_CONJ _ADV_ _PRT_,2757044
_START_ -- Но,2752053
_START_ --_. Но,2751944
_START_ -- Но_CONJ,2751944
_START_ --_. Но_CONJ,2751944
в _NOUN_ --_.,2750319
в _NOUN_ --,2750319
в_ADP _NOUN_ --_.,2750279
в_ADP _NOUN_ --,2750279
и_CONJ _VERB_ к,2743765
и_CONJ _VERB_ к_ADP,2743352
что в_ADP _NOUN_,2743051
что в _NOUN_,2743051
это _NOUN_ _NOUN_,2741504
я_NOUN _VERB_ _ADJ_,2737629
я _VERB_ _ADJ_,2737629
на _NOUN_ _PRT_,2736908
на_ADP _NOUN_ _PRT_,2735840
_START_ Но_CONJ _PRT_,2734293
_START_ Но _PRT_,2734293
что_CONJ он_NOUN _VERB_,2733141
что_CONJ он _VERB_,2733141
ни_CONJ _NOUN_ _._,2730274
не было_VERB _._,2728772
не было _._,2728772
не_PRT было _._,2728772
не_PRT было_VERB _._,2728772
у_ADP _NOUN_ _PRT_,2727133
у _NOUN_ _PRT_,2727133
и_CONJ _VERB_ :,2727074
и_CONJ _VERB_ :_.,2727074
еще _PRT_ _VERB_,2722710
еще_PRT _PRT_ _VERB_,2722710
может _VERB_ _._,2722289
может_VERB _VERB_ _._,2722119
бы_PRT _NOUN_ _VERB_,2721425
но_CONJ _NOUN_ _PRT_,2719653
но _NOUN_ _PRT_,2719653
Он _VERB_ _._,2712530
Он_NOUN _VERB_ _._,2712530
в_ADV _ADV_ _ADV_,2706656
но_CONJ _PRT_ _VERB_,2706307
но _PRT_ _VERB_,2706307
о _NOUN_ _VERB_,2704093
о_ADP _NOUN_ _VERB_,2703850
_START_ А _ADP_,2697010
_START_ А_CONJ _ADP_,2697010
А _ADP_ _NOUN_,2695082
же _VERB_ _NOUN_,2693801
же_PRT _VERB_ _NOUN_,2692205
а _CONJ_ _NOUN_,2682382
_START_ _NOUN_ :_.,2681731
_START_ _NOUN_ :,2681731
а_CONJ _CONJ_ _NOUN_,2679237
В _NUM_ _NOUN_,2679051
В_ADP _NUM_ _NOUN_,2677934
и на _NOUN_,2676772
и на_ADP _NOUN_,2675529
"не _ADJ_ ,",2674896
"не _ADJ_ ,_.",2674896
"не_PRT _ADJ_ ,",2674870
"не_PRT _ADJ_ ,_.",2674870
его_NOUN _._ _END_,2674260
его _._ _END_,2674260
нет . _END_,2673605
нет ._. _END_,2673440
это _NOUN_ _VERB_,2667200
что_CONJ в_ADP _NOUN_,2662746
что_CONJ в _NOUN_,2662746
же _ADJ_ _NOUN_,2661452
_START_ _NOUN_ на,2661317
же_PRT _ADJ_ _NOUN_,2660889
при _NOUN_ _ADJ_,2660885
при_ADP _NOUN_ _ADJ_,2660885
А_CONJ _ADP_ _NOUN_,2660392
_START_ _NOUN_ на_ADP,2658330
в том _NOUN_,2655752
в_ADP том _NOUN_,2655605
_START_ После_ADP _NOUN_,2653710
_START_ После _NOUN_,2653710
у_ADP _NOUN_ _ADV_,2653253
у _NOUN_ _ADV_,2653253
и_CONJ _NOUN_ _CONJ_,2651391
"_VERB_ , он_NOUN",2649628
"_VERB_ ,_. он",2649628
"_VERB_ ,_. он_NOUN",2649628
"_VERB_ , он",2649628
"их _NOUN_ ,",2648591
"их _NOUN_ ,_.",2648591
"их_NOUN _NOUN_ ,",2648591
"их_NOUN _NOUN_ ,_.",2648591
и_CONJ _NOUN_ не,2648192
и_CONJ _NOUN_ не_PRT,2648078
может _VERB_ _NOUN_,2647873
может_VERB _VERB_ _NOUN_,2647647
_START_ Он _PRT_,2644853
_START_ Он_NOUN _PRT_,2644853
что _VERB_ _ADJ_,2642183
как_CONJ _VERB_ _._,2640640
вместе_ADV _ADP_ _NOUN_,2629920
вместе _ADP_ _NOUN_,2629920
нет_VERB ._. _END_,2629525
нет_VERB . _END_,2629525
_START_ _CONJ_ что_CONJ,2625817
У _NOUN_ _VERB_,2624664
"это _NOUN_ ,",2624075
"это _NOUN_ ,_.",2624075
У_ADP _NOUN_ _VERB_,2623953
этот_ADJ _NOUN_ _._,2619008
этот _NOUN_ _._,2619008
и _VERB_ _PRT_,2611249
они_NOUN _VERB_ _NOUN_,2607151
они _VERB_ _NOUN_,2607151
и_PRT _ADP_ _ADJ_,2606120
во _NOUN_ _._,2602532
во_ADP _NOUN_ _._,2602494
как _NOUN_ _ADJ_,2602405
"и_CONJ _ADV_ ,_.",2601688
"и_CONJ _ADV_ ,",2601688
мы_NOUN _VERB_ _._,2599728
мы _VERB_ _._,2599728
свои _NOUN_ _._,2599726
свои_ADJ _NOUN_ _._,2599726
_VERB_ _._ если,2595933
_VERB_ _._ если_CONJ,2595933
_VERB_ _NOUN_ ;,2593447
_VERB_ _NOUN_ ;_.,2593447
в_ADP том_ADJ _NOUN_,2588692
в том_ADJ _NOUN_,2588692
"или _NOUN_ ,",2588315
"или_CONJ _NOUN_ ,",2588315
"или _NOUN_ ,_.",2588315
"или_CONJ _NOUN_ ,_.",2588315
_START_ 3_NUM _._,2587782
_START_ 3 _._,2587782
_VERB_ _ADP_ собой,2577857
_VERB_ _ADP_ собой_NOUN,2577857
С _ADJ_ _NOUN_,2577503
так _CONJ_ _NOUN_,2575239
С_ADP _ADJ_ _NOUN_,2575112
так_CONJ _CONJ_ _NOUN_,2568541
_START_ _X_ --,2566265
_START_ _X_ --_.,2566265
не_PRT _VERB_ ни,2562924
не _VERB_ ни,2562924
в _ADP_ _ADJ_,2560992
в_ADP _ADP_ _ADJ_,2560490
за_ADP _NOUN_ _ADP_,2552150
за _NOUN_ _ADP_,2552150
что _VERB_ _VERB_,2551778
это _VERB_ _NOUN_,2544422
_START_ _CONJ_ и_PRT,2543803
ее_NOUN _VERB_ _._,2543444
ее _VERB_ _._,2543444
это_NOUN _VERB_ _NOUN_,2542228
_VERB_ _NOUN_ »,2541036
_START_ _CONJ_ это,2539725
_START_ Это_NOUN _NOUN_,2539424
"не _ADV_ ,",2539152
"не _ADV_ ,_.",2539147
"что _NOUN_ ,_.",2538388
"что _NOUN_ ,",2538388
_START_ _._ спросил,2535722
_START_ _._ спросил_VERB,2535722
_START_ -- спросил,2535267
_START_ --_. спросил_VERB,2535249
_START_ --_. спросил,2535249
_START_ -- спросил_VERB,2535249
жизни_NOUN _._ _END_,2533640
жизни _._ _END_,2533640
я _NOUN_ _VERB_,2527861
как_CONJ _NOUN_ _ADJ_,2524318
_START_ _._ _._,2522949
из _ADJ_ _ADJ_,2522887
из_ADP _ADJ_ _ADJ_,2522861
я_NOUN _NOUN_ _VERB_,2521734
_START_ _CONJ_ вот,2521377
_START_ _CONJ_ вот_PRT,2521377
Ì _X_ _X_,2521063
Ì_X _X_ _X_,2521021
À _X_ _X_,2519133
À_X _X_ _X_,2519132
они _VERB_ _._,2518969
они_NOUN _VERB_ _._,2518969
_START_ И_CONJ _ADP_,2515325
_START_ И _ADP_,2515325
есть_VERB _NOUN_ _._,2510671
Если _NOUN_ _VERB_,2493871
Если_CONJ _NOUN_ _VERB_,2493871
и _._ _ADV_,2486199
от _NOUN_ _CONJ_,2482176
от_ADP _NOUN_ _CONJ_,2482041
все _PRT_ _VERB_,2479498
этого_ADJ _NOUN_ _._,2474512
о _NOUN_ .,2471904
о _NOUN_ ._.,2471904
о_ADP _NOUN_ ._.,2471808
о_ADP _NOUN_ .,2471808
же _VERB_ _._,2470231
же_PRT _VERB_ _._,2469428
а _ADP_ _ADJ_,2461860
а_CONJ _ADP_ _ADJ_,2461611
но _ADJ_ _NOUN_,2459335
но_CONJ _ADJ_ _NOUN_,2459335
Но_CONJ _NOUN_ _PRT_,2459062
Но _NOUN_ _PRT_,2459062
он_NOUN _ADP_ _NOUN_,2459033
он _ADP_ _NOUN_,2459033
А _NOUN_ _NOUN_,2457551
"что_CONJ _NOUN_ ,",2457260
"что_CONJ _NOUN_ ,_.",2457260
_START_ _ADV_ он,2450902
_START_ _ADV_ он_NOUN,2450902
она _PRT_ _VERB_,2449915
она_NOUN _PRT_ _VERB_,2449915
_START_ И_CONJ _ADJ_,2446439
_START_ И _ADJ_,2446439
на _ADJ_ _._,2445493
на_ADP _ADJ_ _._,2445442
было _._ _END_,2444679
было_VERB _._ _END_,2442538
_START_ _._ В,2441977
_VERB_ _NOUN_ »_NOUN,2440775
и _VERB_ его_NOUN,2439616
и _VERB_ его,2439616
как _PRT_ _VERB_,2438962
очень_ADV _ADJ_ _NOUN_,2438160
очень _ADJ_ _NOUN_,2438160
_START_ _ADV_ же,2435276
_START_ _CONJ_ это_NOUN,2434136
в _VERB_ _NOUN_,2432713
все _NOUN_ _NOUN_,2432000
_START_ С. _NUM_,2431333
_START_ С._NOUN _NUM_,2431313
и_CONJ _._ _ADV_,2431193
было _VERB_ _._,2431105
_START_ _ADV_ же_PRT,2427223
при _NOUN_ _._,2426830
при_ADP _NOUN_ _._,2426829
мы_NOUN _VERB_ _NOUN_,2426003
мы _VERB_ _NOUN_,2426003
по _NOUN_ и,2423679
не _ADV_ _ADJ_,2423672
по_ADP _NOUN_ и,2423603
все_ADJ _NOUN_ _NOUN_,2420800
в_ADP _VERB_ _NOUN_,2420753
_START_ _ADV_ я,2419623
_START_ _ADV_ я_NOUN,2419369
то _NOUN_ _VERB_,2418680
что не _VERB_,2418105
что не_PRT _VERB_,2418105
_VERB_ --_. _VERB_,2417583
_VERB_ -- _VERB_,2417583
_START_ _._ Как,2415861
_START_ _._ Вы,2414548
по _NOUN_ и_CONJ,2414467
_START_ _._ Вы_NOUN,2414464
по_ADP _NOUN_ и_CONJ,2414392
для _NOUN_ _ADP_,2414097
для_ADP _NOUN_ _ADP_,2414097
был _ADJ_ _NOUN_,2410907
был_VERB _ADJ_ _NOUN_,2410907
_START_ _ADP_ того,2408052
_VERB_ _ADP_ этом_NOUN,2406851
_START_ -- Вы,2404810
_START_ --_. Вы,2404781
_START_ --_. Вы_NOUN,2404699
_START_ -- Вы_NOUN,2404699
над_ADP _NOUN_ _._,2403303
над _NOUN_ _._,2403303
перед _NOUN_ _._,2397869
перед_ADP _NOUN_ _._,2397869
несколько _NOUN_ _._,2395641
несколько_NUM _NOUN_ _._,2395108
их_NOUN _ADP_ _NOUN_,2392447
их _ADP_ _NOUN_,2392447
_START_ _VERB_ .,2392305
_START_ _VERB_ ._.,2392305
_START_ Как _NOUN_,2384316
А_CONJ _NOUN_ _NOUN_,2382746
_START_ -- Как,2381979
_START_ --_. Как,2381899
_START_ _ADP_ этом_NOUN,2378578
_START_ _._ В_ADP,2377169
в _ADP_ с,2373277
в_ADP _ADP_ с,2373252
что у_ADP _NOUN_,2372335
что у _NOUN_,2372335
_VERB_ _ADP_ _ADV_,2369961
"_VERB_ , если_CONJ",2369268
"_VERB_ , если",2369268
"_VERB_ ,_. если_CONJ",2369268
"_VERB_ ,_. если",2369268
_START_ _CONJ_ он,2368651
_START_ _CONJ_ он_NOUN,2368651
в _ADP_ с_ADP,2367700
в_ADP _ADP_ с_ADP,2367682
_START_ С _ADJ_,2366301
_START_ С_ADP _ADJ_,2365183
"и , _ADV_",2363059
"и ,_. _ADV_",2363059
под_ADP _ADJ_ _NOUN_,2362941
под _ADJ_ _NOUN_,2362941
»_NOUN _NOUN_ _._,2362083
было_VERB _VERB_ _._,2362069
уже _VERB_ _NOUN_,2358724
уже_PRT _VERB_ _NOUN_,2358633
только _ADJ_ _NOUN_,2358520
_START_ Как_CONJ _NOUN_,2358410
за_ADP _NOUN_ _CONJ_,2355582
за _NOUN_ _CONJ_,2355582
был_VERB _ADJ_ _._,2353958
был _ADJ_ _._,2353958
как _NOUN_ _ADP_,2353932
не _VERB_ и_CONJ,2353422
не_PRT _VERB_ и_CONJ,2353421
для_ADP _NOUN_ _VERB_,2352185
для _NOUN_ _VERB_,2352185
ее_NOUN _NOUN_ _VERB_,2352163
ее _NOUN_ _VERB_,2352163
все_PRT _PRT_ _VERB_,2351066
а _ADV_ _._,2347728
что_CONJ у_ADP _NOUN_,2345092
что_CONJ у _NOUN_,2345092
вместе с_ADP _NOUN_,2342788
вместе_ADV с _NOUN_,2342788
вместе с _NOUN_,2342788
вместе_ADV с_ADP _NOUN_,2342788
она_NOUN _._ _END_,2342728
она _._ _END_,2342728
и _NOUN_ --,2342357
и _NOUN_ --_.,2342357
а_CONJ _ADV_ _._,2341574
только_PRT _ADJ_ _NOUN_,2339367
_START_ А _CONJ_,2338244
_START_ А_CONJ _CONJ_,2338244
еще_PRT не_PRT _VERB_,2337040
еще_PRT не _VERB_,2337040
еще не _VERB_,2337040
еще не_PRT _VERB_,2337040
_START_ _CONJ_ не,2334301
_START_ _CONJ_ не_PRT,2333048
в _NOUN_ на,2330793
в_ADP _NOUN_ на,2330770
_VERB_ _CONJ_ _PRT_,2330261
в _NOUN_ на_ADP,2329366
в_ADP _NOUN_ на_ADP,2329343
то _PRT_ _NOUN_,2327958
что я _VERB_,2323869
что я_NOUN _VERB_,2323869
"и_CONJ ,_. _ADV_",2320785
"и_CONJ , _ADV_",2320785
_START_ -- В,2319905
_START_ --_. В,2319792
"ни _NOUN_ ,",2316323
"ни _NOUN_ ,_.",2316323
не_PRT _ADV_ _ADJ_,2310367
в_ADP его_NOUN _NOUN_,2308515
в его_NOUN _NOUN_,2308515
в_ADP его _NOUN_,2308515
в его _NOUN_,2308515
у _NOUN_ .,2305003
у _NOUN_ ._.,2305003
у_ADP _NOUN_ ._.,2305003
у_ADP _NOUN_ .,2305003
как_CONJ _NOUN_ _ADP_,2298542
_START_ А _PRT_,2297606
_START_ А_CONJ _PRT_,2297606
_START_ _NOUN_ было,2293186
_START_ _NOUN_ было_VERB,2293124
"что _VERB_ ,_.",2292470
"что _VERB_ ,",2292470
_START_ _ADP_ того_NOUN,2291953
и_CONJ _VERB_ его_NOUN,2285891
и_CONJ _VERB_ его,2285891
тем _._ _CONJ_,2283644
тем_NOUN _._ _CONJ_,2283271
"тем ,_. _CONJ_",2280582
"тем , _CONJ_",2280582
"тем_NOUN ,_. _CONJ_",2280209
"тем_NOUN , _CONJ_",2280209
тут _PRT_ _VERB_,2277857
тут_ADV _PRT_ _VERB_,2277259
_START_ Все _NOUN_,2274340
не в _NOUN_,2268851
не в_ADP _NOUN_,2268851
не_PRT в_ADP _NOUN_,2268817
не_PRT в _NOUN_,2268817
_VERB_ _ADJ_ _PRT_,2263648
_START_ --_. В_ADP,2263505
_START_ -- В_ADP,2263505
как_CONJ _PRT_ _NOUN_,2263318
ни_PRT _ADP_ _NOUN_,2259827
никто_NOUN _PRT_ _VERB_,2259539
никто _PRT_ _VERB_,2259539
и_CONJ _VERB_ _PRT_,2256400
_START_ Все_ADJ _NOUN_,2255990
и с _NOUN_,2254932
никто не_PRT _VERB_,2254766
никто_NOUN не_PRT _VERB_,2254766
никто_NOUN не _VERB_,2254766
никто не _VERB_,2254766
и с_ADP _NOUN_,2254711
его_NOUN _NOUN_ _CONJ_,2253680
его _NOUN_ _CONJ_,2253680
"в _ADJ_ ,_.",2250068
"в _ADJ_ ,",2250068
"в_ADP _ADJ_ ,",2250067
"в_ADP _ADJ_ ,_.",2250067
_VERB_ _._ так,2248728
С. _NUM_ ._.,2247989
С. _NUM_ .,2247989
по_ADP _NUM_ _NOUN_,2244284
по _NUM_ _NOUN_,2244284
от _NOUN_ и,2243731
от_ADP _NOUN_ и,2243616
с _VERB_ _NOUN_,2241815
_VERB_ _ADP_ «,2240993
уже _VERB_ _ADP_,2236148
уже_PRT _VERB_ _ADP_,2236035
что _PRT_ _NOUN_,2232665
с_ADP _VERB_ _NOUN_,2232289
_START_ _._ Он_NOUN,2232145
_START_ _._ Он,2232145
С._NOUN _NUM_ .,2231868
С._NOUN _NUM_ ._.,2231868
бы _VERB_ _NOUN_,2230794
в _NOUN_ ?,2229503
в _NOUN_ ?_.,2229503
в_ADP _NOUN_ ?,2229492
в_ADP _NOUN_ ?_.,2229492
он_NOUN _VERB_ _ADV_,2228227
он _VERB_ _ADV_,2228227
_VERB_ _._ _NUM_,2227722
Он _ADV_ _VERB_,2225495
Он_NOUN _ADV_ _VERB_,2225495
от _NOUN_ и_CONJ,2224429
от_ADP _NOUN_ и_CONJ,2224332
и _PRT_ _NOUN_,2221513
и _ADV_ _ADP_,2219399
после _NOUN_ _._,2218041
после_ADP _NOUN_ _._,2218040
в _NUM_ году_NOUN,2213060
в_ADP _NUM_ году,2213060
в _NUM_ году,2213060
в_ADP _NUM_ году_NOUN,2213060
что_CONJ я _VERB_,2210555
что_CONJ я_NOUN _VERB_,2210555
с _._ _END_,2210463
_START_ -- Он,2209086
_START_ --_. Он_NOUN,2209034
_START_ -- Он_NOUN,2209034
_START_ --_. Он,2209034
и_CONJ _NOUN_ --,2208773
и_CONJ _NOUN_ --_.,2208773
жизни . _END_,2208279
жизни ._. _END_,2207781
жизни_NOUN ._. _END_,2207781
жизни_NOUN . _END_,2207781
так _PRT_ _VERB_,2207228
сказала _NOUN_ _._,2206182
сказала_VERB _NOUN_ _._,2206182
из _NOUN_ _CONJ_,2203906
из_ADP _NOUN_ _CONJ_,2203906
и_CONJ на _NOUN_,2193253
_START_ »_X _._,2193084
и_CONJ на_ADP _NOUN_,2192010
"все _NOUN_ ,_.",2187290
"все _NOUN_ ,",2187290
_START_ --_. _NUM_,2185751
_START_ -- _NUM_,2185751
"все_ADJ _NOUN_ ,_.",2182463
"все_ADJ _NOUN_ ,",2182463
с _NOUN_ на,2180868
с_ADP _NOUN_ на,2180835
мы_NOUN _PRT_ _VERB_,2180210
мы _PRT_ _VERB_,2180210
с _NOUN_ на_ADP,2179614
с_ADP _NOUN_ на_ADP,2179583
бы_PRT _VERB_ _NOUN_,2179187
На _NOUN_ _VERB_,2175616
На_ADP _NOUN_ _VERB_,2175160
потому _CONJ_ _NOUN_,2174239
все _ADV_ _VERB_,2173214
где_ADV _NOUN_ _VERB_,2171823
где _NOUN_ _VERB_,2171823
потому_CONJ _CONJ_ _NOUN_,2168445
за_ADP _NOUN_ и,2167287
за _NOUN_ и,2167287
_START_ _NOUN_ была_VERB,2167226
_START_ _NOUN_ была,2167226
_START_ Но _ADJ_,2166693
_START_ Но_CONJ _ADJ_,2166693
что_NOUN _VERB_ _._,2166104
так_ADV _PRT_ _VERB_,2163258
_START_ 2 .,2161979
_START_ 2_NUM ._.,2161949
_START_ 2 ._.,2161949
_START_ 2_NUM .,2161949
без _ADJ_ _NOUN_,2161753
без_ADP _ADJ_ _NOUN_,2161751
_VERB_ _._ это,2161626
И _NOUN_ _._,2159551
уже _PRT_ _VERB_,2159013
уже_PRT _PRT_ _VERB_,2159013
еще_PRT _NUM_ _NOUN_,2158277
еще _NUM_ _NOUN_,2158277
меня . _END_,2156731
меня ._. _END_,2156624
меня_NOUN ._. _END_,2156624
меня_NOUN . _END_,2156624
_START_ ( _NOUN_,2154600
_START_ (_. _NOUN_,2154473
И_CONJ _NOUN_ _._,2153737
бы _PRT_ _VERB_,2153580
с _NOUN_ _PRT_,2153187
с_ADP _NOUN_ _PRT_,2153095
он _VERB_ в,2152696
он_NOUN _VERB_ в,2152696
_START_ _._ Нет_PRT,2152292
это _ADJ_ _._,2151437
"сказал _NOUN_ ,_.",2148568
"сказал _NOUN_ ,",2148568
"сказал_VERB _NOUN_ ,",2148568
"сказал_VERB _NOUN_ ,_.",2148568
не _ADJ_ .,2148193
не_PRT _ADJ_ .,2148141
не _ADJ_ ._.,2148097
не_PRT _ADJ_ ._.,2148045
_START_ -- Нет_PRT,2147223
_START_ --_. Нет_PRT,2147223
Вернуться_VERB _NUM_ _NOUN_,2141269
Вернуться _NUM_ _NOUN_,2141269
не _ADP_ _ADJ_,2140764
не_PRT _ADP_ _ADJ_,2140734
_START_ _ADV_ _CONJ_,2140722
_VERB_ _._ это_NOUN,2140676
за_ADP _NOUN_ и_CONJ,2140380
за _NOUN_ и_CONJ,2140380
"не_PRT _ADV_ ,",2140202
"не_PRT _ADV_ ,_.",2140197
И _ADJ_ _NOUN_,2138053
так _ADV_ _._,2136962
И _ADP_ _NOUN_,2136220
так_ADV _ADV_ _._,2135203
в _ADJ_ _PRT_,2132960
в_ADP _ADJ_ _PRT_,2132960
И_CONJ _ADJ_ _NOUN_,2132640
его . _END_,2132002
его_NOUN . _END_,2131867
его_NOUN ._. _END_,2131867
его ._. _END_,2131867
ответил_VERB _NOUN_ _._,2130935
ответил _NOUN_ _._,2130935
это_NOUN _ADJ_ _._,2130769
но_CONJ _NOUN_ _NOUN_,2130368
но _NOUN_ _NOUN_,2130368
_PRT_ у _NOUN_,2129882
_PRT_ у_ADP _NOUN_,2129882
с _ADJ_ _._,2128112
и_PRT _VERB_ _ADP_,2127898
с_ADP _ADJ_ _._,2126919
И_CONJ _ADP_ _NOUN_,2126105
как _ADP_ _ADJ_,2122750
с . _END_,2121576
с ._. _END_,2120749
себя _ADP_ _NOUN_,2120618
себя_NOUN _ADP_ _NOUN_,2120618
бы_PRT _PRT_ _VERB_,2120246
и _PRT_ _ADV_,2119531
бы _ADP_ _NOUN_,2117504
она . _END_,2116546
она_NOUN ._. _END_,2116447
она_NOUN . _END_,2116447
она ._. _END_,2116447
как_CONJ _ADP_ _ADJ_,2115375
она _ADV_ _VERB_,2114001
она_NOUN _ADV_ _VERB_,2114001
и _NOUN_ и,2109660
все _._ _CONJ_,2109642
По _NOUN_ _NOUN_,2106868
_START_ _CONJ_ если,2102338
_START_ _CONJ_ если_CONJ,2102338
он_NOUN _VERB_ в_ADP,2102332
он _VERB_ в_ADP,2102332
потому что _NOUN_,2102199
потому что_CONJ _NOUN_,2102137
По_ADP _NOUN_ _NOUN_,2101778
потому_CONJ что_CONJ _NOUN_,2101344
потому_CONJ что _NOUN_,2101344
_START_ » --,2100322
_START_ » --_.,2100085
_START_ »_X --_.,2100085
_START_ »_X --,2100085
не _VERB_ ...,2097852
не_PRT _VERB_ ...,2097850
не _VERB_ ..._.,2097843
не_PRT _VERB_ ..._.,2097841
есть _ADJ_ _NOUN_,2095686
бы _VERB_ _._,2095610
все_NOUN _._ _CONJ_,2088678
И _NOUN_ _NOUN_,2088303
И _VERB_ _NOUN_,2085914
даже_PRT _PRT_ _VERB_,2084492
даже _PRT_ _VERB_,2084492
_VERB_ _ADP_ нему_NOUN,2084091
_VERB_ _ADP_ нему,2084091
и _NOUN_ и_CONJ,2083362
И_CONJ _VERB_ _NOUN_,2082569
_START_ _ADV_ не,2081066
я_NOUN _VERB_ _ADV_,2079662
я _VERB_ _ADV_,2079662
_START_ _ADJ_ _ADP_,2079167
в _NOUN_ в,2078136
в_ADP _NOUN_ в,2078096
всех _NOUN_ _._,2076581
или _ADP_ _NOUN_,2075985
или_CONJ _ADP_ _NOUN_,2075985
через _NOUN_ _._,2074450
через_ADP _NOUN_ _._,2074450
И_CONJ _NOUN_ _NOUN_,2074049
что_CONJ не_PRT _VERB_,2073369
что_CONJ не _VERB_,2073369
и_CONJ _ADJ_ _VERB_,2072180
не _ADJ_ _VERB_,2067125
не_PRT _ADJ_ _VERB_,2067109
_VERB_ _ADP_ ее,2065389
_VERB_ _ADP_ ее_NOUN,2065389
бы_PRT _VERB_ _._,2059404
в _NOUN_ в_ADP,2054461
в_ADP _NOUN_ в_ADP,2054422
об_ADP _NOUN_ _._,2053972
об _NOUN_ _._,2053972
всех_ADJ _NOUN_ _._,2047360
во _ADP_ _NOUN_,2046869
во_ADP _ADP_ _NOUN_,2046868
и т. _ADV_,2046697
и т._ADV _ADV_,2046694
их_NOUN _VERB_ _._,2046653
их _VERB_ _._,2046653
не _NOUN_ .,2045499
не _NOUN_ ._.,2045489
тут же _VERB_,2045226
тут же_PRT _VERB_,2045226
с_NOUN _._ _END_,2045014
тут_ADV же _VERB_,2044997
тут_ADV же_PRT _VERB_,2044997
не_PRT _NOUN_ .,2044976
не_PRT _NOUN_ ._.,2044966
Она _VERB_ _NOUN_,2042595
Она_NOUN _VERB_ _NOUN_,2042595
этот_ADJ _NOUN_ _VERB_,2042304
этот _NOUN_ _VERB_,2042304
чтобы _VERB_ _ADP_,2040678
чтобы_CONJ _VERB_ _ADP_,2040671
и_CONJ т._ADV _ADV_,2039921
и_CONJ т. _ADV_,2039921
"_VERB_ , так",2037955
"_VERB_ ,_. так",2037955
ты _PRT_ _VERB_,2037446
ты_NOUN _PRT_ _VERB_,2037396
"все , _CONJ_",2035738
"все ,_. _CONJ_",2035738
не_PRT _VERB_ бы,2034198
не _VERB_ бы,2034198
не_PRT _VERB_ бы_PRT,2034148
не _VERB_ бы_PRT,2034148
_START_ Я не,2033405
было _VERB_ _NOUN_,2033351
_START_ Я_NOUN не_PRT,2033268
_START_ Я_NOUN не,2033268
_START_ Я не_PRT,2033268
как _ADJ_ _._,2030369
и_CONJ _ADV_ _ADP_,2029184
_START_ Но _VERB_,2025755
_START_ Но_CONJ _VERB_,2025755
другой _NOUN_ _._,2023639
другой_ADJ _NOUN_ _._,2023639
ему _NOUN_ _._,2021542
ему_NOUN _NOUN_ _._,2021542
_START_ _._ Вот_PRT,2021470
_START_ _._ Вот,2021470
¾ ¹ _X_,2021376
с_NOUN ._. _END_,2019394
с_NOUN . _END_,2019394
"все_NOUN , _CONJ_",2019388
"все_NOUN ,_. _CONJ_",2019388
может _VERB_ _ADJ_,2015331
может_VERB _VERB_ _ADJ_,2015192
они _PRT_ _VERB_,2014915
они_NOUN _PRT_ _VERB_,2014915
Я _VERB_ _VERB_,2014528
Я_NOUN _VERB_ _VERB_,2014528
это _PRT_ _VERB_,2014093
как_CONJ _ADJ_ _._,2013987
два_NUM _NOUN_ _._,2013747
два _NOUN_ _._,2013747
И _ADV_ _NOUN_,2012937
И_CONJ _ADV_ _NOUN_,2012009
и _ADV_ .,2011705
и _ADV_ ._.,2011704
это_NOUN _PRT_ _VERB_,2009454
то _NOUN_ _._,2008600
его_NOUN _NOUN_ и,2007708
его _NOUN_ и,2007708
_START_ -- Вот,2007529
_START_ --_. Вот,2007447
_START_ -- Вот_PRT,2007447
_START_ --_. Вот_PRT,2007447
о _NOUN_ _ADP_,2006967
что _ADJ_ _ADJ_,2006928
о_ADP _NOUN_ _ADP_,2006865
_VERB_ _ADV_ на,2006729
_START_ _._ Так,2006437
не_PRT _VERB_ с,2005877
не _VERB_ с,2005877
и_CONJ _NOUN_ и,2004856
¾ ¹_X _X_,2004534
¾_X ¹_X _X_,2004533
¾_X ¹ _X_,2004533
не _VERB_ с_ADP,2004191
не_PRT _VERB_ с_ADP,2004191
можно _VERB_ _._,2002825
можно_ADV _VERB_ _._,2002825
_VERB_ _ADV_ на_ADP,2002008
При _NOUN_ _NOUN_,1997375
При_ADP _NOUN_ _NOUN_,1997370
было . _END_,1995870
было ._. _END_,1995725
между _NOUN_ _CONJ_,1995452
между_ADP _NOUN_ _CONJ_,1995451
его_NOUN _NOUN_ и_CONJ,1995381
его _NOUN_ и_CONJ,1995381
было_VERB . _END_,1994254
было_VERB ._. _END_,1994254
_START_ Если_CONJ _PRT_,1993808
_START_ Если _PRT_,1993808
и его _NOUN_,1992525
и его_NOUN _NOUN_,1992525
_START_ -- Так,1991910
_START_ --_. Так,1991837
чтобы _VERB_ _ADJ_,1990387
чтобы_CONJ _VERB_ _ADJ_,1990379
мне_NOUN _NOUN_ _._,1989040
мне _NOUN_ _._,1989040
_START_ _NOUN_ уже,1988700
_START_ _NOUN_ уже_PRT,1988677
был _NOUN_ _._,1987619
был_VERB _NOUN_ _._,1987619
Да _._ _NOUN_,1986784
_START_ _NOUN_ !_.,1986616
_START_ _NOUN_ !,1986616
которые_NOUN _VERB_ _ADP_,1985430
которые _VERB_ _ADP_,1985430
и_CONJ _NOUN_ и_CONJ,1984316
А _ADV_ _NOUN_,1984157
_START_ За _NOUN_,1978875
_START_ За_ADP _NOUN_,1978875
и _ADJ_ _ADP_,1977787
даже не_PRT _VERB_,1977708
даже_PRT не _VERB_,1977708
даже не _VERB_,1977708
даже_PRT не_PRT _VERB_,1977708
"без _NOUN_ ,",1975514
"без_ADP _NOUN_ ,",1975514
"без _NOUN_ ,_.",1975514
"без_ADP _NOUN_ ,_.",1975514
_START_ Как _PRT_,1975329
_START_ Это _ADJ_,1974485
"и_PRT _NOUN_ ,",1974306
"и_PRT _NOUN_ ,_.",1974306
не_PRT может_VERB _VERB_,1972779
не_PRT может _VERB_,1972779
не может _VERB_,1972779
не может_VERB _VERB_,1972779
их _NOUN_ _VERB_,1971803
их_NOUN _NOUN_ _VERB_,1971803
_START_ _ADP_ этого,1969731
А_CONJ _ADV_ _NOUN_,1968739
и _ADJ_ _PRT_,1966867
мы _ADP_ _NOUN_,1965850
мы_NOUN _ADP_ _NOUN_,1965850
_START_ Это_NOUN _ADJ_,1965591
было_VERB _VERB_ _NOUN_,1963472
как _ADV_ _VERB_,1962259
спросил_VERB _NOUN_ ._.,1961032
спросил _NOUN_ ._.,1961032
спросил _NOUN_ .,1961032
спросил_VERB _NOUN_ .,1961032
"Он_NOUN _VERB_ ,",1960630
"Он _VERB_ ,_.",1960630
"Он _VERB_ ,",1960630
"Он_NOUN _VERB_ ,_.",1960630
¾ ¿ _X_,1960248
¾ ¿_X _X_,1960231
¾_X ¿ _X_,1960219
¾_X ¿_X _X_,1960219
свое_ADJ _NOUN_ _._,1959285
свое _NOUN_ _._,1959285
и _._ _CONJ_,1958983
и_CONJ _PRT_ _NOUN_,1958658
об_ADP _NOUN_ _NOUN_,1958029
об _NOUN_ _NOUN_,1958029
можно_ADV _VERB_ _ADP_,1955372
можно _VERB_ _ADP_,1955372
въ _NOUN_ _NOUN_,1954107
"ты _VERB_ ,",1946207
"ты _VERB_ ,_.",1946207
"ты_NOUN _VERB_ ,_.",1946132
"ты_NOUN _VERB_ ,",1946132
о _NOUN_ _CONJ_,1944980
о_ADP _NOUN_ _CONJ_,1944892
за _NUM_ _NOUN_,1942603
за_ADP _NUM_ _NOUN_,1942603
Но_CONJ _ADP_ _NOUN_,1941012
Но _ADP_ _NOUN_,1941012
В _NOUN_ _ADP_,1937239
В_ADP _NOUN_ _ADP_,1935912
как _NOUN_ .,1932420
как _NOUN_ ._.,1932417
не _ADV_ _ADV_,1931696
свой_ADJ _NOUN_ _._,1929972
свой _NOUN_ _._,1929972
_VERB_ _ADP_ мне_NOUN,1928792
_VERB_ _ADP_ мне,1928792
"того , чтобы",1927333
"Да ,_. _NOUN_",1927252
"Да , _NOUN_",1927252
"того , чтобы_CONJ",1927091
и _NOUN_ с,1926949
со _NOUN_ _NOUN_,1925783
того _._ чтобы,1925623
того _._ чтобы_CONJ,1925623
того_NOUN _._ чтобы,1925584
того_NOUN _._ чтобы_CONJ,1925584
и_CONJ _._ _CONJ_,1924730
"того ,_. чтобы_CONJ",1924437
"того ,_. чтобы",1924437
"того_NOUN , чтобы_CONJ",1924398
"того_NOUN ,_. чтобы_CONJ",1924398
"того_NOUN ,_. чтобы",1924398
"того_NOUN , чтобы",1924398
своим _NOUN_ _._,1924079
своим_ADJ _NOUN_ _._,1924079
_START_ Да _PRT_,1921753
и _NOUN_ с_ADP,1920909
_VERB_ _._ что_NOUN,1920698
вы _VERB_ _NOUN_,1919202
вы_NOUN _VERB_ _NOUN_,1919188
было _NOUN_ _._,1918097
_START_ _NUM_ _ADP_,1917824
было _VERB_ _ADP_,1917259
был_VERB _VERB_ _NOUN_,1916700
был _VERB_ _NOUN_,1916700
как_CONJ _NOUN_ .,1914004
как_CONJ _NOUN_ ._.,1914001
что_CONJ _ADJ_ _ADJ_,1911432
между _NOUN_ и,1909783
между_ADP _NOUN_ и,1909782
мой_ADJ _NOUN_ _._,1909648
мой _NOUN_ _._,1909648
которые _VERB_ _NOUN_,1906368
которые_NOUN _VERB_ _NOUN_,1906368
"она_NOUN _VERB_ ,",1905622
"она _VERB_ ,_.",1905622
"она_NOUN _VERB_ ,_.",1905622
"она _VERB_ ,",1905622
въ_ADP _NOUN_ _NOUN_,1904768
в _ADJ_ случае,1903221
в_ADP _ADJ_ случае,1903221
_VERB_ _ADJ_ -,1902983
_START_ _ADV_ в,1902865
_VERB_ _ADJ_ -_ADJ,1901476
между _NOUN_ и_CONJ,1901238
между_ADP _NOUN_ и_CONJ,1901237
и _VERB_ с,1900184
_START_ Да _._,1899931
_START_ Да_PRT _._,1899931
рядом _ADP_ _NOUN_,1898211
и _VERB_ с_ADP,1897847
в _ADJ_ случае_NOUN,1896526
в_ADP _ADJ_ случае_NOUN,1896526
такой_ADJ _NOUN_ _._,1896228
такой _NOUN_ _._,1896228
"может _VERB_ ,_.",1894105
"может _VERB_ ,",1894105
"может_VERB _VERB_ ,",1894024
"может_VERB _VERB_ ,_.",1894024
или _NOUN_ ._.,1893643
или_CONJ _NOUN_ .,1893643
или _NOUN_ .,1893643
или_CONJ _NOUN_ ._.,1893643
в _NOUN_ «,1893555
в_ADP _NOUN_ «,1893525
в том числе,1893209
друг_NOUN _ADP_ _NOUN_,1892840
друг _ADP_ _NOUN_,1892840
из _NOUN_ и,1892615
из_ADP _NOUN_ и,1892615
рядом_ADV _ADP_ _NOUN_,1891135
тебя _VERB_ _._,1890104
тебя_NOUN _VERB_ _._,1890104
то_CONJ _NOUN_ _VERB_,1888229
со_ADP _NOUN_ _NOUN_,1885891
я_NOUN _VERB_ в,1883171
я _VERB_ в,1883171
из _NOUN_ и_CONJ,1883041
из_ADP _NOUN_ и_CONJ,1883041
был _VERB_ _ADP_,1879979
был_VERB _VERB_ _ADP_,1879979
"_START_ _X_ ,",1879919
"_START_ _X_ ,_.",1879919
Он_NOUN _PRT_ _VERB_,1879038
Он _PRT_ _VERB_,1879038
что_NOUN _VERB_ _NOUN_,1876513
что_CONJ _VERB_ _ADJ_,1874153
уже_PRT не_PRT _VERB_,1874149
уже_PRT не _VERB_,1874149
уже не_PRT _VERB_,1874149
уже не _VERB_,1874149
так _ADV_ _VERB_,1872084
"это_NOUN _NOUN_ ,_.",1872071
"это_NOUN _NOUN_ ,",1872071
и_CONJ его_NOUN _NOUN_,1870958
и_CONJ его _NOUN_,1870958
не_PRT _ADV_ _ADV_,1870799
так_ADV _ADV_ _VERB_,1867472
было_VERB _VERB_ _ADP_,1866521
было_VERB _NOUN_ _._,1864056
_START_ Да_CONJ _PRT_,1861036
после _ADJ_ _NOUN_,1860185
после_ADP _ADJ_ _NOUN_,1860138
_START_ Как _VERB_,1860077
для _NOUN_ _CONJ_,1856328
для_ADP _NOUN_ _CONJ_,1856328
же _._ _END_,1856271
_START_ _ADV_ и,1856228
же_PRT _._ _END_,1855960
⋅ _X_ _X_,1853822
⋅_X _X_ _X_,1853314
в_ADP _ADJ_ числе,1852984
в _ADJ_ числе,1852984
в_ADP _ADJ_ числе_NOUN,1852984
в _ADJ_ числе_NOUN,1852984
что_CONJ _VERB_ _VERB_,1851480
»_NOUN _NOUN_ _NOUN_,1851446
"ни_CONJ _NOUN_ ,",1849722
"ни_CONJ _NOUN_ ,_.",1849722
этом _NOUN_ _._,1848760
в_ADP _ADJ_ же,1845863
в _ADJ_ же,1845863
в_ADP _ADJ_ же_PRT,1845862
в _ADJ_ же_PRT,1845862
_START_ 4_NUM _._,1845191
_START_ 4 _._,1845191
_START_ _._ Так_ADV,1845073
эти _NOUN_ _._,1844755
эти_ADJ _NOUN_ _._,1844755
все _ADP_ _NOUN_,1844223
только _ADP_ _ADJ_,1843284
только_PRT _ADP_ _ADJ_,1841983
_PRT_ только _NOUN_,1841111
_PRT_ только_PRT _NOUN_,1841110
тем _._ что,1837246
тем_NOUN _._ что,1836887
"тем , что",1836760
"тем ,_. что",1836611
Она _VERB_ _ADP_,1836302
Она_NOUN _VERB_ _ADP_,1836302
"тем_NOUN , что",1836252
"тем_NOUN ,_. что",1836252
_START_ _ADV_ в_ADP,1835904
эту _NOUN_ _._,1833882
эту_ADJ _NOUN_ _._,1833882
_START_ --_. Так_ADV,1832334
_START_ -- Так_ADV,1832334
это_NOUN _NOUN_ _NOUN_,1829954
в _NUM_ г._NOUN,1826332
в_ADP _NUM_ г.,1826332
в_ADP _NUM_ г._NOUN,1826332
в _NUM_ г.,1826332
"все _VERB_ ,",1824984
"все _VERB_ ,_.",1824984
без _NOUN_ .,1823504
без _NOUN_ ._.,1823504
без_ADP _NOUN_ ._.,1823501
без_ADP _NOUN_ .,1823501
есть_VERB _ADJ_ _NOUN_,1821638
это _VERB_ _ADJ_,1821600
в _ADJ_ _CONJ_,1821341
в_ADP _ADJ_ _CONJ_,1821341
это_NOUN _VERB_ _ADJ_,1820958
"свою_ADJ _NOUN_ ,_.",1819979
"свою _NOUN_ ,",1819979
"свою_ADJ _NOUN_ ,",1819979
"свою _NOUN_ ,_.",1819979
Да_PRT _._ _NOUN_,1819674
_START_ _._ У,1817368
в_ADP том_ADJ числе,1816100
в_ADP том_ADJ числе_NOUN,1816100
в_ADP том числе_NOUN,1816100
в_ADP том числе,1816100
в том_ADJ числе,1816100
в том числе_NOUN,1816100
в том_ADJ числе_NOUN,1816100
у_ADP _NOUN_ в,1811788
у _NOUN_ в,1811788
¿ _X_ ¹,1809870
¿ _X_ ¹_X,1809850
того _._ _NOUN_,1809755
¿_X _X_ ¹,1809695
¿_X _X_ ¹_X,1809675
¿ _X_ ¶,1809215
¿_X _X_ ¶,1809181
и_CONJ _PRT_ _ADV_,1808615
может _VERB_ _ADP_,1808068
может_VERB _VERB_ _ADP_,1807973
ты _VERB_ _NOUN_,1807513
ты_NOUN _VERB_ _NOUN_,1807435
_START_ Нет_PRT _._,1807215
_START_ Нет _._,1807215
того_NOUN _._ _NOUN_,1806947
_START_ Его_NOUN _NOUN_,1806070
_START_ Его _NOUN_,1806070
у _NOUN_ в_ADP,1805929
у_ADP _NOUN_ в_ADP,1805929
все _._ что,1805305
¿ _X_ ¶_X,1805289
¿_X _X_ ¶_X,1805255
"все , что",1803177
"все ,_. что",1802927
не _VERB_ --,1800844
не _VERB_ --_.,1800844
не_PRT _VERB_ --_.,1800842
не_PRT _VERB_ --,1800842
_START_ _NOUN_ (,1800064
_START_ _NOUN_ (_.,1800010
один _NOUN_ _._,1799686
и_CONJ с _NOUN_,1796126
и_CONJ с_ADP _NOUN_,1795905
_START_ « _ADJ_,1793152
_START_ «_NOUN _ADJ_,1792911
"своей _NOUN_ ,",1792154
"своей_ADJ _NOUN_ ,",1792154
"своей_ADJ _NOUN_ ,_.",1792154
"своей _NOUN_ ,_.",1792154
все_NOUN _._ что,1791600
если _PRT_ _NOUN_,1790013
если_CONJ _PRT_ _NOUN_,1790013
я _VERB_ в_ADP,1789409
я_NOUN _VERB_ в_ADP,1789409
"все_NOUN , что",1789346
"все_NOUN ,_. что",1789346
_START_ _NOUN_ «,1788189
_START_ _._ У_ADP,1788094
С _NOUN_ _NOUN_,1787602
_START_ _NOUN_ ),1787393
_START_ _NOUN_ )_.,1787393
_START_ _VERB_ _CONJ_,1785680
что в_ADP _ADJ_,1785010
что в _ADJ_,1785010
"как _VERB_ ,_.",1782787
"как _VERB_ ,",1782787
и_CONJ _NOUN_ с,1780868
"_VERB_ ,_. что_NOUN",1777992
"_VERB_ , что_NOUN",1777992
и_CONJ _NOUN_ с_ADP,1775192
и_CONJ _ADJ_ _ADP_,1775035
_START_ _CONJ_ все,1772997
"только _NOUN_ ,_.",1771162
"только _NOUN_ ,",1771162
так _._ _END_,1769797
так_ADV _._ _END_,1769797
я _NOUN_ _._,1769746
и _PRT_ _ADJ_,1769523
"Да_PRT ,_. _NOUN_",1769376
"Да_PRT , _NOUN_",1769376
во время _NOUN_,1769340
во_ADP время _NOUN_,1769340
во_ADP время_ADP _NOUN_,1769267
во время_ADP _NOUN_,1769267
и _NOUN_ на,1769235
и _NOUN_ на_ADP,1767917
как _VERB_ _ADP_,1766918
»_NOUN _VERB_ _NOUN_,1766821
можно_ADV _VERB_ _NOUN_,1763332
можно _VERB_ _NOUN_,1763332
_START_ -- У,1762746
_START_ --_. У,1762684
"только_PRT _NOUN_ ,",1761287
"только_PRT _NOUN_ ,_.",1761287
_START_ » _NOUN_,1760984
и _CONJ_ _NOUN_,1760710
С_ADP _NOUN_ _NOUN_,1759970
¿ _X_ ±,1754769
¿_X _X_ ±,1754730
я_NOUN _NOUN_ _._,1754726
и_CONJ _ADJ_ _PRT_,1753591
что _VERB_ _ADV_,1751140
что_CONJ в_ADP _ADJ_,1748458
что_CONJ в _ADJ_,1748458
же _VERB_ _ADP_,1748043
его_NOUN _VERB_ .,1747834
его _VERB_ .,1747834
его _VERB_ ._.,1747834
его_NOUN _VERB_ ._.,1747834
¿ _X_ ±_X,1747748
¿_X _X_ ±_X,1747709
же_PRT _VERB_ _ADP_,1747189
"того , _NOUN_",1746772
"того ,_. _NOUN_",1746771
"того_NOUN , _NOUN_",1744019
"того_NOUN ,_. _NOUN_",1744019
и_PRT _NOUN_ _NOUN_,1742653
в _ADJ_ .,1742404
в_ADP _ADJ_ .,1742401
в _ADJ_ ._.,1742366
в_ADP _ADJ_ ._.,1742363
"уже _VERB_ ,",1741295
"уже _VERB_ ,_.",1741295
"уже_PRT _VERB_ ,_.",1741239
"уже_PRT _VERB_ ,",1741239
мне_NOUN _ADP_ _NOUN_,1739757
мне _ADP_ _NOUN_,1739757
и_PRT _NOUN_ _VERB_,1739381
_VERB_ _._ на,1737791
более_ADV _ADJ_ _._,1737412
более _ADJ_ _._,1737412
_VERB_ _._ на_ADP,1736840
но_CONJ _NOUN_ не,1735612
но _NOUN_ не,1735612
но _NOUN_ не_PRT,1735601
но_CONJ _NOUN_ не_PRT,1735601
_START_ _CONJ_ как,1734636
_VERB_ _ADP_ нем,1733940
_VERB_ _ADP_ нем_NOUN,1733940
_START_ -- У_ADP,1733892
_START_ --_. У_ADP,1733892
и_PRT _ADJ_ _._,1733872
а _PRT_ _NOUN_,1730709
но _PRT_ _NOUN_,1730126
но_CONJ _PRT_ _NOUN_,1730126
а_CONJ _PRT_ _NOUN_,1729951
Для_ADP _NOUN_ _NOUN_,1728804
Для _NOUN_ _NOUN_,1728804
_START_ Ну_ADV _._,1728387
_START_ Ну _._,1728387
_START_ _VERB_ и,1728097
под_ADP _NOUN_ .,1727198
под _NOUN_ ._.,1727198
под _NOUN_ .,1727198
под_ADP _NOUN_ ._.,1727198
_START_ М. _._,1726055
_START_ М._CONJ _._,1726055
тем _._ что_CONJ,1725795
других_ADJ _NOUN_ _._,1725530
других _NOUN_ _._,1725530
тем_NOUN _._ что_CONJ,1725449
"тем ,_. что_CONJ",1725441
"тем , что_CONJ",1725441
"тем_NOUN ,_. что_CONJ",1725095
"тем_NOUN , что_CONJ",1725095
но_CONJ _ADP_ _ADJ_,1724822
но _ADP_ _ADJ_,1724822
еще_PRT _ADP_ _NOUN_,1724235
еще _ADP_ _NOUN_,1724235
_VERB_ _ADP_ своей_ADJ,1723885
_VERB_ _ADP_ своей,1723885
только _NOUN_ _VERB_,1723700
меня_NOUN _VERB_ _NOUN_,1722967
меня _VERB_ _NOUN_,1722967
было _ADJ_ _NOUN_,1722166
и_CONJ _VERB_ с,1720513
бы _NOUN_ _PRT_,1718918
и_CONJ _VERB_ с_ADP,1718659
к _ADJ_ _ADJ_,1718462
к_ADP _ADJ_ _ADJ_,1718301
а также _NOUN_,1717119
а_CONJ также _NOUN_,1717118
а_CONJ также_CONJ _NOUN_,1716760
а также_CONJ _NOUN_,1716760
прямо _ADP_ _NOUN_,1716070
_START_ Я _NOUN_,1715075
_START_ Я_NOUN _NOUN_,1715075
было_VERB _ADJ_ _NOUN_,1714938
все _ADJ_ _._,1711710
на _NOUN_ с,1711055
на_ADP _NOUN_ с,1710714
который_NOUN _VERB_ _NOUN_,1709961
который _VERB_ _NOUN_,1709961
на _NOUN_ с_ADP,1709380
где_ADV _VERB_ _NOUN_,1709316
где _VERB_ _NOUN_,1709316
на_ADP _NOUN_ с_ADP,1709039
"и_PRT _VERB_ ,_.",1708641
"и_PRT _VERB_ ,",1708641
это_ADJ _NOUN_ _._,1708219
прямо_ADV _ADP_ _NOUN_,1708107
она_NOUN не_PRT _VERB_,1707739
она не _VERB_,1707739
она не_PRT _VERB_,1707739
она_NOUN не _VERB_,1707739
то _ADP_ _NOUN_,1707631
бы_PRT _ADP_ _NOUN_,1707316
себя _._ _END_,1704263
себя_NOUN _._ _END_,1704263
что _._ _END_,1704164
_START_ В _ADP_,1704041
_START_ В_ADP _ADP_,1704041
может быть_VERB _._,1701911
может быть _._,1701911
может_VERB быть _._,1701911
может_VERB быть_VERB _._,1701911
а _NOUN_ _ADP_,1701509
это _._ _END_,1700490
это_NOUN _._ _END_,1700403
и_CONJ _ADV_ .,1699262
и_CONJ _ADV_ ._.,1699261
а_CONJ _NOUN_ _ADP_,1699143
на _VERB_ _NOUN_,1699141
"под_ADP _NOUN_ ,",1698147
"под _NOUN_ ,",1698147
"под_ADP _NOUN_ ,_.",1698147
"под _NOUN_ ,_.",1698147
_START_ _ADJ_ _CONJ_,1697961
этих_ADJ _NOUN_ _._,1697022
этих _NOUN_ _._,1697022
чем _NOUN_ _VERB_,1696342
потому _._ _CONJ_,1695872
потому_ADV _._ _CONJ_,1695872
Российской_ADJ _NOUN_ _._,1695381
Российской _NOUN_ _._,1695381
вы _VERB_ _VERB_,1694958
вы_NOUN _VERB_ _VERB_,1694952
"потому , _CONJ_",1694246
и_CONJ _CONJ_ _NOUN_,1693032
как _ADV_ _._,1691874
потому_ADV _._ что,1691516
потому _._ что,1691516
между _NOUN_ _._,1690861
между_ADP _NOUN_ _._,1690861
"потому_ADV , _CONJ_",1689374
"потому_ADV ,_. _CONJ_",1689374
"потому ,_. _CONJ_",1689374
уже _ADP_ _NOUN_,1689223
уже_PRT _ADP_ _NOUN_,1689198
"потому , что",1688967
"потому ,_. что",1688402
"потому_ADV ,_. что",1688402
"потому_ADV , что",1688402
а _ADV_ _NOUN_,1687852
Как _NOUN_ _VERB_,1687702
"В _NOUN_ ,",1686813
"В _NOUN_ ,_.",1686813
"В_ADP _NOUN_ ,_.",1686141
"В_ADP _NOUN_ ,",1686141
не _PRT_ _NOUN_,1685980
не_PRT _PRT_ _NOUN_,1685977
на_ADP _VERB_ _NOUN_,1685910
и я _VERB_,1685631
и я_NOUN _VERB_,1685631
своей_ADJ _NOUN_ ._.,1684532
своей _NOUN_ .,1684532
своей_ADJ _NOUN_ .,1684532
своей _NOUN_ ._.,1684532
_PRT_ я_NOUN _VERB_,1683827
_PRT_ я _VERB_,1683827
она _VERB_ _ADJ_,1683530
она_NOUN _VERB_ _ADJ_,1683530
бы _ADJ_ _NOUN_,1682805
все _ADV_ _._,1681892
а_CONJ _ADV_ _NOUN_,1680940
Нет _._ _NOUN_,1680758
только_PRT _NOUN_ _VERB_,1676345
¾ ± _X_,1675517
в соответствии _ADP_,1674597
в_ADP соответствии _ADP_,1674597
¾ ±_X _X_,1673848
¾_X ±_X _X_,1673082
¾_X ± _X_,1673082
тех _NOUN_ _._,1673053
_START_ Так _CONJ_,1671719
_START_ При этом,1670754
_START_ При_ADP этом,1670686
на _NOUN_ --_.,1670619
на _NOUN_ --,1670619
же _._ _CONJ_,1670267
на_ADP _NOUN_ --_.,1670014
на_ADP _NOUN_ --,1670014
же_PRT _._ _CONJ_,1669750
она _VERB_ _VERB_,1669149
она_NOUN _VERB_ _VERB_,1669149
не _ADV_ .,1668739
не _ADV_ ._.,1668735
тех_ADJ _NOUN_ _._,1668089
один_NUM _NOUN_ _._,1667989
¿ ³ _X_,1666568
¿ ³_X _X_,1666079
¿_X ³ _X_,1665979
¿_X ³_X _X_,1665979
и_CONJ _NOUN_ на,1665767
через_ADP _NUM_ _NOUN_,1665131
через _NUM_ _NOUN_,1665131
_START_ И_CONJ _CONJ_,1664537
_START_ И _CONJ_,1664537
и_CONJ _NOUN_ на_ADP,1664525
"а _NOUN_ ,_.",1663893
"а _NOUN_ ,",1663893
"а_CONJ _NOUN_ ,",1662182
"а_CONJ _NOUN_ ,_.",1662182
только _VERB_ _._,1661831
что _VERB_ .,1661368
что _VERB_ ._.,1661368
_START_ Кроме _NOUN_,1660299
_START_ Кроме_ADP _NOUN_,1660299
в _NOUN_ от,1660285
в_ADP _NOUN_ от,1660277
в _NOUN_ от_ADP,1660266
в_ADP _NOUN_ от_ADP,1660259
"так _VERB_ ,_.",1658602
"так _VERB_ ,",1658602
но _NOUN_ _ADV_,1658130
но_CONJ _NOUN_ _ADV_,1658130
ее _._ _END_,1657839
ее_NOUN _._ _END_,1657839
этого _NOUN_ _VERB_,1657445
"так_ADV _VERB_ ,",1656737
"так_ADV _VERB_ ,_.",1656737
_VERB_ _._ как_ADV,1656677
только_PRT _VERB_ _._,1654886
"_START_ Ну ,",1654882
"_START_ Ну ,_.",1654708
"_START_ Ну_ADV ,",1654708
"_START_ Ну_ADV ,_.",1654708
этот_ADJ _NOUN_ _NOUN_,1654443
этот _NOUN_ _NOUN_,1654443
не_PRT _ADV_ .,1653138
не_PRT _ADV_ ._.,1653134
я_NOUN _VERB_ .,1652269
я _VERB_ .,1652269
я_NOUN _VERB_ ._.,1652269
я _VERB_ ._.,1652269
А _ADV_ _._,1651954
_VERB_ _NOUN_ до,1650947
_START_ 3 .,1650228
_START_ 3_NUM .,1650212
_START_ 3_NUM ._.,1650212
_START_ 3 ._.,1650212
было _ADV_ _._,1649620
А _CONJ_ _NOUN_,1649070
потому_ADV _._ что_CONJ,1647359
потому _._ что_CONJ,1647359
быть _ADJ_ _._,1646511
быть_VERB _ADJ_ _._,1646502
"потому , что_CONJ",1645636
это _ADP_ _NOUN_,1645570
А_CONJ _ADV_ _._,1645304
"потому ,_. что_CONJ",1645231
"потому_ADV ,_. что_CONJ",1645231
"потому_ADV , что_CONJ",1645231
его _ADP_ _ADJ_,1644942
его_NOUN _ADP_ _ADJ_,1644942
"все_NOUN _VERB_ ,_.",1644628
"все_NOUN _VERB_ ,",1644628
это_NOUN _ADP_ _NOUN_,1643898
все _VERB_ _ADP_,1643376
все _VERB_ ._.,1643059
все _VERB_ .,1643059
У _NOUN_ _NOUN_,1642585
что-то _VERB_ _._,1642110
"Нет ,_. _NOUN_",1641946
"Нет , _NOUN_",1641946
У_ADP _NOUN_ _NOUN_,1641936
было_VERB _ADV_ _._,1638804
»_NOUN и _NOUN_,1638470
»_NOUN и_CONJ _NOUN_,1638390
_START_ »_NOUN _._,1637096
что_NOUN _VERB_ _ADP_,1636529
"А _NOUN_ ,",1635386
"А _NOUN_ ,_.",1635386
_START_ Так_ADV _._,1634353
_START_ Так _._,1634353
_START_ Все _VERB_,1634219
в _ADJ_ момент_NOUN,1633204
в _ADJ_ момент,1633204
в_ADP _ADJ_ момент_NOUN,1633204
в_ADP _ADJ_ момент,1633204
_START_ При_ADP этом_NOUN,1632120
_START_ При этом_NOUN,1632120
еще _NOUN_ _._,1632002
еще_PRT _NOUN_ _._,1632002
лет_NOUN _._ _END_,1631751
лет _._ _END_,1631751
ему_NOUN _VERB_ _._,1631237
ему _VERB_ _._,1631237
_START_ А_CONJ _ADJ_,1629489
_START_ А _ADJ_,1629489
что-то_NOUN _VERB_ _._,1626517
на то_NOUN _._,1625162
на то _._,1625162
на_ADP то _._,1625132
на_ADP то_NOUN _._,1625132
мы _VERB_ _VERB_,1625005
мы_NOUN _VERB_ _VERB_,1625005
"это _VERB_ ,",1624648
"это _VERB_ ,_.",1624648
"это_NOUN _VERB_ ,_.",1624346
"это_NOUN _VERB_ ,",1624346
но не _VERB_,1623938
но не_PRT _VERB_,1623938
но_CONJ не _VERB_,1623938
но_CONJ не_PRT _VERB_,1623938
_START_ Но _._,1623806
_START_ Но_CONJ _._,1623806
по _ADJ_ _ADJ_,1623664
что_NOUN _._ _END_,1623447
по_ADP _ADJ_ _ADJ_,1623372
"же , _CONJ_",1623196
"же ,_. _CONJ_",1623174
"же_PRT , _CONJ_",1622659
"же_PRT ,_. _CONJ_",1622659
глаза _._ _END_,1620669
глаза_NOUN _._ _END_,1620669
"_START_ Да ,",1620228
три _NOUN_ _._,1620062
три_NUM _NOUN_ _._,1620062
"_START_ Да_PRT ,_.",1620052
"_START_ Да_PRT ,",1620052
"_START_ Да ,_.",1620052
в _ADJ_ -,1617905
в_ADP _ADJ_ -,1617901
всех _ADJ_ _NOUN_,1616954
"мне_NOUN _VERB_ ,_.",1616855
"мне _VERB_ ,_.",1616855
"мне _VERB_ ,",1616855
"мне_NOUN _VERB_ ,",1616855
в _ADJ_ -_ADJ,1616801
в_ADP _ADJ_ -_ADJ,1616797
о _NOUN_ и,1616014
так и _VERB_,1615996
о_ADP _NOUN_ и,1615930
_VERB_ _NOUN_ до_ADP,1614425
_START_ _ADP_ этого_NOUN,1613334
_START_ Вот _NOUN_,1613118
_START_ Вот_PRT _NOUN_,1613118
а _NOUN_ _ADJ_,1611330
рядом с _NOUN_,1611007
рядом с_ADP _NOUN_,1611007
ни _VERB_ _._,1610830
а_CONJ _NOUN_ _ADJ_,1610075
"вы _VERB_ ,",1609700
"вы _VERB_ ,_.",1609700
"вы_NOUN _VERB_ ,_.",1609685
"вы_NOUN _VERB_ ,",1609685
»_NOUN _NOUN_ _VERB_,1607643
но _ADV_ _VERB_,1606909
но_CONJ _ADV_ _VERB_,1606909
"на то ,",1605733
"на то_NOUN ,",1605601
"на то ,_.",1605601
"на то_NOUN ,_.",1605601
"на_ADP то ,_.",1605572
"на_ADP то ,",1605572
"на_ADP то_NOUN ,_.",1605572
"на_ADP то_NOUN ,",1605572
рядом_ADV с _NOUN_,1605493
рядом_ADV с_ADP _NOUN_,1605493
"А_CONJ _NOUN_ ,",1605321
"А_CONJ _NOUN_ ,_.",1605321
и_PRT _VERB_ .,1605313
и_PRT _VERB_ ._.,1605313
всех_ADJ _ADJ_ _NOUN_,1604699
_START_ Ты _VERB_,1604103
_START_ Ты_NOUN _VERB_,1604103
о _NOUN_ и_CONJ,1603500
о_ADP _NOUN_ и_CONJ,1603419
ему _ADP_ _NOUN_,1601708
ему_NOUN _ADP_ _NOUN_,1601708
_START_ _ADJ_ образом,1601373
_START_ _ADJ_ образом_NOUN,1601360
"мы_NOUN _VERB_ ,_.",1600197
"мы _VERB_ ,",1600197
"мы_NOUN _VERB_ ,",1600197
"мы _VERB_ ,_.",1600197
Но _ADJ_ _NOUN_,1599718
Но_CONJ _ADJ_ _NOUN_,1599718
А_CONJ _CONJ_ _NOUN_,1599190
_START_ _._ Мы,1596727
_START_ _._ Мы_NOUN,1596727
на _NOUN_ не,1596641
на _NOUN_ не_PRT,1596561
на_ADP _NOUN_ не,1596158
на_ADP _NOUN_ не_PRT,1596078
_START_ _._ Как_ADV,1593475
не знаю _._,1593215
не знаю_VERB _._,1593215
не_PRT знаю_VERB _._,1593215
не_PRT знаю _._,1593215
_START_ Так_CONJ _CONJ_,1590222
_VERB_ _._ она_NOUN,1590009
_VERB_ _._ она,1590009
и_CONJ я _VERB_,1588897
и_CONJ я_NOUN _VERB_,1588897
Кроме_ADP _NOUN_ _._,1588061
Кроме _NOUN_ _._,1588061
но _PRT_ _ADP_,1586970
но_CONJ _PRT_ _ADP_,1586970
Российской Федерации _._,1586246
Российской Федерации_NOUN _._,1586246
Российской_ADJ Федерации_NOUN _._,1586246
Российской_ADJ Федерации _._,1586246
была _ADJ_ _._,1584936
была_VERB _ADJ_ _._,1584936
_VERB_ ..._. _CONJ_,1583921
_VERB_ ... _CONJ_,1583921
без _NOUN_ _NOUN_,1583447
без_ADP _NOUN_ _NOUN_,1583370
"_VERB_ ,_. это",1581274
"_VERB_ , это",1581274
когда _VERB_ _NOUN_,1580945
_START_ -- Мы,1580734
_START_ --_. Мы,1580648
_START_ --_. Мы_NOUN,1580648
_START_ -- Мы_NOUN,1580648
этом _NOUN_ _NOUN_,1578978
_START_ -- Как_ADV,1578821
_START_ --_. Как_ADV,1578821
Это _ADJ_ _NOUN_,1578387
"_START_ _NUM_ ,_.",1578163
"_START_ _NUM_ ,",1578163
на _NOUN_ _NUM_,1577420
на_ADP _NOUN_ _NUM_,1576856
меня _NOUN_ _._,1576652
меня_NOUN _NOUN_ _._,1576652
их_NOUN _NOUN_ _ADP_,1576616
их _NOUN_ _ADP_,1576616
Это_NOUN _ADJ_ _NOUN_,1575829
или _VERB_ _NOUN_,1574162
или_CONJ _VERB_ _NOUN_,1574162
"тех _NOUN_ ,",1574073
"тех _NOUN_ ,_.",1574073
не _VERB_ его_NOUN,1573981
не_PRT _VERB_ его,1573981
не_PRT _VERB_ его_NOUN,1573981
не _VERB_ его,1573981
"тех_ADJ _NOUN_ ,",1569598
"тех_ADJ _NOUN_ ,_.",1569598
только _VERB_ _NOUN_,1569187
_VERB_ _NOUN_ его_NOUN,1569088
_VERB_ _NOUN_ его,1569088
и _PRT_ _ADP_,1568852
они _VERB_ _VERB_,1568597
они_NOUN _VERB_ _VERB_,1568597
"_VERB_ ,_. это_NOUN",1565195
"_VERB_ , это_NOUN",1565195
Он_NOUN _VERB_ _ADJ_,1564565
Он _VERB_ _ADJ_,1564565
только_PRT _VERB_ _NOUN_,1564064
не_PRT мог _VERB_,1563070
не_PRT мог_VERB _VERB_,1563070
не мог_VERB _VERB_,1563070
