ngram,freq
_VERB_ _._ _CONJ_ _NOUN_,56273898
"_VERB_ , _CONJ_ _NOUN_",54865966
в _ADJ_ _NOUN_ _._,41673879
не _VERB_ _._ _END_,37388980
в _NOUN_ _._ _END_,35506733
в _NOUN_ . _END_,31057240
не _VERB_ . _END_,30956616
_START_ _NOUN_ _VERB_ _NOUN_,30409263
_VERB_ _._ что _NOUN_,28573144
"_VERB_ , что _NOUN_",28502146
_START_ _ADP_ _ADJ_ _NOUN_,27503175
_START_ _NOUN_ _VERB_ _ADP_,26532899
и _ADJ_ _NOUN_ _._,26163738
_START_ _NOUN_ _VERB_ _._,25253044
на _NOUN_ _._ _END_,25081624
и _NOUN_ _._ _END_,25060284
_START_ _ADP_ _NOUN_ _NOUN_,24511297
в _NOUN_ _NOUN_ _._,22820195
на _NOUN_ . _END_,22273713
и _NOUN_ . _END_,22066914
на _ADJ_ _NOUN_ _._,22038126
_START_ _._ _VERB_ _NOUN_,20931676
_START_ _._ _NOUN_ _._,20698360
_START_ -- _VERB_ _NOUN_,20598091
и _VERB_ _ADP_ _NOUN_,19759977
_START_ _NOUN_ _NOUN_ _VERB_,19400052
_START_ _NUM_ _._ _END_,19382476
_START_ -- _NOUN_ _._,19012263
_VERB_ _._ _NOUN_ _VERB_,18962246
"в _ADJ_ _NOUN_ ,",18959997
_VERB_ _._ _CONJ_ _VERB_,18886977
_START_ _NUM_ . _END_,18728069
_START_ _NOUN_ _._ _END_,18639830
_START_ _NOUN_ _ADP_ _NOUN_,18618844
в _NOUN_ _ADJ_ _NOUN_,18313803
"_VERB_ , _CONJ_ _VERB_",18212969
_START_ _._ _NOUN_ _VERB_,18084250
_START_ _ADJ_ _NOUN_ _VERB_,17743892
_START_ _NOUN_ _ADV_ _VERB_,17575789
_START_ -- _NOUN_ _VERB_,17553091
_START_ _NOUN_ _ADJ_ _NOUN_,16853441
"_START_ _NOUN_ _VERB_ ,",16611838
_START_ _ADJ_ _NOUN_ _._,16606196
_START_ _NOUN_ _NOUN_ _NOUN_,16602271
¿ _X_ _X_ _X_,16065761
в _ADJ_ _NOUN_ .,15923406
_START_ _NOUN_ _PRT_ _VERB_,15860264
_START_ _NOUN_ . _END_,15325094
не _VERB_ _._ _CONJ_,15279278
в _NOUN_ _._ _CONJ_,15155932
"_VERB_ , _NOUN_ _VERB_",15103359
в _ADJ_ _NOUN_ _NOUN_,14969829
_START_ _ADJ_ _NOUN_ _NOUN_,14869156
_START_ _CONJ_ _NOUN_ _VERB_,14798190
"не _VERB_ , _CONJ_",14734990
"в _NOUN_ , _CONJ_",14563922
с _ADJ_ _NOUN_ _._,14556770
на _NOUN_ _NOUN_ _._,14440471
не _VERB_ _NOUN_ _._,14413664
_START_ _NOUN_ _NOUN_ _._,14383135
_VERB_ _._ _CONJ_ _ADP_,14322254
_START_ _ADP_ _NOUN_ _VERB_,14162321
"_VERB_ , _CONJ_ _ADP_",13973714
с _NOUN_ _._ _END_,13848754
и _NOUN_ _NOUN_ _._,13825931
_VERB_ _._ _CONJ_ _ADJ_,13729994
не _VERB_ _ADP_ _NOUN_,13728187
"_VERB_ , _CONJ_ _ADJ_",13425339
_START_ _._ _NOUN_ _NOUN_,13367698
_START_ _NOUN_ _VERB_ _ADJ_,13353949
_VERB_ _._ _VERB_ _NOUN_,13285735
в _NOUN_ _NOUN_ _NOUN_,13187658
_VERB_ _._ _VERB_ _._,13056037
_START_ _NOUN_ _._ _NOUN_,13054462
и _VERB_ _NOUN_ _._,12758223
_START_ -- _NOUN_ _NOUN_,12498107
_START_ _VERB_ _ADP_ _NOUN_,12055940
"_VERB_ , _VERB_ _NOUN_",11859257
_VERB_ _._ _NOUN_ _._,11510476
с _NOUN_ . _END_,11475442
"_VERB_ , _VERB_ _._",11192098
_START_ _ADV_ _NOUN_ _VERB_,11146123
_VERB_ _._ _CONJ_ _ADV_,11100773
"_START_ _._ _NOUN_ ,",11074765
_VERB_ _._ _._ _VERB_,10984015
и _ADJ_ _NOUN_ .,10954693
_VERB_ _._ _NOUN_ _NOUN_,10950894
_START_ _ADP_ _NOUN_ _._,10917284
"и _ADJ_ _NOUN_ ,",10872365
_VERB_ _._ _ADP_ _NOUN_,10814970
_START_ _._ _VERB_ _._,10810597
_START_ _NOUN_ _VERB_ _VERB_,10801452
_START_ В _ADJ_ _NOUN_,10758604
¾ _X_ _X_ _X_,10724040
_VERB_ _._ _CONJ_ _PRT_,10714046
"_START_ -- _NOUN_ ,",10685649
_VERB_ _._ -- _VERB_,10681825
в _NOUN_ _ADP_ _NOUN_,10650649
к _NOUN_ _._ _END_,10608916
_START_ -- _VERB_ _._,10607441
и _NOUN_ _ADJ_ _NOUN_,10575538
"_VERB_ , _CONJ_ _ADV_",10537425
на _NOUN_ _ADJ_ _NOUN_,10332434
в _ADJ_ _NOUN_ _VERB_,10294852
_START_ _VERB_ _NOUN_ _._,10251758
"_VERB_ , _CONJ_ _PRT_",10206918
и _NOUN_ _ADP_ _NOUN_,10119835
"в _NOUN_ _NOUN_ ,",10081099
"на _ADJ_ _NOUN_ ,",9815579
и _VERB_ _._ _END_,9677901
и _ADJ_ _NOUN_ _NOUN_,9572985
к _NOUN_ . _END_,9572073
в _NOUN_ _._ _NOUN_,9485174
_START_ _._ _ADV_ _._,9409568
на _NOUN_ _._ _CONJ_,9358473
_START_ -- _ADV_ _._,9280012
в _NOUN_ _NOUN_ .,9138655
_START_ _NOUN_ не _VERB_,9115047
в _NOUN_ _._ _VERB_,8994718
не _VERB_ _ADJ_ _NOUN_,8989724
в _ADJ_ _ADJ_ _NOUN_,8979177
"на _NOUN_ , _CONJ_",8972266
и _VERB_ _ADJ_ _NOUN_,8915118
на _ADJ_ _NOUN_ .,8887160
"_VERB_ , _._ _VERB_",8870879
"_VERB_ , -- _VERB_",8845011
"_START_ _ADJ_ _NOUN_ ,",8822048
_VERB_ _._ _VERB_ _ADP_,8801348
_START_ _ADP_ _NOUN_ _ADJ_,8742770
и _NOUN_ _._ _CONJ_,8686501
_START_ _._ _CONJ_ _NOUN_,8668324
_VERB_ _._ _ADJ_ _NOUN_,8661249
и _VERB_ . _END_,8580405
"_VERB_ , _ADP_ _NOUN_",8579012
_START_ -- _CONJ_ _NOUN_,8393731
"в _NOUN_ , _VERB_",8380381
_START_ _._ _ADP_ _NOUN_,8364353
_START_ _NOUN_ _VERB_ _ADV_,8317528
"_VERB_ , _NOUN_ _._",8242096
"и _NOUN_ , _CONJ_",8214400
и _NOUN_ _NOUN_ _NOUN_,8185597
_START_ _._ _NOUN_ _PRT_,8136029
и _NOUN_ _._ _NOUN_,8134006
_START_ _ADV_ _._ _NOUN_,8078387
"_VERB_ , _VERB_ _ADP_",8064164
_START_ _ADJ_ _ADJ_ _NOUN_,8055438
_START_ -- _NOUN_ _PRT_,8055317
и _ADP_ _ADJ_ _NOUN_,7977571
_START_ -- _ADP_ _NOUN_,7915401
"_VERB_ _._ _VERB_ ,",7882812
_VERB_ _._ что _VERB_,7857838
"_VERB_ , что _VERB_",7811073
с _NOUN_ _NOUN_ _._,7801708
его _NOUN_ _._ _END_,7796161
_START_ _X_ _X_ _X_,7732069
_VERB_ _._ что _ADJ_,7686269
"_VERB_ , что _ADJ_",7667808
"_START_ _ADV_ , _NOUN_",7647992
_START_ _._ _PRT_ _._,7562918
"_START_ _ADP_ _NOUN_ ,",7558270
_VERB_ _._ что _ADP_,7547059
_START_ -- _PRT_ _._,7536871
_START_ _VERB_ _ADJ_ _NOUN_,7526263
"_VERB_ , что _ADP_",7523091
_START_ _ADJ_ _NOUN_ _ADP_,7470154
на _ADJ_ _NOUN_ _NOUN_,7459468
"_START_ _._ _VERB_ ,",7426931
и _VERB_ _NOUN_ _ADP_,7396355
в _NOUN_ _NOUN_ _VERB_,7348113
"_START_ -- _VERB_ ,",7345253
к _ADJ_ _NOUN_ _._,7234851
и _VERB_ _NOUN_ _NOUN_,7220357
_VERB_ _._ _ADV_ _VERB_,7161338
_VERB_ _._ _._ _NOUN_,7141758
_START_ _._ _ADV_ _VERB_,7096912
в _NOUN_ _VERB_ _NOUN_,7067906
_START_ _NOUN_ _NUM_ _._,7055986
_START_ -- _ADV_ _VERB_,6999284
его _NOUN_ . _END_,6988841
"_VERB_ , _VERB_ ,",6985432
_START_ _CONJ_ _ADP_ _NOUN_,6965316
по _ADJ_ _NOUN_ _._,6931566
_START_ _._ _ADJ_ _NOUN_,6909648
_START_ _NOUN_ _VERB_ в,6907554
за _NOUN_ _._ _END_,6883100
"_START_ _NOUN_ , _NOUN_",6820048
"с _ADJ_ _NOUN_ ,",6773575
"в _NOUN_ , _NOUN_",6745374
"_START_ _NOUN_ _NOUN_ ,",6742322
на _NOUN_ _ADP_ _NOUN_,6734722
на _NOUN_ _._ _VERB_,6725168
_START_ _NOUN_ _._ _VERB_,6714555
в _ADJ_ _NOUN_ _ADP_,6695322
"_START_ _._ _ADV_ ,",6664829
_START_ В _NOUN_ _NOUN_,6634654
с _NOUN_ _ADP_ _NOUN_,6620173
"не _VERB_ _NOUN_ ,",6610421
_START_ _VERB_ _NOUN_ _NOUN_,6593932
на _NOUN_ _NOUN_ _NOUN_,6590964
"_START_ _VERB_ _NOUN_ ,",6590371
_VERB_ _._ -- _NOUN_,6584565
"_START_ -- _ADV_ ,",6573257
"_VERB_ , _NOUN_ _NOUN_",6560265
"_VERB_ , _ADV_ _VERB_",6439625
и _NOUN_ _._ _VERB_,6432402
"_VERB_ , _ADJ_ _NOUN_",6427536
"на _NOUN_ _NOUN_ ,",6424824
на _NOUN_ _._ _NOUN_,6362401
¼ _X_ _X_ _X_,6339195
по _NOUN_ _._ _END_,6334242
"на _NOUN_ , _VERB_",6327573
_START_ _ADV_ _VERB_ _NOUN_,6285742
_START_ _CONJ_ _NOUN_ _._,6258267
_START_ -- _ADJ_ _NOUN_,6233856
и _ADJ_ _ADJ_ _NOUN_,6220237
_START_ _NOUN_ _CONJ_ _NOUN_,6212502
в _ADJ_ _NOUN_ _ADJ_,6158530
и _VERB_ _NOUN_ .,6132407
_VERB_ _._ _NOUN_ _PRT_,6086478
и _VERB_ _._ _CONJ_,6068049
не _VERB_ _VERB_ _NOUN_,6066749
_START_ _._ _NOUN_ _ADV_,6064699
_VERB_ _._ _PRT_ _VERB_,6041067
и _ADJ_ _._ _END_,6025065
_START_ -- _NOUN_ _ADV_,5981450
и _NOUN_ _VERB_ _NOUN_,5976694
_START_ _ADP_ _NOUN_ _ADP_,5965834
_START_ _NOUN_ _NOUN_ _ADP_,5963235
_VERB_ _._ _ADV_ _._,5942720
_START_ _CONJ_ _ADJ_ _NOUN_,5939467
_START_ _CONJ_ _NOUN_ _NOUN_,5931143
и _ADP_ _NOUN_ _._,5921749
не _VERB_ _._ _NOUN_,5917902
на _NOUN_ _NOUN_ .,5917547
"и _VERB_ , _CONJ_",5886462
"_START_ _._ _PRT_ ,",5879230
и _VERB_ _ADP_ _ADJ_,5869992
"_START_ -- _PRT_ ,",5863325
"и _NOUN_ , _VERB_",5841966
_START_ _NOUN_ _VERB_ на,5831359
из _ADJ_ _NOUN_ _._,5814638
от _NOUN_ _._ _END_,5804456
"и _NOUN_ , _NOUN_",5796411
_START_ _ADJ_ _NOUN_ _ADJ_,5789234
с _NOUN_ _ADJ_ _NOUN_,5788576
не _VERB_ _NOUN_ .,5788387
по _NOUN_ _NOUN_ _._,5756401
по _NOUN_ . _END_,5673536
к _NOUN_ _NOUN_ _._,5635345
"_START_ _NOUN_ , _VERB_",5630338
"и _NOUN_ _NOUN_ ,",5602619
и _ADJ_ _NOUN_ _VERB_,5562542
не _VERB_ _VERB_ _._,5533732
_START_ _VERB_ _._ _CONJ_,5523552
за _NOUN_ . _END_,5509816
_START_ _ADV_ _ADP_ _NOUN_,5497971
и _NOUN_ _NOUN_ .,5492915
_VERB_ _._ как _NOUN_,5483295
не _VERB_ _NOUN_ _NOUN_,5481445
с _ADJ_ _NOUN_ .,5480111
_START_ _NOUN_ _NOUN_ _ADJ_,5471958
» _X_ _X_ _X_,5466869
_START_ _NOUN_ _ADP_ _ADJ_,5464704
_START_ _ADP_ _NUM_ _NOUN_,5450772
_START_ _._ _ADV_ _NOUN_,5409416
и _ADJ_ . _END_,5386784
"_VERB_ , как _NOUN_",5384252
_START_ _._ _PRT_ _VERB_,5381831
"_START_ _VERB_ , _CONJ_",5371228
_START_ _._ _NOUN_ _ADJ_,5365084
и _NOUN_ _VERB_ _._,5362789
"_VERB_ _._ _NOUN_ ,",5354423
_START_ -- _PRT_ _VERB_,5332893
_START_ _VERB_ _NOUN_ _ADP_,5317446
и _NOUN_ _VERB_ _ADP_,5304611
½ _X_ _X_ _X_,5293407
из _NOUN_ _._ _END_,5267057
_VERB_ _._ и _NOUN_,5259433
_VERB_ _._ _CONJ_ _CONJ_,5238099
он _VERB_ _ADP_ _NOUN_,5186155
"_VERB_ , _PRT_ _VERB_",5166197
_START_ -- _ADV_ _NOUN_,5160159
и _VERB_ в _NOUN_,5152557
и _ADJ_ _NOUN_ _ADP_,5139009
_START_ -- _NOUN_ _ADJ_,5111955
от _NOUN_ . _END_,5101900
_START_ _VERB_ _._ _NOUN_,5074908
в _NOUN_ _NOUN_ _ADJ_,5061566
от _ADJ_ _NOUN_ _._,5048114
в _NOUN_ _VERB_ _._,5047310
и _ADP_ _NOUN_ _NOUN_,5041476
В _ADJ_ _NOUN_ _NOUN_,5018671
"_VERB_ , _CONJ_ _CONJ_",5008777
_START_ _CONJ_ _NOUN_ _PRT_,4987087
_START_ _CONJ_ _PRT_ _NOUN_,4981085
_START_ _NOUN_ _NUM_ .,4943906
о _NOUN_ _._ _CONJ_,4932005
с _ADJ_ _NOUN_ _NOUN_,4927627
"_VERB_ , и _NOUN_",4922089
я _VERB_ _ADP_ _NOUN_,4915593
что _NOUN_ _VERB_ _._,4914431
с _NOUN_ _._ _CONJ_,4901920
"_VERB_ , _ADV_ _._",4901257
"и _VERB_ _NOUN_ ,",4900898
_START_ _CONJ_ _CONJ_ _NOUN_,4884043
и _NOUN_ _NOUN_ _VERB_,4881035
"о _NOUN_ , _CONJ_",4865310
что _NOUN_ _VERB_ _NOUN_,4864797
_START_ _NOUN_ _ADJ_ _._,4848566
"на _NOUN_ , _NOUN_",4773481
_VERB_ _._ _ADV_ _NOUN_,4701467
с _NOUN_ _NOUN_ _NOUN_,4695219
из _NOUN_ . _END_,4684461
_VERB_ _._ _NOUN_ _ADJ_,4681555
"с _NOUN_ , _CONJ_",4669367
"_VERB_ _._ _ADV_ ,",4660566
и _ADV_ _VERB_ _NOUN_,4654313
_VERB_ _._ _NOUN_ _ADV_,4651556
"_VERB_ , _NOUN_ _PRT_",4649509
_VERB_ _._ _CONJ_ я,4614046
что _NOUN_ _VERB_ _ADP_,4613161
_START_ _NOUN_ _VERB_ _PRT_,4612681
не _VERB_ _NOUN_ _ADP_,4612640
_START_ _NOUN_ _VERB_ .,4608479
_VERB_ _._ не _VERB_,4599914
в _NUM_ _NOUN_ _._,4594502
с _NOUN_ _VERB_ _._,4588947
в _NOUN_ _._ _ADV_,4553346
с _NOUN_ _._ _NOUN_,4552652
_VERB_ _._ _CONJ_ он,4542754
в _ADJ_ _NOUN_ _CONJ_,4522278
"_VERB_ , _CONJ_ я",4490298
не _VERB_ _._ что,4486000
"_VERB_ , _CONJ_ он",4477621
и _ADV_ _VERB_ _._,4470857
"не _VERB_ , что",4460829
в _ADJ_ _NOUN_ и,4458808
_START_ _NOUN_ и _NOUN_,4457765
и _ADP_ _NOUN_ _VERB_,4454602
в _NOUN_ _ADP_ _ADJ_,4448842
"_START_ _VERB_ , _NOUN_",4446853
_START_ _ADV_ _ADJ_ _NOUN_,4410103
_START_ _CONJ_ _VERB_ _NOUN_,4360839
_VERB_ _._ _VERB_ _ADJ_,4358496
Ã _X_ _X_ _X_,4337161
в _NOUN_ _._ _ADP_,4302837
не _VERB_ _VERB_ _ADP_,4298157
_START_ _CONJ_ _ADV_ _NOUN_,4273548
с _NOUN_ _VERB_ _NOUN_,4261333
не _VERB_ _ADP_ _ADJ_,4259990
ее _NOUN_ _._ _END_,4251127
для _NOUN_ _ADJ_ _NOUN_,4233144
_START_ _VERB_ _._ _END_,4231560
_START_ _._ _NOUN_ _ADP_,4215998
_START_ _ADV_ _VERB_ _._,4162712
_VERB_ _._ _ADP_ _ADJ_,4154966
_START_ _NOUN_ _._ _CONJ_,4133313
"не _VERB_ , _NOUN_",4133192
_START_ _ADV_ _ADV_ _ADV_,4123310
у _NOUN_ _ADP_ _NOUN_,4107310
в _NOUN_ _CONJ_ _VERB_,4106512
_VERB_ _._ _CONJ_ в,4061228
"_VERB_ , не _VERB_",4044916
и _ADV_ _VERB_ _ADP_,4042153
"_VERB_ , _NOUN_ ,",4034696
не _ADP_ _NOUN_ _._,4019560
и _VERB_ на _NOUN_,4016969
к _NOUN_ _._ _CONJ_,4015663
_START_ _NOUN_ _._ _ADV_,4010723
и _PRT_ _VERB_ _._,4007861
на _ADJ_ _ADJ_ _NOUN_,4004306
_VERB_ _._ _._ _ADV_,4000623
"в _NOUN_ , _ADV_",3994281
Á _X_ _X_ _X_,3976146
для _NOUN_ _NOUN_ _._,3975620
"_VERB_ , _CONJ_ в",3953502
"_VERB_ , _VERB_ _ADJ_",3941645
в _NOUN_ _NOUN_ _ADP_,3936885
"_VERB_ , _ADV_ _NOUN_",3935980
_START_ _._ Я _VERB_,3935509
_START_ -- Я _VERB_,3911159
"_VERB_ , _ADV_ ,",3908452
в _NOUN_ и _VERB_,3908098
_START_ На _ADJ_ _NOUN_,3898824
о том _._ _CONJ_,3886348
_START_ _._ Да _._,3885212
"о том , _CONJ_",3884867
не _VERB_ _NOUN_ _VERB_,3877954
"к _NOUN_ , _CONJ_",3876091
_START_ -- Да _._,3874728
_START_ _NOUN_ _NOUN_ _ADV_,3867658
_START_ _ADV_ _._ _ADP_,3860796
_VERB_ _._ а _NOUN_,3859628
_VERB_ : _._ _NOUN_,3856267
_START_ _._ А _NOUN_,3850187
_START_ -- А _NOUN_,3835951
что _VERB_ _ADP_ _NOUN_,3827816
_VERB_ _._ -- _ADV_,3827120
ее _NOUN_ . _END_,3824266
_START_ Я _VERB_ _NOUN_,3823605
на _NOUN_ _VERB_ _NOUN_,3821048
_START_ _NOUN_ _._ _ADJ_,3812642
_VERB_ _._ _NOUN_ _ADP_,3806277
"_START_ _CONJ_ _NOUN_ ,",3787183
в _NOUN_ _._ что,3773723
с _ADJ_ _NOUN_ _VERB_,3768623
на _ADJ_ _NOUN_ _VERB_,3761253
не _VERB_ _._ _VERB_,3760313
и _ADJ_ _NOUN_ _ADJ_,3758757
"_VERB_ , а _NOUN_",3754447
"_START_ _ADV_ , _ADP_",3752522
"в _NOUN_ , что",3751613
_START_ _VERB_ _._ что,3741509
_START_ _NOUN_ _ADJ_ _VERB_,3739347
"_START_ _VERB_ , что",3732893
на _NOUN_ _VERB_ _._,3728177
для _NOUN_ _._ _END_,3707612
от _NOUN_ _NOUN_ _._,3705455
по _NOUN_ _ADJ_ _NOUN_,3691465
на _NOUN_ _NOUN_ _VERB_,3689197
_VERB_ _._ _CONJ_ не,3689144
что _NOUN_ _PRT_ _VERB_,3684192
в _NOUN_ _NOUN_ _CONJ_,3678531
_START_ _NOUN_ в _NOUN_,3666270
_VERB_ _._ _ADV_ _ADV_,3663166
не _VERB_ _._ _._,3659356
_START_ Я _VERB_ _._,3647277
для _ADJ_ _NOUN_ _._,3640215
_START_ _NOUN_ _NOUN_ _PRT_,3634738
_VERB_ : -- _NOUN_,3632142
"в _NOUN_ , _ADP_",3632120
_START_ _CONJ_ _NOUN_ _ADV_,3630229
и не _VERB_ _._,3629466
"_START_ _NOUN_ , _CONJ_",3624463
и _NOUN_ _ADP_ _ADJ_,3614903
том _._ _CONJ_ _NOUN_,3597057
"том , _CONJ_ _NOUN_",3594535
в _NOUN_ _VERB_ _ADJ_,3593127
_START_ -- _NOUN_ _ADP_,3591646
его _ADJ_ _NOUN_ _._,3584908
за _ADJ_ _NOUN_ _._,3577228
о _ADJ_ _NOUN_ _._,3574271
и _NOUN_ _NOUN_ _ADP_,3564745
из _NOUN_ _NOUN_ _._,3562596
_VERB_ _._ что _ADV_,3554618
не _VERB_ _._ _ADV_,3550378
_START_ _VERB_ _ADP_ _ADJ_,3544931
"_VERB_ , _CONJ_ не",3536086
"_VERB_ , что _ADV_",3536076
в _NOUN_ _CONJ_ _NOUN_,3514308
что _NOUN_ _NOUN_ _VERB_,3513912
"с _NOUN_ _NOUN_ ,",3511372
"с _NOUN_ , _NOUN_",3507949
к _NOUN_ _ADJ_ _NOUN_,3500868
что _NOUN_ _ADP_ _NOUN_,3491410
что _ADP_ _NOUN_ _VERB_,3487704
_START_ В _NOUN_ _VERB_,3484068
что _ADP_ _ADJ_ _NOUN_,3472963
_START_ _NOUN_ _VERB_ _CONJ_,3460209
_START_ _ADV_ _._ _CONJ_,3457739
с _NOUN_ _._ _VERB_,3455050
_START_ _._ Не _VERB_,3452907
_START_ _NOUN_ _VERB_ и,3451406
на _NOUN_ _CONJ_ _VERB_,3450037
к _NOUN_ _ADP_ _NOUN_,3440393
_START_ -- Не _VERB_,3430222
_START_ _._ _ADJ_ _._,3416471
_START_ _NUM_ _NOUN_ _._,3412667
_VERB_ _._ что _PRT_,3406106
Â _X_ _X_ _X_,3390886
я _VERB_ _._ _CONJ_,3386274
"_START_ _ADV_ , _CONJ_",3382999
_START_ _ADJ_ _NOUN_ _ADV_,3379791
_VERB_ _._ _._ _END_,3379161
"_VERB_ , что _PRT_",3362998
_VERB_ _._ _CONJ_ это,3362966
_START_ Он _VERB_ _NOUN_,3362492
_START_ _ADP_ _NOUN_ _PRT_,3349482
и _VERB_ _NOUN_ _ADJ_,3338425
то _._ _CONJ_ _NOUN_,3338015
на _ADJ_ _NOUN_ _ADP_,3335182
"то , _CONJ_ _NOUN_",3329489
"по _ADJ_ _NOUN_ ,",3325101
на _NOUN_ и _VERB_,3321299
"я _VERB_ , _CONJ_",3317624
в _NOUN_ _ADJ_ _ADJ_,3313196
ничего _PRT_ _VERB_ _._,3309980
"_START_ _NOUN_ , _ADV_",3308800
ничего не _VERB_ _._,3305329
"_VERB_ , _NOUN_ _ADV_",3299175
_START_ -- _ADJ_ _._,3295449
"_VERB_ , _CONJ_ это",3288783
что _ADJ_ _NOUN_ _VERB_,3281629
_START_ _ADV_ _._ _VERB_,3277179
_START_ _CONJ_ _ADP_ _ADJ_,3275206
с _ADJ_ _ADJ_ _NOUN_,3270996
о _NOUN_ _._ что,3269849
_START_ _._ _NOUN_ не,3267880
"о _NOUN_ , что",3265494
или _ADJ_ _NOUN_ _._,3263078
и _NOUN_ _PRT_ _VERB_,3248251
_START_ _CONJ_ _ADV_ _VERB_,3247058
"_VERB_ , _ADP_ _ADJ_",3243024
_START_ -- _NOUN_ не,3236595
_START_ _NUM_ _._ _NOUN_,3229680
как _NOUN_ _VERB_ _._,3224799
в том _._ _CONJ_,3222070
"в том , _CONJ_",3219413
с _NOUN_ _VERB_ _ADP_,3214116
"с _NOUN_ , _VERB_",3212639
_START_ _CONJ_ _ADV_ _._,3206453
их _NOUN_ _._ _END_,3203672
в _NOUN_ _NOUN_ и,3199011
за _NOUN_ _NOUN_ _._,3191810
"к _ADJ_ _NOUN_ ,",3190085
не _VERB_ в _NOUN_,3187898
у _NOUN_ _VERB_ _NOUN_,3184173
μ _X_ _X_ _X_,3178099
_START_ _ADP_ _NOUN_ _ADV_,3177885
как _ADJ_ _NOUN_ _._,3176923
и _NOUN_ _ADV_ _VERB_,3172244
_START_ _NUM_ _NOUN_ _NOUN_,3169695
о том _._ что,3165401
"_START_ _ADV_ , _VERB_",3165175
"о том , что",3164904
_START_ _NOUN_ _PRT_ _PRT_,3161797
для _NOUN_ . _END_,3160464
что _NOUN_ _ADV_ _VERB_,3154330
_START_ _PRT_ _VERB_ _._,3134438
что _ADP_ _NOUN_ _NOUN_,3128477
"не _VERB_ , _VERB_",3125809
и _NOUN_ _._ и,3123607
_START_ _NOUN_ с _NOUN_,3118332
_START_ _._ _CONJ_ _ADV_,3108835
_START_ _ADP_ _ADJ_ _ADJ_,3106872
том _._ что _NOUN_,3106623
_START_ _NOUN_ _ADV_ _PRT_,3105723
"том , что _NOUN_",3105505
до _NOUN_ _._ _END_,3104815
что _NOUN_ _VERB_ _VERB_,3088123
"_VERB_ , _ADV_ _ADV_",3079713
не _VERB_ ! _END_,3073321
_START_ _ADV_ _NOUN_ _NOUN_,3071179
"и _ADP_ _NOUN_ ,",3070408
у _NOUN_ _NOUN_ _._,3058644
_START_ -- _CONJ_ _ADV_,3050815
о _NOUN_ _._ _END_,3047224
"по _NOUN_ _NOUN_ ,",3045491
"_VERB_ , _NOUN_ _ADJ_",3038927
_START_ _NOUN_ -- _NOUN_,3037633
_START_ _ADV_ _._ _ADV_,3030030
_START_ _._ _ADV_ _ADV_,3029780
_VERB_ _._ _VERB_ _VERB_,3026797
за _NOUN_ _._ _CONJ_,3021364
"о_ADP том_NOUN ,_. что_CONJ",3018929
я _PRT_ _VERB_ _._,3014877
к _ADJ_ _NOUN_ .,2996773
на _NUM_ _NOUN_ _._,2996091
_START_ _ADV_ _ADV_ _VERB_,2994760
_START_ _CONJ_ _NOUN_ _ADJ_,2994571
с _NOUN_ _NOUN_ .,2988390
то _._ что _NOUN_,2987426
"то , что _NOUN_",2985630
к _NOUN_ _._ _NOUN_,2976493
_START_ _._ Нет _._,2970990
_START_ _VERB_ _NUM_ _NOUN_,2970808
_START_ -- Нет _._,2961957
_START_ _NOUN_ _ADJ_ _ADJ_,2954291
"и _NOUN_ , и",2953587
Я _VERB_ _ADP_ _NOUN_,2950234
_VERB_ _._ как _VERB_,2947095
_VERB_ _._ но _NOUN_,2946865
_START_ _CONJ_ _PRT_ _VERB_,2945714
не _VERB_ _NOUN_ _ADJ_,2944198
"не _VERB_ , _ADV_",2938968
по _NOUN_ _NOUN_ _NOUN_,2938927
к _NOUN_ _._ _VERB_,2938754
и _VERB_ _VERB_ _NOUN_,2934339
_START_ -- _ADV_ _ADV_,2929566
» _._ _NOUN_ _NOUN_,2925262
"за _NOUN_ , _CONJ_",2923433
_START_ _CONJ_ _VERB_ _._,2921672
_START_ Я _PRT_ _VERB_,2909979
"_START_ _ADV_ , _ADV_",2907103
в _NOUN_ и _NOUN_,2902343
сказал _NOUN_ _._ _END_,2899959
"_VERB_ , но _NOUN_",2898904
и в _ADJ_ _NOUN_,2897538
"_VERB_ , как _VERB_",2891772
не _VERB_ _._ --,2890890
_START_ Он _VERB_ _ADP_,2888344
о _NOUN_ _NOUN_ _._,2879678
в _NOUN_ _._ _._,2873151
_START_ _._ _ADP_ _ADJ_,2867594
у _NOUN_ _._ _END_,2867270
сказал _NOUN_ . _END_,2866458
до _ADJ_ _NOUN_ _._,2861674
"_START_ _ADV_ _VERB_ ,",2859129
_VERB_ _._ _CONJ_ _._,2858142
и _VERB_ _._ что,2853995
что _NOUN_ не _VERB_,2843068
_START_ _NOUN_ - _NOUN_,2841422
_START_ _NOUN_ _NOUN_ .,2838118
_START_ _PRT_ _VERB_ _NOUN_,2837852
_START_ _NOUN_ _PRT_ _NOUN_,2836620
"и _VERB_ , что",2836109
_START_ _ADV_ _NOUN_ _._,2826414
_START_ _VERB_ в _NOUN_,2825326
и _NOUN_ _VERB_ _ADJ_,2824997
_START_ _._ _VERB_ _ADP_,2824824
в _NOUN_ _NUM_ _NOUN_,2813366
их _NOUN_ . _END_,2808943
_START_ Я _VERB_ _ADP_,2808793
не _ADJ_ _NOUN_ _._,2807232
не _VERB_ ? _END_,2804223
от _NUM_ _NOUN_ _NUM_,2801563
_START_ _VERB_ _NOUN_ _ADJ_,2799264
_START_ _CONJ_ _NOUN_ _ADP_,2791786
в _NOUN_ _PRT_ _VERB_,2786997
"из _ADJ_ _NOUN_ ,",2786987
"к _NOUN_ , _VERB_",2784439
в том _._ что,2777434
"в том , что",2776181
с _NOUN_ _NOUN_ _VERB_,2753113
_START_ _ADV_ _PRT_ _VERB_,2751840
до _NOUN_ . _END_,2751159
¿ _X_ ¿ _X_,2748207
его _ADP_ _NOUN_ _._,2747237
_START_ _._ _ADV_ _PRT_,2742856
и _ADJ_ _._ _CONJ_,2742151
_VERB_ : _NOUN_ _NOUN_,2740145
на _NOUN_ _ADP_ _ADJ_,2735588
из _NOUN_ _ADJ_ _NOUN_,2734392
не _NOUN_ _._ _END_,2731543
и _PRT_ _VERB_ _NOUN_,2730410
"в_ADP том_NOUN ,_. что_CONJ",2728279
на _NOUN_ _._ _ADV_,2726467
и _NOUN_ _._ _ADP_,2725661
для _NOUN_ _._ _CONJ_,2716308
_START_ И _NOUN_ _VERB_,2715603
"_START_ _._ Да ,",2710112
_START_ _._ _X_ _._,2704271
"_START_ -- Да ,",2702190
"_START_ --_. Да_PRT ,_.",2702058
_START_ Когда _NOUN_ _VERB_,2701019
_START_ -- _ADV_ _PRT_,2697853
"_VERB_ , _VERB_ _VERB_",2693297
В _NOUN_ _NOUN_ _VERB_,2682530
на _ADJ_ _NOUN_ _ADJ_,2682085
по _ADV_ _ADV_ _._,2678713
и _NOUN_ _._ _ADJ_,2670917
"_START_ Я _VERB_ ,",2667799
на _NOUN_ _._ _ADP_,2658628
"не _VERB_ _VERB_ ,",2651240
не _ADJ_ _._ _END_,2638926
не _VERB_ _VERB_ _ADJ_,2637229
_START_ _VERB_ _._ _VERB_,2636518
в _NOUN_ _._ и,2635707
"того , _CONJ_ _NOUN_",2630001
и _NOUN_ _VERB_ _VERB_,2627266
_START_ _ADV_ _VERB_ _ADJ_,2625831
_START_ -- _VERB_ _ADP_,2621271
что _NOUN_ _ADJ_ _NOUN_,2619462
"для _NOUN_ , _CONJ_",2617453
я _VERB_ _NOUN_ _._,2612962
и _NOUN_ _NOUN_ _ADJ_,2603335
_START_ _._ _NUM_ _._,2602592
"и _ADJ_ , _CONJ_",2602197
в _NOUN_ _._ _ADJ_,2601944
_START_ Но _NOUN_ _VERB_,2597500
она _VERB_ _ADP_ _NOUN_,2596107
_START_ _NOUN_ _._ _ADP_,2591876
_START_ _NOUN_ _NUM_ _NOUN_,2586980
_START_ _._ _PRT_ _NOUN_,2583237
это _VERB_ _._ _END_,2582150
_VERB_ _._ и _VERB_,2577094
_START_ _CONJ_ _NOUN_ не,2576182
_START_ -- _ADP_ _ADJ_,2574568
того _._ _CONJ_ _NOUN_,2572328
_START_ _NOUN_ _ADV_ _ADV_,2569876
на _ADJ_ _NOUN_ _CONJ_,2567114
_START_ _ADV_ _._ _ADJ_,2565735
"_VERB_ , _CONJ_ _._",2563412
"и _NOUN_ _VERB_ ,",2561676
_VERB_ _._ _NOUN_ не,2560496
_START_ -- _PRT_ _NOUN_,2559989
_VERB_ _._ чтобы _NOUN_,2552370
Он _VERB_ _ADP_ _NOUN_,2551311
_START_ _ADJ_ _NOUN_ .,2550879
Я _VERB_ _._ _CONJ_,2547964
"_VERB_ , чтобы _NOUN_",2538628
_START_ _VERB_ _VERB_ _._,2535213
_VERB_ _._ _CONJ_ и,2531458
с _NOUN_ _CONJ_ _NOUN_,2530848
_START_ _VERB_ _NOUN_ _VERB_,2530147
_VERB_ _._ _VERB_ _PRT_,2521726
"_VERB_ , _NOUN_ _ADP_",2519798
и _VERB_ _._ _._,2513613
на _NOUN_ _NOUN_ _ADP_,2511363
"Я _VERB_ , _CONJ_",2511212
_START_ _NOUN_ _NOUN_ _CONJ_,2510343
_START_ На _NOUN_ _NOUN_,2508894
и _NOUN_ не _VERB_,2506581
_VERB_ _._ _CONJ_ она,2492572
что _VERB_ _._ _END_,2487818
на _NOUN_ _NOUN_ _CONJ_,2482531
с _ADJ_ _NOUN_ _ADP_,2474631
по _NOUN_ _ADP_ _NOUN_,2474049
"_START_ _NOUN_ _ADJ_ ,",2472624
_START_ _ADV_ _VERB_ _ADP_,2468978
на _NOUN_ _NOUN_ _ADJ_,2467643
о _NOUN_ . _END_,2462650
"к _NOUN_ _NOUN_ ,",2462531
"_VERB_ , _CONJ_ она",2458817
Ì _X_ _X_ _X_,2456422
À _X_ _X_ _X_,2454273
по _ADJ_ _NOUN_ .,2447107
_VERB_ _._ что он,2446312
"_VERB_ , что он",2441077
о _NOUN_ _ADJ_ _NOUN_,2438622
я _VERB_ _._ _END_,2435890
"_VERB_ , _CONJ_ и",2435657
_START_ -- _X_ _._,2434166
_START_ _._ Я _PRT_,2425857
"в _NOUN_ , и",2425666
и _NOUN_ в _NOUN_,2425568
_START_ _NOUN_ _VERB_ к,2423928
и _VERB_ _ADV_ _._,2417911
_START_ -- Я _PRT_,2416207
к _NOUN_ _NOUN_ .,2412649
по _NOUN_ _._ _VERB_,2407484
от _NOUN_ _._ _CONJ_,2405874
что _NOUN_ _VERB_ _ADJ_,2402270
_START_ _PRT_ _ADP_ _NOUN_,2399563
_START_ В _NOUN_ _ADJ_,2399392
"_START_ _ADV_ , _ADJ_",2394288
_START_ _._ _NOUN_ !,2391172
_VERB_ _._ « _NOUN_,2390453
_START_ С. _NUM_ _._,2386465
это _NOUN_ _._ _END_,2383632
как _NOUN_ _._ _END_,2382333
_START_ _VERB_ . _END_,2380058
_START_ -- _NOUN_ !,2379770
"к _NOUN_ , _NOUN_",2376887
или _NOUN_ _._ _END_,2368101
"на _NOUN_ , _ADV_",2365989
_START_ _NOUN_ _PRT_ _ADV_,2363709
от _NOUN_ _ADP_ _NOUN_,2362245
в _NOUN_ не _VERB_,2354889
по _ADJ_ _NOUN_ _NOUN_,2352532
В _ADJ_ _NOUN_ _VERB_,2352362
в _NUM_ _NOUN_ _NOUN_,2348166
и _ADV_ _._ _END_,2342902
его _VERB_ _._ _END_,2338400
и _NOUN_ _._ _._,2335595
он _VERB_ _NOUN_ _._,2334842
и _VERB_ к _NOUN_,2331809
и _NOUN_ _._ _ADV_,2328366
_START_ В _NUM_ _NOUN_,2321904
в _ADJ_ _NOUN_ _PRT_,2319826
"_START_ _VERB_ , _VERB_",2319271
_START_ _._ Ну _._,2318083
"от _NOUN_ , _CONJ_",2314184
» _._ _NUM_ _._,2311413
с _ADJ_ _NOUN_ _CONJ_,2311343
для _NOUN_ _NOUN_ _NOUN_,2311032
_START_ -- Ну _._,2310527
к _NOUN_ _NOUN_ _NOUN_,2306982
_VERB_ _._ что это,2306173
_VERB_ _._ _VERB_ _ADV_,2301609
С. _NUM_ _._ _END_,2299327
у _NOUN_ . _END_,2297828
в _ADJ_ _ADJ_ _ADJ_,2295442
"от _ADJ_ _NOUN_ ,",2295110
_VERB_ _._ _ADV_ _PRT_,2295034
"_VERB_ , что это",2293304
_START_ _._ _NOUN_ .,2293174
_START_ _ADJ_ _NOUN_ --,2292264
_START_ _._ спросил _NOUN_,2292175
_START_ -- спросил _NOUN_,2291812
не _NOUN_ _._ _CONJ_,2286062
на _NOUN_ _CONJ_ _NOUN_,2284999
у _NOUN_ _ADJ_ _NOUN_,2280511
_START_ _ADJ_ _._ _END_,2279377
"_VERB_ , и _VERB_",2277423
_VERB_ _._ _VERB_ .,2275765
_START_ Не _VERB_ _._,2274612
на _ADJ_ _NOUN_ и,2271403
это _ADJ_ _NOUN_ _._,2270923
В _NOUN_ _NOUN_ _NOUN_,2270746
от _NOUN_ _ADJ_ _NOUN_,2267595
"на _NOUN_ , _ADP_",2266057
_VERB_ _._ _VERB_ в,2266032
и _VERB_ _._ --,2261551
в _NOUN_ _ADJ_ _._,2260315
по _NOUN_ _._ _NOUN_,2260058
"не _VERB_ , _._",2257676
"по _NOUN_ , _VERB_",2254524
с _NOUN_ и _NOUN_,2253459
по _NOUN_ _._ _CONJ_,2248095
_VERB_ _._ _ADJ_ _._,2245435
в _NOUN_ _._ а,2243657
"_VERB_ , _VERB_ _PRT_",2243222
"не _VERB_ , --",2241153
"не _NOUN_ , _CONJ_",2233682
_START_ _NOUN_ _NOUN_ не,2229992
что _VERB_ _NOUN_ _._,2228312
"_VERB_ , _._ _ADV_",2220171
в _NOUN_ _VERB_ _ADP_,2219537
он _VERB_ _ADJ_ _NOUN_,2219525
без _NOUN_ _._ _END_,2219002
из _NOUN_ _ADP_ _NOUN_,2217732
на _NOUN_ _NOUN_ и,2213716
когда _NOUN_ _VERB_ _ADP_,2210787
"_VERB_ , -- _ADV_",2208595
я _VERB_ _._ что,2207817
они _VERB_ _ADP_ _NOUN_,2205569
и не _VERB_ _NOUN_,2203647
_VERB_ _._ что в,2202798
"я _VERB_ , что",2201177
со _ADJ_ _NOUN_ _._,2199919
"_VERB_ , что в",2199343
"_START_ _CONJ_ _ADV_ ,",2195155
_START_ Он _VERB_ _._,2194603
из _NOUN_ _._ _NOUN_,2191990
"в _NOUN_ , а",2188145
из _ADJ_ _NOUN_ _NOUN_,2187270
_START_ _ADV_ _NOUN_ _PRT_,2184963
"что _NOUN_ _VERB_ ,",2183604
в _NOUN_ ? _END_,2182438
не _VERB_ на _NOUN_,2181786
_START_ _VERB_ на _NOUN_,2177653
_START_ 2 _._ _END_,2176824
его _NOUN_ _._ _NOUN_,2173729
и _ADP_ _NOUN_ _ADJ_,2170280
к _ADJ_ _NOUN_ _NOUN_,2167198
_START_ _ADP_ _NOUN_ _CONJ_,2164969
не _ADV_ _._ _END_,2163970
не _VERB_ _._ а,2163599
_START_ _ADJ_ _ADJ_ _ADJ_,2162960
В _ADJ_ _NOUN_ _._,2162849
по - _ADV_ _._,2157726
_START_ 2 . _END_,2157269
_START_ 2_NUM ._. _END_,2157239
_START_ _ADV_ _ADV_ _._,2147241
В _NOUN_ _ADJ_ _NOUN_,2143920
мы _VERB_ _ADP_ _NOUN_,2142167
не _ADJ_ . _END_,2141670
_VERB_ _._ _NOUN_ .,2140163
_VERB_ : « _NOUN_,2131628
"по _NOUN_ , _CONJ_",2127621
_START_ _ADJ_ _NOUN_ _PRT_,2125982
как _ADP_ _NOUN_ _._,2125782
"_VERB_ _._ _CONJ_ ,",2125613
_START_ _._ _CONJ_ _CONJ_,2124992
"не _VERB_ , а",2122933
"и _NOUN_ , _ADP_",2109714
не _VERB_ _ADV_ _._,2109431
все _VERB_ _._ _END_,2107470
из _ADJ_ _NOUN_ .,2104029
"_START_ _CONJ_ _VERB_ ,",2100010
с _ADJ_ _NOUN_ и,2097890
С. _NUM_ . _END_,2093358
и _VERB_ _NOUN_ в,2089176
_START_ _ADJ_ _._ _CONJ_,2088620
"_VERB_ , _VERB_ в",2087415
_START_ Я _ADV_ _VERB_,2085944
_START_ _._ _CONJ_ _PRT_,2081232
не _VERB_ _VERB_ .,2080788
и _VERB_ _._ _NOUN_,2079912
"_START_ _._ Ну ,",2079576
_VERB_ _._ а _ADV_,2079412
"_START_ _._ Нет ,",2078534
он _VERB_ _._ _CONJ_,2074973
_VERB_ _._ _VERB_ _CONJ_,2074855
"_START_ -- Ну ,",2072420
"_START_ --_. Ну_ADV ,_.",2072338
"_START_ -- Нет ,",2071573
"_START_ --_. Нет_PRT ,_.",2071512
_START_ _NOUN_ _._ _NUM_,2067400
"в _NOUN_ _VERB_ ,",2066215
в _ADJ_ _NOUN_ _ADV_,2064443
"того , _CONJ_ _VERB_",2060680
у _NOUN_ _VERB_ _ADJ_,2060224
за _NOUN_ _ADJ_ _NOUN_,2057334
_START_ _ADV_ _ADV_ _NOUN_,2052840
"_VERB_ , _NOUN_ не",2052821
"не _ADP_ _NOUN_ ,",2046939
не _NOUN_ . _END_,2037554
_START_ -- _CONJ_ _CONJ_,2035342
и _VERB_ в _ADJ_,2035179
_START_ _PRT_ _NOUN_ _VERB_,2033885
_START_ _._ _NOUN_ ?,2033641
и _VERB_ _NOUN_ _VERB_,2033302
того _._ _CONJ_ _VERB_,2033220
"он _VERB_ , _CONJ_",2033030
от _ADJ_ _NOUN_ .,2032822
на _NOUN_ _._ _._,2031189
_START_ _NOUN_ _NOUN_ и,2026605
_START_ -- _CONJ_ _PRT_,2026026
_START_ -- _NOUN_ ?,2025547
"_VERB_ , _CONJ_ ,",2022661
"_VERB_ , _VERB_ _ADV_",2021415
_START_ _NOUN_ _PRT_ _ADJ_,2020751
_START_ _ADJ_ _NOUN_ _CONJ_,2010071
_START_ _ADV_ _PRT_ _NOUN_,2009189
при _NOUN_ _ADJ_ _NOUN_,2009030
_START_ _NOUN_ _VERB_ с,2007299
"_START_ _ADJ_ , _CONJ_",2004507
и _ADV_ . _END_,2004229
_VERB_ _._ _CONJ_ ты,2003354
что _ADJ_ _NOUN_ _NOUN_,1999080
_START_ _._ _VERB_ _VERB_,1998490
"_VERB_ , а _ADV_",1997020
и _NOUN_ _ADJ_ _._,1996374
его _NOUN_ _._ _CONJ_,1993355
_VERB_ _._ в _NOUN_,1989072
_START_ С _ADJ_ _NOUN_,1988847
_START_ _ADV_ _._ _END_,1982342
в _ADP_ _ADP_ _NOUN_,1980497
_VERB_ _._ _._ _CONJ_,1980336
_VERB_ _._ _VERB_ и,1971642
_START_ _._ _VERB_ я,1971287
» _._ _VERB_ _NOUN_,1970050
_START_ -- _VERB_ я,1969339
"_START_ _PRT_ _VERB_ ,",1965321
_VERB_ _._ _CONJ_ все,1965178
спросил _NOUN_ _._ _END_,1964374
_START_ Вернуться _NUM_ _NOUN_,1963914
не _VERB_ _._ _PRT_,1961793
спросил _NOUN_ . _END_,1960452
не _VERB_ _PRT_ _NOUN_,1959826
_START_ _._ _VERB_ он,1958217
_START_ -- _VERB_ он,1956794
в _ADP_ _ADJ_ _NOUN_,1956516
из _NOUN_ _NOUN_ _NOUN_,1955116
"_VERB_ , _VERB_ .",1954840
Я _VERB_ _NOUN_ _._,1954184
он _VERB_ _._ _END_,1954065
_START_ -- _VERB_ _VERB_,1953685
_START_ _ADP_ этом _NOUN_,1951889
_VERB_ _._ _CONJ_ что,1951330
я не _VERB_ _._,1949901
"_VERB_ , _VERB_ _CONJ_",1943645
только _ADP_ _NOUN_ _._,1943250
и _ADP_ _NOUN_ .,1941893
с _NOUN_ в _NOUN_,1941454
_VERB_ _._ что я,1940477
_START_ _._ _VERB_ _ADJ_,1940302
и _VERB_ _VERB_ _ADP_,1938039
"_VERB_ , _CONJ_ ты",1937426
"_START_ _VERB_ _VERB_ ,",1936705
"_VERB_ , что я",1933769
_START_ _VERB_ _VERB_ _NOUN_,1931674
на _NOUN_ _VERB_ _ADJ_,1931591
и _VERB_ _VERB_ _._,1929698
как _NOUN_ . _END_,1926143
_START_ _NOUN_ на _NOUN_,1925787
_START_ Если _NOUN_ _VERB_,1923594
_START_ _ADJ_ _NOUN_ в,1919406
ее _ADJ_ _NOUN_ _._,1916942
с _NOUN_ _ADP_ _ADJ_,1914625
» _._ « _NOUN_,1913692
как _NOUN_ _VERB_ _ADP_,1913295
"и _NOUN_ , _ADV_",1912240
под _NOUN_ _._ _END_,1910567
"_START_ _ADV_ _NOUN_ ,",1909029
_START_ _VERB_ _NOUN_ .,1905967
_VERB_ _._ _CONJ_ у,1893870
своей _NOUN_ _._ _END_,1891513
_START_ _VERB_ _ADV_ _._,1888917
или _NOUN_ . _END_,1888373
"его _NOUN_ , _CONJ_",1886036
_START_ _NOUN_ ! _END_,1885957
¾ ¿ _X_ _X_,1884904
в _ADJ_ _._ _END_,1884674
"_VERB_ , _CONJ_ все",1883937
"_VERB_ , я _VERB_",1883413
и _NOUN_ _VERB_ .,1882673
ее _ADP_ _NOUN_ _._,1881582
_START_ Он _ADV_ _VERB_,1881574
и _ADV_ _ADJ_ _NOUN_,1881571
из _ADJ_ _ADJ_ _NOUN_,1880984
и _ADV_ _PRT_ _VERB_,1878507
_START_ А _NOUN_ _VERB_,1876672
_START_ _PRT_ _ADJ_ _NOUN_,1875424
_VERB_ _._ _VERB_ на,1875092
ни _NOUN_ _._ _CONJ_,1874348
из _NOUN_ _._ _CONJ_,1874202
На _ADJ_ _NOUN_ _NOUN_,1873388
_START_ _CONJ_ я _VERB_,1873236
"_VERB_ , _VERB_ и",1872859
_START_ В _NOUN_ _._,1872794
_START_ У _NOUN_ _VERB_,1872082
в _NUM_ _NOUN_ .,1870912
Я _PRT_ _VERB_ _._,1870455
"с _NOUN_ _VERB_ ,",1861842
его _NOUN_ _ADP_ _NOUN_,1861254
"_VERB_ , _CONJ_ у",1861016
от _NOUN_ _._ _NOUN_,1854970
