ngram,freq
of the,1741529442
in the,1043688187
to the,686570630
on the,446536709
and the,446190715
to be,335625595
for the,312658325
from the,281400638
of a,271981275
at the,271633245
with the,270278894
in a,243689537
that the,237673230
by the,233660983
as a,191928021
did not,187038077
do not,178278016
is a,172382523
it is,167287229
with a,165947632
is the,156039963
it was,145300992
as the,141359424
can be,137516307
for a,136277962
the same,130703095
into the,128607056
to a,128043932
was a,126635418
is not,126302219
he was,115906161
of his,115072229
I was,113064749
I 'm,111638971
have been,111420949
was not,110437416
had been,108320395
and a,105070981
out of,104764633
et al,102681988
one of,101342744
of this,98986103
such as,98253172
It was,97518596
can not,96250692
would be,93559238
It is,93244969
the first,92621273
and I,91878481
may be,89836487
will be,85502285
does not,85453856
in his,84746501
not be,84461401
has been,82953452
In the,82384899
was the,81929058
the other,81389338
all the,81315406
in this,80559219
on a,80535820
to do,80370778
that he,80164894
he had,79495014
I do,77942924
I have,77606186
could not,75803665
as well,74709787
through the,74167005
about the,73508923
part of,71656260
that is,69772075
she was,69362186
going to,69237818
to have,68999473
number of,68905629
to make,68868549
there is,68524661
of her,68221550
have to,67809343
the most,67697594
want to,67560956
should be,67112545
of their,65230852
have a,65153864
and then,65053868
in which,64073171
to get,63471310
over the,63117655
more than,63097913
New York,62709198
It 's,62549464
I am,62433665
I had,61970947
that it,61668329
the world,61563770
by a,61498719
they were,60642731
a few,60549695
need to,60475097
that I,59750291
be a,59183605
This is,58936850
of these,58554062
it 's,58486128
they are,58228224
to see,58159297
able to,57000442
I can,56573188
the time,56081273
as he,55636681
and he,55626400
between the,55017412
are not,54792308
and that,54200422
of an,53787486
well as,53420546
that they,53318164
to her,53203528
not have,52664109
would not,52127094
is to,51977235
to his,51760025
would have,51721154
which is,51226980
had to,50845219
there was,50569287
had a,50225472
and to,50117796
the way,49869616
of them,49800813
he said,49791955
and in,49559211
back to,49500341
He was,49245279
must be,49068799
you can,47921794
when the,47597692
I could,47573097
used to,47105955
like a,47022172
at least,46909919
from a,46768153
is that,46730163
and his,46605465
she had,46538190
up to,46351941
a little,46131072
based on,45861987
not know,45665714
into a,45455372
in her,45403447
if you,45261675
to take,45130552
at a,45096832
you are,44727230
United States,44726106
in their,44518872
of my,44445150
during the,44227158
will not,44217548
had not,44049638
use of,43968809
could be,43709934
and it,43597577
I did,43533352
but the,43374973
to go,43266678
the two,43138107
to me,42953510
I 'll,42851888
the end,42578601
the following,42364594
that you,42086058
you have,41741799
the United,41705669
a new,41660433
of all,41251210
under the,40561345
that she,40408333
on his,40198064
end of,40021401
you 're,40018092
but I,39961479
which the,39832216
not to,39818713
we have,39421718
as if,39323795
is an,39241287
order to,39011884
this is,38964059
that was,38645116
I 've,38335879
there are,38240110
when he,38235942
wanted to,38185860
within the,38112532
if the,37990187
as an,37884112
such a,37857044
some of,37784360
a good,37732122
I will,37687757
that are,37656973
and other,37586465
that we,37551950
to him,37365689
kind of,37284987
the door,37231705
in an,37216319
are the,37204720
in my,37116406
so that,37108736
I think,36973075
but it,36843762
be the,36764690
up the,36628392
than the,36406422
he 'd,36321693
the right,36203340
the last,36157369
I would,35990343
the next,35820246
or the,35716727
as she,35606839
with his,35551013
rather than,35484538
I know,35461748
he could,35425801
and she,35380449
I 'd,35264551
of it,35258314
If you,35077570
in order,35013839
against the,34840870
after the,34827791
of its,34817892
where the,34736990
of our,34658210
to say,34126255
him to,34113416
due to,33925919
me to,33916292
not a,33793893
all of,33772746
she said,33704689
that a,33509792
trying to,33354077
as they,33299278
as it,33236312
we can,33158226
the case,33094367
to find,32602072
with her,32563572
Journal of,32388855
as I,32241528
we are,32233413
it would,31851806
On the,31801624
it to,31669743
In this,31534850
not only,31493574
way to,31466224
who had,31462040
University of,31452308
for example,31366486
and their,31330082
was in,31318966
around the,31265962
his own,31233509
each other,31200601
and they,31152563
you to,31131299
not the,31052044
he would,30972921
is no,30811119
not want,30789884
There is,30688395
their own,30658822
There was,30487592
across the,30485647
when I,30446937
That 's,30369387
might be,30346867
the best,30333339
For example,30324329
because of,30304260
She was,30202479
Do not,29960490
them to,29939979
on her,29916948
she 'd,29858954
has a,29780465
they had,29343715
how to,29240829
of that,29212185
away from,29136833
associated with,29001614
do you,28993153
to their,28972769
of your,28899968
the one,28806519
have the,28693023
University Press,28578796
if he,28564945
down the,28508772
at all,28499033
to keep,28471556
were not,28452255
a lot,28452098
the only,28386112
a man,28369688
a long,28283119
before the,28264797
the new,28214285
to know,28160694
that there,28142010
There are,28074776
is also,28044374
a small,28022267
and its,28006394
according to,27936711
you do,27925299
was to,27904096
but he,27792808
that 's,27766842
fact that,27665103
a very,27579715
the whole,27553823
those who,27421515
time to,27367728
up and,27314491
his head,27240908
began to,27200837
with an,27048062
or a,27039252
to this,27030429
form of,26977546
you will,26859193
I said,26749103
you know,26588976
out the,26450523
he did,26377119
the second,26111965
He had,26011136
to give,25918478
be used,25898422
the fact,25872427
to use,25871279
and was,25782633
at her,25769680
is in,25731660
side of,25590781
the house,25549097
she could,25547100
sense of,25466637
of course,25452577
At the,25439631
what I,25386892
and is,25363698
tried to,25352354
he is,25211336
like the,25079610
for her,25064137
of what,25046722
of which,24882360
that this,24847898
to help,24742524
enough to,24644361
the number,24577477
terms of,24569534
a great,24556488
was no,24490332
to you,24489533
in that,24469650
to an,24457738
seemed to,24379979
which was,24329239
of those,24321802
if I,24259823
front of,24246859
most of,24157454
a large,24087925
of God,24082818
the room,24044209
and we,23985576
come to,23969981
a single,23799191
and so,23769550
as to,23764993
that of,23730585
came to,23531538
to my,23489366
if it,23393477
be able,23366531
for you,23242472
off the,23228097
the people,23035106
the man,22993992
what is,22977246
to work,22913204
when they,22840688
looked at,22807366
If the,22805049
but also,22802752
her to,22791246
for his,22768191
from his,22749254
for me,22731430
the day,22722394
who was,22719540
in your,22699239
to come,22525213
and her,22477690
and not,22470319
see the,22437213
in its,22426875
if they,22308269
the rest,22251479
you want,22213755
for this,22177080
You 're,22037700
the city,22033527
so much,22002443
look at,21933599
I want,21924745
the past,21903545
amount of,21880726
what he,21867281
in front,21800886
I thought,21764520
that had,21665469
what you,21594661
they have,21492681
and you,21466407
the use,21455015
along the,21442121
You can,21399511
the state,21358527
we were,21340000
when you,21334596
when she,21317661
no longer,21301485
a number,21255923
have not,21175680
with him,21120725
there were,21100425
likely to,20894753
may have,20795673
In addition,20754810
in our,20709536
development of,20700041
of us,20623157
his eyes,20613558
the ground,20580270
case of,20566251
set of,20483262
know what,20446032
level of,20442741
the back,20415384
out to,20412661
which are,20399436
go to,20333164
been a,20322631
related to,20315321
that would,20253557
a more,20230665
type of,20213265
than a,20208691
had no,20169806
used in,20143518
he 's,20047706
up in,20036576
Do you,20024582
for their,19989627
among the,19974207
upon the,19842717
about it,19818999
her head,19810092
know that,19789749
for all,19768126
the old,19762228
the country,19719051
which he,19690742
it in,19665925
in terms,19665138
the main,19642923
the more,19640120
lot of,19633540
us to,19610562
had the,19588002
of any,19549346
the top,19527763
was an,19527189
a moment,19480702
but not,19476018
value of,19457870
to look,19379861
that can,19374183
who are,19326448
and all,19286146
as we,19247003
to tell,19246043
are you,19233169
way of,19209988
not even,19126865
because the,19111359
rest of,19108187
should not,19096643
make a,19080686
and there,19056597
and more,19035734
for him,19031986
In a,18983778
and for,18961947
same time,18959650
on their,18911456
shall be,18893194
that in,18889749
like to,18882451
in all,18879889
in some,18867306
According to,18849754
For the,18839258
it had,18812803
nature of,18802721
at him,18677029
The first,18623449
it has,18617287
for an,18614655
toward the,18592649
her eyes,18575913
of life,18572593
with their,18539254
was going,18525416
a way,18480048
because it,18479970
ability to,18454487
or in,18439071
went to,18435130
on my,18416285
lack of,18405368
to think,18393107
They were,18361718
the process,18330484
needed to,18286900
Of course,18255416
said to,18249912
less than,18249755
types of,18242685
This was,18239432
not been,18123582
not you,18115641
it will,18114146
to them,18103442
she would,18083408
As a,18081571
must have,18014579
What is,17981455
the U.S.,17953525
But I,17918770
range of,17875326
try to,17874766
no one,17854036
up with,17830226
the very,17820534
many of,17818376
When the,17796140
could have,17779444
when it,17766280
shown in,17764725
this time,17704298
a result,17687150
But the,17650091
in any,17603889
She had,17588309
from her,17580753
a bit,17577367
of time,17576490
result of,17571028
to provide,17568870
was still,17555365
the table,17553602
but she,17532222
found in,17484223
on this,17482843
if she,17380336
with me,17376306
using the,17329583
down to,17318239
One of,17286763
the water,17282298
of such,17278037
and of,17277365
at his,17270921
while the,17270491
of one,17142526
you were,17142069
the early,17127885
this was,17099855
might have,17084368
the body,17072204
they would,17052700
only a,17044594
in one,17032506
and had,17000178
was that,16976709
to that,16969482
and how,16961615
this book,16943124
on to,16937358
right to,16885633
him and,16879122
you think,16815641
to which,16789270
sort of,16736809
just as,16711588
not think,16667244
along with,16665807
what they,16635980
she did,16632545
until the,16606332
his hand,16598576
as in,16568585
be in,16474155
seems to,16469172
may not,16433804
what the,16407498
to meet,16386774
is one,16296359
the work,16191902
He 's,16133726
the future,16101977
and as,16067105
the public,16061677
and with,16045729
close to,16023379
to your,16004472
the air,16002799
I knew,16001630
use the,15985391
they can,15975906
since the,15957147
was so,15931774
members of,15891758
because they,15882574
this chapter,15868927
how the,15851687
instead of,15850147
as you,15847777
with you,15846049
known as,15836637
and an,15820325
were the,15809227
it can,15794495
his face,15793471
but they,15784124
as much,15780394
the night,15761002
and even,15687875
are a,15686785
of being,15681425
time of,15680778
point of,15668583
the idea,15618959
I should,15601678
to it,15498997
seem to,15492351
God 's,15440041
say that,15400500
her own,15368146
and are,15361888
when we,15352028
the front,15334262
the floor,15328247
if we,15326420
to understand,15319127
access to,15309935
should have,15303939
presence of,15262849
he has,15261780
made a,15249534
and this,15244654
of each,15236858
role of,15236214
even if,15192954
the development,15189359
the entire,15155897
top of,15154085
the middle,15149170
process of,15107042
we will,15091181
We have,15065245
or not,15046386
who is,15031327
of him,15003241
are in,14983912
understanding of,14966911
took a,14958741
analysis of,14937713
also be,14891859
and said,14880931
is more,14872943
Department of,14846318
they could,14836388
make the,14829836
difficult to,14822734
In fact,14812311
They are,14809061
at this,14796461
was also,14792237
the name,14778138
up a,14767559
idea of,14764209
told me,14763585
the Lord,14747392
to leave,14744780
so I,14736671
of people,14722801
involved in,14718267
each of,14691494
through a,14671129
into his,14648449
people who,14641422
history of,14632185
variety of,14625398
for it,14600826
a person,14594767
state of,14591263
to create,14568736
any of,14567524
other hand,14557956
As the,14541360
do it,14508456
there 's,14502644
a time,14495317
who were,14484092
what was,14471102
to its,14369575
have no,14351034
its own,14349172
him in,14341310
has not,14320022
like that,14282358
effects of,14240956
in fact,14230062
the three,14192332
the American,14180714
and when,14144689
has to,14127720
the question,14127210
first time,14120042
at me,14112518
we do,14075976
both the,14063076
them in,14054032
a woman,14026749
the system,13992490
all that,13987059
used for,13944735
that were,13943923
of you,13904642
group of,13879074
is used,13874037
to show,13870876
take a,13861133
for each,13856167
out in,13842591
you 'll,13822999
the company,13821866
just a,13819517
a certain,13796741
the power,13794436
study of,13791895
tell you,13783155
over to,13772222
where he,13766091
which they,13759365
are also,13757910
the patient,13754588
will have,13731862
focus on,13718567
a different,13712284
And I,13710702
the present,13699044
what we,13679583
lead to,13674665
the family,13660386
to talk,13638745
much of,13631658
the problem,13628957
they do,13612988
and what,13606406
the war,13599313
me and,13548880
the form,13524904
a particular,13524865
the beginning,13509824
who have,13505550
that has,13499100
or more,13498845
a couple,13470959
then the,13462873
the government,13457235
any other,13454567
an important,13436923
I saw,13436789
think of,13436254
the subject,13426893
view of,13424877
we 're,13421612
that have,13413858
series of,13408512
time and,13407925
Are you,13404116
per cent,13394494
There were,13394138
That is,13392255
only one,13383231
years of,13370553
with my,13367686
not just,13362494
to put,13356276
too much,13356193
role in,13352196
to one,13329740
to all,13325304
not in,13323606
much more,13275018
even though,13271595
changes in,13267712
throughout the,13237993
out a,13234773
percent of,13224562
important to,13199121
that his,13195243
you and,13179916
the car,13173190
the great,13171171
make it,13165977
ready to,13119709
do with,13110688
be seen,13102672
the word,13099074
the truth,13090775
I just,13081268
the road,13081230
her and,13076863
the point,13073809
in Figure,13063304
effect of,13055105
can also,13054932
the original,13033060
on your,13023300
addition to,13007754
of some,12998391
There 's,12989669
what it,12981144
said that,12976401
was just,12967646
take the,12959050
and on,12956882
the child,12956765
her face,12946791
couple of,12943878
in part,12931380
turned to,12908198
with them,12892364
and my,12887343
response to,12854243
or other,12843275
the law,12824317
my own,12814442
has the,12811813
we had,12795971
you 've,12795477
forms of,12775869
example of,12775378
could see,12767178
a second,12748036
soon as,12747252
attempt to,12740098
that if,12735443
with this,12721700
one 's,12718150
the latter,12704341
of human,12698770
the presence,12693537
the need,12688799
the field,12686774
is important,12684400
back and,12670731
to move,12670234
by an,12664511
only the,12652712
means of,12641556
next to,12583740
or to,12573558
in and,12569826
to live,12565944
about to,12564817
referred to,12544364
He is,12543286
You are,12534002
to bring,12530760
levels of,12509353
that will,12500167
the current,12490011
his hands,12475178
with its,12468943
but that,12457109
When I,12452103
towards the,12438027
decided to,12425352
to avoid,12424324
and one,12422507
the book,12409416
full of,12409331
for them,12402553
not get,12392879
behind the,12382134
to become,12373604
believe that,12363307
found that,12361796
she is,12358561
to our,12355360
not see,12344080
the British,12331188
and by,12328642
long as,12323206
that all,12309207
the basis,12306406
aspects of,12287882
over a,12281923
you need,12280234
is very,12273287
He did,12272660
of two,12246420
interest in,12239561
be made,12235252
responsible for,12194902
For a,12194630
because he,12193133
me that,12192859
parts of,12191448
with it,12191279
need for,12181665
He 'd,12175236
of other,12169233
And the,12166284
to ask,12163798
his wife,12161718
and have,12160501
the left,12151551
it and,12094496
but a,12087820
get a,12081717
a high,12080044
of how,12067795
necessary to,12065735
led to,12064025
for that,12061373
the person,12057112
her hand,12054869
by his,12050934
attention to,12050556
me a,12031482
she 's,12022512
in these,12013495
it does,12010149
thought of,11995975
how much,11988076
to pay,11965190
I felt,11961548
importance of,11953397
for some,11927718
to those,11920274
his father,11913739
the general,11909178
the data,11896658
is it,11895820
not like,11843397
get the,11814474
the side,11799893
But it,11799465
the local,11792196
with all,11790036
it may,11774602
after a,11767366
and at,11760365
the place,11759821
back in,11759775
the story,11745258
similar to,11744235
the moment,11743571
my life,11739350
only to,11733379
what she,11731896
they will,11727124
to speak,11704973
patients with,11703477
increase in,11700735
rate of,11697926
to stay,11692421
those of,11687812
looking at,11675111
to hear,11671437
to determine,11670667
to ensure,11652666
were in,11644677
so many,11638198
the words,11630995
the kitchen,11613896
source of,11597362
the individual,11587150
return to,11583168
in many,11577591
be more,11575394
followed by,11573648
change in,11570215
it as,11566842
onto the,11552388
I got,11550894
in other,11545917
because I,11545274
See also,11531902
be found,11531726
the role,11526091
told him,11490979
concept of,11486501
power of,11477999
the light,11472935
is still,11462455
What 's,11462017
You have,11461800
him a,11457825
By the,11453474
know how,11452822
which I,11448738
or even,11441198
to change,11439408
but in,11433454
including the,11432956
needs to,11429370
period of,11417815
a child,11415740
the value,11414348
the wall,11400177
and if,11383486
outside the,11373114
the area,11348725
for your,11335247
respect to,11332919
I told,11329491
think that,11328458
subject to,11325210
a big,11323250
as possible,11312680
hard to,11305271
much as,11303412
about a,11296938
near the,11289511
had never,11261115
knew that,11249190
We are,11248637
the human,11242132
up at,11241969
piece of,11232652
back of,11232058
was one,11229542
aware of,11229389
and some,11228558
That was,11224967
out and,11221554
I wanted,11215298
the morning,11211950
compared to,11198025
deal with,11196280
at that,11165613
possible to,11162155
in such,11145923
this section,11143766
tend to,11132749
the surface,11127605
continued to,11121015
with your,11117054
You know,11113463
far as,11111991
this case,11110809
I need,11107904
the long,11073124
even more,11069760
be an,11066792
the amount,11064442
tell me,11053385
from their,11047642
loss of,11036680
years ago,11031606
where they,11026917
was on,11018024
the window,11017057
in particular,10999340
the children,10989314
and social,10982177
the land,10975858
your own,10974298
did you,10972939
required to,10956497
is often,10933611
beyond the,10929517
the total,10915056
not do,10913011
within a,10911222
unable to,10909314
see that,10902865
are more,10897951
his life,10897740
supposed to,10896723
the final,10867670
the men,10859607
work of,10858820
the previous,10853363
the sun,10842575
you would,10840357
risk of,10838573
continue to,10833788
they 're,10826709
of social,10805304
that one,10805100
man who,10803623
to us,10799678
relation to,10786606
the third,10786503
basis of,10777615
was only,10776415
I asked,10770709
of water,10769555
and thus,10756412
they did,10744062
We can,10739281
relationship between,10730128
approach to,10727253
whether the,10714049
From the,10696112
name of,10689071
looking for,10673223
it all,10658225
into her,10649050
said the,10646329
took the,10642899
the New,10634402
Let 's,10632529
think I,10626772
have an,10623947
to stop,10619179
in it,10613865
to develop,10611700
on an,10591822
not going,10589841
and can,10585079
saw the,10583553
as though,10567698
the head,10567193
and also,10564715
like this,10556350
to let,10552458
a while,10542308
the group,10541388
is now,10501713
of both,10497723
the nature,10493601
which had,10493575
course of,10492278
returned to,10486276
the social,10484656
started to,10479591
a whole,10454178
to learn,10454145
the young,10453774
do so,10432495
become a,10431160
other than,10428660
I mean,10426773
no more,10418254
knowledge of,10417846
the woman,10414382
the late,10412236
to what,10402288
a year,10395332
most important,10384155
which we,10373732
it with,10346164
this way,10321483
the church,10320288
I say,10317100
up on,10314410
when a,10297075
called the,10272232
was very,10260074
been the,10249787
at home,10248958
the bottom,10240537
of me,10239171
be considered,10225524
She 's,10222620
to support,10221947
degree of,10208424
time in,10201073
It would,10197184
account of,10195253
the bed,10194643
going on,10178652
above the,10177489
you could,10170650
her mother,10147461
got to,10137967
with respect,10137241
the street,10128730
the king,10121352
the earth,10111954
can do,10110550
one another,10092439
that could,10063070
She 'd,10061256
the results,10037958
interested in,10032761
kinds of,10018724
the situation,10016675
a series,10013462
man 's,9991536
he asked,9985231
What do,9981254
quality of,9977878
down and,9961882
list of,9953354
on it,9946437
a variety,9943584
is only,9943324
he knew,9935760
to protect,9925690
as follows,9915783
the real,9903992
for us,9901576
purpose of,9895666
a group,9892820
the context,9888575
were a,9887705
other words,9887391
means that,9859754
from one,9845271
context of,9839674
better than,9833998
with other,9829348
opportunity to,9819172
care of,9800998
waiting for,9796297
to play,9794317
can see,9787260
and has,9784324
so far,9783452
with that,9780755
I see,9779597
willing to,9774353
they 'd,9771971
for my,9771941
we could,9763108
but there,9758230
get to,9745915
matter of,9743884
with one,9740203
think about,9739879
the police,9739704
a major,9732504
With the,9725813
made the,9717383
place in,9716900
What are,9715093
a short,9706333
to achieve,9702246
find the,9691836
the result,9680029
at once,9677155
using a,9674882
majority of,9650613
the year,9640562
a strong,9640345
for any,9639988
an hour,9633797
the term,9626922
talk to,9617415
that time,9609459
the others,9608170
find a,9606595
one who,9606333
me in,9601773
the National,9592462
in both,9592370
the heart,9591363
is what,9586110
middle of,9579092
member of,9569077
had come,9567003
two of,9554656
half of,9551855
But he,9551553
to prevent,9544275
the French,9536896
left the,9530374
and no,9528428
caused by,9527629
the information,9523458
time for,9521755
beginning of,9501230
control of,9490663
prior to,9489326
When he,9456443
the relationship,9444762
have had,9431736
He could,9428657
went on,9424765
I never,9400786
a place,9400499
I went,9400438
the author,9399594
made it,9396959
them and,9393429
the face,9389667
not believe,9386076
her in,9384271
the course,9377146
Due to,9373838
to each,9373279
During the,9369882
a day,9367521
We 're,9367070
cost of,9349202
over her,9345678
without the,9344215
You do,9341202
the importance,9337902
are used,9333161
Thank you,9333067
be done,9332094
area of,9329284
set up,9329240
who has,9326222
that these,9325743
you should,9323111
all over,9313321
people in,9305809
was about,9283601
my head,9277863
you may,9267706
the small,9261416
down on,9255370
which can,9251800
long time,9250956
told her,9249439
was too,9224281
treatment of,9216589
work in,9214730
the high,9212077
life and,9210075
function of,9208322
before he,9198126
we should,9171365
make sure,9170732
one that,9163263
edge of,9161936
her husband,9158110
for which,9154252
the ability,9149291
was at,9147775
If I,9138186
not need,9136488
absence of,9132538
back into,9130857
about what,9124980
the study,9119914
It has,9114521
know the,9108741
is so,9097699
to any,9096404
to identify,9090416
refers to,9068870
to another,9057655
size of,9046684
were to,9044749
easy to,9043177
not make,9027481
the little,9024670
I shall,9021838
suggests that,9021111
as his,9020629
it out,9016505
version of,9008054
designed to,8999917
and therefore,8987553
on its,8981272
the edge,8971134
create a,8965245
one or,8962491
with some,8949898
which it,8949837
result in,8946542
capable of,8945719
even the,8944905
also a,8944190
the potential,8944126
the court,8943010
the river,8940901
to explain,8937185
from this,8936756
I believe,8927217
expected to,8923449
as soon,8921696
or two,8917447
the European,8916287
we need,8908595
filled with,8907967
do the,8905260
to produce,8899869
and now,8889982
being a,8889580
with no,8888918
focused on,8872061
my father,8866532
than that,8865381
was all,8863255
talking about,8860204
which has,8858762
the possibility,8849225
the effect,8838810
to read,8830052
Then he,8829465
her hands,8826006
but you,8819623
Some of,8817939
a significant,8813426
a better,8807504
having a,8807246
without a,8806670
World War,8805881
do that,8787023
The most,8781016
to try,8770240
I hope,8769855
it for,8765735
over and,8759946
as one,8744663
the sea,8744458
to follow,8744009
managed to,8741625
I feel,8738537
what to,8736903
to some,8736669
you see,8735393
way that,8731488
over his,8729752
the extent,8728625
think it,8727324
was more,8722582
also the,8714266
at any,8710753
not yet,8707069
nothing to,8693737
from an,8690037
She did,8687128
to hold,8684712
and your,8679557
system of,8679455
to believe,8679103
on that,8676595
it a,8676543
the market,8672878
is called,8672724
for its,8662990
talk about,8660074
it on,8659055
described in,8657841
and looked,8657817
to other,8653476
for instance,8647960
him as,8641975
it did,8636097
understand the,8628553
he saw,8626833
and others,8623971
not so,8619383
impact of,8613569
the key,8605628
in each,8605434
a sense,8604989
it could,8604053
the various,8602397
on which,8598056
it up,8596692
are to,8596333
as long,8591507
If we,8582085
I love,8575741
picked up,8562527
of information,8557449
the line,8557004
I guess,8556061
about her,8555803
his mother,8542011
or her,8533338
not take,8531584
out that,8531363
In other,8531095
him with,8527576
been in,8525595
the project,8521187
And he,8510867
inside the,8509788
used as,8507428
he will,8502185
in Chapter,8497019
and will,8496155
to improve,8486029
and were,8483863
And then,8483814
in relation,8482587
a matter,8479265
got a,8475359
suggest that,8468080
difference between,8450021
the phone,8449343
my mother,8439135
you get,8437622
the center,8432469
When you,8430126
leads to,8423989
are often,8421848
a part,8417326
and went,8414588
the concept,8412476
do this,8411948
but we,8411023
in turn,8409079
if there,8407439
this point,8406872
a young,8397651
a deep,8389416
structure of,8388871
theory of,8388577
the highest,8381103
a specific,8379796
You will,8377034
and from,8374123
not as,8373176
not sure,8369169
him that,8356059
to consider,8348045
show that,8346585
a week,8344619
what 's,8339739
refer to,8336317
I must,8334249
After the,8328417
more of,8321466
to call,8319729
in time,8315320
a set,8312233
seen in,8310268
the school,8309564
He looked,8305554
in general,8302406
provide a,8298979
head and,8295350
where it,8290303
of many,8286912
and took,8285583
not really,8280689
is possible,8277626
by their,8274027
that may,8265616
where I,8263789
evidence of,8258066
The second,8255265
question of,8254682
her father,8249577
from my,8239322
find out,8236371
his arms,8233356
an old,8232672
the text,8232441
and make,8231391
the University,8225842
only in,8207598
had already,8202908
to write,8200843
wants to,8197890
let me,8195742
about this,8185814
on one,8173445
to build,8166143
the community,8165398
carried out,8164586
but to,8163349
the political,8152032
different from,8148764
about how,8143004
be taken,8137264
of different,8137250
the risk,8136610
he thought,8136063
so he,8135591
after all,8134766
not go,8131394
Cengage Learning,8128688
life of,8127423
he wanted,8126513
we 'll,8123579
we would,8120234
combination of,8117281
to start,8108510
No one,8085701
such an,8084838
applied to,8084257
for more,8077331
to feel,8076035
She could,8074608
a similar,8055849
something that,8053935
had made,8048705
with which,8047467
the level,8044963
see also,8043783
so the,8040355
his mind,8027679
both of,8027677
The following,8017949
may also,8015072
the building,8009656
not say,8008961
father 's,8005773
in place,7999889
wish to,7999719
the fire,7999554
and let,7994922
that their,7992730
looked up,7991493
the dark,7988139
have seen,7975600
in New,7971851
more likely,7963462
the sound,7957644
the former,7956478
all this,7955137
are all,7947348
and made,7944452
our own,7938290
had taken,7937223
you 'd,7934692
regard to,7933160
a given,7931275
to reduce,7930751
which were,7929789
of new,7928666
ensure that,7927286
men and,7920171
up for,7919404
his mouth,7911102
appears to,7899966
the town,7899491
a wide,7896648
seen as,7893794
and do,7888674
not that,7887058
out on,7886858
and those,7884047
is based,7868538
the life,7866977
right now,7865911
but this,7857407
to maintain,7855225
help you,7855144
line of,7852476
depends on,7852377
think you,7846342
not mean,7846005
time I,7838115
I heard,7834702
We were,7833875
and put,7817976
out for,7803530
the business,7802990
to run,7790929
the good,7785608
The only,7785180
in mind,7779332
third party,7777516
hand and,7776731
her a,7774520
for one,7769442
together with,7767444
not always,7765171
depending on,7760570
discussed in,7758859
as far,7758264
eyes and,7748687
to reach,7747036
one hand,7742937
you in,7740708
I found,7737881
the lower,7733325
clear that,7729402
something to,7728656
application of,7728632
not help,7725838
as part,7725601
In order,7717530
discussion of,7713297
none of,7709710
she asked,7705543
or by,7700200
information about,7697807
the difference,7686649
areas of,7685819
from which,7685254
the matter,7684945
would like,7680444
down at,7666155
the years,7662946
a common,7662115
we must,7661344
have done,7653436
thought that,7649993
his way,7645488
put it,7641030
definition of,7635974
is at,7632444
the money,7632123
allowed to,7629129
was as,7623802
if a,7618935
are no,7618185
History of,7613827
one to,7613324
you a,7609841
to turn,7604421
to obtain,7594970
ought to,7594602
given to,7590980
reference to,7587170
people to,7586417
He said,7584330
you must,7583214
not understand,7575279
that when,7568437
by which,7568306
He has,7565718
you did,7563952
a word,7559651
intended to,7549548
like it,7544385
They had,7542785
is going,7542218
description of,7528254
model of,7526871
a real,7522900
between them,7510206
the initial,7509563
results of,7505953
It had,7501637
is of,7496414
a full,7493845
became a,7489871
made by,7489127
stared at,7485401
it might,7485041
Although the,7482651
to increase,7481311
given the,7480222
possibility of,7479133
The next,7478520
sound of,7474275
sure that,7473713
see you,7466842
notion of,7458571
was now,7448714
she knew,7444431
come from,7443369
the region,7438531
bit of,7433824
Oxford University,7430300
he can,7429720
length of,7425751
cause of,7418317
pair of,7407376
of women,7403586
portion of,7399962
work on,7399362
shook his,7392616
live in,7392259
consists of,7390651
desire to,7388474
had gone,7379002
happened to,7374251
than in,7373430
Bible Halseth,7368834
would never,7364539
age of,7364041
to establish,7358467
head of,7356952
made to,7356141
my mind,7351754
to eat,7347890
Parallel Bible,7345629
the size,7336228
all right,7334656
that no,7331026
put the,7326397
and be,7323952
the corner,7323322
mother 's,7319902
experience of,7318496
than one,7316757
around her,7314469
light of,7311497
appear to,7305164
these two,7302407
results in,7300748
accordance with,7299461
is given,7298727
The two,7295442
to these,7294005
for those,7289844
aspect of,7287442
where you,7287252
how they,7270334
not let,7269479
the different,7269450
other side,7268255
women 's,7266656
Most of,7266058
whole or,7263782
to as,7262263
the actual,7259657
so on,7259553
the history,7254126
dealing with,7252080
no doubt,7247005
not seem,7240182
very much,7237804
an individual,7237379
a simple,7235605
distribution of,7234111
These are,7231390
came from,7227887
All Rights,7225428
the State,7220863
shows the,7218521
the central,7213459
the kind,7207853
the West,7203109
is always,7197846
in whole,7194081
As I,7186558
you like,7186541
All the,7184930
a problem,7178302
said he,7171168
my eyes,7168352
the full,7165606
Rights Reserved,7162663
the cost,7159489
failed to,7158969
the greatest,7156959
could do,7156904
give you,7153978
about his,7151024
had an,7149266
about that,7146484
to allow,7143225
in two,7136754
impact on,7130149
the four,7127203
that her,7125227
the purpose,7124402
them as,7119462
the period,7117188
to return,7116027
used by,7113486
a hand,7110110
has no,7108264
the average,7105933
they may,7099136
if not,7098158
Did you,7097760
it should,7097673
go back,7096763
at first,7093254
an example,7091787
is true,7089857
and two,7089552
face of,7082980
of self,7081662
the hospital,7079530
and political,7078802
the issue,7077864
image of,7077364
at my,7073429
place of,7069040
the sky,7068461
chance to,7061006
how it,7060798
and most,7060790
We 'll,7054051
for our,7050839
we know,7050048
things that,7049728
young man,7048975
is made,7048486
can only,7043075
argued that,7040266
had just,7040206
the game,7035747
to form,7032496
the English,7032274
and after,7030079
with each,7027572
of interest,7027150
is usually,7023209
every day,7018732
so it,7013205
a special,7012973
heard the,7009215
and only,7001835
production of,6994046
the girl,6994009
and would,6993375
He would,6990915
me the,6987015
de la,6986631
he does,6985326
were all,6979384
and many,6977608
she has,6977282
one in,6976945
just the,6975374
examples of,6974521
relationship with,6973241
determine the,6969634
for many,6964600
the organization,6964061
had become,6961579
the upper,6960101
was his,6959557
even in,6956852
the above,6951745
one can,6951608
it seems,6947527
not tell,6946747
in Fig,6946280
existence of,6944422
the population,6943508
two years,6941811
some time,6941264
and get,6940810
as shown,6937604
advantage of,6934315
who would,6934212
back on,6931740
you for,6929586
to deal,6929237
the effects,6926945
keep the,6925669
the age,6919487
and who,6914790
information on,6914777
comes to,6913212
the primary,6899458
a state,6895624
then he,6895564
opened the,6892806
his voice,6892427
power to,6889717
the model,6889541
After a,6887960
them with,6884126
a kind,6883991
he says,6881910
a chance,6873592
all these,6869820
begin to,6869600
not necessarily,6868433
over time,6866711
on our,6864471
meaning of,6863838
made her,6861421
far from,6860790
world of,6855310
which would,6851744
consider the,6851052
by this,6849385
son of,6848513
work with,6848331
the major,6848287
thousands of,6846123
a half,6843403
of power,6843350
field of,6841692
effect on,6836039
though the,6835973
in accordance,6825462
her life,6818270
and see,6817373
be so,6816296
one day,6814341
While the,6813716
had done,6803513
him the,6791127
thinking about,6788086
a low,6786226
published in,6786059
day of,6786004
to carry,6785351
where she,6784123
come back,6781810
I took,6780890
the image,6778729
living in,6778476
then I,6773439
from him,6772638
included in,6768570
the poor,6767908
see what,6767483
your life,6761541
people are,6759357
be no,6755824
and may,6754950
you had,6754657
center of,6753702
reached the,6748359
is necessary,6746001
place to,6743920
for what,6743246
the overall,6742832
the national,6739298
equal to,6738284
that for,6733191
before I,6729465
leading to,6728782
that some,6722452
As we,6719454
the direction,6717243
expression of,6713872
know you,6713703
closer to,6707802
I suppose,6706778
values of,6705632
you might,6702140
is about,6698628
We will,6696447
has become,6696125
to buy,6688258
I looked,6687566
is this,6684960
he went,6682972
had seen,6677135
be copied,6674117
in different,6673425
to kill,6666431
to set,6661087
the impact,6657692
the big,6655359
the majority,6651653
is on,6648941
the opposite,6646118
include the,6644234
few days,6640669
May not,6638400
the nation,6637007
The man,6636439
from that,6635669
reason for,6634111
in love,6631981
the opportunity,6631955
up his,6629365
her back,6625972
it were,6625581
old man,6625143
looked like,6618693
not come,6615673
he might,6615323
on top,6613595
given by,6610087
A few,6608122
in every,6606526
to accept,6597812
the sense,6590490
the absence,6590269
refused to,6589789
go on,6588715
with us,6581711
compared with,6574470
on him,6564700
that an,6563672
to describe,6561454
a general,6555787
of men,6552210
She looked,6551533
his or,6548083
into my,6540758
did the,6528958
influence of,6527793
or duplicated,6527671
health care,6526118
available to,6525181
the party,6521735
and which,6520363
were also,6514310
following the,6509645
because she,6507284
on how,6504495
contact with,6504323
of view,6503710
They 're,6501018
the World,6500582
his body,6494512
the brain,6492213
like you,6490465
the application,6488355
him for,6487231
provides a,6483997
have any,6480097
one is,6478775
derived from,6477960
and did,6474662
Cambridge University,6473605
And it,6472063
And you,6467029
no matter,6465805
not an,6463035
the product,6459989
In his,6459006
people of,6457192
me with,6455713
be suppressed,6453411
though he,6448836
of things,6447594
which a,6444354
have you,6443559
For instance,6443333
the blood,6440900
or at,6439383
differences in,6438184
reduce the,6434519
such that,6433505
is just,6431326
to join,6427542
You 'll,6425963
a huge,6424979
direction of,6420427
work and,6413414
body of,6412361
and women,6410636
properties of,6409985
to save,6405852
to electronic,6405268
he felt,6404852
the wind,6403135
time the,6399794
to God,6398829
sat down,6391373
shows that,6383065
All of,6383048
is as,6382737
by her,6382492
are still,6381206
into account,6380541
in those,6379362
to perform,6379197
use a,6378309
act of,6375709
is required,6373439
effort to,6369923
the death,6366275
from its,6358669
human rights,6354801
her body,6350904
suggested that,6346715
much to,6345455
years old,6342859
in Table,6338221
The other,6337664
get out,6334660
When we,6334530
was made,6332354
at an,6327479
some third,6326069
It will,6321560
door and,6319719
his feet,6317087
found a,6316688
that might,6316133
it from,6314318
suppressed from,6314075
was already,6310536
If he,6308800
that my,6308462
back at,6307507
the distance,6307150
of work,6303840
the German,6302431
electronic rights,6302149
one thing,6299941
have made,6299644
method of,6296470
to share,6293769
the part,6293171
or less,6285997
the things,6285240
elements of,6284951
the boy,6283795
the common,6283396
where we,6280387
party content,6278490
her mouth,6275279
once again,6274816
it must,6274114
position of,6271936
found the,6271296
is being,6270030
But you,6269626
which may,6268825
I remember,6268145
was able,6265183
to control,6264504
the research,6263624
to face,6262404
days of,6258643
meant to,6258318
contribute to,6257296
other people,6254743
see if,6250369
With a,6248140
the largest,6244099
know it,6241389
content may,6239747
in Europe,6236360
of public,6235833
corner of,6233922
story of,6228690
she thought,6228660
a friend,6227724
the dead,6227345
the production,6226118
If a,6225756
person who,6224704
was born,6224392
is my,6223058
I get,6222530
here and,6218080
let 's,6217761
that way,6215049
at last,6212260
look like,6209495
high school,6200384
or eChapter,6194993
the least,6192454
formation of,6191469
social and,6189096
was always,6186950
down in,6186563
Since the,6184257
idea that,6181517
of three,6180657
the quality,6180283
see a,6178272
again and,6177584
order of,6173159
in to,6172968
You 've,6168287
off to,6167244
my heart,6166497
more and,6165153
and down,6160705
which she,6154999
present in,6154936
the job,6152144
to address,6147371
few minutes,6145513
the office,6141815
in addition,6136678
but as,6133978
was like,6132250
you that,6129336
sight of,6122985
it into,6118215
the eBook,6107062
was being,6106462
see how,6104545
to continue,6104041
any more,6103209
so long,6102235
the environment,6100251
the enemy,6099820
she felt,6097128
to act,6096897
last night,6096764
are very,6095788
the event,6095515
that day,6094868
the Great,6093137
only be,6092826
creation of,6088404
leave the,6087824
no idea,6083841
provided by,6082491
time he,6080496
children 's,6078993
into an,6078065
through his,6077049
their lives,6074072
the women,6074026
As he,6071826
the Court,6068780
eBook and,6058943
in The,6057635
you say,6055780
At least,6055693
we 've,6055675
out with,6054284
be very,6054227
was there,6043210
If it,6040771
it be,6040612
her with,6040522
change the,6038003
at one,6036223
or any,6035798
the Holy,6030683
noted that,6029326
and began,6029270
so they,6028811
the type,6028450
I might,6028421
am not,6027520
below the,6024364
How do,6016128
a minute,6008567
greater than,6006346
entered the,6004820
see it,6004297
characteristics of,5993703
a member,5987816
these are,5986719
is for,5986279
problem of,5982087
the large,5980177
of knowledge,5979296
their way,5978628
in what,5972271
When she,5970521
as being,5969140
But she,5967988
the material,5967343
the UK,5962690
by using,5961269
the South,5959823
a clear,5955532
what happened,5955149
is known,5954723
not it,5952983
and yet,5951845
the order,5948598
appeared to,5947762
but rather,5946706
She is,5944522
the stairs,5943683
up from,5942663
known to,5940064
the living,5937793
here to,5936331
It can,5934801
not care,5931888
never been,5929243
so we,5926165
ways to,5925520
the open,5925385
how many,5925269
people 's,5922625
though it,5919506
the source,5919114
life in,5917504
issue of,5911273
making a,5906927
attempts to,5904585
and take,5904529
is likely,5903848
support for,5903343
in patients,5902305
resulted in,5900565
impossible to,5899263
he took,5897542
told you,5896631
Why do,5896116
the news,5895677
determined by,5895269
a smile,5894707
same as,5888200
is all,5887262
for both,5886585
and out,5882751
the basic,5882494
how he,5876414
her as,5873565
In contrast,5873124
the natural,5872844
the decision,5870639
a higher,5870308
listen to,5869842
not for,5868840
how you,5868794
it seemed,5865826
might not,5865118
all his,5864322
especially in,5864046
would you,5859218
ways of,5857105
forced to,5856837
on what,5850651
defined as,5846444
under a,5845988
the meaning,5844655
like an,5841388
Have you,5836109
not all,5835588
so as,5833113
Institute of,5830682
here is,5829192
as many,5827894
affect the,5827410
in case,5827264
performance of,5824558
are going,5820228
we may,5815433
people and,5813306
to sleep,5812861
gave him,5812562
can get,5812521
pointed out,5811943
I really,5811629
beginning to,5810827
the many,5809795
the mind,5809780
by any,5807312
the existence,5804495
are now,5803874
than to,5803641
the price,5802971
the north,5802488
want you,5801033
of New,5798835
a family,5796360
she wanted,5794268
shall not,5789288
water and,5789027
I wish,5787297
the standard,5782904
the ship,5781750
by one,5778485
just like,5777956
read the,5774340
the evening,5773696
the client,5772277
her mind,5765460
collection of,5765371
a point,5764979
thought it,5762881
So I,5761833
take it,5759558
and our,5759317
to serve,5756567
consistent with,5755779
spite of,5755465
of money,5753689
that any,5753011
the scene,5752559
many years,5751818
The same,5749680
he looked,5749051
made of,5748356
my hand,5747050
bottom of,5743014
review of,5740784
I like,5737678
the village,5732080
her arms,5730077
fear of,5729491
made in,5727633
to walk,5724130
increase the,5723754
the physical,5714991
to stand,5713422
can have,5712786
the Church,5712457
at it,5711017
are two,5710444
and over,5709694
be sure,5708045
than I,5702937
was used,5699276
the position,5696452
attached to,5692837
same way,5692342
a case,5692110
felt like,5686503
to pass,5684171
engaged in,5683982
sign of,5679456
to include,5676013
can help,5675300
meet the,5674404
But if,5672303
a system,5670145
a look,5669180
to offer,5667897
the object,5665556
to sit,5663520
regarding the,5663219
a book,5659517
on me,5658626
five years,5656694
about their,5654531
that such,5652523
thought to,5651835
to open,5650604
the base,5650186
outside of,5648264
he should,5648118
years later,5648001
to fight,5636904
from all,5634317
came out,5630385
open the,5627788
man in,5627512
is shown,5626036
can make,5625090
of data,5624368
sent to,5622498
room and,5618808
they should,5617586
or so,5617031
he told,5615194
me as,5602202
her that,5599125
and turned,5594915
a piece,5593545
in response,5591363
of others,5583840
being the,5581940
can use,5580462
always been,5580357
a much,5574511
to break,5574172
of light,5573280
felt the,5571773
reason to,5571031
basis for,5568678
at which,5568456
before she,5559600
the notion,5558596
the reason,5554272
be to,5552640
be given,5546472
put on,5544311
moved to,5542437
on and,5542174
where a,5541860
to remove,5539888
Supreme Court,5536964
had left,5535575
God is,5534806
a third,5533741
shook her,5530011
children and,5528509
while he,5528353
lived in,5527298
now that,5524040
characterized by,5523814
added to,5523247
were still,5522862
Because of,5521241
even a,5520025
Then I,5520001
that which,5519980
efforts to,5518919
the white,5517388
the hall,5515622
in England,5508593
management of,5508280
a function,5505840
until he,5505454
of Jesus,5503209
regarded as,5500294
his family,5495158
system is,5493546
he and,5492718
before you,5491562
at each,5490838
hundreds of,5489963
this one,5488884
the language,5483255
the film,5482508
a letter,5478111
the crowd,5472461
has also,5469682
and found,5469335
gave me,5469330
the structure,5468839
for two,5463547
to answer,5462841
the hell,5462651
what had,5461047
many people,5456337
his heart,5453865
features of,5451013
let him,5448609
find that,5447391
the treatment,5446798
evidence that,5446627
not look,5442007
his back,5438526
to check,5435909
the King,5433188
the reader,5432776
of Christ,5432671
death of,5430795
despite the,5425617
through her,5424104
not give,5423117
believed that,5420738
argue that,5417558
her hair,5416680
were no,5416257
heart of,5415952
relating to,5414632
to receive,5413402
his arm,5412846
and left,5411681
the creation,5410767
someone else,5410196
interpretation of,5409627
at their,5409428
home and,5409339
his lips,5409301
let the,5407554
point in,5403415
What was,5402202
way in,5399123
as their,5397467
a positive,5396071
subject of,5394489
became the,5392644
surface of,5391902
a hundred,5388949
and gave,5386591
the black,5383331
the thought,5383145
a thing,5382064
at night,5381051
was something,5378627
Then the,5375118
of war,5373821
the site,5372943
next day,5371367
the Internet,5369545
a bad,5367197
Is it,5365787
great deal,5365781
out from,5363813
the Bible,5363426
Based on,5362416
a key,5361836
We do,5361465
to spend,5361139
to enter,5358011
give the,5356611
mean that,5356442
would take,5356395
I came,5356389
in London,5356083
of political,5355137
has an,5353826
have some,5353409
and economic,5352453
made up,5350243
know about,5349389
two or,5348934
because you,5345378
assume that,5344148
so she,5339202
been used,5337668
far more,5333398
section of,5328960
regardless of,5324572
without any,5311571
United Nations,5310981
of Israel,5308969
the worst,5307908
more to,5307258
you feel,5306333
before they,5302029
got the,5301786
his chest,5300481
the path,5299186
tell him,5298442
the design,5296763
her heart,5296499
even when,5294129
the heat,5294013
of children,5293790
the EU,5292961
the program,5292958
but with,5288801
to wait,5286803
in life,5286683
to send,5279895
made him,5278626
so you,5278107
was nothing,5277562
see him,5275811
picture of,5275646
you go,5273005
to watch,5271381
are many,5266889
making the,5265858
and could,5263914
of action,5263509
And if,5262022
one side,5261459
she saw,5259727
power and,5258285
the island,5257840
few years,5255479
plenty of,5255414
of high,5253275
for these,5252446
agreed to,5251710
himself to,5251565
respond to,5249731
with our,5245309
out there,5245000
a form,5243309
Let me,5241508
come in,5241327
hear the,5241050
would make,5240836
found to,5240062
It may,5238781
no way,5238778
most common,5237737
of America,5237685
we shall,5235461
hand on,5234052
the property,5233299
limited to,5232675
need a,5229809
a change,5226067
the baby,5224612
or an,5219515
he came,5216381
three years,5216317
the true,5215860
support of,5214239
to and,5214016
see her,5213166
which have,5212836
principle of,5211856
or she,5207981
edited by,5207480
knew the,5207206
someone who,5198374
are so,5198273
depend on,5198173
of law,5195129
but only,5194563
the date,5193883
and saw,5192358
and use,5188826
note that,5187943
the answer,5187880
in most,5185752
It also,5185572
the Soviet,5185455
construction of,5185045
but his,5184837
we did,5184300
the traditional,5182063
you the,5181512
growth of,5180071
once more,5179464
Even if,5178429
the self,5178302
the service,5176623
supported by,5176113
Can you,5175350
never be,5174379
But there,5173904
out his,5172554
thought about,5171772
him on,5163506
made me,5163377
means to,5161984
but if,5159721
use in,5157663
linked to,5157522
the team,5157245
about him,5153945
opposed to,5152564
set the,5151559
been able,5151162
resulting in,5150730
a question,5149960
and asked,5147423
the test,5144392
a range,5140875
the energy,5138409
we see,5135102
be on,5134795
is much,5131829
needs of,5130944
presented in,5129819
a job,5128956
her voice,5128610
is why,5128425
with two,5126142
the wrong,5125436
at work,5121997
why I,5117774
They have,5116772
Note that,5116159
the rate,5115619
And that,5113596
but for,5113312
which will,5112328
his son,5109821
You may,5109384
been made,5109104
that many,5108760
to remain,5107627
behind her,5106047
them all,5105888
emphasis on,5103486
what a,5102076
enough for,5101330
me for,5098998
with those,5098058
the walls,5093868
take care,5091903
of American,5089053
contrast to,5087111
many other,5084598
described as,5083279
the summer,5082477
the North,5081868
asked to,5075092
although the,5072271
After all,5071786
used the,5070557
them from,5068099
He took,5067074
ready for,5063207
the military,5063105
assessment of,5063100
not feel,5062414
At this,5060767
get it,5060369
to such,5060197
did it,5059920
we 'd,5056009
or that,5053691
the south,5052318
love you,5052175
his brother,5047758
the doctor,5047633
you mean,5046554
account for,5045141
Let us,5044229
time when,5040539
We had,5032218
is your,5030366
the hands,5028816
gave a,5028265
while I,5028000
her lips,5026165
by its,5024101
the bar,5021287
that God,5020001
must not,5017198
day and,5011914
I made,5008769
of The,5007749
the home,5006726
of every,5006563
saw a,5005816
that to,5003327
and colleagues,5002077
health and,4994652
support the,4993882
a pair,4991226
be that,4991169
for such,4991072
face and,4990509
serve as,4990278
part in,4990255
talking to,4987521
be as,4987186
the paper,4986774
that our,4986571
not quite,4985919
be at,4985623
how I,4984032
produced by,4981398
the rules,4980807
was right,4979755
the task,4978853
I tried,4978107
felt that,4977977
have come,4977626
the cause,4977183
choice of,4976444
from other,4975819
give me,4974980
he got,4974885
the global,4974711
I still,4972578
be of,4971605
the target,4969557
knew it,4966237
affected by,4965576
all those,4961566
The main,4959439
and again,4958934
that your,4958491
of death,4958300
a world,4957607
to study,4957515
comes from,4955848
the loss,4955289
behind him,4954489
that made,4952674
I also,4950663
work for,4949725
But this,4949136
this morning,4948584
the eyes,4948401
a period,4944207
a process,4941785
the user,4940424
here in,4939771
very well,4938875
You must,4937815
except for,4937646
as that,4937438
to remember,4935482
Even though,4935289
like I,4930615
to promote,4928601
Then she,4926263
child 's,4926009
was found,4925260
forward to,4923635
still in,4922637
his name,4922118
feel the,4920459
world 's,4918145
prepared to,4916224
against his,4916114
a quick,4914979
are some,4910992
eyes were,4910348
thing to,4910286
those in,4910017
but when,4908754
To the,4908495
concerned with,4906212
left to,4905642
also been,4905292
the evidence,4902809
him from,4902070
apply to,4899916
measure of,4899770
is less,4899033
God and,4897150
said in,4893230
he found,4891761
showed that,4890654
How can,4887650
working with,4886698
that night,4882855
the specific,4881261
given in,4880893
practice of,4879597
will take,4878480
to draw,4877396
search for,4877167
thought I,4875893
from me,4875869
a well,4875395
on all,4874511
engage in,4874134
the start,4873918
the control,4873737
to discuss,4873354
to visit,4873269
to himself,4870570
participate in,4868596
the pain,4868200
and walked,4867374
on them,4866791
sought to,4866599
Many of,4861473
the remaining,4860564
but is,4859869
the mid,4859202
was doing,4858661
are available,4858578
it comes,4858365
all about,4857079
In some,4856496
who can,4855688
feel like,4855548
in China,4855489
between two,4855236
come up,4855098
look for,4855084
those that,4854713
of another,4851830
find it,4851040
the formation,4848753
accompanied by,4847942
they might,4846791
up of,4846457
with such,4845563
South Africa,4845489
implementation of,4842355
came in,4838415
to begin,4835633
any time,4833968
of more,4833673
no other,4832142
had given,4829048
He knew,4828539
development and,4825782
thank you,4825183
to add,4823306
he made,4822248
sources of,4822073
just to,4821745
is too,4821101
the action,4820078
the letter,4818840
knowledge and,4817493
become the,4816974
been so,4816048
some other,4813872
to cover,4813338
continues to,4812321
had said,4809619
the appropriate,4809517
realized that,4808373
let us,4807364
not at,4807019
San Francisco,4804579
about you,4800842
the performance,4800771
right of,4797895
the range,4794705
the economic,4794579
do to,4793448
You should,4793385
was almost,4790957
then it,4788455
to gain,4787821
the mother,4787426
as her,4786410
quite a,4786404
follow the,4784810
came back,4784671
the space,4783675
the food,4780903
But what,4777768
is defined,4776760
the Commission,4776262
was it,4775810
in America,4774748
cases of,4774219
give a,4773098
in more,4770651
was my,4769415
percentage of,4769331
a life,4763606
that people,4762633
Los Angeles,4759709
law of,4756507
and set,4756385
which you,4756289
and pulled,4754446
cent of,4751367
hands and,4750852
had happened,4750029
the lack,4748496
is available,4748379
have also,4747534
signs of,4747471
but then,4747171
was never,4746958
of love,4745188
connected to,4742906
the list,4742320
makes it,4741758
could get,4739635
open to,4739332
took place,4736876
numbers of,4736734
to prove,4736654
us that,4735996
scope of,4735445
to catch,4733987
by means,4733865
the correct,4732421
his fingers,4731743
home to,4731288
an end,4728454
rise to,4728345
more important,4726283
to die,4723631
a brief,4721968
the change,4720945
set out,4720540
them on,4720031
relative to,4719247
provide the,4717153
were going,4715535
felt a,4710886
stood up,4710198
the streets,4707856
the modern,4703540
is considered,4702772
coming to,4701574
think he,4699725
of food,4698648
his first,4696460
love and,4695912
groups of,4694735
why the,4693945
do anything,4693032
Just as,4690405
Proceedings of,4689774
best to,4689711
of whom,4689667
from your,4689071
the stage,4688927
will make,4686336
nothing but,4684038
For this,4683981
know I,4678995
only for,4676961
on in,4674769
and cultural,4670742
it came,4669034
status of,4668478
nineteenth century,4666956
argues that,4663350
available for,4658855
will never,4658606
with more,4657303
human beings,4654494
He also,4654298
this study,4652342
are being,4651034
sure you,4650457
saw that,4648062
a month,4647021
which in,4646694
a list,4642650
purposes of,4641476
the terms,4640201
my face,4639203
necessary for,4635888
share of,4635172
is clear,4634702
turn to,4634160
a greater,4629974
as such,4628158
Act of,4626975
content of,4626733
who could,4624735
charge of,4623409
them for,4617710
consequences of,4617689
evaluation of,4614866
the Chinese,4614115
turned out,4613164
come out,4613096
would do,4611226
will also,4610953
though I,4610627
it that,4610598
their children,4609891
from it,4609609
gave her,4606123
The last,4603306
We 've,4601424
can take,4601304
the influence,4597997
the ways,4596780
do we,4596651
worry about,4592813
we get,4592546
women and,4592132
are at,4591616
the trees,4591575
moment of,4590806
not find,4589099
the students,4587809
to focus,4585371
ahead of,4585325
of patients,4585292
people with,4585093
us in,4584820
now and,4582950
But that,4582546
with what,4580209
put a,4579629
shown that,4579216
product of,4578333
there would,4577056
a white,4574416
during a,4573425
body and,4573311
hand to,4572444
to pick,4571998
women in,4569196
are usually,4568032
exactly what,4567768
family and,4567714
can you,4566825
more about,4566505
in another,4566215
had ever,4566049
the maximum,4565944
them into,4565181
this to,4564072
of having,4563574
pick up,4561536
a local,4561345
of several,4559196
taken to,4559161
is quite,4559157
have already,4558486
anything to,4558238
the Middle,4557253
glanced at,4552723
time that,4551540
had always,4548023
men who,4547885
and sometimes,4547073
describe the,4546506
saying that,4540662
the skin,4538787
and started,4536985
some cases,4536768
working on,4533726
put in,4531503
also to,4530402
time with,4528715
the experience,4528315
that what,4527443
of government,4527426
lots of,4526635
the House,4526341
called a,4525863
strength of,4525287
What did,4524883
do something,4524222
an increase,4523125
higher than,4522211
attempted to,4519630
a black,4519033
the audience,4518340
the degree,4516586
the analysis,4515663
is difficult,4515507
a complete,4513862
first to,4513720
rely on,4513504
person 's,4513006
I may,4511000
woman 's,4507973
we all,4506390
take place,4505178
Of the,4505074
also have,4504694
man of,4503072
Why did,4502833
how we,4502647
more or,4499712
to death,4499247
When they,4499234
a public,4497812
the LORD,4495447
some kind,4494771
the spirit,4493046
the financial,4492569
because we,4492260
the bank,4491367
with these,4491152
of various,4490768
the Department,4490767
up by,4489895
It does,4489006
of research,4487092
up her,4485876
principles of,4485590
woman who,4483923
responsibility for,4482459
could only,4481089
required for,4480623
it the,4479978
off his,4479284
research and,4479250
most likely,4479119
the construction,4478180
whether it,4477679
is most,4476989
the better,4476104
before it,4475856
it at,4475032
She would,4474700
against a,4471630
to engage,4469937
by some,4468793
does the,4468502
about your,4468044
dependent on,4464684
concerning the,4464348
these things,4464345
words of,4464088
always be,4463933
the centre,4463319
book is,4462618
that at,4461858
to grow,4461226
and often,4461087
think we,4460358
beneath the,4460017
to lose,4459260
and where,4459239
wait for,4459089
have become,4455577
a total,4455405
but no,4455256
he or,4454523
and go,4453924
to apply,4452794
life is,4452396
did he,4451981
and told,4449392
for several,4445277
that even,4444609
something else,4442536
to assess,4442330
the ones,4440324
form a,4439677
an opportunity,4439515
thought he,4437564
with any,4436695
United Kingdom,4435223
that does,4428515
of man,4427000
And when,4424923
young people,4423743
the economy,4422050
proportion of,4421876
against her,4421496
New Zealand,4421215
character of,4420310
is nothing,4419706
her feet,4419463
if that,4419334
conditions of,4416921
said as,4416512
the international,4415306
she looked,4412248
a human,4412244
we find,4411962
copy of,4407934
the knowledge,4407191
said with,4405737
since it,4405405
on both,4404696
front door,4404265
Office of,4401900
in India,4401632
on earth,4401504
there will,4400544
out by,4400404
of energy,4398213
enter the,4395684
go out,4393571
the army,4393426
the outside,4393384
to both,4389430
the core,4389410
thing that,4387525
get back,4386796
on each,4386262
to sell,4386202
the International,4385719
it also,4385635
But in,4385085
and non,4385033
commitment to,4385028
And what,4382209
state and,4381572
be obtained,4381540
an open,4380002
than he,4379856
a means,4378515
around and,4378079
Is that,4373561
having to,4371074
than any,4369191
not stop,4368915
for another,4366408
matter how,4364591
all my,4364139
have taken,4363395
hands of,4363151
the screen,4363056
I were,4362524
details of,4361693
pattern of,4358956
School of,4358363
the cell,4358292
know if,4356806
but at,4356521
his work,4355584
goal of,4353148
and every,4352639
answer to,4352047
of age,4351872
representation of,4351779
improve the,4350392
whether or,4349826
that only,4346942
composed of,4346846
sum of,4346837
to explore,4346535
I tell,4345706
tends to,4345301
will help,4344797
together in,4343945
the principal,4342945
three of,4342809
is something,4338334
It seems,4338093
man and,4336534
house and,4336418
play a,4336250
his shoulder,4336001
which to,4334740
listening to,4333331
of state,4332261
said it,4332018
extent of,4331955
and development,4328688
tell her,4328280
patient 's,4327561
Instead of,4326256
little more,4325869
reasons for,4323091
went out,4321425
the usual,4321304
influenced by,4318573
were so,4316094
went back,4313890
difference in,4311547
doing so,4309904
not matter,4309276
under his,4307375
in with,4306736
there and,4306533
the hand,4306214
Come on,4306139
information and,4305811
knew he,4305116
than those,4303838
deal of,4303288
twentieth century,4302428
back from,4301924
the length,4301236
the contrary,4300740
the girls,4300283
How could,4300009
it back,4299498
belong to,4298036
we might,4297231
food and,4295407
the eye,4294675
taking the,4294167
We need,4294068
of blood,4292189
least one,4289544
decision to,4289420
the class,4288625
the universe,4287264
date of,4286679
as is,4285134
very good,4284932
last time,4284096
about my,4284082
but was,4283966
out into,4283362
sides of,4282190
living room,4279599
to choose,4279513
into their,4279452
could hear,4278974
many times,4277889
As you,4275834
then we,4275230
located in,4273953
very different,4273356
the darkness,4272987
let her,4270387
speak to,4269468
He turned,4267153
the parties,4266033
and still,4265427
to raise,4264728
came up,4263508
York Times,4263039
the necessary,4262965
will see,4261830
arrived at,4258705
the media,4257889
will come,4257236
When a,4255415
the sample,4253128
were more,4252754
as those,4249499
feeling of,4248337
both in,4248007
placed in,4247690
good to,4247556
be said,4247192
the view,4247182
In particular,4244496
in various,4243562
represents the,4242819
held in,4242116
between a,4240986
pay for,4239137
indicates that,4238428
at times,4235978
And she,4235752
a girl,4234208
the music,4234187
there to,4233411
the set,4230933
our lives,4230505
to bed,4230063
love with,4228908
law and,4228781
indicate that,4228621
the tree,4228210
defined by,4227406
This chapter,4227377
first and,4226335
of individual,4226256
hope that,4225645
House of,4224853
was her,4224781
with regard,4224756
do I,4224095
give up,4223769
surrounded by,4223158
not worry,4223065
who did,4222918
the picture,4221582
at some,4221379
half a,4220790
a nice,4219992
easier to,4219219
OF THE,4218617
work is,4217178
control over,4215740
people were,4210965
he turned,4209016
too many,4209005
is found,4208315
in charge,4208274
are of,4208259
as this,4207999
to happen,4207302
the boat,4206760
say to,4203534
If they,4203474
knew what,4201731
obtained by,4200734
in English,4197843
To be,4197770
the relative,4196703
the soul,4196637
until they,4194967
is well,4194522
the president,4194006
need not,4193931
does it,4192353
is another,4191504
of good,4190872
have found,4190247
too late,4189404
thanks to,4188487
the post,4188360
And so,4188021
appearance of,4186837
off and,4186645
out at,4185065
whom he,4184878
in on,4183073
of nature,4181941
that most,4181867
connection with,4180397
What about,4179461
that as,4179330
are made,4178500
be there,4174286
ways in,4173066
Jesus Christ,4172480
them that,4171476
Ministry of,4171217
a two,4170476
shown to,4167311
focuses on,4165756
hit the,4165558
the son,4165245
the growth,4165073
and without,4162755
the cold,4162325
like he,4159866
to recognize,4159612
at its,4159127
there in,4157393
told the,4156881
until I,4156652
the legal,4155126
Such a,4153286
away and,4150654
the title,4150076
have it,4148859
go and,4148094
But when,4145411
around his,4144157
in public,4144131
to teach,4143469
makes the,4143369
a larger,4143204
explain the,4142987
a model,4142880
and self,4142818
were on,4141933
an attempt,4141368
occur in,4140678
Court of,4140049
apart from,4138835
not work,4138614
the movement,4137738
the beach,4136610
to complete,4136428
will do,4132370
states that,4132026
her for,4131094
found it,4130014
also in,4127619
all in,4126443
appeared in,4125862
of California,4125133
the corresponding,4123262
and me,4122451
to express,4120128
the ball,4118887
believe in,4118465
But we,4116963
The New,4116358
the Federal,4116258
the short,4114860
a position,4114858
volume of,4113476
to escape,4113007
was looking,4111540
How did,4111360
the garden,4109688
taking a,4109334
weight of,4108582
mother and,4106196
took her,4105036
help to,4104792
to pull,4104291
place where,4101986
the firm,4099708
the First,4099315
change of,4096474
price of,4096390
or as,4094912
until it,4093753
spirit of,4092115
the scope,4091948
studies of,4091427
understand that,4090283
I needed,4089004
all I,4087920
long and,4087468
of international,4085083
Not only,4083261
this kind,4082635
care for,4082141
one and,4081698
system and,4079830
be called,4077405
The fact,4075262
considered to,4073881
differences between,4073436
process is,4069846
As for,4069509
know where,4067507
failure to,4066680
from our,4065951
the message,4065655
of land,4064527
then you,4064426
reach the,4064340
that moment,4064006
represent the,4063486
and perhaps,4063151
coming from,4063016
work to,4062346
the proposed,4062318
the glass,4061412
being in,4060767
a company,4060366
put his,4060353
my way,4059953
other things,4059576
would come,4058440
went into,4057656
the literature,4056875
the hotel,4056266
concluded that,4055510
they all,4055089
If there,4054507
a story,4054433
served as,4053788
do what,4051864
and should,4051195
You were,4049484
things to,4048815
only by,4047190
stage of,4045799
consequence of,4045763
her the,4045220
is then,4043839
where there,4043249
a social,4038485
the low,4038114
all other,4036842
the theory,4035595
way he,4031917
then she,4029176
on these,4027944
In general,4026866
of local,4026018
this work,4024624
to respond,4023946
the federal,4023411
and another,4020635
Despite the,4020310
city of,4019067
past the,4019010
came into,4017748
to hide,4017625
the forest,4017029
show the,4016973
than it,4015966
mental health,4013141
still be,4012901
claim that,4012615
amounts of,4012209
It should,4011977
for years,4011300
problem is,4010278
is like,4009346
I ask,4007350
divided into,4005850
education and,4005783
says that,4004369
who will,4002237
Halseth English,4000777
world and,4000543
capacity to,4000455
was gone,3999807
What if,3999170
years and,3996460
political and,3996166
pieces of,3995357
not much,3995334
from being,3994378
benefits of,3994239
the larger,3993919
give him,3993656
them a,3991796
leaving the,3991493
asked him,3990343
both sides,3987685
the fourth,3986760
to fall,3986706
even as,3986575
be with,3986532
the plan,3984938
could feel,3984882
is needed,3983371
gave the,3982690
is generally,3982634
important for,3982365
thinking of,3979079
had had,3977600
arms and,3976896
first place,3976255
man was,3974966
assigned to,3974459
the steps,3972410
movement of,3970999
patterns of,3970731
children of,3970265
and children,3969790
be applied,3969089
of economic,3967917
the principle,3967041
Over the,3966769
is good,3966161
got up,3965437
aware that,3964173
What the,3963985
bed and,3963066
my hands,3960816
not seen,3960719
is said,3960202
and held,3959178
the normal,3957528
she might,3957397
more information,3956994
or of,3955645
the west,3955181
staring at,3953840
in spite,3951304
the conditions,3951205
head to,3951140
element of,3951127
a thousand,3950673
turned and,3950141
upon a,3948036
to others,3948032
a car,3947836
end up,3947554
the chief,3947156
and into,3946717
language of,3945844
all things,3945567
to marry,3944477
and give,3942939
to examine,3942311
out what,3940683
down a,3940128
looks like,3940115
or something,3939654
anything else,3936973
determined to,3936940
to whom,3936849
demand for,3935947
the east,3935555
was trying,3935475
he must,3935195
lines of,3932730
a fine,3932577
And now,3931649
to drive,3930894
the strength,3930748
referring to,3929877
distinction between,3928053
components of,3923641
the relevant,3923534
me about,3921114
the problems,3920470
is because,3920387
that did,3919765
in France,3917983
a dozen,3917300
the bathroom,3916276
am I,3915343
not enough,3915249
born in,3914315
or if,3914007
will need,3911903
to define,3911392
the far,3911187
the Indian,3909679
the boys,3909524
those with,3908034
component of,3906784
very little,3906403
the box,3905442
wanting to,3904417
are given,3903848
figure out,3903798
to seek,3903730
establishment of,3902891
a direct,3901481
the solution,3901429
the nineteenth,3901110
any one,3900053
hands on,3899651
was given,3899044
reported that,3897103
She said,3896931
the authors,3896644
were made,3896463
And they,3896231
combined with,3895633
and water,3895223
feel that,3894902
ten years,3892887
we want,3892830
through which,3892415
a business,3892070
what would,3891509
year of,3891052
States and,3890584
of mind,3890274
already been,3888960
climate change,3888222
force of,3886741
a hard,3882882
the Christian,3880460
her way,3879061
and sat,3878970
exposed to,3877490
the distribution,3877008
State University,3876825
of years,3873313
pursuant to,3872480
in question,3871463
to treat,3870707
and any,3869461
a sudden,3869044
only if,3868446
the practice,3868064
making it,3867435
but now,3866592
this world,3866268
have never,3862744
requirements of,3862150
them the,3860525
though she,3860449
feature of,3857107
him out,3856688
significance of,3856296
was for,3856083
was quite,3854301
love to,3854055
fail to,3853085
and services,3852566
a natural,3851767
later in,3851209
around him,3851071
a non,3850708
mode of,3850316
to solve,3848324
and time,3846853
the opening,3846064
created by,3846038
how she,3845473
deep breath,3845449
as for,3845218
identify the,3843696
If she,3843680
working in,3843206
men in,3842609
As soon,3842450
a separate,3841843
I started,3841451
there for,3841133
the existing,3840478
believe it,3839296
his neck,3839262
looked down,3838642
act as,3837355
the ancient,3834869
stages of,3833810
good for,3832993
ratio of,3831126
to more,3829205
Holy Spirit,3828145
the board,3828037
the probability,3823316
will find,3821989
aimed at,3821906
the chair,3821639
to decide,3820446
make up,3819506
the focus,3819351
the student,3816251
you all,3816144
asked me,3815544
for every,3815481
contained in,3813913
to end,3813691
the President,3813481
interests of,3813476
War II,3812624
and just,3811569
the content,3810804
would go,3810802
a patient,3810053
to fill,3808033
in them,3805613
in there,3804749
a beautiful,3804029
replaced by,3802878
the chance,3802628
from those,3802347
use it,3801878
author of,3799505
brought to,3798819
room for,3797758
be expected,3797274
of business,3796718
Human Rights,3796545
chance of,3795854
I always,3793963
a powerful,3793233
effects on,3792465
are likely,3790357
him at,3790070
name is,3789236
to life,3789219
expressed in,3789162
not being,3789117
she told,3788131
and finally,3787613
creating a,3787402
time she,3787177
time is,3784486
afraid of,3783631
students to,3783307
introduction of,3783251
and very,3782530
help me,3781647
success of,3780827
good and,3780676
after that,3780225
hair and,3780012
it down,3778970
class of,3777494
she can,3777447
the mean,3772748
can I,3771917
behalf of,3769856
them out,3769608
are able,3768467
waited for,3767288
this in,3766563
was probably,3766363
since I,3766138
to prepare,3765982
evolution of,3765843
why he,3764590
sat on,3764022
an object,3763585
point to,3760983
of England,3760919
a combination,3758252
is there,3757529
realize that,3756516
the voice,3756081
the non,3754434
This means,3753811
a step,3752961
be one,3752459
the higher,3751682
not remember,3751279
us and,3750914
voice was,3749928
and high,3749810
and Social,3748042
company 's,3747859
and well,3746167
to manage,3746036
the inner,3745936
exposure to,3745477
the underlying,3744705
sense that,3743432
and hence,3742798
this process,3741517
seen the,3741008
she says,3740746
friends and,3738705
the thing,3737526
None of,3735021
allow the,3734142
choose to,3733767
remember that,3733712
reduction in,3733674
She has,3733510
and these,3733470
you with,3732156
will give,3730200
been to,3729919
something like,3729212
for use,3726824
carry out,3726686
condition of,3726498
though they,3726367
happy to,3725982
to listen,3725182
the conversation,3724918
written in,3724593
As she,3724222
the rule,3723954
a right,3723374
but one,3721036
if any,3720808
done in,3720632
the red,3720531
until she,3720248
the Roman,3720213
to win,3719979
the introduction,3719299
for other,3718651
was taken,3718524
methods of,3717530
In an,3717517
this place,3716947
who 'd,3716096
participation in,3715827
the background,3715355
the expression,3713072
nothing more,3710734
The results,3710007
asked the,3709667
At first,3708054
tell the,3707975
represented by,3707653
the details,3706259
this would,3705893
every time,3704997
the status,3702762
still a,3701974
stay in,3701776
meant that,3701373
to admit,3700229
a house,3699409
What a,3696843
learn to,3696224
are only,3696173
a study,3695652
was then,3695545
plan to,3695201
or three,3693813
now I,3693789
to measure,3693709
to represent,3693588
as its,3693198
will you,3691347
table and,3689531
consisting of,3689213
one was,3689205
you ever,3688945
of society,3687972
the pressure,3686735
the contract,3683966
Because the,3683704
attributed to,3683691
the Spirit,3683603
was over,3683482
I understand,3683338
attempting to,3683102
I take,3681485
data from,3681258
the battle,3680908
same thing,3680618
place for,3679975
first of,3678273
The new,3677704
never seen,3674625
door to,3674300
of modern,3674006
this new,3673149
in early,3672856
had in,3672472
large number,3671914
made his,3671550
from them,3671291
and why,3670664
hand in,3669963
since he,3668916
are we,3668880
Secretary of,3668429
rates of,3668100
is essential,3667630
letter to,3666904
available in,3666510
of non,3664203
vision of,3663523
against him,3663084
if this,3660930
research on,3660917
hours of,3658912
to attend,3657378
thought you,3656713
love of,3656678
a sign,3654200
me on,3653181
an early,3653049
the proper,3653002
years after,3652381
more difficult,3651443
I find,3651319
it off,3650015
a one,3648145
She knew,3647438
concentration of,3646977
the so,3646797
of control,3646513
flow of,3646097
the needs,3645910
For more,3645589
of China,3643653
something about,3642960
make you,3641746
and local,3639573
nature and,3638224
the requirements,3637864
she went,3634736
In that,3634508
two men,3634023
and white,3633765
put her,3633550
But they,3633295
makes a,3633228
is done,3632681
you find,3631993
obtained from,3631370
before we,3630954
the East,3630653
is how,3630557
Hong Kong,3629743
it over,3629656
in no,3629202
the five,3628351
having been,3628094
shape of,3626234
my body,3626190
of State,3625839
and later,3624670
had only,3624376
costs of,3622767
money to,3621431
never have,3621349
a private,3621042
It did,3621031
not one,3620537
taken from,3619444
recent years,3619240
this day,3617684
Tell me,3617421
object of,3616141
a constant,3613038
the Secretary,3612199
become more,3611661
is therefore,3611230
let it,3610660
a relatively,3610506
or for,3609293
the Old,3606313
observed in,3605186
the network,3604884
cup of,3603669
a serious,3600811
the establishment,3600532
rights of,3599989
of great,3599802
provisions of,3597067
His eyes,3597035
they must,3596738
on with,3596082
that makes,3595484
millions of,3594966
to where,3593371
in him,3593285
your father,3593256
and control,3592772
a line,3592069
to participate,3591328
of making,3591319
when there,3590802
the Japanese,3589897
in South,3589248
had told,3589104
You could,3589095
the function,3588742
was getting,3588213
at them,3588108
But then,3588099
key to,3587735
think the,3585612
wondered if,3584003
your mind,3583587
open and,3583446
the cross,3581058
contributed to,3580026
to evaluate,3579990
It seemed,3578972
found out,3577347
to report,3577314
how long,3576072
a critical,3575412
the private,3575034
benefit of,3574811
the flow,3574594
information is,3574415
one more,3573630
a complex,3573612
all three,3571369
opportunities for,3571254
I look,3571087
Academy of,3570144
familiar with,3569998
belief that,3569282
can find,3569074
to lead,3567510
under this,3566709
years in,3566225
around to,3565925
face was,3565910
to love,3565768
the father,3565315
of about,3565040
for he,3563712
Soviet Union,3563562
this type,3562986
are as,3560914
model for,3560669
wide range,3560395
the values,3560009
her fingers,3558258
approaches to,3557814
six months,3557333
that each,3555830
down her,3554605
entitled to,3553630
say it,3552971
not mind,3552151
man with,3551366
the Russian,3551285
my friend,3549902
develop a,3549593
a light,3549575
and forth,3547807
she will,3547533
This can,3547390
via the,3546791
We must,3546434
and never,3546290
was really,3545112
and tried,3545005
of language,3543505
be here,3541869
He will,3540826
was done,3539769
by all,3539768
mass of,3539758
the train,3538952
recognition of,3537984
stated that,3537584
Chapter 2,3536496
So you,3534922
This time,3534349
the meeting,3533757
himself in,3533463
are shown,3532248
to mention,3531948
who do,3531250
after his,3531212
and family,3530572
centre of,3530366
need of,3527690
the sum,3527143
base of,3526885
were used,3526808
the twentieth,3526612
given a,3525417
the act,3524396
could make,3523764
as of,3523170
gone to,3522774
memory of,3522429
rights and,3522383
I go,3522170
He wanted,3521583
were able,3520755
heard of,3520408
far away,3518790
her from,3517745
approach is,3516898
word of,3516799
women who,3516385
and less,3513224
this period,3513210
I put,3511907
a role,3511037
away with,3510862
of living,3510423
an alternative,3509025
was of,3508263
the days,3508081
then a,3507841
a political,3507114
the gate,3506617
on you,3505720
the owner,3505641
happen to,3505248
a party,3504937
the dog,3504866
the greater,3504625
of something,3503375
into it,3503276
a sort,3502709
the weight,3502166
a national,3501718
How many,3501686
the woods,3501198
address the,3501008
and work,3500689
the entrance,3500002
do a,3499724
the passage,3499198
Middle East,3499118
in several,3498139
have more,3498118
Under the,3497628
the few,3496919
awareness of,3496568
at your,3496159
has made,3495953
of individuals,3495809
even to,3495323
that both,3494302
How to,3491232
was with,3490979
bound to,3490970
together and,3490905
go through,3489087
the midst,3489068
on behalf,3487906
come and,3486659
Once the,3486399
Would you,3485164
Republic of,3484634
eyes of,3484083
three times,3484000
the internal,3482818
the benefits,3482387
potential for,3481892
just one,3481057
you just,3480260
be better,3478866
and public,3478474
up as,3478411
as my,3478191
the sight,3477839
she and,3477228
of paper,3476986
was out,3476971
very important,3476867
his death,3476541
the well,3476178
back the,3475933
received a,3475413
father and,3475208
I left,3471081
the driver,3470057
relevant to,3469758
sat in,3469662
location of,3468424
more like,3466971
in human,3466468
size and,3466056
of natural,3465006
time you,3464737
a broad,3463199
pulled out,3462785
the Jews,3461814
the Second,3461426
information to,3460014
the defendant,3459844
with another,3459728
the hill,3459493
North America,3458056
rules of,3457435
me from,3457303
anyone else,3456715
sure to,3455904
I used,3455322
that do,3454787
of small,3454754
down from,3454357
use to,3454104
one could,3452301
more time,3452145
to generate,3451366
begun to,3450614
men of,3450368
probability of,3449261
the Royal,3446134
focusing on,3445410
a country,3445026
a first,3444883
takes place,3444441
total of,3443958
economic and,3442499
give it,3441588
the teacher,3440818
him up,3439911
and got,3438214
appear in,3438137
can tell,3437205
the temperature,3435867
to realize,3434107
of national,3433694
away the,3432714
covered with,3431832
Center for,3431480
let you,3431159
population of,3429756
he heard,3429385
particularly in,3429213
defined in,3428876
country 's,3428670
in line,3428034
which could,3427245
click the,3426604
could tell,3426585
she does,3425408
you going,3424754
Chapter 3,3423746
make them,3421634
influence on,3420054
go into,3420046
in three,3418990
of education,3418864
point is,3417704
looked around,3417630
right and,3417467
to worry,3415996
tended to,3414655
than they,3413367
free to,3413071
African American,3412930
conception of,3412686
the discussion,3412206
he began,3412162
question is,3412013
by my,3411852
the definition,3411847
design of,3411545
sequence of,3410544
is associated,3409879
protection of,3409785
it takes,3409102
his right,3408162
my family,3406179
Is not,3404075
see Figure,3404059
their work,3403964
the bridge,3403485
would say,3403432
what are,3403155
some sort,3403112
the moon,3401842
I turned,3399866
us a,3399511
the Council,3398446
are required,3396237
midst of,3395879
see Chapter,3395303
the counter,3394437
the capital,3394012
The use,3393984
to present,3393942
Is there,3392537
in Section,3391755
seek to,3391593
for being,3390909
a source,3390687
What does,3388943
More than,3388878
after he,3387265
now the,3386613
this man,3384673
my dear,3384327
the method,3383561
the mountain,3383556
of four,3383314
but what,3383288
a decision,3383273
he wrote,3381891
sitting on,3381692
me out,3381656
you doing,3380365
points of,3379724
the 1980s,3378956
you come,3376621
as opposed,3376349
while she,3376067
the exact,3375841
stood in,3373995
the particular,3372573
his friend,3372314
her on,3371505
to place,3370272
and support,3370183
Review of,3370088
heard a,3369256
the health,3369161
said she,3368931
among them,3368888
his throat,3367945
with both,3365810
he gave,3364914
is where,3364733
a regular,3364665
The problem,3362956
talked about,3362423
emergence of,3360608
they want,3360379
from any,3360264
dealt with,3359959
men were,3357904
have shown,3357594
The idea,3357212
my wife,3356476
the report,3356115
died in,3355960
this question,3355347
done to,3355283
were at,3355232
China 's,3353835
told them,3353619
the afternoon,3353103
call the,3352105
whether they,3350885
in for,3350848
to assist,3349508
matter what,3348073
than you,3348000
made for,3347819
be understood,3347537
house of,3346999
This will,3346422
was he,3346195
an additional,3345965
into two,3345812
my brother,3345295
and New,3345059
They also,3345028
was coming,3344394
not what,3344102
world is,3344095
way for,3343870
generation of,3343845
he 'll,3343777
selection of,3343699
Council of,3343268
and through,3342721
family members,3340806
in common,3340529
in children,3339606
two days,3339043
the condition,3338973
activity of,3338336
but did,3338089
relate to,3337783
The more,3337252
one would,3335883
all day,3335866
rule of,3335171
history and,3334717
directly to,3334711
followed the,3334337
effectiveness of,3333692
images of,3330476
I wonder,3329482
mind that,3329196
be too,3328665
if one,3328577
have gone,3328122
described by,3327339
a picture,3326942
the play,3326916
the outcome,3326337
about me,3325484
out as,3325369
from each,3324991
been shown,3324022
issues of,3323705
it by,3321994
the Government,3321432
the means,3320720
not very,3320194
not too,3319684
and early,3319672
man to,3319626
been found,3319605
a plan,3317445
possession of,3316670
up into,3315665
with others,3315590
the computer,3315328
he needed,3314910
I began,3314450
available at,3313507
a strange,3312949
the 1970s,3312883
focus of,3311963
She felt,3311568
the rights,3311346
right hand,3310794
is seen,3310104
describes the,3309972
held the,3309027
the roof,3308401
in practice,3307828
but are,3307652
Among the,3306367
with different,3305993
an idea,3305867
he left,3305217
the goal,3304787
off her,3304092
mind and,3303721
way the,3303488
If this,3303105
had some,3302085
growth and,3301918
people have,3301913
come into,3301541
no need,3301245
is probably,3301102
the reasons,3300313
but by,3300078
the management,3299916
of Chicago,3299473
and new,3298973
to demonstrate,3296202
She turned,3295657
this paper,3293069
the inside,3292360
to discover,3292279
and three,3292086
me what,3291667
possible that,3290317
the circumstances,3289220
sitting in,3289140
her up,3288999
because there,3288942
of production,3287732
studies have,3287428
smiled at,3287184
the lowest,3287155
a message,3287080
on some,3287036
and 2,3286916
the latest,3286415
for I,3285480
a central,3285402
and John,3284300
examination of,3284063
have their,3283566
in high,3283258
All right,3281816
she should,3280197
the ultimate,3279959
best of,3278808
a situation,3278708
the help,3277810
Chapter 4,3277512
in bed,3276846
of history,3275697
been an,3275452
the mass,3273422
half the,3273371
You need,3272742
of thought,3272378
to note,3271915
there has,3271721
So the,3271063
once the,3270744
behavior of,3269384
the consequences,3269382
or on,3268949
in recent,3266680
created a,3265952
freedom of,3265495
the location,3265421
becomes a,3265374
a boy,3264626
for three,3264140
watched the,3263141
why you,3262895
A and,3262656
starting to,3262451
it took,3261921
have in,3261728
of art,3260210
the members,3258959
considered as,3258495
round the,3258409
It took,3257737
before him,3257463
for most,3257067
ask for,3255636
the 1960s,3254593
the shape,3253901
structure and,3253523
about them,3252932
examine the,3252308
the historical,3250457
placed on,3250094
belonging to,3248905
the Western,3248253
Now that,3247852
something of,3247553
a consequence,3247217
with whom,3247201
the rise,3246770
saw him,3246369
to handle,3246074
it again,3244909
start to,3243942
in detail,3243720
much less,3243440
start of,3241054
this part,3240575
faith in,3238456
no reason,3238404
way out,3237739
region of,3236999
a unique,3236785
things are,3236757
not allow,3235801
set in,3234747
the soil,3234680
herself to,3234501
the art,3234297
the kids,3234081
around a,3232949
tell us,3232821
to enjoy,3231145
This book,3230608
of health,3230358
lives of,3230198
get you,3229758
rid of,3229691
At that,3227593
social media,3227574
had his,3227431
knew she,3226996
he called,3226809
the Earth,3225869
to deliver,3225088
him into,3223674
discuss the,3222887
characteristic of,3222591
themselves to,3221913
the capacity,3219152
by that,3217934
is by,3217180
more complex,3216360
are those,3214828
they came,3214821
person to,3214657
over my,3214651
next morning,3214214
thing I,3214009
to suggest,3213959
of certain,3212502
be treated,3212245
I gave,3211024
mean to,3210378
make me,3210061
to secure,3208804
do is,3207397
we got,3207395
my first,3206894
not on,3206534
had found,3206365
with God,3206021
children with,3205584
the mountains,3204919
of whether,3204363
her family,3203413
time as,3203296
several times,3202634
the lake,3202226
but still,3201641
here for,3201470
the facts,3200301
site of,3199726
produce a,3198885
standing in,3198592
one with,3197446
today 's,3197349
three days,3195882
of Europe,3195456
four years,3195031
The term,3194351
my parents,3194230
were being,3194116
a copy,3191807
in here,3191653
The best,3189418
International Journal,3189279
As they,3188045
the park,3187891
data and,3186634
will go,3186188
few of,3185875
ended up,3185813
She took,3184995
let go,3183499
in Germany,3183465
the plane,3183338
They can,3182176
joined the,3181778
let them,3180945
only way,3180932
the conclusion,3180444
ways that,3180357
Given the,3180156
responses to,3180065
are always,3179850
of events,3179516
of learning,3179319
a dark,3178802
the dominant,3178403
new and,3176755
days after,3176203
he were,3176003
questions about,3175564
control and,3175526
that by,3174763
study in,3174580
the Father,3173628
me up,3173284
the rear,3173283
wife and,3173007
a product,3172708
to test,3171644
build a,3170969
The old,3170957
decided that,3169874
the novel,3169748
the mouth,3168868
it possible,3168767
one for,3168661
an excellent,3167507
want me,3167506
And yet,3167421
hold of,3167324
the will,3166915
the security,3166731
to time,3166655
the chapter,3166061
The question,3165703
early in,3165566
He felt,3165343
on any,3165129
down into,3164956
York City,3164673
of change,3164491
in contrast,3164378
So what,3163763
