ngram,freq
I do not,63663473
one of the,54937410
as well as,52187041
out of the,35037049
the United States,34939403
part of the,32546080
I did not,31889018
in order to,30605383
the end of,30112516
do not know,25411182
I can not,23715906
be able to,23039224
to be a,22850397
the fact that,22395059
end of the,22132248
some of the,20964835
can not be,20645938
the number of,20380215
in front of,20329541
the use of,20326058
not want to,19755481
a number of,19451836
in terms of,19032376
and / or,18842221
the same time,18706305
there is a,17520548
the rest of,17177572
a lot of,17081048
he did not,16986236
I 'm not,16914486
you do not,16463367
side of the,16403450
back to the,16070813
there is no,15521030
did not know,14938444
it is not,14929345
in which the,14770715
I could not,14563470
that he was,14247921
in the United,14152120
at the same,14058057
do not have,14041652
the case of,13950789
of the world,13853104
in the world,13814250
It was a,13702543
the other hand,13648414
such as the,13648024
that it was,13644912
did not want,13610876
that it is,13441879
based on the,13358904
to be the,13296893
at the time,13202657
do not want,13183956
in the same,13091894
on the other,13083764
of the most,12928662
the development of,12873828
at the end,12861528
was going to,12851681
it was not,12808674
it would be,12745864
there was a,12709835
the first time,12599165
I want to,12271948
most of the,11930019
you want to,11861972
the presence of,11706532
and in the,11625707
she did not,11537485
would have been,11526849
One of the,11526715
did not have,11409511
that he had,11363346
"However , the",11239622
is not a,11149604
to do with,11072521
would not be,11015181
going to be,10945134
it was a,10934586
rest of the,10887059
a couple of,10626880
due to the,10624767
there was no,10618477
because of the,10611736
need to be,10503661
to have a,10466831
the back of,10400046
will not be,10222641
He did not,10152464
in the first,10019100
away from the,9964446
"it , and",9874898
well as the,9814091
a variety of,9783225
up to the,9725146
all of the,9701568
"him , and",9700353
I was not,9682169
not have to,9677184
according to the,9632245
with respect to,9582575
a result of,9557543
can be used,9529051
have to be,9528523
members of the,9505996
There was a,9502317
a series of,9474259
do not think,9463094
the form of,9460258
the time of,9389749
the middle of,9382190
long - term,9272151
it is a,9189872
It was not,9181946
the role of,9166677
that there is,9122584
had to be,9096696
for the first,9095139
and it was,9059853
not going to,9011380
in the case,8981231
he could not,8974155
the basis of,8935883
is one of,8925958
the top of,8888980
as a result,8882912
the nature of,8871574
to make a,8794006
the beginning of,8717077
the name of,8694557
the importance of,8682607
be used to,8682010
as soon as,8681807
in the middle,8665858
for a moment,8655410
On the other,8587841
that can be,8492897
and it is,8451881
he was not,8449662
but it was,8353714
in relation to,8327940
had not been,8326025
the amount of,8269340
more than a,8254105
This is the,8253739
This is a,8196060
they do not,8113111
the value of,8106454
It is not,8104531
of the first,8098888
not know what,8077455
as long as,8056352
we do not,8052769
You do not,8047399
that she was,8040321
is to be,8034405
front of the,7960508
What do you,7958989
the idea of,7954625
I will not,7937296
It is a,7917770
the context of,7867838
it does not,7854622
of the same,7844876
I had to,7841334
as much as,7828763
"example , the",7825792
was not a,7823123
would not have,7783207
many of the,7775366
the process of,7772948
a long time,7758119
I have to,7747215
to go to,7694646
I 'm going,7647697
of the United,7632977
is that the,7623332
I wanted to,7596788
It 's a,7571957
is not the,7570455
as part of,7569221
the right to,7552687
She did not,7518205
it was the,7517826
was in the,7505071
could not be,7504334
it is the,7501202
should not be,7487384
top of the,7441764
I ' m,7437686
a matter of,7431792
There is no,7408431
nature of the,7387975
in the form,7386046
you can not,7372901
of the two,7316018
was one of,7283773
the course of,7260536
There is a,7258728
that of the,7254444
In other words,7232883
year - old,7225730
the University of,7204695
Parallel Bible Halseth,7195753
Series : Parallel,7182653
to see the,7180917
Oxford University Press,7165142
All Rights Reserved,7150401
In addition to,7090686
a set of,7066189
In order to,7063451
use of the,7062260
to make the,7051618
to have been,7013213
As a result,6997617
I would not,6986159
shook his head,6941299
may not be,6941220
"me , and",6937168
in whole or,6933191
whole or in,6908547
she could not,6906394
he had been,6892794
the level of,6881732
or in part,6872561
I 'm sorry,6855540
the other side,6847818
the edge of,6847770
"them , and",6843833
of the other,6771943
in the morning,6761978
but it is,6751315
so that the,6728006
in the early,6722310
would have to,6718785
parts of the,6708856
and so on,6703634
a sense of,6701161
you need to,6692778
in accordance with,6686486
in the past,6651895
is important to,6636252
between the two,6608177
I have not,6599685
that they are,6575323
It was the,6575160
of all the,6561814
would be a,6561333
a part of,6542719
related to the,6535475
is based on,6525941
May not be,6520545
the ability to,6519438
on the basis,6518812
seemed to be,6518576
It 's not,6508911
that I was,6492161
not be copied,6486455
that they were,6475626
his or her,6453093
shown in Figure,6444902
There was no,6443348
to do so,6426288
of the following,6417134
to deal with,6411014
the concept of,6387916
it can be,6367810
the most important,6361849
the absence of,6357925
to look at,6356599
the side of,6356534
"copied , scanned",6353529
part of a,6332388
each of the,6323794
is in the,6281530
suppressed from the,6277589
Due to electronic,6277407
as if he,6270287
"duplicated , in",6259295
to electronic rights,6254568
they did not,6254340
"scanned , or",6253814
may be suppressed,6251271
some third party,6249443
and he was,6234017
Cambridge University Press,6223394
eChapter ( s,6222532
the work of,6201706
was not the,6196668
be suppressed from,6189021
third party content,6187805
content may be,6179613
member of the,6179137
on the floor,6169978
one of them,6164281
the power of,6143187
party content may,6141325
as far as,6129340
to be in,6124368
and the other,6112059
the need for,6103356
"her , and",6095615
the history of,6086534
any of the,6069996
"rights , some",6064600
I 've been,6059327
was able to,6038115
likely to be,6035425
as it is,6026096
from the eBook,6023081
on the ground,6022687
needs to be,6017749
and that the,6015640
the eBook and,6015620
so - called,6005955
want to be,6001222
the effect of,5957346
would like to,5956932
a kind of,5932377
you have to,5921384
look at the,5916643
the possibility of,5903017
At the same,5901130
up in the,5891889
the size of,5878435
the effects of,5871007
referred to as,5846876
edge of the,5832639
I am not,5827094
it will be,5814351
for a few,5813048
a group of,5790180
that she had,5776305
the relationship between,5772928
down to the,5768119
What is the,5765354
I 'm sure,5760472
understanding of the,5753417
she was not,5749523
had been a,5747436
the result of,5742789
associated with the,5716229
middle of the,5716038
According to the,5715776
that there was,5714727
out of his,5697028
to say that,5695117
the purpose of,5689926
he was a,5689190
not have a,5687256
value of the,5686598
not to be,5675291
he had not,5672950
I 'll be,5665462
do not you,5648032
seems to be,5644964
view of the,5606654
has to be,5595545
the face of,5592666
we need to,5589836
I have a,5558161
of the day,5542736
the same way,5542037
when he was,5539628
as shown in,5538052
in this chapter,5537269
in the context,5530363
found in the,5528467
for a while,5508405
it 's not,5496802
more likely to,5484257
I need to,5479117
do you think,5465713
it had been,5465393
to ensure that,5464244
"it , but",5463210
the kind of,5445135
can also be,5441681
at a time,5434785
it did not,5433768
of the house,5433110
the center of,5423340
go to the,5421247
in such a,5410625
it may be,5399044
of the time,5397493
it 's a,5390929
the same as,5390054
that he would,5351942
point of view,5350336
was the first,5346388
in this case,5342144
the existence of,5338752
to be able,5328122
we can not,5292076
the bottom of,5288028
the need to,5287723
to make sure,5274569
terms of the,5271894
of the city,5267191
percent of the,5262331
to the other,5260156
that had been,5259547
more than one,5253720
fact that the,5251900
is the most,5241807
it to the,5221749
must have been,5216832
used in the,5213252
this is the,5177377
half of the,5175563
of the people,5173901
was about to,5168603
in a way,5160000
in the air,5152016
in the way,5149790
the age of,5132654
It is the,5127634
all the time,5127137
went to the,5126440
of the new,5126160
in the future,5111414
"Washington , DC",5106652
shook her head,5102581
on top of,5096190
as in the,5093805
a great deal,5093140
to talk to,5085659
the sound of,5082400
"however , the",5071501
in addition to,5064983
is going to,5062488
been able to,5058271
who had been,5053868
and I was,5048051
"and , in",5047036
it ' s,5035460
to get the,5022018
to use the,5009829
much of the,5002330
You can not,4998029
be found in,4995747
a member of,4985332
I think I,4977847
close to the,4976164
I had not,4971759
to do it,4959504
that there are,4941390
was to be,4938326
to take a,4936757
it has been,4930750
to create a,4926719
of his own,4925215
the direction of,4910633
known as the,4908625
for me to,4903326
in the field,4902815
a few minutes,4894403
of the country,4888291
the question of,4878212
for a long,4870176
the quality of,4864340
one of those,4864314
when I was,4855483
the risk of,4849709
to get a,4844185
in the following,4834859
as a whole,4830115
"time , and",4829162
the impact of,4819314
the point of,4816801
a way to,4815136
can be seen,4813928
a piece of,4805977
over to the,4804165
I had a,4792518
This is not,4788431
a range of,4787724
and to the,4786400
in New York,4785156
they are not,4765415
in response to,4760164
more and more,4755136
a way that,4754469
one of his,4752419
he had to,4750669
of the room,4749420
of the state,4742957
all the way,4742676
"Well , I",4738754
of the American,4736889
the cost of,4736464
of this book,4732755
to each other,4722659
I 've got,4721388
to take the,4720907
he would not,4713671
may have been,4703621
does not have,4692834
per cent of,4687588
that I had,4682444
it in the,4675710
can be found,4674106
back of the,4667205
out in the,4655536
might have been,4647806
and of the,4643520
is used to,4637959
what to do,4631695
the lack of,4627207
not seem to,4620536
on the table,4613696
by means of,4611894
has not been,4609183
a bit of,4602917
the creation of,4599756
the majority of,4596804
not know how,4593713
that in the,4592662
"Thus , the",4582704
that you are,4574241
back into the,4567923
a pair of,4560542
have been a,4547942
in the process,4547129
and on the,4544893
you have a,4529806
and did not,4505853
We do not,4504950
to make it,4504055
are going to,4500259
take care of,4499597
men and women,4496155
involved in the,4488950
which is the,4481032
analysis of the,4478738
beginning of the,4473088
this is a,4469969
do not need,4466347
What are you,4452883
up and down,4452695
in the face,4445876
seem to be,4440679
Some of the,4437207
he does not,4436684
the part of,4434139
to find a,4432320
I would have,4431101
for him to,4430833
not need to,4430017
if it is,4429118
I have been,4427123
the opportunity to,4425857
in this book,4419116
the meaning of,4418971
at the top,4401860
not have the,4396151
and all the,4393785
the world 's,4392209
"time , the",4390804
would be the,4384920
to find out,4384401
I was a,4381145
looked at the,4379439
he wanted to,4379000
the heart of,4373363
the one who,4357058
of this section,4356201
"him , but",4355332
not have been,4348503
of their own,4347556
as if she,4342781
him in the,4335665
In this case,4331109
more or less,4324959
out of her,4324160
it is important,4322508
way to the,4322102
so as to,4318004
and there was,4317256
to be an,4312679
attention to the,4302672
in the last,4301373
the formation of,4300660
to keep the,4297350
He was a,4293395
in patients with,4282816
depending on the,4276307
whether or not,4266516
the head of,4266165
he or she,4265730
down on the,4263834
to the ground,4251010
portion of the,4250395
New York Times,4245687
In the case,4235814
want you to,4234849
result of the,4234481
role in the,4233639
changes in the,4233519
of this chapter,4222068
"me , I",4220923
it is possible,4218114
but he was,4215479
which can be,4211817
It would be,4209153
at the beginning,4208248
as it was,4206279
to the right,4204044
to find the,4202913
the way to,4202720
a few days,4199971
to the next,4196011
the study of,4195558
he would have,4192893
this is not,4191965
"that , in",4191726
in the next,4191392
with regard to,4191133
that is not,4190789
that he could,4190184
you did not,4186837
was on the,4186400
she had not,4183775
the subject of,4171641
size of the,4168778
the results of,4164212
know how to,4156914
because it is,4145698
we have to,4142505
on to the,4139491
the type of,4125770
could not have,4123499
along with the,4119438
of the body,4090286
and do not,4084787
"However , it",4077710
addition to the,4076428
a form of,4072618
to determine the,4069076
I think it,4068075
to see if,4064634
the state of,4055092
get out of,4044127
could not help,4040275
that you can,4033684
and I 'm,4032475
to think about,4028947
Most of the,4027771
she had been,4025624
and she was,4024624
appears to be,4023207
time of the,4018395
"case , the",4009927
the influence of,4008681
Bible Halseth English,3999026
has been a,3994792
at least one,3987709
the difference between,3987060
in the late,3984177
the death of,3982752
one or more,3980837
It ' s,3979323
the hands of,3974128
was the only,3971416
you will not,3959606
out to be,3958504
the idea that,3958322
He was not,3942804
that does not,3939188
By the time,3938047
for you to,3932126
a function of,3926181
in one of,3919944
and at the,3915474
that we are,3912799
in spite of,3911524
some kind of,3909092
"No , I",3908000
It is also,3907986
go back to,3905374
"up , and",3904780
is likely to,3903259
depends on the,3893982
development of the,3890350
respect to the,3889387
have to do,3889157
other side of,3888384
of the way,3887277
name of the,3884548
or at least,3883133
that I have,3880253
all over the,3879232
He could not,3879213
well - being,3877916
to understand the,3876069
he 'd been,3866608
supposed to be,3865494
it should be,3863005
that it would,3859615
did not even,3858795
ways in which,3853371
aware of the,3848891
the one hand,3845847
focus on the,3845803
they were not,3844155
to be more,3831746
with the same,3830211
"Yes , I",3828830
is also a,3822614
"here , here",3815260
As soon as,3810221
did not think,3806142
led to the,3803918
an example of,3802733
I have no,3799895
in the room,3799848
bottom of the,3796594
not in the,3795797
of a new,3793177
to try to,3790788
in love with,3785079
in the country,3782589
"you , and",3779548
World War II,3777926
be in the,3777563
in the area,3772150
a list of,3768181
the field of,3767398
have not been,3766995
of those who,3761687
the first place,3758673
that would be,3751107
based on a,3746225
I 'm a,3741381
does not mean,3740226
I was in,3739029
place in the,3738251
Proceedings of the,3737879
the door and,3736767
to the same,3736436
to think of,3725342
I know you,3724630
the problem of,3718520
that you have,3717112
and for the,3714669
only a few,3712371
could have been,3711586
on the right,3704811
the production of,3703749
the notion of,3703499
to talk about,3700393
to have the,3699951
of one of,3695795
if you do,3694754
the loss of,3690696
on the same,3682895
in the back,3681803
up at the,3680914
She could not,3674091
account of the,3673657
will have to,3665336
It does not,3664547
at the University,3662196
that we have,3658742
in the city,3652546
as if it,3652455
with each other,3651506
them in the,3645819
that they had,3644351
"however , that",3640844
a chance to,3637923
the life of,3637734
included in the,3637406
to the point,3635665
you will be,3634389
change in the,3631855
a man who,3626612
Cambridge : Cambridge,3625657
as to the,3622318
"is , the",3619224
to get to,3619039
I love you,3618905
at that time,3615089
but it 's,3614800
a period of,3605237
"and , as",3604035
is that it,3600521
If you are,3600319
going to do,3599713
a deep breath,3598011
knowledge of the,3596301
are able to,3594989
are to be,3591338
refers to the,3590978
not be able,3590718
and there is,3587781
do not like,3585293
was not going,3583518
"said , and",3581416
history of the,3580976
was not sure,3580135
the length of,3579360
of the system,3574227
as one of,3564617
to return to,3563955
and I have,3556182
of the three,3550970
that I am,3550848
version of the,3550267
is the only,3544480
It is important,3540692
head of the,3536232
in the presence,3535909
"example , in",3534869
those of the,3533481
an increase in,3532544
by the time,3532484
used as a,3528837
if they were,3527566
the rate of,3525383
"York , NY",3523167
in the U.S.,3520223
I know that,3519741
I had been,3518431
the sense of,3513446
that have been,3513124
and I will,3511307
was trying to,3507098
to tell you,3504356
that this is,3503882
he had a,3502976
had no idea,3502401
responsible for the,3496014
if he had,3495934
large number of,3493655
I tried to,3488218
on the way,3487963
can be a,3487841
rather than the,3487427
up on the,3485713
to that of,3484922
to see you,3484501
decision - making,3482859
part of this,3480280
if it was,3479838
role of the,3479492
back and forth,3474792
in which they,3469961
the story of,3467540
of the human,3464433
a way of,3456220
there 's a,3453640
on behalf of,3452979
out of a,3452854
returned to the,3451799
which is a,3450875
I want you,3450568
around the world,3444564
the front door,3444035
to be used,3443983
in the house,3443858
did not like,3441539
relation to the,3439843
is possible to,3437995
it comes to,3434691
are likely to,3434423
there are no,3432830
in which he,3431888
did not seem,3425862
"again , and",3424676
in - law,3424241
the Department of,3421693
wide range of,3421078
return to the,3414456
were able to,3414387
those who are,3413963
is shown in,3410033
appear to be,3405964
in the sense,3405855
will be a,3405580
is a good,3400798
an attempt to,3397661
way in which,3397496
a combination of,3393421
you 're not,3392032
out of my,3389701
that 's what,3388359
to come to,3387167
center of the,3382987
aspects of the,3380753
such as a,3378426
is the same,3378382
on his face,3377981
the application of,3373930
access to the,3373910
of the Lord,3370692
It has been,3370338
is necessary to,3366019
it as a,3365254
you ' re,3364716
it must be,3363236
came to the,3359977
there is an,3359389
the surface of,3357595
There 's a,3355700
no more than,3353121
the midst of,3351892
as opposed to,3349072
seems to have,3348395
are in the,3348055
How do you,3344445
as he was,3344059
the same thing,3341562
with all the,3340538
in the second,3340006
and a half,3339525
to do the,3338978
at any time,3335903
power of the,3335273
and it 's,3335207
surface of the,3328251
out into the,3327065
the scope of,3326228
for the next,3324776
and I had,3322730
a sort of,3320128
that we can,3317604
to meet the,3316564
the light of,3314633
there would be,3313420
"her , but",3312693
That 's what,3308090
the issue of,3302045
the treatment of,3296922
is not to,3296425
that he is,3295098
shown in Fig,3292280
she 'd been,3289634
if you are,3289269
to believe that,3288858
may be a,3284851
description of the,3284554
there will be,3284012
Do not you,3283743
to which the,3282857
she had to,3277297
that did not,3276159
similar to the,3275087
all of them,3274381
The use of,3270918
"life , and",3267717
in the end,3264365
for the purpose,3261233
to do this,3258755
I could see,3257760
the cause of,3253046
you are not,3247619
structure of the,3247312
increase in the,3245876
United States and,3241597
want to know,3240223
he would be,3238950
and out of,3233312
going to have,3232320
when she was,3230857
in the direction,3230609
I went to,3230165
the only one,3229935
the two of,3229604
well - known,3228903
is difficult to,3228087
But it was,3226514
of the population,3223850
I think you,3221274
were going to,3220631
in this way,3218342
is associated with,3215048
I had no,3208626
looked at her,3207936
it would not,3207234
to the left,3202959
be used for,3201718
that has been,3196253
the son of,3190742
what he was,3190080
if he was,3188288
so that they,3184641
compared to the,3184037
the next day,3183222
"However , in",3181448
and can be,3178920
out to the,3176425
the nineteenth century,3175620
control of the,3175084
the corner of,3174965
it might be,3174339
on the part,3173715
"example , a",3172312
to be done,3170565
"me , but",3169679
of the past,3167081
to the door,3165343
on the back,3160994
"addition , the",3160393
but there was,3158380
It did not,3156476
great deal of,3155187
I should have,3153711
as if they,3152709
and began to,3150832
wanted to be,3146215
be seen as,3145697
had come to,3144716
New York City,3144114
of such a,3141692
I was going,3137973
I 'd like,3137677
it to be,3134948
The fact that,3134107
considered to be,3132239
of his life,3131439
that could be,3127699
case of the,3127480
interest in the,3127459
University of California,3126273
is a very,3125016
the people of,3123919
Do you think,3123353
out on the,3123175
I told you,3123159
for her to,3122622
people in the,3121905
of the family,3118557
she wanted to,3115350
to one of,3110614
a state of,3106240
at the bottom,3106204
function of the,3106162
one of these,3101348
to get out,3101208
that was not,3096485
At the end,3095729
of the old,3092037
two or three,3091640
it is to,3090730
she would not,3090500
short - term,3089193
back in the,3089007
he was going,3086586
is no longer,3084854
"Therefore , the",3077003
accordance with the,3076329
"hand , and",3076144
e - mail,3073365
the twentieth century,3069923
do not understand,3068935
and they were,3068759
the Holy Spirit,3068621
response to the,3068299
in the dark,3067978
the front of,3060981
he was in,3060824
in my life,3060281
I thought I,3059560
"Matthew , Mark",3059080
to focus on,3055499
may also be,3054498
and he had,3053951
the living room,3046729
the most common,3044883
"Mark , Luke",3040878
I would like,3039073
corner of the,3036509
study of the,3033280
will be the,3032881
told me that,3032026
for more than,3031939
that I could,3029910
being able to,3029796
but I do,3027047
appeared to be,3026214
the range of,3023142
prior to the,3020795
to reduce the,3020336
the world of,3020043
the needs of,3016628
the patient 's,3013395
no matter how,3013025
Bible -- The,3010684
him to the,3010554
the source of,3009391
should have been,3009022
have been the,3008156
a wide range,3007419
the way of,3004815
come to the,3004797
extent to which,3000986
"him , he",2997499
of the earth,2997094
the sake of,2995632
This was the,2995086
be used in,2993897
to the extent,2991407
as they are,2991319
If you do,2988542
a lack of,2987988
next to the,2986883
that are not,2984575
to see what,2984112
they had been,2983746
follow - up,2979880
if you 're,2978274
of the great,2976110
in the region,2975410
are used to,2974827
this kind of,2970593
It 's the,2969673
nothing to do,2967834
opened the door,2967290
they can not,2962000
of God 's,2961611
the position of,2960476
did not see,2957972
of the best,2957302
difference between the,2956620
have to go,2956243
and then the,2955575
of the war,2954656
at the door,2954287
because they are,2953967
I told him,2952975
the man who,2952285
of the book,2949191
"out , and",2948265
when it is,2947433
which had been,2947129
were in the,2946736
the construction of,2939466
if they are,2935952
All rights reserved,2935296
to the world,2930940
the degree of,2926504
of the whole,2924531
that is the,2923327
the establishment of,2920289
two of them,2915847
I ' ll,2914431
it could be,2912488
for them to,2911235
Do you know,2910716
of the total,2910581
and by the,2909754
period of time,2909494
if it were,2903695
in his own,2902546
it would have,2901991
that this was,2899096
International Journal of,2896912
in their own,2894947
I 've never,2892619
them to the,2892403
of the main,2891258
to be made,2890611
is able to,2888090
on the left,2887041
if there is,2886585
She was not,2886549
Oxford : Oxford,2881579
but did not,2881298
was in a,2878458
I think that,2878199
is an important,2877967
looking at the,2871330
at this time,2870983
down at the,2868148
looked at him,2862400
the Soviet Union,2859801
the New York,2857834
over the years,2857501
to know that,2855406
said with a,2854176
a few years,2853423
and tried to,2853416
at the moment,2851268
know what to,2850813
in a few,2850733
to provide a,2848399
in his eyes,2845961
and I do,2844852
We can not,2843554
light of the,2841501
relationship between the,2841461
some sort of,2840833
up with a,2839383
the performance of,2838951
the start of,2838796
found to be,2838633
"Cambridge , MA",2834265
this type of,2834069
more than the,2831420
his head and,2826780
not have any,2824724
are you doing,2824503
"fact , the",2822759
do with the,2822708
who did not,2822093
is part of,2821271
the first to,2817527
to work with,2815973
we did not,2814844
do you want,2814003
it on the,2813270
the structure of,2811796
as if the,2811752
to be found,2810767
but I 'm,2806868
I ' ve,2806022
because it was,2805948
so far as,2803985
and this is,2803829
went back to,2802153
the sight of,2802009
is on the,2801672
that do not,2800103
in the previous,2800015
did not say,2799779
of the law,2799015
direction of the,2796452
the best of,2796089
to the fact,2795778
the area of,2795717
of a man,2792934
what it is,2792753
sense of the,2792723
of the year,2792610
but in the,2790878
well as a,2789390
sides of the,2788094
in favor of,2786447
to see that,2785926
do you mean,2785164
ought to be,2784332
"however , is",2782192
the right of,2780210
that they would,2779479
to the end,2777827
the United Kingdom,2776581
in the absence,2772141
information about the,2771970
and I 'll,2769155
of the original,2766545
length of the,2766535
they could not,2765189
regard to the,2762709
of my life,2762372
want to go,2762130
and with the,2761991
looked up at,2761400
it is also,2761054
If you 're,2760384
to go back,2757689
the centre of,2757412
was a good,2757354
of the night,2756458
in the midst,2755744
Luke & John,2754688
of the European,2753951
section of the,2753827
of the individual,2753598
I thought you,2751252
It had been,2749653
in the course,2748274
when it comes,2748041
to the floor,2745976
she was a,2745858
We need to,2744055
up with the,2742429
do not believe,2740194
rather than a,2739949
"However , this",2738773
to know what,2738704
have the same,2736026
had been in,2735771
so that it,2735536
added to the,2734520
that may be,2734417
"it , the",2733440
"Moreover , the",2732542
one or two,2729480
the United Nations,2728213
to - day,2725033
it can not,2724202
can only be,2723720
different types of,2719246
he ' d,2718598
to tell me,2717668
if you want,2715792
could not see,2715081
This means that,2714856
the extent of,2711774
in the kitchen,2710734
in which a,2708191
"hand , the",2707470
followed by a,2705240
If you have,2704667
to have to,2701329
in charge of,2700170
to do that,2699322
focused on the,2698638
was no longer,2696049
in the other,2696018
a little more,2694474
I am a,2692706
do not see,2692575
to the side,2691692
to be seen,2691127
subject to the,2684339
the principle of,2683912
in and out,2682437
is not an,2680121
I can see,2679588
to those who,2679110
that I would,2677237
which he had,2676105
the thought of,2675295
It can be,2671300
the introduction of,2671190
and that he,2664761
had been the,2664623
than that of,2664071
was supposed to,2662840
the sum of,2662334
in some cases,2661909
me in the,2661613
at this point,2660990
when they were,2657787
want to do,2656047
could see the,2655429
University of Chicago,2654168
for the rest,2651325
to leave the,2650912
can not do,2650744
not the only,2650378
over and over,2649714
the order of,2649577
the old man,2649144
or in the,2648731
when they are,2643088
an opportunity to,2643068
that she would,2642522
to become a,2642331
of the National,2641075
with the other,2641057
"example , if",2640170
to me that,2639691
of the work,2637808
on the one,2635533
there 's no,2634147
the way in,2633981
reference to the,2633611
that they have,2633395
What are the,2633069
used to be,2632407
a time when,2632403
are based on,2632374
going to get,2631522
but she was,2630128
the extent to,2628633
for us to,2624472
In this way,2622951
one of my,2622782
we have a,2620139
when it was,2619582
for the sake,2618081
into the room,2615266
not be a,2612149
I 'm so,2610942
of the U.S.,2608273
on the road,2606577
even in the,2605886
tend to be,2605392
up in a,2603792
the help of,2603547
I ' d,2602885
and looked at,2602421
in the UK,2600489
on the bed,2599874
discussion of the,2599775
who do not,2599123
of the second,2598030
That 's the,2594954
In this chapter,2593712
is given by,2592184
did not need,2591964
but I was,2591613
seemed to have,2589275
I 'm just,2588657
had to do,2587578
need to know,2586352
can lead to,2585788
form of the,2583138
they can be,2581452
the time to,2581047
and as a,2580006
said to be,2577700
of the church,2575091
some of them,2573151
In the first,2572882
that was the,2570629
the eyes of,2568265
"day , and",2565685
a source of,2564514
front of him,2564405
the date of,2562967
"it , I",2562836
to support the,2562162
determined by the,2561458
if you have,2560519
the definition of,2560087
do not get,2555397
up from the,2555005
to do something,2554419
come up with,2553986
for all the,2552613
will need to,2551811
the distribution of,2551099
"Finally , the",2551020
the emergence of,2550646
in the name,2550595
it is necessary,2548917
Do not worry,2548840
as they were,2547576
seen in the,2546981
majority of the,2545719
he was the,2544162
to improve the,2543596
not only the,2540730
we have seen,2538280
of New York,2537036
seem to have,2536333
Do not be,2535382
picked up the,2532930
That 's why,2532341
front of her,2530944
There 's no,2529560
a large number,2529065
to participate in,2528839
as a function,2528813
to the United,2528480
on the side,2526845
his father 's,2526435
to his feet,2525056
to see how,2524983
did not get,2524454
do you know,2522491
"them , but",2521578
that she could,2521546
should not have,2521260
there has been,2519551
want to see,2517973
as a means,2516975
that they can,2516970
deal with the,2515425
be used as,2515150
Journal of the,2514895
There are many,2514517
course of the,2514032
to see her,2513598
It should be,2512851
the last time,2511745
you going to,2511460
and I am,2510037
It may be,2509956
will be able,2508926
the way he,2507350
the Middle East,2502940
a means of,2502643
you 're going,2502227
the image of,2496844
the power to,2496190
state of the,2494314
the base of,2494119
of the car,2488472
to show that,2485473
needed to be,2483430
gave him a,2482761
was going on,2481876
she would have,2481858
London : Routledge,2481162
impact on the,2480483
think it 's,2477975
I would be,2477374
found that the,2475588
the growth of,2473707
was a little,2472785
I think we,2472259
which it is,2471765
it 's the,2471654
what it was,2471379
of the men,2471094
the lives of,2470419
You 're not,2468438
aspect of the,2466954
the set of,2466533
not at all,2464866
to carry out,2463002
a copy of,2461040
were to be,2459945
"Oh , I",2459901
to change the,2459417
to the public,2459022
but he did,2455797
to see him,2455700
"that "" the",2455085
at each other,2455077
to help you,2454486
do not care,2452291
Why do not,2451971
the experience of,2451661
only in the,2451499
in his hand,2449413
of the water,2448187
the benefit of,2446921
I 'm afraid,2446678
this was the,2445849
is not only,2444711
It 's just,2444402
what had happened,2444097
is to say,2443351
of the company,2442847
the Supreme Court,2442163
work in the,2441583
in the present,2441181
did not care,2440839
"you , I",2440652
of the New,2440646
her in the,2437891
it came to,2437413
time to time,2437046
want me to,2437033
the law of,2436811
time in the,2435362
What is it,2434886
has also been,2434506
"there , and",2433670
of the last,2432998
they would be,2429716
that he 'd,2426668
position of the,2425527
was at the,2424349
the appearance of,2422979
of the British,2420945
to the house,2419693
the words of,2418274
different from the,2416636
may be used,2415349
the people who,2414795
"us , and",2413782
that he did,2411351
there were no,2407787
is the first,2405189
as he had,2403856
than in the,2401999
the House of,2401695
consistent with the,2401180
the only way,2401094
went on to,2400103
"now , and",2400019
large - scale,2398679
for the most,2398304
to be taken,2394884
did not mean,2394486
This was a,2393396
and ( 2,2393209
The number of,2392850
example of the,2389674
you know that,2389600
in other words,2387973
you know what,2386864
the shape of,2385721
is due to,2385242
is defined as,2385201
of the land,2384899
where he was,2384099
in all the,2383791
in connection with,2381418
those who have,2380029
means that the,2378863
twenty - five,2378144
Many of the,2377829
"years , and",2377767
There are two,2376327
and does not,2375958
all of us,2375767
not so much,2375655
use of a,2374698
of a single,2373308
At the time,2371638
an effort to,2368335
form of a,2366785
of what is,2365731
He had not,2365028
in the right,2364793
the whole of,2363730
He looked at,2363652
not know if,2363496
refer to the,2362581
"you , but",2362305
trying to get,2361042
context of the,2360761
I used to,2357302
in her eyes,2355918
it will not,2355663
level of the,2355323
the interests of,2353157
is not it,2352632
on the edge,2351826
basis of the,2351564
effect on the,2349833
to engage in,2348953
present in the,2348023
area of the,2346277
on their own,2345869
If you want,2344488
They do not,2344253
a little bit,2344106
and they are,2343868
applied to the,2343651
because he was,2343220
and one of,2343093
contribute to the,2340599
the price of,2339829
by way of,2339648
out of it,2339251
and I could,2337986
the basis for,2337144
we want to,2335904
and in a,2335863
has been the,2335459
the body of,2333507
him on the,2332053
each other 's,2329846
I hope you,2329297
you 'll be,2328289
the man 's,2328225
the spirit of,2328195
of the building,2328025
and a few,2327645
"work , and",2327157
and that 's,2326068
back on the,2326040
two of the,2324598
a man of,2324533
a good idea,2322112
at least in,2320884
Table of Contents,2319631
of the group,2319411
you can see,2317540
A number of,2317387
for those who,2316893
more of the,2316853
equal to the,2316310
"is , in",2314305
on her face,2314294
know what I,2309917
I can do,2309834
not help but,2308884
that I 'm,2308731
the most part,2308565
to the front,2306647
a change in,2305902
and I can,2305813
there are many,2305617
the child 's,2305484
that will be,2304282
at the back,2302899
"However , there",2302833
History of the,2302401
outside of the,2301087
is clear that,2300776
each of these,2300356
quality of the,2299754
there was nothing,2299548
are more likely,2297775
"time , but",2297685
made up of,2297489
You have to,2297043
the practice of,2296378
to the first,2295530
of the public,2295110
in the development,2294825
did not look,2293473
do not even,2292935
none of the,2292917
Because of the,2291772
first time in,2291155
for some time,2290704
to increase the,2290697
make sure that,2290349
He had a,2289752
He does not,2289283
the strength of,2288999
on the first,2287884
and ( b,2287035
closer to the,2286069
that of a,2285149
years of age,2285003
that there were,2284222
life of the,2282490
to think that,2281781
the success of,2280681
her to the,2280307
be a good,2279619
thought it was,2278529
she does not,2278105
be seen in,2273519
it is in,2273318
looked at me,2273180
sat on the,2272376
did not take,2268483
took a deep,2268027
I will be,2267119
such a way,2266788
was used to,2265756
effect of the,2265338
ensure that the,2264168
the company 's,2262774
to figure out,2261584
of them were,2261547
to live in,2260393
was the most,2259914
are shown in,2259618
I was just,2259563
provided by the,2259121
together with the,2259015
at least a,2258140
and you will,2257772
you have not,2257021
some of these,2255948
to protect the,2250753
the house of,2248518
full - time,2246337
in any way,2244873
can be made,2244704
of her own,2243179
that it 's,2242667
to the top,2242665
and his wife,2242247
the language of,2241897
example of a,2241620
I tell you,2241612
the country 's,2237936
The role of,2237835
over the past,2236960
to pay for,2236647
the purposes of,2235191
they would not,2235015
in a small,2234537
is the case,2234504
used for the,2233896
on the subject,2231423
caused by the,2229153
to pick up,2228472
"eyes , and",2226546
get to the,2226131
even if it,2225334
attached to the,2223602
of the present,2223084
He wanted to,2221831
the members of,2218423
as we have,2216003
and into the,2215571
that I can,2214770
so that he,2214538
They did not,2213372
is said to,2211653
we are not,2211488
there had been,2211030
on the surface,2210267
"people , and",2209511
and then he,2209460
out of here,2209435
if he were,2209426
she ' d,2208634
But it is,2208337
and from the,2207840
to worry about,2207688
day of the,2207220
if you can,2206613
of the word,2206309
"world , and",2206293
in which it,2206051
had never been,2205371
to give the,2205307
if she was,2203920
the door to,2203669
is known as,2202928
Harvard University Press,2202246
that you will,2201838
I could have,2200363
just a few,2200247
for at least,2196932
was that the,2195652
been shown to,2195625
"cases , the",2192450
the terms of,2192046
contrast to the,2190816
would be to,2190756
and that was,2190207
the ability of,2187645
down in the,2187586
the ways in,2186099
he had no,2185123
or any other,2184310
and that it,2184114
seen as a,2183870
For more information,2182783
what you 're,2182282
face of the,2179505
was not in,2179423
associated with a,2178055
a total of,2177995
which may be,2177274
in the light,2175856
this was a,2175120
"in , and",2174971
to identify the,2174896
the requirements of,2174828
all of these,2174065
by no means,2173110
In the end,2172240
image of the,2172166
"Furthermore , the",2171617
"Washington , D.C.",2169478
in recent years,2168516
one of her,2167462
the world and,2166993
to all the,2166569
to form a,2166563
to describe the,2166145
the city of,2165986
also known as,2165350
because of their,2164294
the status of,2164052
I knew that,2162495
in the center,2161041
the implementation of,2160645
the analysis of,2159416
that 's the,2157760
the place of,2156053
the weight of,2154758
against the wall,2153438
may be the,2152504
turned out to,2151835
the children of,2151497
the effectiveness of,2151006
there may be,2149407
I know it,2149120
"words , the",2148563
results of the,2148440
many of them,2147668
to look for,2146926
what he had,2146905
and the United,2146807
stared at the,2145828
not mean that,2143567
by the way,2141209
to respond to,2140490
I 'll have,2140162
in the West,2140012
the provisions of,2139271
which is not,2138976
an important role,2137682
that ' s,2137155
was the one,2135919
does not know,2134666
in his arms,2134280
no matter what,2134067
and went to,2132181
I should not,2130890
to know the,2129938
and ( 3,2129554
and there are,2129082
"her , she",2128870
that he has,2128842
that no one,2128378
He had been,2128274
the city 's,2128074
in the water,2128025
and the rest,2127984
is responsible for,2127020
the rise of,2125185
"down , and",2123349
of Chicago Press,2123136
but I did,2122789
by the fact,2121623
It will be,2121404
depend on the,2119638
for many years,2116011
proved to be,2115846
he can not,2111300
the extent that,2109663
if I had,2108865
from time to,2106606
a handful of,2106390
at the very,2105753
you and your,2105440
is similar to,2105046
What 's the,2103944
is the best,2103165
U.S. Department of,2102882
idea of the,2101279
he is not,2100354
"However , if",2100286
could not get,2099957
not only to,2099394
the European Union,2098966
did not feel,2098696
shown in the,2097254
show that the,2096781
in a very,2096681
especially in the,2096112
in a single,2096060
the sense that,2095350
case of a,2094483
in favour of,2094387
meaning of the,2094138
been in the,2094103
presence of the,2093292
if she had,2092937
each other and,2091084
get back to,2090835
derived from the,2090814
of more than,2090180
but I can,2090032
he said to,2089925
it in a,2089921
in the most,2089551
Do you have,2088370
the evolution of,2088235
of the problem,2088089
that they could,2087248
to note that,2085826
to listen to,2084648
copy of the,2083309
to develop a,2082282
That 's a,2078588
back to her,2077786
to see a,2077691
but they were,2077118
but there is,2076439
of the project,2076122
"that , as",2075382
was a very,2074899
of the above,2074681
with a smile,2074380
"Indeed , the",2073764
but they are,2072581
of the fact,2072514
for the same,2072456
I 'd been,2072444
she had a,2072000
and you can,2071963
of some of,2071824
even if the,2071486
for the last,2069643
and she had,2069471
but also the,2067722
what do you,2067317
they have been,2067255
you 've got,2066038
to go on,2065900
the management of,2065840
and that is,2065510
the product of,2063923
to build a,2063091
can not see,2063075
she was going,2060914
importance of the,2059993
on the wall,2059969
to him and,2059928
say that the,2059538
me to the,2059208
in this section,2058672
review of the,2058649
of the story,2058217
of one 's,2057139
that you 're,2056363
are the most,2056273
might not be,2055181
Princeton University Press,2054790
I 'd be,2052282
as a way,2050654
in contrast to,2050506
not think I,2050069
of the process,2049607
back to his,2048757
long as the,2048139
I 'm glad,2047302
be regarded as,2047135
they would have,2046824
and with a,2046723
two or more,2045791
they had to,2045210
At this point,2044595
which has been,2044490
You did not,2043721
the time the,2042611
at the table,2042322
You need to,2041612
was also a,2041097
and can not,2039959
is related to,2039807
the table and,2039315
of the data,2038422
a few of,2037803
looked down at,2037595
get rid of,2037253
what I was,2037006
I needed to,2033787
suggests that the,2033226
That 's not,2032678
purpose of the,2032293
the first of,2031422
in any form,2030944
from the other,2030232
"course , the",2030105
when you 're,2028662
but do not,2028662
what is the,2028564
made by the,2027419
does not matter,2027157
"back , and",2026940
in the car,2025976
the author of,2025436
of the more,2025432
of its own,2024486
did not make,2024452
Do you want,2023485
work of the,2022448
I began to,2021838
"time , I",2021749
the land of,2021205
elements of the,2019857
all kinds of,2018547
that can not,2018528
contact with the,2018117
the other end,2016310
said in a,2016251
led to a,2015919
take advantage of,2015682
as I was,2014874
let out a,2014012
I looked at,2010987
other than the,2010397
is called the,2010367
know what you,2010060
the consequences of,2007729
even though the,2007376
she would be,2006161
Why do you,2005096
of the nation,2003923
you can do,2003357
a few hours,2003302
well as in,2002853
the significance of,2000621
This is an,1999729
is also the,1999265
For the first,1999017
She had not,1998773
you would not,1998486
of the brain,1998188
the young man,1997156
of which is,1994625
what she was,1993450
American Journal of,1993096
to take care,1992968
a look at,1992246
but he had,1992144
It was an,1991784
characteristics of the,1991383
the names of,1990626
gave her a,1990495
For this reason,1990410
in the long,1988445
and when he,1988229
This can be,1988163
need to get,1987649
I was so,1986357
to speak to,1986348
that 's all,1985376
for a second,1983217
the benefits of,1982929
on how to,1982742
can not believe,1980529
in a manner,1980388
can not help,1977736
it was only,1977467
is required to,1976234
in search of,1975198
it was all,1975138
looked like a,1973806
in the public,1973385
I am sure,1972591
properties of the,1972093
and some of,1971884
be one of,1971547
was more than,1971405
as if I,1971233
work on the,1971037
heart of the,1970994
on either side,1970733
given to the,1970507
and I were,1968147
As long as,1967880
interpretation of the,1967234
the content of,1966978
and how to,1966768
twenty - four,1966137
you are a,1965899
of the four,1965465
as she was,1965351
nothing more than,1965219
be noted that,1965196
of which are,1964416
"water , and",1962965
are you going,1962629
both of them,1961925
York : Oxford,1960896
of the twentieth,1960633
to tell him,1960607
the sort of,1960334
to be with,1960319
the day of,1960191
to consider the,1958599
lead to a,1958449
people who are,1956597
they will be,1955686
away from her,1955372
went into the,1955310
application of the,1954821
the probability of,1954189
there was not,1954158
so that you,1954158
is a great,1954104
not be the,1953767
to give up,1953131
the exception of,1951879
believe that the,1951852
the expense of,1951708
on both sides,1951669
"here , and",1951206
he could see,1950594
"God , and",1950573
will continue to,1949374
going to the,1948991
followed by the,1947941
on account of,1946348
located in the,1945521
could be a,1945449
to work on,1944076
on the door,1943056
might be a,1941911
did not understand,1941030
is equal to,1940471
gave me a,1940259
in conjunction with,1938168
is more than,1937543
in respect of,1936794
"and , if",1936736
the way the,1935492
her mother 's,1933954
not able to,1932866
of the road,1932759
to one another,1932199
I am the,1931943
it is an,1931517
the location of,1931175
to refer to,1931154
at least two,1930977
the protection of,1930754
to use a,1930716
in line with,1928986
you think you,1927921
of the social,1927613
in the history,1927084
She was a,1927031
to be on,1926035
cent of the,1924297
was born in,1923399
"away , and",1922970
see that the,1922850
I know I,1921108
by the end,1920900
there is not,1920843
values of the,1920562
of the early,1920160
of a particular,1919615
and the two,1919562
to a new,1919484
was just a,1918330
effects of the,1917519
out of their,1915833
Thank you for,1915654
of the Church,1914987
"on , and",1914838
It 's all,1914705
is that of,1914665
that she 'd,1914624
is at the,1914446
used by the,1912820
information on the,1911919
on which the,1911728
is easy to,1911090
not even know,1910549
in this area,1910527
We have to,1910289
a system of,1910136
I thought it,1909628
due to a,1908076
relative to the,1907582
part in the,1907083
to address the,1906428
do the same,1906360
a few months,1906058
in a new,1905984
the room and,1904430
was beginning to,1903522
him with a,1901404
a bunch of,1900933
to me and,1900222
to be sure,1899017
to explain the,1898420
I am going,1897714
it was in,1897016
and then I,1896937
her head and,1896423
United States of,1896243
you 're a,1896119
but also to,1895512
a few moments,1895285
of the Holy,1895120
to avoid the,1894658
all the other,1893658
"way , and",1891618
of the community,1890762
be on the,1890682
and I did,1889993
have been used,1889748
part of his,1888566
argued that the,1888295
the period of,1888102
in his life,1888013
a person 's,1887858
That was the,1887637
all sorts of,1887439
when he had,1887351
for which the,1887024
"man , and",1886892
where it is,1886649
it was just,1886375
the rights of,1885636
a mixture of,1885468
and those who,1885172
of the State,1885052
an understanding of,1884860
a cup of,1884391
it is difficult,1883640
"However , as",1883594
X - ray,1883020
"i.e. , the",1882990
I know what,1882777
the theory of,1881096
this was not,1879756
them to be,1879645
a collection of,1879096
advantage of the,1878681
on his own,1878063
Let 's go,1877593
all of this,1876486
the king 's,1874638
a few weeks,1873463
"room , and",1873026
to reach the,1872677
interested in the,1872655
soon as the,1872351
of the current,1869224
that 's not,1868898
shall not be,1868634
what you want,1868023
be applied to,1867749
the last of,1867727
the one that,1867253
the last few,1867149
it was to,1866088
to get back,1865921
important role in,1865908
does not seem,1865679
could not believe,1865660
if it 's,1865469
from the same,1863835
the door of,1863285
serve as a,1861259
I think he,1860801
I told her,1860388
for the future,1859985
you in the,1859461
in the new,1859241
early in the,1858343
up to a,1857873
"instance , the",1857848
not do it,1857105
described in the,1856957
did not come,1856640
the house and,1856435
what kind of,1856433
"head , and",1855698
has been used,1855624
has been shown,1855139
In contrast to,1854825
of the French,1854734
of the man,1854349
must be a,1854331
have come to,1853092
and I would,1852996
"house , and",1852063
wanted to know,1848835
out of this,1848078
the act of,1847717
what was going,1846895
Which of the,1846535
to be considered,1845499
connected to the,1845365
You 're a,1845116
half an hour,1844588
him to be,1844123
not know that,1842320
can not get,1842064
"First , the",1840843
as he could,1840094
of the local,1839743
most of them,1838779
clear that the,1838154
arrived at the,1837362
as if to,1836685
is that they,1835629
that it had,1835296
in the book,1835126
I decided to,1834922
which they are,1834149
Library of Congress,1832726
She looked at,1832592
Basic English 1949,1832421
up at him,1832300
mg / kg,1831914
on one of,1831417
of the bed,1828069
the chance to,1828005
in ways that,1827376
knew it was,1827326
her eyes and,1827077
the other two,1826884
want to get,1826878
in a different,1826536
God ' s,1826396
in the New,1826321
the time I,1824995
and could not,1824742
it is clear,1824094
end of a,1819895
will have a,1818992
far as the,1818827
can be done,1817820
into account the,1817392
the details of,1817384
one 's own,1817094
In terms of,1817081
give you a,1816901
the design of,1816550
to account for,1816205
are associated with,1816013
the only thing,1814952
that kind of,1814950
by any means,1814390
because of its,1813152
was out of,1811627
a measure of,1811367
to the new,1810694
a good deal,1809257
the way that,1808900
that we were,1808400
He shook his,1807735
be the same,1807378
"it , he",1807240
in a state,1807062
suggest that the,1806374
and that they,1805593
I guess I,1805239
What the hell,1805178
for a new,1804229
a few seconds,1802559
away from him,1802292
the list of,1801361
As far as,1801173
a picture of,1801013
on the phone,1801011
think about it,1800619
there was an,1800534
in the hands,1800382
did not do,1799536
out from the,1799068
in light of,1798962
In this section,1798734
does not want,1798412
of the World,1798073
back of his,1797462
compared with the,1797402
that all the,1796719
will not have,1795838
in the state,1795561
have no idea,1795423
In spite of,1795174
can be obtained,1794784
in the mid,1793957
of which the,1793707
again and again,1793335
to join the,1793323
quality of life,1792821
States of America,1791326
a few more,1791252
the contents of,1790957
I believe that,1790596
to establish a,1790556
She wanted to,1788586
of the major,1788565
should be able,1788498
and took a,1787861
of the entire,1787531
Based on the,1786658
not the same,1786408
a young man,1785067
I wish I,1784889
is characterized by,1784095
that is to,1784074
be part of,1783858
the first two,1783382
when you are,1782539
to be so,1780935
by the same,1780824
was part of,1780435
is used in,1780155
came from the,1779330
are the same,1779278
man in the,1779054
She shook her,1778400
would be able,1778228
pointed out that,1777646
"one , and",1776893
in the evening,1776695
of the child,1776251
the possibility that,1775801
the federal government,1775297
base of the,1774970
it was time,1774305
the Ministry of,1773883
his eyes and,1773737
of the river,1773709
But it 's,1773370
in the distance,1772107
features of the,1771988
is not in,1771337
the potential to,1771064
in the literature,1770651
He 's a,1770031
a consequence of,1768444
He had to,1768387
did not you,1768349
"that , but",1767789
made in the,1767357
he tried to,1767193
I 'll take,1766432
"this , the",1766330
development of a,1766241
the choice of,1766237
in which we,1765595
the site of,1765164
shows that the,1765007
came out of,1765003
no need to,1764240
that one of,1763978
she was in,1763681
to do is,1763164
the nation 's,1762981
in a large,1762598
in the Middle,1762172
may not have,1762020
to tell her,1761294
relating to the,1760883
and have a,1760563
thought to be,1759972
spite of the,1759463
so long as,1759218
of my own,1758701
all of which,1758685
of the term,1758663
of the sea,1757368
looking for a,1757311
the way they,1756471
from the beginning,1756254
R & D,1755793
back at the,1755212
which in turn,1754659
that it can,1754614
to his own,1754423
The effect of,1754141
less than a,1753832
it into the,1753732
of the right,1753287
as though he,1753077
a role in,1752719
taken into account,1752149
do not mind,1752048
turned to the,1751960
needs of the,1751206
of people who,1750770
middle - class,1750401
the task of,1750072
out the window,1750039
lead to the,1748545
of the situation,1748361
they may be,1748358
if he could,1748140
take into account,1748041
the next morning,1747751
It was as,1746584
total number of,1745495
the ratio of,1745237
"that , if",1745197
have also been,1744544
what I 'm,1743052
that would have,1742308
there are two,1742206
have been made,1741201
to suggest that,1740971
and how they,1740927
be allowed to,1740739
What did you,1739640
at the expense,1738772
in some way,1738540
told him that,1738501
he began to,1738455
is not just,1738341
"which , in",1737979
should be noted,1737928
"years , the",1737428
into the kitchen,1736615
said to him,1736490
of a large,1736256
the night before,1735756
this book is,1735586
sitting on the,1735503
over the last,1735316
the addition of,1735199
it was too,1734636
"way , the",1734433
to an end,1734226
the potential for,1733804
and the same,1733705
because they were,1733324
to be at,1732099
in mind that,1731004
or by any,1730923
I had the,1729428
was only a,1727158
her father 's,1725601
and down the,1725539
The purpose of,1725170
out - of,1724585
impact of the,1724391
as I have,1723998
performance of the,1723655
the truth of,1722784
to assess the,1721675
"face , and",1721419
of the many,1720958
I 'll get,1720728
"place , and",1719564
the object of,1719335
but I could,1718687
I was the,1717702
If there is,1717552
the control of,1717271
from the first,1717091
one in the,1717003
"however , it",1716829
I have never,1716566
to set up,1716110
the focus of,1715744
that must be,1715637
approach to the,1715140
There are a,1714699
need to do,1714340
to the hospital,1714104
know that I,1714082
the tip of,1713884
For a moment,1712968
had always been,1712656
areas of the,1712404
to have an,1711541
"door , and",1711081
in your life,1711059
presence of a,1710276
president of the,1709999
as it were,1709828
to give a,1709708
much of a,1708929
have to get,1706626
the fall of,1706549
"however , was",1706126
"Inc. , Until",1705917
the laws of,1705746
with one of,1705529
of her life,1705454
similar to that,1704415
on one side,1703847
instead of the,1703381
you 've been,1703050
the way you,1702998
This is what,1702736
are required to,1701930
with one another,1701742
I saw the,1701613
they will not,1701229
where there is,1701195
able to do,1701006
door of the,1700682
was the last,1700520
not know why,1700163
The rest of,1700128
is less than,1699158
to enter the,1698754
little more than,1698715
the reality of,1698218
know that the,1697562
well as to,1696959
wanted to do,1695721
there is nothing,1695435
is the one,1695208
be expected to,1695061
you can use,1694850
"night , and",1694820
the assumption that,1693782
was a great,1693406
support of the,1693283
come back to,1693211
"as "" the",1693168
There are no,1692822
is found in,1692812
of the author,1692276
On the contrary,1692041
set up a,1691693
In some cases,1691476
and no one,1691183
This is because,1691181
How did you,1691157
the person who,1691091
the support of,1690570
the expression of,1690198
in the corner,1690080
said to have,1690047
the place where,1689630
they were in,1689336
just as the,1689142
into the house,1688822
more of a,1688097
over his shoulder,1687711
support for the,1687329
of California Press,1687018
is expected to,1686027
in a variety,1685764
the flow of,1685540
that I did,1684543
was not so,1683865
closed her eyes,1683709
of the town,1683513
not say anything,1683466
than any other,1682684
so you can,1682659
are not the,1682632
that it has,1682403
the realm of,1681963
the perspective of,1681184
of the various,1680579
Editorial review has,1680570
sight of the,1679529
be in a,1679084
to the development,1678788
to go out,1678675
to the back,1678366
meant to be,1677757
not know the,1677374
the things that,1676794
there was something,1675564
and so forth,1675491
leads to the,1675166
dependent on the,1675052
but she did,1674587
for each of,1674535
on his way,1674494
in the study,1674461
that if the,1673749
in need of,1673306
the outcome of,1673273
in the body,1672923
to determine whether,1672890
each other in,1672588
not only in,1672425
location of the,1672340
I 've seen,1672039
to the present,1671687
in the summer,1671564
on the top,1671518
wide variety of,1670952
in the event,1670850
with the help,1670515
you to be,1670307
When I was,1669878
"later , the",1669814
account for the,1669321
to prevent the,1669104
of them are,1669038
as good as,1668869
the way it,1668742
would be no,1668333
an act of,1668127
All of the,1667679
the arrival of,1667494
is not so,1667485
the foot of,1666886
if they had,1666150
me to be,1666116
have been in,1665264
leading to the,1665255
of the universe,1664696
did not go,1664667
is not always,1663362
to produce a,1663299
out at the,1663270
that is a,1662626
at all times,1662155
in the eyes,1662038
and should be,1661945
and when the,1661924
You will not,1661726
of the children,1661718
and there were,1661239
was as if,1661138
He was the,1659926
the change in,1659915
participate in the,1659132
either side of,1658500
"him , the",1658416
in the South,1658123
three or four,1657938
U.S. CLS. 100,1657420
the remainder of,1657368
to some extent,1657139
fact that he,1656222
a history of,1655875
be associated with,1655745
John ( Basic,1655710
is determined by,1655368
a long way,1655315
the origin of,1654740
we had to,1654606
to work in,1654584
said that the,1654300
of them had,1654105
waiting for the,1654033
what they were,1653683
but I have,1653120
it difficult to,1653030
part of their,1652124
This was not,1651914
less than the,1651685
a discussion of,1651541
that might be,1651057
have had a,1650803
number of the,1650403
for all of,1649640
in a position,1649572
the principles of,1649405
affected by the,1649302
the way she,1649135
the best way,1648221
had not seen,1647705
in a number,1647547
to see me,1647133
was unable to,1647031
the future of,1646643
and try to,1646217
he was still,1645996
I 'll go,1645893
I knew I,1645684
except for the,1645406
a man 's,1644031
came to a,1643838
we 're going,1643380
no idea what,1642617
Second World War,1642599
as you can,1641666
in the front,1640285
and for a,1639541
to control the,1639189
to the surface,1639073
his way to,1639046
a lot more,1638724
On the one,1638099
had to go,1637914
if you were,1637412
a sign of,1637311
I 'll tell,1636746
that you do,1636306
the time he,1636165
of what he,1635925
to do what,1635432
let go of,1634926
point of the,1633492
in a more,1633335
it is only,1633326
it was an,1633041
to the kitchen,1631327
that it will,1631258
along the way,1631146
at the front,1631037
tell you that,1630798
the line of,1630542
in case of,1629831
the limits of,1629577
so much as,1629054
to the people,1628980
character of the,1628766
them on the,1628107
"No , no",1627400
there is the,1627126
you will have,1627084
twenty - first,1627012
there in the,1626822
the character of,1626340
long enough to,1626287
it with a,1625149
now and then,1625141
be the most,1624902
the voice of,1623806
of the future,1623637
has always been,1623563
into the air,1623204
said as he,1622637
was the same,1621664
to be very,1621035
supported by the,1620931
given by the,1620788
a good thing,1620752
"all , the",1620741
of thousands of,1620689
living in the,1620644
contributed to the,1620587
the height of,1620562
the provision of,1620393
on the front,1620154
self - esteem,1617579
the values of,1617274
what you are,1616552
their ability to,1616321
the bed and,1615446
centre of the,1615250
content of the,1615078
by using the,1614289
have shown that,1613967
was like a,1613537
at the age,1612397
behalf of the,1611653
linked to the,1611086
to one side,1611006
is not possible,1610784
nineteenth - century,1610621
Secretary of State,1610047
We did not,1609606
is hard to,1609605
of the nineteenth,1608597
by virtue of,1608163
they want to,1606812
the attention of,1606326
to stay in,1606313
be considered as,1606209
thing to do,1604361
a person who,1603735
International Conference on,1603484
best way to,1603070
those who were,1601958
The next day,1601930
the world is,1600946
was ready to,1600824
"this , and",1600578
out the door,1600405
to her feet,1600403
way of life,1600156
to as the,1600024
in support of,1599300
goods and services,1599068
It was only,1598952
a right to,1598134
in his mind,1597873
is in a,1597599
That ' s,1597516
them in a,1596855
expected to be,1595920
many of these,1595712
idea of a,1595621
does not make,1595611
in my mind,1595605
some of his,1595522
The researchers concluded,1595157
a glass of,1595096
The United States,1594995
so that we,1594962
York : Routledge,1594491
of the patient,1594300
in the family,1593888
not limited to,1593296
he is a,1592527
the White House,1592376
in the community,1592363
it 's just,1592251
result in a,1591386
of the text,1591015
But I do,1591009
I should be,1590009
might as well,1589734
the memory of,1589730
back from the,1589651
the goal of,1589307
going to take,1589090
to provide the,1589035
even if they,1589022
details of the,1588902
less likely to,1588109
differences in the,1587616
stood in the,1587514
discussed in the,1587249
and then to,1586679
those in the,1586475
to follow the,1586239
more than two,1585734
man who had,1585519
to those of,1585369
"them , the",1585314
there are a,1585295
could be used,1584949
not like the,1584633
I 'm here,1584009
and may be,1582338
the summer of,1582102
part - time,1582026
it from the,1582022
in the text,1581690
In the same,1581310
It is possible,1580612
removed from the,1579954
but at the,1579764
wanted to see,1579642
am going to,1579574
down from the,1579004
the key to,1577941
during the first,1577807
in a particular,1577633
to open the,1577160
concerned with the,1577067
her on the,1576513
out of sight,1576145
and colleagues published,1575961
at the heart,1575770
here and there,1575455
of the table,1575385
and had a,1575341
the Cold War,1574921
It must be,1574639
of the case,1574288
for use in,1574272
I can tell,1574262
both sides of,1573481
strength of the,1573415
if there was,1573342
did not really,1573145
open the door,1572898
the availability of,1572675
got out of,1572584
