ngram,freq
the _NOUN_ _ADP_,2864075047
the_DET _NOUN_ _ADP_,2864075047
the_DET _ADJ_ _NOUN_,2050946671
the _ADJ_ _NOUN_,2050946671
the_DET _NOUN_ of,1969019348
the _NOUN_ of,1969019348
the_DET _NOUN_ of_ADP,1969019257
the _NOUN_ of_ADP,1969019257
the_DET _NOUN_ _._,1907151205
the _NOUN_ _._,1907151205
of _DET_ _NOUN_,1667975206
of_ADP _DET_ _NOUN_,1667975206
the_DET _NOUN_ _NOUN_,1467668191
the _NOUN_ _NOUN_,1467668188
of_ADP the _NOUN_,1274507997
of_ADP the_DET _NOUN_,1274507997
of the_DET _NOUN_,1274507997
of the _NOUN_,1274507997
a _ADJ_ _NOUN_,1233451043
a_DET _ADJ_ _NOUN_,1233451043
the_DET _NOUN_ _VERB_,1110856843
the _NOUN_ _VERB_,1110856843
in _DET_ _NOUN_,1096593305
in_ADP _DET_ _NOUN_,1096370467
of _NOUN_ _._,965141519
of_ADP _NOUN_ _._,965141504
a _NOUN_ _ADP_,837914377
a_DET _NOUN_ _ADP_,837914212
the _NOUN_ ._.,803352461
the _NOUN_ .,803352461
the_DET _NOUN_ ._.,803352461
the_DET _NOUN_ .,803352461
in the_DET _NOUN_,771957651
in the _NOUN_,771957651
in_ADP the_DET _NOUN_,771899336
in_ADP the _NOUN_,771899336
to _VERB_ _DET_,750914923
to_PRT _VERB_ _DET_,750911863
"the _NOUN_ ,",729396619
"the _NOUN_ ,_.",729396619
"the_DET _NOUN_ ,_.",729396619
"the_DET _NOUN_ ,",729396619
and _NOUN_ _._,699408482
and_CONJ _NOUN_ _._,699408480
to _DET_ _NOUN_,663317812
to_PRT _DET_ _NOUN_,663317812
of_ADP _ADJ_ _NOUN_,623955884
of _ADJ_ _NOUN_,623955884
of _NOUN_ _NOUN_,568140271
of_ADP _NOUN_ _NOUN_,568140271
of _DET_ _ADJ_,530563191
of_ADP _DET_ _ADJ_,530563191
a _NOUN_ _._,525307931
a_DET _NOUN_ _._,525307387
and_CONJ _NOUN_ _NOUN_,525065500
and _NOUN_ _NOUN_,525065500
to the _NOUN_,514740589
to the_DET _NOUN_,514740589
to_PRT the _NOUN_,514740589
to_PRT the_DET _NOUN_,514740589
and _ADJ_ _NOUN_,511029876
and_CONJ _ADJ_ _NOUN_,511029876
to _VERB_ _PRON_,491543462
to_PRT _VERB_ _PRON_,491542616
the_DET _NOUN_ _CONJ_,473800043
the _NOUN_ _CONJ_,473800043
a _NOUN_ of_ADP,469683214
a _NOUN_ of,469683214
a_DET _NOUN_ of,469683157
a_DET _NOUN_ of_ADP,469683157
the_DET _NOUN_ _PRT_,433227631
the _NOUN_ _PRT_,433227630
on _DET_ _NOUN_,432378834
on_ADP _DET_ _NOUN_,431805958
I _VERB_ _VERB_,430883637
I_PRON _VERB_ _VERB_,430848907
in _NOUN_ _._,430057628
in_ADP _NOUN_ _._,429626085
to _VERB_ _ADP_,429281360
to_PRT _VERB_ _ADP_,429280444
and_CONJ _DET_ _NOUN_,428890297
and _DET_ _NOUN_,428890297
the_DET _NOUN_ and,412727687
the _NOUN_ and,412727687
the_DET _NOUN_ and_CONJ,412727542
the _NOUN_ and_CONJ,412727542
"of _NOUN_ ,",411800171
"of _NOUN_ ,_.",411800171
"of_ADP _NOUN_ ,_.",411800166
"of_ADP _NOUN_ ,",411800166
to _VERB_ _NOUN_,410771961
to_PRT _VERB_ _NOUN_,410770723
of _NOUN_ _ADP_,403268600
of_ADP _NOUN_ _ADP_,403268585
to _VERB_ the,402731304
to _VERB_ the_DET,402730900
to_PRT _VERB_ the,402730059
to_PRT _VERB_ the_DET,402729655
for _DET_ _NOUN_,377233584
for_ADP _DET_ _NOUN_,377233583
in _DET_ _ADJ_,372981766
in_ADP _DET_ _ADJ_,372883027
I _VERB_ _ADV_,366100926
I_PRON _VERB_ _ADV_,366083156
of the_DET _ADJ_,364500415
of the _ADJ_,364500415
of_ADP the _ADJ_,364500415
of_ADP the_DET _ADJ_,364500415
and _NOUN_ _ADP_,363870092
and_CONJ _NOUN_ _ADP_,363870082
that _PRON_ _VERB_,359672762
that_ADP _PRON_ _VERB_,359422874
a _NOUN_ _NOUN_,345280331
a_DET _NOUN_ _NOUN_,345279136
The _NOUN_ _VERB_,345029362
The_DET _NOUN_ _VERB_,341099871
on the_DET _NOUN_,340100335
on the _NOUN_,340100335
on_ADP the _NOUN_,340000117
on_ADP the_DET _NOUN_,340000117
his_PRON _NOUN_ _._,330100488
his _NOUN_ _._,330100488
with _DET_ _NOUN_,329157414
with_ADP _DET_ _NOUN_,329157356
of _NOUN_ .,328482656
of _NOUN_ ._.,328482656
of_ADP _NOUN_ ._.,328482648
of_ADP _NOUN_ .,328482648
? _._ _END_,325806232
?_. _._ _END_,325799333
and_CONJ the _NOUN_,321661038
and the_DET _NOUN_,321661038
and the _NOUN_,321661038
and_CONJ the_DET _NOUN_,321661038
of _NOUN_ _VERB_,315600956
of_ADP _NOUN_ _VERB_,315600944
The _NOUN_ _ADP_,304942375
to _VERB_ _._,302146502
to_PRT _VERB_ _._,302145945
The_DET _NOUN_ _ADP_,298242310
and_CONJ _PRON_ _VERB_,296074803
and _PRON_ _VERB_,296074803
of _PRON_ _NOUN_,295049756
of_ADP _PRON_ _NOUN_,295049756
and _NOUN_ _VERB_,289695072
and_CONJ _NOUN_ _VERB_,289695072
at _DET_ _NOUN_,282770351
at_ADP _DET_ _NOUN_,282770351
be _VERB_ _ADP_,281289263
be_VERB _VERB_ _ADP_,281264967
of _NOUN_ _CONJ_,275622185
of_ADP _NOUN_ _CONJ_,275622183
"and _NOUN_ ,_.",264966014
"and _NOUN_ ,",264966014
"and_CONJ _NOUN_ ,",264966013
"and_CONJ _NOUN_ ,_.",264966013
from _DET_ _NOUN_,264789315
from_ADP _DET_ _NOUN_,264789315
in _ADJ_ _NOUN_,260704917
in_ADP _ADJ_ _NOUN_,260548133
as _DET_ _NOUN_,257907237
as_ADP _DET_ _NOUN_,257907210
"? "" _END_",257861538
"?_. "" _END_",257858585
"?_. ""_. _END_",257858585
"? ""_. _END_",257858585
The _ADJ_ _NOUN_,248599032
The_DET _ADJ_ _NOUN_,248450415
and _NOUN_ ._.,248007296
and _NOUN_ .,248007296
and_CONJ _NOUN_ .,248007295
and_CONJ _NOUN_ ._.,248007295
that _DET_ _NOUN_,244816352
in _NOUN_ _ADP_,244754736
that_ADP _DET_ _NOUN_,244638156
in_ADP _NOUN_ _ADP_,244416245
to _VERB_ _ADJ_,242495797
to_PRT _VERB_ _ADJ_,242494406
by _DET_ _NOUN_,242324136
by_ADP _DET_ _NOUN_,242323477
of _NOUN_ and,240770347
of_ADP _NOUN_ and,240770345
of _NOUN_ and_CONJ,240770302
of_ADP _NOUN_ and_CONJ,240770300
and _VERB_ _PRON_,239240682
and_CONJ _VERB_ _PRON_,239240682
he _VERB_ _VERB_,237694813
he_PRON _VERB_ _VERB_,237694813
I _VERB_ _PRON_,237200419
I_PRON _VERB_ _PRON_,237192445
to _VERB_ _VERB_,235723125
to_PRT _VERB_ _VERB_,235720407
an _ADJ_ _NOUN_,232110208
an_DET _ADJ_ _NOUN_,232110208
The _NOUN_ of,231947626
The _NOUN_ of_ADP,231947624
in the _ADJ_,228699905
in the_DET _ADJ_,228699905
in_ADP the_DET _ADJ_,228692001
in_ADP the _ADJ_,228692001
the _NOUN_ to,226878327
the_DET _NOUN_ to,226878327
the _NOUN_ to_PRT,226876894
the_DET _NOUN_ to_PRT,226876894
The_DET _NOUN_ of,226490630
The_DET _NOUN_ of_ADP,226490628
and_CONJ _VERB_ _DET_,225147997
and _VERB_ _DET_,225147997
is _DET_ _NOUN_,224805395
is_VERB _DET_ _NOUN_,224805372
in _NOUN_ _NOUN_,223099886
in_ADP _NOUN_ _NOUN_,223020979
to _DET_ _ADJ_,222087153
to_PRT _DET_ _ADJ_,222087153
the_DET _ADJ_ _._,221864343
the _ADJ_ _._,221864343
in _PRON_ _NOUN_,220748152
in_ADP _PRON_ _NOUN_,220673541
The _NOUN_ _NOUN_,219752916
is _VERB_ _ADP_,218266394
is_VERB _VERB_ _ADP_,218266137
for_ADP the _NOUN_,218097519
for_ADP the_DET _NOUN_,218097519
for the _NOUN_,218097519
for the_DET _NOUN_,218097519
as _PRON_ _VERB_,216799274
as_ADP _PRON_ _VERB_,216795954
to _NOUN_ _._,213800295
to_PRT _NOUN_ _._,213799070
her _NOUN_ _._,211778164
her_PRON _NOUN_ _._,211778164
from the_DET _NOUN_,211528450
from the _NOUN_,211528450
from_ADP the_DET _NOUN_,211528450
from_ADP the _NOUN_,211528450
a _NOUN_ .,209779543
a _NOUN_ ._.,209779543
a_DET _NOUN_ ._.,209779395
a_DET _NOUN_ .,209779395
at the_DET _NOUN_,208500974
at_ADP the _NOUN_,208500974
at the _NOUN_,208500974
at_ADP the_DET _NOUN_,208500974
and _VERB_ _ADP_,207442927
and_CONJ _VERB_ _ADP_,207442927
was _VERB_ _ADP_,206811841
was_VERB _VERB_ _ADP_,206810271
this _NOUN_ _._,203925909
this_DET _NOUN_ _._,203925896
"a _NOUN_ ,_.",203794277
"a _NOUN_ ,",203794277
"a_DET _NOUN_ ,_.",203794027
"a_DET _NOUN_ ,",203794027
I _VERB_ not,202457992
I _VERB_ not_ADV,202457988
I_PRON _VERB_ not,202455633
I_PRON _VERB_ not_ADV,202455629
you _VERB_ _VERB_,199123676
you_PRON _VERB_ _VERB_,199123671
The_DET _NOUN_ _NOUN_,198192125
the _NOUN_ _PRON_,195720017
the_DET _NOUN_ _PRON_,195720017
for _NOUN_ _._,192158852
for_ADP _NOUN_ _._,192157992
to _VERB_ _ADV_,190895846
to_PRT _VERB_ _ADV_,190893550
the _NOUN_ _ADV_,190261764
the_DET _NOUN_ _ADV_,190261764
with the_DET _NOUN_,189660850
with_ADP the _NOUN_,189660850
with the _NOUN_,189660850
with_ADP the_DET _NOUN_,189660850
a _NOUN_ _VERB_,185247559
a_DET _NOUN_ _VERB_,185247443
to _VERB_ _PRT_,181240237
to_PRT _VERB_ _PRT_,181239726
the_DET _NOUN_ in,179633284
the _NOUN_ in,179633284
the_DET _NOUN_ in_ADP,179554833
the _NOUN_ in_ADP,179554833
by the _NOUN_,177598970
by the_DET _NOUN_,177598970
by_ADP the_DET _NOUN_,177598681
by_ADP the _NOUN_,177598681
"in _NOUN_ ,_.",177409632
"in _NOUN_ ,",177409632
the _ADJ_ _ADJ_,177335166
the_DET _ADJ_ _ADJ_,177335166
"in_ADP _NOUN_ ,_.",177219266
"in_ADP _NOUN_ ,",177219266
that the _NOUN_,176787915
that_ADP the_DET _NOUN_,176787915
that the_DET _NOUN_,176787915
that_ADP the _NOUN_,176787915
to _VERB_ a,176664290
to_PRT _VERB_ a,176662993
to _VERB_ a_DET,176632865
to_PRT _VERB_ a_DET,176631568
my _NOUN_ _._,176040775
my_PRON _NOUN_ _._,176040744
the _VERB_ _NOUN_,175070767
the_DET _VERB_ _NOUN_,175010437
it _VERB_ _VERB_,172464296
it_PRON _VERB_ _VERB_,172464296
if _PRON_ _VERB_,170617629
if_ADP _PRON_ _VERB_,170617627
the _NOUN_ that,169153433
the_DET _NOUN_ that,169153433
his_PRON _NOUN_ .,167596068
his_PRON _NOUN_ ._.,167596068
his _NOUN_ .,167596068
his _NOUN_ ._.,167596068
with_ADP _ADJ_ _NOUN_,167044836
with _ADJ_ _NOUN_,167044836
in _NOUN_ .,166687556
in _NOUN_ ._.,166687556
in_ADP _NOUN_ ._.,166524940
in_ADP _NOUN_ .,166524940
with _DET_ _ADJ_,164665884
with_ADP _DET_ _ADJ_,164665881
it _VERB_ _ADV_,161277029
it_PRON _VERB_ _ADV_,161277029
when_ADV _PRON_ _VERB_,161260075
when _PRON_ _VERB_,161260075
and _DET_ _ADJ_,160329092
and_CONJ _DET_ _ADJ_,160329092
did_VERB _ADV_ _VERB_,159917250
did _ADV_ _VERB_,159917250
that _NOUN_ _VERB_,159138186
I _VERB_ _DET_,158883490
I_PRON _VERB_ _DET_,158841091
did not_ADV _VERB_,158580813
did_VERB not_ADV _VERB_,158580813
did_VERB not _VERB_,158580813
did not _VERB_,158580813
and _NOUN_ of,157694017
and _NOUN_ of_ADP,157694008
and_CONJ _NOUN_ of,157694007
and_CONJ _NOUN_ of_ADP,157693998
he_PRON _VERB_ _ADV_,157422887
he _VERB_ _ADV_,157422887
and _VERB_ _NOUN_,157041309
and_CONJ _VERB_ _NOUN_,157041309
the_DET _NOUN_ 's,156923020
the _NOUN_ 's,156923020
is _DET_ _ADJ_,156490208
is_VERB _DET_ _ADJ_,156490206
they_PRON _VERB_ _VERB_,156363153
they _VERB_ _VERB_,156363153
that _VERB_ _VERB_,156160919
a _ADJ_ _._,155859462
a_DET _ADJ_ _._,155859462
the _NOUN_ 's_PRT,155809181
the_DET _NOUN_ 's_PRT,155809181
that_DET _VERB_ _VERB_,154460610
his _NOUN_ _ADP_,153544632
his_PRON _NOUN_ _ADP_,153544632
of_ADP a_DET _NOUN_,153289039
of a _NOUN_,153289039
of a_DET _NOUN_,153289039
of_ADP a _NOUN_,153289039
do _ADV_ _VERB_,152141423
do_VERB _ADV_ _VERB_,152140989
not _VERB_ _PRON_,150941690
not_ADV _VERB_ _PRON_,150941624
for _DET_ _ADJ_,150571522
for_ADP _DET_ _ADJ_,150571522
do_VERB not_ADV _VERB_,150003903
do not _VERB_,150003903
do_VERB not _VERB_,150003903
do not_ADV _VERB_,150003903
we _VERB_ _VERB_,149382901
we_PRON _VERB_ _VERB_,149382509
the_DET _NOUN_ _DET_,147950264
the _NOUN_ _DET_,147950264
their_PRON _NOUN_ _._,147360861
their _NOUN_ _._,147360861
but _PRON_ _VERB_,143916326
but_CONJ _PRON_ _VERB_,143848381
I _VERB_ _._,143140851
I_PRON _VERB_ _._,143123087
for _ADJ_ _NOUN_,143079883
for_ADP _ADJ_ _NOUN_,143079828
the_DET _NOUN_ is,142680625
the _NOUN_ is,142680625
the _NOUN_ is_VERB,142680622
the_DET _NOUN_ is_VERB,142680622
to be _VERB_,142398653
to_PRT be _VERB_,142398653
to be_VERB _VERB_,142398653
to_PRT be_VERB _VERB_,142398653
she _VERB_ _VERB_,142312219
she_PRON _VERB_ _VERB_,142312140
to the_DET _ADJ_,141872515
to the _ADJ_,141872515
to_PRT the_DET _ADJ_,141872515
to_PRT the _ADJ_,141872515
to _VERB_ .,141060328
to _VERB_ ._.,141060328
to_PRT _VERB_ ._.,141060221
to_PRT _VERB_ .,141060221
to_PRT _PRON_ _NOUN_,140798899
to _PRON_ _NOUN_,140798899
not _VERB_ _DET_,140514410
not_ADV _VERB_ _DET_,140514324
was _DET_ _NOUN_,138177881
was_VERB _DET_ _NOUN_,138177881
I _VERB_ _ADP_,138048850
I_PRON _VERB_ _ADP_,138025057
is_VERB _ADV_ _ADJ_,137524068
is _ADV_ _ADJ_,137524068
and _ADV_ _VERB_,137258920
and_CONJ _ADV_ _VERB_,137258920
of _NOUN_ _PRT_,135860150
of_ADP _NOUN_ _PRT_,135860147
his _ADJ_ _NOUN_,135443083
his_PRON _ADJ_ _NOUN_,135443083
to _ADJ_ _NOUN_,134616027
to_PRT _ADJ_ _NOUN_,134615995
into _DET_ _NOUN_,134581542
into_ADP _DET_ _NOUN_,134581524
on _DET_ _ADJ_,134432913
on_ADP _DET_ _ADJ_,134085709
a _NOUN_ _PRT_,133840215
a_DET _NOUN_ _PRT_,133840205
and _VERB_ _ADV_,133155918
and_CONJ _VERB_ _ADV_,133155918
can _ADV_ _VERB_,132523853
can_VERB _ADV_ _VERB_,132521496
with _NOUN_ _._,131135092
with_ADP _NOUN_ _._,131135052
and_CONJ _ADJ_ _._,130810601
and _ADJ_ _._,130810601
he_PRON _VERB_ _._,129092969
he _VERB_ _._,129092969
"his_PRON _NOUN_ ,_.",129037636
"his_PRON _NOUN_ ,",129037636
"his _NOUN_ ,",129037636
"his _NOUN_ ,_.",129037636
and _PRON_ _NOUN_,128909592
and_CONJ _PRON_ _NOUN_,128909592
as a _NOUN_,128108601
as_ADP a _NOUN_,128108601
as_ADP a_DET _NOUN_,128108601
as a_DET _NOUN_,128108601
and_CONJ _VERB_ the,127943775
and _VERB_ the,127943775
and_CONJ _VERB_ the_DET,127942454
and _VERB_ the_DET,127942454
are _VERB_ _ADP_,127928542
are_VERB _VERB_ _ADP_,127928149
it _._ _END_,126162298
it_PRON _._ _END_,126159287
in a _NOUN_,125958340
in a_DET _NOUN_,125958340
in_ADP a _NOUN_,125871128
in_ADP a_DET _NOUN_,125871128
I _VERB_ _PRT_,125759071
I_PRON _VERB_ _PRT_,125746424
an _NOUN_ _ADP_,125383189
an_DET _NOUN_ _ADP_,125383119
not _VERB_ _ADP_,125223524
not_ADV _VERB_ _ADP_,125223234
and _VERB_ _PRT_,123918891
and_CONJ _VERB_ _PRT_,123918891
what _PRON_ _VERB_,120884826
what_PRON _PRON_ _VERB_,120831008
her _NOUN_ .,117764210
her _NOUN_ ._.,117764210
her_PRON _NOUN_ .,117764210
her_PRON _NOUN_ ._.,117764210
not _VERB_ _PRT_,117175562
not_ADV _VERB_ _PRT_,117175535
is_VERB _ADV_ _VERB_,116941265
is _ADV_ _VERB_,116941265
a _ADJ_ _ADJ_,116734363
a_DET _ADJ_ _ADJ_,116734332
or _NOUN_ _._,116259552
or_CONJ _NOUN_ _._,116259552
be _VERB_ _._,115446664
be_VERB _VERB_ _._,115434378
this _NOUN_ _VERB_,115104582
this_DET _NOUN_ _VERB_,115104575
was_VERB _ADV_ _VERB_,114974466
was _ADV_ _VERB_,114974466
to _NOUN_ _NOUN_,114908301
to_PRT _NOUN_ _NOUN_,114907946
your _NOUN_ _._,114804135
your_PRON _NOUN_ _._,114803573
In _DET_ _NOUN_,111972543
In_ADP _DET_ _NOUN_,111626647
his _NOUN_ _VERB_,111134377
his_PRON _NOUN_ _VERB_,111134377
to _PRON_ _._,111103384
to_PRT _PRON_ _._,111103384
and _VERB_ _VERB_,110472789
and_CONJ _VERB_ _VERB_,110472789
can _VERB_ _VERB_,110451952
can_VERB _VERB_ _VERB_,110438273
it . _END_,108580322
it ._. _END_,108573746
it_PRON ._. _END_,108573746
it_PRON . _END_,108573746
in _NOUN_ _PRT_,108024720
in_ADP _NOUN_ _PRT_,107953930
and_CONJ _ADP_ _DET_,107553967
and _ADP_ _DET_,107553967
of _NOUN_ in,107060010
of_ADP _NOUN_ in,107060009
of _NOUN_ in_ADP,107031642
of_ADP _NOUN_ in_ADP,107031641
for _NOUN_ _NOUN_,106673437
for_ADP _NOUN_ _NOUN_,106672576
on _PRON_ _NOUN_,105301609
you _VERB_ _ADV_,104763836
you_PRON _VERB_ _ADV_,104763824
on_ADP _PRON_ _NOUN_,104721052
had _ADV_ _VERB_,104547295
had_VERB _ADV_ _VERB_,104547295
et _NOUN_ _._,104354171
that_ADP _NOUN_ _VERB_,103486805
was _DET_ _ADJ_,103250653
was_VERB _DET_ _ADJ_,103250653
in _NOUN_ of,103199802
in _NOUN_ of_ADP,103199798
in_ADP _NOUN_ of,103048323
in_ADP _NOUN_ of_ADP,103048319
can_VERB be_VERB _VERB_,102845094
can be_VERB _VERB_,102845094
can be _VERB_,102845094
can_VERB be _VERB_,102845094
the _ADJ_ -,102790312
the _ADJ_ -_.,102790312
the_DET _ADJ_ -_.,102790312
the_DET _ADJ_ -,102790312
their _ADJ_ _NOUN_,102418921
their_PRON _ADJ_ _NOUN_,102418921
she _VERB_ _ADV_,102406884
she_PRON _VERB_ _ADV_,102406657
been_VERB _VERB_ _ADP_,102010354
been _VERB_ _ADP_,102010354
It _VERB_ _ADV_,101897201
It_PRON _VERB_ _ADV_,101897201
et al _._,101693081
et al_NOUN _._,101693081
a _NOUN_ _CONJ_,101610181
a_DET _NOUN_ _CONJ_,101610160
a _ADV_ _ADJ_,101495780
a_DET _ADV_ _ADJ_,101488577
as _DET_ _ADJ_,101362829
as_ADP _DET_ _ADJ_,101362823
the _NOUN_ -_.,101263687
the _NOUN_ -,101263687
the_DET _NOUN_ -,101263687
the_DET _NOUN_ -_.,101263687
was_VERB _ADV_ _ADJ_,101098975
was _ADV_ _ADJ_,101098975
into the _NOUN_,100769224
into the_DET _NOUN_,100769224
into_ADP the _NOUN_,100769224
into_ADP the_DET _NOUN_,100769224
I _VERB_ to,100686724
I _VERB_ to_PRT,100677579
I_PRON _VERB_ to,100676097
I_PRON _VERB_ to_PRT,100666952
[ _NUM_ _X_,100515688
"this _NOUN_ ,_.",100468565
"this _NOUN_ ,",100468565
"this_DET _NOUN_ ,",100468559
"this_DET _NOUN_ ,_.",100468559
not _VERB_ to,100462575
not_ADV _VERB_ to,100462556
not _VERB_ to_PRT,100459994
not_ADV _VERB_ to_PRT,100459975
[ _NUM_ ],100455922
[ _NUM_ ]_X,100455922
and_CONJ the _ADJ_,99945681
and the_DET _ADJ_,99945681
and_CONJ the_DET _ADJ_,99945681
and the _ADJ_,99945681
a _NOUN_ to,99894448
a_DET _NOUN_ to,99894442
a _NOUN_ to_PRT,99894153
a_DET _NOUN_ to_PRT,99894147
the _NOUN_ for,99647113
the_DET _NOUN_ for,99647113
the_DET _NOUN_ for_ADP,99647063
the _NOUN_ for_ADP,99647063
"to _VERB_ ,",99616434
"to _VERB_ ,_.",99616434
"to_PRT _VERB_ ,_.",99616275
"to_PRT _VERB_ ,",99616275
of a _ADJ_,98573847
of a_DET _ADJ_,98573847
of_ADP a_DET _ADJ_,98573847
of_ADP a _ADJ_,98573847
was _VERB_ _PRT_,98133835
was_VERB _VERB_ _PRT_,98132943
in a _ADJ_,98023398
in a_DET _ADJ_,98023398
as the_DET _NOUN_,97970451
as_ADP the _NOUN_,97970451
as the _NOUN_,97970451
as_ADP the_DET _NOUN_,97970451
in_ADP a_DET _ADJ_,97960094
in_ADP a _ADJ_,97960094
et _NOUN_ ._.,97815992
et _NOUN_ .,97815992
the same_ADJ _NOUN_,97731148
the_DET same_ADJ _NOUN_,97731148
the_DET same _NOUN_,97731148
the same _NOUN_,97731148
could_VERB _ADV_ _VERB_,97373368
could _ADV_ _VERB_,97373368
the _NOUN_ that_ADP,97363443
the_DET _NOUN_ that_ADP,97363443
he_PRON _VERB_ _DET_,96902856
he _VERB_ _DET_,96902856
it _VERB_ _ADJ_,96792571
it_PRON _VERB_ _ADJ_,96792571
al _._ _END_,96677297
al_NOUN _._ _END_,96677297
al . _END_,96630473
al_NOUN ._. _END_,96629719
al_NOUN . _END_,96629719
al ._. _END_,96629719
the_DET _NOUN_ was,96553197
the _NOUN_ was_VERB,96553197
the _NOUN_ was,96553197
the_DET _NOUN_ was_VERB,96553197
et al .,96324947
et al_NOUN .,96324199
et al_NOUN ._.,96324199
et al ._.,96324199
he_PRON _VERB_ _ADP_,95554003
he _VERB_ _ADP_,95554003
that _VERB_ _ADV_,95337414
by _NOUN_ _NOUN_,95092871
by_ADP _NOUN_ _NOUN_,95092464
there _VERB_ _DET_,95013648
is_VERB the_DET _NOUN_,94874091
is the _NOUN_,94874091
is the_DET _NOUN_,94874091
is_VERB the _NOUN_,94874091
he_PRON _VERB_ _PRON_,94675910
he _VERB_ _PRON_,94675910
the _ADV_ _ADJ_,94606820
the_DET _ADV_ _ADJ_,94604268
him _._ _END_,94494778
him_PRON _._ _END_,94494778
they_PRON _VERB_ _ADV_,94178153
they _VERB_ _ADV_,94178153
and _VERB_ _._,94082145
and_CONJ _VERB_ _._,94082145
that _NOUN_ _._,93954999
or _ADJ_ _NOUN_,93881096
or_CONJ _ADJ_ _NOUN_,93881096
were _VERB_ _ADP_,93870703
were_VERB _VERB_ _ADP_,93869371
that_DET _VERB_ _ADV_,93743554
it _VERB_ _DET_,93701793
it_PRON _VERB_ _DET_,93701793
is _ADJ_ _ADP_,93049981
is_VERB _ADJ_ _ADP_,93049981
that _VERB_ _DET_,93031103
there_DET _VERB_ _DET_,92994832
is_VERB _ADJ_ _._,91473039
is _ADJ_ _._,91473039
a_DET _ADJ_ -,91026178
a _ADJ_ -,91026178
a _ADJ_ -_.,91026178
a_DET _ADJ_ -_.,91026178
to _NOUN_ _ADP_,90666723
to_PRT _NOUN_ _ADP_,90666294
other _NOUN_ _._,90488735
other_ADJ _NOUN_ _._,90488717
on the _ADJ_,90447449
on the_DET _ADJ_,90447449
on_ADP the _ADJ_,90418836
on_ADP the_DET _ADJ_,90418836
who_PRON _VERB_ _VERB_,89947109
who _VERB_ _VERB_,89947109
not _VERB_ _._,89205907
not_ADV _VERB_ _._,89205896
the_DET _NUM_ _NOUN_,89089577
the _NUM_ _NOUN_,89089577
in _NOUN_ _CONJ_,88801959
not _VERB_ _VERB_,88744088
not_ADV _VERB_ _VERB_,88743802
in_ADP _NOUN_ _CONJ_,88680364
"for _NOUN_ ,_.",88473138
"for _NOUN_ ,",88473138
"for_ADP _NOUN_ ,_.",88472805
"for_ADP _NOUN_ ,",88472805
that_DET _VERB_ _DET_,88177046
from_ADP _DET_ _ADJ_,87995155
from _DET_ _ADJ_,87995155
"to _NOUN_ ,",87898631
"to _NOUN_ ,_.",87898631
"to_PRT _NOUN_ ,",87898353
"to_PRT _NOUN_ ,_.",87898353
would _ADV_ _VERB_,87683380
would_VERB _ADV_ _VERB_,87683380
as _ADV_ _ADP_,87517105
as _ADV_ as,87394914
by _NOUN_ _._,87197999
by_ADP _NOUN_ _._,87197116
of_ADP his_PRON _NOUN_,87091743
of_ADP his _NOUN_,87091743
of his _NOUN_,87091743
of his_PRON _NOUN_,87091743
as_ADV _ADV_ as,87072193
as_ADV _ADV_ _ADP_,86903684
to _NOUN_ ._.,86029741
to _NOUN_ .,86029741
to_PRT _NOUN_ .,86029205
to_PRT _NOUN_ ._.,86029205
him . _END_,85970342
him ._. _END_,85968000
him_PRON ._. _END_,85968000
him_PRON . _END_,85968000
she _VERB_ _._,85785973
she_PRON _VERB_ _._,85785291
on _NOUN_ _._,84873897
with_ADP _PRON_ _NOUN_,84750753
with _PRON_ _NOUN_,84750753
and I_PRON _VERB_,84686333
and I _VERB_,84686333
and_CONJ I_PRON _VERB_,84686333
and_CONJ I _VERB_,84686333
on_ADP _NOUN_ _._,84221565
her _NOUN_ _ADP_,84116263
her_PRON _NOUN_ _ADP_,84116263
as _ADV_ as_ADP,84026947
with a _NOUN_,83974734
with_ADP a _NOUN_,83974734
with a_DET _NOUN_,83974734
with_ADP a_DET _NOUN_,83974734
as_ADV _ADV_ as_ADP,83726462
my _NOUN_ ._.,83558698
my _NOUN_ .,83558698
my_PRON _NOUN_ ._.,83558694
my_PRON _NOUN_ .,83558694
their_PRON _NOUN_ _ADP_,83461592
their _NOUN_ _ADP_,83461592
that_DET _NOUN_ _._,83093702
that _ADJ_ _NOUN_,82890851
of _VERB_ _NOUN_,82715702
of_ADP _VERB_ _NOUN_,82702742
A _ADJ_ _NOUN_,82561004
not_ADV _ADV_ _VERB_,82480450
not _ADV_ _VERB_,82480450
be _VERB_ _PRT_,82441737
be_VERB _VERB_ _PRT_,82428792
et_NOUN _NOUN_ _._,82360053
can_VERB not _VERB_,82224117
can_VERB not_ADV _VERB_,82224117
can not _VERB_,82224117
can not_ADV _VERB_,82224117
at _DET_ _ADJ_,82175972
at_ADP _DET_ _ADJ_,82175972
have _DET_ _NOUN_,82135580
have_VERB _DET_ _NOUN_,82135580
an _NOUN_ _._,81977373
an_DET _NOUN_ _._,81977216
to _VERB_ to,81852378
to_PRT _VERB_ to,81851976
to _VERB_ to_PRT,81842103
to_PRT _VERB_ to_PRT,81841701
et_NOUN al _._,81733516
et_NOUN al_NOUN _._,81733516
for _NOUN_ _ADP_,81260615
for_ADP _NOUN_ _ADP_,81260097
out _ADP_ _DET_,81146794
by _DET_ _ADJ_,81136761
by_ADP _DET_ _ADJ_,81136498
He_PRON _VERB_ _ADV_,80927739
He _VERB_ _ADV_,80927739
is a_DET _NOUN_,80681862
is_VERB a_DET _NOUN_,80681862
is_VERB a _NOUN_,80681862
is a _NOUN_,80681862
of _PRON_ _ADJ_,80477442
of_ADP _PRON_ _ADJ_,80477442
was _VERB_ _._,80302967
was_VERB _VERB_ _._,80302466
of_ADP _PRON_ _._,80215082
of _PRON_ _._,80215082
a _NOUN_ in,79747992
a_DET _NOUN_ in,79747975
a _NOUN_ in_ADP,79717355
a_DET _NOUN_ in_ADP,79717338
are _ADV_ _VERB_,79320997
are_VERB _ADV_ _VERB_,79320997
you _VERB_ _._,79318854
you_PRON _VERB_ _._,79318820
which_DET _VERB_ _VERB_,79270218
which _VERB_ _VERB_,79270218
at _NOUN_ _._,79097608
at_ADP _NOUN_ _._,79095129
this _NOUN_ _ADP_,79046758
this_DET _NOUN_ _ADP_,79046754
for the _ADJ_,78881796
for the_DET _ADJ_,78881796
for_ADP the_DET _ADJ_,78881796
for_ADP the _ADJ_,78881796
A_DET _ADJ_ _NOUN_,78725168
for a _NOUN_,78688328
for_ADP a _NOUN_,78688328
for a_DET _NOUN_,78688328
for_ADP a_DET _NOUN_,78688328
was _VERB_ to,78643479
was _VERB_ to_PRT,78643436
was_VERB _VERB_ to,78643051
was_VERB _VERB_ to_PRT,78643008
I _ADV_ _VERB_,78563023
I_PRON _ADV_ _VERB_,78561535
et_NOUN _NOUN_ ._.,78349967
et_NOUN _NOUN_ .,78349967
et_NOUN al_NOUN .,78193199
et_NOUN al ._.,78193199
et_NOUN al .,78193199
et_NOUN al_NOUN ._.,78193199
one _ADP_ _DET_,78067156
is _VERB_ _PRT_,77853033
is_VERB _VERB_ _PRT_,77852958
"her_PRON _NOUN_ ,",77031089
"her _NOUN_ ,",77031089
"her _NOUN_ ,_.",77031089
"her_PRON _NOUN_ ,_.",77031089
all _DET_ _NOUN_,76980509
all_DET _DET_ _NOUN_,76980303
to _VERB_ _CONJ_,76958969
to_PRT _VERB_ _CONJ_,76958895
with _NOUN_ _NOUN_,76936609
with_ADP _NOUN_ _NOUN_,76936571
one_NUM _ADP_ _DET_,76589253
This _NOUN_ _VERB_,76379616
I _VERB_ _ADJ_,75626981
I_PRON _VERB_ _ADJ_,75610432
of _DET_ _VERB_,75560922
of_ADP _DET_ _VERB_,75560888
in _NOUN_ _VERB_,75470599
are_VERB _ADV_ _ADJ_,75444182
are _ADV_ _ADJ_,75444182
is a _ADJ_,75431648
is_VERB a _ADJ_,75431648
is_VERB a_DET _ADJ_,75431648
is a_DET _ADJ_,75431648
and_CONJ _VERB_ to,75419237
and _VERB_ to,75419237
and_CONJ _VERB_ to_PRT,75417067
and _VERB_ to_PRT,75417067
in_ADP _NOUN_ _VERB_,75358219
said _._ _END_,75276842
said_VERB _._ _END_,75276842
about _DET_ _NOUN_,75244543
in _NOUN_ and,75132961
in _NOUN_ and_CONJ,75132958
about_ADP _DET_ _NOUN_,75127826
not _VERB_ _ADV_,75060998
not_ADV _VERB_ _ADV_,75060900
and_CONJ _VERB_ _ADJ_,75042197
and _VERB_ _ADJ_,75042197
in_ADP _NOUN_ and,75038412
in_ADP _NOUN_ and_CONJ,75038409
This_DET _NOUN_ _VERB_,74823520
to _VERB_ that,74807771
to_PRT _VERB_ that,74807637
of_ADP this_DET _NOUN_,74425290
of_ADP this _NOUN_,74425290
of this_DET _NOUN_,74425290
of this _NOUN_,74425290
will _ADV_ _VERB_,74232303
will_VERB _ADV_ _VERB_,74173287
said . _END_,74100004
said_VERB . _END_,74098678
said_VERB ._. _END_,74098678
said ._. _END_,74098678
he _VERB_ _PRT_,74000986
he_PRON _VERB_ _PRT_,74000986
her _ADJ_ _NOUN_,73749333
her_PRON _ADJ_ _NOUN_,73749333
that he _VERB_,73691051
that he_PRON _VERB_,73691051
that_ADP he _VERB_,73673394
that_ADP he_PRON _VERB_,73673394
He_PRON _VERB_ _VERB_,73635236
He _VERB_ _VERB_,73635236
in _NOUN_ to,73254890
in _NOUN_ to_PRT,73254635
on _NOUN_ _NOUN_,73208993
in_ADP _NOUN_ to,73202281
in_ADP _NOUN_ to_PRT,73202026
on_ADP _NOUN_ _NOUN_,72955006
you _VERB_ _PRON_,72927105
you_PRON _VERB_ _PRON_,72927076
is _VERB_ _._,72910945
is_VERB _VERB_ _._,72910632
we _VERB_ _ADV_,72824398
we_PRON _VERB_ _ADV_,72823574
a _NOUN_ _ADV_,72641439
a_DET _NOUN_ _ADV_,72641432
their _NOUN_ .,72551846
their _NOUN_ ._.,72551846
their_PRON _NOUN_ .,72551846
their_PRON _NOUN_ ._.,72551846
through _DET_ _NOUN_,72366068
through_ADP _DET_ _NOUN_,72364300
that _DET_ _ADJ_,71740569
that_ADP _DET_ _ADJ_,71717003
you _VERB_ _DET_,71701023
you_PRON _VERB_ _DET_,71701008
which_DET _PRON_ _VERB_,71518130
which _PRON_ _VERB_,71518130
is _ADJ_ _PRT_,71422720
is_VERB _ADJ_ _PRT_,71422720
is _ADJ_ to,71330878
is_VERB _ADJ_ to,71330878
is _ADJ_ to_PRT,71328533
is_VERB _ADJ_ to_PRT,71328533
does_VERB _ADV_ _VERB_,71303625
does _ADV_ _VERB_,71303625
of_ADP _ADJ_ _._,71258442
of _ADJ_ _._,71258442
If _PRON_ _VERB_,71222161
If_ADP _PRON_ _VERB_,71222151
because _PRON_ _VERB_,71061192
because_ADP _PRON_ _VERB_,71061162
her_PRON _._ _END_,70988416
her _._ _END_,70988416
the _NOUN_ that_DET,70976010
the_DET _NOUN_ that_DET,70976010
a _NOUN_ _DET_,70791107
a_DET _NOUN_ _DET_,70791084
It _VERB_ _DET_,70778783
It_PRON _VERB_ _DET_,70778783
on _ADJ_ _NOUN_,70767506
does not_ADV _VERB_,70613429
does not _VERB_,70613429
does_VERB not _VERB_,70613429
does_VERB not_ADV _VERB_,70613429
me _._ _END_,70490203
on_ADP _ADJ_ _NOUN_,70487856
me_PRON _._ _END_,70477010
her_PRON _NOUN_ _VERB_,70438234
her _NOUN_ _VERB_,70438234
was _ADJ_ _._,70402175
was_VERB _ADJ_ _._,70402175
this _NOUN_ .,70199485
this _NOUN_ ._.,70199485
this_DET _NOUN_ .,70199484
this_DET _NOUN_ ._.,70199484
in this_DET _NOUN_,70183882
in this _NOUN_,70183882
in_ADP this _NOUN_,70178400
in_ADP this_DET _NOUN_,70178400
for_ADP _PRON_ _NOUN_,70057025
for _PRON_ _NOUN_,70057025
had _VERB_ _ADP_,69983960
had_VERB _VERB_ _ADP_,69983960
for _PRON_ _._,69716377
for_ADP _PRON_ _._,69716377
with_ADP a_DET _ADJ_,69639197
with_ADP a _ADJ_,69639197
with a_DET _ADJ_,69639197
with a _ADJ_,69639197
in _NUM_ _._,69510736
in_ADP _NUM_ _._,69509707
in _NOUN_ _NUM_,69392915
in_ADP _NOUN_ _NUM_,69380708
to _VERB_ in,68906049
to_PRT _VERB_ in,68905907
from _NOUN_ _._,68780741
from_ADP _NOUN_ _._,68780738
had_VERB _VERB_ _DET_,68546529
had _VERB_ _DET_,68546529
them _._ _END_,68327464
them_PRON _._ _END_,68327464
be _VERB_ to,68157166
be _VERB_ to_PRT,68157069
be_VERB _VERB_ to,68145699
be_VERB _VERB_ to_PRT,68145602
"my _NOUN_ ,",68133283
"my _NOUN_ ,_.",68133283
"my_PRON _NOUN_ ,",68133282
"my_PRON _NOUN_ ,_.",68133282
is _VERB_ to,68090678
is_VERB _VERB_ to,68090611
is _VERB_ to_PRT,68090441
is_VERB _VERB_ to_PRT,68090374
It_PRON _VERB_ _VERB_,68009904
It _VERB_ _VERB_,68009904
his _NOUN_ _CONJ_,67998868
his_PRON _NOUN_ _CONJ_,67998868
had _VERB_ _VERB_,67889786
had_VERB _VERB_ _VERB_,67889786
to a_DET _NOUN_,67885835
to a _NOUN_,67885835
to_PRT a _NOUN_,67885835
to_PRT a_DET _NOUN_,67885835
its _ADJ_ _NOUN_,67765306
its_PRON _ADJ_ _NOUN_,67765306
it _VERB_ _ADP_,67647275
it_PRON _VERB_ _ADP_,67647275
its _NOUN_ _._,67643240
its_PRON _NOUN_ _._,67643240
would _VERB_ _VERB_,67513853
would_VERB _VERB_ _VERB_,67513853
have _VERB_ _VERB_,67196234
have_VERB _VERB_ _VERB_,67194318
for _NOUN_ .,66596694
for _NOUN_ ._.,66596694
for_ADP _NOUN_ ._.,66596397
for_ADP _NOUN_ .,66596397
in his_PRON _NOUN_,66583859
in his _NOUN_,66583859
in_ADP his_PRON _NOUN_,66551981
in_ADP his _NOUN_,66551981
of _NUM_ _NOUN_,66440374
of_ADP _NUM_ _NOUN_,66440374
could_VERB not _VERB_,66410484
could not_ADV _VERB_,66410484
could_VERB not_ADV _VERB_,66410484
could not _VERB_,66410484
is_VERB _ADV_ _DET_,66124194
is _ADV_ _DET_,66124194
a _NOUN_ that,65957223
a_DET _NOUN_ that,65957220
not _VERB_ _NOUN_,65940977
not_ADV _VERB_ _NOUN_,65940939
and_CONJ _NOUN_ in,65929535
and _NOUN_ in,65929535
with_ADP the_DET _ADJ_,65913900
with_ADP the _ADJ_,65913900
with the _ADJ_,65913900
with the_DET _ADJ_,65913900
and _NOUN_ in_ADP,65911121
and_CONJ _NOUN_ in_ADP,65911121
that _VERB_ _ADP_,65906228
of_ADP _PRON_ _VERB_,65857927
of _PRON_ _VERB_,65857927
by _ADJ_ _NOUN_,65621490
by_ADP _ADJ_ _NOUN_,65620440
had_VERB _DET_ _NOUN_,65406451
had _DET_ _NOUN_,65406451
the_DET first _NOUN_,65368366
the_DET first_ADJ _NOUN_,65368366
the first _NOUN_,65368366
the first_ADJ _NOUN_,65368366
her . _END_,65315829
her ._. _END_,65314080
her_PRON ._. _END_,65314080
her_PRON . _END_,65314080
and_CONJ _NOUN_ _PRT_,65274463
and _NOUN_ _PRT_,65274463
You _VERB_ _VERB_,65209564
one of_ADP _DET_,65199140
one of _DET_,65199140
You_PRON _VERB_ _VERB_,65194806
one_NUM of_ADP _DET_,65179557
one_NUM of _DET_,65179557
as _NOUN_ _._,65172181
as_ADP _NOUN_ _._,65166455
The _NOUN_ _._,64923656
have _PRT_ _VERB_,64859926
have_VERB _PRT_ _VERB_,64859886
have_VERB to _VERB_,64801474
have_VERB to_PRT _VERB_,64801474
have to_PRT _VERB_,64801474
have to _VERB_,64801474
and _ADP_ the,64796642
and_CONJ _ADP_ the,64796642
and _ADP_ the_DET,64796605
and_CONJ _ADP_ the_DET,64796605
be _DET_ _NOUN_,64582290
be_VERB _DET_ _NOUN_,64582252
our _NOUN_ _._,64580144
our_PRON _NOUN_ _._,64580141
I_PRON do_VERB _ADV_,64546765
I do _ADV_,64546765
I do_VERB _ADV_,64546765
I_PRON do _ADV_,64546765
I _VERB_ _NOUN_,64458143
want _PRT_ _VERB_,64444818
I_PRON _VERB_ _NOUN_,64443261
want to _VERB_,64430953
want to_PRT _VERB_,64430953
want_VERB _PRT_ _VERB_,64353737
want_VERB to _VERB_,64339959
want_VERB to_PRT _VERB_,64339959
be _ADJ_ _._,64321956
be_VERB _ADJ_ _._,64309234
may _VERB_ _VERB_,63753055
may_VERB _VERB_ _VERB_,63752853
I do not,63663473
I_PRON do_VERB not_ADV,63661901
I_PRON do not,63661901
I_PRON do not_ADV,63661901
I_PRON do_VERB not,63661901
I do_VERB not_ADV,63661901
I do_VERB not,63661901
I do not_ADV,63661901
his _NOUN_ and,63497517
his_PRON _NOUN_ and,63497517
his _NOUN_ and_CONJ,63497516
his_PRON _NOUN_ and_CONJ,63497516
to _VERB_ in_ADP,63479667
to_PRT _VERB_ in_ADP,63479527
He_PRON _VERB_ _PRON_,63431867
He _VERB_ _PRON_,63431867
of_ADP _NOUN_ 's,63416304
of _NOUN_ 's,63416304
to _VERB_ it_PRON,63369632
to _VERB_ it,63369632
to_PRT _VERB_ it_PRON,63369586
to_PRT _VERB_ it,63369586
most _ADJ_ _NOUN_,63365749
of_ADP _NOUN_ 's_PRT,63183475
of _NOUN_ 's_PRT,63183475
with _PRON_ _._,63175197
with_ADP _PRON_ _._,63175197
a _VERB_ _NOUN_,63159396
of _ADJ_ _ADJ_,63144643
of_ADP _ADJ_ _ADJ_,63144642
a_DET _VERB_ _NOUN_,63122566
He_PRON _VERB_ _DET_,63067451
He _VERB_ _DET_,63067451
have _VERB_ _DET_,63023086
have_VERB _VERB_ _DET_,63021205
with _NOUN_ _ADP_,62905851
with_ADP _NOUN_ _ADP_,62905838
a _NOUN_ and,62889640
a_DET _NOUN_ and,62889626
a _NOUN_ and_CONJ,62889623
a_DET _NOUN_ and_CONJ,62889609
all_DET the _NOUN_,62574982
all the _NOUN_,62574982
all the_DET _NOUN_,62574982
all_DET the_DET _NOUN_,62574982
? ' _END_,62555157
?_. '_. _END_,62554518
?_. ' _END_,62554518
? '_. _END_,62554518
it_PRON _VERB_ not,62482772
it _VERB_ not,62482772
it_PRON _VERB_ not_ADV,62482770
it _VERB_ not_ADV,62482770
is _ADV_ _ADV_,62278493
is_VERB _ADV_ _ADV_,62278493
to_PRT be _ADJ_,62082202
to_PRT be_VERB _ADJ_,62082202
to be_VERB _ADJ_,62082202
to be _ADJ_,62082202
I _VERB_ .,61973263
I _VERB_ ._.,61973263
I_PRON _VERB_ .,61969375
I_PRON _VERB_ ._.,61969375
had _VERB_ _PRON_,61954030
had_VERB _VERB_ _PRON_,61954030
them . _END_,61764593
them_PRON ._. _END_,61761569
them_PRON . _END_,61761569
them ._. _END_,61761569
have been _VERB_,61758548
have_VERB been_VERB _VERB_,61758548
have_VERB been _VERB_,61758548
have been_VERB _VERB_,61758548
The_DET _NOUN_ _._,61757491
one _ADP_ the,61576622
one _ADP_ the_DET,61576611
that_DET _VERB_ _ADP_,61550851
going _PRT_ _VERB_,61406353
going_VERB _PRT_ _VERB_,61406290
can _VERB_ _DET_,61398078
the _NOUN_ on,61392104
the_DET _NOUN_ on,61392104
can_VERB _VERB_ _DET_,61389792
going to _VERB_,61330895
going to_PRT _VERB_,61330895
going_VERB to_PRT _VERB_,61330832
going_VERB to _VERB_,61330832
was a_DET _NOUN_,61298128
was_VERB a _NOUN_,61298128
was a _NOUN_,61298128
was_VERB a_DET _NOUN_,61298128
the_DET _NOUN_ on_ADP,61088806
the _NOUN_ on_ADP,61088806
"I _VERB_ ,_.",60899922
"I _VERB_ ,",60899922
"I_PRON _VERB_ ,",60890219
"I_PRON _VERB_ ,_.",60890219
New _NOUN_ _._,60881791
one_NUM _ADP_ the,60686866
one_NUM _ADP_ the_DET,60686855
In _NOUN_ _._,60655844
most_ADV _ADJ_ _NOUN_,60641328
this _ADJ_ _NOUN_,60594902
this_DET _ADJ_ _NOUN_,60594902
had been _VERB_,60550007
had_VERB been _VERB_,60550007
had_VERB been_VERB _VERB_,60550007
had been_VERB _VERB_,60550007
and _DET_ _VERB_,60434553
and_CONJ _DET_ _VERB_,60434541
he _VERB_ not_ADV,60428208
he_PRON _VERB_ not,60428208
he_PRON _VERB_ not_ADV,60428208
he _VERB_ not,60428208
out _ADP_ the,60417796
out _ADP_ the_DET,60417785
of _NOUN_ _DET_,60383690
of_ADP _NOUN_ _DET_,60383680
you _VERB_ _PRT_,60363596
you_PRON _VERB_ _PRT_,60363594
the_DET _NOUN_ with,60320883
the _NOUN_ with,60320883
the_DET _NOUN_ with_ADP,60320518
the _NOUN_ with_ADP,60320518
me . _END_,60184731
me ._. _END_,60182306
me_PRON . _END_,60171779
me_PRON ._. _END_,60171779
New_NOUN _NOUN_ _._,60048343
to _VERB_ with,59718831
to_PRT _VERB_ with,59718801
to _VERB_ with_ADP,59631192
to_PRT _VERB_ with_ADP,59631162
In_ADP _NOUN_ _._,59615570
and_CONJ _NOUN_ (_.,59526724
and _NOUN_ (,59526724
and _NOUN_ (_.,59526724
and_CONJ _NOUN_ (,59526724
these _NOUN_ _VERB_,59169669
these_DET _NOUN_ _VERB_,59169669
where _PRON_ _VERB_,59156607
where_ADV _PRON_ _VERB_,59156607
to _VERB_ and,59148466
to_PRT _VERB_ and,59148413
to _VERB_ and_CONJ,59144966
to_PRT _VERB_ and_CONJ,59144913
A _NOUN_ _ADP_,59100382
we _VERB_ _DET_,59085665
we_PRON _VERB_ _DET_,59085342
the_DET _NOUN_ (,59069674
the_DET _NOUN_ (_.,59069674
the _NOUN_ (,59069674
the _NOUN_ (_.,59069674
was _ADV_ _ADV_,59038855
was_VERB _ADV_ _ADV_,59038855
my _NOUN_ _ADP_,58796239
my_PRON _NOUN_ _ADP_,58796191
that it _VERB_,58789656
that_ADP it _VERB_,58789656
that_ADP it_PRON _VERB_,58789656
that it_PRON _VERB_,58789656
she _VERB_ _PRON_,58726438
she_PRON _VERB_ _PRON_,58726268
no _NOUN_ _ADP_,58677390
no_DET _NOUN_ _ADP_,58642891
need _PRT_ _VERB_,58310337
need to _VERB_,58292243
need to_PRT _VERB_,58292242
an _NOUN_ of_ADP,58157308
an _NOUN_ of,58157308
an_DET _NOUN_ of,58157280
an_DET _NOUN_ of_ADP,58157280
my _NOUN_ _VERB_,58051943
my_PRON _NOUN_ _VERB_,58051935
he_PRON _VERB_ .,57815442
he _VERB_ ._.,57815442
he _VERB_ .,57815442
he_PRON _VERB_ ._.,57815442
I _VERB_ the,57789943
I _VERB_ the_DET,57785028
I_PRON _VERB_ the,57769677
I_PRON _VERB_ the_DET,57764762
not _VERB_ the,57752149
not_ADV _VERB_ the,57752088
not _VERB_ the_DET,57751649
not_ADV _VERB_ the_DET,57751588
has_VERB _VERB_ _VERB_,57661360
has _VERB_ _VERB_,57661360
and _ADV_ _ADJ_,57572703
and_CONJ _ADV_ _ADJ_,57572703
from the_DET _ADJ_,57552244
from_ADP the_DET _ADJ_,57552244
from the _ADJ_,57552244
from_ADP the _ADJ_,57552244
that _VERB_ _ADJ_,57448487
But _PRON_ _VERB_,57360052
But_CONJ _PRON_ _VERB_,57256191
"he _VERB_ ,_.",57113543
"he_PRON _VERB_ ,_.",57113543
"he_PRON _VERB_ ,",57113543
"he _VERB_ ,",57113543
It _VERB_ _ADJ_,57071036
It_PRON _VERB_ _ADJ_,57071036
like _DET_ _NOUN_,57044387
and_CONJ a_DET _NOUN_,56917503
and a_DET _NOUN_,56917503
and_CONJ a _NOUN_,56917503
and a _NOUN_,56917503
a _NOUN_ for,56914242
a _NOUN_ for_ADP,56914210
a_DET _NOUN_ for,56914199
a_DET _NOUN_ for_ADP,56914167
through the _NOUN_,56903514
through the_DET _NOUN_,56903514
through_ADP the _NOUN_,56902366
through_ADP the_DET _NOUN_,56902366
be _VERB_ ._.,56879671
be _VERB_ .,56879671
be_VERB _VERB_ .,56876767
be_VERB _VERB_ ._.,56876767
She _VERB_ _ADV_,56745376
She_PRON _VERB_ _ADV_,56745373
be _ADJ_ _PRT_,56508529
be_VERB _ADJ_ _PRT_,56506961
that I _VERB_,56485495
that I_PRON _VERB_,56485211
that_ADP I _VERB_,56476032
that_ADP I_PRON _VERB_,56476032
of_ADP _NOUN_ (,56450078
of_ADP _NOUN_ (_.,56450078
of _NOUN_ (,56450078
of _NOUN_ (_.,56450078
over _DET_ _NOUN_,56426213
about the _NOUN_,56283626
about the_DET _NOUN_,56283626
you _VERB_ _ADP_,56278156
you_PRON _VERB_ _ADP_,56278032
about_ADP the_DET _NOUN_,56247481
about_ADP the _NOUN_,56247481
or_CONJ _NOUN_ _ADP_,56240235
or _NOUN_ _ADP_,56240235
be _ADJ_ to,56211530
be_VERB _ADJ_ to,56210054
be _ADJ_ to_PRT,56209355
be_VERB _ADJ_ to_PRT,56207891
the_DET _NOUN_ ',55989367
the _NOUN_ ',55989366
the _NOUN_ _ADJ_,55978507
the_DET _NOUN_ _ADJ_,55978507
more _ADJ_ _NOUN_,55839379
should_VERB _VERB_ _VERB_,55835124
should _VERB_ _VERB_,55835124
that_DET _NOUN_ _VERB_,55651155
his _NOUN_ _PRT_,55571756
his_PRON _NOUN_ _PRT_,55571756
that_DET _VERB_ _ADJ_,55564898
like_ADP _DET_ _NOUN_,55474885
from _PRON_ _NOUN_,55414114
from_ADP _PRON_ _NOUN_,55414114
"In _NOUN_ ,_.",55344275
"In _NOUN_ ,",55344275
to _VERB_ her,55280770
to _VERB_ her_PRON,55280770
to_PRT _VERB_ her_PRON,55280721
to_PRT _VERB_ her,55280721
has_VERB been _VERB_,55193014
has_VERB been_VERB _VERB_,55193014
has been_VERB _VERB_,55193014
has been _VERB_,55193014
as _ADJ_ _NOUN_,55155463
one of the,54937410
one of_ADP the,54933857
one of the_DET,54933857
one of_ADP the_DET,54933857
one_NUM of the_DET,54920212
one_NUM of_ADP the,54920212
one_NUM of_ADP the_DET,54920212
one_NUM of the,54920212
that _VERB_ _NOUN_,54887552
was a_DET _ADJ_,54793213
was a _ADJ_,54793213
was_VERB a_DET _ADJ_,54793213
was_VERB a _ADJ_,54793213
he _VERB_ to,54721379
he_PRON _VERB_ to,54721379
he _VERB_ to_PRT,54718074
he_PRON _VERB_ to_PRT,54718074
"In_ADP _NOUN_ ,_.",54706051
"In_ADP _NOUN_ ,",54706051
at the_DET _ADJ_,54610198
at the _ADJ_,54610198
at_ADP the_DET _ADJ_,54610198
at_ADP the _ADJ_,54610198
be _VERB_ in,54560064
be_VERB _VERB_ in,54557560
of _NOUN_ to,54468451
of_ADP _NOUN_ to,54468451
of_ADP _NOUN_ to_PRT,54467915
of _NOUN_ to_PRT,54467915
and_CONJ _VERB_ a,54456562
and _VERB_ a,54456562
over_ADP _DET_ _NOUN_,54453382
and _VERB_ a_DET,54445329
and_CONJ _VERB_ a_DET,54445329
the most _ADJ_,54377191
the_DET most _ADJ_,54377191
and _ADP_ _NOUN_,54376775
and_CONJ _ADP_ _NOUN_,54376775
the_DET most_ADV _ADJ_,54317637
the most_ADV _ADJ_,54317637
able_ADJ _PRT_ _VERB_,54222834
able _PRT_ _VERB_,54222834
able_ADJ to_PRT _VERB_,54212636
able to_PRT _VERB_,54212636
able to _VERB_,54212636
able_ADJ to _VERB_,54212636
"their _NOUN_ ,",54170027
"their _NOUN_ ,_.",54170027
"their_PRON _NOUN_ ,",54170027
"their_PRON _NOUN_ ,_.",54170027
she _VERB_ _ADP_,54160673
she_PRON _VERB_ _ADP_,54160099
or _DET_ _NOUN_,54146068
or_CONJ _DET_ _NOUN_,54146068
be _ADJ_ _ADP_,54132274
be_VERB _ADJ_ _ADP_,54129191
would_VERB _VERB_ _DET_,54056084
would _VERB_ _DET_,54056084
with _NOUN_ ._.,54022228
with _NOUN_ .,54022228
with_ADP _NOUN_ .,54022218
with_ADP _NOUN_ ._.,54022218
that _VERB_ the,53875536
that _VERB_ the_DET,53874287
that _DET_ _VERB_,53832832
be _VERB_ in_ADP,53765309
be_VERB _VERB_ in_ADP,53762934
We _VERB_ _VERB_,53696621
We_PRON _VERB_ _VERB_,53696618
to _PRON_ .,53678091
to _PRON_ ._.,53678091
to_PRT _PRON_ ._.,53678091
to_PRT _PRON_ .,53678091
my _ADJ_ _NOUN_,53550097
my_PRON _ADJ_ _NOUN_,53550001
are _VERB_ _PRT_,53360942
are_VERB _VERB_ _PRT_,53360711
of _NOUN_ of,53232359
of _NOUN_ of_ADP,53232357
of_ADP _NOUN_ of,53232352
of_ADP _NOUN_ of_ADP,53232350
more_ADV _ADJ_ _NOUN_,52886477
as_ADP a _ADJ_,52883791
as a_DET _ADJ_,52883791
as a _ADJ_,52883791
as_ADP a_DET _ADJ_,52883791
as_ADP he_PRON _VERB_,52744127
as he_PRON _VERB_,52744127
as_ADP he _VERB_,52744127
as he _VERB_,52744127
the other_ADJ _NOUN_,52688338
the other _NOUN_,52688338
the_DET other _NOUN_,52688338
the_DET other_ADJ _NOUN_,52688338
an _NOUN_ _NOUN_,52634460
an_DET _NOUN_ _NOUN_,52634326
or _NOUN_ _NOUN_,52512874
or_CONJ _NOUN_ _NOUN_,52512874
will _VERB_ _DET_,52295752
the_DET _ADJ_ _CONJ_,52240913
the _ADJ_ _CONJ_,52240913
you _VERB_ to,52223553
you_PRON _VERB_ to,52223551
you _VERB_ to_PRT,52219701
you_PRON _VERB_ to_PRT,52219699
that_ADP _DET_ _VERB_,52191770
as well as,52187041
as well_ADV as,52179367
and _NOUN_ _CONJ_,52177998
and_CONJ _NOUN_ _CONJ_,52177998
will_VERB _VERB_ _DET_,52114811
as_ADV well_ADV as,52094581
as_ADV well as,52094581
from _ADJ_ _NOUN_,52010747
from_ADP _ADJ_ _NOUN_,52010747
A_DET _NOUN_ _ADP_,51982487
p _._ _END_,51980564
in _PRON_ _ADJ_,51971549
in_ADP _PRON_ _ADJ_,51961427
p_NOUN _._ _END_,51929180
The _NOUN_ is_VERB,51852983
The _NOUN_ is,51852983
they _VERB_ _DET_,51830732
they_PRON _VERB_ _DET_,51830732
"the _ADJ_ ,_.",51817439
"the_DET _ADJ_ ,",51817439
"the_DET _ADJ_ ,_.",51817439
"the _ADJ_ ,",51817439
they _VERB_ _ADP_,51792262
they_PRON _VERB_ _ADP_,51792262
p . _END_,51743397
p ._. _END_,51743263
p_NOUN ._. _END_,51721714
p_NOUN . _END_,51721714
There _VERB_ _DET_,51606105
these _NOUN_ _._,51512931
these_DET _NOUN_ _._,51512931
which _VERB_ _DET_,51473767
which_DET _VERB_ _DET_,51473761
"with _NOUN_ ,",51453896
"with _NOUN_ ,_.",51453896
"with_ADP _NOUN_ ,_.",51453883
"with_ADP _NOUN_ ,",51453883
have _VERB_ _ADP_,51432093
have_VERB _VERB_ _ADP_,51431511
is _VERB_ by,51381810
is_VERB _VERB_ by,51381806
There_DET _VERB_ _DET_,51381267
is _VERB_ by_ADP,51363711
is_VERB _VERB_ by_ADP,51363707
that _NOUN_ _ADP_,51329876
The_DET _NOUN_ is,51305978
The_DET _NOUN_ is_VERB,51305978
your _NOUN_ .,51247612
your _NOUN_ ._.,51247612
your_PRON _NOUN_ .,51247452
your_PRON _NOUN_ ._.,51247452
we _VERB_ _ADP_,51233207
we_PRON _VERB_ _ADP_,51231311
I _VERB_ you,51226216
I _VERB_ you_PRON,51226212
I_PRON _VERB_ you,51225071
I_PRON _VERB_ you_PRON,51225067
that_DET _VERB_ the,51209509
that_DET _VERB_ the_DET,51208311
have _ADV_ _VERB_,51179993
have_VERB _ADV_ _VERB_,51179979
such _ADP_ _NOUN_,51057168
such_ADJ _ADP_ _NOUN_,51056833
and_CONJ _ADP_ _PRON_,50955742
and _ADP_ _PRON_,50955742
when _DET_ _NOUN_,50878549
when_ADV _DET_ _NOUN_,50878549
as well _ADP_,50852579
as well_ADV _ADP_,50852579
In the _NOUN_,50847605
In the_DET _NOUN_,50847605
it_PRON _VERB_ _._,50846539
it _VERB_ _._,50846539
as_ADV well _ADP_,50769596
as_ADV well_ADV _ADP_,50769596
and_CONJ he _VERB_,50769086
and_CONJ he_PRON _VERB_,50769086
and he _VERB_,50769086
and he_PRON _VERB_,50769086
He_PRON _VERB_ _ADP_,50699521
He _VERB_ _ADP_,50699521
In_ADP the _NOUN_,50654731
In_ADP the_DET _NOUN_,50654731
so _PRON_ _VERB_,50632760
some _ADJ_ _NOUN_,50461969
some_DET _ADJ_ _NOUN_,50461070
own _NOUN_ _._,50432871
by _NOUN_ _ADP_,50374265
by_ADP _NOUN_ _ADP_,50373838
part _ADP_ _DET_,50371489
own_ADJ _NOUN_ _._,50362044
that _VERB_ _PRON_,50316189
part_NOUN _ADP_ _DET_,50259246
that _NOUN_ _NOUN_,50246959
was_VERB _ADJ_ _ADP_,50081073
was _ADJ_ _ADP_,50081073
such as _NOUN_,49985121
such as_ADP _NOUN_,49985121
such_ADJ as_ADP _NOUN_,49985121
such_ADJ as _NOUN_,49985121
the _NOUN_ as,49974899
the_DET _NOUN_ as,49974899
to_PRT a_DET _ADJ_,49902130
to a_DET _ADJ_,49902130
to_PRT a _ADJ_,49902130
to a _ADJ_,49902130
as well as_ADP,49844601
as well_ADV as_ADP,49844601
not _VERB_ _ADJ_,49814719
not_ADV _VERB_ _ADJ_,49814711
that_ADP they _VERB_,49803215
that they_PRON _VERB_,49803215
that_ADP they_PRON _VERB_,49803215
that they _VERB_,49803215
you _VERB_ not,49778833
you _VERB_ not_ADV,49778833
you_PRON _VERB_ not_ADV,49778833
you_PRON _VERB_ not,49778833
as_ADV well as_ADP,49769483
as_ADV well_ADV as_ADP,49769483
you _._ _._,49571346
you_PRON _._ _._,49562289
for_ADP a_DET _ADJ_,49313155
for_ADP a _ADJ_,49313155
for a _ADJ_,49313155
for a_DET _ADJ_,49313155
from _NOUN_ _NOUN_,49308229
from_ADP _NOUN_ _NOUN_,49308229
be _VERB_ by,49290226
be_VERB _VERB_ by,49289544
be _VERB_ by_ADP,49263595
be_VERB _VERB_ by_ADP,49262921
his_PRON _NOUN_ _NOUN_,49092915
his _NOUN_ _NOUN_,49092915
but _DET_ _NOUN_,49089521
she _VERB_ _DET_,49084887
she_PRON _VERB_ _DET_,49084538
which _VERB_ _ADV_,48960825
which_DET _VERB_ _ADV_,48960823
had_VERB _PRT_ _VERB_,48922018
had _PRT_ _VERB_,48922018
that_DET _VERB_ _NOUN_,48912198
to _NOUN_ _CONJ_,48842125
to_PRT _NOUN_ _CONJ_,48841922
had to _VERB_,48776756
had_VERB to _VERB_,48776756
had_VERB to_PRT _VERB_,48776756
had to_PRT _VERB_,48776756
I _VERB_ a,48754404
I_PRON _VERB_ a,48739942
You _VERB_ _ADV_,48709991
but_CONJ _DET_ _NOUN_,48709577
You_PRON _VERB_ _ADV_,48704653
I _VERB_ a_DET,48668879
I_PRON _VERB_ a_DET,48654418
very _ADJ_ _NOUN_,48648927
is the _ADJ_,48598754
is_VERB the _ADJ_,48598754
is_VERB the_DET _ADJ_,48598754
is the_DET _ADJ_,48598754
and_CONJ _ADJ_ _ADJ_,48555264
and _ADJ_ _ADJ_,48555264
very_ADV _ADJ_ _NOUN_,48440034
"other _NOUN_ ,_.",48423063
"other _NOUN_ ,",48423063
"other_ADJ _NOUN_ ,_.",48423057
"other_ADJ _NOUN_ ,",48423057
When _PRON_ _VERB_,48311917
When_ADV _PRON_ _VERB_,48311917
be _VERB_ _ADV_,48306053
be_VERB _VERB_ _ADV_,48285362
for _NOUN_ _CONJ_,48243301
for_ADP _NOUN_ _CONJ_,48243180
is _PRT_ _VERB_,48199725
is_VERB _PRT_ _VERB_,48199725
their_PRON _NOUN_ _VERB_,48188812
their _NOUN_ _VERB_,48188812
you _._ _END_,48160677
you_PRON _._ _END_,48160670
on _NOUN_ _ADP_,48120851
as _ADJ_ _ADP_,48117975
may_VERB be _VERB_,48098159
may be _VERB_,48098159
may be_VERB _VERB_,48098159
may_VERB be_VERB _VERB_,48098159
that_DET _VERB_ _PRON_,48040350
of_ADP _NOUN_ -_.,48001394
of _NOUN_ -_.,48001394
of_ADP _NOUN_ -,48001394
of _NOUN_ -,48001394
who _VERB_ _ADV_,47952372
who_PRON _VERB_ _ADV_,47952372
that the_DET _ADJ_,47909936
that the _ADJ_,47909936
that_ADP the _ADJ_,47909936
that_ADP the_DET _ADJ_,47909936
is _ADP_ _DET_,47867041
is_VERB _ADP_ _DET_,47866714
are _VERB_ to,47696812
are_VERB _VERB_ to,47696709
are _VERB_ to_PRT,47696658
are_VERB _VERB_ to_PRT,47696555
were _ADV_ _VERB_,47681366
were_VERB _ADV_ _VERB_,47680605
on_ADP _NOUN_ _ADP_,47675576
is_VERB to _VERB_,47654024
is to _VERB_,47654024
is_VERB to_PRT _VERB_,47654024
is to_PRT _VERB_,47654024
so_ADP _PRON_ _VERB_,47643778
a _NOUN_ that_DET,47480463
a_DET _NOUN_ that_DET,47480460
number _ADP_ _NOUN_,47448638
number_NOUN _ADP_ _NOUN_,47448638
that_ADP _ADJ_ _NOUN_,47278760
into _DET_ _ADJ_,47120792
into_ADP _DET_ _ADJ_,47120773
need_VERB _PRT_ _VERB_,47061878
need_VERB to _VERB_,47047419
need_VERB to_PRT _VERB_,47047418
to _VERB_ that_ADP,47026416
to_PRT _VERB_ that_ADP,47026315
be _DET_ _ADJ_,46848525
be_VERB _DET_ _ADJ_,46848507
a _NOUN_ _PRON_,46844808
a_DET _NOUN_ _PRON_,46844804
of _ADJ_ -_.,46844278
of_ADP _ADJ_ -,46844278
of_ADP _ADJ_ -_.,46844278
of _ADJ_ -,46844278
some _NOUN_ _ADP_,46770099
some_DET _NOUN_ _ADP_,46770094
number_NOUN of _NOUN_,46760982
number_NOUN of_ADP _NOUN_,46760982
number of _NOUN_,46760982
number of_ADP _NOUN_,46760982
of _VERB_ _DET_,46743657
of _NOUN_ _ADV_,46723463
of_ADP _NOUN_ _ADV_,46723449
of_ADP _VERB_ _DET_,46718047
as _NOUN_ _NOUN_,46619447
as_ADP _NOUN_ _NOUN_,46612662
other _NOUN_ _ADP_,46430929
other_ADJ _NOUN_ _ADP_,46430917
was_VERB _ADV_ _DET_,46409065
was _ADV_ _DET_,46409065
and _ADV_ _PRON_,46332418
and_CONJ _ADV_ _PRON_,46332418
She _VERB_ _VERB_,46326898
She_PRON _VERB_ _VERB_,46326894
of their_PRON _NOUN_,46298297
of_ADP their _NOUN_,46298297
of_ADP their_PRON _NOUN_,46298297
of their _NOUN_,46298297
of_ADP _NOUN_ is,46279494
of _NOUN_ is,46279494
of_ADP _NOUN_ is_VERB,46279490
of _NOUN_ is_VERB,46279490
time _._ _END_,46270285
time_NOUN _._ _END_,46232004
to _NUM_ _NOUN_,46228956
to_PRT _NUM_ _NOUN_,46228594
not _DET_ _NOUN_,46224774
not_ADV _DET_ _NOUN_,46224774
and_CONJ _ADV_ _ADV_,46223990
and _ADV_ _ADV_,46223990
will _VERB_ _VERB_,46142500
have _DET_ _ADJ_,46006714
have_VERB _DET_ _ADJ_,46006714
would not _VERB_,45918794
would not_ADV _VERB_,45918794
would_VERB not _VERB_,45918794
would_VERB not_ADV _VERB_,45918794
a few _NOUN_,45854318
a_DET few _NOUN_,45854318
a few_ADJ _NOUN_,45854318
a_DET few_ADJ _NOUN_,45854318
up _ADP_ _DET_,45820143
And _PRON_ _VERB_,45796549
And_CONJ _PRON_ _VERB_,45774988
will_VERB _VERB_ _VERB_,45748158
part of_ADP _DET_,45745682
part of _DET_,45745682
part_NOUN of_ADP _DET_,45713859
part_NOUN of _DET_,45713859
with _NOUN_ _CONJ_,45633026
with_ADP _NOUN_ _CONJ_,45633020
in _NOUN_ with,45600866
in _NOUN_ with_ADP,45600536
over the_DET _NOUN_,45569707
over the _NOUN_,45569707
in_ADP _NOUN_ with,45567260
in_ADP _NOUN_ with_ADP,45566930
the_DET _NOUN_ from_ADP,45534193
the_DET _NOUN_ from,45534193
the _NOUN_ from_ADP,45534193
the _NOUN_ from,45534193
it _VERB_ be,45484918
it_PRON _VERB_ be,45484918
it_PRON _VERB_ be_VERB,45483317
it _VERB_ be_VERB,45483317
of her _NOUN_,45469887
of her_PRON _NOUN_,45469887
of_ADP her_PRON _NOUN_,45469887
of_ADP her _NOUN_,45469887
not_ADV be _VERB_,45412764
not_ADV be_VERB _VERB_,45412764
not be _VERB_,45412764
not be_VERB _VERB_,45412764
could_VERB _VERB_ _VERB_,45409898
could _VERB_ _VERB_,45409898
he was _VERB_,45215549
he_PRON was _VERB_,45215549
he was_VERB _VERB_,45215549
he_PRON was_VERB _VERB_,45215549
her _NOUN_ _CONJ_,45189382
her_PRON _NOUN_ _CONJ_,45189382
by the _ADJ_,45163267
by the_DET _ADJ_,45163267
by_ADP the_DET _ADJ_,45163191
by_ADP the _ADJ_,45163191
and _NOUN_ and,45150312
and_CONJ _NOUN_ and,45150312
and_CONJ _NOUN_ and_CONJ,45150293
and _NOUN_ and_CONJ,45150293
the _ADJ_ and,45147205
the_DET _ADJ_ and,45147205
the _ADJ_ and_CONJ,45141369
the_DET _ADJ_ and_CONJ,45141369
and _ADJ_ -_.,45122775
and _ADJ_ -,45122775
and_CONJ _ADJ_ -_.,45122775
and_CONJ _ADJ_ -,45122775
is _VERB_ in,45031742
is_VERB _VERB_ in,45031691
it_PRON is _ADJ_,45021338
it_PRON is_VERB _ADJ_,45021338
it is _ADJ_,45021338
it is_VERB _ADJ_,45021338
the_DET _NOUN_ or,44988051
the _NOUN_ or,44988051
the _NOUN_ or_CONJ,44988043
the_DET _NOUN_ or_CONJ,44988043
For _NOUN_ _._,44894717
For_ADP _NOUN_ _._,44870668
over_ADP the _NOUN_,44853650
over_ADP the_DET _NOUN_,44853650
out_ADP _ADP_ _DET_,44839530
The _NOUN_ was,44838333
The _NOUN_ was_VERB,44838333
on a_DET _NOUN_,44774898
on a _NOUN_,44774898
it is _ADV_,44746815
it is_VERB _ADV_,44746815
it_PRON is_VERB _ADV_,44746815
it_PRON is _ADV_,44746815
the_DET _ADJ_ _ADP_,44727246
the _ADJ_ _ADP_,44727246
A _NOUN_ _NOUN_,44680036
The_DET _NOUN_ was,44598706
The_DET _NOUN_ was_VERB,44598706
are_VERB _ADJ_ _._,44549314
are _ADJ_ _._,44549314
is _VERB_ in_ADP,44543851
is_VERB _VERB_ in_ADP,44543801
up _DET_ _NOUN_,44476329
not _VERB_ .,44459175
not _VERB_ ._.,44459175
not_ADV _VERB_ ._.,44459172
not_ADV _VERB_ .,44459172
on_ADP a_DET _NOUN_,44451617
on_ADP a _NOUN_,44451617
are _VERB_ _._,44420249
are_VERB _VERB_ _._,44420047
was the _NOUN_,44417021
was_VERB the_DET _NOUN_,44417021
was the_DET _NOUN_,44417021
was_VERB the _NOUN_,44417021
at _NOUN_ _NOUN_,44301670
at_ADP _NOUN_ _NOUN_,44299146
to be _DET_,44261412
to be_VERB _DET_,44261412
to_PRT be_VERB _DET_,44261412
to_PRT be _DET_,44261412
one _NOUN_ _._,44103073
he _VERB_ the,44072190
he_PRON _VERB_ the,44072190
he _VERB_ the_DET,44072041
he_PRON _VERB_ the_DET,44072041
of _NOUN_ that,43946993
of_ADP _NOUN_ that,43946984
I was_VERB _VERB_,43937401
I was _VERB_,43937401
I_PRON was_VERB _VERB_,43937139
I_PRON was _VERB_,43937139
She _VERB_ _PRON_,43888094
She_PRON _VERB_ _PRON_,43888090
had_VERB _VERB_ _PRT_,43780936
had _VERB_ _PRT_,43780936
he had _VERB_,43729925
he had_VERB _VERB_,43729925
he_PRON had _VERB_,43729925
he_PRON had_VERB _VERB_,43729925
out of_ADP _DET_,43706294
out of _DET_,43706294
and _ADV_ _ADP_,43681034
and_CONJ _ADV_ _ADP_,43681034
one_NUM _NOUN_ _._,43619720
as _NOUN_ _ADP_,43605961
as_ADP _NOUN_ _ADP_,43603010
said _._ _._,43565478
said_VERB _._ _._,43565478
be _ADV_ _ADJ_,43564366
be_VERB _ADV_ _ADJ_,43563725
any _ADJ_ _NOUN_,43562529
if _DET_ _NOUN_,43560465
if_ADP _DET_ _NOUN_,43560464
any_DET _ADJ_ _NOUN_,43548559
no _ADJ_ _NOUN_,43452595
the _._ _NOUN_,43438171
out_ADP of _DET_,43338836
out_ADP of_ADP _DET_,43338836
the_DET _NOUN_ are,43265376
the _NOUN_ are,43265376
the_DET _NOUN_ are_VERB,43265370
the _NOUN_ are_VERB,43265370
it _._ _._,43263316
it_PRON _._ _._,43261281
the_DET _ADJ_ time,43230974
the _ADJ_ time,43230974
the_DET _ADJ_ time_NOUN,43225455
the _ADJ_ time_NOUN,43225455
two _NOUN_ _._,43202726
two_NUM _NOUN_ _._,43167955
the_DET _NOUN_ had_VERB,43159137
the_DET _NOUN_ had,43159137
the _NOUN_ had,43159137
the _NOUN_ had_VERB,43159137
if_ADP you_PRON _VERB_,43119431
if_ADP you _VERB_,43119431
if you _VERB_,43119431
if you_PRON _VERB_,43119431
it_PRON _VERB_ _PRT_,43118867
it _VERB_ _PRT_,43118867
to _VERB_ his,43078341
to _VERB_ his_PRON,43078341
to_PRT _VERB_ his,43078177
to_PRT _VERB_ his_PRON,43078177
new _NOUN_ _._,43037415
its_PRON _NOUN_ _ADP_,42992144
its _NOUN_ _ADP_,42992144
and _NUM_ _NOUN_,42959514
and_CONJ _NUM_ _NOUN_,42959514
that _PRON_ was,42943015
that _PRON_ was_VERB,42942429
new_ADJ _NOUN_ _._,42932031
that_ADP _PRON_ was,42930327
that_ADP _PRON_ was_VERB,42929867
were _VERB_ _PRT_,42910024
were_VERB _VERB_ _PRT_,42908952
out _ADP_ _NOUN_,42879279
she _VERB_ .,42782510
she _VERB_ ._.,42782510
she_PRON _VERB_ ._.,42782349
she_PRON _VERB_ .,42782349
and_CONJ _NOUN_ _NUM_,42753800
and _NOUN_ _NUM_,42753800
must _VERB_ _VERB_,42733153
must_VERB _VERB_ _VERB_,42733153
His _NOUN_ _VERB_,42702576
His_PRON _NOUN_ _VERB_,42702576
they_PRON _VERB_ _._,42684218
they _VERB_ _._,42684218
she _VERB_ _PRT_,42669451
she_PRON _VERB_ _PRT_,42669395
has _ADV_ _VERB_,42646399
has_VERB _ADV_ _VERB_,42646399
who _VERB_ _DET_,42571560
who_PRON _VERB_ _DET_,42571560
been _VERB_ _._,42511781
been_VERB _VERB_ _._,42511781
time . _END_,42510195
time_NOUN . _END_,42507635
time ._. _END_,42507635
time_NOUN ._. _END_,42507635
her_PRON _NOUN_ and,42505498
her _NOUN_ and,42505498
her_PRON _NOUN_ and_CONJ,42505492
her _NOUN_ and_CONJ,42505492
and _VERB_ it_PRON,42499654
and _VERB_ it,42499654
and_CONJ _VERB_ it,42499654
and_CONJ _VERB_ it_PRON,42499654
"For _NOUN_ ,",42486188
"For _NOUN_ ,_.",42486188
"For_ADP _NOUN_ ,_.",42472799
"For_ADP _NOUN_ ,",42472799
should be _VERB_,42413410
should_VERB be_VERB _VERB_,42413410
should be_VERB _VERB_,42413410
should_VERB be _VERB_,42413410
as _VERB_ _ADP_,42364652
to _VERB_ him,42214913
to _VERB_ him_PRON,42214913
to_PRT _VERB_ him,42214859
to_PRT _VERB_ him_PRON,42214859
any _NOUN_ _ADP_,42205769
any_DET _NOUN_ _ADP_,42205742
New York _._,42143666
New_NOUN York _._,42143662
the _ADJ_ _NUM_,42140212
the_DET _ADJ_ _NUM_,42140212
the_DET _NOUN_ as_ADP,42129760
the _NOUN_ as_ADP,42129760
under _DET_ _NOUN_,42078335
under_ADP _DET_ _NOUN_,42076923
which _DET_ _NOUN_,41987698
which_DET _DET_ _NOUN_,41987698
no _NOUN_ _._,41981528
no_DET _NOUN_ _._,41911690
same _NOUN_ _._,41902339
same_ADJ _NOUN_ _._,41902323
was _VERB_ in,41898096
was_VERB _VERB_ in,41897729
was _VERB_ by,41889045
was_VERB _VERB_ by,41888839
New_NOUN York_NOUN _._,41885313
New York_NOUN _._,41885313
was _VERB_ by_ADP,41825107
was_VERB _VERB_ by_ADP,41824902
or_CONJ _NOUN_ ._.,41734828
or_CONJ _NOUN_ .,41734828
or _NOUN_ .,41734828
or _NOUN_ ._.,41734828
used _PRT_ _VERB_,41672115
of_ADP _NOUN_ _NUM_,41668709
of _NOUN_ _NUM_,41668709
used to _VERB_,41653344
used to_PRT _VERB_,41653344
used_VERB _PRT_ _VERB_,41626683
to _VERB_ their,41624883
to _VERB_ their_PRON,41624883
to_PRT _VERB_ their,41624800
to_PRT _VERB_ their_PRON,41624800
the_DET United_NOUN _NOUN_,41622745
the United _NOUN_,41622745
the_DET United _NOUN_,41622745
the United_NOUN _NOUN_,41622745
used_VERB to_PRT _VERB_,41607923
used_VERB to _VERB_,41607923
to _NOUN_ and,41478661
to _NOUN_ and_CONJ,41478651
to_PRT _NOUN_ and,41478558
to_PRT _NOUN_ and_CONJ,41478548
will _VERB_ _PRON_,41416605
up_PRT _DET_ _NOUN_,41414605
at _PRON_ _NOUN_,41397437
at_ADP _PRON_ _NOUN_,41397408
will_VERB _VERB_ _PRON_,41329032
we _VERB_ _PRT_,41032697
we_PRON _VERB_ _PRT_,41032467
and it_PRON _VERB_,41020365
and_CONJ it_PRON _VERB_,41020365
and_CONJ it _VERB_,41020365
and it _VERB_,41020365
for _NOUN_ and,40953634
for _NOUN_ and_CONJ,40953621
for_ADP _NOUN_ and,40953558
for_ADP _NOUN_ and_CONJ,40953545
the_DET _._ _NOUN_,40953543
to_PRT his_PRON _NOUN_,40934454
to his_PRON _NOUN_,40934454
to his _NOUN_,40934454
to_PRT his _NOUN_,40934454
of these _NOUN_,40916446
of these_DET _NOUN_,40916446
of_ADP these _NOUN_,40916446
of_ADP these_DET _NOUN_,40916446
also _VERB_ _DET_,40863157
also_ADV _VERB_ _DET_,40863095
was _VERB_ in_ADP,40830997
was_VERB _VERB_ in_ADP,40830642
no_DET _ADJ_ _NOUN_,40804320
there is_VERB _DET_,40701516
there is _DET_,40701516
the_DET _NOUN_ '_PRT,40697982
the _NOUN_ '_PRT,40697981
"to_PRT _PRON_ ,",40684613
"to_PRT _PRON_ ,_.",40684613
"to _PRON_ ,",40684613
"to _PRON_ ,_.",40684613
between_ADP _DET_ _NOUN_,40618274
between _DET_ _NOUN_,40618274
it_PRON _ADP_ _DET_,40611819
it _ADP_ _DET_,40611819
there_DET is_VERB _DET_,40604875
there_DET is _DET_,40604875
and _ADV_ _._,40493163
and_CONJ _ADV_ _._,40493163
as_ADP _VERB_ _ADP_,40423333
that _ADP_ _DET_,40411070
the_DET _NOUN_ were,40302894
the _NOUN_ were_VERB,40302894
the _NOUN_ were,40302894
the_DET _NOUN_ were_VERB,40302894
"a _ADJ_ ,_.",40291413
"a_DET _ADJ_ ,_.",40291413
"a _ADJ_ ,",40291413
"a_DET _ADJ_ ,",40291413
have _VERB_ _PRON_,40264930
have_VERB _VERB_ _PRON_,40264025
that _PRON_ _NOUN_,40245807
to _VERB_ on,40245541
to_PRT _VERB_ on,40245466
and_CONJ a _ADJ_,40223882
and_CONJ a_DET _ADJ_,40223882
and a_DET _ADJ_,40223882
and a _ADJ_,40223882
the _NOUN_ at,40212110
the_DET _NOUN_ at,40212110
the_DET _NOUN_ at_ADP,40210582
the _NOUN_ at_ADP,40210582
was _ADP_ _DET_,40206541
was_VERB _ADP_ _DET_,40205267
"be _VERB_ ,_.",40192695
"be _VERB_ ,",40192695
"be_VERB _VERB_ ,_.",40187137
"be_VERB _VERB_ ,",40187137
he _ADV_ _VERB_,40174667
he_PRON _ADV_ _VERB_,40174667
in _ADJ_ _._,40130818
in_ADP _ADJ_ _._,40091031
they _VERB_ _PRT_,40053960
they_PRON _VERB_ _PRT_,40053960
also _VERB_ _ADP_,39970807
also_ADV _VERB_ _ADP_,39970493
some _NOUN_ _._,39898988
some_DET _NOUN_ _._,39898979
of_ADP _PRON_ ._.,39879812
of_ADP _PRON_ .,39879812
of _PRON_ ._.,39879812
of _PRON_ .,39879812
your _NOUN_ _VERB_,39850260
your_PRON _NOUN_ _VERB_,39848964
In _DET_ _ADJ_,39643555
she _VERB_ not,39621275
she _VERB_ not_ADV,39621275
she_PRON _VERB_ not,39621141
she_PRON _VERB_ not_ADV,39621141
was _VERB_ ._.,39610122
was _VERB_ .,39610122
was_VERB _VERB_ .,39609922
was_VERB _VERB_ ._.,39609922
with _NOUN_ and,39603214
with_ADP _NOUN_ and,39603208
with _NOUN_ and_CONJ,39603205
with_ADP _NOUN_ and_CONJ,39603199
think _PRON_ _VERB_,39580125
think_VERB _PRON_ _VERB_,39577166
In_ADP _DET_ _ADJ_,39567577
as _NOUN_ _VERB_,39419796
as_ADP _NOUN_ _VERB_,39412973
"your _NOUN_ ,_.",39272998
"your _NOUN_ ,",39272998
"your_PRON _NOUN_ ,",39272758
"your_PRON _NOUN_ ,_.",39272758
I_PRON 'll _VERB_,39218797
I 'll _VERB_,39218797
I_PRON 'll_VERB _VERB_,39218797
I 'll_VERB _VERB_,39218797
"you _._ ""_.",39207054
"you _._ """,39207054
"you_PRON _._ """,39199948
"you_PRON _._ ""_.",39199948
of_ADP _DET_ _NUM_,38987798
of _DET_ _NUM_,38987798
that you _VERB_,38982345
that you_PRON _VERB_,38982329
that_ADP you_PRON _VERB_,38976982
that_ADP you _VERB_,38976982
and_CONJ _NOUN_ to,38955306
and _NOUN_ to,38955306
and _NOUN_ to_PRT,38954915
and_CONJ _NOUN_ to_PRT,38954915
the _NOUN_ between_ADP,38932925
the_DET _NOUN_ between_ADP,38932925
the_DET _NOUN_ between,38932925
the _NOUN_ between,38932925
are_VERB _DET_ _NOUN_,38913338
are _DET_ _NOUN_,38913338
there _VERB_ a,38888667
there _VERB_ a_DET,38885883
they_PRON _VERB_ not_ADV,38875686
they_PRON _VERB_ not,38875686
they _VERB_ not_ADV,38875686
they _VERB_ not,38875686
will be _VERB_,38789529
will be_VERB _VERB_,38789529
will_VERB be_VERB _VERB_,38789529
will_VERB be _VERB_,38789529
of _NOUN_ _PRON_,38765696
of_ADP _NOUN_ _PRON_,38765693
"and _VERB_ ,_.",38758200
"and_CONJ _VERB_ ,_.",38758200
"and_CONJ _VERB_ ,",38758200
"and _VERB_ ,",38758200
as_ADV _ADJ_ _ADP_,38643090
would_VERB _VERB_ _PRT_,38639576
would _VERB_ _PRT_,38639576
by _VERB_ _DET_,38609201
by_ADP _VERB_ _DET_,38589304
What _VERB_ _PRON_,38570189
What_PRON _VERB_ _PRON_,38569279
when the_DET _NOUN_,38529917
when the _NOUN_,38529917
when_ADV the_DET _NOUN_,38529917
when_ADV the _NOUN_,38529917
it_PRON was _ADV_,38529605
it was _ADV_,38529605
it_PRON was_VERB _ADV_,38529605
it was_VERB _ADV_,38529605
are _ADJ_ _ADP_,38473507
are_VERB _ADJ_ _ADP_,38473507
how_ADV _PRON_ _VERB_,38418305
how _PRON_ _VERB_,38418305
your _NOUN_ _ADP_,38399254
your_PRON _NOUN_ _ADP_,38398974
will not _VERB_,38278647
will not_ADV _VERB_,38278647
will_VERB not_ADV _VERB_,38275781
will_VERB not _VERB_,38275781
up_PRT _ADP_ _DET_,38221465
than _DET_ _NOUN_,38208087
than_ADP _DET_ _NOUN_,38208084
could _VERB_ _DET_,38178248
could_VERB _VERB_ _DET_,38178248
before _PRON_ _VERB_,38112168
before_ADP _PRON_ _VERB_,38077679
"said_VERB , _._",38071033
"said_VERB ,_. _._",38071033
"said ,_. _._",38071033
"said , _._",38071033
A _NOUN_ of,38046815
A _NOUN_ of_ADP,38046815
"that _NOUN_ ,",38043255
"that _NOUN_ ,_.",38043255
there_DET _VERB_ a,38040000
there_DET _VERB_ a_DET,38037352
been _VERB_ _PRT_,37963948
been_VERB _VERB_ _PRT_,37963948
to _VERB_ them,37923235
to_PRT _VERB_ them,37923198
to _VERB_ them_PRON,37922998
to_PRT _VERB_ them_PRON,37922961
that_DET _NOUN_ _ADP_,37862249
can _ADV_ be,37829921
can_VERB _ADV_ be,37829221
can _ADV_ be_VERB,37826424
can_VERB _ADV_ be_VERB,37825724
it_PRON _VERB_ a,37778606
it _VERB_ a,37778606
it _VERB_ a_DET,37774882
it_PRON _VERB_ a_DET,37774882
your _ADJ_ _NOUN_,37748300
your_PRON _ADJ_ _NOUN_,37748001
all _NOUN_ _._,37744271
and _NOUN_ -_.,37696636
and _NOUN_ -,37696636
and_CONJ _NOUN_ -_.,37696636
and_CONJ _NOUN_ -,37696636
pp. _NUM_ _._,37682656
the_DET _NOUN_ ?,37651010
the _NOUN_ ?,37651010
the_DET _NOUN_ ?_.,37651009
the _NOUN_ ?_.,37651009
our _ADJ_ _NOUN_,37643889
our_PRON _ADJ_ _NOUN_,37643889
that she _VERB_,37618409
that she_PRON _VERB_,37618376
that_ADP she _VERB_,37610047
that_ADP she_PRON _VERB_,37610047
all_DET _NOUN_ _._,37585988
and_CONJ his _NOUN_,37535385
and his_PRON _NOUN_,37535385
and his _NOUN_,37535385
and_CONJ his_PRON _NOUN_,37535385
to _VERB_ for,37483648
to_PRT _VERB_ for,37483600
to _VERB_ for_ADP,37467505
to_PRT _VERB_ for_ADP,37467457
and _NOUN_ _ADV_,37453366
and_CONJ _NOUN_ _ADV_,37453366
out _ADP_ _PRON_,37416105
after _DET_ _NOUN_,37383487
after_ADP _DET_ _NOUN_,37367920
I _VERB_ that,37344122
I_PRON _VERB_ that,37340213
was _VERB_ _ADV_,37111975
was_VERB _VERB_ _ADV_,37110543
order _PRT_ _VERB_,37016277
may _ADV_ _VERB_,37010942
may_VERB _ADV_ _VERB_,37010940
order to_PRT _VERB_,37009409
order to _VERB_,37009409
order_NOUN _PRT_ _VERB_,36995162
order_NOUN to_PRT _VERB_,36988510
order_NOUN to _VERB_,36988510
during _DET_ _NOUN_,36964555
during_ADP _DET_ _NOUN_,36964555
their _NOUN_ _CONJ_,36962095
their_PRON _NOUN_ _CONJ_,36962095
for _PRON_ .,36896154
for_ADP _PRON_ .,36896154
for_ADP _PRON_ ._.,36896154
for _PRON_ ._.,36896154
but I_PRON _VERB_,36880038
but I _VERB_,36880038
do _PRON_ _VERB_,36870876
do_VERB _PRON_ _VERB_,36868979
but_CONJ I_PRON _VERB_,36859271
but_CONJ I _VERB_,36859271
and_CONJ _VERB_ ._.,36848965
and_CONJ _VERB_ .,36848965
and _VERB_ ._.,36848965
and _VERB_ .,36848965
a _NOUN_ -_.,36811838
a _NOUN_ -,36811838
a_DET _NOUN_ -_.,36811813
a_DET _NOUN_ -,36811813
within_ADP _DET_ _NOUN_,36790901
within _DET_ _NOUN_,36790901
to _VERB_ out,36754616
to_PRT _VERB_ out,36754573
would _VERB_ _PRON_,36747037
would_VERB _VERB_ _PRON_,36747035
the _NOUN_ ;,36745376
the_DET _NOUN_ ;,36745376
the_DET _NOUN_ ;_.,36745376
the _NOUN_ ;_.,36745376
who_PRON _VERB_ _ADP_,36715292
who _VERB_ _ADP_,36715292
It_PRON _VERB_ not,36694982
It _VERB_ not_ADV,36694982
It_PRON _VERB_ not_ADV,36694982
It _VERB_ not,36694982
can _VERB_ _ADP_,36604963
can_VERB _VERB_ _ADP_,36595555
pp._NOUN _NUM_ _._,36587529
of the _VERB_,36563077
of_ADP the _VERB_,36563077
of_ADP the_DET _VERB_,36563077
of the_DET _VERB_,36563077
one _NOUN_ _ADP_,36524046
his _NOUN_ to,36518139
his_PRON _NOUN_ to,36518139
his _NOUN_ to_PRT,36518062
his_PRON _NOUN_ to_PRT,36518062
had_VERB _VERB_ _ADV_,36491920
had _VERB_ _ADV_,36491920
wanted _PRT_ _VERB_,36440358
wanted_VERB _PRT_ _VERB_,36440294
wanted to _VERB_,36433960
wanted to_PRT _VERB_,36433960
wanted_VERB to_PRT _VERB_,36433898
wanted_VERB to _VERB_,36433898
as _ADJ_ as,36383914
when he_PRON _VERB_,36339142
when he _VERB_,36339142
when_ADV he_PRON _VERB_,36339142
when_ADV he _VERB_,36339142
Figure _NUM_ _._,36228813
He _VERB_ _PRT_,36212363
He_PRON _VERB_ _PRT_,36212363
from _NOUN_ _PRT_,36197685
from_ADP _NOUN_ _PRT_,36197685
as _ADJ_ as_ADP,36180631
Figure_NOUN _NUM_ _._,36166920
in _NUM_ _NOUN_,36166482
had _VERB_ _._,36165545
had_VERB _VERB_ _._,36165545
in_ADP _NUM_ _NOUN_,36159145
first _NOUN_ _ADP_,36150586
has _VERB_ _DET_,36144943
has_VERB _VERB_ _DET_,36144943
first_ADJ _NOUN_ _ADP_,36142004
were _VERB_ _._,36135745
were_VERB _VERB_ _._,36135107
one_NUM _NOUN_ _ADP_,36105112
in her _NOUN_,36071347
in her_PRON _NOUN_,36071347
in_ADP her _NOUN_,36059563
in_ADP her_PRON _NOUN_,36059563
the_DET _NOUN_ States,36052849
the _NOUN_ States,36052849
the _NOUN_ :,36050987
the_DET _NOUN_ :,36050987
the_DET _NOUN_ States_NOUN,36050751
the _NOUN_ States_NOUN,36050751
the_DET _NOUN_ :_.,36048908
the _NOUN_ :_.,36048908
two _ADJ_ _NOUN_,36048018
two_NUM _ADJ_ _NOUN_,36046677
what _VERB_ _VERB_,36025277
what_PRON _VERB_ _VERB_,36021752
out_ADP _ADP_ the,36017773
out_ADP _ADP_ the_DET,36017773
of _DET_ _._,35999947
of_ADP _DET_ _._,35999947
to _VERB_ you,35999403
to_PRT _VERB_ you,35999353
to _VERB_ you_PRON,35997930
to_PRT _VERB_ you_PRON,35997880
that _NOUN_ .,35970845
that _NOUN_ ._.,35970845
"by _NOUN_ ,",35957583
"by _NOUN_ ,_.",35957583
"by_ADP _NOUN_ ,_.",35957270
"by_ADP _NOUN_ ,",35957270
not _PRT_ _VERB_,35944864
not_ADV _PRT_ _VERB_,35944855
and _ADV_ _DET_,35925333
and_CONJ _ADV_ _DET_,35925333
not to_PRT _VERB_,35885743
not_ADV to _VERB_,35885743
not_ADV to_PRT _VERB_,35885743
not to _VERB_,35885743
you . _END_,35866697
"she _VERB_ ,",35865778
"she _VERB_ ,_.",35865778
"she_PRON _VERB_ ,",35865297
"she_PRON _VERB_ ,_.",35865297
you ._. _END_,35861134
you_PRON ._. _END_,35861134
you_PRON . _END_,35861134
to_PRT _PRON_ _ADP_,35838427
to _PRON_ _ADP_,35838427
was_VERB _ADV_ _ADP_,35818847
was _ADV_ _ADP_,35818847
again _._ _END_,35811671
can _VERB_ _PRON_,35785194
can_VERB _VERB_ _PRON_,35783332
of my _NOUN_,35762385
of my_PRON _NOUN_,35762385
of_ADP my _NOUN_,35762385
of_ADP my_PRON _NOUN_,35762385
is_VERB _ADJ_ ._.,35752693
is _ADJ_ ._.,35752693
is_VERB _ADJ_ .,35752693
is _ADJ_ .,35752693
again_ADV _._ _END_,35746887
me _._ _._,35729796
She _VERB_ _DET_,35721851
She_PRON _VERB_ _DET_,35721850
me_PRON _._ _._,35717865
that_DET _ADJ_ _NOUN_,35611786
part _ADP_ the,35609494
part _ADP_ the_DET,35609494
he _VERB_ _NOUN_,35575526
he_PRON _VERB_ _NOUN_,35575526
his _NOUN_ _ADV_,35562239
his_PRON _NOUN_ _ADV_,35562239
part_NOUN _ADP_ the_DET,35549177
part_NOUN _ADP_ the,35549177
would have _VERB_,35511554
would_VERB have _VERB_,35511554
would have_VERB _VERB_,35511554
would_VERB have_VERB _VERB_,35511554
will _VERB_ _ADP_,35471629
had_VERB not_ADV _VERB_,35457015
had not _VERB_,35457015
had_VERB not _VERB_,35457015
had not_ADV _VERB_,35457015
I _VERB_ it_PRON,35388782
I _VERB_ it,35388782
I_PRON _VERB_ it_PRON,35387804
I_PRON _VERB_ it,35387804
We _VERB_ _ADV_,35358175
We_PRON _VERB_ _ADV_,35358165
any _NOUN_ _._,35311501
any_DET _NOUN_ _._,35311499
will_VERB _VERB_ _ADP_,35309537
had _DET_ _ADJ_,35272323
had_VERB _DET_ _ADJ_,35272323
there _VERB_ no,35264755
it_PRON _VERB_ to,35222351
it _VERB_ to,35222351
it_PRON _VERB_ to_PRT,35221079
it _VERB_ to_PRT,35221079
to _NOUN_ _PRT_,35197587
to_PRT _NOUN_ _PRT_,35197426
not _ADJ_ _._,35180930
not_ADV _ADJ_ _._,35178900
"or _NOUN_ ,_.",35166038
"or _NOUN_ ,",35166038
"or_CONJ _NOUN_ ,_.",35166038
"or_CONJ _NOUN_ ,",35166038
are _ADJ_ _NOUN_,35098234
are_VERB _ADJ_ _NOUN_,35098234
between_ADP _NOUN_ _CONJ_,35058326
between _NOUN_ _CONJ_,35058326
"said_VERB _._ """,35044529
"said_VERB _._ ""_.",35044529
"said _._ """,35044529
"said _._ ""_.",35044529
out of the,35037049
out of_ADP the_DET,35035559
out of_ADP the,35035559
out of the_DET,35035559
"is _ADJ_ ,",35029626
"is_VERB _ADJ_ ,_.",35029626
"is_VERB _ADJ_ ,",35029626
"is _ADJ_ ,_.",35029626
They _VERB_ _VERB_,35023526
This _VERB_ _DET_,34988913
to_PRT _PRON_ _ADJ_,34972414
to _PRON_ _ADJ_,34972414
would_VERB _VERB_ _ADP_,34946710
would _VERB_ _ADP_,34946710
a_DET new_ADJ _NOUN_,34946231
a new_ADJ _NOUN_,34946231
a_DET new _NOUN_,34946231
a new _NOUN_,34946231
more _ADJ_ _ADP_,34944407
the United States,34939403
the United States_NOUN,34924934
the United_NOUN States_NOUN,34924934
the United_NOUN States,34924934
the_DET United_NOUN States_NOUN,34924934
the_DET United_NOUN States,34924934
the_DET United States,34924934
the_DET United States_NOUN,34924934
there_DET _VERB_ no,34916301
They_PRON _VERB_ _VERB_,34890660
there _VERB_ no_DET,34853384
into_ADP _PRON_ _NOUN_,34838883
into _PRON_ _NOUN_,34838883
new _NOUN_ _ADP_,34836211
new_ADJ _NOUN_ _ADP_,34830957
It _VERB_ a,34777212
It_PRON _VERB_ a,34777212
It _VERB_ a_DET,34774658
It_PRON _VERB_ a_DET,34774658
it_PRON _VERB_ _NOUN_,34769312
it _VERB_ _NOUN_,34769312
out_ADP of_ADP the,34753153
out_ADP of the,34753153
out_ADP of the_DET,34753153
out_ADP of_ADP the_DET,34753153
more_ADV _ADJ_ _ADP_,34746200
This_DET _VERB_ _DET_,34721421
and_CONJ _PRT_ _VERB_,34667159
and _PRT_ _VERB_,34667159
that we _VERB_,34639572
that we_PRON _VERB_,34638919
that_ADP we_PRON _VERB_,34633233
that_ADP we _VERB_,34633233
between the_DET _NOUN_,34619124
between the _NOUN_,34619124
between_ADP the_DET _NOUN_,34619124
between_ADP the _NOUN_,34619124
that_DET _NOUN_ .,34609537
that_DET _NOUN_ ._.,34609537
between_ADP _NOUN_ and,34600907
between _NOUN_ and,34600907
between_ADP _NOUN_ and_CONJ,34600904
between _NOUN_ and_CONJ,34600904
It _VERB_ _ADP_,34594040
It_PRON _VERB_ _ADP_,34594040
and_CONJ to_PRT _VERB_,34554460
and to _VERB_,34554460
and_CONJ to _VERB_,34554460
and to_PRT _VERB_,34554460
we _VERB_ to,34531554
we_PRON _VERB_ to,34531367
and_CONJ _ADJ_ _ADP_,34527908
and _ADJ_ _ADP_,34527908
we _VERB_ to_PRT,34527903
we_PRON _VERB_ to_PRT,34527716
would _VERB_ _ADJ_,34520557
would_VERB _VERB_ _ADJ_,34520557
there_DET _VERB_ no_DET,34517249
"on _NOUN_ ,",34457852
"on _NOUN_ ,_.",34457852
that _VERB_ _PRT_,34429763
are _VERB_ in,34413830
are_VERB _VERB_ in,34413743
and_CONJ _NOUN_ _DET_,34401134
and _NOUN_ _DET_,34401134
at _PRON_ _._,34397291
at_ADP _PRON_ _._,34397289
were _VERB_ to,34367026
were _VERB_ to_PRT,34367003
as_ADP _ADJ_ _NOUN_,34366961
were_VERB _VERB_ to,34366387
were_VERB _VERB_ to_PRT,34366364
was _ADJ_ _PRT_,34340853
was_VERB _ADJ_ _PRT_,34340853
at _NOUN_ .,34338845
at _NOUN_ ._.,34338845
at_ADP _NOUN_ ._.,34337945
at_ADP _NOUN_ .,34337945
or _ADJ_ _._,34283351
or_CONJ _ADJ_ _._,34283351
I_PRON 'm _ADV_,34274593
I 'm _ADV_,34274593
I 'm_VERB _ADV_,34274593
I_PRON 'm_VERB _ADV_,34274593
her _NOUN_ _PRT_,34257796
her_PRON _NOUN_ _PRT_,34257796
was _ADJ_ to,34256526
was_VERB _ADJ_ to,34256526
was _ADJ_ to_PRT,34255835
was_VERB _ADJ_ to_PRT,34255835
for _NOUN_ _PRT_,34252620
for_ADP _NOUN_ _PRT_,34252569
and _NOUN_ are,34209573
and_CONJ _NOUN_ are,34209573
and_CONJ _NOUN_ are_VERB,34209557
and _NOUN_ are_VERB,34209557
"on_ADP _NOUN_ ,",34208105
"on_ADP _NOUN_ ,_.",34208105
where _DET_ _NOUN_,34190161
where_ADV _DET_ _NOUN_,34190161
an _NOUN_ _PRT_,34127158
an_DET _NOUN_ _PRT_,34127144
in _DET_ _DET_,34093103
in_ADP _DET_ _DET_,34091880
were _ADV_ _ADJ_,34082836
were_VERB _ADV_ _ADJ_,34082582
as she_PRON _VERB_,34011807
as_ADP she _VERB_,34011807
as_ADP she_PRON _VERB_,34011807
as she _VERB_,34011807
are _VERB_ in_ADP,33994021
are_VERB _VERB_ in_ADP,33993942
A_DET _NOUN_ of_ADP,33968264
A_DET _NOUN_ of,33968264
a _NOUN_ or,33953747
a _NOUN_ or_CONJ,33953747
a_DET _NOUN_ or_CONJ,33953746
a_DET _NOUN_ or,33953746
and _VERB_ her_PRON,33951584
and_CONJ _VERB_ her,33951584
and _VERB_ her,33951584
and_CONJ _VERB_ her_PRON,33951584
are _ADV_ _ADV_,33938270
are_VERB _ADV_ _ADV_,33938270
The _NOUN_ _PRT_,33918752
him _ADP_ _DET_,33898172
him_PRON _ADP_ _DET_,33898172
out_PRT _ADP_ _DET_,33889590
two _NOUN_ _ADP_,33728196
two_NUM _NOUN_ _ADP_,33707639
I_PRON 'm _VERB_,33698695
I 'm _VERB_,33698695
I_PRON 'm_VERB _VERB_,33698695
I 'm_VERB _VERB_,33698695
but it _VERB_,33669845
but it_PRON _VERB_,33669845
but_CONJ it _VERB_,33661559
but_CONJ it_PRON _VERB_,33661559
he said_VERB _._,33619363
he_PRON said_VERB _._,33619363
he_PRON said _._,33619363
he said _._,33619363
to _VERB_ up,33557006
to_PRT _VERB_ up,33556976
of _NOUN_ for,33555055
of_ADP _NOUN_ for,33555055
of _NOUN_ for_ADP,33555021
of_ADP _NOUN_ for_ADP,33555021
to _ADV_ _VERB_,33498301
to_PRT _ADV_ _VERB_,33498295
an _NOUN_ _VERB_,33496212
an_DET _NOUN_ _VERB_,33496118
not_ADV _ADV_ _ADJ_,33488341
not _ADV_ _ADJ_,33488341
to _VERB_ on_ADP,33477989
to_PRT _VERB_ on_ADP,33477918
If_ADP you_PRON _VERB_,33458522
If you_PRON _VERB_,33458522
If you _VERB_,33458522
If_ADP you _VERB_,33458522
it_PRON _VERB_ the,33374895
it _VERB_ the,33374895
it _VERB_ the_DET,33374713
it_PRON _VERB_ the_DET,33374713
you_PRON can _VERB_,33374239
you can_VERB _VERB_,33374239
you_PRON can_VERB _VERB_,33374239
you can _VERB_,33374239
he _VERB_ _ADJ_,33362436
he_PRON _VERB_ _ADJ_,33362436
with _NOUN_ _PRT_,33327129
with_ADP _NOUN_ _PRT_,33327125
again . _END_,33278735
again ._. _END_,33276274
by a _NOUN_,33263129
by a_DET _NOUN_,33263129
by_ADP a _NOUN_,33262953
by_ADP a_DET _NOUN_,33262953
good _NOUN_ _._,33256736
good_ADJ _NOUN_ _._,33252839
again_ADV ._. _END_,33222228
again_ADV . _END_,33222228
other_ADJ _ADJ_ _NOUN_,33171649
other _ADJ_ _NOUN_,33171649
in _VERB_ _NOUN_,33131032
a good _NOUN_,33128820
a_DET good _NOUN_,33128820
a_DET good_ADJ _NOUN_,33128820
a good_ADJ _NOUN_,33128820
a _ADJ_ _CONJ_,33126075
a_DET _ADJ_ _CONJ_,33126075
be _VERB_ as,33108298
be_VERB _VERB_ as,33107473
As _PRON_ _VERB_,33005410
As_ADP _PRON_ _VERB_,32995520
"that_DET _NOUN_ ,_.",32990280
"that_DET _NOUN_ ,",32990280
in_ADP _VERB_ _NOUN_,32981670
"and _ADJ_ ,_.",32974157
"and _ADJ_ ,",32974157
"and_CONJ _ADJ_ ,_.",32974157
"and_CONJ _ADJ_ ,",32974157
"in _NUM_ ,_.",32950735
"in _NUM_ ,",32950735
"in_ADP _NUM_ ,_.",32950519
"in_ADP _NUM_ ,",32950519
have_VERB a _NOUN_,32943720
have a _NOUN_,32943720
have_VERB a_DET _NOUN_,32943720
have a_DET _NOUN_,32943720
then _PRON_ _VERB_,32878185
then_ADV _PRON_ _VERB_,32877934
on his _NOUN_,32823009
on his_PRON _NOUN_,32823009
they_PRON _VERB_ _PRON_,32795905
they _VERB_ _PRON_,32795905
and_CONJ she_PRON _VERB_,32794972
and_CONJ she _VERB_,32794972
and she _VERB_,32794972
and she_PRON _VERB_,32794972
life _._ _END_,32776971
life_NOUN _._ _END_,32767545
I did _ADV_,32751550
I did_VERB _ADV_,32751550
I_PRON did _ADV_,32751151
I_PRON did_VERB _ADV_,32751151
out _DET_ _NOUN_,32729611
The_DET _NOUN_ _PRT_,32710820
is _VERB_ .,32678808
is _VERB_ ._.,32678808
is_VERB _VERB_ .,32678738
is_VERB _VERB_ ._.,32678738
for _VERB_ _NOUN_,32653225
for_ADP _VERB_ _NOUN_,32650604
there _VERB_ _ADV_,32614625
She _VERB_ _ADP_,32605377
She_PRON _VERB_ _ADP_,32605374
said _NOUN_ _._,32578996
said_VERB _NOUN_ _._,32578978
part of the,32546080
"it _._ ""_.",32543990
"it _._ """,32543990
part of_ADP the,32543629
part of the_DET,32543629
part of_ADP the_DET,32543629
"it_PRON _._ ""_.",32543040
"it_PRON _._ """,32543040
part_NOUN of_ADP the,32517220
part_NOUN of_ADP the_DET,32517220
part_NOUN of the_DET,32517220
part_NOUN of the,32517220
trying _PRT_ _VERB_,32516426
trying to_PRT _VERB_,32509301
trying to _VERB_,32509301
on_ADP his _NOUN_,32473952
on_ADP his_PRON _NOUN_,32473952
to be _ADV_,32450393
to be_VERB _ADV_,32450393
to_PRT be _ADV_,32450393
to_PRT be_VERB _ADV_,32450393
trying_VERB _PRT_ _VERB_,32440998
that_DET _VERB_ _PRT_,32438745
in my_PRON _NOUN_,32435398
in my _NOUN_,32435398
trying_VERB to _VERB_,32433885
trying_VERB to_PRT _VERB_,32433885
in_ADP my_PRON _NOUN_,32426632
in_ADP my _NOUN_,32426632
my _NOUN_ _CONJ_,32392706
my_PRON _NOUN_ _CONJ_,32392706
with_ADP _PRON_ ._.,32339409
with _PRON_ .,32339409
with _PRON_ ._.,32339409
with_ADP _PRON_ .,32339409
of_ADP _NUM_ _._,32330059
of _NUM_ _._,32330059
the _NOUN_ who_PRON,32312359
the_DET _NOUN_ who,32312359
the_DET _NOUN_ who_PRON,32312359
the _NOUN_ who,32312359
as _ADJ_ _._,32222456
against _DET_ _NOUN_,32206767
against_ADP _DET_ _NOUN_,32206767
it_PRON _VERB_ _PRON_,32137087
it _VERB_ _PRON_,32137087
as the_DET _ADJ_,32131705
as_ADP the_DET _ADJ_,32131705
as the _ADJ_,32131705
as_ADP the _ADJ_,32131705
"at _NOUN_ ,",32118654
"at _NOUN_ ,_.",32118654
"at_ADP _NOUN_ ,_.",32117862
"at_ADP _NOUN_ ,",32117862
their _NOUN_ and,32108832
their_PRON _NOUN_ and,32108832
their _NOUN_ and_CONJ,32108831
their_PRON _NOUN_ and_CONJ,32108831
such _DET_ _NOUN_,32108753
at _ADJ_ _NOUN_,32105936
at_ADP _ADJ_ _NOUN_,32105896
let _PRON_ _VERB_,32090900
let_VERB _PRON_ _VERB_,32090900
These _NOUN_ _VERB_,32059078
These_DET _NOUN_ _VERB_,32059078
there_DET _VERB_ _ADV_,32052809
on _NOUN_ ._.,32034932
on _NOUN_ .,32034932
which_DET _VERB_ _ADP_,32032569
which _VERB_ _ADP_,32032569
they _VERB_ to,32001127
they_PRON _VERB_ to,32001127
they _VERB_ to_PRT,31999133
they_PRON _VERB_ to_PRT,31999133
of _DET_ _ADV_,31996280
of_ADP _DET_ _ADV_,31996263
in their _NOUN_,31927179
in their_PRON _NOUN_,31927179
University_NOUN _ADP_ _NOUN_,31925452
University _ADP_ _NOUN_,31925452
they _VERB_ _ADJ_,31924920
they_PRON _VERB_ _ADJ_,31924920
in_ADP their _NOUN_,31916052
in_ADP their_PRON _NOUN_,31916052
I did not,31889018
I did_VERB not,31888331
I did not_ADV,31888331
I did_VERB not_ADV,31888331
I_PRON did_VERB not,31887948
I_PRON did_VERB not_ADV,31887948
I_PRON did not,31887948
I_PRON did not_ADV,31887948
first _NOUN_ _._,31886106
first_ADJ _NOUN_ _._,31875000
and _ADJ_ ._.,31872504
and_CONJ _ADJ_ .,31872504
and _ADJ_ .,31872504
and_CONJ _ADJ_ ._.,31872504
of _NOUN_ that_DET,31808990
of_ADP _NOUN_ that_DET,31808981
as_ADV _ADJ_ as,31806464
but the _NOUN_,31799929
but the_DET _NOUN_,31799929
under_ADP the _NOUN_,31799514
under the _NOUN_,31799514
under_ADP the_DET _NOUN_,31799514
under the_DET _NOUN_,31799514
and then _VERB_,31789777
and_CONJ then_ADV _VERB_,31789777
and then_ADV _VERB_,31789777
and_CONJ then _VERB_,31789777
for _NOUN_ _VERB_,31780639
for_ADP _NOUN_ _VERB_,31780099
on_ADP _NOUN_ ._.,31761440
on_ADP _NOUN_ .,31761440
when _NOUN_ _VERB_,31746078
when_ADV _NOUN_ _VERB_,31746038
J. _NOUN_ _._,31731910
J._NOUN _NOUN_ _._,31731910
the_DET _NOUN_ _NUM_,31719661
the _NOUN_ _NUM_,31719661
but_CONJ the_DET _NOUN_,31707516
but_CONJ the _NOUN_,31707516
and_CONJ _VERB_ in,31701594
and _VERB_ in,31701594
"as _NOUN_ ,",31683514
"as _NOUN_ ,_.",31683514
"as_ADP _NOUN_ ,",31681543
"as_ADP _NOUN_ ,_.",31681543
out_PRT _DET_ _NOUN_,31679260
their _NOUN_ _NOUN_,31662796
their_PRON _NOUN_ _NOUN_,31662796
as it_PRON _VERB_,31656013
as it _VERB_,31656013
as_ADP it _VERB_,31656013
as_ADP it_PRON _VERB_,31656013
as_ADV _ADJ_ as_ADP,31635040
other _NOUN_ _VERB_,31615353
other_ADJ _NOUN_ _VERB_,31615347
s _NOUN_ _._,31614584
into _NOUN_ _._,31594634
into_ADP _NOUN_ _._,31594551
York _._ _NOUN_,31511731
I_PRON have_VERB _VERB_,31502513
I_PRON have _VERB_,31502513
I have _VERB_,31502513
I have_VERB _VERB_,31502513
there _VERB_ _NOUN_,31498302
was_VERB the _ADJ_,31482319
was the_DET _ADJ_,31482319
was_VERB the_DET _ADJ_,31482319
was the _ADJ_,31482319
not _VERB_ a,31470443
not_ADV _VERB_ a,31470440
not _VERB_ a_DET,31461944
not_ADV _VERB_ a_DET,31461941
as_ADP they_PRON _VERB_,31458405
as_ADP they _VERB_,31458405
as they _VERB_,31458405
as they_PRON _VERB_,31458405
was_VERB _ADJ_ ._.,31454181
was_VERB _ADJ_ .,31454181
was _ADJ_ .,31454181
was _ADJ_ ._.,31454181
like a _NOUN_,31451056
like a_DET _NOUN_,31451056
a _NOUN_ on,31397336
a_DET _NOUN_ on,31397334
have _ADJ_ _NOUN_,31389121
have_VERB _ADJ_ _NOUN_,31387579
I _VERB_ my,31337617
I_PRON _VERB_ my,31337100
that _VERB_ not,31333850
that _VERB_ not_ADV,31333849
I _VERB_ my_PRON,31332528
I_PRON _VERB_ my_PRON,31332011
York_NOUN _._ _NOUN_,31330399
to _VERB_ an,31301364
to _VERB_ an_DET,31301320
to_PRT _VERB_ an,31301192
to_PRT _VERB_ an_DET,31301148
a _NOUN_ on_ADP,31297167
a_DET _NOUN_ on_ADP,31297165
a _NOUN_ with,31246993
a_DET _NOUN_ with,31246990
a _NOUN_ with_ADP,31246972
a_DET _NOUN_ with_ADP,31246969
had_VERB _VERB_ _NOUN_,31234619
had _VERB_ _NOUN_,31234619
make _DET_ _NOUN_,31224871
make_VERB _DET_ _NOUN_,31221313
would_VERB _VERB_ to,31197270
would _VERB_ to,31197270
would _VERB_ to_PRT,31196814
would_VERB _VERB_ to_PRT,31196814
its _NOUN_ ._.,31179236
its_PRON _NOUN_ .,31179236
its_PRON _NOUN_ ._.,31179236
its _NOUN_ .,31179236
that_DET _VERB_ not,31172346
that_DET _VERB_ not_ADV,31172345
the _ADJ_ ._.,31134548
the_DET _ADJ_ .,31134548
the_DET _ADJ_ ._.,31134548
the _ADJ_ .,31134548
an _NOUN_ .,31108936
an _NOUN_ ._.,31108936
an_DET _NOUN_ .,31108866
an_DET _NOUN_ ._.,31108866
to _VERB_ up_PRT,31102868
to_PRT _VERB_ up_PRT,31102847
like_ADP a_DET _NOUN_,31101873
like_ADP a _NOUN_,31101873
that_ADP _PRON_ _NOUN_,31069031
who_PRON _VERB_ _PRON_,31058498
who _VERB_ _PRON_,31058498
he 'd_VERB _VERB_,31020504
he_PRON 'd_VERB _VERB_,31020504
he 'd _VERB_,31020504
he_PRON 'd _VERB_,31020504
she _VERB_ to,31019988
she_PRON _VERB_ to,31019936
she _VERB_ to_PRT,31018652
she_PRON _VERB_ to_PRT,31018600
he_PRON _VERB_ a,31006228
he _VERB_ a,31006228
he _VERB_ a_DET,30994684
he_PRON _VERB_ a_DET,30994684
for _NUM_ _NOUN_,30986519
for_ADP _NUM_ _NOUN_,30986519
as_ADP I_PRON _VERB_,30955764
as_ADP I _VERB_,30955764
as I_PRON _VERB_,30955764
as I _VERB_,30955764
if_ADP the_DET _NOUN_,30941055
if the _NOUN_,30941055
if_ADP the _NOUN_,30941055
if the_DET _NOUN_,30941055
University of _NOUN_,30933360
University_NOUN of_ADP _NOUN_,30933360
University of_ADP _NOUN_,30933360
University_NOUN of _NOUN_,30933360
Her _NOUN_ _VERB_,30927053
Her_PRON _NOUN_ _VERB_,30927053
My _NOUN_ _VERB_,30883214
A _NOUN_ _VERB_,30840320
on a _ADJ_,30817513
on a_DET _ADJ_,30817513
the_DET end _ADP_,30810814
the end _ADP_,30810814
the end_NOUN _ADP_,30810814
the_DET end_NOUN _ADP_,30810814
as _ADP_ _PRON_,30803973
"said , """,30767076
"said_VERB ,_. ""_.",30765717
"said_VERB , """,30765717
"said , ""_.",30765717
"said ,_. """,30765717
"said_VERB ,_. """,30765717
"said ,_. ""_.",30765717
"said_VERB , ""_.",30765717
which_DET the _NOUN_,30750448
which the _NOUN_,30750448
which the_DET _NOUN_,30750448
which_DET the_DET _NOUN_,30750448
there_DET _VERB_ _NOUN_,30732895
have _VERB_ _ADV_,30726112
