ngram,freq
the _NOUN_ _ADP_ _DET_ _NOUN_,759884789
the _NOUN_ _ADP_ the _NOUN_,569782600
the _NOUN_ of _DET_ _NOUN_,529259695
the _NOUN_ of the _NOUN_,406480859
the _NOUN_ _ADP_ _NOUN_ _._,288272993
the _ADJ_ _NOUN_ _ADP_ _DET_,286325277
the _ADJ_ _NOUN_ _._ _END_,238722152
the _NOUN_ _ADP_ _DET_ _ADJ_,236007040
the _NOUN_ of _NOUN_ _._,232069055
the _ADJ_ _NOUN_ . _END_,221116583
the _ADJ_ _NOUN_ _ADP_ _NOUN_,219927479
of _DET_ _NOUN_ _._ _END_,216496212
the _ADJ_ _NOUN_ _ADP_ the,210903593
the _NOUN_ _ADP_ _ADJ_ _NOUN_,206858832
the _NOUN_ _NOUN_ _._ _END_,202018250
of _DET_ _NOUN_ . _END_,198058345
to _VERB_ _DET_ _NOUN_ _ADP_,194339700
the _NOUN_ _NOUN_ . _END_,188700833
a _ADJ_ _NOUN_ _._ _END_,180622403
the _ADJ_ _NOUN_ of _DET_,180132510
the _NOUN_ _ADP_ _NOUN_ _NOUN_,174289505
a _ADJ_ _NOUN_ . _END_,166111193
of the _NOUN_ _._ _END_,163988734
the _NOUN_ of _ADJ_ _NOUN_,163833900
the _NOUN_ of _DET_ _ADJ_,160937031
the _ADJ_ _NOUN_ of _NOUN_,157449005
the _NOUN_ _ADP_ _PRON_ _NOUN_,157002670
a _ADJ_ _NOUN_ _ADP_ _NOUN_,151581125
of the _NOUN_ . _END_,150885529
a _NOUN_ _ADP_ _DET_ _NOUN_,149568596
in _DET_ _NOUN_ _._ _END_,148005702
to _VERB_ _DET_ _ADJ_ _NOUN_,144239197
the _NOUN_ _ADP_ the _ADJ_,143840430
the _ADJ_ _NOUN_ of the,140393531
the _NOUN_ _ADP_ _NOUN_ _ADP_,139887684
of _DET_ _ADJ_ _NOUN_ _._,136680614
the _NOUN_ of _NOUN_ _NOUN_,136611512
in _DET_ _NOUN_ . _END_,135576431
a _ADJ_ _NOUN_ _ADP_ _DET_,134201819
in _DET_ _ADJ_ _NOUN_ _._,128204134
to _VERB_ the _NOUN_ _ADP_,126435574
"the _NOUN_ _ADP_ _NOUN_ ,",120923641
of _DET_ _NOUN_ _ADP_ _DET_,116753266
of _DET_ _NOUN_ _ADP_ _NOUN_,116012330
of _DET_ _NOUN_ _NOUN_ _._,115616837
in _DET_ _NOUN_ _ADP_ _NOUN_,113456646
a _NOUN_ _ADP_ _NOUN_ _._,111153472
the _NOUN_ of _NOUN_ _ADP_,109319254
the _NOUN_ _NOUN_ _ADP_ _DET_,109116397
the _NOUN_ _ADP_ _NOUN_ _VERB_,107766293
to _VERB_ _ADP_ _DET_ _NOUN_,107543370
in _DET_ _NOUN_ _ADP_ _DET_,106779895
the _NOUN_ of _PRON_ _NOUN_,105624785
the _NOUN_ _ADP_ _NOUN_ .,105274308
to _VERB_ _DET_ _NOUN_ of,105111167
to _VERB_ _DET_ _NOUN_ _._,104308462
a _NOUN_ _ADP_ the _NOUN_,103464546
in the _NOUN_ _._ _END_,101904830
of _ADJ_ _NOUN_ _._ _END_,101638613
of _DET_ _ADJ_ _NOUN_ _ADP_,100555141
the _NOUN_ of the _ADJ_,100060112
of _NOUN_ _ADP_ _DET_ _NOUN_,99512193
"the _NOUN_ of _NOUN_ ,",99444729
a _ADJ_ _NOUN_ of _NOUN_,98743291
of the _NOUN_ _NOUN_ _._,96882846
and _ADJ_ _NOUN_ _._ _END_,96615476
the _NOUN_ _NOUN_ _NOUN_ _._,96489775
the _NOUN_ _ADP_ _NOUN_ _CONJ_,95446158
the _NOUN_ _NOUN_ _ADP_ _NOUN_,94735578
of _ADJ_ _NOUN_ . _END_,94009359
in the _NOUN_ . _END_,93892325
of the _NOUN_ _ADP_ _DET_,93663362
in _DET_ _NOUN_ of _NOUN_,92900351
a _ADJ_ _NOUN_ _ADP_ the,91046396
of the _ADJ_ _NOUN_ _._,90769578
and _ADJ_ _NOUN_ . _END_,90040555
of the _NOUN_ _ADP_ _NOUN_,89621805
in the _NOUN_ _ADP_ _DET_,89165900
the _NOUN_ _ADP_ a _NOUN_,88625941
to _DET_ _NOUN_ _._ _END_,87808796
in the _NOUN_ _ADP_ _NOUN_,86721675
and _NOUN_ _NOUN_ _._ _END_,86063376
the _NOUN_ _ADP_ _NOUN_ and,85335301
and _NOUN_ _ADP_ _DET_ _NOUN_,84661703
to _DET_ _NOUN_ _ADP_ _DET_,84115624
a _NOUN_ of _NOUN_ _._,83426659
The _NOUN_ _ADP_ _DET_ _NOUN_,82814319
the _NOUN_ of _NOUN_ .,81491423
be _VERB_ _ADP_ _DET_ _NOUN_,81406032
to _DET_ _NOUN_ . _END_,81150881
and _NOUN_ _NOUN_ . _END_,80887174
a _NOUN_ _ADP_ _ADJ_ _NOUN_,80658064
in _DET_ _NOUN_ _NOUN_ _._,79495230
the _NOUN_ _NOUN_ _ADP_ the,79164270
the _NOUN_ of _NOUN_ _VERB_,78758687
of _DET_ _NOUN_ _ADP_ the,78194643
to _VERB_ the _NOUN_ of,78087073
the _ADJ_ _NOUN_ _NOUN_ _._,77201643
the _NOUN_ _._ _._ _END_,75522070
in the _ADJ_ _NOUN_ _._,75340066
in _DET_ _ADJ_ _NOUN_ _ADP_,75157870
the _NOUN_ _VERB_ _ADP_ _DET_,75134403
of _DET_ _NOUN_ of _NOUN_,74699404
in the _NOUN_ of _NOUN_,73269296
to _VERB_ _ADP_ the _NOUN_,73063851
of the _ADJ_ _NOUN_ _ADP_,73041629
in _DET_ _NOUN_ of _DET_,72965058
of _NOUN_ _NOUN_ _._ _END_,72724287
a _ADJ_ _._ _ADJ_ _NOUN_,72602301
the _NOUN_ _CONJ_ _NOUN_ _ADP_,72221355
to _DET_ _NOUN_ _ADP_ _NOUN_,72189465
of _NOUN_ _ADP_ the _NOUN_,71647133
the _NOUN_ of _NOUN_ _CONJ_,71348003
of _PRON_ _NOUN_ _._ _END_,71312037
to the _NOUN_ _ADP_ _DET_,70659910
the _NOUN_ _VERB_ _DET_ _NOUN_,70544490
the _NOUN_ _._ _PRON_ _VERB_,70533250
in _DET_ _NOUN_ _ADP_ the,68574768
in the _NOUN_ of _DET_,67728903
of _NOUN_ _NOUN_ . _END_,67669747
to the _NOUN_ _._ _END_,67276451
of _DET_ _NOUN_ _NOUN_ _NOUN_,66808537
of _NOUN_ _._ _NOUN_ _._,66582595
to _VERB_ the _ADJ_ _NOUN_,66562378
the _NOUN_ _VERB_ _ADV_ _VERB_,66351684
the _ADJ_ _._ _ADJ_ _NOUN_,65608747
of _PRON_ _NOUN_ . _END_,65533918
the _NOUN_ _ADP_ _PRON_ _VERB_,65381835
the _NOUN_ _._ _DET_ _NOUN_,65349099
the _NOUN_ _VERB_ _VERB_ _ADP_,64832409
the _ADJ_ _NOUN_ _ADP_ _PRON_,64735265
of the _NOUN_ _ADP_ the,64634581
of _NOUN_ _CONJ_ _NOUN_ _._,64608634
and _NOUN_ _ADP_ the _NOUN_,64541154
is _VERB_ _ADP_ _DET_ _NOUN_,64322929
"the _NOUN_ , _PRON_ _VERB_",64188378
in the _NOUN_ _NOUN_ _._,63773145
the _NOUN_ and _NOUN_ _ADP_,63637852
a _NOUN_ of _ADJ_ _NOUN_,63444381
the _NOUN_ of _NOUN_ and,63272356
to the _NOUN_ . _END_,62535255
the _NOUN_ _NOUN_ _VERB_ _VERB_,61934782
in _PRON_ _NOUN_ _._ _END_,61615418
The _NOUN_ of _DET_ _NOUN_,61582341
the _NOUN_ _._ _NOUN_ _._,61413860
the _NOUN_ _NOUN_ _NOUN_ _NOUN_,61371080
and _VERB_ _DET_ _NOUN_ _ADP_,61227705
the _ADJ_ _NOUN_ _VERB_ _VERB_,61115350
in _DET_ _ADJ_ _NOUN_ .,60913023
on _DET_ _NOUN_ _._ _END_,60561636
of _DET_ _NOUN_ _VERB_ _VERB_,60522328
the _NOUN_ _ADP_ a _ADJ_,60267155
to _DET_ _NOUN_ _ADP_ the,59803450
the _ADJ_ _NOUN_ _ADP_ _ADJ_,59440045
of the _NOUN_ of _NOUN_,59122322
The _NOUN_ _ADP_ the _NOUN_,59051983
of the _NOUN_ _NOUN_ _NOUN_,58465873
was _VERB_ _ADP_ _DET_ _NOUN_,58460777
of _DET_ _ADJ_ _NOUN_ .,58407467
to _VERB_ _DET_ _NOUN_ _NOUN_,58359444
to _DET_ _ADJ_ _NOUN_ _._,58322446
the _NOUN_ _PRT_ _NOUN_ _._,57985998
and _DET_ _NOUN_ _ADP_ _NOUN_,57957624
in the _NOUN_ _ADP_ the,57926989
to _DET_ _ADJ_ _NOUN_ _ADP_,57714638
the _NOUN_ _CONJ_ _NOUN_ of,57621114
the _NOUN_ of a _NOUN_,57438088
of _NOUN_ and _NOUN_ _._,57291424
to _VERB_ the _NOUN_ _._,57239734
in _PRON_ _NOUN_ . _END_,56828202
a _NOUN_ _ADP_ _NOUN_ _ADP_,56814282
to the _NOUN_ _ADP_ _NOUN_,56705950
on _DET_ _NOUN_ . _END_,56402591
the _NOUN_ _PRON_ _VERB_ _VERB_,56312035
and _VERB_ _ADP_ _DET_ _NOUN_,56234301
in _NOUN_ _ADP_ _DET_ _NOUN_,56065074
in _ADJ_ _NOUN_ _._ _END_,55696039
"the _NOUN_ , _DET_ _NOUN_",55689984
of _DET_ _NOUN_ _NOUN_ _ADP_,55289545
to _VERB_ _PRON_ _NOUN_ _._,55280383
on _DET_ _NOUN_ _ADP_ _DET_,55269266
of _DET_ _ADJ_ _NOUN_ _NOUN_,55068114
the _NOUN_ _ADP_ _NOUN_ _PRT_,54152548
the _NOUN_ _CONJ_ _DET_ _NOUN_,54053146
"the _NOUN_ _._ "" _END_",53213441
is _DET_ _ADJ_ _NOUN_ _ADP_,53014903
a _NOUN_ _NOUN_ _._ _END_,52927443
to _VERB_ _DET_ _NOUN_ .,52847920
to _DET_ _NOUN_ of _NOUN_,52599588
to _DET_ _NOUN_ of _DET_,52465241
to _VERB_ a _ADJ_ _NOUN_,52416779
I _VERB_ _ADV_ _VERB_ _PRON_,52402047
of _DET_ _ADJ_ _NOUN_ _VERB_,52262921
the _NOUN_ _VERB_ _ADP_ the,52222696
be _VERB_ _ADP_ the _NOUN_,52191790
the _NOUN_ in _DET_ _NOUN_,52108341
in _ADJ_ _NOUN_ . _END_,52013464
and _NOUN_ _._ _NOUN_ _._,51961212
"of _DET_ _ADJ_ _NOUN_ ,",51941011
for _DET_ _NOUN_ _._ _END_,51762194
the _NOUN_ _NOUN_ _._ _NOUN_,51517097
the _NOUN_ and _NOUN_ of,51154412
in the _ADJ_ _NOUN_ _ADP_,50997244
to the _NOUN_ _ADP_ the,50881721
the _ADJ_ _NOUN_ _._ _NOUN_,50813156
a _ADJ_ - _ADJ_ _NOUN_,50769375
the _NOUN_ _ADP_ his _NOUN_,50744315
the _ADJ_ - _ADJ_ _NOUN_,50505521
a _NOUN_ of _DET_ _NOUN_,50288308
the _ADJ_ _NOUN_ _._ _DET_,49804945
of _DET_ _ADJ_ _NOUN_ of,49714958
the _NOUN_ _CONJ_ the _NOUN_,49404489
in _DET_ _NOUN_ of the,49372761
and _NOUN_ _NOUN_ _NOUN_ _._,48767077
at _DET_ _NOUN_ _ADP_ _DET_,48679582
the _NOUN_ . _._ _END_,48449230
to the _NOUN_ of _DET_,48404237
the _ADJ_ _NOUN_ _PRON_ _VERB_,48397681
a _NOUN_ _NOUN_ . _END_,48382474
to _VERB_ _PRON_ _._ _END_,48343837
and _NOUN_ _NOUN_ _._ _NOUN_,48239374
a _NOUN_ _ADP_ _DET_ _ADJ_,48073962
and _NOUN_ _._ _NUM_ _._,47978049
of _DET_ _NOUN_ _._ _NOUN_,47854015
of _DET_ _NOUN_ _NOUN_ .,47797002
the _ADJ_ _NOUN_ _NOUN_ _ADP_,47716254
and _DET_ _NOUN_ of _NOUN_,47644462
a _ADJ_ _NOUN_ _ADP_ _PRON_,47611058
for _DET_ _NOUN_ . _END_,47465695
on the _NOUN_ _._ _END_,47386640
on the _NOUN_ _ADP_ _DET_,47012433
"in _DET_ _ADJ_ _NOUN_ ,",46819075
of the _NOUN_ _NOUN_ _ADP_,46817211
that _PRON_ _VERB_ _ADV_ _VERB_,46757333
the _NOUN_ _._ the _NOUN_,46604377
the _NOUN_ and _DET_ _NOUN_,46551030
on _DET_ _NOUN_ _ADP_ _NOUN_,46438821
a _ADJ_ _NOUN_ _ADP_ _ADJ_,46411167
a _NOUN_ _ADP_ _NOUN_ .,46320304
a _ADJ_ _NOUN_ _NOUN_ _._,46301035
to _VERB_ _NOUN_ _._ _END_,46063442
the _NOUN_ _NOUN_ of _NOUN_,46035861
and _DET_ _NOUN_ _ADP_ _DET_,45959101
of _DET_ _NOUN_ of _DET_,45858510
the _ADJ_ _NOUN_ _VERB_ _ADP_,45350432
in the _NOUN_ of the,45345103
"a _NOUN_ _ADP_ _NOUN_ ,",45162807
the _ADJ_ _ADJ_ _NOUN_ _._,45049398
a _NOUN_ _ADP_ _NOUN_ _NOUN_,44934103
"of _DET_ _NOUN_ _NOUN_ ,",44682622
for _DET_ _ADJ_ _NOUN_ _._,44668694
the _NOUN_ 's _NOUN_ _._,44573059
on the _NOUN_ . _END_,44435768
and _NOUN_ _ADP_ _NOUN_ _._,44393561
a _NOUN_ of _NOUN_ _ADP_,44350886
The _NOUN_ of the _NOUN_,44199153
the _NOUN_ _VERB_ _VERB_ _VERB_,44130727
of _DET_ _NOUN_ _NOUN_ _VERB_,43964870
and the _NOUN_ _ADP_ _NOUN_,43722417
to _VERB_ _PRON_ . _END_,43626628
the _NOUN_ _._ _ADJ_ _NOUN_,43513549
in _DET_ _ADJ_ _NOUN_ of,43390468
for _DET_ _NOUN_ _ADP_ _NOUN_,43383759
"the _ADJ_ _NOUN_ , _DET_",43321543
that _DET_ _NOUN_ _VERB_ _VERB_,43256553
the _NOUN_ and the _NOUN_,43045552
the _NOUN_ _NOUN_ _NOUN_ _ADP_,43036234
and _VERB_ _DET_ _ADJ_ _NOUN_,42895309
is _VERB_ _ADP_ the _NOUN_,42894541
"the _NOUN_ , the _NOUN_",42588010
at the _NOUN_ _ADP_ _DET_,42553343
to the _NOUN_ of _NOUN_,42548538
the _NOUN_ _._ _NOUN_ _NOUN_,42160341
on _DET_ _ADJ_ _NOUN_ _._,42101236
to _VERB_ _NOUN_ . _END_,42097827
with _DET_ _NOUN_ _ADP_ _NOUN_,42046336
I _VERB_ not _VERB_ _PRON_,41907551
the _ADJ_ _NOUN_ of _ADJ_,41882358
the _NOUN_ _VERB_ _VERB_ _._,41866317
with _DET_ _ADJ_ _NOUN_ _ADP_,41854971
and _VERB_ _ADP_ the _NOUN_,41791075
"of _NOUN_ _._ _NOUN_ ,",41709010
is _DET_ _NOUN_ _ADP_ _DET_,41573229
of _NOUN_ _NOUN_ _._ _NOUN_,41516373
with _DET_ _ADJ_ _NOUN_ _._,41505545
of the _NOUN_ of _DET_,41379636
and _ADJ_ _NOUN_ _ADP_ _DET_,41339889
the _ADJ_ _ADJ_ _NOUN_ _ADP_,41263515
the _NOUN_ _VERB_ the _NOUN_,41116283
the _NOUN_ _NOUN_ of _DET_,41102776
and _ADJ_ _NOUN_ _ADP_ _NOUN_,41074578
to _DET_ _NOUN_ _NOUN_ _._,40948942
in _NOUN_ _ADP_ the _NOUN_,40932463
the _ADJ_ _NOUN_ _._ _VERB_,40755572
to _DET_ _NOUN_ of the,40627813
the _NOUN_ _NOUN_ _._ _DET_,40532938
to _VERB_ _NOUN_ _ADP_ _DET_,40419973
of _ADJ_ _NOUN_ _ADP_ _DET_,40205500
the _NOUN_ _VERB_ _PRT_ _VERB_,40026518
"of _NOUN_ , _NOUN_ _._",39913655
on _DET_ _NOUN_ _ADP_ the,39896500
the _NOUN_ _VERB_ _ADP_ _NOUN_,39878031
and _DET_ _ADJ_ _NOUN_ _ADP_,39792802
of the _NOUN_ _NOUN_ .,39720476
a _ADJ_ _NOUN_ of _DET_,39710528
was _VERB_ _ADP_ the _NOUN_,39693523
to the _ADJ_ _NOUN_ _ADP_,39601637
the _NOUN_ _VERB_ to _VERB_,39510471
of _DET_ _NOUN_ _VERB_ _ADP_,39483442
and _VERB_ the _NOUN_ _ADP_,39460130
I _VERB_ _VERB_ _PRT_ _VERB_,39353083
of _NOUN_ _NOUN_ _NOUN_ _._,39307260
of the _ADJ_ _NOUN_ _NOUN_,39305519
to _VERB_ a _NOUN_ _ADP_,39263598
his _NOUN_ _ADP_ _DET_ _NOUN_,39154920
the _NOUN_ of a _ADJ_,39049178
I _VERB_ _VERB_ to _VERB_,38987565
of the _NOUN_ _VERB_ _VERB_,38980251
at _DET_ _NOUN_ of _DET_,38813251
"the _NOUN_ . "" _END_",38812971
of the _ADJ_ _NOUN_ .,38728617
to _VERB_ _ADJ_ _NOUN_ _ADP_,38668877
to _PRON_ _NOUN_ _._ _END_,38644899
of _NOUN_ _ADP_ _NOUN_ _._,38623412
of _DET_ _NOUN_ _._ _DET_,38575006
the _ADJ_ _NOUN_ _._ _CONJ_,38570068
of _DET_ _NOUN_ _._ _CONJ_,38372105
on the _NOUN_ _ADP_ _NOUN_,38338017
of the _ADJ_ _NOUN_ of,38178140
of _ADJ_ _NOUN_ _ADP_ _NOUN_,38051630
"of the _NOUN_ _NOUN_ ,",37848547
to _VERB_ _PRON_ _NOUN_ _ADP_,37776883
and the _NOUN_ _ADP_ _DET_,37763041
on _DET_ _NOUN_ of _DET_,37748365
to _VERB_ the _NOUN_ _NOUN_,37659733
of the _NOUN_ _._ _NOUN_,37647513
to the _NOUN_ of the,37518090
"the _NOUN_ _NOUN_ _NOUN_ ,",37309331
for _DET_ _NOUN_ _ADP_ _DET_,37207291
the _NOUN_ of _NOUN_ _PRT_,37095638
at the _NOUN_ of _DET_,37058495
is _DET_ _NOUN_ _ADP_ _NOUN_,36950183
the _ADJ_ _NOUN_ _NOUN_ _VERB_,36932808
in a _ADJ_ _NOUN_ _._,36913361
to _VERB_ _ADP_ _DET_ _ADJ_,36896241
and the _NOUN_ of _NOUN_,36775185
at _DET_ _NOUN_ _._ _END_,36731602
at _DET_ _NOUN_ _ADP_ the,36623824
in _DET_ _NOUN_ _ADP_ _ADJ_,36569596
of the _ADJ_ _NOUN_ _VERB_,36412802
the _NOUN_ in the _NOUN_,36046858
to the _ADJ_ _NOUN_ _._,35919433
to _PRON_ _NOUN_ . _END_,35826127
for _DET_ _NOUN_ of _NOUN_,35718672
in _DET_ _NOUN_ _NOUN_ .,35709770
with _DET_ _NOUN_ _ADP_ _DET_,35683106
on _DET_ _NOUN_ of _NOUN_,35612380
the _NOUN_ _NOUN_ _NOUN_ _VERB_,35569678
a _ADJ_ _ADJ_ _NOUN_ _._,35468774
a _NOUN_ of the _NOUN_,35408521
"the _ADJ_ _NOUN_ , _CONJ_",35371699
of the _NOUN_ _NOUN_ _VERB_,35351989
on _DET_ _ADJ_ _NOUN_ _ADP_,35324646
to _DET_ _ADJ_ _NOUN_ of,35319864
the _NOUN_ _ADP_ _NOUN_ in,35273042
and _NOUN_ of _DET_ _NOUN_,35244624
"of _DET_ _NOUN_ , _CONJ_",35196727
in the _ADJ_ _NOUN_ .,35164988
with _DET_ _NOUN_ _._ _END_,34941171
a _NOUN_ _ADP_ _PRON_ _NOUN_,34905921
to _VERB_ _ADJ_ _NOUN_ _._,34871146
of _DET_ _NOUN_ of the,34861105
in _NOUN_ _NOUN_ _._ _END_,34859670
the _NOUN_ _NOUN_ _NOUN_ .,34798469
of _DET_ _NOUN_ _._ _VERB_,34774932
a _NOUN_ of _NOUN_ .,34749116
"the _NOUN_ _NOUN_ , _DET_",34732323
and _NOUN_ _ADP_ _ADJ_ _NOUN_,34710375
of _DET_ _ADJ_ _ADJ_ _NOUN_,34674255
the _NOUN_ _NOUN_ _._ _VERB_,34440645
"of the _ADJ_ _NOUN_ ,",34438748
I _VERB_ _VERB_ _DET_ _NOUN_,34354530
"the _ADJ_ _NOUN_ , _VERB_",34269033
as _DET_ _NOUN_ _ADP_ _NOUN_,34249018
the _ADJ_ _NOUN_ _NOUN_ .,34148035
to the _NOUN_ _NOUN_ _._,34131858
at _DET_ _NOUN_ . _END_,34125344
"a _NOUN_ of _NOUN_ ,",34093233
on the _NOUN_ of _DET_,34039628
on the _NOUN_ _ADP_ the,34032159
the _NOUN_ _VERB_ _DET_ _ADJ_,34029280
a _NOUN_ _._ _._ _END_,33973009
the _NOUN_ of his _NOUN_,33895397
the _NOUN_ _PRT_ _VERB_ _DET_,33733368
The _NOUN_ _ADP_ _NOUN_ _NOUN_,33668316
to _VERB_ _VERB_ _ADP_ _DET_,33496278
the _ADJ_ _NOUN_ _VERB_ _ADV_,33487459
of _NOUN_ _ADP_ _DET_ _ADJ_,33389172
I _VERB_ _DET_ _NOUN_ _ADP_,33364698
with _DET_ _NOUN_ of _NOUN_,33360853
the _NOUN_ to _VERB_ _DET_,33354951
from _DET_ _NOUN_ _._ _END_,33287267
the _NOUN_ _VERB_ _VERB_ _PRT_,33253143
in the _ADJ_ _NOUN_ of,33221745
"the _NOUN_ _._ _NOUN_ ,",33209627
an _ADJ_ _NOUN_ _._ _END_,33191804
of _NOUN_ _._ _DET_ _NOUN_,33029883
the _ADJ_ _NOUN_ _NOUN_ _NOUN_,32956651
"to _VERB_ _DET_ _NOUN_ ,",32880854
The _ADJ_ _NOUN_ _ADP_ _DET_,32852727
"of _DET_ _NOUN_ , _DET_",32845370
a _ADJ_ _NOUN_ _._ _CONJ_,32808246
and _DET_ _NOUN_ _ADP_ the,32804385
the _NOUN_ _NOUN_ _VERB_ _ADP_,32751221
for _DET_ _ADJ_ _NOUN_ _ADP_,32707737
of _PRON_ _ADJ_ _NOUN_ _._,32690132
to _VERB_ _PRT_ _DET_ _NOUN_,32663815
of _NOUN_ _ADP_ _ADJ_ _NOUN_,32661384
to _VERB_ _DET_ _NOUN_ _PRT_,32589698
in _NOUN_ _NOUN_ . _END_,32549742
the _NOUN_ _NOUN_ of the,32507521
a _NOUN_ _ADP_ _NOUN_ _CONJ_,32354103
the _NOUN_ _._ _ADP_ _DET_,32283872
"of _NOUN_ , _NOUN_ ,",32240110
of _NOUN_ _NOUN_ _ADP_ _NOUN_,32194879
at the _NOUN_ _ADP_ the,32186770
of _DET_ _NOUN_ _CONJ_ _NOUN_,32128755
with _DET_ _NOUN_ . _END_,31981372
the _NOUN_ _ADP_ _PRON_ _ADJ_,31940334
the _ADJ_ _NOUN_ in _DET_,31753680
and _NOUN_ _ADP_ _NOUN_ _NOUN_,31744609
of the _NOUN_ of the,31737438
as _DET_ _NOUN_ _ADP_ _DET_,31642718
of _DET_ _NOUN_ _PRT_ _NOUN_,31601356
of _NOUN_ _._ _NOUN_ _NOUN_,31557756
I _VERB_ _ADP_ _DET_ _NOUN_,31537950
the _NOUN_ _NOUN_ _._ _CONJ_,31441240
the _NOUN_ _ADP_ _DET_ _VERB_,31429316
in _DET_ _NOUN_ _NOUN_ _NOUN_,31400652
not _VERB_ _DET_ _NOUN_ _ADP_,31376023
the _ADJ_ _NOUN_ _._ _ADP_,31369949
to _VERB_ _PRON_ _NOUN_ .,31316708
the _ADJ_ _NOUN_ _PRT_ _VERB_,31206553
the _NOUN_ _._ _CONJ_ _DET_,31124460
are _VERB_ _ADP_ _DET_ _NOUN_,31116854
and _DET_ _NOUN_ of _DET_,30963787
the _NOUN_ of _NOUN_ in,30946291
to _VERB_ _NOUN_ _ADP_ _NOUN_,30933578
the _NOUN_ _PRT_ _ADJ_ _NOUN_,30918467
from _DET_ _NOUN_ . _END_,30916714
I _VERB_ _ADV_ _VERB_ _DET_,30888310
with _ADJ_ _NOUN_ _._ _END_,30850653
be _VERB_ _ADP_ _DET_ _ADJ_,30842371
a _ADV_ _ADJ_ _NOUN_ _._,30834010
the _ADJ_ _NOUN_ to _VERB_,30769815
the _NOUN_ _NOUN_ _VERB_ _ADV_,30729116
the _ADJ_ _NOUN_ _._ _._,30720693
"a _ADJ_ _NOUN_ , _CONJ_",30615112
the _NOUN_ _ADP_ _NOUN_ of,30505050
a _ADJ_ _NOUN_ _PRT_ _VERB_,30486555
in _DET_ _NOUN_ of _ADJ_,30460554
for _ADJ_ _NOUN_ _._ _END_,30438758
an _ADJ_ _NOUN_ . _END_,30438305
in _DET_ _NOUN_ _NOUN_ _ADP_,30354303
a _ADJ_ _NOUN_ to _VERB_,30342334
the _NOUN_ _._ _NOUN_ _VERB_,30339156
the _NOUN_ _ADP_ _VERB_ _NOUN_,30333928
the _NOUN_ _VERB_ not _VERB_,30288502
on _PRON_ _NOUN_ _._ _END_,30258682
at _DET_ _NOUN_ of the,30245664
the _NOUN_ _VERB_ _._ _END_,30214468
I _VERB_ _ADV_ _VERB_ _PRT_,30157705
and _VERB_ _DET_ _NOUN_ of,30112631
and _PRON_ _VERB_ _ADV_ _VERB_,30044285
on the _NOUN_ of _NOUN_,30020739
I _VERB_ _PRON_ _VERB_ _VERB_,30012372
an _NOUN_ _ADP_ _DET_ _NOUN_,30001292
of _DET_ _NOUN_ _VERB_ _ADV_,29989713
the _ADJ_ _NOUN_ _DET_ _VERB_,29943747
and _ADJ_ _NOUN_ _ADP_ the,29844872
the _NOUN_ _CONJ_ _NOUN_ _NOUN_,29844402
of _DET_ _NOUN_ _._ _._,29829486
a _ADJ_ _NOUN_ of the,29772715
the _NOUN_ _._ _CONJ_ _VERB_,29761562
the _ADJ_ _NOUN_ of _PRON_,29701300
and _VERB_ _DET_ _NOUN_ _._,29616819
to _VERB_ the _NOUN_ .,29608166
the _ADV_ _ADJ_ _NOUN_ _ADP_,29554968
his _ADJ_ _NOUN_ _._ _END_,29542970
of _NOUN_ in _DET_ _NOUN_,29534776
the _NOUN_ _ADP_ this _NOUN_,29511004
a _ADJ_ _NOUN_ _._ _._,29431792
The _ADJ_ _NOUN_ _ADP_ _NOUN_,29424064
that _PRON_ _VERB_ not _VERB_,29405285
the _ADJ_ _NOUN_ _ADP_ a,29395585
The _NOUN_ _ADP_ _NOUN_ _VERB_,29367248
the _NOUN_ _PRT_ _DET_ _NOUN_,29367094
but _PRON_ _VERB_ _ADV_ _VERB_,29333388
of the _NOUN_ _._ _CONJ_,29241083
of _NOUN_ _._ _._ _END_,29186417
"the _NOUN_ , _CONJ_ _DET_",29124489
and _NOUN_ _._ _NUM_ ),29121896
"of _DET_ _NOUN_ , _VERB_",29100928
it _VERB_ _ADJ_ _PRT_ _VERB_,29090564
on _DET_ _NOUN_ of the,29086033
it _VERB_ _ADJ_ to _VERB_,29083911
not _VERB_ _ADP_ _DET_ _NOUN_,29081445
and _NOUN_ _._ _NOUN_ _NOUN_,29057960
I _VERB_ _ADV_ _VERB_ _ADP_,29054842
the _NOUN_ _ADP_ her _NOUN_,29006085
"and _NOUN_ , _NOUN_ _._",28997460
of _ADJ_ _NOUN_ _NOUN_ _._,28926772
for the _NOUN_ _ADP_ _NOUN_,28908145
the _ADJ_ _NOUN_ _VERB_ _DET_,28838761
by _DET_ _NOUN_ _ADP_ _DET_,28834609
the _ADJ_ _NOUN_ _CONJ_ _NOUN_,28825209
a _NOUN_ _ADP_ _NOUN_ _VERB_,28824491
his _NOUN_ _ADP_ the _NOUN_,28823489
a _NOUN_ _NOUN_ _ADP_ _DET_,28817151
at the _NOUN_ of the,28791643
in the _NOUN_ _NOUN_ .,28779442
in _DET_ _ADJ_ _NOUN_ _NOUN_,28770189
"the _NOUN_ _NOUN_ , _CONJ_",28758903
the _NOUN_ to _DET_ _NOUN_,28734399
of _NOUN_ _CONJ_ _NOUN_ _ADP_,28711901
"in _DET_ _NOUN_ _NOUN_ ,",28688415
by _DET_ _NOUN_ _ADP_ _NOUN_,28667017
with _ADJ_ _NOUN_ . _END_,28613037
on _PRON_ _NOUN_ . _END_,28552764
the _NOUN_ that _PRON_ _VERB_,28483999
a _ADV_ _ADJ_ _NOUN_ _ADP_,28468744
that the _NOUN_ _VERB_ _VERB_,28454286
of _DET_ _NOUN_ _ADP_ _ADJ_,28430309
for _ADJ_ _NOUN_ . _END_,28344579
in _DET_ _NOUN_ _ADP_ _PRON_,28329525
a _ADJ_ _NOUN_ of _ADJ_,28329071
the _ADJ_ _NOUN_ _._ _PRON_,28322920
in _NOUN_ _._ _NOUN_ _._,28238051
"the _NOUN_ , _CONJ_ _VERB_",28234498
there _VERB_ _DET_ _NOUN_ _ADP_,28194461
of the _NOUN_ _._ _DET_,28185839
"the _NOUN_ _NOUN_ , _VERB_",28184895
a _NOUN_ of _NOUN_ _NOUN_,28179070
was _DET_ _ADJ_ _NOUN_ _ADP_,28147867
of the _NOUN_ _VERB_ _ADP_,28137831
The _NOUN_ of _NOUN_ _NOUN_,28028581
been _VERB_ _ADP_ _DET_ _NOUN_,27938750
from _DET_ _NOUN_ _ADP_ _DET_,27896852
and _NOUN_ _ADP_ _DET_ _ADJ_,27890711
the _NOUN_ _VERB_ _VERB_ _DET_,27839248
of _ADJ_ _._ _ADJ_ _NOUN_,27829446
an _ADJ_ _NOUN_ _ADP_ _DET_,27761972
"the _ADJ_ _NOUN_ _NOUN_ ,",27719356
is _DET_ _NOUN_ of _NOUN_,27672841
and _NOUN_ of the _NOUN_,27653751
"in the _ADJ_ _NOUN_ ,",27620906
a _NOUN_ _ADP_ the _ADJ_,27607466
is _DET_ _ADJ_ _NOUN_ _._,27583195
at _DET_ _NOUN_ _ADP_ _NOUN_,27570248
and the _NOUN_ of _DET_,27566819
to _DET_ _ADJ_ _NOUN_ .,27564293
the _NOUN_ _PRT_ _NOUN_ _ADP_,27562279
the _NOUN_ _VERB_ _ADJ_ _._,27523967
to _VERB_ _DET_ _NOUN_ _CONJ_,27478340
of _ADJ_ _NOUN_ _ADP_ the,27475982
a _NOUN_ _ADP_ _NOUN_ and,27465489
to _VERB_ _PRON_ _ADJ_ _NOUN_,27458629
his _ADJ_ _NOUN_ . _END_,27452540
of _DET_ _NOUN_ _PRON_ _VERB_,27438695
in the _NOUN_ _ADP_ _ADJ_,27426134
of _NOUN_ _CONJ_ _NOUN_ _NOUN_,27425985
of _NOUN_ _ADP_ _NOUN_ _NOUN_,27401165
the _NOUN_ _NOUN_ _VERB_ _DET_,27366168
"the _NOUN_ , _NOUN_ _._",27304187
the _NOUN_ _PRT_ _NOUN_ .,27274929
as _DET_ _ADJ_ _NOUN_ _ADP_,27266489
is _DET_ _ADJ_ _NOUN_ of,27240356
an _ADJ_ _NOUN_ _ADP_ _NOUN_,27232234
on the _ADJ_ _NOUN_ _._,27170786
and the _NOUN_ _ADP_ the,27169952
the _NOUN_ _VERB_ . _END_,27126577
to be _VERB_ _ADP_ _DET_,27092807
on the _ADJ_ _NOUN_ _ADP_,27085687
the _NOUN_ _._ _VERB_ _DET_,27062050
the _NOUN_ _NOUN_ _._ _._,27013281
from the _NOUN_ _._ _END_,26974359
of _ADJ_ _NOUN_ _._ _NOUN_,26919431
of _DET_ _NOUN_ _._ _ADP_,26896891
"of the _NOUN_ , _CONJ_",26884883
is _VERB_ _ADP_ _DET_ _ADJ_,26839758
into _DET_ _NOUN_ _._ _END_,26820647
for the _NOUN_ _ADP_ _DET_,26815211
of _DET_ _NOUN_ _ADP_ _PRON_,26794161
of _NOUN_ _NOUN_ _ADP_ _DET_,26792215
"the _NOUN_ , _ADP_ _DET_",26689476
the _NOUN_ _._ _CONJ_ _PRON_,26680483
at _DET_ _ADJ_ _NOUN_ _._,26663103
of _DET_ _NOUN_ _VERB_ _DET_,26630634
in _DET_ _NOUN_ _._ _NOUN_,26619269
"and _NOUN_ , _NUM_ _._",26616270
of _NOUN_ _CONJ_ _NOUN_ .,26600323
and _ADJ_ _NOUN_ _NOUN_ _._,26584624
the _ADJ_ _NOUN_ _._ the,26574601
on _DET_ _NOUN_ _NOUN_ _._,26551695
to the _ADJ_ _NOUN_ of,26515662
to _VERB_ _ADP_ _PRON_ _VERB_,26497687
of the _NOUN_ _._ _VERB_,26460691
the _NOUN_ _VERB_ _ADV_ _ADJ_,26446806
with the _NOUN_ _ADP_ _DET_,26437258
the _NOUN_ - _ADJ_ _NOUN_,26363028
of a _ADJ_ _NOUN_ _._,26344666
to _VERB_ _ADP_ _NOUN_ _._,26335540
"the _ADJ_ _NOUN_ , _NOUN_",26319957
a _ADJ_ _NOUN_ _._ _DET_,26214599
that _DET_ _ADJ_ _NOUN_ _VERB_,26137716
"of _NOUN_ , _DET_ _NOUN_",26117300
I _VERB_ _ADV_ _VERB_ to,26096304
and _NOUN_ _NOUN_ _NOUN_ _NOUN_,26060904
of _DET_ _NOUN_ _._ and,26011707
on the _NOUN_ of the,25972015
a _ADJ_ _NOUN_ _._ _VERB_,25928541
as _DET_ _NOUN_ of _NOUN_,25895409
"the _NOUN_ _NOUN_ , _NOUN_",25830432
a _ADJ_ _NOUN_ _NOUN_ _ADP_,25830331
of _NOUN_ _._ _ADJ_ _NOUN_,25795120
"the _ADJ_ _NOUN_ , _ADP_",25766305
the _ADJ_ _CONJ_ _ADJ_ _NOUN_,25748314
the _NOUN_ and _NOUN_ _NOUN_,25748131
with _DET_ _ADJ_ _NOUN_ of,25739942
in the _NOUN_ _NOUN_ _NOUN_,25726639
and _DET_ _ADJ_ _NOUN_ of,25707994
of _NOUN_ _NOUN_ _NOUN_ _NOUN_,25663512
from _DET_ _NOUN_ _ADP_ _NOUN_,25647689
The _NOUN_ _VERB_ _DET_ _NOUN_,25636713
a _ADJ_ _NOUN_ _._ _NOUN_,25633074
I _VERB_ _DET_ _ADJ_ _NOUN_,25625998
a _NOUN_ in _DET_ _NOUN_,25578554
of _NOUN_ _VERB_ _ADP_ _DET_,25558416
a _ADJ_ _NOUN_ in _DET_,25513127
of _NOUN_ _._ _PRON_ _VERB_,25496052
of _DET_ _NOUN_ 's _NOUN_,25433266
the _ADJ_ _NOUN_ _._ and,25428446
is _DET_ _NOUN_ of _DET_,25427385
into _DET_ _NOUN_ . _END_,25421986
of _NOUN_ and _NOUN_ _ADP_,25400946
the _VERB_ _NOUN_ _._ _END_,25386434
of _ADJ_ _NOUN_ _CONJ_ _NOUN_,25384262
the _ADJ_ _NOUN_ _ADP_ _VERB_,25377089
"the _NOUN_ , _CONJ_ _PRON_",25374817
"the _ADJ_ _NOUN_ , _PRON_",25368478
and the _ADJ_ _NOUN_ _ADP_,25364636
the _NOUN_ _ADP_ _VERB_ _DET_,25339204
is _DET_ _NOUN_ _ADP_ the,25333308
the _NOUN_ _VERB_ _VERB_ to,25322660
to _VERB_ _NOUN_ _ADP_ the,25291616
"a _NOUN_ _._ "" _END_",25255881
there _VERB_ _DET_ _ADJ_ _NOUN_,25252421
of the _NOUN_ _PRT_ _NOUN_,25248109
"of _NOUN_ _CONJ_ _NOUN_ ,",25240773
from the _NOUN_ . _END_,25217544
out _ADP_ _DET_ _NOUN_ _._,25217046
to _ADJ_ _NOUN_ _._ _END_,25212964
and _NOUN_ _NOUN_ _ADP_ _NOUN_,25204310
The _NOUN_ _ADP_ _NOUN_ _._,25168129
for the _NOUN_ of _NOUN_,25164880
in _PRON_ _ADJ_ _NOUN_ _._,25156932
and _VERB_ _PRON_ _NOUN_ _._,25082397
a _NOUN_ _ADP_ a _NOUN_,25052318
I _VERB_ _ADV_ _VERB_ _._,24977380
in _DET_ _NOUN_ _._ _CONJ_,24929097
to _VERB_ _DET_ _NOUN_ _VERB_,24909853
were _VERB_ _ADP_ _DET_ _NOUN_,24904974
is a _ADJ_ _NOUN_ _ADP_,24902881
the _NOUN_ _ADP_ _PRON_ _._,24896678
it _VERB_ _DET_ _ADJ_ _NOUN_,24847869
The _NOUN_ _VERB_ _VERB_ _ADP_,24808596
of _DET_ _NOUN_ and _NOUN_,24800358
the _ADJ_ _NOUN_ and _NOUN_,24775255
the _NOUN_ 's _ADJ_ _NOUN_,24698737
and _DET_ _ADJ_ _NOUN_ _._,24681528
the _NOUN_ _NOUN_ _CONJ_ _NOUN_,24572844
their _ADJ_ _NOUN_ _._ _END_,24551996
to _VERB_ _ADP_ _PRON_ _NOUN_,24527866
a _NOUN_ of _NOUN_ _CONJ_,24526278
for _DET_ _NOUN_ of _DET_,24519884
of _NOUN_ and _NOUN_ _NOUN_,24517985
by _DET_ _NOUN_ _._ _END_,24489867
the _NOUN_ _VERB_ _ADP_ _PRON_,24414812
the _NOUN_ _ADP_ _NOUN_ 's,24399185
he _VERB_ _ADP_ _DET_ _NOUN_,24326844
for _DET_ _NOUN_ _ADP_ the,24322332
The _NOUN_ _VERB_ _ADV_ _VERB_,24272394
in the _NOUN_ _NOUN_ _ADP_,24258126
the _NOUN_ _._ _VERB_ _ADP_,24227274
for the _NOUN_ _._ _END_,24219552
is _ADV_ _VERB_ _ADP_ _DET_,24145910
"the _NOUN_ , _VERB_ _DET_",24100315
of _DET_ _ADJ_ _._ _ADJ_,24086322
the _NOUN_ _CONJ_ _NOUN_ _._,23955008
on _DET_ _ADJ_ _NOUN_ of,23950970
"the _ADJ_ _NOUN_ , the",23946500
"of _DET_ _NOUN_ , and",23944853
and _NOUN_ of _NOUN_ _._,23921966
of the _NOUN_ _CONJ_ _NOUN_,23918021
the _NOUN_ _CONJ_ _VERB_ _DET_,23916800
at the _NOUN_ _._ _END_,23913356
and _ADJ_ _._ _ADJ_ _NOUN_,23892058
the _NOUN_ _CONJ_ _VERB_ _PRON_,23886605
of _NOUN_ _NOUN_ _CONJ_ _NOUN_,23875792
not _VERB_ _DET_ _ADJ_ _NOUN_,23861508
"of the _NOUN_ , _DET_",23835644
the _VERB_ _NOUN_ . _END_,23814761
and _DET_ _NOUN_ _VERB_ _VERB_,23787823
can _VERB_ _VERB_ _ADP_ _DET_,23769038
with _DET_ _NOUN_ _ADP_ the,23763761
in the _NOUN_ of _ADJ_,23743935
the _NOUN_ _._ and _VERB_,23708102
of _NOUN_ and _NOUN_ .,23706922
the _NOUN_ _._ _DET_ _VERB_,23686748
and _DET_ _NOUN_ of the,23634354
"of _NOUN_ _NOUN_ , _NOUN_",23583420
from the _NOUN_ _ADP_ _DET_,23581309
by the _NOUN_ _ADP_ _DET_,23572157
the _NOUN_ _ADP_ _NOUN_ to,23571139
the _ADJ_ _NOUN_ that _VERB_,23535154
the _NOUN_ _ADP_ _ADJ_ _._,23513017
I _VERB_ _DET_ _NOUN_ _._,23475700
"the _ADJ_ _NOUN_ , and",23366347
and _DET_ _NOUN_ _NOUN_ _._,23351320
to _ADJ_ _NOUN_ . _END_,23345473
not _VERB_ _DET_ _NOUN_ _._,23293384
can be _VERB_ _ADP_ _DET_,23262086
and _DET_ _ADJ_ _NOUN_ _VERB_,23250698
was _DET_ _ADJ_ _NOUN_ _._,23217202
the _NOUN_ _CONJ_ _ADJ_ _NOUN_,23184560
in _DET_ _NOUN_ _._ _._,23159623
in the _NOUN_ _ADP_ _PRON_,23145320
"in _DET_ _NOUN_ , _CONJ_",23141000
with the _NOUN_ _ADP_ _NOUN_,23129323
The _NOUN_ of _NOUN_ _VERB_,23125688
that _VERB_ _DET_ _NOUN_ _ADP_,23124651
is _ADJ_ _ADP_ _DET_ _NOUN_,23040489
of _NOUN_ _PRT_ _NOUN_ _._,22992077
"in the _NOUN_ _NOUN_ ,",22908052
he _VERB_ _DET_ _NOUN_ _ADP_,22892378
the _NOUN_ and _VERB_ _PRON_,22859088
the _NOUN_ _PRT_ the _NOUN_,22854259
their _ADJ_ _NOUN_ . _END_,22839515
to _VERB_ _PRT_ the _NOUN_,22817118
"of _NOUN_ , _PRON_ _VERB_",22803339
the _ADJ_ and _ADJ_ _NOUN_,22792584
a _ADJ_ _ADJ_ _NOUN_ _ADP_,22780834
of the _ADJ_ _ADJ_ _NOUN_,22741790
that _DET_ _NOUN_ _ADP_ _NOUN_,22741243
The _NOUN_ _VERB_ _ADP_ _DET_,22737039
at the _NOUN_ _ADP_ _NOUN_,22728048
to _VERB_ _VERB_ _._ _END_,22719897
with _DET_ _NOUN_ of _DET_,22708225
the _NOUN_ of _VERB_ _NOUN_,22705381
The _NOUN_ _ADP_ _ADJ_ _NOUN_,22699935
"a _ADJ_ _NOUN_ , _VERB_",22610059
"the _NOUN_ , and _VERB_",22587000
that _DET_ _NOUN_ _VERB_ _ADV_,22582420
to _VERB_ _ADP_ _PRON_ _._,22577720
the _NOUN_ _._ and _DET_,22532826
and _VERB_ _NOUN_ _._ _END_,22528298
"and _NOUN_ _NOUN_ , _NOUN_",22488511
The _ADJ_ _NOUN_ of _DET_,22463997
at the _NOUN_ . _END_,22454388
the _NOUN_ to the _NOUN_,22452901
The _ADJ_ _NOUN_ _ADP_ the,22421974
by _DET_ _NOUN_ . _END_,22376730
the _NOUN_ and _VERB_ _DET_,22362612
"of _NOUN_ and _NOUN_ ,",22345122
of _ADJ_ _NOUN_ and _NOUN_,22343553
in _NOUN_ of _DET_ _NOUN_,22342339
for the _NOUN_ . _END_,22339200
a _NOUN_ _._ _PRON_ _VERB_,22326996
of _ADJ_ - _ADJ_ _NOUN_,22318015
from _DET_ _ADJ_ _NOUN_ _._,22308349
It _VERB_ _DET_ _ADJ_ _NOUN_,22280535
the _NOUN_ _NOUN_ _._ _ADP_,22268215
the _NOUN_ _NOUN_ _CONJ_ _VERB_,22260513
the _NOUN_ _NOUN_ _._ and,22237375
"of the _NOUN_ , _VERB_",22218291
by _DET_ _NOUN_ of _NOUN_,22215955
"of _DET_ _NOUN_ , _ADP_",22210897
the _NOUN_ _VERB_ _VERB_ _ADV_,22206544
in _DET_ _NOUN_ _._ _VERB_,22192964
for _DET_ _ADJ_ _NOUN_ .,22151863
in _DET_ _ADJ_ _NOUN_ _VERB_,22142898
the _NOUN_ _DET_ _VERB_ _VERB_,22139196
of _DET_ _NOUN_ _._ _PRON_,22091034
The _ADJ_ _NOUN_ of _NOUN_,22069726
the _NOUN_ _ADP_ their _NOUN_,22065231
to _DET_ _NOUN_ _ADP_ _ADJ_,22051368
and _NOUN_ _NOUN_ _ADP_ _DET_,22044428
as _DET_ _ADJ_ _NOUN_ _._,22027090
"a _ADJ_ _NOUN_ , _DET_",22020988
"the _NOUN_ , _VERB_ _ADP_",21988174
a _NOUN_ . _._ _END_,21971906
I _VERB_ _VERB_ _ADP_ _DET_,21963413
is the _NOUN_ _ADP_ _DET_,21930850
of _NOUN_ _NOUN_ _._ _NUM_,21927463
and _DET_ _NOUN_ _._ _END_,21911293
of _NOUN_ in the _NOUN_,21905409
and _VERB_ _PRON_ _NOUN_ _ADP_,21889339
I _VERB_ not _VERB_ _PRT_,21888833
to _VERB_ _ADV_ _._ _END_,21880326
"of _DET_ _NOUN_ , _NOUN_",21854209
to _VERB_ a _NOUN_ _._,21850841
a _NOUN_ of _NOUN_ _VERB_,21819814
in _NOUN_ _ADP_ _NOUN_ _._,21774493
I _VERB_ not _VERB_ _DET_,21744438
of _NOUN_ _CONJ_ _ADJ_ _NOUN_,21723985
of his _NOUN_ _._ _END_,21700066
but _PRON_ _VERB_ not _VERB_,21698969
of _DET_ _ADJ_ _NOUN_ _CONJ_,21689785
the _ADJ_ _NOUN_ in the,21680976
was _VERB_ _ADP_ _DET_ _ADJ_,21662508
the _NOUN_ _NOUN_ and _NOUN_,21659538
"the _NOUN_ _PRT_ _NOUN_ ,",21632867
The _NOUN_ of _NOUN_ _._,21631194
of the _NOUN_ _._ _._,21610410
"the _NOUN_ , _NOUN_ _VERB_",21609231
to _VERB_ _DET_ _NOUN_ and,21570970
the _NOUN_ for _DET_ _NOUN_,21567761
the _NOUN_ on _DET_ _NOUN_,21558380
to _VERB_ _PRON_ _ADP_ _DET_,21538242
to _VERB_ _._ _._ _END_,21517184
at _DET_ _NOUN_ of _NOUN_,21514906
of _NOUN_ _NOUN_ and _NOUN_,21507940
the _ADJ_ _NOUN_ _CONJ_ _VERB_,21498033
of _ADJ_ _ADJ_ _NOUN_ _._,21466268
a _ADJ_ _NOUN_ _VERB_ _VERB_,21461046
you _VERB_ _._ _._ _END_,21426439
into the _NOUN_ _._ _END_,21418174
in _DET_ _NOUN_ _VERB_ _VERB_,21414284
an _NOUN_ _ADP_ the _NOUN_,21396574
a _ADJ_ _NOUN_ _._ _ADP_,21383315
the _NOUN_ of _PRON_ _ADJ_,21357768
the _NOUN_ 's _NOUN_ .,21352626
to _DET_ _NOUN_ _ADP_ _PRON_,21321732
a _NOUN_ _NOUN_ _ADP_ _NOUN_,21300207
are _VERB_ _ADP_ the _NOUN_,21296625
the _NOUN_ 's _NOUN_ _ADP_,21279405
a _ADJ_ _NOUN_ _NOUN_ .,21273836
for the _NOUN_ of _DET_,21269972
the _ADJ_ _NOUN_ _._ _ADV_,21231381
of _DET_ _NOUN_ in _DET_,21215430
"the _NOUN_ , and _DET_",21195368
and _ADJ_ _NOUN_ of _NOUN_,21156550
be _VERB_ _ADP_ _ADJ_ _NOUN_,21154198
"to _DET_ _ADJ_ _NOUN_ ,",21121835
and the _NOUN_ of the,21107524
"the _NOUN_ , _NOUN_ ,",21082837
the _NOUN_ _PRON_ _VERB_ _ADP_,21060629
the _NOUN_ _ADP_ _ADJ_ _ADJ_,21040686
was _DET_ _NOUN_ _ADP_ _DET_,21032002
and _ADP_ _DET_ _NOUN_ _ADP_,21022249
the _NOUN_ _._ _DET_ _ADJ_,21008242
the _NOUN_ _PRT_ _VERB_ _NOUN_,20983986
and _VERB_ _NOUN_ . _END_,20981185
out _ADP_ the _NOUN_ _._,20972181
in _NOUN_ _ADP_ _DET_ _ADJ_,20967374
the _NOUN_ _VERB_ be _VERB_,20962341
by the _NOUN_ _ADP_ _NOUN_,20953838
as _DET_ _NOUN_ _ADP_ the,20949775
of _DET_ _NOUN_ _DET_ _VERB_,20942119
"the _NOUN_ , _DET_ _VERB_",20936697
the _NOUN_ _ADP_ _NUM_ _NOUN_,20919641
a _NOUN_ of _NOUN_ and,20913161
that _PRON_ _VERB_ _VERB_ _ADP_,20875762
I _VERB_ _ADP_ the _NOUN_,20869101
the _NOUN_ of this _NOUN_,20855339
that _DET_ _NOUN_ _ADP_ _DET_,20852757
of _NOUN_ _ADP_ the _ADJ_,20846428
in _NOUN_ _NOUN_ _._ _NOUN_,20788121
of the _NOUN_ _ADP_ _PRON_,20764450
the _ADJ_ _ADJ_ _NOUN_ of,20746026
for the _ADJ_ _NOUN_ _._,20734661
of the _NOUN_ _PRON_ _VERB_,20733491
by _DET_ _ADJ_ _NOUN_ _ADP_,20708132
by _DET_ _ADJ_ _NOUN_ _._,20682364
from _DET_ _NOUN_ _ADP_ the,20679546
the _VERB_ _NOUN_ _ADP_ _DET_,20635522
the _NOUN_ _NOUN_ and _VERB_,20607503
and _NOUN_ ( _NUM_ _._,20575041
"the _NOUN_ _NOUN_ , and",20560866
and _VERB_ the _NOUN_ of,20556914
on the _NOUN_ _NOUN_ _._,20551286
of _NOUN_ _VERB_ _VERB_ _ADP_,20520780
of the _NOUN_ _._ and,20504971
to _VERB_ _VERB_ . _END_,20491600
to _VERB_ _ADP_ the _ADJ_,20464429
a _NOUN_ _._ _ADJ_ _NOUN_,20437168
into the _NOUN_ . _END_,20430830
in _DET_ _ADJ_ _ADJ_ _NOUN_,20398340
that _PRON_ _VERB_ _DET_ _NOUN_,20372907
the _ADJ_ _NOUN_ in _NOUN_,20368594
to _VERB_ _DET_ _NOUN_ to,20364950
in _NOUN_ _NUM_ _._ _END_,20351069
by _DET_ _NOUN_ _ADP_ the,20350199
of the _NOUN_ 's _NOUN_,20329602
on the _ADJ_ _NOUN_ of,20326181
a _ADJ_ _NOUN_ _ADP_ _VERB_,20323993
to _DET_ _NOUN_ _NOUN_ _ADP_,20323108
of _ADJ_ _NOUN_ _VERB_ _VERB_,20320222
"a _NOUN_ , _PRON_ _VERB_",20317708
of the _NOUN_ _VERB_ _ADV_,20307428
it _VERB_ _DET_ _NOUN_ _ADP_,20304822
to _NOUN_ _ADP_ _DET_ _NOUN_,20301584
in _NOUN_ _CONJ_ _NOUN_ _._,20272877
the _NOUN_ _PRT_ _VERB_ _PRON_,20216301
and _ADJ_ _NOUN_ _VERB_ _VERB_,20198734
of his _NOUN_ . _END_,20197227
a _ADJ_ _NOUN_ _VERB_ _ADP_,20176095
of the _NOUN_ _ADP_ _ADJ_,20160511
you _VERB_ _VERB_ _DET_ _NOUN_,20138307
The _NOUN_ _ADP_ _DET_ _ADJ_,20131793
the _NOUN_ and _ADJ_ _NOUN_,20086798
and _ADP_ _DET_ _ADJ_ _NOUN_,20082033
to _VERB_ _ADP_ _ADJ_ _NOUN_,20070837
of _NOUN_ _VERB_ _DET_ _NOUN_,20056845
a _ADJ_ _CONJ_ _ADJ_ _NOUN_,20046225
did _ADV_ _VERB_ _PRT_ _VERB_,20045054
the _NOUN_ to _VERB_ _PRON_,20038577
and _DET_ _NOUN_ . _END_,20038230
the _NOUN_ _NOUN_ _ADP_ _PRON_,20008622
from _DET_ _ADJ_ _NOUN_ _ADP_,19981120
did _ADV_ _VERB_ to _VERB_,19976198
the _NOUN_ _ADV_ _._ _END_,19972235
did not _VERB_ _PRT_ _VERB_,19958424
and _VERB_ _PRT_ _DET_ _NOUN_,19945719
if _PRON_ _VERB_ _ADV_ _VERB_,19944905
the _NOUN_ _NOUN_ _._ the,19940961
the _NOUN_ _._ _CONJ_ the,19933484
of the _NOUN_ and _NOUN_,19922196
with _DET_ _ADJ_ _NOUN_ .,19891185
did not _VERB_ to _VERB_,19891145
the _NOUN_ of _DET_ _VERB_,19886656
from the _NOUN_ _ADP_ _NOUN_,19872241
he _VERB_ _VERB_ _DET_ _NOUN_,19855836
of the _NOUN_ _._ _ADP_,19843911
to _VERB_ _NOUN_ _NOUN_ _._,19828971
to _VERB_ _ADV_ . _END_,19803913
in _DET_ _NOUN_ _NOUN_ _VERB_,19803006
a _ADJ_ _NOUN_ _DET_ _VERB_,19802102
is _ADV_ _ADJ_ _._ _END_,19780453
a _ADJ_ _NOUN_ _._ and,19778749
from _DET_ _NOUN_ of _NOUN_,19731076
as a _NOUN_ _ADP_ _NOUN_,19712539
and _ADJ_ - _ADJ_ _NOUN_,19698571
"of _DET_ _NOUN_ , _PRON_",19697190
of _NOUN_ _._ _NUM_ _._,19691269
a _ADJ_ _NOUN_ _ADP_ a,19671313
as _DET_ _NOUN_ of _DET_,19638331
the _ADJ_ _NOUN_ and _VERB_,19634757
I _VERB_ not _VERB_ to,19634478
to _VERB_ the _NOUN_ _PRT_,19630374
and _VERB_ _ADP_ _DET_ _ADJ_,19621381
the _NOUN_ and _NOUN_ _._,19592239
The _ADJ_ _NOUN_ _VERB_ _VERB_,19534178
to _VERB_ _VERB_ _ADP_ the,19529021
"a _ADJ_ _NOUN_ _._ """,19521133
the _NOUN_ _VERB_ _VERB_ .,19476954
in _NOUN_ _NUM_ . _END_,19468657
the _NOUN_ _NOUN_ _CONJ_ _DET_,19427724
and _VERB_ the _ADJ_ _NOUN_,19416425
of _DET_ _NOUN_ _CONJ_ _VERB_,19405582
in _DET_ _NOUN_ _._ _DET_,19397095
with the _NOUN_ of _DET_,19391703
the _NOUN_ _._ _CONJ_ _ADV_,19384724
of _NOUN_ _._ the _NOUN_,19376464
of _NOUN_ _ADP_ _NOUN_ _ADP_,19372639
the _NOUN_ that _DET_ _NOUN_,19354687
was _DET_ _NOUN_ _ADP_ _NOUN_,19338575
and _ADJ_ _NOUN_ _._ _NOUN_,19320127
was _ADV_ _VERB_ _ADP_ _DET_,19312441
the _NOUN_ _PRT_ _VERB_ the,19311482
and _VERB_ the _NOUN_ _._,19301442
in _NOUN_ _ADP_ _ADJ_ _NOUN_,19294764
their _NOUN_ _ADP_ _DET_ _NOUN_,19272355
in the _NOUN_ _._ _NOUN_,19270907
that _PRON_ _VERB_ _VERB_ _DET_,19255453
the _ADJ_ _ADJ_ _NOUN_ .,19242544
her _NOUN_ _ADP_ _DET_ _NOUN_,19203754
of _DET_ _NOUN_ _._ _ADJ_,19189688
that _VERB_ _DET_ _ADJ_ _NOUN_,19168436
"in _DET_ _NOUN_ , _VERB_",19167681
and _NOUN_ _NOUN_ _._ _NUM_,19159397
in his _NOUN_ _._ _END_,19142666
at the _NOUN_ of _NOUN_,19138952
with a _ADJ_ _NOUN_ _._,19130639
the _NOUN_ _CONJ_ _NOUN_ _VERB_,19127604
the _NOUN_ to _VERB_ the,19120856
in _DET_ _NOUN_ _ADP_ a,19103474
for _DET_ _NOUN_ _NOUN_ _._,19074300
of _DET_ _NOUN_ _NOUN_ _CONJ_,19064336
it is _ADJ_ _PRT_ _VERB_,19051208
