ngram,freq
Series : Parallel Bible Halseth,7175231
in whole or in part,6728162
"not be copied , scanned",6281141
"or duplicated , in whole",6210135
"duplicated , in whole or",6164162
"copied , scanned , or",6133188
may be suppressed from the,6125883
party content may be suppressed,6112220
third party content may be,6085267
some third party content may,6084592
content may be suppressed from,6076744
the eBook and / or,6002911
"rights , some third party",5995819
"to electronic rights , some",5989302
"electronic rights , some third",5976362
suppressed from the eBook and,5970223
eBook and / or eChapter,5923398
be suppressed from the eBook,5898138
at the end of the,5835231
I do not want to,4566830
in the middle of the,3727363
Cambridge : Cambridge University Press,3483541
I do not know what,3154645
"Matthew , Mark , Luke",3035643
the other side of the,3032326
Oxford : Oxford University Press,2775788
"Mark , Luke & John",2754650
I did not want to,2513471
"here , here , here",2354543
on the other side of,2141977
New York : Oxford University,1868458
York : Oxford University Press,1863256
as a result of the,1850139
"the other hand , the",1764218
at the top of the,1724083
I do not know how,1718538
is one of the most,1676298
at the beginning of the,1651898
John ( Basic English 1949,1637850
at the time of the,1553671
on the part of the,1551362
At the end of the,1531293
"In other words , the",1517169
in the form of a,1464463
colleagues published their study in,1459714
and colleagues published their study,1459689
at the bottom of the,1457322
for the first time in,1456874
the United States of America,1456833
Chicago : University of Chicago,1431480
in such a way that,1418018
Luke & John ( Basic,1404229
I 'm not going to,1341133
You do not have to,1340735
I do not think I,1336769
and at the same time,1334888
in the case of the,1325872
will not be able to,1323590
I do not know if,1315936
"As a result , the",1314383
"In this case , the",1266509
"the same time , the",1244965
face - to - face,1241899
"Cambridge , MA : Harvard",1241429
in the direction of the,1240481
in any form or by,1239674
any form or by any,1238844
on the basis of the,1229602
day - to - day,1225465
would not be able to,1215687
in the context of the,1198710
has deemed that any suppressed,1191665
MA : Harvard University Press,1184122
that any suppressed content does,1181912
any suppressed content does not,1181561
deemed that any suppressed content,1180279
suppressed content does not materially,1179482
review has deemed that any,1177011
Editorial review has deemed that,1176206
he did not want to,1164541
on the edge of the,1159978
you do not want to,1151088
did not know what to,1139652
This page intentionally left blank,1130845
the other end of the,1093097
Berkeley : University of California,1073679
content does not materially affect,1056071
"For additional information , contact",1053967
does not materially affect the,1050844
not materially affect the overall,1049123
affect the overall learning experience,1045186
materially affect the overall learning,1044818
form or by any means,1044503
by the end of the,1040716
in the United States and,1034450
I do not know why,1031089
"Gospels -- Matthew , Mark",1024744
do not want to be,1024098
the rest of the world,1021208
Learning reserves the right to,1019777
Cengage Learning reserves the right,1017559
you do not have to,1016246
she did not want to,1016165
reserves the right to remove,1010778
did not want to be,1002576
to the end of the,997803
Luke & John ( King,992644
the right to remove additional,989605
John ( King James 1611,988094
for the rest of the,972976
at any time if subsequent,955987
any time if subsequent rights,955578
one of the most important,954955
time if subsequent rights restrictions,953278
in the center of the,951422
on the side of the,950545
to remove additional content at,948774
remove additional content at any,948690
if subsequent rights restrictions require,948345
right to remove additional content,948246
subsequent rights restrictions require it,948190
the twenty - first century,945153
additional content at any time,943075
content at any time if,942055
NTIS ( U.S. Sales Only,936214
as in the case of,933045
I do not think so,917052
It should be noted that,906527
not know what to do,901852
the second half of the,899335
had nothing to do with,893457
the point of view of,885221
I did not know what,884868
"and said , "" I",882638
"In this chapter , we",879949
is important to note that,876531
and the rest of the,875826
at the back of the,872933
For more information on this,867842
the middle of the night,864183
the end of the day,860727
more information on this research,849463
that additional information may be,849403
information on this research see,849353
additional information may be obtained,849231
report that additional information may,849217
a quote from the research,848571
obtained a quote from the,848263
of this book may be,840637
"Princeton , NJ : Princeton",837442
"CLS. 100 , 101 AND",836040
in the middle of a,832878
NJ : Princeton University Press,827544
"you , "" he said",821925
part of this book may,812269
in the case of a,808257
By the end of the,806593
while at the same time,802975
"he said , "" I",801429
She did not want to,800596
due to the fact that,797394
in the United States of,797210
I do not want you,797040
did not know how to,796460
Bible -- The Gospels II,793300
The Gospels II -- Matthew,793300
"II -- Matthew , Mark",793300
to the top of the,788201
at the edge of the,780200
"U.S. CLS. 100 , 101",778356
do not know how to,777019
He did not want to,776120
New York : Columbia University,771459
do not know what to,766852
No part of this book,760728
York : Columbia University Press,758165
but at the same time,756518
Go to the next page,755109
"the correct answer , or",754424
the next page if you,754057
to the next page if,754016
"answer , or click the",753977
"correct answer , or click",753976
the concepts in this question,753961
in this question ( if,753953
you knew the correct answer,753944
this question ( if desired,753943
page if you knew the,753935
if you knew the correct,753933
next page if you knew,753931
research the concepts in this,753896
further research the concepts in,753893
to further research the concepts,753893
below to further research the,753585
Answer and Explanation ) Answer,753191
Question and Choices ) Question,753162
or click the links below,753157
click the links below to,753140
the links below to further,753103
links below to further research,753103
the first half of the,744845
to report any questions that,738901
We update eBooks quarterly and,738893
quarterly and Apps daily based,738893
any questions that need improvement,738893
update eBooks quarterly and Apps,738893
daily based on user feedback,738893
tap flag to report any,738893
Please tap flag to report,738893
eBooks quarterly and Apps daily,738893
flag to report any questions,738893
report any questions that need,738893
Apps daily based on user,738893
and Apps daily based on,738893
New York : Cambridge University,736571
York : Cambridge University Press,735162
As a matter of fact,733669
has nothing to do with,727751
can be found in the,724288
In the case of the,722441
It is important to note,716733
at the end of a,716133
vis - à - vis,709052
brother - in - law,706095
took a deep breath and,702407
at the foot of the,699078
In : Proceedings of the,696785
as a function of the,696210
on both sides of the,696206
in the same way as,693861
with the rest of the,692139
"you , "" she said",686739
may be obtained by contacting,681912
information may be obtained by,681549
"In this section , we",680278
"the one hand , and",675235
I do not think it,675142
I do not have to,673954
to the edge of the,673909
People 's Republic of China,672669
had not been able to,670983
I do not think that,667922
all the way to the,666186
May Subd Geog ) UF,664451
"Cambridge , MA : MIT",664401
a News Reporter - Staff,660104
Reporter - Staff News Editor,660104
News Reporter - Staff News,660104
Princeton : Princeton University Press,659203
CLAIM TO ANY PARTICULAR FONT,656989
THE MARK CONSISTS OF STANDARD,656119
at the same time as,655054
WITHOUT CLAIM TO ANY PARTICULAR,654168
MARK CONSISTS OF STANDARD CHARACTERS,653629
from the point of view,652660
of this publication may be,652651
play an important role in,651910
in the back of the,651084
"No , I do not",650663
I do not think you,650150
"the United States , and",646546
There are a number of,643973
CHARACTERS WITHOUT CLAIM TO ANY,640872
STANDARD CHARACTERS WITHOUT CLAIM TO,640689
CONSISTS OF STANDARD CHARACTERS WITHOUT,640360
OF STANDARD CHARACTERS WITHOUT CLAIM,639518
I did not mean to,638477
not know what to say,638131
in the name of the,637995
up - to - date,637687
one or more of the,637292
MADE TO THE EXCLUSIVE RIGHT,636675
"For example , in the",634388
in the midst of the,634041
TO THE EXCLUSIVE RIGHT TO,633461
CLAIM IS MADE TO THE,632274
IS MADE TO THE EXCLUSIVE,632144
a ) Deadline for receipt,630789
APART FROM THE MARK AS,628892
to the rest of the,628638
in the course of the,627167
"by any means , electronic",626924
to be one of the,625316
this publication may be reproduced,625081
do not know what you,623439
in the hands of the,622750
of Personality and Social Psychology,620306
"Sales Only ) , PC",619457
FROM THE MARK AS SHOWN,617248
do not want you to,615116
"the United States , the",614641
on either side of the,613990
I was not going to,613619
New York : Basic Books,611884
that can be used to,607942
Journal of Personality and Social,605955
of Health and Human Services,605742
part of this publication may,604634
the extent to which the,596748
"said , "" I 'm",596209
as well as in the,592778
at the base of the,592763
at the head of the,592692
at the level of the,592112
to the fact that the,590487
or transmitted in any form,590065
quote from the research from,589027
was not going to be,588176
are you going to do,586687
to the side of the,586353
is not to say that,584563
to get out of the,581139
"the other hand , if",580863
"me , "" he said",577208
you will be able to,574114
the far end of the,569988
in and out of the,569232
was one of the most,566349
it is not possible to,565831
for Disease Control and Prevention,559178
mother - in - law,558847
stored in a retrieval system,558300
I do not think he,556822
"Sponsored by USDOE , Washington",556609
from the rest of the,556254
on the surface of the,554997
I do not have a,554462
to the back of the,551922
transmitted in any form or,551709
do not have to be,551262
in the light of the,550962
What are you doing here,550528
in the history of the,550359
state - of - the,550250
this book may be reproduced,549817
family ( Not Subd Geog,549121
of - the - art,548985
"may be reproduced , stored",548813
nothing to do with the,548633
may or may not be,548280
Which of the following is,546878
No part of this publication,543344
Department of Health and Human,542323
Centers for Disease Control and,541270
For the first time in,537756
the right side of the,537236
Global Investment & Business Center,536458
contact Global Investment & Business,536358
Cataloging - in - Publication,534903
"be reproduced , stored in",534349
the far side of the,533893
"opportunities information , please contact",533598
"For example , if you",533141
does not have to be,532618
to the right of the,532553
the way in which the,532349
"information , please contact Global",530340
the National Academy of Sciences,526872
"Oaks , CA : Sage",525734
at the heart of the,522758
had no choice but to,522466
turned out to be a,520615
at the start of the,520541
I can not tell you,519283
in such a way as,518075
to the front of the,517533
an important role in the,517135
in the wake of the,516670
at the end of this,514960
What are you talking about,514477
State University of New York,513431
beyond the scope of this,513429
of the so - called,512580
he was not going to,511984
the end of the year,510745
black - and - white,510590
"it , "" he said",510423
"the news editors , the",509818
According to the news editors,509689
"she said , "" I",509416
sister - in - law,509401
You do not need to,509043
in the context of a,507213
of Congress Cataloging - in,504579
of the National Academy of,504421
"the other hand , it",503249
"In this way , the",500648
"for a moment , then",499805
"reproduced , stored in a",498177
the side of the road,497825
I do not know where,497596
c ) Language ( s,496693
the opposite side of the,493522
You do not want to,492837
Award criteria ( other than,492696
in the eyes of the,492171
did not seem to be,491644
was going to be a,490913
NO CLAIM IS MADE TO,489587
and I do not want,489445
not have to worry about,488943
the rest of his life,488554
son - in - law,486579
such a way as to,486279
are more likely to be,485402
but I do not think,485400
in the face of the,484829
do not know what I,484739
I do not even know,484684
"U.S. CLS. 21 , 23",483810
in the second half of,482908
the rest of the day,482830
"a retrieval system , or",478342
"me , "" she said",477561
Index : 01 02 03,477281
THE EXCLUSIVE RIGHT TO USE,477185
"Wiley & Sons , Inc.",475005
of the United States of,474676
to be found in the,474411
"retrieval system , or transmitted",473313
"Haven , CT : Yale",473279
at the expense of the,472318
University of North Carolina Press,470375
there are a number of,470021
to the other side of,468841
at the center of the,468629
book is available from the,467759
the left side of the,467547
father - in - law,465395
in the presence of the,463965
on the back of the,463564
was one of the first,462771
New Haven : Yale University,462708
is available from the British,462644
available from the British Library,462279
the United States and the,462013
this book is available from,460587
CT : Yale University Press,460047
Not Subd Geog ) UF,459893
an integral part of the,459154
I 'm going to be,458753
I did not have to,458734
Haven : Yale University Press,457072
Verse Index : 01 02,456723
This is one of the,455986
in the centre of the,455723
business and investment opportunities information,455450
"analytical , business and investment",454379
"additional analytical , business and",454377
increase in the number of,454244
"For additional analytical , business",454075
In the case of a,453945
to the bottom of the,453489
on the basis of a,453417
for this book is available,453026
the end of the war,452526
may not be able to,452504
can be seen in the,452328
Proceedings of the National Academy,452226
one - to - one,451166
as if it were a,450976
It was the first time,450274
I ' m going to,450009
"For example , if the",449222
to find a way to,449143
U.S. CLS. 100 AND 101,448859
"investment opportunities information , please",448780
a ) and ( b,448195
the rest of my life,447703
New York : Random House,446200
by the fact that the,445960
to the left of the,445920
requirements : For master 's,444474
"ANY PARTICULAR FONT , STYLE",443517
This is not to say,443406
plays an important role in,443123
two - thirds of the,443079
record for this book is,442961
What are you going to,442524
you do not need to,440454
in the form of the,436786
what it means to be,435863
over the course of the,433589
at the end of each,432116
"In this paper , we",430526
but I do not know,429815
can be used as a,429353
Printed in the United States,429149
for the first time since,428762
it is not surprising that,428153
permission in writing from the,427139
at the front of the,427108
for the sake of the,426672
do not know if I,426499
the edge of the bed,425479
the well - being of,424883
did not want to go,424470
to be a part of,424286
I 'm not sure I,424024
"i ) , ( ii",423771
I do not know about,421994
is not the same as,421262
and I do not know,420423
Publisher contact information for the,419491
"the one hand , the",418687
can also be used to,418439
as a result of a,417406
"and colleagues , University of",416852
to go back to the,416290
country comparison to the world,416271
of the rest of the,416228
was going to have to,416054
the turn of the century,415431
b ) Address : As,415192
"in the world , and",414888
do not want to go,414575
have anything to do with,413396
in the same way that,412041
until the end of the,410928
I 'm going to have,410675
one - third of the,410290
The Gospels III -- Matthew,410100
Bible -- The Gospels III,410100
"III -- Matthew , Mark",410100
As a result of the,409682
does not seem to be,408626
Minneapolis : University of Minnesota,408145
I could not help but,406471
"For abstract , see ERA",405615
at the other end of,405306
the right - hand side,405192
"abstract , see ERA citation",403012
I did not know how,402236
in the midst of a,401675
I would like to thank,400897
New York : Free Press,400559
it is clear that the,399385
the back of his neck,398700
in the absence of a,398412
she was not going to,397330
"Thomson Learning , Inc. All",397321
as a member of the,397057
had something to do with,396631
"I said , "" I",396318
it should be noted that,396250
I do not think we,396162
for the benefit of the,395737
is interesting to note that,395144
I do not have any,394489
Do you want me to,393102
A publication ] ( DLA,392049
step - by - step,391619
"researchers concluded : "" The",391477
without permission in writing from,390701
on the top of the,390038
have not been able to,389841
did not have time to,389541
with the exception of the,389029
on the one hand and,388634
"here -- here , here",388402
on the right side of,388210
one of the world 's,387049
contact information for the journal,386922
"ref1 , ref2 , ref3",386644
in the first half of,386620
on the nature of the,386547
and for the first time,385047
"the other hand , is",384450
has been shown to be,383760
"the same time , it",382450
"here , here -- here",380702
in the presence of a,380520
have nothing to do with,379952
the right thing to do,379898
in a variety of ways,379823
I do not need to,379219
"Cambridge University Press , Cambridge",378953
at the turn of the,378410
is a work of fiction,376101
"In other words , it",375909
"Ithaca , NY : Cornell",375434
in a way that is,375362
should be noted that the,375167
you should be able to,374444
"it , "" she said",373743
of Congress ] ( LCLS,373702
York : McGraw - Hill,373638
is a member of the,372180
"and said , "" You",371579
was a member of the,370821
it was going to be,370334
the end of the world,370105
Chapel Hill : University of,370048
to take advantage of the,369816
"Eds. ) , Handbook of",369454
Hill : University of North,369051
"said , "" I do",368354
"photocopying , recording , or",366519
May Subd Geog ) BT,366512
do not need to be,366200
and ( 2 ) the,366092
if you do not mind,365473
is the same as the,364891
at the far end of,364669
in the development of the,364481
of the twenty - first,364438
that he was going to,363844
At the beginning of the,363594
It is interesting to note,363574
can be seen as a,363055
She took a deep breath,362453
I can not wait to,362450
of the fact that the,361840
"For example , if a",361664
the end of the first,361508
"in this case , the",361474
NY : Cornell University Press,360692
catalogue record for this book,360588
"Washington , DC : U.S.",360185
"for a moment , and",360074
Bloomington : Indiana University Press,359364
"Claims priority , application Japan",358832
written permission of the publisher,358515
is an example of a,357877
it 's going to be,356420
the fact that he was,356156
Deadline for receipt of tenders,356144
there is no need to,356125
to get out of here,355467
"electronic , mechanical , photocopying",354639
Address : As in 1,354047
"Washington , DC : American",353991
"Copyright , Designs and Patents",353813
in the same manner as,353557
as a matter of fact,353527
criteria ( other than price,353349
in the twenty - first,352805
According to news reporting originating,352205
President of the United States,351878
to be part of the,351788
"Well , I do not",351704
I do not mean to,351622
"here , "" he said",351497
"and , on the other",351029
"mechanical , photocopying , recording",350782
for the rest of his,350091
and - a - half,349820
"Durham , NC : Duke",349710
The Gospels IV -- Matthew,349464
Bible -- The Gospels IV,349464
"IV -- Matthew , Mark",349464
you do not have a,348254
need to be able to,347930
from the top of the,347061
If you do not have,346595
got out of the car,346480
not want to talk about,345575
"or mechanical , including photocopying",345562
do you want me to,344909
to meet the needs of,344890
in other parts of the,344846
is beyond the scope of,344757
NC : Duke University Press,344704
in the corner of the,344615
at the beginning of this,344468
the ways in which the,344202
Inc. Copying or distributing in,343965
"For more information , contact",343943
Group Inc. Copying or distributing,343828
it is important to note,343576
Idea Group Inc. Copying or,343381
on the opposite side of,342999
as one of the most,341790
of the United States and,341414
It was one of the,340863
journalists report that additional information,339728
news journalists report that additional,339727
of the ways in which,339717
news journalists obtained a quote,339620
journalists obtained a quote from,339499
news correspondents report that additional,339488
correspondents report that additional information,339488
Our news journalists obtained a,339217
"the news reporters , the",339194
According to the news reporters,339189
Our news journalists report that,339113
that it is possible to,338931
I did not have a,338631
"Learning , Inc. All Rights",338514
This does not mean that,337967
of the Second World War,337076
One of the most important,336910
the first part of the,335894
going to be able to,335281
half of the twentieth century,334978
I do not know that,334212
University of New York Press,334083
at the side of the,333879
CA : Stanford University Press,333858
I can not believe you,333759
such a way that the,333225
on the basis of their,333221
c ) Division into lots,332588
at the same time that,332048
in the aftermath of the,331821
study in the Journal of,331679
in the shape of a,331647
on the far side of,331324
five - year - old,331221
the top of the stairs,331193
the middle of the room,331026
in the event of a,331010
information storage and retrieval system,330992
Includes bibliographical references and index,330877
published their study in the,330740
their study in the Journal,330501
I did not know you,330319
in the vicinity of the,329471
of the nature of the,328530
"persons , living or dead",328477
Library symbol ] [ Library,328009
"the Copyright , Designs and",327915
Springer Science + Business Media,327701
New York : New York,327271
out of the corner of,327167
in the sense that it,326974
one - on - one,326506
as well as to the,326403
in the rest of the,326129
"FONT , STYLE , SIZE",325636
is no such thing as,325579
any information storage and retrieval,325226
This report may contain copyrighted,325172
report may contain copyrighted material,325118
"of the world , and",324645
in the United States in,324339
"A , B , C",324280
to keep an eye on,324253
the back of his head,324226
"to me , and I",324024
played an important role in,321279
of the American Academy of,321223
daughter - in - law,321027
There is no doubt that,321022
Baltimore : Johns Hopkins University,320919
"for example , in the",320665
to come up with a,320383
with the help of the,320303
was not the only one,320030
I do not think she,319827
when it comes to the,319604
on one side of the,319599
in one way or another,319290
to come to terms with,319155
It 's going to be,318754
I do not know who,318425
for a very long time,318211
ALSO TO CITATION ( S,318176
point of view of the,317982
I do not know whether,317956
an important part of the,317204
the early years of the,316488
this is not the case,316282
and New York : Routledge,316198
"and , as a result",315596
and ( 3 ) the,315592
It is also important to,315358
out of the car and,315001
symbol ] [ Library of,315000
in much the same way,314995
the People 's Republic of,314375
has to do with the,314114
"Cambridge , UK : Cambridge",313869
on the left side of,313863
For the purposes of this,313439
"retrieval system , without permission",313101
is to be found in,312773
at least one of the,312586
Library of Congress Control Number,312250
it had not been for,312079
UK : Cambridge University Press,311349
to be taken into account,310901
of the author 's imagination,310849
"Stanford , CA : Stanford",309675
"means , electronic , mechanical",309606
It is worth noting that,309129
a better understanding of the,309081
between the United States and,308772
the first day of the,308750
Cambridge : Harvard University Press,308669
the rest of the way,308551
we do not have to,307676
from the perspective of the,307491
"any means , electronic or",307274
"and , at the same",306394
and ( b ) the,306392
"means , electronic or mechanical",306357
if you do not want,306160
Secondary products and miscellaneous receipts,306107
"In this chapter , I",305999
"the other hand , a",305923
you know what I mean,305572
"you , "" I said",305404
"Trans Tech Publications , Switzerland",305346
one way or the other,305335
New York : Palgrave Macmillan,305316
a ) of this section,305287
the presence or absence of,305060
did not want him to,305048
I want you to know,304891
can be thought of as,304777
"Washington , DC : National",304672
"system , without permission in",304313
"STYLE , SIZE , OR",303131
"said , "" It 's",303106
before the end of the,302925
spent a lot of time,302637
paragraph ( a ) of,302447
Choices ) Question : Which,302430
"of this section , the",302180
at the same time the,302102
do not think it 's,301424
you have to do is,300442
of this chapter is to,300098
of tenders ( persons admitted,300017
in the heart of the,299681
I 'm not sure what,299508
is a function of the,299273
the end of the nineteenth,298933
and I did not want,298878
do not have to worry,298645
On the other side of,298606
at a time when the,298422
as if it had been,298355
towards the end of the,298277
after the end of the,297088
as the case may be,296980
I did not know that,295936
the decision - making process,295566
the back of the house,295544
only a matter of time,294625
the fact that it is,294546
and I do not think,293750
does not mean that the,293367
the end of this chapter,293006
You 're not going to,292829
I do not have the,292754
I do not believe that,292716
other parts of the world,292694
New York : Academic Press,292471
we do not want to,292468
to the extent that the,292382
U.S. Department of Health and,292339
I did not even know,292114
Opening of tenders ( persons,292013
"that , "" he said",291818
"electronic or mechanical , including",291785
"In the end , the",291140
In the middle of the,291121
do not want to see,291111
"the other hand , there",291106
but no employees during mid,290840
a ) Opening of tenders,290357
"work , work , work",289929
"New York , New York",289805
to make sure that the,289746
a short period of time,289692
not have been able to,289491
primary bibliographic entry see Field,289386
And it came to pass,289065
on each side of the,289052
I do not see how,288902
end of the nineteenth century,288103
For primary bibliographic entry see,287667
A catalogue record for this,287027
the rest of her life,286902
but I do not want,286652
do not want to do,286568
in a number of ways,286206
As a result of this,285632
to figure out how to,285504
was one of the few,285317
to take into account the,285233
order to be able to,284801
"in the morning , and",284297
est. ) country comparison to,283887
It seems to me that,283346
I took a deep breath,283231
Designs and Patents Act 1988,283019
in the early stages of,282676
you 're going to be,282034
the United States in the,281687
the corner of his eye,281680
I 'm going to get,281589
on the way to the,281431
are we going to do,281380
is referred to as the,281303
on the floor of the,280948
"point of view , the",280843
two - year - old,280659
"do not know , but",280621
b ) of this section,280209
He took a deep breath,280188
"at the time , and",280136
"No , "" he said",280028
he did not have to,280021
from the research from the,279968
do not want to talk,279749
Toronto : University of Toronto,279290
and at the end of,279243
the back of her neck,279008
do not know what it,278835
I can not help but,278373
"he said , his voice",278094
by the side of the,277823
of the members of the,277597
I do not wish to,277544
know what to do with,277366
from one to the other,276292
you 're not going to,276281
sat on the edge of,276051
for the rest of my,275818
during the course of the,275811
is important to remember that,275688
does not need to be,275600
on the banks of the,275498
from all over the world,275430
in the name of Jesus,275264
a long period of time,275210
her arms around his neck,275182
do not know why I,275158
York : New York University,275141
into the hands of the,275070
at the hands of the,274917
"said , "" I have",274915
"For this reason , the",274728
"No , "" she said",274707
from the other side of,274591
without the written permission of,274534
did not want to see,274443
"In some cases , the",274317
"the Commission , Motor Carrier",274237
to get rid of the,274233
"Commission , Motor Carrier Board",274219
on the other end of,274201
in the form of an,274195
I do not care what,274165
"In this sense , the",274122
It is one of the,273913
a matter of time before,273792
At the time of the,273724
even in the absence of,273663
Research References West 's Key,273402
I had no idea what,273150
except in the case of,273021
three - year - old,272573
it is one of the,272386
References West 's Key Number,271883
carrier ( except household goods,271847
What do you want to,271772
by John Wiley & Sons,271532
New York : St. Martin,271508
I do not think they,271323
the prior written permission of,271255
Manchester : Manchester University Press,270970
Proc Natl Acad Sci USA,270451
I am not going to,270162
you 'll be able to,269737
may be reproduced or transmitted,269491
reproduced or transmitted in any,269453
New York : W. W.,269425
to such an extent that,269155
be reproduced or transmitted in,269141
I 'm going to do,269020
I have no idea what,268973
"By the Commission , Motor",268735
York : W. W. Norton,268704
Polish Bible -- The Gospels,268329
the manner in which the,268272
to the nature of the,268232
"the same time , he",268218
can I do for you,268092
"In any case , the",267946
as a consequence of the,267890
I 'll tell you what,267872
"I 'm sorry , I",267258
the top of her head,267250
of the First World War,266714
to the center of the,266336
"said , "" I am",266100
what it would be like,266007
to talk to you about,265785
do not have to do,265577
matter - of - fact,265545
"In fact , it is",265032
this does not mean that,265026
the rest of your life,264968
Philadelphia : University of Pennsylvania,264720
not know what you 're,264648
"Oh , I do not",264066
