ngram,freq
of the,285353235
in the,226017680
to the,164389162
on the,136502630
it was,132456905
did not,115652570
do not,108525410
at the,107118012
he was,101170779
to be,92960561
and the,89405288
I 'm,89135063
she was,76313272
from the,75128121
it 's,74816943
in a,70282275
for the,67703746
he had,67701901
and I,64083071
was not,63745469
was a,62691950
with a,62447419
I was,62095618
with the,60276910
into the,58373143
had been,57208720
out of,57039590
of his,56000023
I do,55628279
for a,53065622
of a,52975353
she had,50585097
could not,49329704
of her,48655213
in his,46844490
going to,45868520
there was,45578570
as he,44965674
you 're,44228066
he 'd,43986308
by the,43097760
he said,42652682
that 's,40535438
to her,40448310
can not,40274177
I have,39817006
I can,39533245
but I,39450640
and he,39381773
one of,39223299
that he,38428672
they were,37877213
she 'd,37853163
to do,36782340
and then,35966229
would be,35864303
want to,35747304
it is,35621052
I 'll,35608278
to get,34589300
was the,34341964
in her,33949853
he could,33720586
and a,33426821
have to,33268881
I had,33163121
all the,32832813
as she,32809064
do you,32517143
the door,32033199
she said,32008922
to see,31589355
a few,31581476
I could,31504645
would not,31493951
had not,31467121
if you,31387384
and she,31141482
that the,31101917
not know,30859695
a little,30688856
the same,30481282
the other,30238133
like a,30152222
that I,29958443
through the,29940044
I am,29912023
as the,29679730
I did,29242082
to his,29207363
back to,29164780
she could,29114683
he 's,29051791
as if,28806297
I 've,28371748
that was,27970719
when he,27623630
is not,27605344
as a,27346444
on his,27277619
I 'd,27027966
he did,27012470
that she,26913441
have been,26710093
had to,26669115
you know,26528025
to a,26273707
I know,25589129
the first,25487305
but he,25467943
not have,25459624
are you,25349332
to me,24998464
had a,24624598
wanted to,24499270
of them,24467412
on her,24319778
over the,24244719
would have,24160334
to go,24051017
to make,23989998
his head,23973737
if he,23813267
not be,23747278
the way,23721791
you have,23534672
with her,23417151
he would,23250947
to him,23095292
you can,23045912
I think,23042693
you are,22917416
when I,22890945
to have,22857536
at her,22819229
on a,22539510
of my,22484506
have a,22382281
as I,22055798
about the,21984178
this is,21900452
will not,21645799
if I,21531789
but it,21359757
is a,21308551
you do,21268213
but the,21256647
his eyes,21234381
she did,21116087
not want,20997279
of course,20937508
the man,20794116
with his,20625426
in my,20592932
and his,20450990
when she,20279336
does not,20029544
I said,19961543
it would,19933228
her eyes,19786888
the room,19738333
I will,19731809
trying to,19626915
up the,19583613
more than,19558544
but she,19473559
him to,19445298
me to,19242568
of it,19115579
up to,18823362
and it,18802176
she 's,18715362
be a,18682178
I would,18598533
to take,18556046
they had,18532570
her head,18531198
and that,18464554
looked at,18373180
there 's,18148701
down the,18100262
need to,17915787
will be,17730437
for her,17526692
the time,17497772
up and,17339270
into a,17180201
to say,17151988
she would,17131985
if she,17082122
a good,17012721
a man,16886425
what I,16790389
at him,16594664
the house,16566479
at least,16512913
her to,16475274
not to,16441033
the last,16429579
able to,16341745
it had,16242780
we 're,16154614
tried to,16089814
is the,15990091
a moment,15756319
seemed to,15733185
when the,15709723
front of,15698394
that it,15698172
that you,15652193
you to,15631796
as they,15610005
away from,15599627
I thought,15351665
you were,15203465
was in,14984175
not you,14942742
across the,14916249
not a,14875358
I want,14872475
his face,14853154
to know,14840898
and you,14768127
his hand,14707931
of this,14704512
the two,14688494
the world,14651011
there were,14631142
kind of,14611058
against the,14527438
and her,14502748
a long,14493375
no one,14485667
to find,14465976
this was,14448847
in front,14392066
the only,14168027
it to,14142905
the back,14122326
there is,14090345
from his,14058690
the next,14042109
a lot,14028733
for you,13984105
began to,13978197
part of,13933461
to keep,13909001
did you,13876536
his own,13845114
what 's,13817440
in this,13762959
from her,13751501
we have,13721020
was no,13701414
what he,13623171
around the,13518677
for me,13507992
know what,13452178
to my,13423285
such a,13409059
to you,13348506
and they,13328751
not even,13300317
off the,13258731
with him,13139902
as well,13134840
you want,13083969
he is,13002794
each other,12968032
out the,12936890
enough to,12916157
we were,12874435
was going,12872567
at all,12823925
to tell,12762494
you think,12758701
we can,12753730
the one,12711387
at his,12691330
you 've,12668600
about it,12662689
who had,12658359
you will,12651667
her face,12619195
time to,12578863
of their,12528005
for him,12427393
that is,12244573
if it,12210474
so much,12201056
side of,12158938
look at,12154449
he looked,12135570
could be,12078088
at a,12076688
so I,12060072
all of,12033912
the table,11993681
the most,11981624
on my,11891216
that they,11845848
the old,11817934
what you,11807305
not think,11769597
then he,11713225
that had,11683475
not the,11629627
the rest,11584422
a small,11580377
to come,11489840
by a,11467567
he knew,11435647
tell me,11408226
into his,11382333
her hand,11376555
his hands,11359198
we 'll,11346359
him and,11341253
you 'll,11326591
with me,11299440
of that,11288557
like the,11191771
at me,11189930
was still,11150545
the floor,11118821
the end,11107861
had no,11098768
took a,11093778
way to,11090873
they 're,11071911
to look,11009910
toward the,10997755
and we,10890293
who was,10879943
I should,10841541
of him,10809365
this time,10800243
they 'd,10754947
the ground,10721682
as it,10676008
with you,10646427
what was,10628725
a bit,10622727
the night,10621529
some of,10618755
were not,10590214
the day,10551734
when they,10539540
when you,10512923
end of,10461385
under the,10384639
used to,10373319
might be,10366853
are not,10346505
her and,10305470
they are,10286244
the air,10284324
and was,10268881
like that,10240812
have not,10238699
from a,10208607
the whole,10184658
I knew,10169105
is that,10146397
thank you,10090781
come to,10044292
be the,10038269
turned to,10031452
go to,10023904
came to,9954047
let 's,9950637
we are,9949446
she looked,9889844
the front,9842890
to give,9823998
was so,9775302
could see,9751283
if they,9747164
went to,9729645
to think,9685106
she knew,9683972
up in,9677639
the car,9669702
know that,9617224
her own,9604538
had the,9583412
must have,9549248
and there,9546005
must be,9542303
out to,9518257
the kitchen,9518217
but you,9516509
for his,9515119
what she,9503490
over to,9450600
there are,9431607
in their,9415012
of us,9410593
in that,9407958
tell you,9407251
so that,9399808
been a,9359308
see the,9341031
could have,9305232
down to,9297789
I just,9255972
if the,9250856
and in,9238335
the best,9178207
into her,9170913
the woman,9154109
let me,9128397
he asked,9044085
them to,9014186
of your,8968138
rest of,8949916
all right,8937976
was to,8912193
a very,8890991
of you,8859287
you and,8836186
was just,8817502
that would,8797507
after the,8795650
like to,8787407
of all,8744235
should be,8741628
and said,8707434
a great,8691835
him in,8675190
they would,8666829
up with,8666112
I saw,8660223
to talk,8660163
told me,8635074
the right,8634313
a couple,8629767
to help,8615778
is it,8608784
just as,8599186
up at,8587694
might have,8581193
what do,8557860
her hands,8552258
sort of,8527851
I need,8527781
the window,8502125
where the,8494129
it in,8474602
next to,8469715
he wanted,8463387
the bed,8431956
back and,8429420
the water,8414908
lot of,8405757
me and,8400839
he has,8400712
has been,8368884
have you,8358552
out a,8350664
over her,8337822
most of,8325045
do it,8321983
before the,8306957
not like,8298608
just a,8278144
a woman,8273846
to leave,8266023
think I,8265706
her mother,8261114
about to,8215424
and had,8180045
was that,8095909
how to,8077714
what is,8075269
she is,8073491
which was,8058099
back in,8046333
she felt,8040509
made a,8034520
not been,8029348
and when,8012640
but that,8012636
then I,8010634
be able,8007483
you could,8004779
that we,7997522
you did,7978526
should have,7975361
told him,7963013
after a,7959118
and to,7917692
he thought,7896976
his voice,7888580
they could,7866916
said the,7855042
back of,7839258
what the,7832637
was an,7819810
along the,7815384
all that,7808864
me a,7802726
as you,7791669
and now,7788331
he took,7769700
in an,7755523
you 'd,7739867
it will,7723196
him a,7678828
not see,7672080
I told,7668956
a new,7667715
he saw,7664228
the wall,7663911
have the,7651036
couple of,7619942
and so,7614656
and all,7610120
not going,7604798
his arms,7589431
thought of,7562932
because I,7535835
of an,7534580
his mouth,7531863
then she,7513792
I mean,7485880
as though,7464473
had never,7454807
the top,7442571
with my,7439230
she asked,7415358
before he,7415340
of our,7396103
my head,7394977
needed to,7357655
the side,7353932
and looked,7318752
looking at,7305869
he felt,7297093
the road,7293942
too much,7290944
knew that,7284490
think of,7282434
top of,7243010
not get,7218545
he turned,7217503
she wanted,7205733
we do,7195339
if we,7192426
of those,7192000
soon as,7188402
to work,7182890
and if,7173384
up a,7157624
told her,7154974
his father,7150630
her in,7146799
as soon,7127918
but there,7127613
after all,7114735
the little,7105010
first time,7084088
but they,7068563
not that,7063982
you would,7058780
and my,7051753
I wanted,7050933
of what,7050901
to hear,7044835
the girl,7029725
when we,7027868
try to,7018249
we had,7009973
the truth,7002662
over his,6991108
I got,6987850
for it,6987450
a while,6978347
looked up,6973669
with an,6970357
it all,6945957
the moment,6945280
onto the,6944175
got to,6941289
she thought,6937462
of me,6936637
ready to,6924068
right now,6910501
so he,6909568
shook his,6891263
talk to,6891089
waiting for,6878547
stared at,6875222
it did,6861892
I asked,6810444
we 've,6809279
see you,6805163
my father,6794777
close to,6794706
where he,6790620
the men,6789094
in your,6779238
know how,6777014
than a,6775575
the fact,6773938
I say,6757964
her father,6747271
my own,6727683
I felt,6717705
than the,6713380
said to,6703181
should not,6699543
not sure,6687594
I guess,6685621
at this,6681315
to let,6676267
and what,6641492
take a,6632456
no longer,6620910
the sun,6596716
as we,6596527
make a,6590337
even if,6581488
the phone,6581290
to meet,6558113
as much,6554631
and not,6552081
around her,6521005
to stay,6517158
behind the,6514905
like this,6487239
to it,6485548
down on,6469339
the morning,6467569
out and,6466080
the street,6465022
to ask,6450933
the others,6447614
which he,6425964
do with,6423009
down at,6421474
because he,6403964
full of,6383816
started to,6375815
and as,6372249
his mind,6362480
you should,6361130
but not,6357207
saw the,6340767
I see,6325118
was all,6314708
was too,6285564
the city,6279596
you need,6270099
on to,6266735
upon the,6259253
how much,6254998
an hour,6254962
his wife,6248854
was on,6247638
her a,6247088
the young,6246164
to their,6244746
you see,6243279
it seemed,6237961
picked up,6234839
between the,6225083
what are,6221936
about her,6219907
down and,6216074
her mouth,6205391
may be,6202818
only a,6199364
my mother,6191731
her voice,6186156
me that,6158884
when it,6153847
up on,6149266
a big,6130819
the middle,6121945
not do,6110579
to put,6099445
they did,6087690
at that,6072878
the sound,6071764
man 's,6069400
a hand,6065657
took the,6064585
the words,6061584
my eyes,6058944
going on,6057204
get a,6050706
you must,6047514
because of,6029340
man who,6021685
not believe,6020749
even though,6018224
in fact,6011539
or the,6010577
the second,6009010
the people,6005836
think you,6004489
be in,6001976
I never,5982165
had come,5968824
a second,5958459
instead of,5942216
supposed to,5933478
to stop,5923298
a large,5923092
the place,5920506
eyes and,5905541
looking for,5904988
it and,5900480
then the,5899550
towards the,5896793
the boy,5892929
her body,5881807
got a,5881763
he went,5873698
her back,5873589
it out,5873043
made her,5867346
back into,5855609
her heart,5846991
can be,5841657
my life,5839525
left the,5825408
was only,5823101
have no,5822589
any of,5815640
with that,5810707
do that,5797894
for that,5794028
the light,5785984
the edge,5777304
get the,5743786
head and,5737748
with it,5733936
in one,5725007
you mean,5724052
during the,5712220
to them,5710520
him with,5688573
that there,5687427
what they,5680131
a deep,5678337
and took,5672457
his mother,5664609
we could,5661935
was about,5658568
the past,5655852
can you,5628921
last night,5628601
she turned,5622064
I love,5611074
to speak,5607488
the police,5607146
I hope,5605670
what happened,5605254
and with,5598487
fact that,5596071
what it,5586714
in which,5580971
get to,5573557
in and,5571422
out in,5566466
the dark,5564735
she saw,5561428
his lips,5560813
me in,5550110
to your,5543449
would you,5539465
it up,5535946
on it,5530366
we will,5513555
over and,5509049
were the,5507143
now that,5502127
to this,5489707
not say,5473372
make it,5463733
and went,5446433
the corner,5442347
at last,5439547
sound of,5438976
I heard,5436502
hand and,5422231
before I,5419748
not help,5410254
at once,5409873
as to,5408607
before she,5406597
he might,5405709
her hair,5399668
two of,5396992
his body,5393290
but we,5385109
her mind,5381154
his life,5367520
like it,5357017
the very,5354515
but then,5347242
her arms,5346314
that his,5346227
no more,5339774
I must,5303253
a smile,5300682
for my,5295867
edge of,5294836
opened the,5287956
long time,5287296
think it,5271770
his feet,5263477
a way,5263256
shook her,5262922
on their,5234098
sense of,5230927
not really,5224830
decided to,5214071
as his,5210396
about that,5209637
I suppose,5209544
her lips,5196498
his way,5192342
they have,5191934
door and,5191924
the fire,5190091
so she,5188181
you had,5165439
she took,5164300
nothing to,5128455
know you,5128443
that a,5126742
talking about,5124138
so many,5113049
but a,5111079
you like,5097038
of these,5095679
say that,5092700
him as,5092570
heard the,5069140
all over,5068627
think about,5065490
well as,5060550
I feel,5058883
all this,5058319
managed to,5057859
the stairs,5054924
he told,5052618
take the,5046513
it on,5033207
his chest,5028663
to that,5019316
the new,5017584
I shall,5016942
come on,5006747
much as,4998115
looked like,4998028
not tell,4995917
care of,4991397
like you,4987951
with them,4987435
went on,4986159
why do,4983605
not let,4979099
sat down,4976663
had gone,4970190
and for,4963317
for some,4950896
not in,4950283
what to,4949489
in it,4944441
that this,4943265
is to,4931152
seem to,4929702
think that,4928563
was as,4924259
you get,4920360
father 's,4917156
his fingers,4916543
she has,4912865
I went,4904135
something to,4894727
he does,4893285
her husband,4892014
back at,4886618
told you,4884686
his arm,4875541
piece of,4869315
was it,4867372
an old,4860770
at first,4854122
her with,4853289
and this,4840117
which is,4837863
from him,4836644
hard to,4836530
with all,4834584
none of,4831595
find out,4817077
behind her,4814092
years ago,4810298
only one,4809414
better than,4809121
for them,4807858
so you,4805391
not need,4800066
him that,4799203
had taken,4799098
he will,4798677
were a,4796875
at my,4792488
the hell,4780349
the small,4780323
get out,4778888
on this,4764074
the sky,4758090
was one,4755867
would never,4754804
or a,4754633
it could,4752254
by his,4740387
for all,4736120
with their,4736074
one who,4733659
it with,4732543
on your,4725168
said that,4716569
for this,4715427
middle of,4713831
were in,4706361
my mind,4704525
the thought,4701721
he got,4696601
see that,4690734
was very,4688755
old man,4686267
come back,4685931
to move,4678375
a minute,4665515
I looked,4665064
from my,4664208
because she,4655118
what a,4654004
his heart,4651467
are the,4647768
but if,4639301
could do,4637383
and how,4632345
did he,4631237
through her,4623809
where she,4619257
until the,4611274
it does,4604434
tell him,4601236
their own,4595130
we need,4593745
the hall,4590116
not go,4586403
he says,4585028
them in,4583828
not only,4583791
in all,4582689
happened to,4575161
had made,4574256
said he,4565281
her life,4563788
not just,4563048
my hand,4562120
for an,4559130
up his,4557812
can do,4555790
no idea,4555510
he can,4550312
the more,4545421
and turned,4544079
his back,4543690
though he,4541170
not make,4538427
New York,4537187
long as,4536271
returned to,4532239
it for,4528713
and even,4527744
along with,4526613
the three,4526375
is no,4508074
go back,4504594
why did,4500769
make sure,4499966
we 'd,4498571
mother 's,4494750
near the,4491076
what did,4489712
the great,4479568
made it,4466042
not understand,4463928
to call,4461622
had seen,4460109
on him,4455383
into my,4452776
and put,4450386
behind him,4450132
want you,4438307
a single,4431169
you a,4425646
her as,4423619
and let,4422442
what had,4422041
to live,4416695
you say,4414186
you in,4408606
has a,4407514
had just,4404047
to show,4400467
give me,4399689
hand on,4396288
my heart,4395078
not it,4393171
us to,4387241
you for,4384297
back on,4382431
a time,4380909
out on,4369638
it might,4369143
talk about,4368170
time I,4363171
will you,4358811
not take,4348339
that way,4347333
the wind,4342480
between them,4336246
can I,4335060
they do,4328816
filled with,4319135
where I,4311157
the name,4304006
for your,4299704
which I,4296589
he 'll,4296070
on that,4294227
he came,4289941
bit of,4288781
I get,4288320
glanced at,4273878
or not,4272159
was his,4270633
he should,4266587
while the,4265415
we should,4261166
all I,4259493
but when,4256386
been in,4255792
and their,4255496
but this,4253860
was more,4249124
was at,4244711
eyes were,4244059
this morning,4242190
young man,4240810
in any,4237812
but what,4226052
was there,4222988
I took,4222726
what about,4220081
see what,4208670
the river,4202894
how could,4201405
the idea,4201375
not so,4193200
and pulled,4192564
go on,4188218
not care,4186920
reached the,4186861
what we,4184069
with your,4181736
among the,4175394
no matter,4163031
was now,4162785
let him,4160538
so far,4156789
way of,4154006
felt the,4149826
to one,4146592
of which,4145466
a word,4141209
and more,4129783
a chance,4128884
inside the,4128260
that her,4125525
same time,4123963
like I,4120675
not seem,4105130
see her,4103742
about this,4103519
out for,4102790
and yet,4102773
few minutes,4099812
just like,4099139
she went,4097681
now I,4094417
her feet,4091600
me the,4086553
through his,4081541
time for,4081210
the head,4078699
he made,4074830
I found,4070757
to bring,4068779
no doubt,4062541
I believe,4060755
in love,4059813
felt like,4056134
the family,4055481
he and,4048064
he found,4047167
him for,4045517
her that,4045011
not look,4042884
to feel,4042405
one day,4039290
both of,4038642
far as,4033444
put the,4033157
who is,4031405
the big,4030737
a child,4028145
to kill,4026215
know the,4024564
of its,4023893
while he,4021958
other side,4018878
even the,4018288
the doctor,4018249
I might,4012978
and down,4010976
the crowd,4010973
a look,4008723
of being,4008155
or two,4001440
and walked,3993836
the main,3993501
if there,3989885
gave him,3985809
and get,3983494
about a,3983029
again and,3981115
with this,3978965
know it,3978415
and made,3973501
take it,3972818
but now,3968688
as long,3962994
any more,3957094
and began,3955716
me with,3954993
she told,3953636
against his,3951305
those who,3950978
room and,3948803
was like,3947740
him the,3939702
see if,3936628
pair of,3936214
even more,3931371
in our,3927587
said as,3926568
a week,3922680
has not,3920836
corner of,3918299
time he,3905033
she might,3900160
that if,3899501
in order,3893691
until he,3890398
which the,3890369
said with,3889811
to use,3883271
up for,3881595
had done,3880251
but his,3879764
it has,3871900
his shoulder,3866831
is in,3863395
and no,3861338
he pulled,3859841
love you,3857696
as far,3854516
them and,3854164
the bottom,3850629
was something,3847984
let her,3847601
he gave,3843677
stood up,3841692
at it,3839686
sight of,3838494
a young,3838072
he stood,3836215
where they,3835424
continued to,3828399
unable to,3824415
it a,3821143
find a,3821133
of time,3816943
to try,3812829
at home,3806117
but in,3802014
off to,3799268
up from,3796551
see him,3795731
without a,3793269
made the,3791451
for us,3790445
her fingers,3789847
on me,3789478
had already,3787357
tell her,3785633
here and,3782393
the entire,3781774
against her,3781726
I really,3777587
that night,3769165
up her,3768312
his gaze,3767693
as an,3765483
what if,3765223
about him,3763883
which had,3756917
the children,3756833
knew it,3753294
gave her,3751838
much of,3750899
was nothing,3747008
to face,3741748
one thing,3740803
felt a,3740263
the sea,3735976
not mean,3727910
was already,3727339
not come,3724520
I wish,3721634
thought about,3721576
thought it,3720849
about his,3720242
about you,3715740
it took,3714323
with one,3712840
can see,3712514
had left,3711366
made him,3709639
out his,3709597
of one,3706699
chance to,3698252
be so,3696778
than I,3695786
and saw,3694720
the point,3694033
they will,3693117
because it,3692617
just the,3690968
as her,3690824
while I,3686640
above the,3684825
by her,3683891
how long,3681291
to sleep,3680545
to run,3676605
I like,3675181
how he,3674746
you might,3668465
in its,3663356
my face,3662709
and your,3659304
the money,3658676
have done,3657911
like he,3657258
this one,3657236
been the,3650652
to believe,3649450
the long,3649406
a short,3649397
a place,3648699
was right,3644952
think he,3644129
no way,3643002
in some,3633826
thought that,3633301
the case,3624285
put it,3624253
front door,3623129
were all,3619258
it as,3610995
the story,3610653
give you,3606496
if that,3603556
to hold,3600022
rather than,3596748
to an,3590851
make the,3589422
once more,3589396
thinking about,3587494
am I,3583026
the hospital,3576466
to eat,3572151
was he,3571953
and see,3568153
he heard,3562978
number of,3560998
for their,3555052
face and,3554384
the question,3551545
to turn,3549895
you go,3546537
they all,3545245
about what,3544027
like an,3537384
gave a,3531435
and at,3530598
around his,3530468
is this,3527841
the word,3526233
staring at,3525427
that one,3525234
had said,3525139
is going,3523032
thought I,3517951
since the,3516953
know I,3510991
she smiled,3507675
knew he,3507406
through a,3501576
he walked,3495171
he held,3488440
came out,3484192
you that,3481431
so long,3478075
here to,3477315
the matter,3474088
off his,3465618
your father,3463339
outside the,3462111
the girls,3461742
could hear,3457150
he must,3456898
a day,3456112
over a,3455523
your own,3453796
turned and,3450662
how did,3449538
though she,3446695
the office,3446240
and did,3433524
who were,3433253
to us,3431884
to sit,3428490
so it,3425372
the building,3425086
why I,3423611
and one,3422646
few days,3420309
on top,3420295
the bar,3418739
he smiled,3413466
the baby,3409926
man in,3408549
see it,3406874
deep breath,3405037
how many,3404579
only the,3400960
hand to,3398760
but as,3398501
the country,3397357
had happened,3394992
on one,3393401
people who,3389968
look like,3389215
he needed,3387765
for what,3387139
took her,3385593
down in,3382516
he reached,3381867
did it,3377543
got the,3377335
they 'll,3371504
could feel,3370638
a quick,3367025
she and,3362732
of people,3362564
the face,3362043
voice was,3356634
thought he,3353021
get it,3351505
me as,3349363
never been,3345221
the ship,3342283
out with,3339466
you may,3335900
do this,3335496
him on,3333176
is my,3331435
wants to,3328946
with us,3327590
the living,3325748
my dear,3322812
looked down,3318564
entered the,3308015
found the,3307422
have any,3307410
thought you,3306572
not quite,3305933
not yet,3303753
which she,3301726
we did,3301505
the town,3299322
idea of,3296966
will have,3291494
very well,3289854
who would,3287884
came back,3283120
some time,3282628
she should,3280896
me for,3280206
from me,3279422
was her,3279390
how do,3278197
out there,3272274
his neck,3270794
and on,3269900
that were,3269331
not for,3269161
aware of,3268849
the evening,3268835
once again,3266833
talking to,3266132
to himself,3265939
his name,3264169
said in,3261924
take care,3261767
closer to,3256168
a year,3256024
who 'd,3253326
and do,3252786
open the,3249208
the darkness,3249170
they can,3247230
order to,3247220
I tried,3247207
my hands,3246208
in time,3240643
a half,3239053
though I,3238931
you said,3235482
anything to,3235333
that made,3235022
he sat,3233351
she got,3229675
seems to,3228977
to play,3227900
last time,3227543
the trees,3227299
only to,3226545
so we,3226228
get back,3225878
I came,3223624
time in,3222901
the king,3218562
a hundred,3215070
that could,3215055
made me,3210710
down her,3208903
living room,3200015
was always,3198172
has to,3196778
to walk,3195214
she needed,3193424
may have,3191321
of life,3190449
the walls,3189811
to our,3189313
that in,3184694
one to,3183343
to start,3180559
are a,3177289
and gave,3176919
of some,3176725
who 's,3173266
was gone,3170964
and started,3170760
been so,3169485
his throat,3168973
what would,3168352
find the,3164443
more of,3163730
she heard,3162420
until she,3162175
hands and,3161000
do I,3160381
for one,3157352
do the,3156084
her way,3156033
believe that,3151631
every day,3150184
to wait,3146885
she says,3141768
let the,3140520
was almost,3136708
and sat,3135911
could get,3135898
after that,3129891
gave me,3128857
deal with,3127815
know about,3124245
we all,3123900
she does,3122585
according to,3122045
I remember,3118344
and of,3117298
now he,3115962
he tried,3115378
ought to,3112798
you got,3112422
was doing,3110598
something that,3108584
found a,3105393
put his,3104350
very much,3101694
the line,3099722
right to,3096989
the bathroom,3096541
was also,3092645
the body,3091338
you just,3090292
much more,3089505
have had,3089452
her for,3087787
return to,3087743
and out,3087082
come in,3085848
put her,3084835
hear the,3082156
the pain,3081473
because you,3077543
not as,3077465
how I,3075799
but to,3075598
out from,3070502
face was,3064562
knew what,3063999
the open,3063297
all his,3062718
to watch,3060085
a thing,3059011
under his,3058273
willing to,3057576
was looking,3056340
enough for,3052833
it seems,3052384
less than,3050775
had ever,3048853
her the,3047919
as possible,3047496
it must,3045679
and left,3045400
a girl,3044613
many of,3042733
their way,3042579
came from,3034562
being a,3033729
then you,3031814
not worry,3027828
much to,3025532
did the,3025304
a pair,3023915
her throat,3022073
listen to,3022051
sure you,3019052
she tried,3018621
did she,3017277
bed and,3015890
the child,3014589
sure that,3013860
you all,3013029
said it,3010964
any other,3008304
this way,3007801
than he,3007276
who are,3004826
do anything,3003804
having a,3003158
saw that,3002084
too late,2998561
one hand,2996710
while she,2994755
and have,2988566
of any,2988374
the chair,2987281
wondered if,2987060
feel the,2987056
beginning to,2984141
a friend,2981263
but her,2979669
she gave,2978964
way he,2978946
hands on,2978331
that of,2976531
time she,2974615
now and,2974308
smiled at,2974187
to pay,2973942
had always,2970775
to catch,2970493
the black,2968663
than that,2967461
the book,2966088
in to,2965106
was being,2961083
around and,2960153
and an,2960019
waited for,2958641
and some,2958563
to read,2956323
know if,2950605
think we,2950555
here in,2948030
knew the,2944401
a bad,2944346
looked around,2943863
is there,2943117
so they,2942105
had an,2938953
saw a,2938710
had given,2936567
to stand,2931615
head to,2931559
I still,2929997
it from,2928098
his brother,2925006
how she,2923616
himself to,2923111
it back,2921940
got up,2920926
until I,2918745
you look,2917880
and held,2916921
with no,2914905
not at,2909654
am not,2908106
to follow,2906174
is an,2902282
her shoulder,2900743
help you,2899218
the kind,2898158
were going,2892374
that day,2890804
with some,2889240
of water,2888971
around him,2888753
it were,2882661
sat on,2881092
hair and,2877870
she found,2877127
because the,2876836
off her,2876310
her legs,2874985
a huge,2873067
in case,2868204
not stop,2867623
his hair,2866779
I tell,2865876
the glass,2865851
he just,2861865
he put,2861387
the boys,2861209
but no,2860503
to bed,2860424
him from,2857965
time and,2856238
worry about,2855545
you going,2853871
put on,2851548
this place,2851494
your mother,2851334
them all,2850032
not feel,2847512
I made,2847455
went back,2847448
beneath the,2847364
away and,2844868
in there,2844707
the cold,2844399
be here,2843128
that will,2842749
her arm,2839568
looks like,2838983
then we,2837186
we must,2836372
ready for,2835293
how the,2830637
someone else,2829174
knew she,2822656
not mind,2821721
nothing but,2820839
it into,2818788
go and,2817843
the subject,2816241
can get,2815795
a different,2812504
it made,2811951
you doing,2809599
were still,2807819
the women,2805023
the situation,2801458
feel like,2800275
arms and,2799560
he began,2799371
all about,2798793
pulled out,2795721
that my,2795209
so the,2794232
within the,2793387
are we,2791408
something else,2791253
her shoulders,2790242
be there,2788958
and would,2788437
meant to,2787188
such as,2786912
had become,2784116
or something,2781650
love with,2781596
know where,2777927
out into,2777905
attention to,2776474
not much,2774085
where you,2773543
a real,2769983
not give,2769947
she sat,2769331
interested in,2767513
she can,2766722
it came,2762012
from their,2761139
her up,2760678
other than,2760135
help me,2759124
since I,2758517
or so,2757541
matter of,2757391
the white,2757088
he never,2755478
the future,2754796
want me,2751714
he nodded,2747147
he left,2745534
with its,2744529
her neck,2744414
to save,2742586
was she,2742078
he seemed,2738061
he spoke,2736674
she made,2735285
and found,2733576
the distance,2733013
good to,2724599
she stood,2721210
the news,2720794
it 'll,2719476
is so,2719007
in here,2717248
forward to,2716562
him out,2716127
to understand,2712784
man was,2710279
the third,2709945
and me,2709599
the desk,2708411
give him,2706758
the dead,2705788
you really,2700159
wait for,2699800
the good,2698381
though it,2698371
the guy,2695549
that time,2694390
reached for,2693774
leave the,2692080
at one,2689620
her gaze,2687516
is he,2686576
to pull,2686086
put a,2684774
was trying,2684550
to change,2684328
kissed her,2684225
her from,2682919
a nice,2682129
there had,2681840
my way,2681368
to protect,2677576
and make,2675160
would take,2674963
was my,2674688
could tell,2674675
might not,2672906
the village,2670620
table and,2670205
how it,2667921
that all,2665647
the hotel,2665318
you the,2664060
would do,2663630
appeared to,2662803
when a,2656528
is what,2654316
before you,2651990
not matter,2649823
the boat,2648731
anything else,2648706
the left,2646250
around to,2645331
in such,2645212
her into,2644499
to what,2642806
and asked,2642518
to hide,2641320
her on,2639978
the driver,2637172
just to,2634757
come out,2633276
a sudden,2632643
came in,2631405
they 've,2630714
see how,2630330
the sight,2627759
that moment,2621413
hit the,2619614
before they,2619164
the thing,2618793
he shook,2616558
this man,2616319
she 'll,2614809
a low,2614645
the doorway,2613860
one side,2612193
every time,2605200
woman 's,2604479
the earth,2603526
she came,2602953
like she,2600596
to join,2599613
see a,2599431
beyond the,2599021
house and,2597851
I ask,2596430
past the,2594848
she will,2594451
back from,2594341
did I,2594267
point of,2591381
the worst,2591062
never seen,2590597
his shoulders,2588568
always been,2588159
because they,2586315
since he,2584999
to explain,2582779
but at,2581710
to return,2578348
why would,2575855
a certain,2575801
something about,2575739
had told,2572586
me about,2572313
some kind,2571879
line of,2570625
held her,2570106
how you,2568730
thought she,2567177
but for,2566509
let us,2565555
at them,2563596
one another,2561150
we would,2558828
had he,2554587
refused to,2554365
and tried,2554356
how can,2552381
plenty of,2550979
to pick,2549128
at night,2545675
woman who,2544300
then it,2543620
been able,2542144
my brother,2541885
why he,2539771
a better,2539050
I understand,2537355
where it,2536956
a piece,2535860
one that,2533638
why not,2530961
she walked,2530825
need a,2529219
she nodded,2529216
exactly what,2528634
to check,2526546
would make,2526320
now she,2526077
not remember,2524498
is all,2524312
keep the,2524051
I turned,2523994
down his,2520589
to all,2519515
door to,2518969
the blood,2515395
the counter,2514848
the war,2512642
herself to,2511575
a black,2510878
the real,2510612
from one,2510275
is your,2509079
were to,2501237
the power,2499779
arms around,2499407
it over,2499036
watched the,2497270
than she,2494419
from behind,2493583
you tell,2492953
my body,2492615
beside her,2492269
all my,2488171
I were,2487603
say anything,2487491
wanting to,2487371
sat in,2487108
all he,2486464
could only,2486373
thing to,2485269
two men,2484902
so what,2482725
wish to,2479717
the church,2478263
and take,2476619
let you,2476226
have some,2467255
think she,2465064
was getting,2464456
it off,2464122
there would,2463417
thinking of,2463013
heard a,2461366
to fight,2459450
off and,2458999
come up,2458904
quite a,2458728
take her,2458701
the center,2455719
not seen,2455354
a whole,2455182
in on,2453901
to avoid,2453625
they both,2453139
it felt,2452251
speak to,2451826
all these,2451026
all those,2450885
the King,2447755
pulled her,2446309
realized that,2446022
you two,2442735
came up,2439868
went out,2439210
said she,2436835
her chest,2436255
where are,2434168
it be,2433627
even a,2433306
still in,2432844
about my,2432227
stood in,2429978
his breath,2427263
pick up,2426552
him up,2426216
him at,2425566
would like,2424948
to die,2424779
name of,2423781
to marry,2423503
be more,2421964
at each,2421689
over my,2421284
she pulled,2420962
maybe he,2418568
one in,2418543
to break,2418047
her sister,2416337
my friend,2416090
maybe I,2415065
was standing,2414981
her out,2414075
to learn,2414019
he glanced,2413074
let it,2410621
at any,2410523
place to,2408428
there in,2408131
me out,2407541
we know,2407505
I needed,2406011
about me,2405676
on our,2404671
a dozen,2403814
and who,2401695
you come,2399703
of things,2398684
his chair,2398431
she shook,2397647
his family,2397488
one was,2397202
my mouth,2397057
be sure,2396264
and after,2396136
his side,2395162
the things,2394989
he still,2393786
saw her,2388239
me what,2384568
far from,2383860
the garden,2382480
a matter,2380783
other hand,2380603
it down,2379000
taking a,2378455
between her,2378336
say it,2377214
time of,2376891
the beach,2376818
she whispered,2376687
was out,2372488
there and,2370208
believe it,2369626
on and,2368303
next day,2368132
and stood,2367003
years of,2366358
one more,2366045
let out,2366000
be done,2365034
I may,2364077
go out,2363542
he stopped,2363331
each of,2362406
who could,2362398
get you,2361235
his words,2360693
she reached,2360653
the dog,2359390
we got,2359056
closed the,2357251
have an,2357242
head of,2356761
maybe it,2354717
my name,2354546
the conversation,2354329
was sure,2354246
out at,2351976
do to,2351336
the scene,2351194
the voice,2351030
do something,2349957
a white,2349659
she must,2349470
and over,2347218
bottom of,2346307
you ever,2345446
that did,2342875
look of,2342682
the wrong,2342463
state of,2340375
and by,2340245
them with,2339126
and told,2338454
why you,2336301
sign of,2335251
the woods,2334159
pulled the,2333882
come from,2333676
to open,2332232
out her,2331474
a full,2329386
sitting on,2329097
the far,2328420
raised his,2327955
and smiled,2327712
the couch,2327450
read the,2327268
it that,2325346
the forest,2321340
without the,2321300
and were,2320454
afraid of,2319478
the surface,2317890
though the,2317584
coming to,2317258
it at,2316678
why are,2316510
someone who,2315096
his son,2314028
be on,2311314
the heat,2310498
I wonder,2308140
was coming,2307966
I take,2302673
the least,2301756
are going,2300340
the reason,2298324
except for,2297072
in with,2296420
three of,2296135
her breath,2295830
give her,2295706
about your,2293580
more to,2293446
made his,2291981
and ran,2291096
group of,2289161
very good,2288594
the land,2288477
the gun,2287775
glad to,2286819
about how,2286175
have seen,2285471
and other,2285471
his right,2285228
blue eyes,2285049
saw him,2284846
set up,2283303
we get,2282437
to spend,2279063
the paper,2276628
all her,2275336
the group,2275014
on you,2273449
not find,2273018
be an,2272985
know why,2270888
ahead of,2270803
a strange,2270786
I look,2270367
gone to,2268001
a part,2266879
to reach,2266259
then they,2265326
little girl,2265199
have it,2264907
were you,2263579
be no,2262814
were on,2262765
and again,2262401
I put,2260613
he called,2259826
to where,2259371
he were,2258444
man with,2256373
it can,2256250
the following,2254083
way she,2253274
half a,2252945
love to,2251991
the letter,2251856
he opened,2251620
was sitting,2251432
making a,2249428
against him,2245072
or even,2244584
that to,2244381
make her,2242878
go home,2242771
them on,2242459
under her,2242109
lack of,2240777
his tongue,2239249
make me,2238075
were no,2236083
to answer,2233512
he moved,2229249
be back,2228877
sit down,2228844
and got,2226745
before we,2226281
him back,2225901
not he,2222648
and two,2222284
turned back,2222125
to worry,2221715
inside her,2220101
his pocket,2219799
got out,2219771
do so,2219187
had had,2219087
a person,2218463
he kept,2216019
the poor,2215880
found out,2215188
she held,2213414
the bedroom,2211432
hand in,2210417
to admit,2209102
he started,2205976
me on,2205877
in bed,2202718
were so,2201195
let go,2199742
you feel,2199438
it may,2199296
and just,2199083
and could,2198134
the box,2197180
your life,2196411
her skin,2195068
think so,2192917
head in,2191834
the steps,2191088
was thinking,2190979
figure out,2189748
where we,2189528
the beginning,2189226
reached out,2188399
he added,2187877
home and,2185961
the screen,2184847
down a,2183632
they might,2182256
from that,2181757
the gate,2181560
too many,2181486
she put,2179882
to happen,2179557
to buy,2179479
asked him,2179349
the rain,2178584
come and,2178058
the area,2177568
get her,2176526
beside him,2175848
they went,2175837
not I,2175111
become a,2174922
nothing more,2174606
such an,2174107
listening to,2173702
my wife,2171152
attempt to,2171098
anyone else,2171051
as for,2170131
followed by,2169524
her name,2169085
was what,2166786
the captain,2165155
moved to,2164492
hope you,2164355
went into,2163491
back down,2163252
dressed in,2162825
to herself,2162296
a dark,2161598
and kissed,2160407
that might,2160391
and go,2158604
smiled and,2157049
the path,2156275
do what,2155802
never have,2153659
a voice,2153559
be with,2153552
the red,2153101
took his,2151383
was over,2151182
can tell,2150924
happy to,2150632
I left,2148740
one 's,2146427
the work,2146317
a chair,2145530
a step,2145453
standing in,2143305
me up,2143010
sure he,2142465
found it,2142134
the hallway,2141337
from this,2138276
the school,2136762
if not,2136012
the tree,2135811
the job,2135711
the truck,2134661
to remember,2132996
she glanced,2132993
after he,2132948
I hear,2132611
seen the,2131405
the heart,2129770
here for,2128283
her cheeks,2127809
beside the,2126562
even as,2126456
people in,2126195
you sure,2125899
mother and,2125621
it looked,2124760
time with,2123450
he leaned,2122320
the look,2121920
and is,2121482
life and,2120918
out what,2116998
and forth,2116817
are in,2115205
by now,2114712
there for,2113057
a thousand,2110980
things that,2110229
call me,2109859
best to,2109721
his friend,2108031
and be,2107516
who has,2106837
the answer,2106172
all day,2105371
to lose,2105094
is still,2103834
the kids,2103613
and its,2101490
thing that,2100796
never be,2099917
him into,2097549
it again,2097204
would come,2095975
on its,2095675
for now,2095356
get away,2094903
the direction,2094826
thing I,2093887
he watched,2093229
a hard,2092627
she just,2092271
the streets,2089542
if this,2088568
had her,2088243
never had,2086755
cup of,2086412
it should,2085391
even in,2083842
all she,2083626
two years,2083525
and into,2082925
have made,2081739
the eyes,2080841
of light,2080327
hold of,2080131
back the,2079849
asked me,2079733
the person,2077184
is very,2074859
I go,2074783
you never,2074601
which they,2073039
he continued,2072857
far away,2071971
where is,2071113
on with,2071102
know who,2069806
be seen,2069583
but my,2067849
smell of,2067591
wearing a,2066968
but with,2064761
out here,2064668
over at,2063917
said I,2063852
no time,2063204
the train,2061847
could make,2060395
lots of,2060279
starting to,2060064
as my,2059329
had she,2059004
of here,2058620
amount of,2057911
to become,2055837
she opened,2055301
is one,2055009
my parents,2054827
them as,2053879
into it,2053796
felt that,2053581
they came,2052043
shall be,2051476
a job,2049345
a beautiful,2047045
since she,2046933
the horse,2046857
and headed,2045922
had his,2045877
at their,2045076
my sister,2044942
across his,2044659
after her,2044630
out that,2044512
get up,2044493
I always,2043642
he paused,2042831
minutes later,2042143
that when,2041657
until they,2040792
feet and,2040713
was quite,2039404
something in,2038195
the party,2037744
by this,2035902
had found,2035247
sitting in,2034882
easy to,2034360
but did,2033059
held the,2032939
see me,2032810
way out,2032562
the key,2032329
a boy,2031207
of men,2031167
she began,2031022
heard of,2030525
man and,2030268
to each,2030209
not one,2030066
more and,2029954
a more,2029783
held up,2029163
breath and,2029008
the opposite,2025391
watching the,2025118
her brother,2024834
face of,2024758
there to,2024514
that no,2023165
get in,2022780
the ceiling,2021539
man of,2020163
reason to,2020062
give it,2019507
not exactly,2017349
and tell,2017186
the company,2012894
not hear,2012804
not wait,2012753
forward and,2010964
her again,2010681
his left,2010381
and set,2009890
more like,2009564
sure I,2006496
a month,2005982
him again,2005843
in every,2005074
now it,2003638
asked her,2002598
had heard,2002320
door of,2002215
name is,2001621
little more,2001325
men and,2000875
for another,1999507
a kind,1998852
come here,1997778
not leave,1997190
my dad,1996411
no need,1995621
the afternoon,1994875
up into,1994770
so hard,1993348
for years,1992835
to send,1991944
and stared,1990788
five minutes,1989186
interest in,1988866
was able,1987638
up my,1987470
all in,1987299
we go,1986834
said nothing,1986290
now you,1986175
for any,1985229
he wants,1984823
the entrance,1984122
not too,1983319
spite of,1983179
was never,1982868
her stomach,1981106
had only,1981030
go with,1980566
a glass,1979679
despite the,1977250
in spite,1976328
then a,1974599
and why,1974407
open and,1973608
something like,1973362
matter how,1972767
a light,1972289
behind them,1971678
to another,1971327
had it,1970731
pointed to,1970414
two days,1970206
before him,1970167
her parents,1967210
the problem,1967059
was really,1966903
me from,1966732
away with,1965872
now the,1965832
mean to,1965174
on them,1964406
they got,1963681
round the,1962991
to write,1962649
turned his,1962557
years old,1962158
many times,1962002
the roof,1961723
I gave,1960373
car and,1959800
and from,1959407
glass of,1958879
the mirror,1957225
arm and,1956752
the moon,1955063
the years,1954521
asked the,1953536
sat up,1953385
long enough,1952405
between us,1952155
in place,1952028
or maybe,1952022
say to,1951075
not move,1950572
the hill,1948717
turned out,1948698
the high,1945122
no other,1944451
the windows,1940502
with such,1940363
due to,1940083
on an,1940046
next morning,1938671
allowed to,1936213
not what,1935920
told them,1935483
keep her,1935473
behind me,1935025
to visit,1932260
got it,1932111
his knees,1932070
coming from,1931902
the field,1931877
a car,1930495
do we,1929987
how about,1929379
her daughter,1928830
with each,1928474
will do,1927701
father had,1927124
light of,1926499
left her,1925230
looked back,1923756
worried about,1921852
day and,1921702
was with,1921439
still had,1921329
her at,1918729
before her,1917311
the large,1917272
for more,1917164
turned away,1916841
to deal,1916701
in silence,1915636
only thing,1915378
back with,1913105
I sat,1911460
I only,1911309
make you,1911260
nodded and,1909873
who did,1908499
we shall,1907640
of such,1907278
center of,1907101
let them,1906846
the snow,1906558
what does,1905321
of how,1904457
the music,1904368
the hand,1903599
not answer,1903439
the ones,1902504
a pretty,1902264
when his,1902063
a problem,1901683
difficult to,1901150
she still,1901114
was probably,1900866
he laughed,1900855
felt as,1900189
ever since,1899913
the four,1898006
took it,1896473
his teeth,1895663
other people,1895338
and watched,1894470
back up,1892851
like her,1892403
live in,1891800
the picture,1891373
the island,1891242
for he,1891011
way I,1890879
called out,1889520
view of,1889227
you so,1889212
turned her,1888416
to which,1887677
does it,1887059
the sofa,1886762
have come,1886367
chair and,1886001
that for,1885974
if only,1885710
may not,1885527
was wrong,1884710
the game,1884667
his nose,1883700
lifted her,1882489
she never,1881687
I promise,1880475
come with,1879861
day of,1879486
father and,1879101
lived in,1877932
turned the,1877321
before it,1876685
a number,1876497
listened to,1873635
get some,1872102
to touch,1871749
would go,1871731
ask you,1871491
a family,1870935
bottle of,1870445
too long,1869621
it just,1868894
just in,1867985
are all,1864590
held out,1864235
way back,1863461
give up,1862768
you not,1862606
how are,1862147
ten minutes,1860993
take you,1860921
this to,1858399
than you,1857415
things to,1854415
they walked,1854352
the doors,1854050
some sort,1852439
them out,1852130
toward her,1851082
place in,1850232
tell the,1849740
but still,1848524
he stared,1847797
away the,1847442
the present,1846959
came into,1846352
God 's,1846073
what kind,1844543
find it,1843702
I walked,1842464
a soft,1838985
tell them,1838660
a fine,1838593
maybe she,1836810
the bridge,1836794
room was,1836712
in him,1836692
to share,1835221
a baby,1835181
young woman,1834946
to fall,1834844
home to,1834629
if a,1834249
me at,1833320
not an,1831892
he let,1829516
her knees,1828902
desire to,1828473
mouth and,1828369
and felt,1826375
closed her,1825716
to escape,1825191
a question,1824004
the food,1823177
than to,1821808
had brought,1821801
walked to,1820938
arrived at,1820621
walked over,1820344
in town,1819620
his legs,1818531
for I,1818410
my back,1818351
he replied,1818021
my family,1817444
could he,1816766
a high,1816558
the life,1816258
in those,1814769
why she,1814764
his shirt,1814349
the stone,1814168
make him,1813199
she left,1812399
set of,1811759
she loved,1810930
my arms,1809849
he loved,1807518
is she,1807414
of paper,1807384
not my,1806035
he knows,1805931
looked over,1805596
and still,1804780
down from,1804669
leaving the,1804081
the lights,1802600
his first,1801591
to carry,1800176
the smell,1799922
on in,1799879
my feet,1799433
not there,1797890
must not,1797671
the Lord,1796855
his sister,1796568
his attention,1794268
anything about,1794021
or at,1793760
arm around,1793433
set the,1792680
an instant,1792380
the chance,1792123
good for,1791818
across her,1791195
in for,1790802
was this,1790495
for two,1790249
after I,1790213
use the,1789673
is just,1789144
seen him,1788710
help but,1788507
of something,1786352
capable of,1785991
and shook,1785973
the number,1784686
hand over,1782230
like me,1782101
opened her,1781035
and only,1779219
not all,1778785
to kiss,1778696
a slight,1778078
would he,1777593
was ready,1777455
what else,1777389
she were,1777035
her side,1777025
the local,1776452
be at,1775657
to its,1775360
taking the,1775303
wrong with,1774524
determined to,1773220
told the,1773105
through my,1772654
by one,1771851
the feeling,1770395
opened his,1769253
a drink,1769191
he whispered,1768620
down into,1767749
form of,1767577
to pass,1767338
this book,1766872
to some,1766826
that what,1765985
was for,1765749
his daughter,1765034
mother had,1764463
the better,1763927
called the,1763147
you remember,1762605
happen to,1762109
where 's,1761895
men who,1761674
a tiny,1761214
not we,1759104
opportunity to,1758774
but was,1758615
be very,1758452
the bank,1757771
time the,1757278
turned around,1756611
should I,1756537
was wearing,1755119
he stepped,1754748
she started,1754632
or to,1753763
the United,1753441
just that,1751626
stood there,1750811
long ago,1750258
over there,1749621
I started,1748654
side and,1747721
cell phone,1747004
in what,1746960
and opened,1746570
he really,1745935
her cheek,1745628
him down,1745570
as one,1745128
maybe you,1745051
he ran,1744929
I hate,1744415
was here,1742382
half of,1741751
these days,1740195
he also,1740166
way through,1739067
of God,1738796
ever seen,1738277
to set,1736628
United States,1736363
the seat,1736301
look on,1736026
we both,1735552
for our,1735325
their eyes,1735287
with which,1734911
eyes on,1734668
the shadows,1734360
hair was,1732937
the soft,1732706
you guys,1729916
son of,1729156
she laughed,1728871
from what,1727445
telling me,1727154
the rear,1726891
her friend,1725535
even when,1725290
from you,1724251
was good,1723745
forced to,1723340
himself in,1722250
said and,1721148
by my,1721071
you with,1720374
made of,1720224
and came,1720208
her family,1720069
on earth,1719842
can we,1719609
our own,1719564
left to,1718027
them for,1717785
he remembered,1717440
her breasts,1716654
father was,1716171
into an,1715967
my mom,1715571
been to,1714999
will take,1714895
the grass,1714690
the enemy,1714066
could she,1713985
use of,1713163
few moments,1712419
a sigh,1712216
think they,1710895
and waited,1710687
a strong,1710531
his desk,1709780
she stared,1709540
sure she,1709363
the silence,1708581
around in,1707926
and never,1707070
keep it,1705024
man to,1703640
been there,1703506
then there,1702934
up as,1702464
off a,1702135
down with,1701989
she seemed,1701435
have known,1699979
and every,1698510
its own,1698369
the law,1697845
him about,1696966
I used,1694988
my husband,1694209
the lake,1694208
look for,1694127
the latter,1693680
her chin,1693598
you about,1693251
him off,1693005
stay here,1692298
this moment,1691016
likely to,1690761
to listen,1689646
over him,1689510
his cock,1688697
the final,1688690
water and,1688676
from it,1688313
up there,1687962
moment of,1686865
high school,1686645
until it,1686457
was afraid,1686439
direction of,1685979
made up,1685459
she watched,1684695
matter what,1684660
the general,1683880
have gone,1683267
turned on,1682914
her room,1682579
in London,1681762
to drive,1680858
a breath,1680595
took off,1680412
could never,1679576
me of,1679505
with what,1678114
a book,1677960
room to,1677644
her down,1677540
rid of,1677103
will never,1676959
agreed to,1676755
her son,1676735
think the,1676647
it now,1676026
me like,1675447
many years,1675104
get him,1673862
the blue,1673693
leaned forward,1672201
the coffee,1671827
hands in,1670529
man had,1670453
parking lot,1669188
to death,1669112
almost as,1668961
had fallen,1668409
I find,1668293
was saying,1667875
same thing,1667391
a cup,1665536
I let,1664413
my son,1664412
the station,1662091
had some,1661860
you still,1660785
between his,1660134
of blood,1659867
sorry for,1659260
it looks,1658606
she stopped,1657867
walked out,1657073
the lady,1655383
I wondered,1654462
the shop,1654411
neck and,1652017
surrounded by,1651733
take me,1651433
it the,1651419
she wondered,1651089
but even,1650946
I ever,1650286
long and,1650033
which were,1649858
was born,1649789
not ask,1648019
at your,1646723
she realized,1646625
walked into,1644147
way that,1643634
you out,1642717
begin to,1640932
they should,1640652
people were,1640590
under a,1639370
you take,1638795
night and,1638651
but how,1638353
a sense,1638335
was time,1636945
by an,1636912
focused on,1636892
me when,1636159
me you,1632902
was hard,1632780
knew how,1632562
woman in,1632537
a group,1632318
he realized,1632152
no reason,1632039
know he,1631954
the inside,1631337
gave the,1631208
that much,1630753
my hair,1630749
led to,1630533
his office,1630409
them a,1628833
seemed like,1628615
closed his,1628572
crossed the,1627473
spoke to,1626546
the author,1626142
working on,1625583
the dining,1625464
my best,1624745
her nose,1621626
the mountain,1621540
was supposed,1620910
up here,1620867
something I,1620332
guess I,1620290
their heads,1620091
the cabin,1619227
could you,1618813
much for,1618796
his forehead,1618547
an eye,1617807
you hear,1617157
inside of,1617070
said you,1616562
his skin,1616299
had turned,1615507
prepared to,1615221
to any,1614461
he wondered,1614346
of money,1614285
a letter,1613964
for something,1613755
shoulder and,1613332
course I,1612507
be happy,1612210
the eye,1611585
to figure,1609261
impossible to,1609178
even know,1609047
head back,1607424
talked about,1606833
he pushed,1606707
turn to,1606431
nice to,1606311
be all,1605995
the French,1605642
why should,1605246
it when,1604172
there will,1604120
how they,1602639
call it,1601742
hold on,1601588
these things,1601321
she kept,1600686
you up,1600232
she remembered,1598980
had passed,1598481
his thoughts,1597978
them from,1597349
over it,1597005
not she,1596408
few seconds,1595743
are so,1595058
grabbed the,1594981
she moved,1594765
expected to,1594503
I stood,1593134
not work,1593071
feeling of,1591496
saw it,1590839
it so,1590668
in two,1590594
intended to,1589658
the horses,1588862
them into,1587364
five years,1587240
shoulders and,1587136
watched as,1586918
she spoke,1586838
thought to,1586173
watched her,1585344
great deal,1585002
him by,1584192
had in,1583743
talked to,1583532
you understand,1582178
stay in,1582037
wish I,1582006
a kiss,1581266
that has,1580270
a life,1579635
men in,1579487
you be,1579321
thanks to,1579134
away to,1578986
everything was,1578564
the porch,1578159
show you,1577385
her ear,1577372
may I,1576356
filled the,1575577
put in,1574817
or I,1574811
get on,1574691
not speak,1574661
see them,1573642
made no,1573418
be too,1570474
them both,1570199
found her,1569254
in New,1568921
noticed that,1568508
say something,1568502
why the,1567634
right hand,1566991
the stage,1566981
the year,1565980
still a,1565782
work for,1565571
men were,1565458
looked as,1565188
behind his,1564925
the library,1564854
you at,1563264
believe me,1562555
have taken,1562095
body was,1561305
you find,1561171
was talking,1560689
the call,1559450
you here,1559344
he always,1558701
went down,1558450
of two,1558286
everyone else,1558193
he kissed,1557451
the outside,1555980
he lifted,1554964
this point,1554413
room with,1553829
picture of,1553717
proud of,1553589
to accept,1553413
help her,1553137
a sort,1553029
that your,1552678
had known,1552304
I also,1552245
she called,1552050
all around,1551694
they say,1551629
the heavy,1551356
have never,1549451
right in,1549018
find her,1548426
wore a,1547828
a cold,1547606
her words,1547048
members of,1546645
their lives,1546415
her first,1545609
and placed,1545424
them up,1544848
that does,1544798
good at,1544076
are they,1543892
thanks for,1543346
the death,1541906
to mention,1541883
a house,1541620
knew I,1541175
stepped out,1540510
seen her,1540230
girl 's,1539838
she let,1539461
was surprised,1537440
she added,1536660
they made,1535175
three days,1534894
be that,1534816
like him,1534456
length of,1534234
the weather,1533869
the early,1533682
she replied,1533266
reason for,1533004
he used,1532819
power of,1532613
love and,1532462
toward him,1532427
body and,1531508
had once,1530119
her hips,1529931
best friend,1528953
when her,1528875
the corridor,1527860
in no,1527732
hint of,1527513
need you,1526773
the tears,1526722
me if,1526393
had all,1526209
would say,1525376
a seat,1524745
face in,1524355
we went,1522790
in hand,1522739
series of,1522440
but only,1522424
few hours,1522029
just do,1521896
a heavy,1521767
the older,1521342
has the,1521097
the bag,1520879
my arm,1520609
in these,1520059
found himself,1519861
is only,1519532
not very,1519451
to begin,1519197
lost in,1518623
off with,1518509
meet you,1518106
to prove,1518079
do was,1517944
while you,1517501
mother was,1517329
the empty,1516679
to wear,1516243
a secret,1516239
here 's,1516176
I realized,1516039
a brief,1515616
member of,1515315
you make,1515120
more about,1514979
pointed out,1514836
a fool,1514808
not enough,1514718
from all,1514364
but all,1514252
but one,1513752
to love,1513257
a room,1512950
could go,1512494
was glad,1511851
floor and,1510833
his expression,1510303
idea what,1510270
followed the,1510186
for sure,1509894
his friends,1508862
covered with,1508747
half an,1508066
a red,1507859
a sharp,1506959
ten years,1506700
hope that,1506662
memory of,1506216
upon his,1505746
the spot,1505465
could I,1505277
the full,1505177
not here,1504065
all you,1503788
around me,1503701
but also,1502678
tell us,1502345
be like,1502204
to rest,1501936
more time,1501462
life of,1501015
felt her,1500302
does that,1500102
he answered,1500060
remember that,1500001
believe you,1499909
time you,1499779
and moved,1499734
had nothing,1499414
having to,1499391
alone in,1499357
the store,1498641
she really,1498544
the summer,1497750
and closed,1497594
remember the,1497448
a bottle,1497111
from here,1497014
living in,1495959
one would,1495776
needs to,1495760
get into,1494723
wake up,1494526
two weeks,1494317
you wanted,1493273
to continue,1492614
one is,1492585
was done,1491855
and look,1491845
the apartment,1491480
he liked,1491307
once the,1491284
the few,1490968
was dead,1490602
his parents,1490496
be fine,1490249
wonder if,1489760
my first,1489661
I called,1489601
makes me,1489558
to push,1489408
who have,1488732
raised her,1488699
the noise,1488416
a finger,1487856
place where,1487821
moment to,1487481
either side,1487425
up against,1487412
they knew,1487324
many people,1487305
can go,1487286
ability to,1486588
have said,1484997
not imagine,1484517
understand that,1484094
myself to,1483977
will come,1483554
be as,1483312
she leaned,1482971
the wedding,1481810
so good,1481660
upon her,1481219
nothing else,1481052
worse than,1480985
as usual,1480881
while they,1480355
the memory,1480251
him of,1480052
your mind,1480036
spent the,1479868
good idea,1479541
three years,1479268
be found,1478588
about them,1477668
my room,1477189
through it,1476707
too far,1476508
stopped and,1475487
people are,1475400
the state,1475255
those of,1474989
and will,1474794
to cover,1474420
work on,1474014
in another,1472859
king 's,1472422
in charge,1472288
I watched,1472110
had lost,1470758
few weeks,1470394
of coffee,1470284
at work,1470194
me back,1470067
hundreds of,1469554
felt his,1469201
as in,1468650
were just,1468638
face with,1468427
eyes to,1468214
if to,1467567
leaned back,1467410
his car,1467348
time they,1467067
the elevator,1466744
go in,1466628
and maybe,1466069
window and,1465980
but do,1465974
was waiting,1465941
the previous,1465880
and where,1465661
throughout the,1465507
take him,1465446
he looks,1463332
to myself,1463057
what can,1462482
after him,1462396
the engine,1462353
glared at,1462286
occurred to,1461872
bunch of,1461608
the castle,1461562
get me,1460843
and pushed,1460528
were both,1460460
was I,1460342
knowing that,1460320
not keep,1458775
was even,1458543
room for,1458498
together and,1457705
all night,1457127
me into,1457100
looking up,1456977
looked out,1456963
just before,1456933
Table of,1456760
which would,1456672
the ball,1456327
in mind,1455802
a dream,1455316
did they,1455285
from your,1454540
after she,1454324
us in,1453817
back against,1453785
on what,1453736
on which,1453617
could find,1453338
the bus,1453041
to cry,1452625
your name,1452264
be careful,1452234
we might,1452039
chest and,1450753
not expect,1450381
was of,1450070
and another,1449741
work of,1449222
glance at,1447705
do for,1447580
my God,1447372
held it,1447266
have thought,1447073
headed for,1447068
the barn,1446995
of each,1446770
she ran,1446558
pulled up,1445013
once he,1444706
I met,1444067
they found,1443812
hung up,1443607
to throw,1443346
comes to,1442863
did that,1442589
one had,1442237
look in,1441556
person who,1441104
just about,1440599
not talk,1440541
off in,1440344
liked to,1440272
so close,1440219
the bottle,1438673
one else,1438508
of Contents,1437331
without any,1437170
his chin,1437112
her thoughts,1436715
as good,1436446
fear of,1436381
to finish,1436202
done it,1435979
whom he,1435168
pile of,1435161
end up,1434271
the business,1434205
and everything,1433965
is more,1433847
to remain,1433697
like they,1433540
ended up,1433525
care about,1433477
tired of,1433332
my chest,1432801
you as,1432773
from its,1432735
by any,1432173
the public,1431924
them that,1431328
what could,1431171
still be,1430827
of love,1430702
up again,1430305
sure it,1430300
was another,1430244
saying that,1430242
by that,1429220
but why,1429107
last thing,1428731
a feeling,1428441
have my,1428380
after you,1428025
for being,1426992
against a,1426666
that are,1426604
do a,1426427
you again,1426322
its way,1426168
had begun,1426043
for several,1425450
something was,1425259
who can,1425056
was making,1424990
and most,1424638
a table,1423498
is now,1423473
else to,1423371
trust me,1423288
is on,1422707
he picked,1422632
first place,1422623
with two,1421890
his room,1421883
sure of,1421700
excuse me,1421609
you on,1421520
and very,1421126
around them,1420275
and fell,1420222
a tall,1419848
here is,1419051
this would,1418885
was up,1418492
go into,1418189
she cried,1417907
than any,1417331
not had,1417326
time we,1416718
the park,1416179
into their,1416134
aware that,1415545
someone to,1415227
be right,1415073
my shoulder,1415050
that can,1414831
could take,1414312
eyes of,1414030
took out,1413764
the base,1412871
been on,1412770
same way,1412734
the hard,1412673
few years,1412554
wife and,1412435
him so,1412390
to offer,1412252
to hurt,1411594
I decided,1410531
be my,1410333
at an,1410224
was left,1410068
one could,1409301
good thing,1409077
a message,1408903
go away,1408637
the mountains,1408213
the perfect,1407952
life in,1407871
and back,1406912
far more,1406609
several times,1406521
next time,1406485
contact with,1406003
stay with,1405807
then turned,1404255
have time,1404167
he returned,1403971
to those,1403866
would get,1403843
his eye,1403420
himself and,1403222
a simple,1402621
her tongue,1402453
see his,1401987
can make,1400456
need for,1400115
turning to,1399148
together in,1398869
the part,1398399
make out,1398203
some other,1398170
life was,1397664
where to,1397552
in me,1397540
responsible for,1397191
was true,1396347
thousands of,1396074
since you,1396020
sounds like,1395991
way you,1395836
still have,1395762
friend of,1395732
shirt and,1395437
list of,1394780
the usual,1394511
image of,1394344
he grabbed,1393924
turned into,1393802
the information,1392758
want a,1392727
to drink,1392711
at some,1392223
house was,1392106
it before,1391952
found that,1391729
though they,1391145
begun to,1391089
away in,1390706
kept her,1390630
and handed,1390377
the knife,1388209
is something,1388030
who knows,1387834
us and,1387610
believe in,1387548
old woman,1387435
my fingers,1387320
you what,1386990
for so,1386835
not about,1386715
one and,1386505
them were,1386283
her about,1386201
and those,1385687
it makes,1385385
was beginning,1385084
against my,1384910
far too,1384563
he pointed,1384239
her right,1384185
searching for,1383368
down there,1383305
little bit,1382879
scent of,1381821
my lord,1381307
the ocean,1380843
urge to,1380432
a point,1380161
me again,1380123
the north,1380122
him was,1379886
they said,1379797
last of,1379437
we just,1378776
over again,1378761
is too,1378668
feeling that,1378664
stepped back,1378619
I nodded,1377645
to end,1377555
watched him,1377349
other 's,1377255
was made,1376612
was pretty,1375884
pushed the,1375861
off my,1375779
be good,1375701
here with,1375633
wanted her,1375362
and our,1375271
the guard,1375073
him like,1374308
lying on,1374117
the space,1373652
these are,1373609
lifted his,1373373
being the,1373122
they must,1372836
said softly,1372708
stood and,1372503
dining room,1372461
wave of,1372053
he raised,1369885
this world,1369615
were at,1369177
can take,1369006
the storm,1368721
the chief,1368407
a dog,1368327
had any,1368246
brother 's,1368136
these people,1367919
at you,1367480
deep in,1367311
have heard,1367085
and white,1366992
went up,1366801
asked for,1366275
caught her,1366022
not your,1365972
given the,1365891
him when,1365673
belonged to,1365672
out as,1365331
everything that,1364424
the parking,1363443
a loud,1363437
they reached,1362244
within a,1361615
or in,1361615
give the,1360830
course of,1360483
as that,1359688
door opened,1358806
his phone,1358627
holding the,1358538
much better,1358064
just because,1357786
type of,1357683
the greatest,1357643
name was,1356119
and find,1355856
two hours,1355707
the human,1355058
a corner,1354999
up by,1354911
right away,1354695
night before,1354355
the clock,1354077
had changed,1353554
you came,1353399
effort to,1352460
behind a,1352407
the restaurant,1352174
I kept,1350939
of other,1350861
was back,1350809
the deck,1350727
holding her,1350548
around my,1350319
from which,1350119
than ever,1350055
a tree,1349415
the Great,1349123
shut up,1348864
give a,1348693
that morning,1348459
her chair,1348396
the process,1347933
and give,1347786
get your,1347663
not always,1347551
of yours,1347433
upon a,1346905
a note,1346813
said a,1346275
go of,1346260
would she,1346177
hard and,1346048
her off,1345875
her like,1345485
story of,1345266
became a,1344862
will go,1344479
until we,1343757
come home,1343492
to laugh,1343324
not being,1343275
they looked,1341795
chance of,1341669
door behind,1341625
his seat,1341342
out loud,1340710
looks at,1340615
woke up,1340591
although he,1340462
please do,1340350
his stomach,1340307
of sight,1340101
apart from,1340066
the opportunity,1339923
a special,1339795
first to,1339367
that seemed,1338829
she stepped,1338624
their hands,1338541
go through,1338297
until you,1338144
a glance,1338030
moment he,1338007
grabbed her,1338000
will make,1337450
try and,1336589
eye on,1336516
help him,1335809
read it,1335474
ask him,1335473
his finger,1335153
and stepped,1335088
do is,1334521
and leaned,1334042
pocket and,1333974
of mine,1333904
she paused,1333853
my friends,1333562
by their,1333519
my stomach,1333359
lips and,1333091
any one,1332989
time that,1332904
be better,1332703
case of,1332294
he caught,1332253
to discuss,1332216
and grabbed,1332115
they want,1332028
back home,1331540
there with,1331493
the yard,1331303
have told,1331289
with our,1331260
has no,1330954
it away,1330864
the hands,1330786
not hurt,1330677
her so,1330369
he may,1329851
which we,1329713
face to,1329467
best of,1329257
came over,1328558
I loved,1328437
I pulled,1328098
for dinner,1327949
the sort,1327160
would give,1327125
long before,1327115
failed to,1326851
the green,1326323
in them,1325502
just for,1325491
a terrible,1325306
would I,1325220
an end,1324933
half the,1324881
his men,1324863
one or,1324593
some more,1324439
not stand,1323901
on all,1323693
I doubt,1322758
had thought,1322572
so sorry,1322412
I began,1321961
the need,1321938
of thing,1321833
you been,1321777
held his,1321710
door open,1321241
them the,1320998
with every,1320940
walked away,1320609
every one,1320600
that kind,1320120
a mistake,1320119
phone and,1319809
a picture,1319580
left him,1319178
the mother,1319063
the wood,1318918
he shrugged,1318743
the sand,1318183
but had,1317824
one with,1317162
to draw,1317040
might as,1316968
us all,1316283
kept his,1316163
neither of,1315866
had died,1315778
few more,1315567
pieces of,1315404
us a,1315149
not forget,1314999
was happening,1314744
laughed and,1314531
pay for,1313915
just wanted,1311688
and finally,1311475
ask me,1311316
loved her,1310438
nothing of,1310338
the palace,1309773
a guy,1309624
who knew,1309580
the size,1308923
she sighed,1308701
how 's,1308669
his best,1308540
the plane,1308415
whatever it,1308251
was clear,1308186
thought the,1308068
going back,1308037
both hands,1307905
glad you,1307429
was much,1307302
to anyone,1306446
and thought,1306257
the image,1306237
am a,1306017
way down,1305120
be to,1304536
she continued,1304483
looked to,1303638
the days,1303595
call the,1303315
the tip,1302625
of having,1301973
from where,1301746
from them,1301579
a sound,1300999
first thing,1300641
I come,1300543
making her,1300514
eyes as,1299962
found in,1299250
coming back,1298705
his bed,1298437
and here,1298188
was well,1297602
his jaw,1297297
people to,1296895
the ice,1296725
air of,1296649
to life,1296533
being in,1296479
the arm,1296325
face as,1296261
all to,1295789
just one,1295737
their faces,1295668
and threw,1295642
the British,1295419
his house,1294471
a story,1294436
dark and,1294353
sure what,1293888
sounded like,1292955
find him,1292912
mouth to,1292854
her by,1292025
my voice,1291955
herself in,1291400
an answer,1291399
the stars,1291198
heard her,1291175
they saw,1290881
is nothing,1290587
involved in,1290567
after his,1290336
much time,1290322
he decided,1290071
things were,1289432
look up,1288828
from an,1288702
his horse,1288621
same as,1288503
enough of,1288502
care for,1288206
to fill,1288138
the ring,1288040
waiting to,1287623
not with,1287497
the pool,1287429
the hot,1286654
the tiny,1286591
not they,1286337
to enter,1286240
her waist,1286042
who I,1285661
different from,1285477
one last,1285381
of every,1285049
some reason,1284822
but could,1284248
something of,1284193
even to,1284120
we may,1282692
and brought,1282333
around here,1282325
the details,1282195
me feel,1280859
have her,1280557
they wanted,1280458
door was,1279862
while we,1279324
cried out,1278749
did so,1278258
say I,1277821
she wore,1277277
is why,1277252
this woman,1277210
been here,1277089
would 've,1276902
days of,1276849
focus on,1276823
a fire,1276557
a face,1276505
size of,1275511
you told,1275503
sat back,1275465
and nodded,1275410
you knew,1274538
this afternoon,1273810
onto his,1273064
seeing the,1272838
that their,1272607
anything that,1272529
my legs,1271590
of wine,1270950
presence of,1270745
place of,1270512
your brother,1270335
did a,1269582
or what,1269407
a gun,1269312
my throat,1269118
can only,1268802
heart of,1268371
could say,1267869
few months,1267636
making the,1267386
have I,1267035
he waited,1266848
last year,1266643
a wide,1266479
so well,1265953
either of,1265422
how is,1265259
caught the,1264962
go down,1264868
decided that,1264527
went through,1264414
better to,1264216
my house,1264190
live with,1264145
heart was,1264005
done to,1263710
his ears,1263534
my daughter,1261770
a bunch,1261645
dealing with,1261175
hear it,1260922
and while,1260860
he then,1260580
had grown,1259956
the battle,1259816
the English,1259604
because we,1259589
house in,1259167
said quietly,1258338
given her,1258237
she answered,1258226
on either,1257298
my neck,1257283
time when,1256282
the carriage,1255579
he drew,1255282
followed her,1255186
to enjoy,1254957
have something,1254504
a door,1254241
made to,1253639
around a,1253564
done with,1252820
not his,1252408
doing it,1252062
noticed the,1251638
sent to,1251446
does he,1250710
below the,1250499
a horse,1249850
your head,1249616
his ear,1249325
or was,1248805
where a,1248638
on board,1248366
stood on,1248243
a perfect,1247710
got into,1247088
covered in,1246959
fell to,1246890
struggled to,1246871
whole thing,1246813
where did,1246555
charge of,1246334
back a,1246119
found herself,1245646
death of,1245579
any time,1245258
cold and,1245229
they took,1244324
just have,1243827
feel that,1243758
she pushed,1243294
advantage of,1242062
head on,1242017
someone had,1241494
them had,1241249
no sign,1241190
her phone,1240340
wait until,1239816
give them,1239753
or if,1239654
your eyes,1238290
knowledge of,1238100
that as,1237364
if his,1237271
I swear,1237244
only way,1236797
kinds of,1236563
wall of,1236496
put up,1236023
were there,1235755
you I,1235450
stepped into,1235405
caught up,1235361
he grinned,1235313
a human,1235202
words were,1235030
approached the,1234622
that man,1234521
needed a,1233954
in life,1233526
in other,1233489
a third,1233243
came down,1233210
say the,1233115
my lips,1232931
doing here,1232863
the strength,1232802
he wore,1232410
want him,1232057
a mile,1232017
she closed,1231682
I noticed,1230668
boy 's,1230643
smile and,1230501
so as,1230420
them at,1230376
the weight,1230352
and leave,1230299
brought the,1229847
other things,1229807
is for,1229375
down my,1229229
account of,1228293
to shake,1228166
is as,1228074
place for,1227776
brought her,1227338
world of,1226861
the deep,1226784
the slightest,1226292
it takes,1226280
it not,1226226
put my,1226148
parts of,1225460
left hand,1225335
shall we,1224805
get my,1224124
not bother,1224024
air and,1223341
of death,1223270
wanted him,1223013
heard him,1222924
her bed,1222677
the devil,1222493
light and,1222302
the nearest,1222232
the meeting,1221809
ask for,1221794
back door,1221618
her long,1220872
take my,1220630
to school,1220514
it really,1220430
a dead,1220405
the fuck,1220292
and also,1220198
the army,1220189
from under,1219991
but after,1219722
any longer,1219444
an idea,1218614
watch the,1218367
can find,1218194
the papers,1218029
me so,1217679
took him,1216711
anything but,1216569
one night,1216466
that makes,1215835
work in,1215801
attached to,1215788
had started,1215638
two or,1215440
we want,1215290
watching her,1213823
not any,1213650
he finally,1213373
that came,1213285
or three,1213110
the American,1213089
mind was,1212870
can have,1211965
the Queen,1211462
thing he,1211284
for himself,1211172
with another,1210950
hoping to,1209833
down here,1209621
the upper,1209198
was some,1209026
had gotten,1208744
power to,1208359
about their,1208037
the message,1207529
our way,1206468
his work,1206041
a warm,1205796
be made,1205484
they left,1204429
wondering if,1204294
a million,1204127
it comes,1204024
perhaps it,1203634
not on,1203144
never heard,1202065
and has,1201922
the shoulder,1201851
her when,1201278
answer to,1201202
the original,1200851
reach the,1200162
a series,1199947
that evening,1199860
with those,1199803
never mind,1198856
say you,1198811
six months,1198653
the camp,1198233
really do,1198206
should go,1198094
the shower,1197800
kill him,1197616
you okay,1197573
remembered the,1197317
at times,1196870
life is,1196853
outside of,1196629
of anything,1196496
signs of,1195866
to notice,1195822
she liked,1195374
before his,1195206
dad 's,1195024
right here,1194973
of pain,1194834
looked away,1194461
a call,1193922
the love,1193745
and without,1193593
the foot,1193482
him away,1193417
be out,1193390
any way,1192951
you wish,1192916
he closed,1192704
call you,1191569
glimpse of,1191471
afraid to,1191363
known as,1191326
you ask,1191122
work out,1190964
got back,1190942
are no,1190545
the skin,1190447
she wants,1190120
money to,1190090
then that,1189650
based on,1189402
over me,1189390
them back,1189316
was enough,1189233
a slow,1189138
the kid,1189035
was holding,1188334
the south,1188115
than it,1187540
not until,1187506
he fell,1186695
also a,1186660
time it,1185779
taken a,1185567
were too,1185560
rose to,1185352
the cave,1185345
the course,1184608
surprised to,1184601
few of,1184254
to act,1183752
just how,1183362
although I,1182113
take your,1181755
again to,1181458
even with,1180837
shut the,1180807
given him,1180018
could think,1179832
very little,1179713
leaned over,1179623
was taking,1179540
am sure,1179211
two hundred,1177955
leave me,1177285
weight of,1177184
anyone who,1177184
I remembered,1176875
now we,1176262
held a,1175759
beneath her,1175709
desk and,1175479
the rock,1174572
rose and,1174375
his tone,1173955
it happened,1173838
into this,1173795
history of,1173774
the team,1173727
me I,1173671
smile on,1173489
a faint,1173487
upon him,1173214
is about,1173124
never thought,1172688
she always,1172562
food and,1172339
of relief,1172190
a laugh,1171937
back as,1171816
whatever you,1171678
when my,1171424
touched her,1171385
of white,1170497
not trust,1170420
a sign,1170333
what will,1170008
I ran,1169816
know she,1169739
could hardly,1169518
straight to,1169481
you call,1169379
forgive me,1169244
her best,1169205
just now,1169164
on some,1168638
your family,1168431
but before,1168211
his new,1167476
house of,1167276
s a,1166626
been an,1166279
than one,1166113
his time,1165995
to allow,1165791
her forehead,1165618
a kid,1165611
that at,1165549
can help,1165327
were now,1164758
the narrow,1164491
to forget,1164415
work and,1164413
maybe we,1163099
heard that,1162621
called to,1162601
the court,1162228
seen a,1162188
you love,1162146
with any,1161943
eyes widened,1161289
this guy,1160583
that even,1160363
last few,1159978
a doctor,1159910
or that,1159833
after they,1158905
hundred and,1158600
use it,1158566
that means,1158364
husband 's,1158227
the New,1158134
be one,1157936
know this,1157885
took me,1157675
used the,1157597
followed him,1157055
I bet,1157037
his hat,1156869
and reached,1156538
eager to,1156530
wondered what,1156422
would it,1155653
the wheel,1155634
her was,1155544
have given,1155164
sister 's,1154779
looking down,1154657
is true,1154527
hands were,1154469
the thick,1154104
the valley,1153920
of town,1153831
of tea,1153812
really was,1153659
the warm,1153577
to convince,1152731
an arm,1152637
was because,1152182
the guards,1152144
lay on,1151788
plan to,1151639
leave it,1151432
other end,1151274
all three,1151047
a hot,1150690
you believe,1150576
want it,1150253
to cut,1150013
really did,1149527
loss of,1149526
just what,1149505
the sheriff,1149376
deal of,1149321
had so,1149264
are still,1149004
way and,1148789
she lifted,1148625
appeared in,1148295
thing is,1148228
dropped the,1148125
was far,1147642
the radio,1147410
continue to,1147202
tells me,1147071
a thin,1147024
whether he,1147015
the nurse,1146560
much about,1146485
find that,1146127
taken the,1145894
home in,1145856
ran to,1145768
her home,1145529
put them,1145445
make up,1145261
come down,1144849
have your,1144821
of himself,1144438
the week,1144239
want the,1144175
the trail,1144081
wait to,1143931
realize that,1143912
using the,1143857
left in,1143842
you back,1143835
and though,1143731
nature of,1143360
which it,1142968
of work,1142592
you from,1142587
asked as,1142584
her attention,1142577
the club,1142353
relationship with,1141667
the centre,1141653
her teeth,1141633
picking up,1141024
tip of,1141004
a wonderful,1140841
her feel,1140554
was full,1139919
had put,1139890
unless you,1139714
to grab,1139588
why is,1139295
just want,1138759
have one,1138414
is always,1138363
his cheek,1138144
seen it,1137989
it means,1137597
this evening,1137560
as many,1137063
her of,1137019
go for,1136650
sound like,1136594
a night,1136461
I opened,1136398
are to,1136372
legs and,1135849
some people,1135694
ever been,1135246
sorry to,1134713
was actually,1134472
work with,1134444
one for,1134323
to lie,1134172
the short,1133685
the soldiers,1133529
things are,1133042
a line,1133005
side to,1132424
hands of,1132162
returning to,1131569
get them,1131280
was when,1131144
the result,1130828
planned to,1130656
move on,1130423
my phone,1130419
want her,1130380
his long,1130356
right there,1129438
they sat,1129081
a quiet,1129013
friends and,1128772
had enough,1128437
of old,1128296
her friends,1128127
looked into,1127969
her smile,1127219
this day,1126443
pointed at,1126008
I try,1125834
lifted the,1125801
the tall,1125176
control of,1125119
sides of,1124836
only for,1124524
not good,1124519
woman was,1124468
a plan,1123591
why was,1123328
be his,1123137
his dark,1122363
these two,1121591
to clear,1121486
walked up,1121285
and keep,1121257
of another,1121147
keep his,1121134
an open,1120674
had spent,1119671
to sell,1119481
get this,1119378
the presence,1119190
head was,1118900
sat at,1118688
me down,1118232
black and,1118209
other way,1118184
a private,1117670
always be,1117203
and before,1115776
they know,1115745
good as,1115216
to prevent,1114460
as this,1114233
touched the,1113339
the horizon,1113330
wished to,1113288
with great,1113241
one way,1113231
all your,1113207
pulled back,1112985
opened it,1112543
was lying,1112449
mind and,1112390
was working,1112178
over with,1111598
have found,1111349
and women,1111024
go ahead,1110674
hands to,1110386
these were,1110119
a stranger,1109551
stare at,1109103
them was,1108696
known to,1108537
out my,1107733
spend the,1107715
her away,1107685
family and,1107582
he sighed,1107484
a name,1107322
ask her,1106645
mind to,1106604
gave it,1106419
as their,1105866
body of,1105666
the father,1105610
you saw,1104967
he set,1104411
was watching,1104162
he dropped,1103604
the plan,1103475
cleared his,1102478
clothes and,1102394
and say,1102305
what have,1101512
at school,1101477
the shore,1101444
a stop,1101422
the ladies,1101340
only be,1100943
people of,1100939
shall not,1100413
I read,1100134
not long,1100031
once I,1099018
to ignore,1098994
was taken,1098718
would find,1098125
the bright,1097641
all but,1097312
she also,1097138
to consider,1096836
get that,1096758
for those,1096720
had one,1095840
fast as,1095787
sure to,1095673
get rid,1094936
or you,1094828
and knew,1094505
with both,1094427
I make,1094344
this will,1094264
across from,1093335
came the,1093139
I give,1093109
and once,1093097
day in,1092320
no choice,1092113
love for,1091442
people 's,1091220
was having,1091218
shall I,1091040
pretty much,1091026
coffee and,1091025
were already,1090458
you too,1090457
as fast,1089754
coming up,1089431
ground and,1089306
me off,1088841
not far,1088536
wall and,1088440
was silent,1087869
word of,1087293
a world,1087042
me how,1086891
conversation with,1086864
lit up,1086307
the government,1086220
three times,1086003
she looks,1085904
this house,1085776
rubbed his,1085380
feel it,1084794
over in,1084750
all at,1084621
and picked,1084595
walked back,1084521
take them,1084420
who will,1084053
that and,1083978
means of,1083974
the sudden,1083174
a hint,1082835
pulled a,1082363
could still,1082276
idea that,1082221
seen in,1082197
me now,1082123
way up,1081945
which made,1081112
once she,1081083
the priest,1080884
twenty years,1080846
place and,1080841
the possibility,1080636
I reached,1080574
it like,1080161
the secret,1079847
fond of,1079778
take his,1079600
her car,1079193
and kept,1079174
walked in,1079153
doing the,1079009
he thinks,1078835
beginning of,1078631
black hair,1078597
a change,1078296
the west,1077909
thing in,1077745
them down,1077727
and which,1077391
standing on,1077041
had asked,1076998
by some,1076898
perhaps he,1076750
were being,1076604
were only,1076351
given to,1076094
the lower,1075946
only in,1075378
moment she,1075207
had felt,1075053
the cat,1074930
I figured,1074924
that now,1074787
not heard,1074740
not bear,1074559
the camera,1074411
hours of,1074397
he noticed,1074267
home with,1074190
handful of,1073831
to whom,1073640
room in,1073579
or any,1073548
a thick,1073456
right and,1072716
older than,1072650
for someone,1072570
on each,1072311
come over,1072236
to build,1071900
making it,1071884
it meant,1071574
will see,1071423
she knows,1071269
just then,1071180
his old,1070942
at what,1070742
the late,1070595
led the,1070450
and called,1070084
he have,1069822
she decided,1069260
the queen,1068721
the computer,1068688
foot of,1068641
something he,1068186
it or,1068155
got in,1068119
man is,1067698
not allow,1067558
going out,1067445
act of,1067412
coming out,1067286
the sink,1067201
set off,1067035
would probably,1066791
look after,1066447
since we,1066444
was feeling,1066439
felt it,1066376
or anything,1066247
one hundred,1065775
a reason,1065298
kill me,1065253
if anyone,1065041
of man,1064923
your friend,1064721
then his,1064575
all their,1064479
that led,1064449
what that,1063688
thank God,1063503
could use,1063500
mean that,1063293
young lady,1063289
and looking,1063160
he only,1063041
things in,1062474
for anything,1062442
love of,1062057
if her,1061895
like some,1061846
once they,1061793
passed the,1061527
point in,1061323
sent a,1061281
a well,1061253
than his,1061233
call him,1061160
he hoped,1061150
the difference,1060544
his watch,1060483
will find,1060447
very long,1060296
start to,1060099
not put,1059761
in return,1059539
the creature,1059204
understand what,1059150
each time,1058877
her new,1058101
of years,1057771
the huge,1057732
seat and,1057705
so why,1057663
office and,1057497
first of,1057189
and pressed,1056306
the van,1056280
to breathe,1056098
heart and,1056032
get his,1055367
fell into,1055007
she picked,1054990
a handful,1054576
no problem,1054532
although she,1054036
a grin,1053798
once in,1053660
than anything,1053468
and continued,1053438
back for,1053331
a bright,1053088
for not,1053037
like my,1052277
be ready,1052205
one by,1052154
this case,1052103
for three,1051959
clung to,1051888
since they,1051684
who he,1051615
we found,1051456
the farm,1051367
glanced up,1051184
leave her,1050712
there a,1050693
keep him,1050602
important to,1050434
told us,1050141
good enough,1049472
then to,1049288
flash of,1049275
the opening,1049126
warm and,1048627
to control,1048613
that some,1048044
her lap,1047733
me by,1047629
everyone was,1046857
brown eyes,1046567
a flash,1045878
under my,1045875
and perhaps,1045629
the scent,1045554
but of,1045491
it by,1045467
had stopped,1045350
face the,1043803
your sister,1043509
inside and,1043274
a fight,1043272
I meant,1043057
him over,1042809
into one,1042336
a wave,1041864
everything in,1041772
having been,1041459
and soon,1041455
not stay,1041405
taking her,1041345
the airport,1041038
way in,1040861
and followed,1040630
thing she,1040306
standing there,1040268
an empty,1040263
kitchen and,1040203
and everyone,1039964
her little,1039826
like his,1039477
met her,1039281
onto her,1039082
the list,1039028
was impossible,1038969
and nothing,1038953
him he,1038867
friend 's,1038383
both the,1038090
stood at,1038086
them off,1037921
be taken,1037914
much like,1037727
a most,1037630
intention of,1037498
did this,1037497
felt so,1037420
need not,1037375
just been,1037370
of mind,1037248
red and,1036937
few times,1036840
made for,1036572
the urge,1036206
his sword,1035936
caught in,1035465
to realize,1035423
and are,1035122
the officer,1034915
change the,1034760
access to,1034354
doubt that,1034245
everything else,1034243
you always,1033716
for many,1033681
were two,1033670
her house,1033460
not her,1033412
the bench,1033061
one can,1032872
went over,1032000
had tried,1031818
I smiled,1031276
the garage,1031241
cut off,1031222
sounds of,1030895
lay in,1030729
were very,1030458
last week,1030185
had arrived,1029979
come into,1029792
I expect,1029298
know him,1029087
with more,1029047
was your,1029026
understand the,1029022
a break,1028758
time was,1028612
