ngram,freq
di un,16459110
che non,13413859
e la,13171239
per la,12914168
la sua,12565523
che si,11701960
il suo,11662711
di una,11646542
con la,11573024
non è,10218500
in cui,10206753
e di,10108333
e il,10030429
che la,9746751
per il,9224429
in un,9198430
che il,8902993
di cui,8300092
e non,8237225
con il,8201314
non si,7904786
e le,7237477
con un,6780012
quello che,6236669
e si,6217094
ma non,6195281
in una,6072263
e che,5865718
un po,5684826
da un,5642554
i suoi,5439700
e i,5411856
a un,5358832
e l',5296131
per l',5250218
con le,5199569
si è,5174782
ciò che,5134031
è un,5128159
è stato,4949561
se non,4942480
che è,4774931
tutte le,4770699
si era,4761140
che le,4710539
che l',4704168
tutti i,4684065
non era,4634759
il mio,4609723
per un,4609537
per le,4585015
gli occhi,4579590
la mia,4533851
per i,4418124
anche se,4401265
con l',4390699
in modo,4386374
le sue,4297729
che mi,4266331
con una,4092558
con i,4061308
è il,4049663
in questo,4021694
e poi,4020141
della sua,3930448
come se,3761166
di essere,3743615
e a,3718164
è la,3699606
che gli,3674976
da una,3633136
che aveva,3626063
da parte,3610518
non mi,3579075
prima di,3568268
e per,3511471
può essere,3492396
è una,3478135
una volta,3470593
a una,3448909
di non,3421630
e gli,3377675
come un,3349428
che ha,3343230
tra le,3330404
del suo,3328463
la testa,3327957
un altro,3323607
non sono,3313844
fino a,3302755
che lo,3256607
e in,3253846
che era,3230398
di nuovo,3206914
la prima,3145492
che i,3072518
o di,3003402
e lo,2974704
è stata,2958174
non lo,2952383
a casa,2946815
caso di,2943284
e della,2905678
tutto il,2889797
non ci,2883791
non aveva,2852288
e mi,2847106
e con,2816705
che ci,2796656
che cosa,2767209
gli altri,2757537
tra i,2756170
di lavoro,2726575
e del,2714805
in quel,2683036
di più,2677792
le mani,2656704
in quanto,2655575
e un,2654821
la vita,2644477
se ne,2614740
tutta la,2604347
fatto che,2594565
si può,2592261
un uomo,2589377
non ha,2565725
più di,2540791
grado di,2532961
non può,2524476
mi ha,2499987
di questo,2494612
era un,2489687
alla fine,2486275
la mano,2485728
che in,2484113
bisogno di,2482252
l' uomo,2479661
era stato,2476518
lo stesso,2469671
nel caso,2451457
uno dei,2447906
di lui,2440305
la loro,2436032
cui si,2391301
ci sono,2358022
ma anche,2352861
il quale,2344305
al suo,2296029
in particolare,2275462
nella sua,2264773
e delle,2240014
a me,2220302
se la,2220106
lo sguardo,2217734
ed è,2206439
di me,2202110
si tratta,2199494
ai sensi,2194233
il primo,2187109
in grado,2182129
non solo,2142066
deve essere,2135134
il tempo,2127453
come una,2112969
punto di,2096136
la porta,2093504
tutti gli,2085331
per quanto,2084573
ad un,2076849
perché non,2074882
non ho,2048776
che sono,2046788
di fronte,2043932
le cose,2029962
per una,2024324
e dei,2022795
e se,2019477
e una,2012643
con gli,2007677
nel suo,1987232
il loro,1972664
i miei,1951733
cura di,1941965
la stessa,1934037
di lei,1931711
l' altro,1920785
in ogni,1908196
i due,1896295
se il,1882035
parte del,1873198
il fatto,1862976
per questo,1858357
qualcosa di,1855981
quello di,1845006
su un,1835195
a cura,1830193
nei confronti,1827377
una delle,1823159
verso il,1822720
io non,1819471
possibilità di,1818938
sempre più,1806609
come la,1797846
come il,1797084
dei suoi,1792959
il tuo,1792678
che ti,1791378
ma la,1788320
a lui,1783369
e io,1781669
è che,1780613
dopo la,1774750
parte di,1771500
il nostro,1770075
il mondo,1768746
che per,1768516
come si,1759354
che sia,1758793
verso la,1749270
una cosa,1746360
alla sua,1740332
per cui,1738391
a questo,1724556
prima che,1724167
anche in,1720141
cui al,1718106
l' art,1710410
la tua,1709860
era una,1702787
anche il,1681987
a fare,1677921
la nostra,1676991
quando si,1674826
che hanno,1672931
di questa,1662849
ma il,1661521
in realtà,1660865
in caso,1657512
quel momento,1651563
l' aveva,1647466
del mondo,1638315
di fare,1638119
anche la,1633606
per gli,1632531
era stata,1628233
di quella,1624153
per me,1620810
a cui,1619420
l' ho,1617605
ad esempio,1614817
con cui,1614234
su di,1612626
che ne,1605428
una donna,1600091
che un,1599146
per esempio,1593421
la propria,1590625
un certo,1588792
possono essere,1588695
ad una,1584004
del tutto,1583690
a quella,1582785
i loro,1582423
a quel,1580987
di quanto,1578609
la voce,1573125
che a,1572143
non ti,1562791
le parole,1561845
non so,1559196
di tutti,1556256
il giorno,1554269
è l',1551173
sarebbe stato,1548848
quella di,1544694
la quale,1540129
era il,1538977
in questa,1530227
è in,1526268
in materia,1523912
detto che,1515728
della vita,1507526
se si,1502780
volta che,1501958
e alla,1501007
mi sono,1497037
una mano,1485563
in Italia,1483898
il diritto,1478375
ha detto,1477185
sotto il,1476430
al di,1473077
a quello,1467175
e da,1463855
di loro,1461373
cui il,1456765
e quindi,1456179
della legge,1451421
dire che,1445445
modo di,1440437
la possibilità,1437709
di ogni,1433268
diritto di,1432226
il più,1426254
a volte,1421889
davanti a,1420641
che tu,1420570
per non,1417649
la donna,1416728
anche per,1415095
il giudice,1414384
di aver,1410053
quelli che,1399529
tipo di,1396293
un paio,1392919
dopo aver,1392031
tratta di,1381634
prima volta,1381364
ha fatto,1378967
di tutto,1376969
di vista,1371914
del diritto,1371051
i capelli,1369317
e al,1369284
ci si,1367337
fine di,1364135
le loro,1362565
ma che,1361647
sono stati,1360026
non poteva,1348768
a tutti,1348074
tutto ciò,1346269
ma è,1341940
e anche,1333892
su una,1332188
che io,1331704
quando il,1326211
che ho,1325569
le mie,1316768
parte della,1315036
ai fini,1314197
di vita,1314055
era la,1313924
in piedi,1312105
la cosa,1311953
è possibile,1311071
gli uomini,1308760
un attimo,1307426
questo è,1307315
in fondo,1303293
di uno,1302859
stato di,1301790
di quel,1297713
il nome,1297429
forma di,1296394
i quali,1295526
in base,1288064
mio padre,1285334
paio di,1283413
non ne,1282367
presenza di,1277761
e così,1276053
il proprio,1275771
nel corso,1274999
quando la,1272336
più che,1263965
di avere,1259583
le braccia,1259158
in relazione,1258499
un giorno,1255511
tra il,1252678
cui la,1251798
si sarebbe,1250945
con me,1249435
dello Stato,1248512
sono state,1240729
il cuore,1240687
cosa che,1238761
a che,1237901
o meno,1225470
lo so,1223814
quella che,1222230
una persona,1214852
si sono,1209803
della mia,1208798
il momento,1208540
le persone,1204052
quel che,1193519
con lui,1192978
in quella,1192353
solo per,1191269
fino al,1190797
del lavoro,1188822
che lei,1186591
è più,1185219
la verità,1182563
la morte,1178835
serie di,1177425
aveva fatto,1175502
numero di,1171670
una parte,1169915
per lo,1169268
a lungo,1165620
e nel,1165421
materia di,1165083
un momento,1164119
avrebbe potuto,1163276
non avrebbe,1163064
che se,1157332
così come,1155078
di noi,1154701
non sia,1153966
anche a,1152540
a lei,1145372
è vero,1141435
di quello,1140296
mia madre,1139764
un sorriso,1139335
il corpo,1138298
contro il,1134686
andare a,1132583
si trova,1127938
al momento,1126094
l' idea,1123713
delle sue,1123206
credo che,1121565
non l',1121138
la storia,1119650
sotto la,1118282
in casa,1117083
il problema,1114740
in tal,1111677
non posso,1110962
l' ha,1107446
non vi,1107399
a causa,1104640
a dire,1104545
si erano,1104167
in maniera,1104073
che lui,1102742
al fine,1102321
di questi,1101659
cercando di,1100947
che una,1097135
la strada,1097095
l' altra,1096480
e lui,1096370
durante la,1091716
e quando,1091618
che fosse,1091551
di chi,1090527
è di,1089548
se l',1086595
capacità di,1084860
poi si,1081065
coloro che,1080179
di sé,1077701
che vi,1075613
per lui,1074407
una serie,1070833
le due,1067926
a partire,1066356
il capo,1065019
maggior parte,1064766
i nostri,1064482
fra le,1063002
in seguito,1057962
molto più,1057310
il resto,1056176
non gli,1053827
dopo il,1053649
ed il,1052280
e lei,1050436
la parte,1049520
non le,1049137
il termine,1047970
senso di,1046456
in mano,1041158
una nuova,1040890
la legge,1039799
contro la,1037619
il caso,1034629
o la,1033466
la notte,1032864
con lo,1032463
in mezzo,1030350
ed era,1026907
l' unica,1026317
per essere,1021815
suo padre,1021567
verso di,1020214
se fosse,1019065
ma in,1017526
e come,1014740
il lavoro,1011041
sulla base,1009918
del mio,996540
la gente,996044
è sempre,995799
suoi occhi,994276
di Dio,992888
lei non,992301
il numero,989233
del codice,988587
di quelle,986386
un nuovo,984644
le altre,984118
al comma,982489
lui non,980775
non fosse,980695
qualcosa che,978731
sua vita,975992
la situazione,974478
in vigore,971119
da cui,970748
è così,970173
che avrebbe,970016
o in,968973
si fa,967761
solo un,965824
a terra,964973
a livello,963821
dalla legge,963812
in qualche,963400
era in,959980
e più,955689
tra la,954725
è quello,954546
momento in,954410
allo stesso,952706
a loro,951688
di fatto,947799
la casa,947736
la cui,945937
non la,945755
e questo,945706
a non,944600
le aveva,943574
a quanto,943288
questo caso,943171
ogni caso,943001
è molto,941030
dalla sua,940020
se lo,939075
non sarebbe,938550
della società,937732
le spalle,937265
le donne,936035
modo che,934811
da lui,929090
la luce,927106
gli aveva,926006
del tempo,923379
avrebbe dovuto,922879
devono essere,920144
altro che,917716
e l,917018
le parti,916214
di casa,915150
della città,914534
di tale,914395
da quando,913168
ai suoi,913122
sorta di,912721
che di,912436
di là,912202
del contratto,911144
una certa,910910
a sua,910399
sua madre,909716
le disposizioni,909345
nello stesso,907805
la ragazza,907499
l' amore,906271
un tempo,905858
del presente,905689
su cui,905042
conto che,903737
durante il,903598
si alzò,903094
l' unico,902620
secondo la,902184
di te,901066
la presenza,899241
del genere,899226
tempo di,897715
e ci,896362
il viso,895295
lo aveva,894743
in via,893552
parte dei,892653
visto che,892593
verso l',892528
fino alla,891897
voglia di,890822
o il,890568
l' ultima,890226
dello stesso,889503
so che,889255
meno di,888866
a meno,888844
idea di,888803
l' aria,887349
cominciò a,886960
come l',885042
rispetto a,882642
specie di,882272
che nel,881294
persone che,881040
del decreto,880531
attraverso la,879170
o per,878978
di due,878194
in termini,877955
ancora più,877319
d' accordo,875545
of the,875360
tutto questo,874463
più in,873505
la parola,873357
New York,873067
la signora,872098
accanto a,871836
le dita,870658
in giro,868449
se stesso,868230
il padre,867364
degli altri,866908
io sono,866691
il valore,865575
cui è,864745
tra gli,864090
in uno,863804
ha un,863108
di queste,861243
se è,856995
di tempo,855571
ogni volta,854981
ho detto,854660
le labbra,853900
la maggior,853535
processo di,853181
tutto quello,852854
fra i,851382
il potere,850166
il sistema,849206
lui e,847910
me ne,847631
di persone,846599
del giudice,845642
anche di,844705
dal suo,843085
della loro,842964
in parte,842749
al centro,842720
la città,842385
da quella,841035
sono i,840650
con lei,839764
sono le,838989
ma se,838117
o a,837455
la bocca,837310
che li,835766
e sono,835210
che stava,834209
perché la,834187
stato un,833860
la madre,829550
negli occhi,828399
si veda,828083
cui non,828024
a norma,827260
il modo,826957
aveva detto,825526
è solo,825342
uno di,824485
non hanno,823911
un piccolo,822041
che avevano,821469
ma si,821391
ma per,820646
nei suoi,819608
di diritto,818812
un bel,818257
mentre il,816711
il cui,815973
cui l',815789
in effetti,815603
la più,814360
va bene,814168
necessità di,814089
in silenzio,813193
dove si,812858
riusciva a,811081
la seconda,811058
in mente,810961
ancora una,810948
dopo l',809753
la natura,808881
la forza,808575
anche i,808160
casa di,806389
caso in,805605
una sorta,805269
ho fatto,804902
un anno,803821
a te,802061
data di,799602
attività di,798678
sarebbe stata,798631
cose che,797201
da fare,796749
dopo un,796633
e senza,795163
di solito,793835
per l,790879
in tutto,790777
questa è,790675
la Corte,790289
si sentiva,790085
il signor,790024
non erano,788774
sistema di,788219
al mondo,788143
anche un,788079
per lei,787995
era ancora,787602
capace di,786421
vi è,784774
a far,784313
mentre la,782883
a parlare,781240
del sistema,780237
l' acqua,779739
alla porta,779530
a chi,778403
il principio,778375
i bambini,778348
che può,778019
mancanza di,778012
dei diritti,777744
lei si,777566
i primi,777156
sono in,776243
il sole,775651
perché il,775626
non voglio,774902
del processo,774749
a essere,774643
alla luce,774462
cerca di,772758
a sé,771750
per cento,770227
e degli,769832
ti ho,768596
uomo che,766891
di andare,766637
base di,766255
non essere,765794
un grande,764751
il secondo,764686
per te,764618
del resto,763839
gruppo di,762810
e nella,762479
in generale,762420
è necessario,761944
si voltò,761648
fronte a,761631
più tardi,760988
una grande,760736
di tutte,759524
dopo che,758204
al quale,757515
oggetto di,756707
non possono,756513
degli anni,756471
questo punto,756351
sapeva che,755684
per fare,754950
negli anni,754511
lui si,754480
chi è,753140
più grande,752973
niente di,751143
che da,750548
dei due,750430
e aveva,749760
in fretta,749314
per tutti,749303
le nostre,748297
tema di,747575
è ancora,746786
quale si,746504
che sarebbe,745308
le quali,744647
fatto di,744073
nel senso,743966
per qualche,741411
mi aveva,739955
del nostro,739848
di ciò,738859
a noi,738468
principio di,738150
prima della,738036
si fosse,738003
questo non,737272
e tu,736331
nel mondo,735075
il processo,733185
periodo di,733052
tu non,732821
mia vita,732526
da solo,732316
i tuoi,731364
e alle,731270
essere un,731075
di sicurezza,730673
un modo,730521
della nostra,730430
si deve,729708
in senso,729582
una specie,727957
in tema,727628
tra loro,727589
un punto,727543
anche le,726307
se le,726015
una vita,725762
a questa,725617
anche l',724481
a prendere,723141
dato che,723087
il rapporto,722810
modalità di,722528
solo una,722489
e dal,721309
tra l',720982
si fermò,719658
intenzione di,718845
nome di,717822
sul suo,716874
il controllo,716418
ex art,714718
alle sue,712054
nel tempo,711498
attraverso il,710460
che erano,710149
il che,709722
solo in,709305
della Repubblica,709228
a letto,708580
fosse stato,708542
era già,708300
più a,708246
o un,707624
Stati Uniti,706971
e dalla,705456
si mise,705427
la sera,705417
mi è,705327
con te,704599
la domanda,703257
ma era,703218
la risposta,702656
d' un,702127
il punto,701431
davanti al,701153
aveva mai,699893
una sola,699865
si avvicinò,699459
al mio,699403
le gambe,699330
dei beni,699007
di tipo,698865
momento di,698607
un lato,698463
e ne,698411
la persona,697585
di controllo,696625
e allora,696483
è per,696106
si trovava,695934
un sistema,695873
al contrario,695844
che anche,695603
per sempre,695000
più o,693697
che avevo,693502
da me,693493
la pena,693239
lei e,693088
a Roma,692748
quando non,692697
dentro di,692608
di riferimento,690134
secondo le,690042
come le,689487
termini di,689207
questa volta,688759
e ha,688441
si applicano,688206
ma l',687753
dal momento,687490
il ragazzo,687190
milioni di,687150
a vedere,686540
deciso di,685755
non avevo,685732
in questi,685312
il cielo,685154
me lo,684462
del corpo,684266
la guerra,683190
delle persone,681740
in sede,681409
nella mia,681310
rispetto al,680792
le modalità,680737
una piccola,680092
il nuovo,680078
e quella,679945
doveva essere,679760
dice che,679728
con riferimento,679692
di legno,678958
fece un,678820
l' ultimo,677793
a seguito,677404
a quelle,677218
secondo il,676586
l' attività,675884
certo che,675860
il bambino,675307
modo da,675019
anni di,672774
vita e,672665
nel quale,672142
aveva un,672039
me e,671454
a ogni,670810
questo modo,669370
solo che,668659
insieme a,666780
corte di,666650
riuscito a,666444
ma io,666373
era più,665903
del fatto,665566
ci siamo,664796
la questione,664187
la fine,663073
riuscì a,662933
i propri,662368
di far,662136
è anche,661799
ne sono,660843
quando l',660366
si applica,660340
la società,659853
quel punto,659463
è proprio,658876
con l,658858
non appena,658843
ma a,658661
gli effetti,658576
occhi e,658356
non riusciva,658191
a guardare,658157
solo il,657652
a suo,656761
che abbiamo,655922
non voleva,654641
senza che,654297
del Consiglio,653527
a favore,653308
sono un,652136
è come,651871
della propria,651811
e ai,650589
si trattava,650336
di poter,650130
potrebbe essere,650090
per tutto,649690
che hai,648665
di altri,648439
sia stato,647988
del loro,647593
a parte,647443
un solo,647307
tentativo di,647302
che l,646459
le condizioni,645833
il senso,643345
rapporto di,642434
d' acqua,642421
in due,642355
le proprie,642113
di Roma,641684
ma di,641255
suo corpo,640779
non per,640738
dal punto,640647
conto di,640448
concetto di,636800
fine del,636682
a poco,636606
una bella,636093
è già,633780
il vostro,633691
in ordine,633494
in attesa,633381
come in,633323
e ora,632686
una buona,631720
e quello,629907
invece di,629822
in genere,629675
quel giorno,629546
vita di,628875
mi hai,628539
forme di,627909
un tratto,627030
livello di,625734
che questo,625549
a proposito,625486
lavoro e,624872
gli si,624591
che con,624565
nel momento,623289
in più,622282
la sentenza,621166
sul piano,621127
un vero,620578
un buon,620576
in considerazione,620424
davanti alla,620415
del rapporto,620398
causa di,620299
a disposizione,620279
si possono,619522
oltre che,619444
oltre a,619376
momento che,619240
quelle che,619144
l' anno,619082
un bambino,618746
come per,618707
la mente,618573
che possono,618556
condizioni di,618535
di sangue,617977
finché non,617885
qualche modo,617764
ogni giorno,617695
sua volta,617071
uno sguardo,616869
come i,616775
da qualche,615689
solo a,615438
un posto,615082
mi sembra,614970
delle parti,614616
erano stati,614309
di vedere,614050
il vecchio,613307
un gruppo,612595
contratto di,612279
lungo la,612241
avere un,611280
a trovare,611023
i dati,609573
la vostra,609181
decreto legislativo,609018
al punto,608481
negli ultimi,608229
la necessità,608110
da sola,607668
con uno,606718
e due,606126
di quelli,604541
fare un,604124
pieno di,603801
quanto riguarda,603750
nel frattempo,603703
legge n,603430
anche lui,601678
era l',601589
nei casi,600916
la famiglia,600266
da quel,599952
modo in,598587
mano e,598540
il dolore,597647
e soprattutto,597218
il risultato,595587
delle cose,595561
a quando,595159
mi dispiace,594972
lungo il,594844
il figlio,594691
nulla di,593492
ho visto,593456
pensare che,592335
intorno a,591750
il volto,590926
due anni,590476
io e,590172
l' uso,589969
il rischio,589589
a due,589308
il pensiero,589190
è quella,589012
ha una,588822
era di,588338
al tempo,588241
la moglie,587246
da quello,586776
presidente della,586520
parte delle,586049
per poi,586010
cercò di,585675
i piedi,584998
stesso tempo,584521
alle spalle,584345
richiesta di,584094
parlare di,583509
il ruolo,583175
della famiglia,583123
ci ha,582741
mentre si,582519
il braccio,581391
si fece,580757
in tutti,580538
perché è,580024
la capacità,579866
in forma,579557
di conseguenza,579515
nella vita,579008
non sapeva,578358
della stessa,576989
alla mia,576943
si stava,576796
non hai,576609
rispetto alla,576561
entro il,576541
di quei,575992
sulla sua,575813
l' attenzione,575502
la pelle,575319
occhi di,575171
ho mai,574924
di legge,574290
di ricerca,574270
agli altri,574041
in avanti,573774
e li,573734
tutti e,573649
non più,573394
è successo,573197
entrata in,573163
l' avrebbe,573024
scopo di,570709
termine di,570309
del proprio,569993
l' azione,569040
l' espressione,568875
il vero,568340
nella stanza,568057
per tutta,568046
colui che,565907
tanto che,565873
che abbia,565752
la forma,565434
o più,564692
gli stessi,564486
ma le,564470
avrebbe fatto,564383
il re,564224
era così,563149
lo sviluppo,562986
la disciplina,562405
o l',562266
a quelli,562255
di San,562074
desiderio di,562038
solo la,561974
sua voce,561327
sapere che,560533
della Corte,560442
ma poi,560323
è uno,559031
la scelta,558673
casi di,558584
per far,558067
che fa,557883
tempo per,557636
in corso,557577
o da,557264
stata una,557230
per sé,556919
d' oro,556598
continuava a,556539
per ogni,555844
al primo,555441
obbligo di,555049
i più,554788
di tali,553529
di Stato,552912
rischio di,552582
con modificazioni,552223
io mi,552181
della storia,551848
che fare,551813
un istante,551556
la nuova,551393
o del,551114
a tale,550890
ed i,550304
potere di,550000
in camera,549848
assenza di,549526
di natura,549322
sede di,549172
la stanza,549103
a carico,548964
ma con,548586
la mamma,548401
se avesse,548286
poteva essere,547297
piuttosto che,547228
ha la,546660
l' esistenza,546406
nel mio,546363
è da,546250
la responsabilità,545799
che sta,545779
o non,543975
de la,543959
un passo,543708
i diritti,542995
di qualche,542098
vero che,541730
sembra che,541144
dei loro,541131
quando le,541036
il contratto,540944
io ho,540804
più forte,540116
ha avuto,539250
tu sei,538804
se stessa,538677
riesco a,538016
o che,537338
corso di,537313
più volte,537151
le stesse,537106
ma come,536500
mi hanno,536462
et al,535916
e tutti,535811
la terra,535625
e ho,535419
mezzo di,535180
al lavoro,535068
una parola,534962
di sua,534655
si sentì,534160
a seconda,534054
degli uomini,533857
che viene,533826
e dopo,533432
morte di,533387
penso che,533181
sul punto,532504
la schiena,532502
sia il,532184
era molto,532179
piano di,531780
la lingua,531065
ricerca di,530749
riesce a,530654
come è,530588
persona che,530556
ora che,529582
che questa,528326
a uno,527280
al giudice,526852
un mondo,526365
sia stata,526037
questo che,525846
il giovane,525551
la sensazione,525361
per via,525060
della persona,524827
cercare di,524703
solo di,524397
del primo,524196
dei miei,523938
della casa,523803
se mi,523091
le norme,523087
sia la,523033
da questo,523008
la faccia,522905
la realtà,522186
quello della,522007
in altri,521776
il sangue,521647
dei servizi,521175
lui era,520758
decreto del,520521
non credo,520249
e tutto,519987
ancora di,519721
una voce,519521
un problema,518732
cercato di,518559
ha il,518314
una situazione,518278
il ricorso,518083
in presenza,517705
una ragazza,517553
di parlare,517384
per evitare,517238
permesso di,517105
mi fa,516746
non se,516697
mettere in,516557
piena di,516439
fare il,516066
lo ha,515929
forza di,515760
il concetto,514406
ed in,514337
parlare con,514257
anche con,514194
contatto con,514166
gran parte,513900
grazie a,513782
quando è,513487
se ci,513470
sia in,513383
suo sguardo,513316
l' Italia,513284
prima del,513022
nella quale,512939
l' obbligo,511919
il libro,511906
di che,511554
proprio come,511422
quantità di,511278
poi la,511011
superiore a,510206
un lungo,510153
a metà,510123
sono più,510044
era sempre,509861
la funzione,509775
paura di,509342
il soggetto,509308
con voce,508921
del procedimento,508800
agli occhi,508198
subito dopo,508161
quando mi,508135
un senso,508041
società di,507940
alla quale,507116
gli atti,507110
in tutta,506938
l' immagine,506930
consiglio di,506712
di gestione,506345
mi piace,506116
ogni cosa,505346
sia per,504281
meno che,504166
di suo,503179
figlio di,502771
il Signore,502590
da lei,502359
il testo,502340
in alto,501941
e ti,501864
cui era,501812
di certo,501717
una vera,501704
testa e,501276
le informazioni,501125
un ruolo,500840
ma quando,500606
mi sento,500564
in tempo,500457
donna che,500455
tre anni,500118
un rapporto,499972
lo stato,499725
essere in,499644
gli era,499459
che egli,499213
sì che,498738
la decisione,498644
in sé,498407
quelli di,498053
quella del,497958
di come,497560
del potere,497205
stava per,496581
l' esercizio,496328
un periodo,495744
dei dati,495459
un luogo,495422
hai fatto,494710
una di,494313
secondo cui,493992
a pensare,493603
la libertà,492081
che tutti,491898
le tue,491681
atto di,491608
ma solo,491526
tempo e,491084
l' atto,491024
anche una,490710
g di,490518
del quale,490370
per noi,490037
ipotesi di,489869
aveva già,489563
l' effetto,489330
tornare a,489011
fini della,488763
del danno,488538
così che,488511
anni e,488314
e altri,488217
fuori dalla,488164
a titolo,487639
in altre,487587
che siano,487395
alla ricerca,487027
non riesco,486597
confronti di,486211
avrebbe voluto,485925
di cosa,485882
possa essere,485229
nelle sue,485192
una casa,484872
con sé,484469
del bene,484468
della morte,484109
qualcuno che,483999
è questo,483969
a tutto,483593
è tutto,482945
fare una,482727
che deve,482569
l' uno,482554
e proprio,482531
ad essere,482309
titolo di,482175
di colpo,482150
te lo,481706
è mai,481629
riuscire a,481534
un lavoro,481208
l' ora,480910
voce di,480908
ma i,480249
altra parte,480150
non sei,479955
il posto,479698
e forse,479370
da uno,478689
di beni,478505
i giorni,477966
dietro la,477961
un numero,477920
di carattere,477853
non ce,477780
e adesso,477742
si trovano,477428
non di,477405
ogni tanto,477233
se i,477061
cui le,476836
casa e,476168
ce l',475739
lo Stato,475553
ora di,474217
il pubblico,474033
quella sera,473959
un gesto,473906
quale il,473887
il silenzio,473792
la norma,473380
e perché,472930
vi sono,472906
ti ha,472605
datore di,472531
l' applicazione,472431
con quella,472383
un pezzo,472381
le attività,472031
a decorrere,471957
perché si,471860
uno degli,471603
ci fosse,471478
di sopra,470889
fare la,470207
via di,469819
la causa,469815
lui la,469420
sensazione di,469391
lei era,469150
un libro,468923
stato il,468486
a ridere,468284
fare con,468029
quando era,467842
un secondo,467797
chi ha,467621
gli disse,467545
aveva avuto,467498
ha mai,467266
nel nostro,466741
anche quando,466571
il motivo,466459
vicino a,466330
sua moglie,466317
della natura,466094
una storia,465948
sul tavolo,465947
giudizio di,465879
i denti,465659
su questo,465504
in faccia,465238
il desiderio,464780
un suo,464669
per andare,464627
di attività,464622
e nei,464202
al giorno,463658
cominciato a,463251
ma lui,462914
scosse la,462821
più importante,462731
in cucina,462538
i soggetti,462508
in tono,462334
stata la,462316
in esame,461733
intorno al,461654
presso il,461019
lei è,460831
ancora in,460730
di famiglia,460378
o con,460305
in tale,459406
cui i,458481
vuol dire,458442
i genitori,458265
la macchina,457680
ad ogni,457351
disse che,456563
segno di,456307
di dare,456240
anni fa,455899
si ha,455299
disse il,455285
da non,455252
si dice,455104
molto tempo,455084
con aria,455033
contro i,454963
la fronte,454961
l' ordine,454789
in primo,454707
le si,454239
ad altri,454108
della sentenza,453885
gli elementi,453811
anche nel,453809
sul letto,453585
fase di,453543
le prime,453288
presso la,453106
dietro di,452689
o una,452575
facoltà di,452343
momento della,452316
si poteva,452314
dello stato,452192
che nessuno,452180
forse non,452069
lo sai,451757
di fuori,451457
per poter,451160
significa che,450966
un processo,450957
messo in,450879
un gran,450748
non avevano,450741
un sacco,450699
iniziò a,450668
la ricerca,450431
il periodo,450342
e ciò,450321
ce ne,450088
i casi,449835
d' Italia,449623
ha dato,449009
un atto,448911
dei quali,448829
in the,448793
mi ero,448724
le regole,447855
a capire,447636
il contenuto,447589
si chiama,447322
che ogni,446942
fare a,446489
una società,446080
essere una,445785
in precedenza,445770
in testa,445464
delle imprese,445298
la musica,444903
la posizione,444867
era come,444797
una forma,444792
la paura,444209
al loro,443898
la differenza,443555
il luogo,443264
fino ad,443216
una sua,443126
degli atti,443074
sul pavimento,442664
di servizi,442621
la via,442363
pubblico ministero,442287
che nella,442286
giorno dopo,442230
il mare,441974
o della,441892
funzione di,441480
l' anima,440780
alla vita,440448
e ad,440311
verso le,440116
di luce,439550
capire che,439414
o forse,439031
non deve,438999
a vivere,438757
tal caso,438403
i rapporti,438196
i ragazzi,438100
di cose,438024
in città,437625
il terzo,437173
con loro,437109
un braccio,437075
aveva una,436896
mai più,436806
in merito,436614
è a,436264
che quella,435358
dopo una,435054
dieci anni,435030
non fu,434911
in vita,434868
quando i,434823
volta in,434788
un colpo,434781
a tal,434638
di tanto,434615
l' hai,434175
del termine,433729
i risultati,433650
si sia,433581
le lacrime,433497
il titolo,433199
mi disse,432854
però non,432521
quale è,432148
ancora un,431364
fuori dal,431283
contro di,431186
che doveva,431117
di alcuni,431024
di comunicazione,430948
del paese,430844
in questione,430736
e sulla,430631
avrebbe mai,430618
entrambe le,430262
fosse un,430254
del gruppo,430208
sotto le,430096
i figli,430096
credere che,429870
ma lei,429818
suo nome,429814
pensare a,429786
sa che,429684
mai visto,429618
del giorno,429607
a se,429551
non abbiamo,428823
codice di,428705
non me,428367
in quello,428295
alla data,427624
stesso modo,427486
e chi,427358
anche lei,426769
aveva la,426684
si vede,425733
lo guardò,425562
dei casi,425556
il progetto,425484
domanda di,425311
non sarà,425234
di mio,425206
da dove,425162
l' impressione,424905
del soggetto,424537
simile a,424220
lavoro di,424076
questo tipo,424064
sempre in,424009
oltre il,423931
che tutto,423854
di morte,423805
entrambi i,423110
nella parte,423032
quello del,423016
la ragione,422825
di tre,422804
a cercare,422744
fu un,422632
a destra,422003
che al,421929
non avesse,421872
per favore,421872
che sei,421150
alla base,421138
storia di,420912
le scale,420673
a ciò,420452
giudice di,420322
per loro,420285
continua a,420160
dalla data,419919
mise a,419801
a scuola,419779
da tempo,419564
di guerra,419557
modo per,419533
a differenza,419383
non puoi,419091
al termine,419021
per caso,418278
di vivere,418230
si sente,418156
il naso,418103
aveva visto,417727
della guerra,417707
come lo,417369
il vento,417187
per avere,417181
ho bisogno,417175
in che,416733
da questa,416528
riuscita a,416328
il fuoco,416064
sempre di,415620
possibile che,415335
la prova,415273
l' esperienza,415117
anche da,415067
dovrebbe essere,414994
cinque anni,414979
questo momento,414814
lei lo,414463
sul serio,413912
non a,413740
trattava di,413597
il telefono,413596
sotto i,413511
giorno in,413011
l' opera,412987
la mattina,412960
avere una,412911
e nelle,412607
di notte,412580
ha bisogno,412578
di produzione,412071
sapevo che,411837
qual è,411807
non esiste,411598
a sinistra,411593
a bordo,411522
senso che,411164
dichiarazione di,411036
certo punto,410923
lo scopo,410422
un poco,410288
fine della,409892
non possiamo,409607
si girò,409582
che ora,409502
e vi,409434
un ragazzo,409359
di polizia,409211
di trovare,409144
due volte,408999
ti sei,408946
migliaia di,408498
il coraggio,407848
sono sempre,407751
della domanda,407661
una lunga,407407
il compito,407320
cui sono,407208
gli anni,406711
condizione di,406691
il futuro,406269
un cenno,406241
delle due,406152
per chi,406096
andare in,405779
era mai,405399
in cerca,405050
a dare,404818
i soldi,404598
la richiesta,404412
essere il,404222
ad avere,404185
ne ho,404138
disposizioni di,403986
era solo,403804
la figura,403643
sono stato,403312
delle attività,402822
sia un,402594
essere stato,402458
la polizia,402300
il legislatore,402197
ma mi,402183
la struttura,402046
di essi,401774
il governo,401706
in funzione,401571
ne è,401506
delle loro,401201
un caso,400402
lo spazio,400336
d' ufficio,400251
un terzo,400153
e dalle,400136
proprio in,400093
dal fatto,400000
in tutte,399946
per vedere,399937
non abbia,399863
in linea,399845
cosa è,399644
a piedi,399226
fosse stata,399004
e sul,398946
era troppo,398890
il giudizio,398828
d' amore,398765
luogo di,398557
perché l',398374
del mercato,398340
tipi di,398332
permette di,398287
sopra la,398031
i beni,397700
poco dopo,397633
me la,397478
attraverso l',397416
di altre,397127
si sedette,396966
mentre le,396800
di qualsiasi,396497
sei mesi,396402
giorni dalla,396368
il viaggio,396271
ne aveva,396147
degli Stati,395932
del male,395908
sono il,395867
nel primo,395752
una risposta,395649
della strada,395326
il modello,394793
decise di,394588
ne ha,394555
di servizio,393850
in alcuni,393844
in atto,393811
al posto,393733
il bene,393707
che qualcuno,393609
lui le,393487
dei nostri,393090
del territorio,392727
ruolo di,392725
i tre,392665
il grande,392472
metà del,392054
chi non,391960
il tipo,391884
tempo che,391877
terra e,391590
per ottenere,391553
di capire,391308
la lettera,390598
a mio,390313
e mezzo,390303
del padre,390221
vero e,390172
le spese,389908
di prima,389842
il marito,389686
ma perché,389557
pensato che,389420
una lettera,389263
del giudizio,389215
ma sono,388702
il presidente,388699
continuare a,388629
a tutte,388620
quali si,388483
pari a,388408
per quello,388169
di voi,388094
di sviluppo,388081
poi il,387576
l' obiettivo,387181
una relazione,387100
e solo,386998
la gestione,386996
di Milano,386973
alla loro,386758
di sicuro,386691
anni prima,386398
l' intera,386359
la figlia,386358
città di,386230
della tua,386210
di pace,386101
a lavorare,385983
parole di,385744
l' esecuzione,385488
gli Stati,385446
confronti del,385012
da due,384164
di tornare,384035
e ancora,383789
pezzo di,383742
e fu,383734
di merito,383332
ma un,382918
di grande,382858
di carta,382819
si rese,382408
come mai,382396
stato così,382292
quando lo,382115
come a,381996
da noi,381844
per fortuna,381774
sacco di,381682
quelle di,381557
se ti,381496
la produzione,381475
anche perché,381224
dei lavori,381207
fatto un,380723
il provvedimento,380658
uno stato,380596
in Riv,380523
del servizio,380514
senza dubbio,380475
si sta,380355
aveva bisogno,380262
genere di,379977
in passato,379970
per aver,379842
la tutela,379747
la volontà,379625
la soluzione,379597
dei lavoratori,379516
a tempo,379468
non avrei,379434
da qui,379317
e dai,379293
ai quali,379163
il solo,379120
il gruppo,379052
una settimana,378930
di competenza,378821
delle norme,378780
lo si,378740
detto di,378729
del tuo,378686
contro l',378579
del reato,378569
mentre i,378512
codice civile,378354
vi si,377921
il profilo,377720
e ogni,377518
di proprietà,376889
e disse,376866
sensi del,376552
ma questo,376519
campo di,376511
di credito,376327
da quelle,376204
tra cui,375827
di entrata,375827
tempo a,375811
centro di,375788
bene e,375758
il significato,375677
si potrebbe,375631
ho già,375550
queste cose,374857
della prima,374631
di mia,374599
ho avuto,374539
primo comma,374483
l' intero,374152
ci sia,374101
ti prego,373953
parte degli,373900
di prendere,373831
che poi,373639
che possa,373350
del Presidente,373309
volontà di,373292
il piano,372775
sicuro che,372654
è importante,372442
la relazione,372439
il prezzo,372425
presidente del,372348
in quei,372173
delle disposizioni,371905
questione di,371866
e questa,371835
con noi,371561
la scuola,371517
anche tu,371365
chiaro che,371091
accanto al,371050
in direzione,371015
è meglio,370928
il popolo,370832
del testo,370409
uomini e,370192
con questo,369189
le ho,369121
di farlo,369060
nel cuore,369050
sé e,368765
hanno fatto,368605
da ogni,368576
ai piedi,368401
storia della,368056
l' aspetto,367998
aveva il,367937
non li,367868
pena di,367568
un tipo,367514
padre e,366922
di pensare,366884
atti di,366861
il respiro,366786
l' intervento,366672
le strade,366555
rese conto,366330
era che,366202
vale a,366062
nella loro,365749
un vecchio,365675
di tutela,365605
rapporto tra,365519
tale da,365438
per terra,365088
del comma,364833
bene che,364704
le disse,364546
mi si,364525
un unico,364434
di interesse,364390
la giurisprudenza,364362
e cioè,364314
Stati membri,364273
lo studio,364133
ma lo,364129
un mese,364072
le forze,364023
corso del,363868
a dormire,363829
i principi,363723
vera e,363559
perché mi,363494
in lui,363356
secondo comma,363066
fece una,362968
valore di,362926
a nessuno,362829
nel campo,362692
la formazione,362442
te ne,361966
di mercato,361958
quali sono,361849
il piccolo,361794
del nuovo,361727
qualità di,361681
quanto previsto,361397
avrei dovuto,361131
cosa si,360861
perché era,360859
hai detto,360789
del valore,360778
del principio,360692
con decreto,360590
della donna,360488
lo è,360484
entrare in,360418
poi mi,360256
quale la,360015
ce la,359873
costretto a,359767
non avere,359688
causa della,359657
si riferisce,359646
la valutazione,359290
a mano,359247
l' oggetto,358751
proprio per,358667
non ero,358507
contro le,358387
di mettere,357870
i limiti,357769
l' articolo,357626
voglio che,357477
la grande,357376
per quel,357086
l' interesse,356323
sai che,356309
produzione di,356204
il medico,356160
il tutto,356071
fuori di,356013
non aver,355886
come gli,355830
tanto in,355800
solo se,355793
la qualità,355749
di applicazione,355297
del sole,354813
e comunque,354812
che avesse,354799
suo figlio,354731
tuo padre,354705
un bacio,354705
come quella,354017
il passaggio,353981
ho capito,353881
privo di,353595
non fa,353539
il pagamento,353018
i costi,352941
non potevo,352557
un angolo,352428
al massimo,352175
sua famiglia,352001
del medesimo,351498
il carattere,351298
che poteva,351167
sono una,351155
si accorse,351089
mio fratello,351024
la comunicazione,351017
che voleva,350997
solo con,350794
le caratteristiche,350688
lui aveva,350638
giro di,350566
e dunque,350402
sono ancora,350366
corpo di,350256
servizi di,350175
la notizia,350060
non siano,349585
che alla,349505
in occasione,349466
punti di,348789
non in,348761
che va,348268
avanti e,348254
esistenza di,348069
progetto di,348058
posto di,348013
sono molto,347851
mano che,347816
avuto un,347606
pronto a,347584
nel processo,347519
ho pensato,347492
lei aveva,347383
fu il,347369
di ferro,347360
d' altra,347343
consente di,347196
attraverso le,347061
due giorni,347056
il collo,347054
ho sentito,347015
and the,346820
dai suoi,346778
le imprese,346723
una domanda,346636
in assenza,346503
in virtù,346427
evidente che,346308
questo libro,346072
suo viso,346024
casa sua,346008
è troppo,346002
se in,345787
del provvedimento,345487
di responsabilità,345473
di stare,345437
dal giudice,345427
ai miei,345381
quando sono,345204
al collo,345182
non sapevo,345144
ciò non,345105
il dottor,345087
la sola,344940
decorrere dal,344808
una famiglia,344652
modello di,344651
riferimento alla,344630
la mancanza,344479
solo perché,344210
sembrava che,344162
della notte,344129
il peso,344039
l' autore,344027
la data,344017
casi in,343864
a posto,343770
un piano,343750
un esempio,343719
quelle parole,343695
andò a,343603
o al,343495
di protezione,343366
i fatti,343220
sentenza di,343206
centinaia di,342987
che mai,342886
in pratica,342839
di origine,342551
non va,342446
come non,342415
non volevo,342356
è difficile,342253
a Londra,342220
del capitale,342199
da tutti,342044
lo spirito,341883
lui è,341859
continuò a,341812
come sempre,341797
quel modo,341596
ne era,341529
inferiore a,341482
compito di,341422
meglio che,341212
oltre la,341069
solo quando,341067
a Parigi,340877
presente decreto,340815
del pubblico,340664
se stessi,340455
il decreto,340433
per effetto,340281
anche al,340248
durante l',340169
giorno di,340068
lì a,339889
messa in,339798
dove la,339762
che noi,339757
dove il,339683
in Europa,339509
se gli,339494
i problemi,339309
sono di,339264
tanto più,339249
salvo che,339223
della Chiesa,339213
la dichiarazione,339038
mani e,338837
delle donne,338470
di sotto,338169
questo senso,337910
per raggiungere,337882
divieto di,337864
essere la,337785
al riguardo,337604
i cui,336986
ancor più,336985
ancora non,336621
di tutta,336595
a distanza,336492
quando gli,336479
per questa,336434
letto e,336377
quella della,336348
o no,336315
il rumore,336002
del progetto,335980
perché le,335884
al piano,335624
senza il,335492
qualsiasi cosa,335405
di dire,335373
ci fu,335352
di sì,335228
uno che,335195
che quel,334960
e propria,334924
di studio,334822
di vendita,334649
poco più,334560
quanto la,334414
gli ho,334395
rispetto alle,334310
nonostante la,334303
da letto,333666
le era,333196
a tre,333159
di vino,333154
l' analisi,332881
secondo i,332809
di procedura,332805
già in,332756
della parte,332594
meglio di,332502
allo scopo,332430
tornò a,332373
di sapere,332354
con due,332215
stato e,332135
linea di,332046
così sostituito,331705
il centro,331665
l' impresa,331489
qualche giorno,331366
la costruzione,331256
o se,331163
si tratti,330794
sono io,330752
qualche parte,330708
l' ipotesi,330497
per dare,330458
tal senso,330436
tutta l',330412
grazie alla,330376
che potesse,330329
criteri di,330313
di valutazione,330002
sotto l',329907
di giustizia,329724
mi pare,329442
nella stessa,329298
mentre l',329227
chi si,329201
la conoscenza,329109
presente articolo,328867
quale non,328846
che forse,328598
cercava di,328447
anche gli,328417
le forme,328287
situazione di,328273
il matrimonio,328229
essere più,327817
fu la,327675
vicino al,327446
a fondo,327161
libertà di,327161
della situazione,327018
che più,326992
della terra,326923
i vostri,326877
l' hanno,326801
e uno,326737
sociale e,326659
della quale,326539
dalla parte,326521
capito che,326499
quindi non,326447
il tema,326437
si sa,326417
a Milano,326324
prima o,326320
il paese,326196
come quello,326070
di formazione,326038
erano state,325990
nel modo,325712
sua mente,325581
un figlio,325461
mia moglie,325419
la scena,325348
partire dal,325305
questi ultimi,325223
il procedimento,325220
la politica,324855
che sembrava,324787
non siamo,324721
rapporto con,324638
primo luogo,324543
in capo,324332
ed io,324326
un amico,324290
tal modo,324258
per conto,324214
di persona,324135
nel periodo,324052
al pubblico,324049
spalle e,323947
di valore,323926
o le,323858
in essere,323484
verso i,323355
non sa,323321
in bocca,323220
mezzi di,323041
di primo,322950
anche che,322845
con grande,322766
servizio di,322749
la definizione,322704
di per,322485
quanto non,322282
di mano,322172
un primo,322083
quando ci,322016
e su,321801
più importanti,321596
in misura,321586
le ragioni,321443
si possa,321303
un fatto,321221
prese la,321176
cui aveva,320591
delle risorse,320521
più la,320367
trovare un,320112
quanto è,320062
suo cuore,319853
opera di,319842
se un,319801
pensiero di,319752
non ancora,319699
stato in,319666
di energia,319567
la durata,319541
ma ora,319368
luce del,319237
di euro,319155
in quelle,318931
la guardò,318699
si parla,318697
il passo,318647
che già,318587
avrebbe avuto,318470
con tutti,318418
sono la,318343
suo marito,318331
che quando,318142
come nel,317901
dei soggetti,317888
testa di,317765
il fratello,317762
aveva dato,317644
una posizione,317491
noi non,317430
con quel,317319
con tutto,316807
i tempi,316800
gli ultimi,316737
d' arte,316333
i valori,316211
aprì la,316119
di base,316118
della popolazione,316064
ma una,316060
così tanto,316038
si guardò,315969
uso di,315865
posizione di,315831
sopra il,315823
uomo di,315771
i termini,315588
nel territorio,315362
a voi,315334
motivo per,315236
qualche minuto,314983
fra il,314903
tempo stesso,314759
al fatto,314704
aveva sempre,314520
una notte,314444
i servizi,314340
o i,314291
che essa,314275
uomini che,313857
il livello,313813
uno o,313808
da sempre,313750
della norma,313736
capaci di,313413
questo comma,313386
della scuola,313172
e invece,313077
in me,313060
per niente,312868
era a,312760
non sempre,312744
la realizzazione,312622
l' occasione,312554
di pietra,312437
il reato,312318
ordine di,312106
sue parole,311963
del mattino,311920
il discorso,311791
suo posto,311781
nel loro,311076
la disposizione,310890
al sicuro,310866
madre e,310791
misure di,310389
sempre la,310123
gente che,310120
tutto bene,310047
della libertà,309817
la piccola,309812
prese il,309799
nel settore,309616
la chiave,309607
suo fratello,309577
della madre,309542
o meglio,309536
partire da,309361
un valore,309329
quella notte,309272
i criteri,309155
sulle spalle,308938
porta e,308837
colpo di,308753
un aspetto,308631
delle società,308588
legge di,308560
diverso da,308548
di essa,308392
tratti di,308322
aveva preso,308297
idea che,308245
riferimento al,308007
e quelli,307822
del mare,307702
seguito di,307694
di scatto,307596
ma soprattutto,307507
tanto per,307305
del pensiero,307286
intorno alla,307282
e fece,307275
gli interessi,307185
il capitano,306836
aveva lasciato,306810
della mano,306635
del patrimonio,306603
di no,306508
di corsa,306428
di acqua,306372
tre giorni,306236
in molti,305922
che siamo,305880
in tanto,305765
per capire,305648
lui mi,305400
non soltanto,305283
delle quali,305194
al tavolo,305169
resto della,305153
tutto l',305111
la sicurezza,305027
negli Stati,304863
comincia a,304808
il campo,304807
da quanto,304781
del re,304767
nota di,304731
sia una,304707
di pagamento,304355
di entrare,304138
tutto è,303944
per tutte,303855
a pochi,303829
e quelle,303456
l' avevo,303319
anni dopo,303236
che fanno,303067
operazioni di,303059
era quello,302897
molto bene,302787
il servizio,302509
che fu,302432
di potere,302368
quanto si,302342
ad alta,302337
fronte alla,302037
le azioni,301953
in mancanza,301850
in contatto,301811
il tono,301706
parla di,301602
corso della,301584
dei figli,301333
dei conti,301129
di circa,301127
andato a,301119
in queste,301039
sono solo,300783
con tutta,300642
perché i,300641
per mezzo,300619
grazie al,300418
nel rispetto,300363
le chiese,300326
gli amici,300222
non che,299832
giorni di,299719
sul divano,299631
in cambio,299546
sistemi di,299483
a farlo,299472
un contratto,299390
dei fatti,299323
di legittimità,299257
sempre a,299251
elementi di,299228
di seguito,299208
piedi e,299017
e successive,298930
le più,298832
sue spalle,298763
e tre,298672
era rimasto,298494
sempre che,298492
di uomini,298441
le conseguenze,298423
se per,298402
nella nostra,298368
questo il,298328
e infine,298269
pare che,298174
un modello,298152
per due,297944
fatto a,297893
base della,297891
storia del,297851
le società,297670
poco prima,297600
a fronte,297376
il movimento,297080
quanto il,297073
un soggetto,297019
motivo di,296530
mi sentivo,296457
mano sulla,296454
in possesso,296051
ha sempre,295953
padre di,295938
iniziato a,295816
attraverso i,295736
in basso,295669
favore di,295583
delle condizioni,295529
fosse una,295394
fatto il,295214
l' avesse,295211
dei più,295169
durante le,295011
chiesto di,294929
di prova,294925
mio cuore,294909
gli chiese,294720
lei gli,294454
occasione di,294446
la gola,294445
prima e,294415
da allora,294390
ultima volta,294349
le operazioni,294344
Corte costituzionale,294230
sei un,293965
il metodo,293882
l' autorità,293553
gli strumenti,293516
forse è,293389
si presenta,293350
da lì,293271
sono gli,293268
lo avrebbe,293252
qualcun altro,293128
del luogo,293125
trattato di,292909
mano di,292748
il danno,292247
che faceva,292237
che tale,292036
fonte di,291958
mai stato,291857
la Chiesa,291850
credo di,291727
testo unico,291656
alla morte,291553
priva di,291521
ho sempre,291480
dei propri,291478
l' arte,291456
che ancora,291409
erano in,291347
la teoria,291221
quali la,291215
anche solo,291162
la linea,291150
le funzioni,290917
l' una,290885
che solo,290883
delle altre,290840
un nome,290771
comune di,290494
va a,290456
più grandi,290393
vicino alla,290336
i documenti,290323
con quello,290310
coraggio di,290265
nella storia,290220
della stanza,290178
il trattamento,290132
cui alla,290069
mezzo a,289944
quando aveva,289865
tanto da,289814
di recente,289728
di qualcosa,289721
convinto che,289673
degli interessi,289637
venuto a,289574
tu mi,289234
del personale,289159
rispetto ai,289103
come aveva,289073
le porte,288997
di ottenere,288944
a questi,288841
in macchina,288656
la procedura,288601
così la,288503
d' una,288409
la partecipazione,288389
perdita di,288378
tutto e,288362
accanto alla,288260
in poi,288254
di informazioni,288191
vedere il,287960
a conoscenza,287906
esseri umani,287888
dei rapporti,287865
da te,287803
in nome,287614
si diresse,287542
una questione,287462
nella misura,287242
della giustizia,287152
della cultura,286975
avere la,286882
tutte quelle,286650
tra un,286627
e me,286506
la finestra,286496
ben presto,286468
io ti,286227
base al,286121
nella prima,285796
a farsi,285754
a Dio,285641
non riuscì,285620
carico di,285604
un messaggio,285601
al presente,285423
delle spese,285321
che potrebbe,285288
al cielo,285271
le leggi,285206
a queste,285164
la cena,285127
la bambina,285071
la perdita,285008
il percorso,284982
lui a,284979
avuto la,284970
della polizia,284819
il sorriso,284738
senza la,284667
me l',284659
riuscivo a,284489
in Francia,284443
ma senza,284123
ci sarebbe,284014
ci sarà,283970
hanno un,283875
due o,283812
sulla strada,283801
a leggere,283626
uno strumento,283481
di governo,283403
o poi,283388
le ragazze,283298
stessa cosa,283241
del ricorso,283143
spero che,283029
più il,282952
ha chiesto,282908
si faceva,282743
a sapere,282703
più facile,282636
e noi,282501
qui a,282437
di uscire,282360
il comportamento,282263
procedura di,281980
quali il,281975
sempre un,281934
della disciplina,281918
fosse il,281909
primo grado,281892
si sarebbero,281878
di esse,281859
rapporti con,281787
il riconoscimento,281701
al nostro,281642
questo articolo,281637
fra gli,281497
ritiene che,281401
con questa,281358
accordo con,281310
cui agli,281303
la cultura,280956
di età,280941
poco a,280809
il piacere,280612
era proprio,280580
comma è,280553
felice di,280114
a qualche,280111
mia sorella,280095
processi di,280093
unica cosa,279999
corpo e,279974
la vista,279945
sia di,279818
in campo,279804
qualunque cosa,279780
alla prima,279737
tua madre,279734
in cima,279723
le ha,279627
di anni,279567
effetto di,279539
di esecuzione,279496
a termine,279351
con altri,279263
altre parole,279140
dalla finestra,279103
l' odore,279003
ultimi anni,278884
di dover,278880
a mettere,278846
una visione,278755
tutto per,278618
in tasca,278597
gli alberi,278565
se vuoi,278536
centro della,278439
degli enti,278416
un giovane,278348
livelli di,278299
l' ufficio,278115
un diritto,278098
la vera,278089
il denaro,278031
in favore,278025
sicura che,277913
tre mesi,277732
e d',277687
incapace di,277634
può fare,277614
attorno a,277600
di esso,277579
e dove,277447
del libro,277358
del passato,277326
fatto la,277277
sulla spalla,276727
non fare,276620
in vista,276519
sue mani,276484
è qui,276385
tu hai,276133
qualche volta,276107
una città,276102
non vuole,275989
l' inizio,275984
ma tu,275984
i giovani,275800
il rispetto,275753
sguardo di,275743
la folla,275461
dentro la,275455
da quelli,275415
gruppi di,275284
madre di,274907
riguarda la,274788
alle quali,274770
di denaro,274639
Stato membro,274598
un corpo,274543
di società,274414
camera di,274357
ho un,274327
messo a,274000
forte e,273845
il suono,273779
quella donna,273702
le seguenti,273658
l' ambiente,273656
del terzo,273649
secondo l',273638
creazione di,273610
vedere la,273459
che questi,273438
l' importanza,273436
di distanza,273429
come uno,273399
che però,273378
e sulle,273355
i libri,273277
la terza,273116
alla finestra,273057
del matrimonio,273024
di colpa,273005
si intende,272908
del popolo,272896
porta a,272744
lei mi,272682
dei bambini,272571
il codice,272546
sopra di,272470
che prima,272430
o almeno,272403
un sospiro,272300
di trasporto,272144
a sentire,272083
del Ministro,271888
quasi tutti,271809
era uno,271795
in giudizio,271711
i lavori,271656
re di,271529
una smorfia,271469
in pace,271451
suo lavoro,271427
del governo,271325
o comunque,271265
sono qui,271209
non potrà,271158
al servizio,271010
del figlio,270985
ha già,270937
esempio di,270807
troppo tardi,270789
norme di,270684
di alcune,270610
tra di,270551
della realtà,270508
smesso di,270495
riferimento a,270492
d' ora,270437
non riuscivo,270383
posto in,270344
il paziente,270341
del bambino,270337
cosa mi,270138
della pena,270047
una stanza,269864
ancora a,269713
uno spazio,269628
in prima,269476
le opere,269246
a sedere,269225
delle mie,269120
nella sala,269119
l' utilizzo,269080
un minuto,268958
nome del,268917
un dito,268880
è venuto,268864
ha portato,268858
una soluzione,268792
il bisogno,268642
vita che,268591
per quella,268518
le cui,268467
è chiaro,268447
avrei potuto,268442
pensavo che,268365
un progetto,268336
le misure,268321
vado a,268303
abbiamo visto,268289
dei genitori,268241
un sogno,268220
una seconda,268047
tutti questi,267951
ai loro,267950
realizzazione di,267941
la vecchia,267882
mi fece,267814
ma gli,267666
si chiese,267621
sensazione che,267557
l' accesso,267430
base del,267418
nei quali,267337
pochi minuti,267334
sta per,267264
le palpebre,267121
se era,267029
dopo le,266898
cui mi,266751
che avrebbero,266541
me stesso,266511
fronte al,266487
l' amministrazione,266453
i nomi,266432
di qui,266365
qua e,266316
avuto il,266199
un grosso,266181
è morto,266155
di lì,265901
diritto alla,265784
ha visto,265719
cosa più,265436
diceva che,265301
del titolo,265274
base alla,265249
che oggi,265192
perché sono,265002
della procedura,264932
come già,264869
è detto,264799
d' argento,264774
differenza di,264744
in preda,264704
la giornata,264519
un termine,264304
si lasciò,264261
come abbiamo,264192
tutto a,264178
qui per,264092
parte in,264018
la pioggia,263785
fatto una,263753
delle leggi,263618
nozione di,263485
e altre,263475
è davvero,263428
un determinato,263385
da altri,263357
un oggetto,263292
cuore di,263209
prendere il,263198
che vengono,263188
già detto,263049
in ragione,263026
un elemento,262980
al telefono,262948
con tutte,262680
una pausa,262657
più avanti,262644
un tono,262548
mette in,262545
più alto,262511
gli ha,262394
per mano,262355
parole che,262252
mi dice,262244
solo l',262219
a mia,262080
lui che,262060
di colore,262053
lo fece,262051
di dolore,261976
nei limiti,261919
la condizione,261916
rapporti di,261902
fino alle,261868
e agli,261782
una bambina,261601
è fatto,261590
o anche,261537
non importa,261514
pieni di,261441
di partenza,261381
lo sa,261346
sul viso,261285
ha preso,261283
le nuove,261221
proposta di,260989
fra loro,260956
perché in,260932
del caso,260604
arrivare a,260599
il gioco,260570
di amministrazione,260428
il cervello,260347
una tale,260291
di massa,260260
nel testo,260242
d' imposta,260095
nel giro,260088
della politica,260066
il principe,260046
cosa ci,259992
che vuoi,259879
quanto a,259874
il regime,259795
ogni modo,259733
ad andare,259727
il mento,259687
al proprio,259630
altri due,259593
che ero,259559
solo i,259521
contratti di,259486
vigore della,259270
non capisco,259239
in ambito,259161
prevede che,259153
quali è,259138
il cibo,259135
procedimento di,259067
nelle mani,258991
confronti dei,258976
e molto,258894
di testa,258894
lo più,258876
tutte queste,258825
dovere di,258759
provvedimento di,258681
del Signore,258603
il Consiglio,258584
insieme di,258582
sono anche,258536
il muro,258511
io ero,258346
anche nella,258247
un bene,258247
la crisi,258167
la punta,258077
forse era,258043
problemi di,257984
di Cristo,257934
nei primi,257864
opportunità di,257833
la proposta,257776
erano le,257749
la dottrina,257748
non riesce,257706
delle informazioni,257679
dicendo che,257675
la sorella,257621
è evidente,257588
a prescindere,257535
come lui,257459
l' essere,257398
come ti,257252
vi sia,257184
sua figlia,257174
il cane,257116
punto che,257045
a caso,256971
dalla mia,256951
disse la,256938
conto della,256905
del piano,256889
di prevenzione,256847
una luce,256835
città e,256820
se vi,256756
il messaggio,256748
fare per,256733
braccia e,256639
cui gli,256471
di vetro,256418
o alla,256376
ecco perché,256343
prima cosa,256308
il mercato,256219
l' indicazione,256218
poi le,255957
non viene,255869
il direttore,255787
espressione di,255748
con riguardo,255548
mio corpo,255541
al secondo,255466
con forza,255398
di forza,255091
ancora oggi,255048
per uno,255009
nella mente,254844
un bicchiere,254842
disposizioni del,254819
era tutto,254795
il quadro,254771
si avvicina,254703
la pace,254516
so se,254500
la memoria,254473
si pone,254351
ore di,254321
da chi,254314
il fiato,254207
camera da,254139
tanto tempo,254101
il cellulare,254083
a piangere,254046
fosse la,254006
quanto tempo,253984
sei tu,253827
da poco,253709
di carne,253668
attraverso un,253605
che vuole,253537
impressione che,253533
da dire,253528
reato di,253408
sul mio,253374
al più,253361
dietro il,253184
chiesa di,253104
l' aiuto,253086
modo più,253059
se qualcuno,252918
te e,252805
porta della,252757
rapporti tra,252727
i mezzi,252586
opere di,252581
venire a,252559
di se,252463
come ha,252446
tempo in,252326
nel buio,252246
nessun altro,252238
della responsabilità,252195
del Ministero,252154
luogo in,252083
era anche,252053
sempre stato,251995
sul mercato,251899
quando un,251832
del cielo,251804
un quadro,251764
di accesso,251714
speranza di,251635
mio marito,251612
dopo qualche,251608
come al,251408
di conoscere,251382
della produzione,251380
sono mai,251358
ma questa,251346
egli non,251241
costruzione di,251218
se tu,251188
strumenti di,251126
per arrivare,251091
gli animali,251085
aveva chiesto,250997
se sono,250997
la frase,250961
io lo,250959
mano a,250948
qualche anno,250903
causa del,250839
studi di,250781
del credito,250768
mio figlio,250721
le luci,250635
i soldati,250626
a camminare,250544
di Gesù,250437
dietro le,250347
il limite,250319
come me,250315
scelta di,250301
si ritiene,250261
la tensione,250239
è lo,250203
per dire,250202
da soli,250161
poco tempo,250048
programma di,250034
di salute,249990
aria di,249971
avrebbero potuto,249906
volta a,249848
la nascita,249681
giorno e,249664
la speranza,249630
di evitare,249603
per cercare,249560
punto in,249503
se fossi,249449
di qualità,249434
le pareti,249386
sua mano,249311
due uomini,249298
a cena,249178
che quello,249176
la riforma,249045
e sempre,248987
dalle sue,248809
la fase,248802
della nuova,248781
un semplice,248712
l' organizzazione,248616
a cosa,248616
in qualsiasi,248394
e mentre,248316
casa mia,248249
io a,248200
enti locali,248189
vigore del,248080
regime di,247949
della Costituzione,247839
questa storia,247810
un quarto,247787
disse con,247688
il terreno,247610
l' auto,247496
che avrei,247421
a New,247362
gli studi,247359
un accordo,247344
l' ingresso,247314
una maggiore,247313
la rabbia,247306
sempre con,247280
le immagini,247276
il commissario,247261
la misura,247206
così il,247205
delle nostre,247150
loro e,247071
lei ha,247027
dei principi,247015
ed a,246986
a credere,246930
sino a,246883
sua presenza,246847
dei contratti,246834
tasso di,246833
i lavoratori,246813
una decisione,246704
del debitore,246703
non sembra,246679
in comune,246629
i vari,246522
di terra,246483
del secondo,246464
di venire,246454
senza di,246432
più possibile,246284
la spada,246251
suo volto,246151
un tale,246106
cosa ti,245975
degli elementi,245907
dei creditori,245886
a scrivere,245872
li aveva,245856
non superiore,245827
in proposito,245758
del capo,245730
si chinò,245652
di condanna,245610
porta di,245470
la determinazione,245468
gli enti,245409
mondo e,245394
la metà,245391
ancora il,245360
ad es,245317
resto del,245307
qualcosa da,245264
pensi che,245230
pubblica amministrazione,245191
alla legge,245147
il riferimento,245103
di parte,245055
mani di,244807
più vicino,244805
i requisiti,244703
dal quale,244668
necessario che,244636
allora non,244618
il presente,244366
mi era,244291
sarebbero stati,244138
del tribunale,244047
quasi sempre,244037
dei prodotti,243881
del bilancio,243756
sulle sue,243676
evitare di,243643
che invece,243559
sempre il,243532
il letto,243452
si pensi,243375
nonostante il,243306
dire il,243251
che sembra,243248
si chiamava,243231
così da,243214
il personale,243190
aver fatto,243014
di pelle,242990
si allontanò,242960
una gran,242708
l' avevano,242683
a fuoco,242640
in alcun,242637
ora in,242572
aveva appena,242562
e nessuno,242449
relazione al,242425
i provvedimenti,242331
voglio dire,242183
da loro,242181
differenza tra,242172
solo le,242168
chiuse gli,242062
vita a,242060
a base,241977
per voi,241951
nello spazio,241920
le scarpe,241812
della Commissione,241785
questo era,241746
al solito,241732
è questa,241711
ora non,241705
perché lo,241700
era successo,241544
un errore,241486
in tre,241458
ha lasciato,241433
delle proprie,241273
quindi la,241217
della presente,241181
uomini di,241099
i nuovi,241096
sul petto,241038
alla nostra,241021
e cominciò,240873
nessuno di,240786
contrasto con,240758
un breve,240754
o dei,240717
successive modificazioni,240676
allora che,240665
stato per,240614
base a,240560
ricordo di,240499
confronti della,240476
trenta giorni,240437
alla stessa,240377
relazione con,240350
ci è,240328
un viaggio,240280
ma ci,240173
nei pressi,240142
che sarà,240085
se avessi,240078
lui stesso,240038
un cane,239983
la conseguenza,239939
invece che,239843
alla volta,239788
alle mie,239771
sue labbra,239653
l' assenza,239599
di mantenere,239518
paura che,239495
evitare che,239361
mentre gli,239348
giorno prima,239303
la signorina,239262
le tre,239258
non un,239045
e cosa,239044
le idee,238908
della comunicazione,238840
l' età,238779
vuoi che,238742
uno Stato,238644
gli aspetti,238618
di gioia,238615
dei soci,238548
fa un,238539
sono stata,238478
diritti di,238459
e là,238455
aveva ancora,238365
strumento di,238306
famiglia e,238301
attesa di,238216
più difficile,238212
la regola,238194
ancora la,238154
della porta,238142
quattro anni,238134
del cuore,238134
sulle labbra,237888
gli fece,237883
i vestiti,237830
la violazione,237700
la costituzione,237578
del tipo,237572
il ricordo,237533
il petto,237468
non essendo,237432
sono a,237392
mai avuto,237391
e quasi,237369
che uno,237362
quanto pare,237284
vi era,237212
a morte,237205
fu una,237003
essere stata,236998
circa la,236994
l' azienda,236953
attorno al,236885
applicazione della,236655
del secolo,236634
bicchiere di,236628
per alcuni,236605
dal primo,236495
azione di,236493
di plastica,236426
disse a,236404
quando ho,236393
ad oggetto,236338
suoi genitori,236163
del settore,236153
con qualche,236117
dello sviluppo,236113
della ricerca,236075
un filo,235847
tra due,235846
di dati,235815
avere il,235698
di nuovi,235657
e può,235624
vita è,235566
d' animo,235554
possibilità che,235517
si vuole,235502
delle azioni,235470
anno di,235468
l' agente,235451
allo stato,235355
ogni altra,235203
e quel,235145
della cosa,235119
il caffè,235040
probabile che,235035
ma ho,235010
o si,234950
e subito,234903
fatto per,234871
la sospensione,234760
di atti,234748
sono così,234717
per ciò,234709
come di,234566
decreto di,234549
di accertamento,234501
in rapporto,234476
è facile,234344
di mezzo,234276
era quasi,234272
diversa da,234261
relazione alla,234256
niente da,234245
per farlo,234221
la luna,234158
si rivolse,234112
conto del,234099
essa è,233960
a nord,233935
di rispondere,233892
il colore,233837
il male,233742
del paziente,233652
durante i,233587
col suo,233548
tutto quel,233462
necessario per,233432
la giovane,233338
e n,233324
in gran,232944
sapendo che,232917
in gioco,232861
lavoro che,232758
da sé,232698
nessuno dei,232687
ma adesso,232601
attraverso una,232546
pensa che,232515
i contratti,232508
solo nel,232502
è tenuto,232500
mi avrebbe,232452
di tenere,232410
proprio a,232360
definizione di,232299
molti anni,232289
della chiesa,232280
lo fa,232055
di molti,231992
di Napoli,231920
noi stessi,231886
mentre lui,231868
può anche,231825
alle loro,231741
chi lo,231717
i pensieri,231533
la fede,231455
che tra,231450
a sud,231364
dei singoli,231317
anche ai,231316
di nuove,231309
che portava,231270
in sostanza,231257
il calore,231243
da mangiare,231233
del periodo,231102
così via,231037
una condizione,230972
ha l',230938
al tuo,230876
pensò che,230801
i cittadini,230786
di appello,230786
nel secondo,230766
essere di,230699
ritenere che,230675
di libertà,230567
il programma,230491
decisione di,230437
ogni altro,230351
aveva in,230348
una struttura,230309
il proprietario,230303
un paese,230267
sviluppo di,230237
di farsi,230215
il consenso,230160
era per,230159
le ultime,230113
se solo,230009
dove sono,230000
il dottore,229983
cui ci,229894
ti amo,229843
ad altre,229839
essere umano,229789
così si,229590
nella casa,229553
lo sono,229537
per prendere,229506
le vostre,229467
tempi di,229413
adesso che,229386
voleva che,229358
di coloro,229213
ne consegue,229179
di portare,229121
mai fatto,229120
suo tempo,229116
natura e,229084
avevano fatto,229060
da anni,228999
avuto una,228927
che ciò,228918
un forte,228914
di sentire,228904
a disagio,228892
tono di,228870
di quegli,228767
il linguaggio,228748
pur non,228731
che essi,228727
i membri,228534
la colpa,228437
su questa,228431
le armi,228419
il vino,228413
in lei,228400
sul quale,228399
tirò fuori,228385
la tesi,228378
di volte,228254
quale l',228144
sono già,228131
a voce,228113
sul fatto,228102
soggetti che,228090
suoi pensieri,228006
sia pure,227962
compagnia di,227947
dallo stesso,227902
il permesso,227877
pur sempre,227857
gli è,227839
si disse,227827
d' altro,227790
e basta,227771
e vide,227765
si verifica,227703
ma nel,227634
a quei,227542
aveva ragione,227507
le diverse,227488
fino in,227482
tentato di,227456
motivi di,227399
il divieto,227379
ogni anno,227368
le relazioni,227332
acqua e,227314
in verità,227267
con più,227177
lettera a,226963
il destino,226921
una funzione,226878
una sensazione,226794
al cuore,226722
sua sorella,226719
immagino che,226631
miei genitori,226610
pochi giorni,226565
decine di,226565
sia l',226559
la creazione,226523
nei loro,226519
la scienza,226512
a correre,226493
sulla mia,226468
dei primi,226430
la pistola,226385
che porta,226268
il bicchiere,226244
la sala,226202
a mezzo,226130
il trasferimento,226078
il conte,226047
uomo e,225931
non tanto,225907
anche alla,225771
per molti,225765
la zona,225718
sono sicuro,225709
la coda,225676
ma forse,225635
di raggiungere,225623
non il,225592
nel sistema,225570
a mangiare,225462
una sedia,225408
a cavallo,225366
miei occhi,225318
una strada,225258
verso un,225245
la facoltà,225053
una risata,224985
dove l',224832
così non,224832
mente di,224695
lontano da,224661
nella specie,224567
la direzione,224542
il generale,224508
di interessi,224461
i punti,224422
quel tempo,224393
queste parole,224307
può dire,224219
amore e,224191
proposito di,224147
i grandi,224009
un film,223989
almeno un,223953
anche nei,223910
ma da,223905
andata a,223847
nella fase,223830
in condizioni,223813
il tribunale,223759
sono tutti,223686
donne che,223619
degli artt,223610
non doveva,223538
stesso e,223462
questo mondo,223392
ognuno di,223315
erano i,223305
mi sembrava,223263
di seta,223234
nostra vita,223201
codice penale,223194
di parole,223173
Gazzetta Ufficiale,223153
era andato,223152
anche questo,223089
si mosse,223054
che Dio,222868
la dimensione,222792
quali non,222655
ho trovato,222644
risarcimento del,222620
a raggiungere,222546
il Ministro,222502
come mi,222433
di buon,222315
sarebbe mai,222287
presso l',222245
quando lui,222214
ecco che,222052
del fiume,222036
era davvero,221977
certo senso,221877
pronta a,221871
condizione che,221858
beni e,221711
non potevano,221663
dei requisiti,221502
la salute,221481
l' esame,221426
la competenza,221355
tende a,221344
dagli altri,221301
già da,221234
di lasciare,221230
esigenze di,221145
qualche istante,221140
le prove,221140
mese di,221138
un essere,221068
la coscienza,221044
la lettura,220992
con nota,220988
il contrario,220957
la chiesa,220927
portare a,220894
proprio il,220775
centro del,220754
ed egli,220683
fra la,220573
portato a,220465
primo piano,220430
una prima,220427
qualche tempo,220352
circa il,220305
una scelta,220291
e spesso,220165
che spesso,220100
il successo,219957
cosa non,219929
morte del,219863
si aprì,219859
la proprietà,219796
ragioni di,219764
di creare,219735
di garanzia,219703
l' amico,219694
fatto in,219667
la nonna,219636
e perciò,219567
la bellezza,219514
chi era,219451
una vecchia,219436
grande e,219345
poi non,219298
che abbiano,219223
che avete,219215
riforma del,219201
dare una,219197
un percorso,219182
Dio e,219154
secondo quanto,219148
smettere di,219020
è sufficiente,218990
quanto più,218985
per motivi,218977
cominciava a,218975
se questo,218963
mano sul,218913
come tutti,218831
suoi amici,218688
da ultimo,218620
tenuto a,218501
le varie,218390
lo sapeva,218299
fare qualcosa,218290
in pochi,218174
della cucina,218167
a più,218146
era diventato,218012
nel tentativo,217975
in compagnia,217885
una simile,217852
non vedo,217805
un evento,217729
nel contesto,217691
alcuni dei,217657
non poté,217648
due ore,217615
libro di,217579
l' operazione,217493
è andato,217482
principio della,217367
lo era,217305
provincia di,217272
può avere,217235
l' occhio,217233
la sanzione,217181
te l',217120
dei costi,217088
aveva trovato,217027
di storia,216991
in secondo,216944
si trovavano,216934
fini del,216905
che esso,216882
il segno,216846
ad uno,216754
per forza,216580
braccio e,216553
te la,216530
una macchina,216517
certo non,216469
prese a,216441
ci hanno,216436
aveva deciso,216422
un mezzo,216373
o tre,216248
me non,216166
ma aveva,216055
per anni,216041
in gola,215991
procedure di,215964
il fenomeno,215881
si mette,215843
mio amico,215802
riguardo alla,215793
di prodotti,215752
to the,215739
dare un,215664
altre cose,215659
pensato di,215642
i seguenti,215631
in discussione,215603
che qui,215586
alzò e,215574
mondo che,215554
con voi,215513
siamo in,215510
dei cittadini,215347
quel periodo,215284
poi a,215244
la base,215195
in aria,215133
di difesa,215126
vide che,215088
suo amico,215069
da queste,215012
nella zona,215008
hai ragione,214924
miliardi di,214910
noi siamo,214907
di vigilanza,214849
la Commissione,214847
una porta,214845
di rischio,214807
su quella,214803
di cinque,214782
e tra,214743
mai stata,214733
caso che,214721
qualche cosa,214713
l' elemento,214501
sua morte,214409
Italia e,214323
come sono,214244
senza un,214147
lungo e,214092
il Ministero,214077
l' area,213959
cenno di,213955
le domande,213952
lettera di,213928
fatto è,213870
tua vita,213863
di passare,213848
come fosse,213809
l' avvocato,213738
il fiume,213605
quanto mi,213489
posto che,213477
avevo mai,213456
che dopo,213365
ai nostri,213318
era lì,213303
prima ancora,213283
fare i,213267
la settimana,213214
d' occhio,213209
che ormai,213102
in acqua,213101
si vedeva,213050
più e,213045
l' eventuale,212968
giorni prima,212846
come ho,212831
lei a,212810
ora è,212805
di stato,212769
gli obiettivi,212741
d' altronde,212634
soprattutto per,212533
della salute,212516
tutto in,212459
giorni dopo,212440
dei valori,212300
la carne,212276
di gran,212257
riusciti a,212102
mettere a,212086
per ora,212011
impressione di,211997
gli abitanti,211984
se a,211984
le cause,211868
si muove,211857
molto di,211839
esigenza di,211838
tutela del,211791
figlia di,211790
il territorio,211786
si strinse,211706
alla propria,211702
storia e,211618
bene a,211568
a forma,211556
secondo me,211538
articolo è,211480
problema di,211406
loro di,211398
la camicia,211381
che altro,211367
era riuscito,211277
della prova,211166
cosa fare,211126
le orecchie,211099
vi ho,211096
funzioni di,211090
fin da,210979
di dieci,210974
delle opere,210839
spese di,210829
dalla porta,210799
tu che,210741
ma prima,210732
di gente,210589
bianco e,210529
l' argomento,210463
nelle quali,210450
a stare,210388
e nemmeno,210309
di fiducia,210300
la vendita,210278
di attuazione,210245
buona fede,210240
una sera,210210
un pensiero,210196
tre volte,209985
per prima,209982
quasi a,209980
mia famiglia,209950
l' alto,209887
alla casa,209757
dal mio,209750
sicuro di,209694
sulla terra,209674
se una,209671
ho chiesto,209571
a qualsiasi,209523
un effetto,209523
moglie e,209504
una semplice,209491
la sede,209480
i processi,209426
la conversazione,209335
di fondo,209280
abbiamo fatto,209198
viene a,208983
la previsione,208951
a tenere,208914
tutti quelli,208864
famiglia di,208848
guerra mondiale,208784
un movimento,208759
non come,208756
delle finanze,208712
da ciò,208592
momenti di,208586
ragione di,208579
dal letto,208562
per così,208502
una o,208440
ed alla,208376
le voci,208319
tale che,208228
qui non,208214
delle funzioni,208159
e sui,208010
nome e,207985
frutto di,207862
di acquisto,207834
la somma,207812
ma al,207796
afferma che,207769
della struttura,207762
sono due,207681
che voi,207620
un campo,207512
di voce,207496
ad arrivare,207483
al principio,207478
in forza,207404
è andata,207313
una forza,207209
su come,207164
degli stessi,207029
in Giur,207023
a condizione,207011
della decisione,206979
vista di,206903
almeno per,206893
l' energia,206892
su e,206869
mi sarei,206867
di assicurazione,206730
le risorse,206581
una giornata,206574
sulla soglia,206569
in braccio,206560
che devono,206533
del sangue,206517
quegli anni,206480
fare in,206436
una forte,206433
si ferma,206401
suo fianco,206380
i conti,206288
della comunità,206262
principi di,206201
un ordine,206181
del lavoratore,206173
un dato,206135
forse la,206134
non sembrava,206124
in Inghilterra,205956
di bilancio,205864
capì che,205840
fa parte,205818
un atteggiamento,205792
gli oggetti,205783
dato il,205778
tra noi,205748
forse il,205744
che fossero,205735
la felicità,205701
in conformità,205695
le guance,205566
in posizione,205524
il costo,205452
degli effetti,205447
di diventare,205352
trovare il,205308
e tutte,205276
come tale,205256
affermare che,205189
con attenzione,205178
non significa,205087
mentre mi,205085
dal comma,204946
cominciarono a,204934
in bagno,204918
Foro it,204917
volto di,204904
al mare,204891
lei che,204877
da dietro,204835
ho la,204740
un tavolo,204723
riguarda il,204701
il pavimento,204643
ed ecco,204642
di classe,204461
ieri sera,204426
della giornata,204423
della causa,204385
i muscoli,204367
i motivi,204310
la massima,204221
uno studio,204204
odore di,204190
lo svolgimento,204148
in Germania,204118
non possa,204118
ad essa,204062
a fissare,203982
in breve,203897
sulla fronte,203876
ne andò,203834
la violenza,203834
sotto di,203807
quanto fosse,203794
le sopracciglia,203784
perché gli,203770
mise in,203747
la consapevolezza,203666
era rimasta,203663
mai di,203498
di pane,203352
preso in,203348
poi l',203345
della tutela,203309
mai a,203252
in terra,203246
trovare una,203149
posso fare,202975
alta voce,202970
solo dopo,202945
il racconto,202892
del rischio,202667
i colori,202635
cui ai,202611
di sostegno,202589
voce che,202580
del fondo,202489
tutto era,202410
vedere se,202401
formazione di,202368
un insieme,202327
a fianco,202247
la riduzione,202229
delle operazioni,202175
di nome,202159
alla testa,202088
la visione,202078
questo periodo,202023
è del,202007
è diventato,201980
del marito,201921
quando ti,201864
ci aveva,201816
ha più,201803
sotto un,201771
insieme al,201743
prendere in,201732
oggi è,201729
e andò,201651
nelle loro,201628
l' orologio,201587
i diversi,201578
di assistenza,201573
contro gli,201454
luce della,201447
una figura,201443
da casa,201230
di qualcuno,201218
sapeva di,201179
il massimo,201159
più del,201149
di ordine,201072
l' autorizzazione,201064
un albero,201030
di sorveglianza,200992
altre persone,200941
momento del,200888
Consiglio dei,200827
anni che,200777
a diventare,200728
cui lo,200689
cinque minuti,200656
dentro il,200646
e prese,200613
di rendere,200602
termine per,200577
non inferiore,200528
momento non,200517
disse lei,200492
due mesi,200489
si fanno,200473
atti del,200464
una breve,200407
in pieno,200355
se fossero,200350
le fece,200316
la malattia,200244
ha scritto,200234
un segno,200165
della proprietà,200091
caso il,200063
sul lavoro,199868
due settimane,199862
abbiamo già,199844
la tradizione,199844
con ogni,199822
di partecipazione,199821
dicono che,199814
il passato,199710
e servizi,199661
si legge,199645
come te,199553
del prodotto,199540
avrei voluto,199534
dei processi,199516
tecniche di,199486
l' incontro,199465
me stessa,199444
aveva messo,199434
se stesse,199396
poi lo,199392
di crescita,199378
le indagini,199349
quella mattina,199308
della lingua,199269
modi di,199180
è rimasto,199143
forse per,199137
solo da,199075
a rispondere,198880
di agire,198860
aveva più,198820
alto e,198812
regno di,198774
se lei,198756
ben più,198745
al petto,198745
ma alla,198741
come era,198729
in ospedale,198624
quando lei,198614
ed un,198595
poiché la,198436
le autorità,198403
un livello,198363
possesso di,198346
dotato di,198343
in piena,198269
questi casi,198259
gli occhiali,198230
immagine di,198225
scuola di,198223
al decreto,198188
di appartenenza,198187
punta di,198178
nella seconda,198117
sulla schiena,198109
egli si,198103
del reddito,198045
cerco di,198028
vita in,198001
il prodotto,197952
alcuni casi,197912
proprio di,197906
andiamo a,197899
un approccio,197874
un ulteriore,197844
per primo,197834
gestione del,197819
in Foro,197766
proprio così,197723
la superficie,197723
la giustizia,197603
si apre,197559
di esercizio,197549
di intervento,197524
aveva l',197481
moglie di,197475
nei giorni,197427
di piacere,197424
una decina,197367
luce di,197294
tu e,197271
mia figlia,197145
ciò è,197118
agli artt,197116
proprio perché,197114
è l,197100
la nave,197062
un programma,197056
il volume,197042
alle persone,197006
un gioco,196977
favore del,196897
messa a,196867
de l',196780
gli avrebbe,196737
per nulla,196699
cambio di,196662
e voi,196606
ti è,196597
lungo le,196544
mezzo alla,196519
più giovane,196495
sua bocca,196399
delle regole,196334
il medesimo,196296
senso della,196292
sembra di,196235
quota di,196201
la filosofia,196143
pur essendo,196115
del regolamento,196032
l' interpretazione,195985
politica e,195963
ho una,195947
dieci minuti,195940
dello spazio,195933
i prodotti,195916
destinato a,195890
la materia,195885
di ritorno,195876
era arrivato,195826
ha dichiarato,195806
decina di,195801
fra l',195774
aveva sentito,195766
capo della,195750
fare l',195615
raggiungere il,195594
quindi il,195592
oltre al,195541
io che,195467
prendere la,195448
si trattasse,195412
su quello,195370
ciascuno di,195362
più un,195357
forza e,195348
più semplice,195250
a qualcuno,195235
cui ha,195233
e ben,195211
degli articoli,195198
dopo essere,195139
carico del,195129
finito di,195107
a creare,195084
comunque non,195028
della scienza,194939
con cura,194923
poi un,194863
mi guarda,194858
parte e,194838
un contesto,194810
che riguarda,194803
si alza,194606
di diritti,194599
un giudizio,194593
della gestione,194585
la cucina,194546
risultato di,194532
potesse essere,194506
da lontano,194401
numero dei,194373
di restare,194319
un ambiente,194317
a malapena,194266
andare avanti,194252
inizia a,194251
della verità,194197
il sogno,194187
d' Israele,194168
per altri,194164
suo modo,194073
quella dei,194059
d' aria,194040
i segni,193975
né la,193925
sono sicura,193866
via del,193830
dalla quale,193801
una somma,193760
il segreto,193732
in ufficio,193617
figura di,193589
era possibile,193571
in concreto,193504
se io,193502
il fondo,193497
si ritrovò,193495
della funzione,193440
un brivido,193382
e sociale,193347
alcun modo,193345
pensiero che,193224
di buona,193186
quello era,193185
pur di,193176
finta di,193157
la mancata,193154
l' adozione,193113
stava facendo,193059
alle altre,193035
dei problemi,193030
o ad,192998
rete di,192846
pagamento di,192845
della gente,192828
capitale sociale,192756
il colpo,192699
un aumento,192694
in pericolo,192692
avrebbero dovuto,192622
mano per,192588
debba essere,192546
di fiori,192538
simili a,192503
mal di,192463
di lacrime,192425
a chiedere,192371
mi sta,192366
in America,192340
mi guardò,192336
il ritorno,192231
della conoscenza,192194
loro volta,192098
cuore e,192080
che me,192037
tazza di,192002
ci vuole,191983
lui l',191894
a tutta,191893
sua testa,191875
sociali e,191733
della dichiarazione,191728
consegue che,191727
tribunale di,191710
a pezzi,191616
che nei,191377
e qualche,191346
problema della,191302
o delle,191282
nel termine,191178
sul tema,191085
li ha,191083
il sesso,191062
applicano le,190923
visto il,190891
però che,190876
ha messo,190870
aveva portato,190813
parte il,190753
alla prova,190710
mia mente,190667
l' accertamento,190657
soltanto un,190652
che adesso,190604
di morire,190569
quello dei,190515
capo di,190505
applicazione di,190502
continuando a,190496
ed al,190372
e qui,190343
cosa ne,190323
hanno una,190267
della prestazione,190195
fronte di,190195
obiettivo di,190195
ricordo che,190117
pari al,190108
l' esercito,190015
la festa,190006
imparato a,189965
sulla porta,189931
l' accordo,189856
stile di,189835
di oggi,189805
ed anche,189782
per tre,189769
si basa,189767
verso una,189736
proprio la,189596
erano già,189560
in scena,189537
sia a,189526
vivere in,189517
non una,189469
on the,189428
delle parole,189399
accorse che,189319
scoperto che,189303
qualora il,189286
giorno del,189272
continuato a,189268
riguardo al,189259
la prossima,189240
di rabbia,189228
insieme con,189207
il criterio,189204
della mente,189197
era ormai,189175
tutela della,189121
il comma,189102
realtà non,189093
con chi,189001
far parte,188969
più bella,188960
sotto forma,188943
al contempo,188929
disposto a,188921
in lontananza,188898
tal fine,188851
mentre lei,188839
il minimo,188778
riferimento alle,188710
nel giudizio,188682
è invece,188594
aveva pensato,188585
un servizio,188562
di capitale,188555
filo di,188492
essere così,188329
alla lettera,188318
d' impresa,188269
aveva capito,188241
nome della,188235
sul territorio,188199
qui e,188164
sguardo e,188146
se anche,188106
dalla stanza,188103
costretta a,188095
sul retro,188060
degli ultimi,188056
al pensiero,188040
dopo di,188008
del centro,187999
o due,187955
in quegli,187946
lì per,187913
man mano,187866
più spesso,187850
propria vita,187826
limiti di,187825
non molto,187780
a bassa,187756
fin dal,187748
delle più,187674
University Press,187447
controllo di,187428
di viaggio,187424
disse lui,187412
lui con,187328
qui si,187295
l' Europa,187259
i clienti,187238
non te,187213
credi che,187190
di trattamento,187165
la parete,187123
un caffè,187101
quasi un,187084
per tornare,187080
a fatica,186954
non rispose,186913
della luce,186908
le lettere,186896
importante per,186862
al pari,186850
o dal,186824
si manifesta,186805
si limitò,186761
è al,186727
luogo a,186691
le grandi,186671
di quando,186657
quello in,186655
e prima,186614
dove i,186571
e quanto,186568
forse anche,186538
e loro,186520
caso la,186432
registro delle,186414
di ciascun,186345
altri termini,186332
è presente,186328
interventi di,186320
e indietro,186301
raggiungere la,186278
la regina,186272
voltò verso,186238
ma chi,186228
persone e,186193
non sai,186189
si aspettava,186166
sempre e,186129
primi anni,186124
nelle spalle,186122
mi chiese,186044
questi due,186029
cosa vuoi,186004
dei risultati,185996
mediante la,185895
nei miei,185870
di poco,185859
è quindi,185852
del minore,185846
avesse fatto,185801
della ragazza,185797
di scuola,185773
soltanto per,185765
l' equilibrio,185744
per ragioni,185724
questo motivo,185693
le esigenze,185613
gli interventi,185607
si trovò,185598
di coscienza,185546
dalle parti,185528
di sale,185520
al diritto,185453
categorie di,185440
da tre,185438
nel cielo,185388
viso di,185365
da far,185363
ma cosa,185325
pensava che,185287
il documento,185284
mi piacerebbe,185246
sala da,185176
almeno una,185154
cosa di,185152
il corridoio,185135
casa del,185135
sulla testa,185006
trovare la,184998
alla persona,184922
la presa,184888
di costruire,184884
in contrasto,184862
che come,184824
giorno successivo,184822
egli è,184787
sue braccia,184713
noi e,184711
con quelle,184684
notare che,184669
delle misure,184631
sia possibile,184622
delle forze,184600
amore per,184578
sua espressione,184539
il pericolo,184535
era quella,184507
guardò con,184471
hai visto,184435
buona parte,184425
come lei,184403
dovrà essere,184402
dei tempi,184391
di analisi,184383
tanto di,184361
sul volto,184304
necessarie per,184285
gli eventi,184233
del movimento,184107
sale e,184105
la crescita,184080
ed erano,184048
vuole che,183973
valore della,183924
detto a,183854
degli strumenti,183785
ammettere che,183782
in se,183780
difficile da,183740
stare in,183706
via via,183693
su quel,183642
distanza di,183608
si vedano,183565
questo si,183541
ancora che,183539
una realtà,183486
quale era,183464
parlato con,183458
obblighi di,183385
letto con,183379
con sentenza,183354
che vanno,183337
così a,183332
sua attenzione,183231
ad ascoltare,183215
non ebbe,183145
di caffè,183108
l' acquisto,183099
bocca e,183076
sicurezza e,183075
destra e,182951
vedere che,182883
per trovare,182857
e fa,182856
alla tua,182849
civile e,182773
il corso,182753
il dito,182724
regolamento di,182665
del numero,182651
l' opportunità,182642
non devi,182636
né di,182620
così dire,182596
tanti anni,182532
donne e,182529
al caso,182511
se invece,182471
mentre io,182469
al terzo,182451
parte che,182447
lo stomaco,182425
a bere,182386
siano stati,182312
delle relazioni,182296
del Nord,182279
sentenza n,182226
mesi di,182200
di giudizio,182198
in evidenza,182166
tipologie di,182131
si svolge,182103
e va,182098
lo strumento,181932
di dollari,181891
diritto al,181862
d' ingresso,181816
più alta,181795
in fase,181741
vorrei che,181687
nonostante le,181678
delle politiche,181655
non avete,181640
sarà il,181625
sulla sedia,181620
ed altri,181620
le stelle,181592
di fuoco,181550
di quattro,181498
altra cosa,181491
interesse per,181490
bottiglia di,181406
ma ha,181397
studio di,181376
la medesima,181360
la neve,181344
hanno la,181342
si occupa,181307
a tavola,181300
subito a,181160
poiché il,181142
le chiavi,181122
alcune delle,181104
conto delle,181095
di lavorare,181009
e tuttavia,181004
in alcune,180973
in luogo,180929
di pensiero,180884
del prezzo,180867
il debitore,180856
è fatta,180845
fuori del,180842
da vicino,180836
dei documenti,180829
parlato di,180623
salute e,180568
senza alcun,180559
più presto,180533
il Presidente,180526
al muro,180495
requisiti di,180459
come ci,180458
da poter,180431
i sensi,180428
a venire,180411
la passione,180407
di successo,180272
seguito della,180210
sul lato,180194
ebbe un,180160
l' ombra,180121
allora il,180120
dalla loro,180111
dal giorno,180071
che dal,180012
a giocare,179998
con calma,179987
amici e,179978
presente legge,179964
la distanza,179934
che significa,179907
né il,179890
tenendo conto,179864
relative alla,179847
una più,179769
di lato,179753
prova di,179740
qualche secondo,179698
di mare,179698
la carta,179662
spirito di,179641
che veniva,179564
sua stanza,179548
tutti quei,179523
del modello,179500
agli articoli,179497
ad aprire,179493
