ngram,freq
in der,132471275
in den,67429285
für die,53950995
auf die,52295018
und die,52194818
in die,46457383
mit dem,43626139
mit der,37407649
von der,34752151
auf den,34231704
und der,32639436
auf dem,29870323
durch die,29573887
aus dem,29439933
auf der,29196831
über die,28903026
sie sich,28380396
bei der,26935276
an der,25779344
nicht mehr,25433909
mit einem,23781424
mit den,23687423
aus der,23154808
es ist,22359323
er sich,22291943
in einem,21651915
sich die,21547356
und das,20660648
dass die,20513341
für den,20266249
auch die,19358763
ich habe,19306736
dass sie,19277678
in dem,19272718
das ist,18902120
an den,18867003
sich in,18739638
ist die,18729898
an die,18677446
von den,18644911
es war,18186524
dass er,18092789
um die,17959133
in einer,17488694
nach dem,17298651
und ich,16999767
ist es,16674969
in diesem,16392984
zu den,14985894
mit einer,14943015
ich bin,14853683
nicht nur,14831428
die sich,14654305
und den,14358090
und in,14332049
vor allem,13826954
dass ich,13787613
es nicht,13745225
dass es,13666325
auf das,13568554
über den,13339897
sie die,13186971
nach der,13152872
ist das,13148391
ich mich,13110378
sich auf,12993042
sie nicht,12724784
für das,12560041
und sie,12511399
es sich,12310105
durch den,12285220
ist der,12268308
zu einem,12224168
wenn sie,12049203
gar nicht,12040280
sie in,11989381
zu sein,11980152
als er,11917742
wie die,11805209
die in,11649585
nicht zu,11589177
ist ein,11581946
zu einer,11566303
wie ein,11516268
ein paar,11458740
von dem,11381867
sich nicht,11369523
habe ich,11321729
den Kopf,11230403
aber auch,11216334
als die,11054280
noch nicht,10977922
bei den,10953753
wenn ich,10899701
gibt es,10873587
als sie,10752503
vor dem,10670963
wenn er,10529929
für eine,10509763
war es,10372463
und dann,9982393
sich mit,9935842
auch nicht,9896444
und er,9856063
dass der,9617626
auch in,9545324
er die,9542163
von einem,9506104
sind die,9384144
aus den,9344287
und mit,9301567
das war,9256121
in das,9228839
die beiden,9224721
er war,9192235
nicht so,9152728
ist eine,9099979
wenn man,9019581
sich der,8985802
und dem,8982313
und es,8946676
wie sie,8848262
ich nicht,8820211
in dieser,8791309
sie mit,8767338
daß die,8623822
sich um,8609587
als ich,8525303
ich weiß,8512420
auf eine,8500939
hatte er,8499656
wenn die,8477804
er hatte,8394812
auf und,8346207
nicht in,8301589
um den,8271985
durch das,8200642
aber ich,8163051
wir uns,8126526
sich zu,8101345
in seinem,8062547
sich an,8038546
wenn es,8038435
ist nicht,8021045
und sich,7993110
mehr als,7981570
sie zu,7911725
aber nicht,7890121
die Augen,7881767
über das,7869249
immer wieder,7824664
und ein,7806059
gegen die,7732626
zu können,7695635
zwischen den,7664869
und zu,7562693
immer noch,7553077
hast du,7540296
sagte er,7498199
und auch,7480434
in seiner,7422524
vor der,7369625
und so,7360266
und eine,7313933
und nicht,7295754
zu tun,7270936
von einer,7260774
wie es,7202358
die von,7153107
für einen,7118498
wie er,7118127
hatte sie,7116474
zu machen,7091577
der sich,7084624
sie das,7075385
zu haben,7065731
nur noch,7037162
sie auf,6997766
er ist,6978196
war ein,6976599
nur die,6956601
es gibt,6955748
sie den,6914456
und damit,6860313
als auch,6834750
zu sehen,6791341
sie war,6690015
er in,6675687
er nicht,6648087
auch der,6586605
unter dem,6562486
noch einmal,6546614
in eine,6534434
zu dem,6521614
die Frage,6515520
zu werden,6503425
werden kann,6482152
sich das,6472184
ein wenig,6463107
nicht die,6423246
die sie,6401198
an dem,6340784
daß er,6298260
ich kann,6282133
kann man,6279136
nur ein,6273457
was ich,6266941
wenn du,6261724
man sich,6243070
et al,6233168
er sie,6225909
wir haben,6212978
unter den,6201662
sich selbst,6191625
im Rahmen,6183314
bin ich,6182129
was ist,6159432
die er,6124104
und seine,6104758
aber die,6102745
sie sind,6102419
er den,6096640
die die,6088814
in ihrer,6085167
auch wenn,6076167
es in,6060052
dass das,6043218
er hat,6034317
du hast,6013430
durch eine,6000928
sie es,5991284
in ihrem,5985504
bis zum,5979977
war die,5974429
wird die,5944940
war er,5928015
ich will,5915070
hatte sich,5907697
die Tür,5906393
für ein,5897423
ich mir,5883130
sie hatte,5876913
während der,5870216
und wenn,5869470
der Welt,5850521
sie ist,5846653
hat sich,5831847
ich war,5823647
sich ein,5809669
wie der,5801947
und ihre,5798857
bei dem,5763503
du bist,5747059
war das,5744869
als der,5739699
er mit,5724975
ich hatte,5721490
für mich,5718867
war der,5713231
ich werde,5712092
und auf,5706098
dass du,5700756
wenn Sie,5700298
aber das,5677852
was er,5666668
wenn wir,5656233
wie ich,5651981
das nicht,5648367
dass sich,5645849
ich die,5635658
daß sie,5605039
was sie,5600686
kann ich,5571345
die Hand,5564331
um eine,5557794
sondern auch,5553080
dass wir,5546585
weil sie,5528899
sich im,5524250
ich es,5507474
es auch,5504640
auf einen,5495781
sich auch,5486927
an und,5476763
bis zu,5474094
in Deutschland,5445080
nicht auf,5429800
als ein,5419919
gab es,5392200
ist in,5392166
auch das,5384595
aber es,5380397
von ihm,5352104
und wie,5341871
die ganze,5334099
der in,5331270
mit ihm,5325339
der die,5310144
zum Beispiel,5294617
noch ein,5294187
hat er,5277154
und von,5250680
wenn der,5225802
wie eine,5193828
um das,5172912
sie haben,5172897
der Hand,5146339
und als,5142096
sie an,5141057
nach einer,5137242
die im,5106411
zu lassen,5083268
sie ihn,5071485
und des,5054867
auch für,5035808
war nicht,5023436
an einem,5011272
lässt sich,5008724
ich das,4982823
sich von,4981832
und im,4938992
sagte sie,4926938
in denen,4919703
die mit,4896897
auf einem,4882077
man die,4868541
nach den,4866802
er das,4864713
zu der,4849626
auch noch,4836571
nicht mit,4834065
werden können,4814852
sie auch,4809567
haben wir,4805175
aber er,4800807
der Zeit,4778299
geht es,4778150
als eine,4774281
so ist,4760289
ich glaube,4757065
der Mann,4746939
bei einem,4738436
nur eine,4726247
um sich,4715675
aber sie,4707162
am Ende,4693558
nicht einmal,4678065
bei einer,4660063
in ein,4631271
die anderen,4615255
er es,4602668
hatte ich,4594936
dass man,4594049
werden die,4576883
mich nicht,4554210
noch immer,4550455
und was,4549191
es zu,4538521
oder die,4534664
ist und,4529344
unter der,4505824
sie mir,4494839
der Stadt,4484792
ab und,4476369
ich in,4449460
auf diese,4447216
die der,4446529
weil er,4440240
an das,4432455
das Leben,4430960
wie in,4429518
nur in,4421524
die Zeit,4403191
die ich,4396735
sich bei,4396183
sich aus,4384539
sich eine,4379898
in einen,4376092
der anderen,4365931
es mir,4354111
und nach,4331613
es wird,4325720
die meisten,4320165
in seinen,4306632
da die,4305252
für ihn,4292372
ist auch,4286184
im Sinne,4264857
doch nicht,4252100
den Weg,4248013
zu finden,4244175
so viel,4239971
wie das,4238992
in ihren,4218129
die auf,4205640
die Welt,4205353
die den,4159308
daß der,4156096
der Regel,4134710
daß ich,4131486
und zwar,4120139
haben Sie,4118406
Blick auf,4104268
nach einem,4102645
bist du,4069907
einer der,4047611
und für,4043585
auf einer,4023966
auch eine,4021892
war sie,4011456
von mir,4001987
und sah,3997240
wird der,3992670
lassen sich,3987492
von ihnen,3984681
mit seinem,3957710
ist er,3949362
als das,3944173
daß es,3942167
auf ein,3930205
er auf,3914587
sie von,3914329
nach Hause,3902380
sie und,3897128
wir sind,3887024
auch bei,3879026
mit ihren,3875936
noch eine,3875655
die für,3851665
für sie,3849630
an sich,3845934
die nicht,3840636
ich sie,3831251
zur Verfügung,3829595
die Möglichkeit,3815329
auch ein,3811578
in meinem,3805107
wieder in,3797585
sich vor,3794565
die Frau,3780791
sie eine,3778230
ich ihn,3777802
hat die,3767849
nicht von,3762530
hin und,3749137
mit mir,3738167
die Hände,3737247
sich und,3697389
ich meine,3691954
mit seiner,3665427
war und,3652619
und wir,3650335
sie noch,3641422
mit ihr,3640319
ich muss,3636567
sie ein,3632067
und ihr,3631469
so wie,3617019
ich wollte,3615709
sie mich,3607829
auch auf,3604340
und da,3601841
zu sagen,3601710
ich mit,3600172
ihm die,3596387
gegen den,3592296
war eine,3581656
der von,3573002
durch einen,3572685
die eine,3565434
der ersten,3553541
ein bisschen,3550981
ob sie,3542782
den anderen,3536444
auch im,3530907
sie hat,3530100
so dass,3523957
ich auch,3520177
den letzten,3499080
werde ich,3496933
aus einem,3493713
und an,3493011
den ersten,3490484
die Menschen,3486919
zu mir,3483215
sich für,3480864
zu ihm,3472290
auch nur,3467645
ich den,3456591
um einen,3455028
sie im,3454451
bis zur,3444282
weil ich,3437780
vor sich,3437350
die das,3435265
zu Hause,3432846
ihn zu,3428685
wird in,3424556
wir die,3422882
darüber hinaus,3421651
für alle,3420572
um sie,3417806
sich als,3410035
mir die,3409666
sich über,3403793
ob er,3393052
aus und,3391830
sowie die,3387387
hat sie,3386674
können Sie,3385072
bezug auf,3368371
sich nach,3358200
wie man,3355235
es ihm,3349187
noch nie,3335674
nicht der,3334661
das Gefühl,3331325
war ich,3326902
mit seinen,3325249
wenn das,3321724
viel zu,3315833
of the,3314718
eine andere,3304592
wieder auf,3302460
können wir,3301157
oder der,3300950
mich an,3285538
nicht an,3277635
die Kinder,3269828
kann es,3268127
mir nicht,3265816
vor den,3254931
sie ihm,3241002
für sich,3236655
Teil der,3236540
da sie,3236494
was die,3235055
um ein,3232272
ein und,3232088
noch die,3228900
zu bringen,3216655
als ob,3206762
waren die,3206640
es mit,3204561
es gab,3192509
eine solche,3179756
an einer,3173408
aus einer,3171622
dass Sie,3165650
in ihr,3165436
im Jahr,3164302
innerhalb der,3160796
die erste,3157247
und einen,3157245
es für,3152121
die durch,3145925
so gut,3135561
wird es,3130186
du nicht,3124296
was für,3115949
New York,3114140
hatte die,3113920
ich möchte,3109923
in allen,3099701
in diesen,3097526
du dich,3086114
in sich,3081032
und war,3071662
mich zu,3068912
ihn nicht,3063049
noch in,3058948
ich hab,3057658
wird das,3054971
denn die,3046226
im Gegensatz,3038025
nur mit,3035954
kann die,3033603
sie nur,3033286
wieder zu,3029074
wegen der,3028176
kannst du,3023414
so etwas,3022292
sind in,3018746
und ist,3018396
aufgrund der,3012712
auch hier,3010223
zu erkennen,3000788
er und,2985364
nicht als,2985269
und ging,2982788
ist für,2974853
sie einen,2974823
Ende der,2973406
aber der,2969465
sich wieder,2969051
im Bereich,2965927
den beiden,2964607
und bei,2961030
er zu,2960897
auch mit,2959828
ich dir,2954088
Ende des,2953449
und sagte,2953115
und dass,2945444
von ihr,2937681
wie auch,2930637
er seine,2929371
an diesem,2928557
das in,2927481
die Stadt,2926117
nicht aus,2921956
zu verstehen,2921821
setzte sich,2921799
neben der,2910534
es geht,2908210
der beiden,2905741
während die,2901607
die Luft,2901196
sich durch,2901125
auf ihn,2900555
und ließ,2891672
sagte ich,2890394
ließ sich,2878676
auf seine,2877892
mit ihrem,2876434
es die,2876112
er sah,2874114
und durch,2874064
ich noch,2872046
die man,2865772
dass ein,2863567
eine große,2863039
er mich,2853248
und sein,2853053
während er,2848680
der Lage,2848443
es nur,2847428
sie waren,2846148
sie werden,2842959
so lange,2838665
das heißt,2836950
fragte er,2835801
eine neue,2832278
er ein,2830658
ist sie,2830279
so weit,2829670
auf ihre,2826679
eine Art,2825854
der Mensch,2820952
der Fall,2815878
eine der,2812885
werden und,2811271
zu diesem,2807594
mich in,2797942
wie bei,2797677
oder nicht,2797049
er auch,2792173
in Form,2790846
um zu,2786016
hätte ich,2785310
nicht das,2783531
zu und,2783204
etwas zu,2766256
am besten,2764532
so daß,2764321
die zu,2756627
dies ist,2755177
von denen,2752011
der Nähe,2751389
ob es,2751129
neben dem,2750572
wo er,2749852
nichts mehr,2747198
auch von,2737903
ergibt sich,2736152
sie ihre,2729847
war in,2729319
ob die,2728229
auf sie,2724855
ist mit,2722230
jedoch nicht,2719952
auch als,2717750
wo sie,2717697
für diese,2713268
nur auf,2701463
zu gehen,2697292
das Kind,2693123
durch ein,2689670
das alles,2688053
man kann,2687408
zwischen dem,2680591
über eine,2679014
das Haus,2678232
es so,2676964
er wollte,2676449
du das,2673485
und einer,2671770
zu geben,2664012
der sie,2661674
ich dich,2661409
nach oben,2653780
wie sich,2653483
weiß nicht,2653099
es noch,2646777
die Sache,2645564
nur für,2645537
oder in,2642385
Rahmen der,2642126
und jetzt,2641712
indem er,2639272
wir müssen,2637197
sie so,2635830
ist aber,2634959
ihm zu,2633377
zu nehmen,2631262
oder auch,2630993
sind und,2622300
der Tür,2621999
haben die,2619285
sie können,2618497
je nach,2617704
die wir,2614867
aber in,2609726
auf mich,2606620
wie wir,2599688
dem Weg,2598267
die Leute,2597413
von uns,2596842
es eine,2596389
zurück und,2593036
noch mehr,2590105
willst du,2589185
hat es,2587413
sich noch,2578000
ihn an,2575646
und du,2574684
an dieser,2574168
mit Hilfe,2572472
nicht ganz,2565061
nicht im,2562437
sich nur,2561871
ist nur,2559582
wir in,2554234
die Arme,2552803
ist doch,2550870
sich aber,2550752
würde ich,2544574
doch die,2543696
du mir,2543185
den Mund,2542661
die Geschichte,2541200
würde er,2538435
das sich,2538147
dem die,2537986
mit denen,2537613
einen Moment,2533911
die ersten,2533674
der deutschen,2533213
mit sich,2531575
und wieder,2531401
handelt es,2530425
auch den,2529356
während sie,2528525
und vor,2528372
in seine,2523110
zu halten,2520893
er eine,2519660
zum ersten,2517806
mehr zu,2517668
sind wir,2516108
welche die,2515929
das Wort,2506262
sie nach,2505836
zusammen mit,2505710
den er,2503470
soll ich,2497676
bei mir,2496141
zu ihr,2495439
ist zu,2494891
wenn auch,2491507
worden war,2490556
wäre es,2490326
ja auch,2487322
ihr die,2486682
in Richtung,2485628
weil die,2485319
und hatte,2484309
kann nicht,2482065
konnte er,2479134
wir nicht,2477218
und diese,2477163
er ihr,2476495
den Augen,2475307
es ein,2474802
man in,2472398
damit die,2471009
der mit,2469701
sie als,2468630
ich hätte,2468606
weil es,2467181
das die,2467119
er noch,2466510
sie für,2464558
so sehr,2464020
mit diesem,2463596
die Sonne,2459178
als wir,2458547
von seinem,2454244
und deren,2452649
er von,2451455
die aus,2450591
im Vergleich,2449410
ich auf,2446912
mir das,2446739
den ganzen,2445239
während des,2443046
da er,2442837
war so,2440842
nur das,2440454
um ihn,2440449
kommt es,2437466
will ich,2436188
und einem,2436144
der Gesellschaft,2434338
in Bezug,2432989
ihn in,2432143
hat der,2429368
die Entwicklung,2426948
sie aus,2420630
noch einen,2416651
dass diese,2415874
und zum,2411706
mit ihrer,2407323
man nicht,2404810
ein Mann,2402615
für uns,2401497
zu kommen,2396620
den Boden,2389926
sind sie,2389204
du mich,2386874
ich konnte,2386009
sagte der,2385244
über dem,2382029
daß man,2381858
hinter dem,2380951
mit anderen,2379180
auch schon,2374135
den Blick,2373113
ich würde,2372452
ist ja,2369286
das erste,2360576
hätte er,2358218
dass eine,2357310
Bereich der,2355868
er einen,2349192
sie wieder,2348875
und zog,2348873
der erste,2345755
mich auf,2345044
wo die,2344686
eine kleine,2340371
sich dann,2335773
die es,2323216
den Menschen,2319884
mich mit,2318482
wir werden,2317840
die drei,2317380
der Arbeit,2316723
den Tisch,2316104
oder eine,2315676
hier ist,2315504
gewesen war,2315293
hatte es,2314694
wandte sich,2314574
sah sie,2310679
Hinblick auf,2310655
kann sich,2302253
der im,2302128
des Menschen,2301505
und nun,2298345
am nächsten,2296164
ja nicht,2294331
ich dachte,2293804
sich so,2293016
drehte sich,2290870
es sei,2289859
der Erde,2285485
mit dieser,2281972
zur Seite,2277866
nur einen,2276919
weiß ich,2273505
mit dir,2273482
was du,2272898
dann die,2271260
denen die,2270789
schüttelte den,2269822
in Ordnung,2269571
er mir,2268682
nicht für,2266665
und doch,2264561
er konnte,2264297
so ein,2263370
eine weitere,2261759
um und,2260096
wurde die,2256124
Teil des,2253338
ich denke,2251984
würde sie,2251282
ich zu,2249466
hat das,2248817
diese Weise,2247021
den sie,2246844
ihn mit,2244190
dem er,2241850
bei uns,2240113
das Bild,2240063
die Arbeit,2239620
man sie,2237047
immer mehr,2235167
von sich,2234852
indem sie,2233507
man den,2230459
zum anderen,2229369
hatte und,2226776
sie doch,2226329
weißt du,2226058
die andere,2225584
auch immer,2225151
was wir,2224379
nur der,2223901
so schnell,2223756
meine Mutter,2223294
nicht immer,2222679
zwischen der,2220770
sich den,2213940
tut mir,2211009
zu seinem,2211000
fragte sie,2206372
in ihre,2203300
ersten Mal,2203161
da war,2202031
eine Frau,2194819
er an,2193459
zu hören,2192736
gar nichts,2187462
Zusammenhang mit,2186913
noch etwas,2186621
haben sie,2186258
das kann,2185957
Umgang mit,2183286
fühlte sich,2182702
zu sprechen,2182567
du es,2179418
oder ein,2176403
für seine,2175967
du kannst,2175243
konnte ich,2175153
da ist,2172575
und nur,2160893
so wird,2160106
in meiner,2152647
für dich,2152621
es um,2151236
zum einen,2151101
das ganze,2148688
denn sie,2147891
sie hatten,2146846
und noch,2143967
daß das,2142859
ein kleines,2142087
er wird,2140153
werden in,2139829
sie schon,2138707
sind nicht,2131532
zu viel,2130892
das Gesicht,2130678
zeigt sich,2129397
im Hinblick,2127706
denn er,2127524
sie dann,2126278
bis auf,2125860
haben sich,2124751
wie möglich,2124012
schon in,2122422
nichts zu,2122393
dem sie,2120887
mir zu,2118732
die Mutter,2118105
überhaupt nicht,2117119
es ihr,2116263
schon wieder,2113704
und über,2112592
ob ich,2110170
auf einmal,2108509
eine gute,2106451
zu erreichen,2103635
sein und,2103586
alles in,2098249
es sind,2096879
und somit,2093119
wird er,2089407
werden wir,2089313
der Begriff,2088436
als wäre,2085220
es im,2083895
ich ihm,2083333
nicht den,2082784
eine Weile,2080887
dich nicht,2078764
man das,2078477
die Wahrheit,2077948
bei denen,2077274
für ihre,2075621
es wäre,2071984
sie bei,2071323
aus diesem,2069011
der einen,2068374
der Schule,2066697
ein Stück,2066514
der letzten,2066085
und aus,2063333
ich ein,2062728
das mit,2062152
die an,2061843
es auf,2060515
muss ich,2056651
das er,2052645
hatten sie,2051400
ebenso wie,2050865
der Natur,2050207
ist mir,2049163
nicht um,2047183
dann ist,2042601
anders als,2041493
es doch,2040574
das sie,2039525
sah er,2038614
um mich,2037568
bis sie,2036779
bei ihm,2034305
vor ihm,2032910
so kann,2027755
die nach,2026539
der Nacht,2023179
wird durch,2022111
noch zu,2020191
in jedem,2019396
über einen,2018326
und ihn,2018291
ist so,2017565
wollte er,2015669
als in,2014622
mein Vater,2012852
bevor er,2009397
zu sich,2009269
konnte sie,2008352
diesem Fall,2007176
und zur,2005218
und mich,2004076
nicht viel,2004049
und hat,2003098
wir können,2002490
wenn sich,1999411
als hätte,1998526
der eine,1995606
an einen,1993363
und andere,1991210
wie du,1990740
der Straße,1986150
hier in,1984606
den ich,1981662
ist im,1980638
und wird,1980216
wird von,1979593
ihm nicht,1979308
sie uns,1978261
Augen und,1973271
da es,1972283
im Jahre,1972101
kann der,1970089
das Wasser,1970047
auf sich,1969971
nach unten,1966884
die einzelnen,1965265
aber nur,1965203
er im,1964400
und alle,1959896
das Problem,1959364
ging es,1957934
du wirst,1956996
anderen Seite,1955810
der Mitte,1954885
war auch,1954613
die bei,1953729
keine Ahnung,1951447
mit ihnen,1951284
im Laufe,1951281
in ihm,1950411
des Lebens,1950233
die Bedeutung,1949571
selbst wenn,1943590
Hand und,1942544
hatte das,1940734
das Mädchen,1939456
der Praxis,1939403
die ihm,1939224
dieser Stelle,1939066
mir ein,1936626
sie sah,1935738
das zu,1935378
unter anderem,1934695
dass ihr,1934635
gewesen sein,1932732
es bei,1931603
wenn ein,1929844
der Geschichte,1927333
einem anderen,1925723
hier nicht,1925609
Gegensatz zu,1923173
ihr zu,1922576
wie im,1919087
in Verbindung,1918873
wir das,1916543
hinter sich,1915745
an eine,1915227
sie wollte,1914287
von ihrem,1912471
Kopf und,1911979
zum Teil,1910063
die Männer,1909502
und mir,1907105
läßt sich,1902102
so viele,1902000
von seiner,1901242
das Recht,1899805
von allen,1899217
zu müssen,1899072
gegen das,1896059
es dir,1894927
bis in,1893756
sehr gut,1889716
der Familie,1887709
wir es,1885783
nur so,1884681
hat mich,1883141
unter die,1881563
den Rücken,1881353
mehr oder,1878973
die Stirn,1878473
die Straße,1876852
sie alle,1874955
was man,1874401
ich an,1874143
das von,1870601
in mir,1870018
Form der,1867154
ich Ihnen,1866205
hätte sie,1865679
in the,1863862
nicht wahr,1862697
zu stellen,1862012
finden sich,1861083
als es,1860616
müssen wir,1858642
eines Tages,1858327
was soll,1857754
der Kirche,1855373
sich dabei,1853927
der auf,1853771
von diesem,1851123
oder gar,1850429
sind Sie,1849427
nur zu,1848810
denn das,1844000
ohne dass,1843535
hat mir,1841889
du weißt,1841794
stand auf,1840991
der das,1840504
und ohne,1840437
Suche nach,1839481
der Deutschen,1839207
der den,1838910
Geschichte der,1838661
waren sie,1836401
denn es,1832840
möchte ich,1831914
es aber,1830076
das für,1829546
und legte,1825742
das sind,1825426
wird ein,1824557
auch zu,1824439
der Tat,1823899
und man,1822921
ich sehe,1819658
zu seiner,1819435
hinsichtlich der,1817998
wie vor,1815240
wurden die,1814644
die ihn,1813704
er nach,1812447
findet sich,1812287
hat und,1811991
im Zusammenhang,1811856
der eigenen,1811433
der König,1810136
wurde von,1808817
sie selbst,1808548
sie vor,1807575
also die,1802646
einen Blick,1802084
hat man,1801106
neben den,1798340
kann das,1797948
und dabei,1796427
nichts anderes,1796161
ich und,1794251
haben und,1792018
ihm das,1792002
nachdem er,1788876
zu dieser,1788852
einem der,1788657
bevor sie,1787665
stellt sich,1787240
dem Boden,1784951
zu Beginn,1782800
einfach nicht,1782796
an seinem,1780861
erst einmal,1779847
auch an,1779172
das Licht,1777871
die als,1777838
ist noch,1777692
bis er,1777568
der alte,1776988
uns in,1776703
auf seinen,1775828
können die,1775697
war noch,1774318
Form von,1773356
sei es,1772233
man es,1770470
auf seinem,1767556
ich wusste,1764439
ich schon,1763645
vor mir,1763442
noch mal,1762533
nach und,1762167
er ihn,1761677
eines der,1761456
Frage nach,1761192
über ihre,1759557
und her,1759394
auf ihren,1758954
uns nicht,1756350
Art und,1756028
konnte sich,1752408
im Folgenden,1751779
sowie der,1750898
aber wenn,1749409
war zu,1747609
er würde,1746310
kam es,1745950
und am,1743807
da der,1742141
ich eine,1741790
der ganzen,1740495
es kann,1739157
was in,1739080
die Höhe,1736142
den Raum,1734998
Anzahl der,1733544
in Berlin,1730962
das auch,1728823
wollte sie,1728794
das eine,1727820
Reihe von,1727083
werden soll,1726636
ist als,1725925
zu ihrem,1725784
ihr nicht,1725710
nur durch,1723765
als würde,1722175
nicht ein,1721645
Zahl der,1721479
das hat,1720334
in vielen,1719801
sein Gesicht,1719171
er nur,1717708
und nahm,1716048
ist bei,1715968
seit dem,1715234
ich sah,1714095
und meine,1712398
um so,1712198
bis heute,1711602
sehr viel,1710324
dann auch,1709363
in erster,1708453
bereits in,1700486
sie ihr,1699037
vor und,1698490
es an,1697358
einen Augenblick,1696236
er selbst,1693673
es keine,1693385
Entwicklung der,1693090
ohne die,1692092
im ersten,1690051
sich hier,1688182
der einzelnen,1685002
sie konnte,1684887
in sein,1681727
die auch,1680974
so war,1680935
fragte ich,1679275
er seinen,1677930
sie jetzt,1676846
dieser Zeit,1676101
also nicht,1675500
ist also,1675145
wird und,1674602
wird sich,1673982
eine gewisse,1673858
der Vater,1672811
zu schaffen,1672741
sich am,1672314
zu spät,1671848
den Namen,1671175
nur um,1669328
wir den,1668908
hinter der,1668550
sich immer,1667925
war schon,1667549
sie durch,1666311
worden ist,1665834
die letzten,1665285
nicht weiter,1665128
sie am,1663280
wird auch,1662019
das Thema,1661617
hab ich,1661349
ein neues,1660908
mir leid,1660375
sie aber,1659909
diesem Zusammenhang,1659864
der andere,1654835
ich einen,1654695
in zwei,1654072
der nicht,1653377
leben und,1652943
der er,1652271
nicht einfach,1650784
wieder an,1649237
und daß,1648021
dass in,1647872
noch so,1647553
die gesamte,1647518
seine Augen,1647419
im Internet,1646123
und ihm,1645534
ist von,1645184
nicht möglich,1642807
es wurde,1642760
oder weniger,1642546
nur dann,1641824
die Zahl,1639140
gegenüber dem,1638853
die Idee,1638813
die Zukunft,1638600
am liebsten,1637172
seine Frau,1636642
wie Sie,1636449
einfach nur,1635099
einer anderen,1634415
dann in,1634199
nicht durch,1633717
bei dieser,1633646
daß wir,1632221
den meisten,1631521
du musst,1629869
doch noch,1628597
den Arm,1628460
es hat,1626912
im Falle,1626657
ein Kind,1625567
zu wissen,1624938
die dem,1624909
wird eine,1624008
mit diesen,1623699
und hielt,1623368
möglich ist,1622687
über seine,1617503
ist alles,1616972
zu suchen,1616743
ein anderes,1616668
nur von,1615898
denn ich,1612747
ich nur,1611996
er wusste,1610463
erster Linie,1609489
das Geld,1608519
Art der,1605151
wollte ich,1604069
die Situation,1603433
die ein,1602803
und seiner,1602725
kann auch,1602188
ich von,1600047
sich schon,1598029
doch das,1596927
der großen,1596860
um ihre,1596803
war mit,1596753
sie über,1596069
was das,1596031
selbst zu,1595598
hier die,1594785
die Gefahr,1594255
trotz der,1594135
die Stimme,1593236
die einen,1593200
zu Ende,1591556
das Ergebnis,1591412
uns die,1591335
wollen wir,1590782
würde es,1590200
die Nacht,1589925
da ich,1588702
zu Boden,1585818
doch auch,1585213
wurde der,1584594
und kann,1584376
dem der,1583809
ihr das,1583314
der Herr,1580250
der Menschen,1578949
den Händen,1578383
nur den,1577745
das Ziel,1577204
die Worte,1576595
was sich,1575266
die ihr,1574039
Hand auf,1574014
ein weiteres,1573820
wirst du,1573072
befindet sich,1571383
der Frau,1569105
der für,1568886
zu denken,1568617
aber noch,1566994
ihm in,1566145
werden sie,1563870
wieder ein,1562965
daß sich,1562150
ist schon,1559456
in unserem,1558917
das ich,1558797
eine ganze,1558757
eine Reihe,1558633
und mehr,1558488
dass auch,1558073
was es,1555519
und um,1555152
denn der,1552924
die Erde,1552435
es der,1552094
und seinen,1548731
muss man,1548511
ist hier,1548312
und machte,1546192
wo ich,1546007
in Frage,1545558
sich wie,1544792
das Buch,1543660
konnte nicht,1543037
das Herz,1542045
von dieser,1541829
die Art,1541068
hatten sich,1540235
die zweite,1539893
die Lippen,1539090
das wird,1538631
die Ergebnisse,1538363
die große,1538010
nach wie,1537476
und wurde,1535715
die Tatsache,1534565
stehen und,1533942
dann aber,1533374
es schon,1531636
er wieder,1531556
nur im,1530546
sie zum,1530530
sein kann,1529856
der zweiten,1529482
eine sehr,1528519
und ihrer,1528404
dem ich,1528235
die neue,1528015
sich diese,1527216
aber was,1525726
auf jeden,1525663
die Rede,1525528
wie viele,1524238
sie wird,1522229
sich einen,1521687
der Frage,1520237
es waren,1519698
sie sie,1519635
einer von,1519391
das wäre,1517920
ist jedoch,1516868
wir wollen,1516640
uns zu,1514763
das der,1512660
der Universität,1512631
seine Hand,1512196
der zu,1511828
das Land,1510960
im Grunde,1510221
ein Teil,1510158
war nur,1509607
wie lange,1509406
von ihrer,1508696
nicht nach,1508612
wird nicht,1507434
jetzt nicht,1505787
man mit,1505599
schon die,1502921
wurde in,1502505
der junge,1502324
gegenüber der,1502144
wenn nicht,1501667
und ihren,1500464
den USA,1499310
ob der,1499056
das hier,1498896
zu bleiben,1498863
ihn auf,1498160
vor einem,1497609
zu ihrer,1495710
zu wollen,1494740
hatte ihn,1494518
sie immer,1494294
die hier,1492927
und setzte,1492222
nur wenige,1489494
und alles,1488840
stellte sich,1486963
Begriff der,1484232
die eigene,1484003
ein sehr,1483420
zusammen und,1482997
zu erhalten,1482081
und schließlich,1481508
kurz vor,1479762
du denn,1478018
während ich,1476163
lassen Sie,1470817
der neuen,1470750
den nächsten,1468007
die über,1467240
oder das,1467183
machte sich,1466792
einen kleinen,1466406
hatte den,1465934
war ihm,1465160
ihre Mutter,1463670
die alte,1461804
an seine,1461254
durch ihre,1461084
auf Grund,1460905
nachdem sie,1460610
damit sie,1460197
sich hin,1458006
nur als,1457252
ich jetzt,1456929
aber wir,1456568
sind auch,1455796
einen anderen,1455497
hatten die,1455465
sich nun,1454857
nicht allein,1454346
mehr in,1453835
sie wissen,1452725
wie viel,1452312
durch seine,1451877
nur an,1451468
der Vergangenheit,1450697
ihm ein,1449912
als sich,1449511
und immer,1449461
in welchem,1447925
der durch,1447338
aus seinem,1447162
allem die,1446837
nicht ohne,1445904
an seiner,1444756
im Gegenteil,1443933
handelt sich,1443054
ihnen die,1443048
du dir,1442999
selbst in,1442759
sie nun,1440571
um seine,1440378
es handelt,1439675
Jahre alt,1438543
war ihr,1438006
wird sie,1437918
ich hoffe,1437519
die Antwort,1437044
an ihrem,1436972
nicht lange,1436569
ein großes,1436170
sie müssen,1436155
wurde er,1434544
noch im,1434182
der Gedanke,1433758
ins Gesicht,1433429
der Luft,1429425
sage ich,1429295
Beginn der,1429239
hatte der,1427724
auch durch,1427439
es ja,1427267
etwas anderes,1425714
bei diesem,1425689
hat eine,1425268
ist kein,1425088
sind im,1424219
diesem Moment,1424065
er so,1422626
um diese,1422473
zwar nicht,1422018
was der,1420421
der Weg,1419605
Art von,1419203
des Unternehmens,1418632
war für,1416301
du willst,1416059
konnte es,1415929
doch der,1415725
ein anderer,1415467
schon seit,1414138
ihre Augen,1412749
er als,1411134
werden müssen,1410170
der alten,1409874
die Liebe,1409654
ein großer,1408948
aber dann,1407993
einer solchen,1407684
selbst die,1407309
in meinen,1407121
nun die,1406401
aus seiner,1405797
noch auf,1403841
nicht gerade,1402847
und versuchte,1402622
es den,1402342
kann er,1401351
die Polizei,1399948
sie hier,1399614
so eine,1399511
den Tod,1399303
der DDR,1398402
sich dem,1398276
dabei ist,1398100
alle anderen,1397450
heute noch,1393872
wird im,1393209
zu bekommen,1392328
nicht anders,1391634
die verschiedenen,1389536
Blick zu,1389095
jeden Fall,1388887
dem sich,1388762
und sind,1388715
jeden Tag,1388621
sah ich,1388481
über der,1388185
genau das,1387130
innerhalb des,1385223
nicht mal,1384588
aber mit,1384082
so zu,1383851
über ein,1383541
es das,1382950
man auch,1382375
doch nur,1382329
dachte ich,1380824
das so,1378918
die Schulter,1378903
im Leben,1378887
noch mit,1378573
und wollte,1378191
er aus,1378134
einen großen,1378048
tief in,1376148
in unserer,1376127
doch er,1375750
die uns,1375173
sollte ich,1373959
der Junge,1373868
sondern nur,1372946
die kleine,1372722
zu erklären,1371620
war von,1371471
in anderen,1371471
Angst vor,1371445
der Küche,1371186
sie der,1370777
das Verhältnis,1370419
befand sich,1370019
ich im,1368174
die nur,1367763
ich so,1367296
was Sie,1366984
den Eindruck,1366634
mir in,1365853
du die,1365100
die noch,1364287
für Sie,1364037
mir eine,1363958
von ihren,1360856
Weg zu,1359876
und gab,1359254
Verbindung mit,1358931
allerdings nicht,1357097
die so,1355647
wie immer,1355534
ließ sie,1354894
die Beine,1354802
ein solches,1354512
oder zu,1354004
die gleiche,1353971
wie sehr,1352313
Menschen in,1351838
als bei,1351605
erhob sich,1351469
in Europa,1351049
der Stelle,1349592
das Ganze,1348897
und unter,1348833
sich unter,1347536
das letzte,1346797
hier und,1346649
das Unternehmen,1345987
obwohl sie,1345498
bis dahin,1345182
nicht zuletzt,1343812
von hier,1341159
er sein,1340748
an Bord,1340629
war mir,1340002
nicht gut,1339571
sich jedoch,1339354
mir einen,1339306
mit meinem,1338298
die Nase,1338256
auch so,1337626
den einzelnen,1337581
bei ihr,1335756
an ihm,1335291
man ihn,1334502
zu setzen,1334472
der Entwicklung,1332777
er musste,1331984
sie ihren,1330838
die Hälfte,1329805
das Ende,1328906
in aller,1328042
und Sie,1327711
es immer,1327466
und schon,1327111
in Betracht,1326781
die Frauen,1326369
ihre Hand,1324465
sah ihn,1324448
wo es,1323224
es hier,1322305
der Grund,1321777
sie diese,1321625
sich zum,1321327
von dir,1320307
auch nach,1318511
ob das,1318444
zum Ausdruck,1317793
mir den,1317042
erst nach,1316973
man von,1316953
ich ihr,1315935
hinter den,1315789
ein Mensch,1315425
wird mit,1313677
gerade in,1313676
die letzte,1312561
ein kleiner,1312223
sondern die,1310986
an seinen,1310533
sind es,1310512
doch sie,1309860
zu beachten,1309708
es dann,1309000
in diese,1307573
die zur,1307501
die Aufgabe,1306709
wir hatten,1305922
am Abend,1304919
es tut,1303778
Bedeutung der,1303380
darf ich,1303067
die Entscheidung,1300896
ich doch,1300369
in welcher,1299973
ich hier,1299322
nicht alle,1299078
wir sie,1298366
ich für,1297925
ich musste,1297643
dem anderen,1297498
wir mit,1295860
nur bei,1295227
ist auf,1293910
ist sehr,1292938
konnte man,1292522
nicht über,1292467
ihr Gesicht,1292444
ihm den,1292266
nichts von,1291757
ich kenne,1291171
die Treppe,1290092
rief er,1289722
natürlich nicht,1289012
der Sache,1288066
zu zeigen,1287230
und anderen,1287054
es von,1285695
die Küche,1285380
der Name,1285256
aus dieser,1284346
Zeit zu,1283424
die Natur,1282629
er für,1281806
schon lange,1281216
Vergleich zu,1280405
immer nur,1279939
er schon,1279742
weniger als,1279313
angesichts der,1279289
wo ist,1279108
der Seite,1279105
der Gruppe,1278465
ihm und,1277588
Einfluss auf,1277437
zu vermeiden,1276665
Sinne des,1276382
die einzige,1275819
mehr und,1275419
de la,1275033
aber du,1274895
der Bundesrepublik,1274766
alles andere,1274656
er hätte,1274184
mit allen,1274079
vor die,1272560
werden muss,1271159
schon im,1271053
den Schultern,1270901
das Gespräch,1270389
den Mann,1269537
die vom,1269156
aber ein,1268236
ganze Zeit,1267911
dem Kopf,1267693
die deutsche,1267530
unabhängig von,1266831
des Landes,1266095
obwohl er,1266046
im nächsten,1265595
wird als,1264168
wir alle,1262689
hatte eine,1261614
der Wand,1261229
die Rolle,1260839
auf dieser,1260831
der es,1259546
sie würde,1259519
meinst du,1258930
and the,1257796
ihn und,1257386
auf diesem,1257283
eine bestimmte,1255606
und deshalb,1255537
auf meine,1255317
nicht zum,1254518
er kann,1254302
oder den,1253678
die Dinge,1252804
an ihren,1252573
im Haus,1251022
zu ziehen,1250173
na ja,1250117
er dann,1249750
wegen des,1248562
auf ihrem,1248513
ihm auf,1248225
denen sie,1246408
Zeit der,1245834
soll das,1245452
dachte er,1242608
waren und,1242239
wenn ihr,1242205
ich liebe,1242036
in jeder,1241474
sie denn,1240887
dann wird,1240646
und dort,1237927
und schaute,1237183
wo der,1237104
wusste nicht,1235744
eine wichtige,1235706
bis hin,1235575
ein gutes,1235282
nicht vor,1234411
wieder die,1234369
die ihre,1234015
beugte sich,1233968
der Mutter,1233119
sollte man,1233047
all die,1232045
den Fall,1231555
bis die,1231483
der Kinder,1231101
an ihn,1230325
zu erwarten,1229460
die Anzahl,1229333
werden Sie,1229195
er sagte,1229168
sich gegen,1228918
von seinen,1228845
sie wusste,1228343
aber doch,1225269
können sich,1224500
nie wieder,1221808
die mir,1221713
es ging,1221363
es einen,1221348
erst in,1220327
jedes Mal,1220171
oder mit,1219655
von diesen,1219048
nicht zur,1218985
ihr in,1218613
ich nach,1218608
können und,1218340
zurück in,1218081
wollen Sie,1218032
und fragte,1217470
der der,1216748
sagt er,1216575
ist dies,1216042
seit der,1214616
leben zu,1214017
sollten Sie,1213527
er vor,1213423
seine Mutter,1213313
an ihr,1213242
und Weise,1212297
nach seiner,1211870
vor einer,1211652
einen Schritt,1211470
nicht länger,1211213
sie dem,1210134
ich wieder,1209895
und daher,1209638
mit zwei,1209042
und blickte,1208139
von Anfang,1207570
hin zu,1206747
mich und,1206516
ihr Leben,1206496
daß ein,1205854
heißt es,1205509
von zwei,1204554
zum Glück,1204314
durch diese,1203803
er bei,1203471
die Schultern,1203270
und mein,1203156
außerhalb der,1202664
nicht wieder,1201646
wurde und,1201538
die Stelle,1201306
so was,1200731
ein weiterer,1200327
sah sich,1200214
die Kirche,1199936
was war,1199793
sie wollen,1198633
der Liebe,1198186
den die,1197620
kann sie,1197502
zu berücksichtigen,1195264
der Literatur,1195225
bei allen,1195140
etwas von,1194645
seine Stimme,1194371
wir waren,1193762
weil der,1193568
ihm einen,1192558
den Rest,1192323
Zeit und,1191871
im Moment,1191675
und dessen,1190603
die Sie,1188481
aber wie,1188378
schon mal,1187951
und stellte,1187241
zu uns,1186547
er nahm,1184925
wurde das,1184438
die Familie,1184263
viel mehr,1183850
auch sie,1183703
sein Leben,1183664
würde sich,1182496
werden konnte,1181899
kann und,1181396
ist denn,1180935
dann war,1180889
auch keine,1180130
ergeben sich,1179772
hatte einen,1179410
war wie,1179284
wir noch,1177205
eine Menge,1176948
zu führen,1175947
wissen Sie,1175359
wird man,1175015
du mit,1174156
hoch und,1173622
ihnen zu,1172161
lange Zeit,1172003
mitten in,1171644
auch einen,1171507
wenn eine,1171358
die mich,1171312
wir auf,1171161
mir und,1170940
der Sonne,1170906
der aus,1170484
es sein,1170228
den Hals,1169446
den großen,1169331
für diesen,1169185
nach seinem,1168816
die folgenden,1168394
der jeweiligen,1167906
der nächsten,1166633
der Bevölkerung,1165780
dann mit,1165731
als einen,1164125
und keine,1164108
von dort,1164049
gewesen wäre,1163605
einem kleinen,1163447
eine Rolle,1163310
davon aus,1162824
die Gesellschaft,1162809
keine Zeit,1162556
mit uns,1162241
aus wie,1160812
leben in,1159408
denen der,1159054
ein Wort,1158925
die am,1158653
und wer,1157759
zu helfen,1157559
aber als,1157218
ließ er,1157113
damit auch,1156762
das im,1154953
wir auch,1154200
nur aus,1152606
sein können,1152393
des Kindes,1152221
in Ruhe,1151953
über diese,1151903
bezüglich der,1151869
ich Sie,1151045
zu lesen,1150109
einen neuen,1149635
sollte er,1149235
die nächste,1148908
bevor ich,1148507
gut wie,1146700
ein Jahr,1145954
bereits im,1145538
man eine,1145371
ich gehe,1145236
aber so,1144808
die Lage,1144318
ich komme,1143507
der einzige,1142685
denn auch,1141341
sich also,1140672
zu reden,1140658
in Anspruch,1140385
weiß es,1140116
die vor,1139330
oder einer,1138932
insbesondere die,1138771
gemacht werden,1137757
es aus,1137441
an ihre,1137111
aber eine,1137103
aber im,1136790
Mitte des,1136050
habe es,1135587
dem Haus,1135400
und wo,1134960
Laufe der,1133133
von Menschen,1132771
das bedeutet,1132300
einen der,1131840
werden sollte,1131100
vor ihr,1131072
einmal die,1130486
und warf,1129925
im Sommer,1129823
Beginn des,1129570
die Kosten,1129199
zu treffen,1128704
aber jetzt,1127834
und begann,1127825
der Tod,1127518
glaube ich,1126619
nicht wie,1126581
eine besondere,1126417
noch vor,1124977
Anfang an,1124928
ihm eine,1124780
nicht sagen,1124249
dann wieder,1123915
das Zimmer,1123642
er ging,1123544
oder auf,1123014
kaum noch,1122833
wichtig ist,1122291
die junge,1122273
nicht auch,1122153
gegenüber den,1120965
am Anfang,1120233
es kommt,1119223
das auf,1119069
man auf,1119028
Frage der,1117801
junge Frau,1117749
von außen,1117588
die Wand,1117086
seiner Frau,1116935
auch er,1116631
ich könnte,1115522
schon ein,1114946
all das,1114931
ist immer,1114295
zu betrachten,1113392
wobei die,1112317
Seite des,1111623
der Arzt,1110835
verwendet werden,1110348
ich meinen,1109864
Menschen mit,1109862
der ihn,1107277
sehe ich,1106910
hat den,1106692
gekommen war,1106234
zu verlieren,1105901
bis ich,1105459
einmal in,1105401
er doch,1105329
Rahmen des,1105095
nicht sein,1104936
lassen und,1104311
sich doch,1103974
die Eltern,1103951
das Blut,1103759
nicht wirklich,1102501
ich sage,1101813
gerade die,1100597
nach hinten,1100169
einer bestimmten,1098633
kann eine,1098628
zu gewinnen,1098603
habe mich,1098476
an ihrer,1098066
und uns,1098045
die Vorstellung,1097353
in meine,1097227
von anderen,1096507
auch aus,1095378
mit meiner,1094578
ist wie,1093569
ähnlich wie,1093494
so oft,1093300
es uns,1092971
als den,1092507
am Main,1092132
sie etwas,1091839
doch es,1091421
Zeit für,1091336
zog sich,1091181
Mann mit,1090813
so die,1090133
zu fragen,1089791
dass ihre,1088628
genau wie,1087979
eine Stunde,1087815
den Jahren,1087798
hatten wir,1086713
das andere,1086372
wie folgt,1086365
vielleicht auch,1086085
mir auch,1085854
dass dieser,1085715
im Zuge,1085200
die Macht,1085124
im Fall,1084586
der ihm,1084545
ein guter,1083026
er der,1082617
sie keine,1082162
oder durch,1081942
der Art,1081528
die Kraft,1081350
sein Blick,1080895
sein Vater,1080789
uns auf,1080533
wieder einmal,1080329
des Hauses,1079634
ein ganz,1078777
denen er,1078584
für immer,1078069
für jeden,1077778
an ein,1077555
noch keine,1077191
hatte keine,1076484
in Kapitel,1076279
wir wissen,1075893
das ein,1075788
er dem,1075592
mir ist,1075386
sie ja,1074475
mein Herz,1074286
Frankfurt am,1073929
ich verstehe,1073799
ich brauche,1073491
das Gesetz,1072364
noch an,1072059
eine Frage,1071362
Darstellung der,1070878
wie von,1070435
es dem,1070381
zur Zeit,1070231
nach außen,1069989
aus ihrem,1068867
und zwei,1068521
damit er,1068416
der kleine,1067967
setzt sich,1067723
eine Hand,1067639
eine ganz,1067446
musste er,1066891
zu ihnen,1066633
bezieht sich,1066331
im Bett,1065819
der ein,1065732
ist diese,1065509
müssen die,1065101
zu sehr,1064789
zur Tür,1064502
dann nicht,1063846
der Suche,1063247
die zwei,1062358
ihr den,1062259
im allgemeinen,1062197
wohl nicht,1060990
gemeinsam mit,1060979
dir nicht,1060401
gesehen hatte,1060150
sich jetzt,1059994
zu leben,1059726
den in,1059261
nicht sehr,1058881
mal wieder,1058853
mein Leben,1058793
den Begriff,1058526
ist mein,1058234
das hatte,1057992
schon vor,1055522
bei diesen,1054380
Gesicht und,1053325
oder im,1053203
ging er,1053111
der politischen,1052777
habt ihr,1051983
den kleinen,1051806
zog sie,1050611
er ließ,1050282
bei sich,1049659
Analyse der,1048670
Menschen und,1047951
in beiden,1047310
aber da,1047199
und fuhr,1047107
immer die,1046455
ein Beispiel,1046061
dem Rücken,1046019
Auseinandersetzung mit,1045703
die Angst,1045219
sind für,1045115
im Kontext,1044881
Mutter und,1044795
hat einen,1044707
über sie,1044109
schloss die,1044104
bei dir,1043882
dabei die,1043411
und drückte,1042672
er aber,1042523
worden sind,1042468
ich aber,1042398
hinter ihm,1041899
allem in,1041738
du auch,1041648
mir auf,1041591
sowohl die,1041536
um nicht,1041024
heute Abend,1040959
aus ihrer,1040908
auch ohne,1040904
doch in,1039827
oder ob,1039527
kann ein,1038911
des Jahres,1038699
den alten,1038250
und selbst,1037778
wenn diese,1037670
nicht unbedingt,1037169
Patienten mit,1036266
müssen Sie,1036248
die Wahl,1035386
und welche,1035288
dies gilt,1035183
auch diese,1034172
man hat,1033355
dann noch,1033203
noch das,1032162
dass seine,1032138
eine von,1032062
muss die,1031984
am meisten,1031497
darauf hin,1031461
sie zur,1031168
die richtige,1030149
wieder zurück,1029243
Menschen zu,1029221
von meinem,1029009
anhand der,1028715
der rechten,1028672
nicht sicher,1028633
aber auf,1028153
auf seiner,1027876
und konnte,1027872
sich ihre,1027790
der ich,1027763
er will,1027575
da und,1027528
machen und,1026939
doch ein,1026584
diese Frage,1026101
mal in,1024133
nun auch,1023941
und warum,1023607
war ja,1023516
zu nennen,1022249
die Wirkung,1021850
besser als,1021606
an zu,1021000
immer in,1020949
die Sprache,1020937
sich ihr,1020590
hat ein,1020472
auf diesen,1020205
kann nur,1019810
noch viel,1019639
hat in,1019574
denen sich,1018935
schon einmal,1018692
gilt für,1018133
im folgenden,1018082
den folgenden,1017811
wurde es,1017613
ist nach,1017593
unter einem,1017197
was hat,1017157
nicht alles,1017082
als sei,1016870
um es,1016771
oder andere,1016033
seine Hände,1015791
dieser Arbeit,1015697
natürlich auch,1015401
der Wind,1015318
von oben,1014597
so groß,1014411
damit zu,1014036
zeigte sich,1013623
kommen Sie,1013049
den Kindern,1012453
ihr Vater,1012305
da sich,1011994
ihr ein,1011680
zu entwickeln,1011565
nicht bei,1011467
dem Tod,1011223
da das,1011148
erst mal,1010909
es muss,1010599
zu erzählen,1010270
war sehr,1009552
Anspruch auf,1009183
über ihn,1009161
auf ihr,1009061
nächsten Tag,1008874
hatte ein,1008820
die Fähigkeit,1008639
der Patient,1008370
neben ihm,1008367
das nur,1008164
du noch,1007967
war alles,1007930
die zum,1007920
Jahre später,1007160
an denen,1007037
selbst nicht,1006714
nicht selten,1006497
Zeitschrift für,1006436
nach ihrer,1006004
der letzte,1005749
des Königs,1005634
sie musste,1005423
Sie Ihre,1005040
vor Augen,1004744
können sie,1004479
zu essen,1004444
mehr so,1004321
der zweite,1004034
mich so,1003557
ich finde,1003457
wäre er,1002877
innerhalb von,1002613
Sinne der,1001487
er wurde,1001423
ihr habt,1001233
dem man,1000966
um in,999609
was zu,998488
ich nehme,998304
besteht aus,997744
ist dann,996935
oder als,996840
ich dann,996680
die Menge,996029
das Schiff,995338
sehen Sie,995149
selbst und,994861
wirklich nicht,994102
wird auf,994015
jedoch die,993617
Zeit in,993316
lange nicht,993236
im Allgemeinen,993153
er über,993153
hielt sie,992866
Mann und,992465
er jetzt,992425
herum und,992269
nahm er,992206
das würde,992134
eine halbe,992004
die unter,991551
er am,991067
auf sein,990935
sie kann,990775
Entwicklung des,990460
ihrer Mutter,990233
dir das,989202
auch über,989094
ich bei,988673
dann auf,988654
zu beobachten,987139
wie etwa,986797
einen Mann,986790
mich noch,986106
dem Fenster,986093
stand der,985916
diesem Augenblick,985619
im Raum,985354
ihn die,985203
habe sie,984873
den Wagen,984799
mehr auf,984782
zu unterscheiden,983983
und ab,983867
so sind,983628
so hat,983276
dich zu,983189
dem ersten,982670
es als,982615
ließ die,982057
er hielt,981970
ins Bett,981735
Augen zu,981689
je mehr,981417
wäre ich,981401
die Funktion,981319
oder von,980959
so aus,980552
seinen Augen,980419
den Tag,980065
und vielleicht,980019
und werden,979554
in verschiedenen,979074
wieder mit,978369
doch dann,978353
der gesamten,977553
wie aus,977545
hatte nicht,976972
worden waren,976613
der an,976522
ist dabei,976384
musste ich,976052
könnte man,975365
die großen,974772
immer so,974693
wohl auch,974482
wir hier,974472
doch ich,974044
werden von,973758
in Zukunft,973693
es denn,973259
das kleine,973130
ganzen Tag,973043
daß du,972696
den man,972547
Frau und,971638
würden sie,971626
im Vordergrund,971622
dem Hintergrund,971616
mich auch,970784
am Beispiel,970722
etwa die,970333
es würde,970274
oder sie,970236
werden sollen,970210
ihnen nicht,970009
keinen Fall,969950
sich damit,969014
kein Wort,968740
Interesse an,968096
vielleicht war,967423
mehr von,967177
man einen,967151
Fall ist,966874
finden Sie,966202
schon immer,964999
dachte sie,964991
er habe,964757
in mein,964331
dem Tisch,963670
mich von,963558
musst du,963194
um mit,963092
zum Thema,962972
du sie,962640
der kleinen,961768
was mit,961711
ich ja,961332
hier im,961288
die Schule,960745
zur Folge,960649
und haben,960410
dies nicht,960303
und kam,960141
war im,959624
ein Bild,959588
weil wir,959265
der Insel,958769
viel Zeit,957761
die bereits,957023
an mich,956881
sie da,956473
die wichtigsten,956028
nahm die,955842
wer ist,955424
oder so,955403
einer neuen,955317
der Sprache,955262
ihr seid,954897
wieder nach,954557
einem großen,953665
ich immer,953068
waren es,953031
der nach,952606
es möglich,951369
und dies,951225
du in,951216
die Anwendung,951099
Bereich des,950354
ihr und,949939
schon so,949556
ist daher,949415
daß eine,948504
machen Sie,948116
zu tragen,948073
zu meinem,948016
Hinweis auf,946445
sich seine,946270
wir eine,946147
Prozent der,945888
zog die,944443
dem Bett,944170
zu verhindern,943421
Seite der,943213
ihm der,942744
muss sich,942609
der Polizei,942564
das gesamte,942087
nahm sie,941624
in einigen,941006
und gar,940731
noch der,940349
in Bewegung,940210
es kam,939109
die Knie,938903
das habe,938783
oder einen,938745
mich um,938621
die Form,938437
Formen der,938320
letzten Jahren,938306
sie unter,937989
nächsten Morgen,937196
nach vorn,936987
hätte es,936870
im letzten,936847
und sogar,935454
wie kann,935273
er immer,935272
mehr an,934940
und dadurch,934739
sich neben,933950
die alten,933383
Geschichte des,932644
der Form,932365
einen Teil,931754
der Öffentlichkeit,931316
die Seele,931010
kurz darauf,930367
zwischen zwei,930182
was nicht,930000
hier auf,929964
sollten wir,929534
man muss,929407
sind nur,928642
das schon,928423
schwer zu,926672
der sozialen,925887
den verschiedenen,925250
sich zur,925149
aufgrund des,925063
wir sollten,924878
sollte sie,924874
obwohl ich,924804
am Morgen,924794
mir noch,924789
und zugleich,924690
bis jetzt,924549
jetzt noch,923863
nicht daran,923289
des Patienten,923213
wollte nicht,923024
war doch,922369
schon eine,922340
in Frankreich,922185
im Alter,921997
das Verhalten,921991
er durch,921492
den Sinn,920818
und ganz,920308
den von,920233
bin nicht,919937
sieht man,919703
das Volk,919306
Kinder und,919206
immer ein,919203
am Boden,918668
der gleichen,918588
er nun,918430
schon auf,918118
so einfach,917669
etwas wie,917017
es nun,916858
in Wirklichkeit,916076
das noch,915980
zu lösen,915787
wo man,915480
war kein,915293
der große,914954
der Europäischen,914946
nach rechts,914608
außerhalb des,914424
zu verlassen,914344
die Gruppe,913945
die neuen,913484
der Staat,913413
jetzt ist,913378
gehen und,913310
ganz sicher,913301
einen guten,912819
und weil,912799
damit der,912478
Einsatz von,912404
aber für,912394
lehnte sich,912166
die vielen,911862
der Wahrheit,911059
ist durch,910613
Form des,910472
daß diese,910276
er uns,910027
soll die,909288
vielleicht ist,909081
wir im,908959
kam er,908242
Gespräch mit,907887
das Feuer,907578
fuhr er,907070
es hatte,906766
die Freiheit,906718
am Tag,906689
waren in,906610
ganz anders,906377
nur nicht,906019
ich selbst,905762
ohne zu,905579
wieder und,905447
die Verbindung,905445
war auf,905241
eingesetzt werden,905127
in solchen,904392
liegt in,903845
die vier,903629
das gilt,903507
zu seinen,903107
hier zu,903080
der linken,902902
werden im,901927
sollte es,901497
habe die,901403
zu wenig,900654
Frauen und,900544
ins Haus,900393
Theorie der,900299
wie ihr,900006
ist keine,899251
das System,899224
in Paris,898934
geworden ist,898913
bei jedem,898777
die Verwendung,898604
Ziel der,898548
auch dann,898176
rief sie,898054
Verlauf der,897861
zwei Stunden,897593
und dieser,897291
den neuen,896737
als wenn,896518
der auch,896447
von Ihnen,896140
sein wird,896109
sind alle,896035
war aber,895683
und starrte,895499
um uns,895449
griff nach,895409
wo wir,895299
den Gedanken,895191
musste sie,894867
der drei,894777
sie hätte,894766
an mir,894735
die Notwendigkeit,894562
der hier,893965
sich etwas,893354
der Himmel,892909
der so,892708
es wieder,892259
gegen eine,891966
nicht etwa,891461
gehen wir,891368
ich aus,891367
findet man,890940
und trat,890791
Zusammenhang zwischen,890585
sollte die,890515
wurden in,890495
kann in,890448
hinter mir,890155
der Schweiz,889598
den der,889279
Tür und,889038
ich mein,888801
es nach,888321
auf keinen,888258
wie schon,887964
zu ihren,887248
aber keine,887085
ihr einen,886329
der als,886304
dann zu,885999
abgesehen von,885898
mit ein,885237
auf uns,884973
Vater und,884752
alles zu,884268
Anforderungen an,883868
ihre Stimme,883569
die Haut,883467
erste Mal,883252
hielt er,883178
war immer,883050
zu holen,882938
damit ist,882919
nachdem ich,882744
des Staates,882560
nach ihrem,882556
Blick in,882407
das neue,882386
für meine,881788
gar keine,881708
zu arbeiten,881671
dass alle,881325
der EU,881284
beiden Seiten,880659
was hast,879979
werden durch,879611
geworden war,879400
es scheint,879368
sich alle,878585
noch den,878581
über mich,878550
als solche,878067
es wirklich,877878
siehe auch,877841
nicht eine,877703
durchgeführt werden,877624
stellt die,877243
um ihr,877235
auf andere,877052
weil das,877037
ein solcher,876482
rund um,875916
der Seele,875904
sagen Sie,875900
also in,875663
es wohl,875527
hielt sich,875405
sie sehen,875362
im zweiten,874579
es werden,874169
sich ihm,873659
gut zu,873501
die Uhr,873007
und hier,872939
die Wohnung,872864
ihr Herz,872414
und ob,872034
weiter zu,871757
er ihm,871723
mir so,871640
diese Art,871531
erst im,871372
das geht,871189
in drei,871133
es schien,870934
mit Sicherheit,870303
mit Blick,870046
gut und,869965
musste sich,868135
ist gut,868043
sah mich,867954
sogar die,867164
Zugang zu,866771
noch von,866005
sondern in,865899
nach vorne,865812
so wenig,865597
wäre das,865226
meiner Mutter,865212
er zog,865070
Mitte der,865037
und sprach,864529
ihre Hände,864258
dass dies,864203
dass sein,863970
Arbeit und,863933
das gleiche,862985
er stand,862949
mein Gott,862160
zu bestimmen,862011
in dessen,861990
er kam,861784
etwas in,861759
mit meinen,861635
den Himmel,861496
ohne daß,861375
es vor,860548
auch ich,860325
denn nicht,860158
das den,860134
befinden sich,859562
und rief,859355
ich vor,858579
Höhe der,858465
haben uns,858383
es Ihnen,858331
fragte sich,858286
die übrigen,857944
die Finger,857560
eine hohe,857216
zu meiner,857090
uns mit,857009
Institut für,856838
die Seite,856834
daß Sie,856176
was ihr,855624
einem solchen,855397
ohne den,854825
im selben,854176
nehmen Sie,853979
der Basis,853753
hat auch,853462
dem kleinen,852835
diesem Grund,852057
nicht aber,851961
können auch,851954
und können,851747
sich bereits,851410
er sei,851367
also auch,851350
zu folgen,851045
und gleichzeitig,850902
einfach zu,850235
Seite und,850035
zu schreiben,849540
wo sich,849506
zu bewegen,848797
öffnete die,848614
jetzt war,848506
fühlt sich,848224
über sich,846694
wie bereits,846454
uns das,845938
ist nun,845818
aber von,845744
der Tag,845560
sein sollte,845541
siehst du,845439
Beispiel für,845346
daß in,845161
die größte,845057
will nicht,844907
die Grenzen,844691
des ersten,844420
am Leben,844294
was auch,844192
und erst,844046
die schon,843261
einen kurzen,842898
seiner Mutter,842589
sie beide,842455
dem es,842384
ersten Blick,842371
zwei Jahre,841997
das Risiko,841604
Anzahl von,841359
wie ist,840536
oder aber,840184
die Füße,840054
den eigenen,840038
in Höhe,840005
erreicht werden,839933
werden als,839613
wie geht,839334
man bei,839061
wurde ein,838965
einem bestimmten,838585
frage ich,838438
Verbesserung der,838426
obwohl die,838409
zwischen ihnen,837567
lass uns,837029
hatte man,836878
ohne sich,836758
schon zu,836652
einen weiteren,836606
hatte ihr,836216
zwei Wochen,836174
doch so,836018
man im,835966
sie wie,835859
wurde sie,835825
diesem Zeitpunkt,835693
und habe,835087
einer kleinen,834442
der mich,833808
Bedeutung des,833693
denn in,833018
dann kann,832848
du den,832471
den Wald,832298
des Mannes,832198
all den,832168
dass bei,831897
nach ihm,831591
könnte ich,831554
der Alte,831254
heute nicht,831238
auch wieder,830191
mich ein,830036
ich sagte,829712
von Bedeutung,829523
als im,829234
an sie,829033
es jetzt,829014
weil du,828854
wir ihn,828731
in letzter,828592
wir beide,828543
würde die,828307
gelang es,828259
glaubst du,828190
der Zukunft,827896
zu retten,827882
einer großen,827655
gerade noch,827506
und sehr,826919
vor Ort,826344
im Anschluss,826143
ob man,825758
führt zu,825583
oder nur,825579
Wasser und,825457
ganz in,825428
der Brust,825393
aber ist,824914
oder dem,824914
er zum,824750
ihren Augen,824600
das große,824560
ganz und,824291
besteht darin,823763
muss der,823641
die Annahme,823592
das weiß,823368
es ihnen,823164
hier eine,822696
vor uns,822612
um seinen,822466
nichts als,822270
kurz nach,822041
damit ich,821977
der Dunkelheit,821352
meine Frau,820910
kurze Zeit,819931
bis der,819909
die Haare,819104
nachdem die,818687
man nur,818513
die immer,817948
denke ich,817641
der Sohn,817615
weg und,817582
Grund für,816941
eine eigene,816573
auf alle,816094
ihnen das,816037
die gleichen,815975
Augen auf,815884
wie auf,815760
das Schicksal,815673
dieser Welt,814952
diesem Sinne,814722
die Suche,814175
die des,813480
die aber,813043
du ihn,812719
nicht und,812461
die Bilder,811969
noch lange,811885
bei seiner,811879
waren wir,811865
der öffentlichen,811759
Erinnerung an,811725
nach links,811708
sind als,811342
Verhältnis von,811228
ist nichts,811228
auf dich,811037
ihr auf,810431
ich als,810393
noch am,808811
sie einfach,808579
die Tränen,808318
die Analyse,808298
Informationen über,807932
Höhe von,807555
Ergebnisse der,807498
größer als,807276
gemacht hatte,807262
ein Zeichen,807222
im Wesentlichen,806907
Unterschied zwischen,806841
Bundesrepublik Deutschland,806644
einer Weile,806479
mit beiden,806381
ich nun,806109
zu schützen,806084
zeigt die,805941
im Verlauf,805890
die kleinen,805849
war als,805729
in Abhängigkeit,805068
fragte der,804837
ich muß,804577
sich sehr,804568
das Gericht,804475
des deutschen,804323
Grundlage für,804264
sind diese,804103
als ihr,804075
sein würde,803352
nicht gleich,803336
Bestimmung der,803029
eine kurze,802235
Begriff des,801815
kommen und,801800
da diese,801707
der Grundlage,801253
der Ferne,801245
auch sein,801218
zu gelangen,801115
des Tages,800866
ja schon,800862
der verschiedenen,800616
auf meinen,800458
es dauerte,799911
nicht sehen,799860
gilt auch,799711
zu anderen,799634
Prinzip der,799533
jetzt in,798996
du so,798535
nicht richtig,798422
ging in,798281
wir an,798266
nur sehr,798009
der ist,797983
keine Angst,797831
einer Frau,797648
oder des,797480
nicht besonders,796531
hob die,796465
hatte ihm,796457
sein könnte,796182
hier ein,796078
die Richtung,795820
eben nicht,795602
hier sind,795197
noch weiter,795181
so in,795089
das Fenster,794899
der Folge,794658
kein Problem,794357
Hälfte des,794272
Liebe und,794074
nicht glauben,793792
doch schon,793772
der Gegenwart,793698
was ihm,793697
noch als,793682
das macht,793503
an meinem,793432
in deren,793167
er machte,792980
Berücksichtigung der,792882
nur wenig,792683
wir von,792648
eine Antwort,792087
zog er,791816
der Dinge,791530
eine Vielzahl,791327
Entwicklung von,791280
die Gelegenheit,791185
Hälfte der,791119
unter Berücksichtigung,790806
Bett und,790634
auch seine,790236
bei ihnen,790032
der Ebene,790014
Hilfe der,789913
in Gedanken,789832
sie nichts,789589
Weg zum,789415
ein einziges,789368
das einzige,789224
der Kunst,789055
sie würden,788995
dieses Buch,788746
unter Umständen,787846
Journal of,787405
die Regierung,787349
der Körper,787320
legte sich,787247
heraus und,786427
mit jedem,786280
nicht noch,786104
hier war,786011
denen man,785971
sich gerade,785964
to the,785625
wollte sich,785590
mich wieder,785507
war sich,785313
der folgenden,785304
wie diese,785138
ich mache,784944
Voraussetzung für,784938
tun haben,784848
dem Gedanken,784758
und lächelte,784395
meine Hand,784376
sie damit,784211
nun in,784153
gab er,783880
die Beziehung,783854
also der,783691
die Brust,783448
sich ganz,782798
seinen Kopf,782518
seine eigene,782458
die Musik,782340
noch heute,782068
ist oder,782044
erinnerte sich,782036
das man,781719
der am,781605
der Regierung,780506
waren nicht,780418
sind das,780328
werden auch,780255
nicht erst,780115
geben Sie,780098
der menschlichen,780084
durch und,779967
schon bei,779952
nämlich die,779622
darauf zu,779210
man ein,779200
muss es,778993
eine lange,778907
auf ihrer,778789
der Meinung,778619
im Kopf,778545
alle drei,778512
sei denn,778329
ist jetzt,778002
die Darstellung,777992
Anteil der,777933
von selbst,777690
auch andere,777139
eine so,777094
sind ein,777007
der noch,776776
einfach so,775680
mit Ihnen,775237
konnte die,774974
Anlehnung an,774720
was mir,774626
ja noch,774011
die Qualität,773740
nicht wissen,773723
aber bei,773490
ein Problem,772840
richtete sich,772837
Verwendung von,772628
obwohl es,772573
also eine,772559
der Mitarbeiter,772446
die Lösung,772107
zurück zu,771871
und während,771644
der Organisation,771626
hatte mich,771480
den Körper,771310
sagte die,771214
von meiner,770802
wir jetzt,770719
nach draußen,770698
wir einen,770577
sehr wohl,770328
wer weiß,769833
einmal zu,769648
wieder eine,769399
sicher nicht,769137
seit Jahren,769121
Mann in,768865
selbst als,768281
der bei,768145
das aus,767583
Beziehung zu,767385
sind mit,767364
an diesen,767055
ist allerdings,766790
nicht genug,766547
den Armen,766118
kurzer Zeit,766103
einen solchen,766088
Hand in,766014
vor ihnen,765679
diese beiden,765638
mich für,765253
das Konzept,764661
schon von,764432
das Werk,763865
zu dir,763844
wäre sie,763007
der Menschheit,762899
weil man,762665
kann aber,762474
die Daten,762189
die damit,762186
sie um,761760
gilt es,761647
die entsprechenden,761440
uns ein,761369
aus ihren,761308
dem das,761242
zunächst die,761112
und vom,761100
die Entstehung,761029
eigentlich nicht,760883
stand er,760584
das Beste,760508
neben mir,760312
Überblick über,760204
jetzt die,760117
ich keine,759896
halbe Stunde,759852
hatte in,759808
das konnte,759565
zu spielen,759383
so werden,759150
zu lernen,759118
Antwort auf,759077
die nächsten,758911
sich erst,758850
für jede,758561
dieses Mal,758375
für andere,758230
immer mit,757772
sondern als,757293
der mir,757288
sie wurde,757191
bereits die,757134
ich am,756940
die Zähne,756826
nicht weit,756814
hörte ich,756748
im gleichen,756668
gemacht hat,756509
Vielzahl von,755998
und schlug,755884
sagt sie,755859
der ihr,755446
dem Moment,754851
uns an,754748
Problem der,754456
machen wir,754270
über meine,754067
ist da,753852
die Person,753747
dem Namen,753515
wir zu,753419
der Reihe,753166
den gleichen,752887
der ganze,752478
wissen und,752234
und seinem,751647
sein Herz,751595
sich vom,751522
zu spüren,751492
berücksichtigt werden,751023
viele Menschen,751019
denen ich,750632
den wir,750571
doch als,749885
oder sich,749610
ließ ihn,748890
ich nichts,748627
der Blick,748491
dem großen,747625
erst dann,747246
einige der,746913
ihn ein,746830
er etwas,746513
in Wien,746103
da nicht,746083
on the,745909
ein Leben,745862
über ihren,745696
ich euch,745217
oder bei,745155
ihm mit,745112
hier wird,745019
Gruppe von,745013
betrachtet werden,744887
sollte sich,744866
den Worten,744694
nicht allzu,744576
es gut,744556
immer auf,744555
sie sollten,744511
haben es,744285
Welt zu,744260
wir ein,744162
das muss,743490
immer weiter,743270
wird bei,743177
zu dürfen,743120
ich bitte,743118
die Decke,743071
und wartete,743066
sondern ein,743048
kommst du,742893
der modernen,742803
ihr Mann,742608
die eigenen,742075
wie zum,742003
sie wirklich,741590
zu fassen,740966
verstanden werden,740743
richtet sich,740659
deutete auf,740592
mein Freund,740560
als dass,740543
im ganzen,740340
nicht schon,740297
die beste,739789
bei seinem,739656
sie ganz,739622
die Chance,739364
du siehst,739002
der Geburt,738732
die Ursache,738526
ihr eine,738418
der Autor,738077
damit das,737978
der Hoffnung,737558
das Spiel,737241
zu Fuß,737077
wie soll,737019
hat uns,736442
was passiert,736310
sich dort,736298
ob wir,736288
mehr die,736178
Weg zur,736134
machst du,735936
das Meer,735852
mitten im,735839
nach dieser,735785
die politische,735594
einiger Zeit,735178
auf Basis,735118
das eigene,734789
der Wohnung,734772
sollen wir,734640
ehe er,734494
der Anteil,733971
des Herrn,733949
der Höhe,733630
den drei,733565
nach diesem,733489
sehen und,733054
ich ging,732904
mal ein,732697
und kein,732510
so leicht,732317
die du,732064
allein die,731897
sie gerade,731423
und schob,731311
für dieses,731243
und drehte,730740
Zeitpunkt der,730541
wo das,730322
noch einige,730213
jedoch auch,730200
die Kunst,730144
meinte er,729897
der Haut,729810
hat ihn,729621
stellen Sie,729417
der Untersuchung,729163
Einführung in,729045
so schön,728757
wurde im,728370
so können,728242
neben ihr,728065
sie nie,727597
einer Art,727531
den Hof,727473
wir sehen,727434
in deinem,727367
im Hintergrund,727004
meine Eltern,726954
genau so,726698
zu glauben,726587
nicht da,726259
zu denen,726234
so stark,725645
von Gott,725354
ließ den,725346
ganz so,725168
dir die,725105
steht die,724856
Liebe zu,724735
habe ihn,724590
der Bank,724506
Zeit des,724280
in London,724234
ich denn,723799
erst als,723745
als du,723351
der allgemeinen,723100
leider nicht,723027
zu öffnen,723019
als einer,722758
der Tatsache,722740
mir der,722669
Sinne von,722512
der Tasche,722445
direkt in,722382
indem man,722379
dann das,722376
ist an,722197
zu fahren,722057
Anwendung der,721766
haben eine,721696
als man,721454
ein so,720806
jedoch nur,720743
so auch,720659
sich ab,720043
da sind,719812
mir vor,719504
für viele,719449
unter einer,719370
während sich,719359
genutzt werden,719319
auch heute,719183
einmal ein,719113
es einfach,718929
mehr mit,718823
sind hier,718771
das Jahr,718732
Beispiel der,718586
sich hinter,718539
dieser Art,718435
im Zentrum,718065
sie wohl,718000
eine zweite,717859
für unsere,717717
ich etwas,717575
das denn,717211
auf meinem,717200
alles ist,716897
aber immer,716579
im Augenblick,716548
dem wir,716443
Verhältnis zu,716315
keine Rolle,716180
zu erfahren,715878
zu legen,715733
Boden und,715336
dabei nicht,715322
weg von,715230
machte er,715157
keine Antwort,715048
sind aber,714941
wird hier,714251
es kaum,714068
gehen Sie,713706
der vorliegenden,713367
ein Glas,713116
in Anlehnung,712981
warf einen,712809
Anfang der,712668
nur zwei,712531
sehen wir,712455
den Fingern,712278
Abhängigkeit von,712207
erst recht,712149
des Gesetzes,712086
finde ich,711799
leicht zu,711781
des Körpers,711703
Fall der,711644
kaum zu,711459
eine Woche,711165
Gefühl der,710878
anderes als,710876
aber zu,710656
dem Titel,710556
der dem,710522
mich nur,710459
dich in,710301
dann ein,710256
und bis,710089
Recht auf,710050
vielleicht sogar,710041
ein Ende,709866
bewegte sich,709838
ihn der,709518
sie nahm,709428
ein Gefühl,709414
und natürlich,709326
man ihm,709276
ganz einfach,708813
Meinung nach,708809
in Ihrem,708809
dem Mann,708738
im Winter,708520
wir gehen,708434
eine oder,708366
macht und,708354
noch gar,708283
und blieb,708280
den jeweiligen,708238
da wir,707730
hatte schon,707380
ich fühle,707287
Mangel an,706138
Rahmen einer,706123
fest und,706092
von vornherein,706068
im Mittelpunkt,705954
sie dort,705930
nehmen und,705612
sein soll,705579
wusste ich,705135
und dieses,704950
sind der,704822
es keinen,704748
bei ihrer,704702
habe das,704283
du schon,704226
sie erst,703972
und wandte,703939
mir war,703866
die Grundlage,703666
der Wissenschaft,703481
die Praxis,703178
der Politik,702714
der Rest,702606
Bedeutung für,702429
ihre eigene,701925
zu erfüllen,701484
der Eltern,701471
aber den,701373
zu weit,701280
kam der,701134
wie alle,700958
Nähe des,700908
eine Person,700537
zehn Minuten,700481
die alle,700222
die Deutsche,699730
hörte er,699388
vor diesem,699219
ist zwar,699148
mit großer,699063
alle diese,698930
das Bett,698639
sondern eine,698634
über seinen,698553
Arm und,698363
wurden von,698316
am Rande,698081
oder sogar,698064
ist dieser,697207
andere als,696844
der Wahl,696603
nur selten,696582
die Einführung,696077
seine Lippen,695694
meinem Leben,695581
das an,695577
als seine,695342
sind von,695231
ihn aus,695095
im Garten,694761
dann der,694707
des Weiteren,694632
oder einem,694627
nicht vergessen,694596
die ihnen,694493
Sicht der,694485
aus diesen,694121
immer eine,693706
zum Ende,693580
Luft und,693524
dies war,693517
jetzt auch,693509
Weg nach,693364
das Prinzip,693174
jetzt schon,693065
ein Buch,692911
werden nicht,692851
mir doch,692842
mich die,692697
im Zimmer,692429
die Erfahrung,692424
ich da,692382
darf nicht,692311
ist aus,692239
er muss,692098
sie bereits,691956
vor seinem,691924
hatte auch,691493
wie oft,691298
den Einsatz,691163
das nächste,690871
Tisch und,690664
ist etwas,690509
zwei Tage,690349
im Verhältnis,690197
innerhalb eines,689856
dem Jahr,689848
machte eine,689581
und zeigte,689520
bis an,689115
nicht genau,688505
auch ihre,688259
des Krieges,687968
zu stehen,687736
mit Ausnahme,687686
sie sagte,687680
und hob,687446
hätte sich,687243
was den,687229
da in,687191
zu prüfen,687182
zwar in,687137
erst die,687114
nichts mit,686843
sind zu,686694
die Ohren,686202
denken und,686113
oder was,686110
das durch,686030
dachte an,685996
das Glück,685874
ihn noch,685811
diesem Buch,685808
die bis,685676
hätten sie,685618
aber diese,685338
liegt die,685074
sie vielleicht,684890
er keine,684635
sah die,684615
der neue,684586
wie einen,684264
ihn so,684201
in England,684152
das zweite,684047
der Frauen,683767
kann mich,683331
ihr Blick,682998
um der,682811
es kein,682525
zuckte mit,682316
die Dauer,682224
das Verfahren,682217
den Wert,681288
sie ging,681207
man als,681039
Minuten später,680899
sie hätten,680849
der Geist,680541
sich sein,680471
schnell und,680291
ihn auch,680291
nun an,680290
ob sich,680205
über alle,680191
wir brauchen,680171
das Essen,680167
weiter und,680165
mit großen,680127
es liegt,679743
genauso wie,679706
bestimmt nicht,679488
über ihr,679487
sich gegenseitig,679216
für sein,679066
jedem Fall,678986
groß und,678904
dem Begriff,678848
die folgende,678694
den Inhalt,678632
dir zu,678610
damit nicht,678497
werden mit,678271
im Ausland,678084
zu diesen,677903
die Erinnerung,677763
Teil von,677709
und später,677241
man so,676780
die dann,676630
man könnte,676574
sich langsam,676490
die Untersuchung,675988
Auswirkungen auf,675669
der vom,675469
und stand,675351
Jahre lang,675316
in ihnen,675098
allen Seiten,675032
denn so,674849
was mich,674807
Vereinigten Staaten,674770
du jetzt,674715
denn wenn,674550
des Deutschen,674541
zu trinken,674281
eine Zeit,674073
um ihren,674061
sollten die,673739
du hier,673315
gewesen und,673170
geht nicht,673047
keine andere,673023
die Hoffnung,673017
es mich,672768
den Füßen,672709
der Situation,672594
Sinne einer,672421
die Grenze,672340
ihm auch,672324
Zeit mit,672219
der Annahme,672189
legte die,672071
er sprach,672067
wäre die,671941
im Unterschied,670949
nicht vorstellen,670877
ist ganz,670785
dem Ziel,670755
der Spitze,670714
ihr euch,670665
ihre eigenen,670198
fast alle,670148
schien es,669967
ein Mädchen,669644
Dabei wird,669611
die Existenz,669481
seit den,669174
ich gebe,669149
ist damit,669137
sollte das,669012
mache ich,668991
der seine,668822
und etwas,668784
sein muss,668459
anderen Menschen,668339
daß auch,668122
Konzept der,667999
dem alten,667741
von etwa,667625
zu achten,667540
der über,667474
wie weit,667400
zwischen uns,667398
du da,667382
du warst,667146
gegen ihn,666466
was von,665854
macht sich,665528
ich hörte,665471
wurde ich,665363
uns im,665096
wurde mit,664926
im Wald,664587
sie tun,664470
die Nachricht,664422
der Wert,663997
zu nutzen,663798
sondern um,663776
ihn von,663633
es also,663589
dann würde,662961
würde das,662894
und einige,662757
die Behandlung,662751
das wir,662666
die Tochter,662611
bis ins,662317
ab dem,662308
kann durch,662052
gesagt hatte,662040
stand und,661527
Hilfe von,661404
ganz schön,661242
all diese,661167
der uns,661077
ihm war,660995
sich dieser,660919
aus denen,660867
also das,660186
es zum,660162
glauben Sie,660120
dass ihm,659867
Körper und,659861
die Mädchen,659679
damit eine,659642
gestellt werden,659513
mit aller,659406
ein neuer,659306
so weiter,659072
hinter ihr,658855
oder wenn,658812
angesehen werden,658286
Grundlage der,658110
aber nichts,658050
ein Lächeln,657796
es durch,657728
dann kam,657539
Bild von,657494
jedoch in,657355
und viele,657224
unter ihnen,656732
er sieht,656527
Beschreibung der,656356
die besten,656309
du ein,656285
paar Minuten,656041
alles so,656015
zu leisten,655815
eine größere,655117
wir schon,655098
er legte,655092
erst jetzt,655015
so hatte,654927
einer gewissen,654917
Schülerinnen und,654830
auch dem,654824
die Bildung,654726
nun aber,654699
a und,654504
zu viele,654312
mal die,654144
die Größe,654046
des alten,654033
sich beim,653806
den Grund,653740
die dort,653562
erklärte er,653492
zum Zeitpunkt,653470
also ein,653263
dem Leben,653243
nickte und,653180
er diese,652807
wusste er,652714
etwa in,652663
Weg in,652613
zu warten,652566
oder anderen,652152
Kontakt zu,651971
ich mag,651959
sich daran,651753
Hand zu,651749
oder an,651701
in Rom,651684
in so,651668
sich zwischen,651447
so als,651247
mir mit,651061
zwei Jahren,650964
werden zu,650874
eine Gruppe,650802
doch eine,650700
die Bestimmung,650563
im Westen,650503
bezogen auf,650344
Mund und,650103
langer Zeit,650074
und jeder,649875
die diese,649463
allein in,649398
der Männer,649148
war ganz,648846
ihrem Leben,648683
man an,648602
einem Jahr,648490
die Schüler,648418
antwortete er,648157
um dem,648109
und danach,648054
und schüttelte,648027
sich keine,648010
nie mehr,647942
von hinten,647927
der Analyse,647754
er weiß,647667
ganz genau,647577
wird dann,647555
Höhe des,647426
Rolle der,647211
aber man,647157
was sollte,647055
wie mit,647017
Schutz der,646975
diesem Tag,646937
die rechte,646760
das Wissen,646725
lass mich,646690
die Ecke,646601
sind auf,646338
das Telefon,646048
im Übrigen,645912
der Wagen,645839
der man,645588
gebracht werden,645581
das waren,645480
habe keine,645427
mir schon,645348
am anderen,645315
der Philosophie,645258
ob ein,645217
ihren Kopf,645021
so wurde,644812
sich ja,644811
und dazu,644652
ich diese,644408
denken Sie,644334
gegen einen,644270
eine einzige,644063
auch nichts,643988
Tag und,643710
wurde eine,643635
zu erfassen,643605
mich aus,643563
glaube nicht,643531
der Realität,643496
der Firma,643460
der Kaiser,643354
einen Seite,642912
des eigenen,642898
in München,642818
junge Mann,642753
schon mit,642702
einer Stunde,642625
dass im,642510
vielleicht nicht,642456
ihn als,642342
mich nach,642323
mich schon,642291
seiten der,642284
die Wahrscheinlichkeit,642187
in sie,642075
im Auge,642000
paar Tage,641968
fünf Minuten,641873
auch mal,641753
ist meine,641712
nicht weniger,641588
wenig später,641571
so einen,641475
ihr mit,641361
wer sich,641113
fand ich,640989
als nur,640933
aufgrund von,640872
Welt der,640663
und außerdem,640489
wie dem,640485
nicht hier,640410
Haus und,640371
einen Weg,640307
im Krankenhaus,640305
den gesamten,640255
der Behandlung,640192
in Abbildung,639979
dann den,639637
nach einigen,639476
wissen wir,639410
das Wesen,639319
die Kontrolle,639318
den Brief,639276
ließen sich,639132
er lächelte,639024
auf allen,639009
sich zusammen,638993
oder wie,638956
stellte er,638813
die Jahre,638795
die allgemeine,638703
sogar noch,638363
von drei,638252
er schien,638195
passiert ist,637967
dem Wasser,637420
soll es,637387
ist wirklich,637304
auch unter,637063
sollen die,636767
Ebene der,636624
bei jeder,636596
sind bei,636594
die Verantwortung,636498
der Freiheit,636458
werden konnten,636128
erhält man,636128
Welt und,635892
er fühlte,635863
nur einmal,635852
aber vielleicht,635738
sehr schnell,635714
gehört zu,635705
Kontakt mit,635686
nichts weiter,635683
welche sich,635451
dass nicht,634933
dem von,634844
zum Teufel,634549
um auf,634419
einen Tag,633990
und Frauen,633911
sich wohl,633905
du meinst,633438
sollte der,633341
an diese,633303
denen es,632906
liegt der,632774
zu groß,632691
aus Sicht,632547
mal mit,632432
schon nach,632324
die Königin,632196
der nur,632195
ging sie,632114
auf denen,632109
wir unsere,632012
aber schon,631675
nicht gesehen,631598
im Unternehmen,631233
und je,631110
ging zu,630960
ganz im,630738
setzte er,630715
gekommen ist,630694
zu entscheiden,630618
Brief an,630245
auf zwei,630130
etwas mit,630123
kein Wunder,630061
trotz des,630008
des Vaters,629490
sei und,629163
Arten von,629117
alles war,628939
geben und,628905
war sein,628671
im Gesicht,628518
und schloss,628441
Geschichte und,628147
die Folge,627861
der jungen,627694
für seinen,627441
es könnte,627429
Kopf in,627339
könnte es,627262
und brachte,626935
an meiner,626880
warum nicht,626855
Möglichkeit der,626837
von vielen,626771
nehmen wir,626681
Namen der,626614
das Gegenteil,626548
vielen Dank,626541
mit so,626437
Rolle des,626318
und ihnen,626260
hatte noch,626197
ihnen in,626100
alle in,625954
infolge der,625822
muß man,625783
den Krieg,625703
habe er,625441
innerhalb einer,625141
die Summe,625119
dann eine,624851
aber nach,624444
etwas über,624317
hörte sie,624278
über sein,624019
ist vor,624017
Bestimmung des,623713
nur schwer,623625
Frau mit,623584
Qualität der,623446
ehe sie,622697
und führte,622564
als ihre,622478
den Beinen,622352
keine Lust,622104
schnell wie,621794
das Interesse,621770
dem Gesicht,621658
des anderen,621478
des neuen,621440
sowohl in,621334
seine Gedanken,621193
er hier,620958
Alter von,620638
soll der,620633
aus seinen,620265
wie für,620019
und betrachtete,619634
warum ich,619564
diese in,619544
Hände und,619287
Frau von,619240
aus meinem,619189
Erhöhung der,619131
die Tiere,619055
aber war,618951
die wie,618783
zwischen die,618412
warum sollte,618334
dann ging,618313
ohne weiteres,618244
besteht die,618206
die USA,618204
dass meine,618164
zu lange,617815
Grund der,617665
zu gestalten,617615
kommt der,617508
der Boden,617468
schon gar,617409
ich sagen,617393
es soll,617168
Aufgabe der,616939
du solltest,616929
macht es,616696
es gar,616694
auch um,616649
es jedoch,616637
Kritik an,616462
und dachte,616423
der Person,616380
war da,616333
zu untersuchen,616317
seines Lebens,616194
länger als,616086
und lief,615793
befanden sich,615610
bis es,615546
wie beim,615526
das bei,615440
sie jedoch,615378
begann zu,615261
und lässt,615214
wir nur,614860
ist man,614594
wieder aus,614364
sie dazu,614304
es sehr,614265
ging auf,614120
insbesondere in,613661
ich fürchte,613583
vor ein,613435
nicht recht,613256
das Auto,613230
werden könnte,613185
die Bewegung,613150
ich fühlte,612855
die Aufmerksamkeit,612675
der Gemeinde,612624
ich sollte,612536
ihre Lippen,612449
würde man,612422
Schultern und,612360
ich nie,612186
auch kein,612062
es darum,612015
als wollte,611960
ich danke,611750
der Hund,611720
ein zweites,611535
wieder von,611522
Deutschland und,611512
freute sich,611480
um meine,611441
ging ich,611321
hervor und,611200
der Forschung,610929
essen und,610782
los und,610683
des Todes,610404
ihren eigenen,610319
Eltern und,610272
kurz und,610219
gemacht und,610161
sich bis,610132
in unseren,610016
es am,609796
dem ein,609769
nur über,609760
sich zurück,609738
machte sie,609272
wie den,609261
entlang der,609169
und geht,609116
sie sehr,609066
und öffnete,609059
des Systems,609013
das aber,608802
nicht selbst,608707
wird diese,608578
Augen an,608453
Bild der,608416
du doch,608313
der Wirklichkeit,608113
sei ein,608077
diesen Worten,608015
sie dabei,607945
zu ermöglichen,607672
konnten sie,607649
Licht der,607556
der Macht,607542
wie gesagt,607525
als Kind,607414
kann als,607375
auch etwas,607268
der Unterschied,607172
wenn jemand,607057
der vor,607032
in etwa,606914
den Bereich,606732
hatten und,606714
Beziehung zwischen,606613
schon bald,606569
Raum und,606471
sie wollten,606254
heute ist,606189
sie ließ,606101
Beurteilung der,606023
mit in,605858
Rücksicht auf,605819
während das,605805
legte den,605779
flüsterte sie,605738
bin ein,605494
Beitrag zur,605283
Tür zu,605014
sehen konnte,604983
begann er,604969
meldete sich,604638
er da,604541
unter diesen,604218
sie lächelte,604189
Gott und,604129
als sein,604113
zum Einsatz,603778
Frau in,603725
dieser Mann,603611
und nichts,603498
wobei er,603316
nicht darauf,603265
es besteht,603233
ohne eine,603113
ich wäre,603077
ich nahm,603003
nun war,602801
hier nur,602620
Zusammenarbeit mit,602370
das Tier,602282
nicht dazu,602013
diese Zeit,602003
seinen eigenen,601998
sich alles,601952
kam die,601897
im Namen,601833
muss er,601804
die Reise,601669
da ein,601164
so richtig,601007
nicht leicht,600972
oder zumindest,600629
den größten,600171
hat nicht,600159
sie also,600048
fand er,599976
man konnte,599969
der größte,599963
muss das,599961
einige Zeit,599868
als zu,599723
drei Jahre,599590
seinem Leben,599453
den Atem,599383
die Vergangenheit,599189
seiner eigenen,599169
bevor die,599082
der europäischen,598939
und ihrem,598893
ihre Tochter,598742
der Umgebung,598694
euch nicht,598670
ihnen ein,598651
er dachte,598446
einmal eine,598312
den jungen,598121
sowie das,597938
im weiteren,597934
ihre Kinder,597925
Veränderung der,597785
des Geistes,597782
die dritte,597741
Tage später,597594
ihr eigenes,597553
die Auswahl,597303
mich doch,597161
gleich wieder,597017
hatte seine,597007
kann mit,596954
ein alter,596564
scheint es,596535
Familie und,596323
nahm den,596311
gab ihm,596135
zehn Jahre,596035
Angst und,595948
des Wortes,595938
kann mir,595705
ins Wasser,595302
und dennoch,595166
wichtige Rolle,595164
hätten wir,595162
letzter Zeit,595076
sind noch,595038
die sind,594923
von Kindern,594922
ist wohl,594845
oder es,594822
dann hat,594691
das alte,594527
war nun,594275
mir nur,594071
eine Möglichkeit,593965
Männer und,593826
Zuge der,593146
gehe ich,593030
unterscheiden sich,592892
einem Mann,592794
bei ihrem,592741
er nichts,592608
ich lasse,592435
Fragen der,592366
des gesamten,592089
mit etwas,591764
mit vielen,591456
Verantwortung für,591455
die soziale,591236
bezeichnet werden,591149
doch mit,591115
auf Erden,591046
dabei war,591027
im Wasser,590919
dies kann,590902
und fand,590764
die Mitte,590404
sich darauf,590377
besonders in,590318
Jahren in,590204
daran zu,590200
die Mitarbeiter,590073
legte sie,589957
Funktion der,589911
die Dunkelheit,589855
der Kopf,589778
stand ein,589767
es besser,589558
aber Sie,589535
war bei,589439
Arm um,589193
an meine,589148
wurde auch,588936
bei Ihnen,588671
ich halte,588656
die Bank,588563
der Oberfläche,588459
einmal mit,588452
können nicht,588307
in ganz,588272
wurde durch,588064
Vergleich mit,587914
beiden Händen,587877
sich gut,587845
man wird,587742
und unsere,587617
Vertreter der,587598
seines Vaters,587563
dem Ende,587286
in New,587168
aufgrund ihrer,587107
in Sicherheit,587085
um dich,587001
das jetzt,586926
Richtung der,586912
von innen,586866
ich über,586742
seine Arme,586686
wird aber,586608
zu befreien,586414
wie seine,586335
dem in,586322
Arme und,586291
er gab,586201
aus meiner,586054
ein junger,585908
haben einen,585834
dann sind,585793
Leben lang,585781
direkt auf,585765
insbesondere für,585740
wie ihre,585596
war nichts,585558
es zur,585495
rechts und,585234
kein Mensch,585106
mir nichts,585045
sprach er,585004
Form eines,584279
langsam und,584235
eines anderen,584194
ganz gut,584048
den Garten,583989
wie konnte,583943
mich immer,583832
der Teufel,583733
mir von,583587
einen Schluck,583508
sind so,583389
daher auch,583376
du sollst,582926
das Projekt,582904
solltest du,582903
ob eine,582899
gleich darauf,582890
wir nun,582884
lediglich die,582594
die weitere,582454
war jetzt,582354
darauf an,582278
sah aus,582272
Stimme klang,581857
die Bezeichnung,581852
er denn,581783
einer Reihe,581660
dann doch,581648
in Wahrheit,581618
in alle,581426
aber dennoch,581378
gemacht haben,581372
abhängig von,581337
würde mich,581264
macht der,581256
warum er,581227
drei Tage,581070
ihn nur,581069
die Organisation,580922
Nähe der,580888
ich der,580823
er nickte,580746
uns und,580716
wer hat,580643
nichts davon,580619
sowie eine,580617
behandelt werden,580575
ob du,580398
er ihre,580189
zu beschreiben,579704
davon ab,579585
die Straßen,579362
ich höre,579359
rief der,579298
den Rand,579189
heute Morgen,579089
Form einer,579066
oder nach,578995
allerdings ist,578608
sich selber,578592
zu schließen,578573
und waren,578540
sie stand,578536
mein Bruder,578189
Rolle spielen,578013
dass alles,577663
man diese,577630
mit und,577564
seinen Namen,577412
Mann zu,577404
wollte es,577369
sie sagen,577339
Gedanken zu,577253
im Herbst,577005
weil sich,576839
nicht nötig,576836
uns noch,576768
die Pferde,576734
die Folgen,576531
die Schuld,576177
mehr über,576044
das als,575610
ohne ein,575492
darüber zu,575462
freue mich,575289
im Blick,575131
selbst ein,574761
daher nicht,574735
nur weil,574611
finden wir,574530
Gebiet der,574410
als auf,574378
noch zwei,574094
der Raum,573989
von Frauen,573977
anderen zu,573944
von beiden,573889
muß ich,573753
wir dann,573724
bedarf es,573393
es gilt,573309
mich selbst,573131
Prozess der,573098
ich zum,573019
es ganz,573004
noch sehr,573003
damit verbundenen,572902
sowie den,572851
in manchen,572773
ich erinnere,572664
konnte das,572579
dem Menschen,572539
der größten,572521
Basis der,572445
einem gewissen,572381
er sagt,572141
der Bühne,572059
will er,572057
und verschwand,572044
wir doch,571962
Entwicklung und,571666
dann werden,571663
murmelte er,571633
der Nase,571452
es ihn,571447
werden diese,571353
wie sein,571307
und plötzlich,571275
in uns,570987
sei die,570911
sah auf,570908
sie hielt,570462
immer das,570390
wurden und,570051
was haben,569964
im übrigen,569600
Fenster und,569350
eine starke,569307
wurden sie,569222
ohne sie,569069
Kosten der,568951
sie ins,568903
ich heute,568853
er trug,568808
er hörte,568251
wandte er,568247
weit über,567680
daher die,567490
Verteilung der,567326
was aber,567043
seinem Vater,566910
der Text,566882
ihrer eigenen,566656
sein konnte,566588
das stimmt,566579
dafür ist,566432
kommen wir,565914
sie fühlte,565707
vielleicht ein,565675
für ihr,565648
er ja,565612
der Einsatz,565398
die Waffe,565206
Anwendung des,564971
wie beispielsweise,564950
auch sehr,564817
mir aus,564800
sie heute,564659
etwas nicht,564653
die ihren,564595
runzelte die,564516
seid ihr,564465
Gruppe der,564371
und weiter,564289
ihm nach,564194
allen anderen,563927
jetzt mit,563866
war bereits,563796
Anschluss an,563795
Bedeutung von,563766
die Voraussetzungen,563743
aus allen,563707
Politik und,563553
der Graf,563245
es sollte,563065
und will,563059
denen das,562797
der Bewegung,562793
ich wurde,562787
eines Menschen,562760
sie schließlich,562740
der Krieg,562726
wie gut,562684
fiel ihm,562478
wird für,562467
recht und,562294
und küsste,562048
ich frage,561981
die deutschen,561875
werden sollten,561848
das hätte,561624
den vergangenen,561597
mehr aus,561570
keinen Sinn,561544
ein oder,561328
ein halbes,561324
komme ich,561294
ganz besonders,561290
sich darüber,561263
zu übernehmen,561154
nicht besser,561123
mich der,561122
zu unterstützen,561090
zu beruhigen,561064
dies in,561040
der Darstellung,560958
daß bei,560906
ihm noch,560837
was willst,560741
gab sie,560713
beispielsweise die,560656
in keiner,560651
sie zurück,560583
sie wurden,560512
hob den,560322
das Gleiche,560310
sondern sie,560264
im Einzelfall,560087
fing an,559921
weiter in,559817
er schließlich,559766
junger Mann,559704
und gegen,559582
dass dieses,559551
eine entsprechende,559297
öffnete sich,559291
uns alle,559218
sah zu,558993
ein in,558988
denn da,558813
ihr auch,558627
sei nicht,558576
in Österreich,558548
Art des,558294
Frau zu,558226
diese Frau,558178
sondern der,558160
fühle mich,557950
werden sich,557914
die Namen,557804
auch gar,557766
warum sie,557705
sie gar,557397
der Zunge,557335
als Folge,557326
um dann,557313
Stadt und,557203
und genau,557085
zu begreifen,557033
Anfang des,557005
schon gut,556958
der Entscheidung,556829
in Italien,556828
im Osten,556627
ließ mich,556605
die Wange,556559
sie fest,556546
was ihn,556499
Moment lang,556355
das Pferd,556312
es da,556296
und macht,556289
dass mein,556215
zum Schluss,556206
war einfach,556165
wenn Ihr,556127
hören Sie,556006
sich nichts,555979
als mit,555811
allerdings nur,555289
nehme ich,555127
das Glas,555059
er versuchte,554945
sie seine,554280
nicht unter,554120
jedenfalls nicht,554069
der Ort,553846
dieser Hinsicht,553806
noch für,553613
mein Sohn,553591
sie alles,553578
Kampf gegen,553522
erkennen und,553374
oder eines,553315
der französischen,553315
eine alte,553232
wäre ein,553170
viel besser,553051
im Umgang,553048
der Stirn,553042
der hat,552980
alles gut,552971
der Typ,552817
vor allen,552790
der nächste,552775
sie überhaupt,552705
die Möglichkeiten,552524
doch mal,552510
ihre Eltern,552263
Gesicht war,552088
auch zur,551544
eine Stimme,551497
entsprechend der,551450
die Aufnahme,551366
im Norden,551016
kaum mehr,550927
Wirkung der,550894
die jeweiligen,550815
sie kommen,550787
und darüber,550755
gewesen ist,550736
und gut,550679
die Durchführung,550513
tief durch,550489
Frauen in,550424
das Modell,550411
Kopf zu,550405
schon der,550237
ihren Körper,550072
gesehen haben,549988
nicht bloß,549753
den übrigen,549749
Untersuchung der,549656
ja nur,549508
die eigentliche,549465
in Hamburg,549390
man sieht,549224
das Angebot,549198
erinnere mich,549182
Mitglieder der,549103
die Autoren,549019
an meinen,548836
war an,548585
ist einfach,548563
der Gegend,548535
ein bestimmtes,548428
mit Wasser,548408
er soll,548381
Gedanken und,548333
doch zu,548309
der Versuch,548254
die Nähe,548132
mir selbst,548063
nur unter,547782
und wann,547629
erst mit,547580
ihnen eine,547436
eines Unternehmens,547375
heißt das,547226
aber erst,546994
die Gegenwart,546859
nun mit,546800
er damit,546766
sondern auf,546723
wir nach,546719
des menschlichen,546670
und Schüler,546466
würdest du,546455
wie sollte,546203
die Politik,546061
ihre Gedanken,546016
was uns,545893
daher ist,545837
insbesondere bei,545794
hätte man,545674
zu sorgen,545655
und eines,545543
wurde mir,545491
das Tor,545448
ihn wieder,545301
haben in,545269
über diesen,545166
habe mir,545068
sie weiter,545065
damit wir,544753
uns auch,544750
bei anderen,544618
Möglichkeiten der,544450
Gott sei,544344
die oben,544247
zu rechnen,544232
sobald sie,544123
habe und,544113
zu kaufen,544034
bin mir,543968
Rest der,543956
sprang auf,543812
atmete tief,543795
über alles,543713
einen Menschen,543690
und sagt,543495
den Eltern,543429
hier der,543366
und insbesondere,543044
die unterschiedlichen,542987
der Schmerz,542951
wegen seiner,542919
ins Auge,542734
soll er,542732
da eine,542657
in wenigen,542639
so schlimm,542605
einen bestimmten,542551
weit weg,542396
weit von,542388
die Wände,542308
Reaktion auf,542296
dann wurde,542266
sondern es,542136
die Gedanken,541883
können in,541769
und nickte,541628
je nachdem,541600
