ngram,freq
de la,199238029
de l',118353922
à la,79726696
à l',62495552
d' un,55404944
d' une,50578297
et de,45830376
dans le,45059629
dans la,42866486
dans les,31086370
sur le,30240306
et les,27729386
de son,27127800
que je,26005927
je ne,25361333
sur la,25204929
et la,25138110
et le,24537849
ce qui,24454906
ce que,23259462
que le,22606160
que les,22058634
dans l',21130069
il est,20630614
que la,20529985
de sa,19602901
dans un,18707718
sur les,18654251
que l',18609104
tous les,18078068
par la,17913907
de l,17428622
et des,17335559
de ses,17101767
par le,17062445
de ce,16986552
il y,16702616
et l',15594438
par les,15005446
je suis,14670144
pour les,14454555
pour la,13940473
il ne,13751628
un peu,13723515
pas de,13702412
y a,13684456
je me,13654387
dans une,13536652
de cette,13237238
à un,13190110
à une,12965967
et à,12892139
pour le,12724482
et d',11657787
que vous,11589331
que nous,11538783
l' on,11502710
l' autre,11313285
de ces,11285336
que tu,11175747
à son,11113513
il se,11093505
d' autres,11064473
qui se,11049705
de se,10821201
la vie,10782638
le plus,10748872
a été,10375306
la tête,10354402
il a,10249307
et il,10216412
qui est,10204151
il faut,10178228
par l',10124598
les deux,10056761
de leur,10050552
d' être,9913747
sur l',9843949
toutes les,9776735
à ce,9712575
ne pas,9559722
et je,9503500
de plus,9266152
plus de,9236879
il avait,9215343
le monde,9165224
dans son,9001630
mais il,8981957
pour l',8975808
de lui,8920906
et que,8721344
qui ne,8528171
l' homme,8518727
avec un,8329983
comme un,8327365
les yeux,8321135
à des,8285186
le temps,8268400
avec les,8155974
il était,8155725
ou de,8103097
pas à,8084943
la première,8057402
que ce,8016488
à l,7985103
les autres,7934222
avec le,7888092
les plus,7823861
quelque chose,7715117
par un,7702585
ne peut,7633068
en effet,7589377
et en,7462475
tout le,7443509
dans sa,7415141
qui a,7386886
et qui,7381690
dans ce,7363145
la main,7308041
l' un,7229629
la porte,7221886
avec une,7221044
parce que,7199901
avec la,7188424
de faire,7168389
à sa,7159831
entre les,7138407
nous avons,7119826
elle se,7116301
est un,7085973
elle est,6976057
avant de,6933502
on ne,6883025
par exemple,6851163
et se,6787056
sur un,6767205
ne se,6723982
ceux qui,6715190
par des,6669397
je vous,6625543
par une,6587853
et du,6586057
la même,6401639
elle ne,6384091
elle avait,6367000
pas le,6366816
tout ce,6322865
plus tard,6221048
on peut,6214452
la plus,6123455
et un,6106486
de mon,6079640
un autre,6049468
une fois,5971774
la maison,5922375
comme une,5920577
la fin,5888896
de leurs,5876751
ainsi que,5845506
et une,5833789
de ne,5832535
à partir,5828983
mais je,5810932
ne sont,5810503
sans doute,5772022
d' abord,5727147
l' air,5725403
il en,5671821
alors que,5638601
la ville,5622670
que de,5570833
à cette,5555370
à ses,5521832
du monde,5462072
est le,5450663
qui lui,5435231
un des,5414346
avec des,5409669
de le,5371364
où il,5335615
vous avez,5325366
est une,5297114
elle a,5296313
et son,5292797
dans cette,5275199
un homme,5269374
à se,5244901
dans ses,5173123
une autre,5170388
sur une,5163905
comme le,5148144
d' ailleurs,5131981
d' avoir,5128799
le premier,5110837
tu as,5097039
la mort,5094249
la nuit,5088858
et ses,5006330
tout à,5002911
de ma,4979459
en plus,4974706
je vais,4940538
sur son,4930297
si vous,4923171
l' avait,4921325
je l',4918777
de notre,4913816
peut être,4911826
l' histoire,4910187
point de,4892583
à faire,4860186
avec l',4859548
nous sommes,4849974
le cas,4848672
la loi,4839488
pour une,4824794
pas la,4789698
pour un,4750674
de même,4748582
avait été,4720291
de tout,4711679
pour lui,4681266
tout en,4680255
ont été,4677079
même si,4675478
à travers,4669311
dans des,4627327
elle était,4625180
y avait,4622192
la société,4613281
et elle,4612272
l' eau,4600896
la question,4587692
est de,4566215
bien que,4553149
de me,4537153
mise en,4534212
on a,4524717
de toute,4519970
un petit,4473045
le même,4459598
pas d',4447828
vous êtes,4442542
autour de,4430471
peu de,4400764
sous le,4400696
qui l',4388629
quand il,4385620
comme si,4356920
l' a,4350770
au moins,4338486
ne l',4295383
qui ont,4283820
temps de,4283191
sous la,4276677
que des,4270112
je le,4270065
la fois,4248160
si elle,4241485
le fait,4238832
la guerre,4237080
est la,4230691
près de,4229604
de temps,4228210
plus que,4222453
tu es,4216768
à leur,4207801
besoin de,4205272
vers le,4197981
la nature,4185200
la France,4170463
d' autre,4160703
sont pas,4143285
afin de,4135793
celle de,4128405
de vous,4124041
toute la,4071860
tandis que,4044323
en ce,4025269
de tous,4020014
à lui,4009104
l' idée,4002138
ne me,4001257
mais aussi,3988125
pas un,3983000
il me,3972997
plus en,3962537
le droit,3961470
si l',3956991
si je,3953849
il lui,3938578
celui de,3917074
en France,3913873
la plupart,3902724
partir de,3899650
tu ne,3879735
bien sûr,3875543
qui sont,3871400
vers la,3867614
un grand,3860810
qui avait,3857804
de moi,3811546
et sa,3807226
sont les,3806267
nombre de,3788765
je lui,3785747
les hommes,3782871
mais elle,3777195
l' une,3762676
celui qui,3739689
l' esprit,3708938
et ne,3707095
que son,3694791
pour que,3688530
son père,3669754
pour se,3668797
et dans,3663417
un coup,3660135
au cours,3659877
ils sont,3653019
de les,3649345
partie de,3648558
de nos,3636275
l' enfant,3626908
beaucoup de,3618626
un jour,3614667
est en,3614101
je te,3608035
lui avait,3607034
sa mère,3603048
tout de,3599791
je sais,3578423
de votre,3576643
ce sont,3576499
de mes,3561998
dont la,3553037
sa vie,3536727
des années,3529455
nous ne,3527499
une des,3525929
la situation,3519702
une grande,3509304
d' elle,3507770
fin de,3505305
ne pouvait,3505280
du temps,3501295
ne le,3458446
l' article,3457731
de nous,3455368
et lui,3451220
l' État,3449827
l' amour,3435316
après avoir,3422276
fait de,3399058
se sont,3393725
me suis,3388907
en fait,3388282
dont il,3385320
sur des,3382192
dont le,3381678
dont les,3381309
ses yeux,3375850
cas de,3354044
ne sais,3345925
face à,3339741
à peine,3339440
au milieu,3339249
l' intérieur,3328124
nous nous,3327641
de Dieu,3327537
vous ne,3323481
et ce,3318147
de travail,3299634
de vie,3289241
ou d',3278795
et nous,3278087
le nom,3277122
qui nous,3274268
en se,3268068
lors de,3267444
nom de,3251667
et si,3246646
au sein,3240128
de façon,3234113
si le,3231555
dire que,3228966
l' ordre,3227184
et pour,3216818
la place,3206346
pas que,3204874
la famille,3194719
doit être,3193756
mais le,3187392
de vue,3170126
une nouvelle,3166293
en lui,3165141
de deux,3163806
a fait,3156016
de manière,3155262
et non,3153675
de toutes,3149299
la suite,3145860
la femme,3144807
d' en,3144177
qui était,3142376
a pas,3136792
je crois,3135154
je veux,3134166
l' ensemble,3127190
la jeune,3121938
que cette,3120415
pour moi,3120152
et au,3117659
pas une,3115329
lieu de,3114428
une petite,3104231
l' ai,3092718
grâce à,3082924
de nouveau,3078083
où l',3069101
qui le,3069094
une femme,3067011
ils ont,3060684
à côté,3052497
au moment,3051534
un de,3047415
parmi les,3047320
la terre,3035061
qui me,3031019
la rue,3027544
si tu,3025464
les enfants,3023289
sur ses,3021036
en train,3019200
et moi,3017610
la salle,3011753
pas encore,3006194
côté de,2997690
quant à,2994882
à mon,2994633
ou à,2987016
est à,2986823
l' heure,2982692
l' objet,2979119
cours de,2974793
se trouve,2974150
envie de,2972140
ne lui,2971038
que dans,2968284
de cet,2964094
en l',2962012
tant que,2960676
une voix,2953834
sur ce,2948473
en place,2945800
sur sa,2936366
même temps,2933936
les gens,2933052
mon père,2926488
comme des,2923802
pas l',2918972
mais la,2917863
à tout,2916965
elle en,2913018
comme la,2912772
comme les,2910390
des hommes,2904964
un moment,2895866
si la,2894151
les mains,2886615
plus d',2872781
qui les,2865920
droit de,2855525
en tant,2853943
sont des,2853847
ou des,2842350
après la,2838874
le cadre,2836325
chez les,2835990
ils se,2834036
que ça,2830231
l' époque,2819606
ils ne,2816445
fait que,2802197
le corps,2799538
des autres,2785594
d' eau,2783658
on se,2780614
n o,2779518
non plus,2773269
et puis,2770828
ce moment,2769353
l' espace,2764487
ce dernier,2764097
des deux,2757892
coup de,2752115
comme il,2750781
un certain,2749417
dans l,2747355
la table,2746216
pas les,2744042
avec son,2743321
le jour,2742909
dans leur,2739936
comme l',2732974
l' année,2730022
la vérité,2726748
la mise,2717814
du travail,2715323
rien de,2715022
les femmes,2712793
entre le,2710405
e siècle,2709962
de voir,2709105
train de,2708663
mettre en,2701218
bout de,2692913
les choses,2690132
pour faire,2687760
et vous,2685597
et aux,2683723
en particulier,2680633
dit que,2667588
la seule,2659344
une bonne,2654150
au contraire,2647817
la lumière,2642611
la route,2640897
de nombreux,2640201
où les,2635532
même pas,2635132
a un,2632286
première fois,2628883
l' impression,2625308
l' art,2620832
et même,2618129
il l',2614636
est l',2607327
en même,2606733
histoire de,2602010
la recherche,2601198
ma mère,2587089
d' après,2576531
la pièce,2566318
la chambre,2558217
que cela,2553898
état de,2553752
une certaine,2552551
et plus,2549248
et par,2541303
les jours,2539486
que tout,2539403
pas en,2537954
d' où,2535836
le visage,2533787
à Paris,2533074
le roi,2532989
à peu,2532890
son visage,2521429
quand on,2518931
ne vous,2518242
à cause,2518144
au fond,2505243
l' école,2502519
car il,2497602
la forme,2494885
avec lui,2486883
de France,2486078
ne suis,2483474
permet de,2481580
par rapport,2479140
l' action,2477477
moins de,2475720
ces deux,2475687
la petite,2474173
l' entreprise,2474101
en un,2462360
si les,2461933
avec ses,2461331
la voix,2458440
contre les,2453457
même de,2452677
forme de,2449788
que pour,2447547
non seulement,2438452
très bien,2434154
au bout,2433662
le cœur,2433090
une sorte,2430266
se faire,2425493
entre eux,2422658
le sens,2421871
ou la,2419780
contre le,2413981
pour ne,2410916
a une,2402450
au début,2401802
au niveau,2401113
sorte de,2396871
l' image,2395215
la personne,2390194
de prendre,2388186
où le,2383154
que sa,2383100
que d',2376534
une telle,2373797
l' état,2368384
ou le,2366007
cette fois,2363867
cause de,2352546
personne ne,2350964
en cas,2350197
le faire,2349804
pour des,2342251
de Paris,2341560
l' auteur,2340177
que l,2338006
sais pas,2335309
les années,2332431
la réalité,2329671
à tous,2325381
mais ce,2319085
eh bien,2314808
le seul,2312118
moment où,2311615
la force,2306416
un regard,2305692
la grande,2304152
un instant,2303627
de suite,2300137
des choses,2299440
vers l',2298045
peu plus,2297515
sous les,2295236
la présence,2288633
par son,2288534
le regard,2288131
la liberté,2287031
à fait,2282566
la population,2281976
question de,2280477
à nouveau,2278060
en matière,2274731
un sourire,2274334
en tout,2273879
la région,2272714
les trois,2272474
le petit,2271985
plupart des,2268305
le travail,2260688
les mêmes,2260217
ce soit,2253813
à ces,2250364
pas être,2247849
où la,2246290
à chaque,2244730
quand je,2240310
l' aide,2235687
où elle,2235283
le reste,2234452
comme ça,2234325
tout cela,2232421
la dernière,2230579
dans ces,2228128
l' existence,2225543
d' accord,2220823
le moment,2218041
l' occasion,2216855
mais les,2216158
rien à,2215671
la mer,2209860
et leur,2208374
idée de,2207415
qui en,2202556
entre la,2196378
en a,2194956
au lieu,2189149
de quoi,2187287
suis pas,2184859
vous pouvez,2184013
quand elle,2183801
le long,2181493
à présent,2181367
que ces,2180802
le sol,2180510
son regard,2179872
ou les,2179641
un seul,2179389
je pense,2178099
pour vous,2176802
ce soir,2172118
son corps,2171067
contre la,2169532
mal à,2155078
et on,2154726
si on,2153970
du tout,2152402
dans ma,2150327
pour être,2146181
la politique,2144736
du droit,2143879
des enfants,2143176
à cet,2141786
ne peux,2141069
une partie,2140469
dans mon,2135490
la pensée,2127849
on est,2127489
pas été,2126230
la langue,2125785
dont l',2102739
qui vous,2095368
il la,2094671
le pouvoir,2091379
un air,2089500
puis il,2089132
le grand,2084296
en revanche,2083662
que lui,2083455
qui la,2080544
d' entre,2078879
le nombre,2077851
et me,2077481
cela ne,2076743
des plus,2074445
et l,2074135
raison de,2071338
a la,2068399
plus loin,2068352
et sur,2066350
sa main,2066051
je peux,2061300
ou un,2061006
en œuvre,2057603
elle le,2052342
à le,2051227
d' autant,2047897
peuvent être,2047383
la création,2043326
après le,2040916
jeune femme,2040510
a des,2039384
a l',2036692
la raison,2035249
la cour,2029957
un bon,2028231
le ciel,2026815
mis en,2025869
il fallait,2025114
les bras,2025046
il le,2021248
et surtout,2020378
à vous,2019055
avait fait,2014992
depuis le,2012793
je dois,2010598
à propos,2007481
moment de,2004688
vous en,2003400
d' eux,2002368
vous vous,2000924
ce fut,2000716
la République,1999058
des gens,1999053
des femmes,1999004
le lendemain,1998754
ça ne,1998440
devant la,1995783
l' argent,1995003
et ils,1989373
tu veux,1988164
encore plus,1987418
pour nous,1987147
au point,1982744
sous l',1981434
est très,1980964
de nombreuses,1980631
pas du,1980472
se mit,1979903
par ailleurs,1978321
beaucoup plus,1974114
que si,1970552
l' entrée,1969761
la journée,1969639
à qui,1969284
du pays,1968494
un nouveau,1967852
en fonction,1964662
le soir,1957129
la cuisine,1956197
la valeur,1953859
la parole,1948560
ce pas,1947846
le plan,1944642
le jeune,1943051
en est,1941558
du corps,1938133
la mesure,1934896
le point,1929190
du moins,1928278
et sans,1928141
ma vie,1923928
était un,1919957
est d',1919496
faire un,1916995
la bouche,1912696
venait de,1911818
d' aller,1911291
une part,1910899
pas pour,1909602
jeune homme,1907929
à deux,1907922
à me,1907319
en la,1906183
le dos,1904087
la mère,1899918
de ceux,1899464
besoin d',1898759
de savoir,1897626
vous le,1897087
la Cour,1894846
à ma,1894442
pour me,1890408
un mot,1890213
l' origine,1888479
a eu,1880716
est plus,1878909
être un,1874709
sa femme,1872012
plus ou,1871218
ou moins,1871146
la part,1866998
le développement,1865985
que par,1865042
la culture,1864401
la partie,1862244
loin de,1861257
se fait,1860308
pour ce,1859404
avant d',1858300
le rôle,1857537
aussi bien,1857055
de Saint,1853906
le père,1849544
le système,1848342
avec sa,1848257
se trouvait,1847432
qui fait,1846564
tu sais,1846225
non pas,1844907
ou encore,1839230
à moi,1835527
au plus,1834862
ou l',1832943
pas dans,1832824
de pouvoir,1831250
des personnes,1831008
plus grand,1830276
son fils,1827595
un ton,1827029
chaque fois,1824667
fin du,1820789
la musique,1816548
de quelques,1815573
dès lors,1811300
la direction,1810707
et tout,1802513
tant de,1801218
l' expérience,1795570
la nouvelle,1793990
les conditions,1791275
milieu de,1790572
peu à,1789997
du mal,1787310
l' armée,1784818
l' être,1784606
mais l',1783515
fond de,1781679
que ses,1780920
auprès de,1780888
le pays,1780758
niveau de,1780072
des droits,1777178
de mettre,1775295
d' y,1772211
peut pas,1771514
l' œuvre,1766208
lui a,1766132
ou non,1764948
rapport à,1764534
début de,1761691
la police,1759694
est donc,1759495
le choix,1758782
en général,1756139
ou en,1755167
au cœur,1751475
en face,1749405
ou bien,1748552
dessus de,1745241
d' œil,1744342
la voiture,1744187
dans lequel,1742129
un tel,1741804
plus grande,1741447
pas plus,1741390
à voir,1737788
jeune fille,1736800
devant le,1736488
l' Église,1736355
part de,1735685
se passe,1733125
du fait,1732834
l' âge,1732522
de nouvelles,1729628
était en,1728816
l' expression,1726387
salle de,1725629
ses bras,1725184
ils étaient,1724885
ses mains,1723674
le mot,1721039
plus à,1720554
elles sont,1719452
les premiers,1718383
une de,1718293
l' absence,1716054
elle lui,1715079
le soleil,1714266
à notre,1710566
fois que,1710341
parler de,1710213
plus tôt,1707753
rien ne,1706959
coup d',1706025
il nous,1705549
comme on,1705468
moyen de,1705330
à leurs,1705319
a dit,1705072
selon les,1702461
nous a,1701058
à laquelle,1699276
même que,1698247
la production,1692953
avant que,1692573
lui et,1692467
pour elle,1691899
le gouvernement,1689330
homme qui,1688123
est bien,1688012
l' âme,1685477
le chemin,1683614
vie de,1683435
quand même,1679165
on le,1679088
elle l',1677960
la notion,1673128
tout au,1672273
les pays,1670194
sa propre,1668738
une personne,1667760
des yeux,1667726
la manière,1667564
à votre,1667394
une seule,1667328
le sujet,1667054
of the,1666085
faire de,1665082
en outre,1662747
de celui,1661949
par sa,1658857
long de,1657813
les mots,1657032
la qualité,1655950
plus souvent,1655590
la fenêtre,1653465
la base,1651080
ne serait,1646966
et bien,1646227
à être,1646150
et leurs,1645108
et d,1644861
ils avaient,1643233
de chaque,1641049
la bonne,1639644
la seconde,1636299
l' instant,1633699
autre part,1633364
il peut,1631423
la scène,1630845
au monde,1630132
ou une,1627546
en raison,1627439
mais en,1627282
mit à,1626591
sur lui,1626583
que celui,1625963
après l',1625443
le problème,1624285
chose de,1622104
si nous,1621602
capable de,1621564
compte de,1619981
la possibilité,1617914
l' organisation,1617168
sa tête,1616355
ensemble des,1614841
mais qui,1611830
du roi,1611824
ce genre,1610703
tu me,1610286
l' effet,1608514
autre chose,1607853
et tu,1607612
comme dans,1606306
le silence,1606154
pas ce,1603080
bien plus,1602044
de trois,1601822
un point,1601362
sein de,1600658
l' Europe,1598449
de soi,1596219
les personnes,1596071
je la,1595943
cœur de,1595887
une main,1592251
je les,1591205
on y,1591103
fonction de,1590585
il pas,1590526
cet homme,1589346
tous ces,1587300
son nom,1585702
de La,1582680
ce jour,1580036
ce point,1577042
la paix,1576901
le début,1575198
son cœur,1573244
absence de,1571286
toute l',1568793
l' île,1568145
à elle,1567285
faut que,1563198
est aussi,1562943
mort de,1560384
ensemble de,1559641
pour son,1559260
peut se,1558566
un enfant,1556948
la peine,1556083
toutes ces,1555879
crois que,1554447
mais à,1554359
autant que,1553691
où je,1552393
avec moi,1551626
genre de,1550376
faire des,1550308
ce serait,1549472
il existe,1547747
de là,1546458
la construction,1545474
l' affaire,1545101
là où,1544231
ce cas,1542329
avec elle,1540186
fils de,1537897
sur cette,1536498
qui peut,1534536
la formation,1533518
en une,1533515
ne nous,1532309
New York,1531251
le texte,1529875
à quoi,1527126
le principe,1526769
tout cas,1526206
autant plus,1525958
ne peuvent,1525949
nous étions,1525040
à nous,1524511
les épaules,1522845
pendant la,1520636
pas seulement,1519115
son mari,1518689
de dire,1517801
faire une,1513018
en réalité,1512114
l' intérêt,1511860
depuis la,1509797
chef de,1509290
la volonté,1509090
entre l',1507437
sens de,1506569
droits de,1503275
pendant que,1503193
direction de,1502876
la demande,1501290
d' argent,1500067
où se,1497829
centre de,1497046
sont en,1496774
hors de,1496064
vient de,1495518
type de,1494952
mais pas,1494110
lui aussi,1490804
le dernier,1490749
il va,1490475
plutôt que,1487105
jour de,1485329
du jour,1483118
il fait,1482755
et dont,1482125
son frère,1481909
avait pas,1481589
vue de,1479928
l' avenir,1479321
le chef,1473519
une heure,1471652
ne veux,1470957
fait un,1470454
dès le,1469224
de vivre,1468693
le domaine,1468339
sa voix,1467923
le bras,1467809
en dehors,1466054
dans notre,1464952
a de,1463532
pour en,1462536
la justice,1461275
nous allons,1461174
d' or,1461023
on l',1459786
en compte,1457525
chez lui,1457082
dans tous,1456270
la différence,1456224
de celle,1454529
la veille,1451754
ou du,1451397
l' analyse,1451274
de guerre,1447701
l' activité,1446899
tu te,1445988
l' économie,1444623
sa fille,1441614
celle qui,1440948
il aurait,1440258
une vie,1439676
force de,1439653
que celle,1438907
la période,1438810
vers les,1436376
de droit,1436161
lui faire,1434647
une forme,1433820
avait un,1433585
matière de,1432940
dont on,1432770
risque de,1430764
la communauté,1430428
il fut,1430367
à celui,1430350
ses lèvres,1429768
à mes,1428785
d' État,1428071
beaucoup d',1427289
je vois,1426764
peux pas,1423973
son tour,1422505
la façon,1421345
un rôle,1421069
donc pas,1418419
de sécurité,1418007
lui dit,1416287
de vos,1414489
le feu,1411774
afin d',1410648
pour autant,1410381
les jeunes,1409983
comme pour,1409893
pour cela,1409137
aux yeux,1408689
de terre,1408145
en avait,1407808
prise de,1403188
ne les,1401891
tête de,1400242
à celle,1400103
en charge,1399959
d' origine,1399671
la connaissance,1399416
et donc,1399281
l' évolution,1399126
si ce,1398624
aurait pu,1397576
une chose,1396810
à ne,1396124
du côté,1395004
pas trop,1394128
le juge,1393856
l' est,1392834
à prendre,1392414
elle me,1389018
que mon,1387702
avant la,1386046
le président,1385517
l' endroit,1384925
et comme,1384852
ce ne,1384802
la fonction,1383645
au sens,1382116
par ses,1381069
quelques jours,1380986
de nouveaux,1377442
contre l',1377012
propos de,1375225
la relation,1374858
mais on,1374765
autant de,1373871
place de,1373480
était le,1372801
de recherche,1372524
la science,1369015
tu vas,1368090
l' hôtel,1367864
membres de,1365092
pas si,1363584
de te,1363389
par l,1362951
du pouvoir,1361300
vous voulez,1361164
si bien,1360851
celle du,1360368
dans leurs,1359906
un système,1357699
y compris,1357633
comme je,1356458
autre côté,1356177
ce type,1355657
les uns,1354906
signe de,1354442
du même,1354430
est toujours,1353397
porte de,1352142
en avant,1351685
l' importance,1351544
avaient été,1348970
la prise,1348695
base de,1348415
système de,1347864
à part,1347451
l' Union,1346901
temps à,1345434
la peau,1344477
dans laquelle,1342915
qui avaient,1342153
se leva,1340757
coups de,1340631
la gestion,1340293
dès que,1339104
de bois,1338269
possible de,1338050
la santé,1336709
la moindre,1336251
sur l,1335664
maison de,1334859
du système,1334314
nous en,1331968
un groupe,1330195
celle des,1330144
les moyens,1329950
aussi de,1328190
qui leur,1326841
une manière,1325119
de plusieurs,1324991
à les,1324029
bien des,1323766
la lettre,1322283
tout est,1322279
occasion de,1322076
l' autorité,1321786
l' église,1320366
de passer,1318669
encore une,1318557
me dit,1317804
ceux de,1317695
je voulais,1317044
ne fait,1316370
en vue,1313208
et al,1313151
où ils,1312561
la décision,1311053
de sang,1310076
processus de,1310073
cadre de,1307852
en me,1307552
avait eu,1305355
à coup,1304724
que leur,1303899
un geste,1303125
sais que,1302233
fois de,1302093
de parler,1300996
la réponse,1300308
avait une,1298086
le marché,1297312
nombre d',1297089
au nom,1296272
main sur,1295700
en faisant,1295539
la pratique,1295237
pour sa,1295118
un temps,1294903
cette dernière,1293747
en arrière,1293158
l' ombre,1293113
dont elle,1291852
me faire,1291849
jours de,1290802
dans cet,1290759
et autres,1289846
après les,1289569
était de,1286986
principe de,1286696
la voie,1286337
par ce,1285905
ces derniers,1285774
la figure,1285717
la douleur,1283221
aux autres,1282621
sur mon,1280972
yeux de,1278485
le rapport,1276124
à savoir,1275872
pas moins,1275545
faire le,1274523
la mémoire,1273479
quand le,1273446
la littérature,1273203
mais ils,1272667
la théorie,1272460
de choses,1272007
ne sait,1271550
au bord,1271412
mais de,1270770
l' œil,1270618
tout comme,1269468
lorsque le,1269453
présence de,1267673
le prix,1267588
objet de,1266777
être le,1265974
de toi,1265796
bord de,1265534
pas toujours,1265160
sa famille,1265053
le vent,1264617
ses parents,1263240
nous l',1261841
l' étude,1261715
et a,1261527
par conséquent,1260786
de santé,1259682
à de,1258929
mis à,1258302
veux pas,1256670
vous savez,1256206
autour d',1255216
le sentiment,1254914
pas se,1254850
d' amour,1254069
homme de,1253239
la fille,1253095
partie du,1253023
avoir été,1251980
avoir une,1251426
ne faut,1251170
nous avions,1250673
comme elle,1250577
de trouver,1250077
la crise,1250033
l' administration,1248326
début du,1248278
le coup,1248102
l' intention,1248073
un monde,1248056
deux ans,1247559
le mouvement,1247530
la liste,1246949
le caractère,1246469
mois de,1245723
la conscience,1245020
de rire,1244492
l' égard,1244421
lui ai,1244187
et cela,1242559
le peuple,1241528
la nécessité,1241295
les États,1240642
pas des,1239928
du Nord,1239546
l' exercice,1239296
selon la,1237847
ne te,1237698
vous me,1236931
réussi à,1236047
le sang,1235682
mais si,1234524
prise en,1234218
tout ça,1234073
la responsabilité,1232200
ses cheveux,1231015
la sécurité,1230537
qui va,1230031
effet de,1229427
le groupe,1228812
delà de,1228072
l' extérieur,1228071
fait le,1227220
ne doit,1226430
pour y,1226131
plus haut,1226024
pour aller,1225619
ne soit,1225533
les grands,1225250
une société,1224994
son propre,1224964
au centre,1224393
est possible,1224351
l' éducation,1224036
avoir un,1222441
de ton,1220963
doivent être,1220260
l' environnement,1220078
on va,1219582
en deux,1219066
au même,1218490
le but,1217540
est vrai,1216270
ça va,1216140
il doit,1215714
le projet,1215541
la religion,1215195
pour avoir,1214555
plus rien,1214337
à dire,1212820
était à,1212465
les membres,1210368
taux de,1209330
la protection,1207600
et avec,1205965
sa place,1204715
peur de,1203953
à toute,1203467
se rendre,1202566
de personnes,1202091
de bien,1201054
rien d',1200414
la philosophie,1198923
ne la,1198609
prêt à,1197908
pas eu,1197136
la violence,1196938
faire la,1196494
ce matin,1196317
lui en,1196004
vie et,1195797
moi qui,1195385
on en,1194644
que se,1191827
la foule,1191549
au premier,1190915
la peur,1190493
le site,1189431
dit le,1189015
un long,1188413
en faire,1187457
l' enseignement,1187429
notion de,1184856
était une,1184545
rôle de,1182411
en plein,1182311
le résultat,1182102
qui concerne,1181709
pour leur,1181419
tour de,1181236
conditions de,1181116
après une,1179643
à ceux,1179142
peu d',1178101
du groupe,1177408
a toujours,1177276
entre deux,1177229
que moi,1175115
du Sud,1174300
l' acte,1174195
la matière,1173999
un an,1173781
la foi,1172877
pour l,1172799
la forêt,1172728
mon cœur,1170866
ville de,1170263
après un,1169575
la durée,1169401
y en,1169062
laquelle il,1167989
en direction,1166918
en elle,1165814
vous l',1165745
sans cesse,1165730
et cette,1165551
de production,1164275
commence à,1164163
depuis longtemps,1162509
fait l',1162138
l' hôpital,1161896
sa bouche,1161512
président de,1160907
de fer,1160752
temps que,1160717
des relations,1159289
l' usage,1159233
le meilleur,1158557
d' ici,1158017
cas d',1157571
de développement,1155751
en cause,1154775
avait l',1154705
regard de,1153786
ne plus,1152926
des mots,1152219
la moitié,1152107
sont plus,1152065
du Code,1151889
sur elle,1151583
se dit,1151539
de penser,1150946
quand ils,1149917
le lit,1149405
consiste à,1148243
l' attention,1148185
reste de,1146818
la puissance,1146604
des questions,1145824
une idée,1144721
l' humanité,1143058
pas besoin,1141756
à quel,1139975
projet de,1139757
la ligne,1139643
ce temps,1138990
possibilité de,1137955
et pourtant,1137851
sans que,1137796
pas très,1137597
forme d',1137114
au sujet,1136551
la carte,1136327
pas tout,1136095
lui qui,1136065
a le,1135813
mesure de,1134462
pour cette,1133531
à en,1133378
nous pouvons,1133348
droit à,1133062
ne sera,1132978
l' avoir,1132636
du Conseil,1132429
après tout,1132214
il les,1131971
en pleine,1131365
le champ,1131128
une question,1130772
mais pour,1130207
avant tout,1129036
elle et,1128561
à moins,1128530
l' information,1128405
la lecture,1128183
tête et,1127585
ordre de,1127483
de base,1127287
comme nous,1126348
être une,1125831
des États,1125476
en le,1124836
permis de,1124737
tout d',1124060
à quelques,1123334
quelques minutes,1122872
mode de,1119612
je fais,1119088
la reine,1118690
une seconde,1118304
en termes,1118020
les règles,1117816
les relations,1117690
toute sa,1117689
celui des,1116329
un pas,1114707
la presse,1113193
car elle,1113017
selon le,1112830
chez moi,1112256
pense que,1112232
le second,1112058
service de,1112053
des produits,1111724
la zone,1111564
sa chambre,1109887
les cheveux,1109575
le passé,1109511
en temps,1109228
une longue,1108304
l' équipe,1108140
des pays,1108138
la vieille,1107165
peu près,1107134
le risque,1106531
fait une,1105147
tu peux,1104970
la surface,1104921
pas vraiment,1104769
mais ne,1104567
l' arrivée,1104470
la deuxième,1103916
le lieu,1102985
moins que,1102547
suite de,1102265
un lieu,1100853
l' ont,1100655
le Conseil,1100263
le voir,1099703
le contrôle,1099269
ce sera,1099021
groupe de,1098795
le désir,1098730
par cette,1097922
et quand,1097471
combien de,1097468
avant le,1097114
toute façon,1096818
pour toi,1096410
le terme,1095982
pas au,1095696
travail de,1094838
aussi des,1094314
du premier,1093993
en Europe,1093969
les résultats,1093567
sur place,1092515
sortir de,1091836
cour de,1091789
les premières,1091375
politique de,1091229
grand nombre,1090525
de donner,1090374
deux fois,1089837
la cause,1089754
une belle,1088822
la vue,1086604
de grands,1086030
la campagne,1084466
air de,1083940
de fait,1083800
met en,1082380
façon de,1082364
sont à,1081687
une situation,1079281
en bas,1078759
cinq ans,1078274
encore un,1077734
qualité de,1077705
le bon,1077353
que tous,1076150
cette époque,1075215
même à,1074525
manque de,1073804
pas avoir,1073314
de certains,1073243
finit par,1072019
corps de,1071111
le passage,1070948
les grandes,1070848
avait déjà,1069736
ses propres,1069680
il serait,1069497
son esprit,1068296
tous ses,1068104
ne voulait,1067618
le mur,1066667
la tradition,1066375
sujet de,1066355
des conditions,1064520
le processus,1063155
le centre,1062569
nous le,1061940
avec de,1060906
à toutes,1060859
que soit,1060857
être à,1060109
en scène,1059788
a pris,1059614
devant les,1058363
entre ses,1057784
l' énergie,1057576
en passant,1057406
esprit de,1057292
à droite,1057100
fait la,1056337
dix ans,1056005
mieux que,1055889
bien de,1055834
millions de,1055772
tous ceux,1055406
autour du,1053898
à mesure,1053196
ni de,1053103
au service,1052761
intention de,1052746
on les,1052274
bien entendu,1051964
a pu,1051790
moi et,1050407
la maladie,1049970
être en,1048841
un mouvement,1048257
on pourrait,1047783
fait des,1047529
du matin,1047389
en faveur,1046862
œuvre de,1046114
sur moi,1045531
DE LA,1045357
difficile de,1044840
la lutte,1044483
mesure où,1044322
plus vite,1043976
des services,1043141
général de,1042382
en question,1042036
la propriété,1041992
se sentait,1041791
une lettre,1041718
d' années,1041401
tous deux,1040432
la procédure,1039854
la taille,1039795
en cours,1039767
mais que,1039724
à gauche,1039145
chaque jour,1039070
des éléments,1038970
en attendant,1038935
à plusieurs,1038458
a pour,1038419
en ligne,1038382
tout simplement,1038297
la naissance,1037662
la majorité,1037275
de très,1036933
sa sœur,1036845
est encore,1035024
vous allez,1034202
la capacité,1033098
que sur,1032954
aussi à,1032186
trop de,1031933
en moi,1031255
l' univers,1030846
dans mes,1030673
le général,1030486
eu le,1030329
plus le,1029601
de gestion,1029293
les parents,1028701
le moindre,1027295
loi du,1027225
aussi le,1026792
la chose,1026472
faut pas,1026281
le modèle,1025749
le titre,1025722
l' ancien,1025507
lui dire,1025363
y est,1025269
le tout,1025155
ses doigts,1024975
intérieur de,1024628
celles qui,1024604
les lieux,1024213
la structure,1022333
les éléments,1021623
me semble,1021560
de formation,1021375
en Afrique,1021114
la communication,1020974
au travail,1020792
la classe,1020518
de rester,1019895
une série,1019084
de comprendre,1018638
le bien,1018584
le livre,1018332
la position,1018281
objet d',1016764
le lui,1016180
celle d',1016039
mais nous,1015999
une histoire,1015200
partie des,1015179
le matin,1014932
les effets,1014503
la date,1014436
comme à,1014114
entrer dans,1012887
peine de,1012872
celui du,1012607
ou dans,1012530
hommes et,1011948
sentiment de,1011757
l' emploi,1011012
incapable de,1010403
l' utilisation,1010122
moi aussi,1010007
en son,1009780
où nous,1009206
ce sujet,1008984
je viens,1008515
toutes ses,1007973
puis elle,1007926
le dire,1007782
pour tout,1007089
avec ce,1006898
une façon,1006192
quand la,1005803
le bruit,1005719
croire que,1005479
nous devons,1004805
de police,1004646
les droits,1004027
par leur,1003871
pour éviter,1003861
voix de,1003412
temps et,1002941
du gouvernement,1000722
en partie,999859
l' individu,999499
vers lui,999015
volonté de,998867
du peuple,998437
un état,998156
on avait,998058
des jeunes,997863
ne saurait,996960
tu le,995429
chemin de,995224
au courant,994870
de retour,994591
les murs,993651
lorsque la,993409
mise à,993052
dans votre,992732
le moins,992209
un jeune,991728
est dans,991668
image de,991071
il semble,990672
ce livre,987732
des informations,987148
pays de,986477
qui permet,986321
plus fort,986221
ce sens,983951
devant lui,983698
demande de,983028
on voit,982902
il dit,982643
la chaleur,982281
ne savait,981947
termes de,981749
une place,981462
l' établissement,981364
dans de,981208
du regard,980644
l' oreille,980236
développement de,980075
était la,979965
la méthode,978585
sur leur,978285
que ceux,977984
quelques années,977845
cette question,977843
contre lui,975923
du marché,975875
mais un,975169
de force,974830
cours des,974575
ne va,974425
dont je,973857
de Jean,973505
se tourna,971422
au long,971404
les pieds,971227
de famille,970994
impossible de,970631
un sens,970628
gens qui,967360
la capitale,966503
chose à,965935
in the,965303
les lèvres,963896
le terrain,963540
ne fut,963531
et pas,962933
jour où,962929
entre nous,962749
il à,962609
un véritable,962380
période de,961937
pour eux,961733
celles de,961346
à nos,961320
les différents,961037
l' Afrique,960830
très vite,960561
de rien,960419
titre de,960367
des lieux,959464
code de,959243
un premier,958885
donc de,958661
plan de,958023
la plage,957647
homme et,956591
l' arrière,956481
l' étranger,956414
un problème,956370
travers les,955778
en les,955574
et encore,955378
pas non,953881
du bien,953483
à venir,953463
a vu,953341
pour tous,953132
la semaine,952574
et tous,951979
plein de,951419
se mettre,951336
l' été,951141
le service,951108
petit déjeuner,951101
yeux et,950496
des entreprises,949742
que ma,949691
ont fait,949655
d' action,948606
certain nombre,948363
sont de,946789
trois ans,946416
sans le,945426
chez le,945050
sur ces,944296
temps d',943817
fait d',943650
ne veut,943155
être que,941004
université de,940219
commencé à,939651
mais une,939596
est au,937958
d' intérêt,937876
on lui,937687
de communication,937181
et aussi,936281
quand les,935669
même le,935183
un pays,934909
et où,934559
on trouve,934548
devait être,934180
décidé de,933786
me fait,933608
par là,932893
un signe,931777
manière de,931416
et là,931345
voir le,930965
ouvert du,930608
père et,929707
les entreprises,929068
je voudrais,928997
et celle,928225
va pas,928141
ses deux,927057
au nord,927012
deux hommes,926967
penser à,926648
chose qui,926474
mettre à,926333
l' écriture,926264
aussi la,926115
le fond,926050
de partir,926013
chez elle,925925
de répondre,925719
l' exemple,924921
l' escalier,924157
ce monde,924092
permet d',923681
tout son,923044
près du,922306
pour ses,921932
et mon,921339
l' application,921225
la gorge,921221
son ami,920979
répondre à,920913
une véritable,920815
la sienne,920283
le nouveau,920213
le vieux,920143
pouvait pas,919759
moyens de,919407
l' essentiel,919134
faire l',918790
âge de,918515
aussi un,918445
aux États,918298
encore à,918273
la sortie,918052
sorte que,917627
prendre le,917295
a bien,916675
visage de,916175
l' honneur,915961
de ta,915220
un espace,915204
en dépit,914638
champ de,914267
qui étaient,914159
depuis des,913790
du village,913655
a plus,913539
de petits,913511
mais cette,912578
recherche de,912396
à mettre,912152
et celui,911771
une maison,911707
sûr que,911664
les services,911655
ces mots,911456
un travail,910863
au sud,909894
milieu des,909679
quel point,907900
avoir des,907884
au fil,907505
en bois,907401
où est,907367
plusieurs fois,906868
les rues,906638
le plaisir,906411
là que,906290
point d',905548
un ensemble,905530
de bonne,905204
un verre,904710
la côte,904689
même les,904640
eut un,904047
lorsque l',903669
chose que,903617
de données,903444
en haut,903188
les autorités,902679
rue de,902606
ou par,902249
mais vous,902209
en quelque,902127
désir de,901750
les questions,901682
les travaux,901320
est également,900847
a déjà,900680
le respect,900380
côté du,899514
les sourcils,898072
devant l',897623
de contrôle,896704
celui d',896556
on sait,896484
fois par,896154
ou au,895350
loi de,895274
mais cela,894464
je savais,894429
il faudrait,894119
du soleil,893416
de bon,893375
accès à,892000
l' habitude,891366
les quatre,891129
se trouvent,890368
pouvoir de,889800
tels que,889636
partir du,888859
cette histoire,888766
chacun de,888679
au pied,888507
plus la,887982
la beauté,887743
des données,887575
encore de,887487
mais dans,886712
pas comme,886510
le régime,886481
l' objectif,886066
à manger,885376
il fit,884156
comme de,883662
le front,883468
temps pour,883440
mais tu,883387
le jeu,882726
le médecin,882685
les cas,882506
lorsque les,882149
le bureau,880872
comme vous,880206
ne put,879745
en fin,879640
avait des,879270
conscience de,879009
de type,878214
ses amis,878070
essayer de,878025
car le,877828
par jour,877743
de dix,877378
une jeune,877087
vrai que,877022
dit à,876830
des problèmes,876785
la preuve,876776
en tête,876642
types de,876615
cours d',876237
l' influence,876062
la meilleure,875941
des activités,875871
me demande,875799
une fille,875446
rendre compte,875280
la Révolution,875275
les parties,875236
vous a,875191
son temps,874695
des raisons,874590
et peut,874497
le maître,874377
les filles,873822
un livre,873561
la conversation,873408
mon frère,873249
cette femme,872906
état d',872876
l' identité,872687
est là,872607
liste des,871800
des ressources,871717
l' unité,871714
les différentes,871641
l' Allemagne,871547
la soirée,870340
un côté,870311
de mal,870219
la cité,869868
mais non,869771
de nature,869413
père de,868948
il d',868893
sur lequel,868391
le docteur,867881
place à,867837
être la,867566
sous un,867552
impression de,867307
par contre,867138
qui vient,866692
d' hommes,866344
pas sur,865846
il devait,865528
prix de,865449
près d',864840
le retour,864803
la Commission,864358
en toute,864350
proche de,862555
pour voir,861917
le capitaine,861294
trouver un,861258
de tête,861046
lors d',860784
on dit,860717
lui est,860490
loin d',860295
cet instant,860210
aurait été,859859
avait pris,859807
sans se,859433
des idées,859355
car la,859325
choix de,859198
entre elles,858890
même en,858814
d' esprit,858618
le tableau,858423
de justice,858333
l' accès,858037
pas là,857795
prendre la,857728
conseil de,857505
tendance à,856938
a besoin,856251
pendant les,856189
entre autres,856001
cas où,855920
un objet,855744
avec eux,855025
qui y,854994
est que,854568
pas et,854539
pas faire,854536
l' après,854134
main de,853742
elle aussi,853513
le savoir,853258
donc à,853158
les petits,853115
la fête,852933
le côté,852782
me dire,852666
deux ou,852637
conduit à,852114
quelque part,851912
de service,851884
dire à,851841
vingt ans,851321
retour à,851274
le niveau,851225
façon dont,851122
qui aurait,850992
tout un,850830
le contenu,850686
un projet,850460
en forme,849235
grande partie,849164
afin que,848957
série de,848716
l' aise,848105
il faudra,847971
femme de,847806
temps en,847155
le fils,846466
des grands,846395
le comte,846380
depuis l',845499
elles ne,845261
pas assez,845240
est tout,844665
France et,844010
contrairement à,843921
la rivière,843587
le bonheur,843532
il sera,843323
être de,843144
en était,842678
vous devez,841898
le dimanche,841497
qui doit,841186
son bureau,840638
il convient,840240
coin de,839855
elle aurait,839697
mouvement de,839208
de nuit,838879
le mal,838783
de venir,838385
y avoir,838150
l' ouverture,837567
l' université,837064
de quatre,836883
la représentation,836569
d' art,836534
bout du,836413
une famille,836056
un moyen,835277
est pas,834799
années de,834694
toujours à,834611
la pression,834501
du reste,832977
bien le,832881
la pluie,832530
d' affaires,832367
le contexte,832113
aller à,831475
de moins,831401
sa mort,831172
face de,830209
que personne,830145
but de,829998
pas fait,829427
jamais été,829408
tout l',829283
un mois,827726
le nez,827597
ans et,827419
son travail,827370
à d',826406
aussi les,826313
lui était,825773
un vrai,825280
quoi que,824849
perte de,824086
le prince,823982
avant l',823883
des règles,823782
avec cette,823649
et très,823641
l' espoir,823119
avec toi,822302
la troisième,821478
la réalisation,821006
les données,820742
en présence,820252
lui donner,820245
bras et,819911
la démocratie,819647
même pour,819618
sur ma,819590
endroit où,819411
d' entrée,819406
travail et,819336
d' information,819010
du point,818443
la croissance,818362
comme en,816995
fait pour,816564
une relation,816434
domaine de,816178
ça me,815038
de quelque,814623
mes yeux,813594
à pied,813424
son lit,813397
a dû,813382
travers la,813271
est devenu,813264
se tenait,813116
la colère,812902
fait pas,812484
la Constitution,812024
dans toute,811457
quelques secondes,811236
ministre de,811226
des formes,811088
d' ordre,810991
de Jésus,810921
politique et,810277
du ciel,809746
à toi,809562
la chance,809449
de sortir,809322
là pour,808931
corps et,808793
dehors de,808372
son côté,807959
ans plus,807869
un rapport,807141
la révolution,807116
l' écart,807078
il vous,806713
autre que,806189
de grandes,805943
lors des,805853
les lois,805613
mais au,804900
heures de,804834
points de,804757
l' ouvrage,804290
tout aussi,804256
un endroit,804110
quand tu,804042
un acte,804034
l' Etat,803883
car les,803362
prendre en,803254
la Grande,803233
les faits,803171
la règle,802784
tant d',802737
cette nuit,802505
depuis que,802045
prendre un,801957
des membres,801470
du développement,801325
vous ai,801317
dans toutes,800693
veux dire,800606
le jardin,800342
sous forme,799840
fini par,799416
soin de,798796
par de,798552
ou trois,798197
dernière fois,798023
les conséquences,797731
une semaine,797126
le secteur,797065
ou deux,796875
de gens,796465
et ça,796412
acte de,796219
contact avec,796071
le poids,795729
mon Dieu,795353
la Terre,795219
un plan,794637
des affaires,794518
du projet,794394
qui peuvent,794361
dont nous,794126
des groupes,794057
l' avons,793966
un être,793533
du grand,793491
de départ,792808
la définition,792072
quelque sorte,791903
aide de,791729
même dans,791705
droit d',791654
et maintenant,790783
les a,790343
au regard,789936
fit un,789866
et toi,789757
de mieux,789456
à titre,789442
hommes de,788763
les habitants,788754
se met,788667
de mort,788537
le tour,788258
le duc,787355
femme qui,787224
pour prendre,787142
impression que,787088
chargé de,786972
autrement dit,786829
aussi une,786279
ou plutôt,786220
aider à,785796
de lumière,785420
considéré comme,785311
la consommation,784908
mes parents,784869
au profit,784830
en vigueur,784557
doit pas,784440
pour mieux,784383
sa peau,784175
a donné,783805
du centre,783553
le taux,783159
quelques instants,783086
je comprends,782887
les formes,782789
date de,782210
fille de,782079
mère et,781982
en nous,781253
de vingt,781204
roi de,781105
l' opinion,781040
des trois,780542
le lien,779702
situation de,779579
milieu du,779277
personnes qui,779029
origine de,778758
se retourna,778709
avait toujours,778385
l' épaule,778164
du lundi,778163
qui font,776750
à rien,776646
par terre,776507
la condition,776470
contrôle de,776424
prête à,775646
l' avais,775529
dont ils,775140
un sentiment,774400
vous pourrez,774032
d' énergie,773724
deux jours,773016
les rapports,772536
de cinq,772475
du Christ,772046
en français,771933
que notre,771853
heure de,771418
des travaux,771375
le récit,771246
la joie,770218
du sang,770048
main et,769834
pu être,769503
la Chine,769398
même un,769334
haut de,769246
jeta un,769119
connaissance de,768966
cela est,768736
sont très,767729
samedi de,767311
de joie,766885
voulait pas,766696
à bord,766495
la frontière,766154
me sens,764784
et ceux,764683
en prenant,764508
lettre de,764494
mon corps,764356
création de,764315
travers le,764232
l' écran,764147
car je,764146
conseil d',763864
le salon,763480
suite à,763087
la charge,762719
savoir si,762669
fait partie,762081
ses pieds,761694
il faisait,761542
la mission,761470
la défense,761049
livre de,761029
le genre,761026
la gare,760872
il savait,760626
tu l',760092
les idées,759780
la rencontre,759735
l' empereur,759529
trop tard,759288
le départ,759251
tourna vers,758599
avait dit,758021
leur vie,757955
application de,757687
même chose,757635
serait pas,757496
de protection,757353
me souviens,757073
que votre,756795
commençait à,756766
retour au,756617
crois pas,756610
les produits,756513
elle peut,756432
les portes,755820
des objets,755674
le village,755534
membres du,755445
ans de,755181
idée d',755115
au fait,754897
mais ça,754843
expression de,754539
de laquelle,753707
la couleur,753168
le quartier,753142
même la,752049
on dirait,750895
la reconnaissance,750702
de certaines,750697
mère de,750683
être plus,750587
source de,750559
l' échelle,750276
deux autres,749972
auprès des,749538
sans avoir,749447
le mariage,749386
de telles,749155
mais sans,748684
des cas,748374
la perte,748166
pour ça,748071
deux heures,748041
en soi,747796
la montagne,747776
lundi au,747416
ce petit,747356
le discours,747229
lieu d',747177
voir la,746736
penser que,746039
la belle,745675
permettent de,745475
vous dire,744869
de conscience,744853
les élèves,744740
que cet,744368
que leurs,744228
les problèmes,743797
lequel il,743673
de loin,743600
avec leurs,743553
des biens,742970
toujours été,742889
en évidence,742761
des sociétés,742584
des faits,742518
lorsque je,742379
toute une,742225
un corps,741364
était déjà,740998
l' opération,740243
le besoin,740182
l' avant,738991
pas me,738905
sa poitrine,738622
la vision,738510
les activités,738463
mon ami,738083
la vallée,737976
appel à,737860
exemple de,737819
de chacun,737543
cette situation,737456
les doigts,737345
jeu de,737120
eu l',737016
de commerce,736972
je serai,736907
un ou,735795
des valeurs,735733
pour pouvoir,735729
monsieur le,735486
l' ennemi,735313
du moment,735256
la découverte,735039
les sociétés,735028
ne pouvais,735007
faire du,734074
le langage,734061
le territoire,734024
des lois,734020
monde de,733969
des mesures,733715
moins d',733715
des forces,733590
une pièce,733240
je pourrais,733019
les jambes,732920
en silence,732462
qui fut,732203
toujours pas,732155
malgré tout,732006
des moyens,731930
une entreprise,731874
des études,731421
aussi que,731374
place dans,731345
les événements,730978
de chez,730952
l' exécution,730784
vers une,730770
l' industrie,730327
gestion des,730069
est celui,729781
vers elle,729665
parle de,729566
que jamais,729538
l' Empire,729328
d' habitude,728723
des petits,728713
un cadre,728571
espèce de,728194
au sol,727913
lieu à,726784
manière dont,726783
l' odeur,726624
quand vous,726547
je pensais,726499
bien à,726432
ce fait,726319
malgré les,726078
pourrait être,725386
du texte,725096
dans nos,724797
le mieux,724780
une très,724205
des heures,724120
le public,723928
il leur,723920
toujours en,723864
elles ont,723698
à terre,723343
les Français,723315
quand nous,723114
comme d',723068
il suffit,722717
la visite,722546
un d',722040
avait le,721839
personne qui,721594
l' obligation,721395
difficile à,721300
existence de,721178
était encore,721075
le type,720929
en avoir,720917
de qualité,720474
formes de,720471
était bien,719825
de jeunes,719731
l' avaient,719695
trois jours,719548
ses enfants,719199
une image,718653
ne pourrait,718491
enfants de,718406
la solution,718367
que Dieu,718246
mais d',717714
ce dont,717241
est souvent,717127
sa présence,717019
le traitement,716896
veut dire,716480
la conception,715875
cette idée,715860
sa part,715581
son petit,715435
cet ouvrage,715200
ces dernières,715038
le pas,715018
de bains,715008
heures du,714854
de vin,714667
à comprendre,714335
un œil,714052
idée que,713622
une première,713253
de créer,712873
lutte contre,712636
le milieu,712434
a aussi,712285
à trois,712263
dernières années,712177
quelques mois,712015
ma tête,711981
d' enfants,711802
derrière lui,711741
la source,710831
vous faire,710673
en droit,710409
pour obtenir,709055
la logique,707897
les informations,707332
g de,707313
du sujet,706932
à eux,706713
contrat de,706630
milliers de,706535
pouvait être,706459
un processus,706238
dans certains,706206
de sens,706180
secoua la,706168
les forces,705997
si un,705932
du contrat,705751
nos jours,705712
le souvenir,705463
elles se,705443
règles de,705300
avait de,705247
bras de,705204
terme de,705123
permettre de,704860
est nécessaire,704851
duc de,704682
l' ancienne,704670
a donc,704428
le sais,704108
un même,704040
face aux,703122
des sciences,703023
mais comme,702980
du genre,702883
la victime,702519
sur leurs,702269
impression d',702182
il eut,701846
se pencha,701619
ministère de,701297
quelque temps,700813
de quitter,700719
va bien,700575
de feu,700540
est déjà,700515
la pointe,699491
terre et,699472
gens de,698942
je dis,698808
de main,698728
des mains,698664
on pouvait,698641
les valeurs,697975
du service,697704
vers un,697643
la vente,697598
des événements,697194
même et,697115
l' abri,696545
la droite,696301
vous de,695979
un coin,695888
sous son,695877
je en,695845
eu un,695818
chambre de,695740
du passé,695354
quant aux,694936
que du,694763
un cri,694485
elle à,694318
un gros,693601
son bras,693531
fin des,693486
une dizaine,693157
l' obscurité,693056
pourquoi ne,692529
selon l',692447
en quelques,691968
être pas,691512
l' approche,691298
dans tout,691139
le concept,691097
est mort,690839
la hauteur,690721
présence d',690707
une période,690615
le directeur,690368
elle pas,690212
de devenir,690054
les acteurs,689962
on aurait,689481
le cours,689146
de produits,688672
toutes sortes,688135
tout autre,688093
bien d',687455
permettant de,687343
un ami,687285
et après,687226
et avait,687154
le haut,687052
une demi,686939
économique et,686822
la confiance,686795
un simple,686788
monde et,686764
charge de,686655
faire face,686507
à plus,686409
ça fait,686170
vous y,685637
de femmes,685297
Union européenne,685104
vers moi,684833
majorité des,684762
fut le,684537
donner un,684437
de sorte,684194
il allait,683973
and the,683328
les avait,683277
le ton,682779
de tes,682733
l' appartement,682600
guerre mondiale,682593
des actions,682538
de plaisir,682255
un modèle,682016
l' horizon,681633
le pont,681617
sait que,681435
la télévision,681192
une activité,681109
je devais,680945
la voir,680459
une table,679979
voir les,679676
hocha la,679563
responsable de,679327
rapport de,678933
les principes,678229
lui fit,677964
la gauche,677932
chez nous,677725
y eut,677614
pas pu,676898
de rendre,676736
chaque année,676608
était plus,676442
petite fille,676067
les arbres,675980
derrière le,675883
de mise,675833
d' obtenir,675566
où vous,675412
tu vois,675059
ou même,674989
compte que,674261
les auteurs,674104
à trouver,674095
pendant un,673676
une vision,673471
par ces,673444
à vivre,673347
avec vous,673089
un beau,672877
la souffrance,672605
du lit,672500
bout d',672213
cette période,671907
à avoir,671867
veut pas,671655
elle qui,671407
est trop,671270
le couloir,671064
ou pour,670996
fois le,670982
pas sans,670867
la chair,670146
plus important,669502
l' enquête,669450
l' inverse,669290
ne vois,668909
mon fils,668678
nous y,668617
vous que,668606
un nombre,668397
histoire du,668358
égard de,668344
la neige,668132
travaux de,668044
les limites,668034
de confiance,667980
pas dire,667844
le ministre,667735
d' entrer,667633
se situe,667619
je pouvais,667325
au samedi,667281
puis le,667106
l' ouest,666974
des résultats,666856
nécessité de,666497
malgré la,666488
se fit,666300
de laisser,666164
où on,666030
une réponse,666030
centaines de,666000
ai dit,665681
la garde,665641
ont une,665446
des nouvelles,665386
valeur de,665349
de Louis,665185
bas de,665058
soit le,664973
chez l',664759
pas mal,664581
souvenir de,664295
au pouvoir,664229
l' Assemblée,664159
problème de,664020
la dimension,664010
est celle,663977
faire pour,663858
mais son,663798
l' appareil,663527
pour laquelle,663342
quel est,663231
on doit,663174
lors du,663070
qui pourrait,663034
en mesure,662743
départ de,662717
une ville,662371
ligne de,662276
premier ministre,662241
maître de,662207
même des,662010
ni l',661847
XIX e,661593
pour qui,661427
changement de,661072
et ces,661062
le mode,660578
de paix,660327
de celles,659277
derrière la,659228
vie à,659071
de référence,658946
sous une,658834
durée de,658415
modèle de,658373
assez de,658282
peut aussi,658223
des rapports,657975
il de,657830
voie de,657480
la diversité,657404
on fait,657383
bien au,657370
sans la,657240
ce pays,657206
plus les,656894
était si,656562
des images,656556
tenter de,656460
cherche à,656087
et ma,656054
la lune,656032
bord du,655960
un élément,654981
savait que,654967
la bataille,654833
à Dieu,654277
l' intervention,654021
en premier,653966
bien la,653914
table de,653905
étude de,653429
sur mes,652981
liberté de,652500
pas son,652448
en souriant,652325
rapport au,652300
je suppose,652226
des effets,652087
avait dû,652002
l' équilibre,651860
me le,651762
de Gaulle,651375
le sien,651081
me l',650862
je sens,650643
de travailler,650631
aurait dû,650391
chose d',650311
plus jamais,650275
le contrat,650258
au départ,649984
de jouer,649951
et comment,649882
les affaires,649869
et deux,649113
cette nouvelle,649051
est alors,648989
le samedi,648969
la page,648694
l' abbé,648537
d' éviter,648379
il reste,648335
de découvrir,648282
continuer à,647135
les textes,647071
été le,646924
cet endroit,646592
il voulait,646456
en leur,645893
en route,645845
pour de,645784
d' informations,645753
des parents,645683
en vain,645548
sur laquelle,645480
la poésie,645428
capacité de,645378
long terme,645274
se passer,644927
une action,644870
se dirigea,644797
semble que,644283
recours à,643842
de bonnes,643780
était très,643714
il prit,643259
la chaîne,643188
le compte,643076
d' histoire,643061
de petites,642544
correspond à,642444
histoire des,642388
du mouvement,642351
la jeunesse,642331
savoir que,642318
fait du,642243
la distance,642114
nord de,641415
en ville,641386
la constitution,641386
l' association,641261
le siège,641028
l' intelligence,640526
le ventre,640513
et quelques,640150
donner une,640148
le secret,640128
se sent,640039
du livre,640036
commença à,639893
par an,639699
Arvensa Editions,638931
de papier,638679
les derniers,638380
liée à,638086
pendant le,637994
elle les,637988
faveur de,637773
les noms,637729
que possible,637704
ne crois,637390
de pierre,637261
la commission,636781
que deux,636654
maintenant que,636512
être humain,636497
viens de,636351
quelques heures,636102
nom du,636083
un nom,635914
face au,635545
sortes de,634984
est venu,634760
avec l,634759
le Christ,634621
important de,633554
femme et,633196
fois la,633188
la mienne,633162
l' arrêt,633095
la victoire,633082
dire de,632171
qui il,632101
pas avec,631674
envie d',631578
ma sœur,631480
la concurrence,631467
mises en,631428
une nuit,631183
Copyright Arvensa,630844
le lecteur,630737
habitude de,630720
pas lui,630539
tu étais,630193
pas bien,630171
une solution,629958
encore que,629951
toujours le,629154
ont un,629100
très peu,629072
ses pensées,628720
sud de,628670
elle fut,628643
ses jambes,628395
au grand,628261
traité de,627952
des pratiques,627689
de près,627372
la Convention,627328
moi de,627254
le goût,627084
se présente,627084
je vis,626777
l' hiver,626663
de questions,626533
de mer,626498
le vide,626365
à parler,626297
membre de,626269
met à,626097
partir d',626039
si elles,625831
ont des,625725
l' exception,625544
au loin,625535
ma fille,625087
encore le,624991
auteur de,624963
et pourquoi,624747
compte des,624403
la réflexion,624205
un très,623960
avec qui,623886
la pierre,623768
par lui,623730
qui venait,623728
l' animal,623708
théorie de,623678
se trouvaient,623355
depuis les,623320
hommes qui,623314
éléments de,623255
chacun des,623067
relation avec,622646
durant la,622354
la perspective,622299
des risques,622221
et sont,622145
se laisser,622080
de cela,621971
les larmes,621808
leur propre,621665
ni les,621505
de liberté,621421
une simple,621417
mon cher,621315
en disant,621294
ni le,621221
la chute,621166
vous aurez,621114
long du,620854
devant un,620773
aucun doute,620735
en Allemagne,620523
a mis,620362
et alors,620335
le deuxième,620252
ainsi de,620121
le dossier,619595
se retrouve,619436
à Saint,619318
des individus,619131
alors à,619045
des grandes,618977
ma femme,618957
partir des,618259
sans être,618199
de longues,618022
homme à,617932
pendant des,617901
plus près,617776
nous les,617758
l' aspect,617482
une ou,617447
est sans,617417
l' hypothèse,617245
un sujet,617101
des situations,616968
art de,616873
obligé de,616861
le moyen,615971
en regardant,615889
la masse,615562
ai pas,615197
si cela,615139
à croire,615112
aussi l',614858
elle d',614793
essayé de,614721
un effet,614553
sentiment d',614541
des prix,614489
retour de,613909
pied de,613763
à penser,613281
ni la,613208
pris la,613091
ton père,613061
nulle part,612841
l' accord,612809
entrée de,612768
en quoi,612693
apprendre à,612677
les animaux,612305
de côté,612297
est si,612276
à ton,612174
la nation,611959
l' atmosphère,611803
arriver à,611784
des acteurs,611605
un service,611596
jamais de,611161
la marque,610968
analyse de,610546
à Londres,610354
un bruit,610256
part des,610164
d' études,609647
nécessaire de,609400
encore en,609302
avait besoin,608890
est arrivé,608305
compte tenu,608131
une décision,608101
une chambre,608098
en soit,607978
tout se,607785
six mois,607541
le présent,607227
de peur,607143
quant au,606675
un message,606592
président du,606578
rapport aux,606375
le garçon,606306
par deux,606288
du feu,606274
le courage,606207
le souffle,605790
un vieux,605694
la Société,605389
et enfin,605247
nature de,605150
soit pas,604823
sorte d',604622
une même,604561
ni à,604528
voir avec,604492
l' Université,604464
telles que,604374
la formule,604142
gestion de,603539
était d',603491
eu une,603487
on veut,603376
avait la,603204
obligation de,602929
plus belle,602652
sera pas,602610
faute de,602588
sein du,602480
du territoire,602296
morceau de,602208
du cœur,602040
avoir de,601854
tu en,601547
avoir à,601371
venait d',601328
de Rome,601148
ou pas,600934
a permis,600808
dépit de,600670
plaisir de,600472
elle doit,600450
une valeur,600342
la poitrine,600295
avec nous,600195
quand l',600092
millions d',599984
été un,599972
la vitesse,599853
un silence,599801
à quatre,599596
des parties,599541
les mesures,599313
les nouvelles,599228
le montant,599133
prendre des,598960
eu la,598711
une politique,598608
lui demanda,598385
au sommet,598218
de revenir,597763
du sol,597758
directeur de,597667
donner à,597585
nécessaire pour,597573
rapport avec,597474
avait vu,597384
tel que,597281
en compagnie,597151
était là,596819
en vertu,596736
mais avec,596655
son dos,596628
Mme de,596605
les risques,596526
quelque peu,596515
des actes,596511
l' opposition,596404
une voiture,596360
la Russie,596152
la peinture,595878
à autre,595465
ces gens,595439
eau et,594950
mais quand,594851
preuve de,594640
en conséquence,594597
amour de,594111
route de,594031
des textes,593891
il avec,593848
le seuil,593404
nom d',593301
la participation,593016
un lien,592857
mais également,592822
début des,592284
un nouvel,592209
un à,592145
ne sommes,591921
l' appel,591733
son épaule,591404
que mes,591387
une étude,591286
que quelques,590952
se passait,590944
du nom,590782
l' envie,590607
services de,590355
tout seul,590300
un texte,589984
de valeur,589610
je connais,589592
lui demander,589466
l' indépendance,589305
et mes,589264
bureau de,589194
le programme,589049
mais tout,588972
mains de,588847
tu dois,588825
tenté de,588795
d' accueil,588487
des difficultés,588430
les raisons,588251
sous ses,588216
en vous,588163
il vit,588137
est ainsi,588050
qui sera,587989
une espèce,587903
les images,587734
un exemple,587588
alors je,587542
la critique,587165
avec mon,587136
peut faire,587084
l' as,587029
eu de,586947
le troisième,586923
exercice de,586854
mal de,586800
une expérience,586772
le fonctionnement,586750
capacité à,586596
moyen d',586508
les objets,586462
sortie de,586394
de retrouver,586232
trouver une,586226
la disparition,586045
repose sur,585921
une approche,585890
les individus,585700
moi je,585635
la terrasse,585632
fait à,584239
des amis,584190
puis la,584036
le statut,583949
toi et,583898
en sa,583763
a tout,583687
alors de,583606
sa petite,583539
en moins,583501
du petit,583450
une porte,583321
les paroles,582999
et y,582976
trois fois,582943
la tâche,582939
pas vous,582556
était trop,582406
le Grand,582302
de tels,582150
est difficile,582014
un droit,581655
les villes,581173
qui devait,581058
on parle,580726
chance de,580562
la doctrine,580248
le journal,580223
y aller,580215
la mode,580135
ou sur,579965
Cliquez ici,579853
en voyant,579498
le commerce,579370
qui veut,579207
le chapitre,579021
un ordre,578879
soit la,578701
cours du,578588
une force,578444
devant moi,578438
autour des,578329
sait pas,578121
je trouve,578121
prendre une,577874
femmes et,577731
les circonstances,577239
ma main,577048
existence d',576869
ne leur,576691
le changement,576674
monde entier,576572
de mots,576144
d' entreprise,575946
pourquoi il,575787
que celles,575575
construction de,575496
les eaux,575245
à distance,574861
d' honneur,574832
encore la,574805
soumis à,574802
alors le,574794
la boîte,574721
la démarche,574350
compagnie de,574218
à proximité,574118
importance de,573898
était toujours,573787
sa maison,573689
mot de,573664
elle savait,573641
à voix,573477
jamais vu,573308
se serait,573227
des liens,573125
de vente,572920
les livres,572833
la face,572747
la réforme,572705
en commun,572574
une vieille,572573
qui te,572293
espace de,572176
les pratiques,572157
vis de,572053
ces trois,572023
l' évaluation,571920
on me,571884
était l',571688
du personnel,571514
ainsi le,571497
à vos,571258
la compagnie,571092
un type,570900
tu crois,570891
de grande,570826
une forte,570662
dès la,570648
les difficultés,570533
ainsi la,570475
savoir ce,570425
bien et,570266
son sac,570200
au temps,570198
enfants et,569889
des milliers,569814
le parc,569717
les soldats,569361
que certains,569266
dit de,569173
passant par,568589
vous serez,568394
le théâtre,568360
son premier,568272
du coup,568074
elle devait,567909
prit la,567593
dans d',567510
en état,567413
pris en,567360
l' aube,567303
confiance en,567105
expérience de,566987
le numéro,566982
l' assemblée,566954
la planète,566874
de services,566866
plus proche,566728
à donner,566685
cette affaire,566507
est devenue,566248
la nourriture,566233
recherche d',566218
homme est,566191
le patient,566026
et est,565897
en être,565704
du soir,565509
odeur de,565428
quelle est,565083
le téléphone,564765
le film,564628
la machine,564488
l' épreuve,564377
son âme,564207
elle avec,563822
cadre d',563817
la faire,563802
en main,563743
Editions Page,563665
car ils,563455
la limite,563126
bruit de,563103
ne rien,563080
de fois,563076
d' air,562877
elle la,562763
mètres de,562744
les besoins,562603
mesure que,562332
accord avec,562262
au cas,562115
a commencé,562003
production de,561907
respect de,561868
rendre à,561861
qui donne,561736
des premiers,561723
création d',561607
comte de,561469
sociale et,561296
sept ans,560924
rien que,560723
que rien,560578
ne savais,560445
tu fais,560435
par leurs,560165
poste de,559954
direction du,559556
un soupir,559542
les dents,559008
au moyen,558979
pas possible,558876
tout va,558606
dit la,558591
taux d',558578
les points,558393
l' adresse,558333
je croyais,558170
des comptes,557916
pour ceux,557891
statut de,557701
sans aucun,557677
la somme,557666
les dispositions,557553
son épouse,557510
plusieurs reprises,557489
l' apparition,557270
le conseil,557168
en principe,556957
toute cette,556637
du régime,556617
concept de,556272
Dieu et,556206
en colère,556198
l' égalité,556194
air d',556177
l' aurait,556164
plus encore,556051
protection de,556013
l' examen,555841
l' efficacité,555711
fois dans,555662
réponse à,555396
huit ans,555376
une dernière,555322
attention à,555279
considérée comme,555009
des matières,554984
la ferme,554916
son rôle,554815
sa poche,554809
décision de,554309
me voir,554228
la gloire,554191
quatre ans,553789
sont aussi,553775
d' appel,553475
des temps,553353
ne pourra,553058
avoir fait,552905
un contexte,552825
suis un,552789
du sens,552776
chez eux,552680
on la,552652
le succès,552636
se font,552610
la bibliothèque,552556
toi qui,552550
on retrouve,552526
d' agir,552517
du père,552469
le message,552363
de reprendre,552226
devant elle,552148
être l',552136
capables de,551699
fonction des,551127
pas question,551099
tente de,550939
une vraie,550909
la circulation,550856
avec d',550588
sans un,550560
va se,550366
celui que,550307
d' elles,550172
raison pour,550144
autre de,550083
de couleur,550042
il pouvait,549910
son cou,549877
son grand,549837
pas même,549602
ne pouvaient,549384
sans l',549107
l' Angleterre,548958
du nombre,548925
plus grands,548826
l' attitude,548612
un soir,548496
doit se,548356
une expression,548348
place des,548261
un contrat,548227
alors il,548051
cela se,547955
à moitié,547815
avait bien,547742
la perception,547640
je serais,547619
en valeur,547476
des élèves,547293
du secteur,547191
cela me,546968
la difficulté,546688
des livres,546523
l' accueil,546280
du langage,546278
au travers,546202
une minute,545896
parlé de,545823
des projets,545743
courant de,545615
d' apprendre,545593
d' activité,545363
tas de,545202
te faire,545189
le train,544977
le port,544870
pas envie,544740
tout était,544534
ne comprends,544398
de six,544167
de soleil,543998
vous et,543961
à Rome,543865
l' enfance,543797
des institutions,543790
à chacun,543151
place du,543145
la sensation,543030
le bas,542888
même d',542877
en Italie,542877
pendant une,542792
l' aider,542507
en riant,542486
un jeu,542469
les traits,542453
ne voulais,542087
pour comprendre,542029
référence à,541808
trois mois,541803
moitié de,541753
la personnalité,541748
des êtres,541726
l' événement,541700
guerre de,541672
y sont,541611
être aussi,541563
visant à,541266
à personne,541254
une salle,541216
encore moins,541167
cette année,540992
plus facile,540919
de connaître,540844
le recours,540831
une carte,540647
le professeur,540414
ma chambre,540330
le sourire,540177
son œuvre,540140
position de,539826
haussa les,539734
mais bien,539605
côté d',539376
des politiques,539348
pour mettre,539298
ce même,539177
la saison,539083
a priori,538927
mais surtout,538840
l' offre,538723
sont le,538585
ses épaules,538524
seulement de,538415
si cette,538404
intérêt de,538217
comme tu,538080
par tous,538066
la jurisprudence,538005
vous étiez,537887
du conseil,537860
la marche,537856
ou plus,537719
se rendit,537677
puis se,537667
sont souvent,537649
ci est,537583
qui vont,537511
sont d',537387
cesse de,537382
liés à,537237
a d',536963
une journée,536947
les actes,536873
des cours,536696
en Angleterre,536608
des animaux,536373
les actions,536357
l' Histoire,536353
jeunes gens,536120
ce mot,535768
cette ville,535601
problèmes de,535432
toujours la,535323
la passion,535301
les ressources,535205
reste du,535205
évolution de,534698
se lève,534660
une œuvre,534402
usage de,534401
étant donné,534383
ceux que,534234
à bout,534148
des opérations,533754
les prix,533700
un caractère,533691
main dans,533664
avons vu,533648
donc un,533565
pas aussi,533491
utilisation de,533403
ne faisait,532670
puis je,532612
la technique,532605
du jeune,532525
du président,532431
d' accès,531869
la morale,531830
je leur,531759
eau de,531674
est important,531420
eu lieu,531411
la stratégie,531408
le contraire,531402
de saint,530903
en sorte,530613
risque d',530578
vous les,530577
dès l',530463
l' interprétation,530401
on vous,530135
pour savoir,530110
celle que,530031
le signe,529919
l' effort,529816
du mois,529508
de lire,529420
le parti,529377
la haine,529373
les liens,529345
dire la,529340
par hasard,529256
des jours,529250
grâce aux,529015
effets de,528733
je prends,528634
prêts à,528305
en grande,528302
des siècles,528159
se pose,528048
car l',527959
se retrouver,527834
du commerce,527778
le produit,527719
à condition,527651
les petites,527506
derrière les,527459
soit à,527424
a rien,527366
équipe de,527309
moitié du,527179
même une,527169
société de,527154
ainsi à,527067
le paysage,526958
action de,526912
histoire et,526904
se faisait,526808
vient d',526670
son existence,526665
l' Italie,526557
aide à,526527
pendant ce,526516
dessus du,526205
pris le,525957
type d',525839
ça se,525741
du château,525513
l' Homme,525401
pour chaque,525369
les mouvements,525260
sans rien,524942
du mardi,524937
pleine de,524794
pour rien,524782
possibilité d',524759
ce nom,524744
d' écrire,524658
lié à,524597
plus longtemps,524558
pas beaucoup,524510
les termes,524485
les chambres,524432
avec leur,524388
le comportement,524379
cessé de,524353
son histoire,524295
convient de,524293
les groupes,524240
contre son,524012
le Seigneur,523989
en permanence,523976
la grâce,523847
toujours plus,523705
hors du,523646
une analyse,523537
de transport,523463
je fus,523403
donc la,523288
en d',523268
deux mois,523253
parler à,523119
facile de,523096
nature et,522692
servir de,522617
devant une,522545
poussa un,522538
donc une,522530
ne devait,522333
et parfois,522284
niveau des,522284
du fond,522259
un chemin,522245
le voyage,522101
a deux,522083
l' Esprit,522006
avoir le,521848
de haut,521848
trouve dans,521843
se trouver,521803
l' exploitation,521802
des systèmes,521691
et ainsi,521261
à jamais,521251
en anglais,521178
trente ans,521141
à y,520986
qui serait,520875
de suivre,520853
la Bible,520797
jours plus,520664
de perdre,520408
de fleurs,520267
modes de,520256
son attention,520246
fil des,520137
vous voyez,520105
du haut,520075
comprendre que,519993
puis de,519939
fur et,519786
ville et,519343
la richesse,519264
vois pas,519094
du chef,518994
pas grand,518845
soit en,518778
de gauche,518665
sort de,518541
les dernières,518517
en parler,518487
fin d',518487
au développement,518330
l' artiste,518146
quantité de,518138
la compréhension,518121
et faire,517821
concernant les,517679
comme moi,517594
côté des,517551
en contact,517296
de musique,517290
qui sait,516949
bien en,516784
alors la,516745
elle va,516537
fais pas,516492
dirigea vers,516239
pays d',516093
les nouveaux,515791
de constater,515746
et fait,515694
raisons de,515673
jamais eu,515634
en trois,515579
l' agriculture,515518
de rentrer,515432
donc le,515422
l' entretien,515283
si ça,515073
au fur,515051
les intérêts,514661
tête en,514611
te le,514583
toujours un,514245
pour ces,514202
organisation de,514158
ta mère,514149
le sort,514079
au titre,513815
fondée sur,513482
quelques semaines,513472
ce travail,513463
développement des,513460
si peu,513396
plus forte,513318
l' institution,513310
au passage,513293
il semblait,513110
juste à,512925
école de,512822
que nos,512783
en relation,512631
de changer,512616
sous sa,512379
se demander,512374
si une,512250
sur votre,512161
des points,511983
elle fait,511846
des coups,511722
lien avec,511686
aussi pour,511655
des lettres,511506
à temps,511448
auprès du,511366
la traduction,511148
en ces,510974
amour et,510865
va de,510807
famille de,510621
encore des,510617
était dans,510401
aussi dans,510200
ne pouvons,509651
en cette,509440
il que,509352
vu le,509328
vous faites,509291
contre un,509113
la résistance,508989
te plaît,508967
ne pense,508891
la conduite,508667
l' impact,508501
savait pas,508412
des populations,508258
appris à,508223
de cassation,508210
milieu d',507925
nombre des,507892
mes amis,507827
en vérité,507777
l' arbre,507762
vous à,507716
nous savons,507693
dans chaque,507658
est impossible,507628
le château,507357
un article,507251
les familles,507196
les armes,506977
des œuvres,506781
sa première,506772
hôtel de,506759
dizaine de,506589
que toute,506484
mains sur,506421
cet égard,506338
donner des,506219
l' an,506152
comme cela,506134
l' espèce,506109
leva les,506092
il veut,506067
de croire,506062
l' océan,506013
d' homme,505984
une loi,505772
fond du,505761
on était,505702
homme d',505652
me dis,505632
le pire,505587
la photo,505527
un café,505437
le manque,505400
au ciel,505225
telle que,504813
une affaire,504695
groupes de,504687
vie des,504416
des villes,504314
le roman,504197
a lieu,504000
que toutes,503975
à te,503931
plus difficile,503801
une raison,503720
honneur de,503700
peine à,503565
un changement,503557
les unes,503495
plus jeune,503463
de qui,503436
chercher à,503373
la température,503344
arrivé à,503321
le camp,503308
et toutes,503214
des pouvoirs,503195
ou que,503192
qui faisait,502936
de douleur,502625
une erreur,502596
fut pas,502523
l' huile,502449
la médecine,502290
pour ma,501865
la civilisation,501854
vue d',501596
l' accent,501496
analyse des,501483
vous plaît,501428
d' importance,501393
porte et,501333
français et,501193
toujours de,501040
d' entendre,500894
liées à,500730
passer à,500574
la composition,500143
entre ces,500120
la tension,500041
vie en,499908
mardi au,499843
plus l',499785
le bord,499777
ne jamais,499747
pourquoi pas,499648
même du,499633
sa voiture,499369
un garçon,499262
pour donner,499097
tenir compte,499025
habitants de,498904
le mien,498888
du terme,498830
en danger,498759
à suivre,498464
se sentir,498192
condition de,498114
ils peuvent,498018
veux que,497825
pour trouver,497587
des arbres,497340
sein des,497277
peut avoir,497165
un et,497137
en somme,497059
de garder,497056
sûr de,497029
les principaux,497023
quelques mots,496936
porte d',496895
nous ont,496471
tu avais,496214
aide d',496004
à cela,495961
à jouer,495910
plus bas,495854
l' alcool,495842
un niveau,495766
cette maison,495733
la princesse,495661
le couple,495575
une position,495508
reste à,495468
sont donc,495467
la pauvreté,495204
hauteur de,495181
le cou,495037
les modalités,494951
les lettres,494600
la prison,494572
les institutions,494399
part et,494207
de fruits,494168
ce chapitre,493907
d' arriver,493843
le biais,493814
a beaucoup,493755
peu importe,493683
actes de,493666
pas aux,493642
château de,493526
différence entre,493435
de chambre,493202
ce texte,493041
de défense,492938
mon esprit,492937
l' Amérique,492928
jour et,492921
le sommeil,492905
les Allemands,492813
noir et,492672
du processus,492601
un morceau,492503
de Pierre,492403
l' Est,492210
peut plus,492182
le pied,492170
l' engagement,492031
selon laquelle,492012
des compétences,492004
moins en,491955
lui donne,491906
l' angle,491697
non sans,491689
l' avez,491634
les médias,491487
et voilà,491451
du plus,491219
de sable,490915
sont bien,490886
de mourir,490807
il arrive,490673
de réponse,490623
les pouvoirs,490544
aux deux,490476
état et,490222
que faire,490007
le son,489883
de porter,489880
l' initiative,489814
fut un,489750
pour toutes,489735
cet état,489577
d' armes,489487
est pour,489394
avait à,489379
les détails,488980
a du,488949
sa langue,488936
la section,488918
l' empire,488749
y ait,488716
le cerveau,488509
après ce,488485
à force,488484
de classe,488478
lui parler,488178
politiques et,488091
dans lesquelles,488087
la clé,488081
l' évidence,488057
lorsque nous,488025
la publication,487953
avec laquelle,487880
époque où,487828
deux mains,487762
qui allait,487761
lui dis,487525
ceux des,487467
donc que,487449
de bons,487398
bien les,487285
quatre heures,487220
la quantité,486929
lui un,486827
verre de,486788
dizaines de,486721
son amie,486714
le bois,486644
si l,486465
ce lieu,486456
à même,486022
code civil,485980
la compétence,485904
quelle que,485892
avant même,485887
d' utiliser,485831
ont eu,485818
on nous,485775
ou plusieurs,485522
après son,485394
une vingtaine,485203
elles étaient,485043
plus un,484930
changer de,484800
tenu de,484755
la folie,484560
un baiser,484289
à bien,484055
fois plus,484037
du siècle,483921
de Marie,483901
fois à,483765
nous faire,483572
de vouloir,483344
à celles,483254
de soins,483198
de dollars,483082
se demanda,483042
jeunes filles,482886
décide de,482741
ensemble du,482678
son front,482304
comprends pas,482121
auprès d',481949
la faute,481882
sont toujours,481877
numéro de,481509
le nord,481501
la piste,481303
l' or,480940
ses côtés,480823
les études,480800
raison d',480503
le spectacle,480319
les esprits,480209
en sont,480200
au mieux,480195
son sourire,480166
son souffle,480131
delà des,480090
ce titre,479879
la prière,479780
d' emploi,479746
Moyen Âge,479675
elle voulait,479600
de multiples,479380
comme celle,479328
compris que,479178
des larmes,479168
les meilleurs,479073
les faire,479037
des centaines,478838
je préfère,478747
question du,478737
peut dire,478332
la réaction,478119
pour te,478072
le coût,478011
du quartier,477999
son retour,477978
cette petite,477730
ce domaine,477679
depuis un,477326
comme étant,477285
mains et,477204
ouvert tous,477075
manière à,477074
l' imagination,476910
mon mari,476837
XIXe siècle,476657
régime de,476614
de fond,476586
comme par,476536
de presse,476480
un fait,476373
comme celui,476339
l' échec,476284
la chasse,476269
la vraie,476120
du ministère,476066
du parti,476027
l' Éternel,476016
des titres,475986
bien l',475888
pas forcément,475794
les fonctions,475771
au texte,475724
comment il,475713
les articles,475670
tout juste,475590
la Chambre,475514
à cheval,475507
degré de,475407
le froid,475394
cette même,475069
la proposition,474974
un accord,474890
suffit de,474687
famille et,474632
lui faisait,474564
destiné à,474502
et notamment,474499
du bon,474444
ils le,474332
encore dans,474158
une fonction,474126
mais comment,473997
mission de,473836
elle dit,473770
concernant la,473753
puis à,473732
des intérêts,473628
un film,473618
pas vu,473605
à tour,473428
intérieur du,473397
ne dit,473378
être des,473201
son état,473169
ou d,472834
ici et,472821
derrière elle,472591
voulais pas,472238
un terme,472209
les décisions,472207
les temps,472204
la tour,472202
longtemps que,471960
le thème,471845
de Mme,471627
peu après,471573
les régions,471568
ma part,471304
des eaux,471149
l' apprentissage,471100
du lac,470833
objectif de,470801
il sait,470778
elle eut,470695
l' aéroport,470664
fin à,470567
les peuples,470485
heureux de,470392
au jour,470375
constitue une,470278
de croissance,470160
si longtemps,469931
à jour,469897
village de,469757
peuvent se,469743
de voyage,469710
un tour,469675
ils l',469575
nous est,469566
enfant de,469559
l' issue,469394
sens du,469354
aller au,469286
à mort,469210
une grosse,469148
un programme,468778
le futur,468682
l' émotion,468550
constitue un,468473
de réaliser,468359
étaient en,468325
de colère,468320
l' agent,468252
le personnel,468234
suppose que,468182
se redressa,468144
un État,468074
de construction,467963
profiter de,467923
avoir la,467681
le vrai,467537
l' École,467393
comme ils,467235
au vendredi,467096
quoi il,466886
l' Ouest,466883
un quart,466748
qui l,466680
ouvrit la,466565
le fruit,466504
demande à,466494
le style,466270
où tu,466238
la distinction,466113
le repas,466026
de regarder,465976
programme de,465949
de marché,465902
la crainte,465874
nous vous,465775
l' écrivain,465584
du public,465504
en pratique,465500
ça que,465471
la description,465360
la viande,465313
souvent à,465297
la banque,464954
parvenir à,464947
sommet de,464838
des familles,464830
pas comment,464820
leurs enfants,464744
puis les,464386
naissance de,464352
d' Europe,464329
grâce au,464251
mon petit,464213
au lit,464008
plaisir à,463988
la phrase,463960
à défaut,463885
était aussi,463819
du principe,463679
assis sur,463671
le tribunal,463667
les coups,463574
les biens,463438
frais de,463205
tour à,463158
porte du,463061
l' islam,463050
que ne,462789
ces hommes,462771
te dire,462709
ma famille,462618
de non,462610
cette façon,462413
des dispositions,462316
comme son,462288
les cinq,462240
de taille,462167
des principes,462058
d' application,462038
des terres,462015
l' ambiance,461969
se montrer,461944
un dernier,461935
les objectifs,461819
ou si,461635
le sud,461597
que non,461572
protection des,461543
l' intégration,461472
un esprit,461427
vie est,461360
se sentit,461358
ordre du,461318
la discussion,461242
d' aide,460869
sont également,460869
l' Espagne,460752
les pièces,460675
le Président,460594
œil à,460577
du nouveau,460242
la phase,460096
le ministère,460025
participer à,459957
la sagesse,459931
se rend,459806
d' Israël,459735
la portée,459580
plus importante,459379
a quelques,459303
à quelque,459209
eux aussi,459191
ils en,459187
un événement,459033
unité de,458831
les maisons,458789
la commune,458721
un réseau,458592
une plus,458461
point que,458352
tout entier,458038
des signes,458027
portant sur,458001
également de,457997
activités de,457966
des Nations,457941
sens que,457939
mémoire de,457796
cinq minutes,457726
cour d',457673
et dit,457575
là encore,457481
une source,457439
des peuples,457296
le poète,457287
la disposition,457244
se poser,457238
chez un,457213
sa robe,457122
de Charles,457040
cela que,457035
la réception,456911
possible d',456900
de place,456753
l' herbe,456630
que sont,456398
heures et,456357
de loi,456335
demandé de,456109
augmentation de,456024
de lecture,456000
les cours,455711
ne semble,455683
quelques pas,455360
une époque,455319
du royaume,455256
des armes,455133
lieux de,454943
d' avance,454823
un large,454816
de pain,454453
de bonheur,454301
tout près,454209
produits de,454102
doute pas,454056
le vin,453966
au hasard,453954
la longue,453913
table des,453836
même l',453826
quinze ans,453784
quel que,453732
la séparation,453686
avait pu,453559
avec ces,453485
la prochaine,453219
un pouvoir,453199
de café,453132
de recevoir,453012
le contact,452934
le canapé,452861
les journaux,452724
carte de,452477
un individu,452424
minutes plus,452422
non loin,452332
comment les,452299
que chacun,452219
ses membres,452214
échapper à,452200
cela fait,452029
est assez,451955
le bébé,451844
notre vie,451723
de pensée,451712
par semaine,451657
le commissaire,451611
premier temps,451486
relatives à,451409
passer la,451383
se laissa,451336
les zones,451324
et votre,451291
l' étage,451278
après que,451248
ans après,451235
la préparation,451221
lui demande,451217
continue à,451216
matière d',451084
l' avantage,451008
des objectifs,450983
savais pas,450954
il paraît,450741
l' essence,450467
et toute,450432
vue sur,450408
créer un,450173
depuis quelques,450086
le dit,449898
durant les,449800
demander à,449789
comment le,449577
droit des,449550
en dessous,449546
également à,449368
pratique de,449178
l' employeur,449165
une langue,449157
la joue,449136
peu trop,449122
des fonctions,448987
donne à,448933
peut en,448681
vous qui,448680
le débat,448643
celles des,448586
seul à,448563
à lire,448471
cela lui,448373
cas des,448359
était au,448334
seulement à,448158
pour atteindre,448139
les anciens,448012
son pays,447929
du mot,447911
des mois,447661
un léger,447543
des marchés,447528
et ont,447520
d' assurer,447470
la radio,447424
la réunion,447418
l' angoisse,447327
a en,447309
inutile de,447229
elle nous,447158
des conséquences,446989
pas dit,446848
ils vont,446848
absence d',446836
la transformation,446826
les êtres,446739
son maître,446703
se lever,446674
du milieu,446578
des mouvements,446521
les couleurs,446513
entrée en,446459
pas sa,446331
sur deux,446047
la rive,445928
jusque dans,445913
époque de,445876
l' élaboration,445763
un bien,445730
des pièces,445683
bien ce,445150
les garçons,445046
le choc,444977
toujours dans,444753
son ventre,444541
trouver des,444461
facile à,444401
pas d,444392
défaut de,444072
ça a,444069
eu des,443975
sans même,443850
un second,443822
moins une,443527
niveau du,443492
du lieu,443401
la version,443399
comme tout,443397
une réalité,443214
à mi,443113
une foule,443094
une meilleure,443072
se voit,443023
me rappelle,442879
principes de,442850
pense à,442702
les populations,442672
tel un,442534
en Amérique,442527
d' ouvrir,442505
histoire d',442432
vendredi de,442364
la conclusion,442317
d' établir,442248
une démarche,442241
mettre au,442132
monde des,442087
bon sang,442015
assurer la,441979
Afrique du,441956
lutter contre,441952
elle y,441924
un discours,441761
les corps,441723
la totalité,441579
des pieds,441481
aux pieds,441457
elle allait,441221
île de,441185
portée de,441105
concerne les,441072
fonds de,440903
faire en,440874
la Maison,440853
du mariage,440761
mois plus,440732
long des,440685
à demi,440596
plus simple,440531
qui semble,440514
salle à,440146
un tableau,440092
l' unique,439971
dit l',439888
être dans,439809
d' expression,439704
gouvernement de,439662
région de,439492
de Noël,439466
d' analyse,439452
le combat,439280
un visage,439171
plusieurs années,439119
l' immeuble,439108
soit par,439079
dans certaines,439013
encore et,438967
en prison,438890
genre d',438857
en rien,438844
plus dans,438788
de crédit,438742
non de,438681
l' émergence,438662
une organisation,438625
façon à,438594
puissance de,438305
de pied,438266
goût de,438086
une chaise,438009
l' Académie,437855
ne font,437835
des décisions,437609
vu que,437605
dis que,437565
vers son,437515
autant d',437471
arrivée de,437460
mais des,437296
comment ça,437147
mais pourquoi,437124
par voie,436980
un effort,436934
des sujets,436878
sur notre,436753
voir ce,436715
après sa,436648
de cœur,436616
cœur du,436589
que plus,436575
pouvait se,436481
relations entre,436365
du domaine,436316
d' emblée,436092
droit et,436039
mais sa,435977
eux et,435959
voilà ce,435939
le principal,435891
laquelle le,435852
la convention,435750
de reconnaissance,435612
des articles,435471
peut donc,435439
il pourrait,435249
égard des,435192
de choisir,435065
une pause,434657
ci ne,434624
un rire,434498
soit un,434470
ait été,434448
du bout,434228
de traitement,434143
un couple,434076
passage de,434015
par d',433992
du général,433935
de poursuivre,433678
de continuer,433672
effet d',433640
tout pour,433577
relative à,433469
intérêt à,433382
esprit et,433376
ses forces,433283
University Press,433245
le personnage,433207
la menace,433190
de ça,433160
les œuvres,433111
le sait,432692
vie d',432687
lorsque vous,432671
en guise,432653
de chance,432439
vais vous,432299
la province,432286
port de,432104
le réseau,431893
main à,431796
va être,431607
les documents,431606
pas pourquoi,431604
de femme,431586
relations avec,431427
pensée de,431407
issue de,431325
cause des,431306
les chefs,431240
part du,431161
les marchés,431044
la signification,430932
essentiel de,430744
la magie,430672
cela peut,430657
délai de,430613
une liste,430607
nécessaires pour,430511
vous trouverez,430270
un passage,430262
chacune des,430114
ne parle,430106
de larmes,429837
