ngram,freq
of the,1746034516
in the,1126073086
to the,691479125
on the,478338333
and the,458356999
to be,339823365
for the,331497583
at the,297072876
from the,292096750
with the,280004707
of a,272341796
in a,262673315
it is,260532198
by the,245114457
it was,242819588
that the,239267624
as a,210009592
do not,208238506
did not,189707027
is a,173172313
with a,172195772
he was,165151440
is the,158684175
as the,155900784
for a,148472592
can be,137795460
the same,136452775
is not,129706294
into the,129091280
to a,128884425
was a,126807445
it 's,121035592
one of,118629507
of his,115219256
I was,113064749
in this,112094069
I 'm,111638971
have been,111420949
was not,111360466
the first,111244722
had been,108357102
out of,107336419
and a,106832191
and I,105589183
he had,105506150
et al,102681988
of this,99759563
she was,99564665
can not,99295923
there is,99213056
such as,98653699
this is,97900909
would be,93616008
in his,91205507
may be,90202200
all the,88500336
the other,87727002
does not,86982086
will be,85649314
not be,84461401
that is,83164330
on a,83062897
has been,83019573
was the,82642029
to do,81747060
that he,81072726
there was,81056879
if you,80339245
they were,79004449
I do,77942924
I have,77606186
could not,76678643
through the,76591125
the most,76478610
as well,75770531
about the,75460252
part of,74072904
and then,73537682
they are,73037285
number of,71434362
to make,70899040
going to,69686230
to have,69604737
you can,69321305
want to,68341839
of her,68294709
have to,67999044
should be,67319065
a few,67157817
over the,67084424
more than,66486791
have a,66377551
there are,66314886
when the,65393832
of their,65293384
to get,64514666
in which,64502760
and he,64137267
she had,64126499
the world,63625061
by a,62788276
New York,62754489
I am,62433665
that it,62177139
you 're,62055792
I had,61970947
as he,61708507
for example,61690815
but the,61025064
need to,60875127
that I,60825051
if the,60795236
be a,59618747
of these,59320407
and that,59314018
to see,59147537
that 's,58136229
the time,57891311
but I,57880249
he said,57376285
you are,57261232
able to,57117571
I can,56573188
between the,56090026
are not,56016701
we have,54486963
of an,53852258
to her,53836478
that they,53698705
during the,53597040
well as,53477849
would not,53231015
you have,53203599
at least,52965612
and in,52697644
not have,52664109
which is,52573819
to his,52449134
the way,52243572
is to,52060741
would have,51784870
and to,51597505
based on,51224403
is that,51103724
had to,51063311
back to,50717648
had a,50444674
the two,50433549
the following,50382543
and it,50069640
that was,49870083
of them,49838744
must be,49467920
do you,49017735
from a,48839941
like a,48808625
but it,48643227
he 'd,48496929
a little,48265266
when he,47692385
I could,47573097
in her,47527489
and his,47516915
used to,47484851
up to,47469218
at a,47250552
use of,46801165
according to,46786465
some of,46602299
in their,46357891
not know,45665714
to take,45601348
into a,45528788
will not,45096918
he could,44854458
United States,44750031
of my,44528594
had not,44509221
a new,44431531
under the,44058973
could be,44044896
we can,43897507
the United,43833070
of course,43707993
to me,43667735
the end,43562707
I did,43533352
to go,43484567
we are,43482050
due to,43299757
the next,43298766
after the,43156208
when I,42899040
I 'll,42851888
in order,42731369
that you,42717284
of all,42338060
it would,42048990
such a,42010330
as if,41718334
end of,41504621
not to,41343458
on his,41080972
what is,40958701
in an,40933836
that she,40927878
the last,40760675
as an,40668671
within the,40255001
in my,40222225
all of,40155794
she 'd,39920210
a good,39902321
which the,39901425
and she,39616201
as I,39428086
is an,39390679
as she,39331061
the door,39320199
order to,39183248
so that,38820815
he did,38649779
I 've,38335879
wanted to,38317110
rather than,38162430
are the,38122705
he would,37963836
that we,37926846
kind of,37758798
he is,37754622
to him,37747303
you know,37702439
I will,37687757
and other,37676543
that are,37656973
the right,37606824
she said,37601620
but he,37344361
you do,37266501
I think,36973075
be the,36925207
they had,36886500
up the,36883477
with his,36872935
where the,36618020
or the,36506955
as they,36487323
than the,36457611
not a,36378507
he 's,36181432
the only,36171292
I would,35990343
because of,35825501
as it,35739659
not only,35576835
against the,35532751
I know,35461748
this was,35339287
I 'd,35264551
of it,35258314
you will,35236227
and they,35048794
if he,34873745
of its,34869450
the case,34829874
of our,34702293
to say,34663731
him to,34541860
there were,34494563
the second,34367230
trying to,34212907
me to,34007828
that a,33752508
she could,33621708
the best,33522757
with her,33438587
if I,33398009
to find,33383921
how to,32732061
are you,32637285
Journal of,32388855
not the,32109458
his own,32091117
around the,31973421
the new,31891989
way to,31827305
it to,31731646
who had,31633301
and their,31610547
University of,31480950
across the,31465713
the one,31436421
most of,31423512
was in,31350032
you to,31245358
each other,31200601
a man,31099980
is no,30811119
not want,30789884
their own,30658822
before the,30564338
those who,30505775
the whole,30484775
might be,30483451
on her,30308624
a lot,30085137
has a,29972244
the fact,29947689
them to,29939979
a small,29892045
when you,29764722
the man,29630431
if it,29434248
of that,29385442
associated with,29382517
away from,29368865
we were,29173875
a long,29159805
to their,29122963
have the,29104986
in fact,29042373
to keep,28979923
of your,28947501
down the,28839990
to this,28835721
at all,28811778
a very,28774132
were not,28693320
University Press,28578796
to know,28400849
that there,28400110
what I,28377529
time to,28343299
in that,28104158
and its,28100914
is also,28044374
his head,27987841
and so,27957571
and you,27933436
was to,27904096
with an,27859746
it has,27731808
fact that,27665103
like the,27644675
or a,27618679
up and,27539807
the number,27495581
there 's,27492313
when they,27339922
when she,27288182
form of,27287374
began to,27200837
the house,26941905
in addition,26891488
for this,26861061
and we,26834926
I said,26749103
they have,26609453
out the,26591736
if they,26511743
to give,26414540
to use,26366221
it had,26314440
and was,26024448
at her,26022613
as we,25966457
no one,25939737
side of,25929303
be used,25898422
sense of,25862620
is in,25808896
and is,25725009
a large,25708119
a great,25616234
the room,25593449
for her,25504799
tried to,25453730
to help,25392168
she did,25319673
of what,25272748
that this,25224341
the people,25088927
as to,25070916
which was,25039284
look at,25026650
of which,24972816
you want,24959114
the use,24848999
a single,24808059
enough to,24798560
terms of,24790551
to my,24709459
to you,24660996
come to,24617385
the main,24602362
to an,24600643
the rest,24597064
of those,24591024
was no,24490332
see the,24462471
it will,24435706
seemed to,24406034
the day,24370716
front of,24322367
his eyes,24210593
of God,24122493
while the,24084207
in its,23986376
if we,23908505
that of,23849325
who was,23845264
for you,23818857
in some,23723802
for me,23707521
a number,23675266
came to,23626134
but she,23500210
in your,23451494
off the,23447211
be able,23435846
so much,23410040
for his,23328318
from his,23287933
among the,23280574
in our,23255734
the city,23235849
and not,23215408
what you,23209481
may not,23072204
to work,23030879
what he,23028620
and her,23026275
but also,23001383
the more,22977372
development of,22948216
the old,22933185
looked at,22882275
he has,22827498
because the,22795063
her to,22791246
we 're,22788682
that would,22758364
the state,22722556
many of,22679849
to come,22615756
she would,22558108
go to,22505977
the past,22363985
in front,22289795
history of,22246012
she 's,22245132
along the,22236440
that had,22223103
and there,22192693
amount of,22151192
since the,22141404
I want,21924745
no longer,21876679
have not,21866468
we will,21787628
for all,21768445
I thought,21764520
it can,21729296
when we,21686558
a more,21676835
her eyes,21661966
case of,21615304
in all,21578603
in terms,21503057
just as,21401993
with him,21316757
this time,21238647
if she,21224016
you were,21191553
the ground,21166430
but not,21132207
type of,20981800
likely to,20949193
level of,20880060
who are,20874608
may have,20859086
when it,20850442
the back,20814385
related to,20781278
for an,20739130
and all,20727050
the process,20663394
of us,20623157
set of,20622356
know what,20612718
which are,20502700
so I,20498504
out to,20481512
used in,20457632
using the,20457417
her head,20423687
the country,20392163
what the,20371483
even if,20371383
upon the,20370730
been a,20369540
not even,20347421
and for,20345911
a moment,20322922
for their,20280679
the top,20278085
than a,20255103
you 'll,20248962
up in,20200026
had no,20192894
instead of,20176403
this book,20173732
as you,20123611
had the,20118081
in any,20115938
make a,20100183
this chapter,20096304
value of,20093539
in other,20077012
know that,19965916
they would,19941666
in one,19880781
what was,19873304
at this,19857228
about it,19818999
what 's,19801756
which he,19788434
because it,19742924
it in,19717003
lot of,19696834
that can,19689647
way of,19665784
nature of,19657700
us to,19637501
should not,19631651
see also,19602310
of any,19594356
for him,19555766
to tell,19542155
was an,19527189
to look,19501117
on this,19462571
we do,19437441
but they,19417419
lack of,19400139
the very,19385786
types of,19337332
and more,19295674
rest of,19237322
on their,19222406
shall be,19172536
they can,19158082
that in,19103596
toward the,19035805
on my,19022598
you think,19008885
try to,19000354
less than,18996239
same time,18986403
the idea,18976171
like to,18970589
you 've,18963764
as in,18925616
with their,18898179
then the,18837991
and how,18752324
ability to,18749631
to think,18710825
at him,18677029
or in,18659647
after a,18655326
and as,18651221
a way,18638797
of life,18589605
and when,18569612
went to,18564544
only a,18560060
the water,18545633
was going,18525416
needed to,18353035
use the,18348141
to them,18341644
said to,18311633
she is,18303083
not you,18260745
even though,18206884
must have,18190121
the table,18169719
and this,18155471
not been,18123582
range of,18094623
and of,18091374
did you,18070699
a bit,18023216
the body,18013972
and what,17988615
along with,17957104
analysis of,17953518
the early,17943397
to provide,17942553
was that,17926493
up with,17891318
could have,17858355
from her,17843763
we had,17828189
shown in,17826386
at his,17693068
a result,17687150
result of,17665506
right to,17649210
found in,17626285
the work,17618842
his hand,17580411
of time,17576490
was still,17555365
with me,17524989
his face,17514243
who is,17501050
down to,17450636
state of,17390683
the air,17383948
to that,17376236
until the,17374562
and with,17350699
him and,17342758
role of,17341575
they 're,17327727
of such,17325211
the question,17292913
what they,17289773
how the,17286446
is it,17261607
each of,17189540
of one,17188661
might have,17138618
and had,17130999
members of,17084301
to which,17083955
sort of,17056622
but that,17039655
it may,17013383
on to,17007887
the problem,16991913
the three,16981386
they could,16973430
effects of,16957614
and even,16926365
let 's,16850290
the public,16849708
study of,16804669
the night,16780775
the future,16761690
because they,16679987
not think,16667244
the development,16653299
and if,16645508
as much,16635834
to meet,16619696
seems to,16617027
they do,16549084
be in,16541401
the American,16499920
it does,16499155
the Lord,16439103
the entire,16434814
the name,16385884
is one,16346694
close to,16311014
access to,16252077
time of,16152452
to understand,16149557
to your,16122995
were the,16113417
a person,16066415
known as,16044982
with you,16017010
I knew,16001630
and an,15977184
point of,15970236
the front,15946551
was so,15931774
but in,15818539
the latter,15758198
are a,15726205
then he,15725029
of being,15707356
the floor,15701456
all that,15701033
people who,15690272
presence of,15659875
her own,15657114
much of,15613336
both the,15606420
I should,15601678
for each,15582585
effect of,15558069
you need,15552976
just a,15542335
and are,15534085
the middle,15529210
say that,15517137
seem to,15510434
to it,15498997
the company,15445528
the patient,15444872
God 's,15440041
a woman,15414778
should have,15399209
process of,15398856
what we,15366823
for it,15357789
make the,15355924
the system,15329110
made a,15317577
the word,15301105
top of,15295635
take a,15269649
of each,15261655
in particular,15243836
understanding of,15225521
or not,15180187
we 'll,15177630
idea of,15164120
through a,15092571
for instance,15091293
but you,15089249
the government,15083882
of him,15032201
to create,15026124
took a,15018783
are in,15011495
do it,14981203
and said,14980058
the present,14968822
with this,14965009
the power,14961775
in these,14955116
but there,14932134
also be,14919771
a second,14902204
difficult to,14900566
is more,14872943
any of,14847201
Department of,14846318
you and,14844472
up a,14839474
told me,14828654
involved in,14827415
to leave,14821481
was also,14792237
changes in,14771644
he knew,14764299
how much,14758493
think of,14755492
the New,14750760
they will,14740247
of people,14722801
throughout the,14721459
the family,14718268
a time,14717218
who were,14710428
an important,14710367
variety of,14698068
the point,14697499
a couple,14696391
tell me,14670806
into his,14648449
him in,14644369
the great,14623069
other hand,14557956
when a,14552490
the truth,14549235
in many,14511623
only the,14511121
has not,14510751
like that,14470230
focus on,14456687
have no,14443260
to its,14410422
at that,14393206
you may,14377090
its own,14370965
group of,14358195
the original,14351830
the war,14309641
only one,14284588
the child,14219105
first time,14206824
for some,14204497
has to,14174656
to show,14171969
her face,14159592
thank you,14158250
years of,14147344
a certain,14132729
time and,14129963
you should,14116496
at me,14112518
not in,14109572
used for,14106894
the presence,14105427
the book,14083272
a different,14071996
out in,14057932
take the,14055640
he looked,14054605
them in,14054032
the subject,14050828
not just,14039945
the car,14038714
too much,14017867
me and,14012867
tell you,14002949
the current,13997628
the British,13994108
view of,13982815
that were,13943923
the role,13940329
the form,13937366
of you,13924726
where he,13901335
with my,13891358
the law,13888274
to put,13874103
is used,13874037
if a,13844691
over to,13814276
any other,13811963
which they,13797100
in Figure,13790470
but a,13790284
the road,13789247
the third,13778460
you could,13759745
the beginning,13759119
because I,13758170
are also,13757910
will have,13754225
that has,13748718
the results,13747965
a particular,13735486
lead to,13729219
and my,13728883
to talk,13709870
the need,13666622
the data,13655004
and on,13639024
or more,13625262
role in,13624577
they did,13620575
to all,13596976
series of,13591121
the general,13586130
make it,13573617
who have,13566144
his hands,13564538
much more,13546398
the woman,13512725
response to,13511883
in such,13504629
my own,13483332
that will,13480691
percent of,13463551
the story,13457104
per cent,13444646
let me,13437250
I saw,13436789
to one,13435976
example of,13418933
what it,13414966
in part,13414738
that have,13413858
ready to,13402533
the words,13372933
his father,13341350
on your,13301884
next to,13295110
forms of,13287044
that his,13284520
to avoid,13256265
out a,13253619
important to,13253499
these are,13218109
after all,13206552
we need,13202663
has the,13194226
behind the,13193236
the final,13187220
aspects of,13185952
because he,13183362
the field,13178775
do with,13177945
for that,13133881
this section,13129224
her and,13124567
what are,13118248
be seen,13102672
I just,13081268
can also,13078165
the person,13075736
one 's,13072290
what do,13058817
addition to,13038012
of some,13026873
and one,13015352
with them,13003303
couple of,13000002
said that,12997017
his wife,12984601
you would,12971073
was just,12967646
and by,12956421
patients with,12947893
looking at,12940124
the men,12935323
with its,12929230
towards the,12912521
turned to,12908198
levels of,12873615
or other,12871747
back in,12858668
or to,12845729
the moment,12842838
attempt to,12841461
soon as,12841013
similar to,12840146
that if,12832471
means of,12829914
and now,12821631
the term,12821273
but this,12806543
the place,12806165
to move,12796738
the value,12790953
for them,12784787
back and,12773675
could see,12767178
as soon,12764146
in and,12749823
by an,12746121
referred to,12743975
with all,12735102
to live,12723062
the result,12719074
of human,12698770
to bring,12688867
is important,12684400
the left,12677611
change in,12673543
the light,12672857
a high,12663976
over a,12659674
full of,12640360
the basis,12634279
about to,12630141
the sun,12616730
to our,12600602
her hand,12596406
the total,12586382
they 'd,12585903
the young,12581309
although the,12554922
and at,12543874
get a,12541500
parts of,12538879
but we,12527986
you must,12521029
the local,12520150
to become,12515683
need for,12511814
that all,12498023
the amount,12488121
importance of,12476993
so many,12474429
if there,12461946
interest in,12459006
decided to,12444652
believe that,12402153
we could,12400205
power of,12398196
not get,12392879
beyond the,12378067
what she,12369992
and have,12369578
long as,12361826
found that,12361796
get the,12360289
not see,12344080
in general,12329272
the children,12315696
with it,12306459
then I,12293440
responsible for,12285118
have you,12279668
is very,12273287
by his,12271636
of two,12264721
to ask,12263679
it did,12257128
return to,12256399
not like,12244537
be made,12235252
my life,12227294
to determine,12221313
to ensure,12213825
the individual,12197328
attention to,12196637
me that,12192859
the area,12187443
of other,12185506
it and,12155096
to those,12152030
thought of,12128742
of how,12101499
concept of,12094783
led to,12090883
compared to,12085336
me a,12084373
the human,12079689
even the,12072919
necessary to,12065735
he will,12043011
the long,12041284
within a,12039294
outside the,12037003
rate of,12031657
to pay,12021962
increase in,12017042
the side,12001728
those of,11996067
I felt,11961548
a child,11930151
the kitchen,11929701
source of,11925648
subject to,11923799
only to,11900225
so far,11888093
we should,11886909
even more,11882547
to speak,11832238
a big,11819135
near the,11802162
to hear,11801091
to stay,11770952
about a,11743755
the group,11738490
for more,11722920
no more,11722316
loss of,11715807
for your,11700491
the wall,11676236
and some,11668830
approach to,11667124
followed by,11662858
the morning,11655920
he wanted,11648096
were in,11644677
to change,11639788
or even,11639654
unable to,11638574
which I,11636561
he asked,11608685
be more,11606824
hard to,11606028
this case,11600559
period of,11580792
the surface,11575020
her mother,11573850
it as,11566842
including the,11561561
onto the,11552388
I got,11550894
it all,11539737
much as,11537056
told him,11532818
my father,11532360
be found,11531726
whether the,11519269
know how,11507669
it could,11505655
needs to,11502603
him a,11501729
the land,11490314
with your,11487700
is still,11462455
the king,11447876
none of,11444731
the social,11439795
the previous,11422227
the nature,11412795
respect to,11411058
in both,11392236
aware of,11369683
with that,11362504
other than,11357446
find the,11345376
you see,11343852
I told,11329491
think that,11328458
piece of,11328314
list of,11316440
as possible,11312680
deal with,11311935
so the,11311418
name of,11309598
work of,11296450
back of,11296359
prior to,11288959
his life,11288929
it seems,11285620
up at,11284022
the window,11280813
had never,11275406
out and,11274076
from their,11264512
knew that,11263538
years ago,11253113
this way,11234531
was one,11229542
I wanted,11215298
the head,11210347
we must,11207778
from this,11204153
risk of,11193310
that one,11188575
where they,11177144
possible to,11162155
tend to,11157092
relationship between,11153805
far as,11150089
the author,11146793
to what,11145105
see that,11140889
your own,11138982
continue to,11137606
the effect,11124297
be an,11123400
continued to,11121015
with respect,11120031
it should,11109650
I need,11107904
and thus,11106632
using a,11103629
in it,11102364
the situation,11093003
the National,11092792
she knew,11091869
the church,11088063
a year,11070293
the real,11062443
basis of,11059531
relation to,11051804
the police,11047670
looking for,11029907
was on,11018024
theory of,11011882
act of,11002684
required to,10999334
and social,10982177
my mother,10974906
he took,10964616
she looked,10963781
knowledge of,10941140
supposed to,10938477
is often,10933611
to us,10922829
make sure,10918703
not do,10913011
are more,10897951
think about,10893381
on an,10873333
as though,10872331
man who,10858721
the study,10848766
two of,10834177
but if,10832024
and also,10828838
he saw,10809798
of social,10805304
at first,10801308
to develop,10799974
the key,10796352
the French,10788222
the late,10784971
not that,10784492
was only,10776415
I asked,10770709
of water,10769555
the bottom,10761004
the relationship,10750947
said the,10736102
to learn,10728388
like this,10724354
think I,10722019
most important,10719468
a whole,10715230
to stop,10713311
she has,10710792
and can,10708442
man 's,10699306
have an,10697373
you did,10687030
account of,10676085
took the,10673436
course of,10671539
not going,10663325
a group,10661541
given the,10660378
we 've,10657099
into her,10649050
the court,10643162
a while,10641788
to let,10639075
saw the,10634560
quality of,10631583
all right,10616472
a major,10613724
at home,10611036
as long,10594536
treatment of,10593193
a series,10572145
the others,10572090
the importance,10556415
above the,10553051
become a,10538447
life and,10534267
which had,10529614
returned to,10525574
he thought,10508103
so he,10503596
is now,10501713
of both,10497723
started to,10479591
the information,10471683
do so,10469469
the earth,10466435
the little,10461926
a short,10461334
the bed,10454647
for my,10453654
that could,10452755
a variety,10441041
to support,10430031
I mean,10426773
degree of,10417195
which we,10411419
up on,10410009
the street,10387337
time in,10380308
control of,10374575
it with,10346164
got to,10337162
called the,10326756
I say,10317100
note that,10304102
to achieve,10292901
and no,10285675
the high,10271221
an hour,10269487
of me,10260885
was very,10260074
the ability,10255009
been the,10249787
going on,10242611
before he,10236955
for any,10234474
be considered,10225524
the small,10221763
with one,10221128
cost of,10211325
one who,10206124
we would,10168453
for us,10167517
matter of,10162188
the concept,10150907
without the,10149645
waiting for,10147167
kinds of,10146759
the year,10145424
better than,10143335
to protect,10143064
context of,10130665
can do,10128948
purpose of,10123594
talk to,10122485
the context,10121580
one another,10092439
interested in,10085532
member of,10083122
impact of,10076290
on it,10067438
women 's,10064243
a strong,10052558
care of,10045090
the heart,10040973
find a,10036167
down and,10030461
place in,10027944
as one,10027793
time for,10025236
it might,9997111
from one,9988752
create a,9978861
at once,9966162
half of,9954573
to prevent,9953923
get to,9951742
is only,9943324
you 'd,9922051
opportunity to,9919124
as follows,9915783
the European,9907941
other words,9905585
were a,9887705
with other,9882708
he does,9880165
means that,9859754
to play,9859572
let us,9851593
people in,9843970
and has,9843920
willing to,9826803
in each,9824805
without a,9800977
my head,9797532
can see,9787260
I see,9779597
her husband,9767408
made the,9758864
life of,9750140
all this,9745022
can you,9742175
majority of,9724915
that time,9721981
the face,9719456
being a,9713175
beginning of,9708939
not yet,9708069
his mother,9703706
me in,9684113
who has,9678728
the course,9670870
work in,9660982
a place,9654740
a day,9653211
caused by,9652597
is what,9649833
in Chapter,9645638
as far,9643211
the potential,9635782
area of,9627298
middle of,9626937
at any,9626664
set up,9623038
do the,9588563
it also,9571207
he felt,9570195
but to,9568559
had come,9567003
a similar,9564784
as his,9555981
left the,9552780
he went,9536409
her hands,9519780
both of,9517525
inside the,9515265
function of,9488476
not so,9481545
all over,9472518
to each,9467610
with no,9465696
he can,9459973
depending on,9447712
despite the,9445927
it seemed,9444798
her father,9438448
the project,9435512
one that,9432321
have had,9431736
that these,9430703
made it,9429052
how many,9426955
one or,9425856
went on,9424765
one day,9417058
having a,9415735
on one,9410284
she felt,9408696
I never,9400786
I went,9400438
absence of,9399279
the extent,9399186
them and,9393429
over her,9392228
the difference,9388638
not believe,9386076
her in,9384271
we know,9382466
structure of,9369982
about what,9368839
the sound,9368643
the possibility,9361816
so it,9360583
the University,9355671
and your,9353870
on that,9351754
would you,9344382
the river,9343402
down on,9335474
the former,9334873
are used,9333161
be done,9332094
such an,9326710
long time,9321065
edge of,9295020
for which,9287166
was about,9283601
but as,9283310
a significant,9281873
told her,9277173
what to,9274863
know the,9272611
size of,9271278
an example,9269058
system of,9268099
with some,9261082
to identify,9259602
which can,9251800
you might,9240905
they may,9231778
refers to,9228238
you get,9227726
was too,9224281
right now,9207000
a young,9204368
the line,9196167
son of,9192821
it must,9192796
to some,9191510
and therefore,9181632
on its,9181598
easy to,9178542
version of,9165756
back into,9164309
the sea,9155970
from an,9153586
was at,9147775
is this,9144889
the various,9140944
in turn,9139548
to any,9138451
not need,9136488
and do,9131275
to explain,9129111
talk about,9121600
his voice,9119399
and yet,9119266
review of,9110872
the market,9106429
is so,9097699
not really,9097123
the purpose,9093516
the text,9091471
a better,9091204
also the,9085458
designed to,9084570
to another,9081867
also a,9073787
but when,9054165
talking about,9053133
the phone,9051386
were to,9044749
in contrast,9037502
filled with,9036457
refer to,9034859
show that,9034256
not make,9027481
over and,9025305
I shall,9021838
suggests that,9021111
no matter,9020421
nothing to,9018282
it out,9016505
the school,8998679
capable of,8998299
to produce,8995005
which it,8986551
the edge,8971134
these two,8957940
then she,8955439
the girl,8948420
result in,8946542
or two,8945722
to read,8943788
a week,8940499
application of,8935583
examples of,8932227
age of,8929073
I believe,8927217
expected to,8923449
the highest,8920834
focused on,8920574
for one,8911097
understand the,8903138
was all,8896156
which has,8891547
and from,8885940
consider the,8879402
to try,8877727
in relation,8871716
even in,8868764
do that,8867858
a sense,8866964
than that,8865381
evidence of,8848536
only in,8845928
in time,8836564
this point,8833672
to follow,8830869
him as,8828896
for its,8827902
the political,8825117
the risk,8822480
so you,8813029
an old,8809422
World War,8805881
what a,8798919
over his,8798868
to hold,8779785
father 's,8778897
not as,8777292
now that,8771892
I hope,8769855
it for,8765735
all these,8752004
managed to,8741625
I feel,8738537
got a,8736779
to believe,8735086
way that,8731488
think it,8727324
a part,8723518
to improve,8723366
was more,8722582
the center,8717576
one can,8717424
the good,8715236
it a,8711083
the initial,8705485
on which,8702509
a set,8700967
not sure,8696031
described in,8688419
and will,8684070
find out,8681326
and others,8677340
his mouth,8675677
is called,8672724
no doubt,8661703
it on,8659055
and looked,8657817
the building,8653733
to other,8653476
do this,8652167
the fire,8650587
him with,8646980
that may,8646598
a deep,8640789
if not,8640428
as part,8639512
he says,8622271
she asked,8619937
or her,8615772
it up,8596692
are to,8596333
about her,8592078
his mind,8584498
picked up,8584336
from my,8582939
used as,8578518
his arms,8576274
I love,8575741
the average,8569735
and were,8560359
question of,8558215
of information,8557449
I guess,8556061
head and,8553135
the level,8552678
been in,8545355
a specific,8545327
she wanted,8536560
difference between,8533809
a matter,8532428
not take,8531584
out that,8531363
for those,8523177
he told,8515815
the town,8514379
where I,8507524
provide a,8500578
the dark,8500077
more of,8495934
suggest that,8494020
for many,8487757
the community,8476319
he turned,8476169
leads to,8475377
men and,8470837
where it,8463752
him that,8457325
a common,8454751
and went,8445443
and let,8440071
by this,8436405
seen in,8425864
are often,8421848
to call,8418440
to consider,8413592
the lower,8413326
what happened,8406729
something that,8404116
see you,8401510
by their,8397187
and make,8392252
following the,8381970
to start,8368194
the primary,8368114
about this,8362450
the life,8357186
in New,8355560
the four,8355507
people 's,8345201
and those,8339193
but then,8335270
I must,8334249
of many,8302525
once again,8300903
to build,8298280
together with,8296001
to write,8295104
though the,8292599
ensure that,8290357
and took,8285583
results of,8283817
the major,8283087
is possible,8277626
wants to,8277004
the business,8266359
combination of,8264284
applied to,8263062
here is,8261071
so we,8256058
different from,8243838
a wide,8242520
the State,8235009
the majority,8233806
at last,8231664
about how,8223723
to reduce,8209345
model of,8203743
had already,8202908
definition of,8199486
as shown,8195614
the effects,8193035
description of,8172010
in place,8171312
to feel,8169829
carried out,8164586
but what,8161056
head of,8146623
be taken,8137264
of different,8137250
not go,8131394
Cengage Learning,8128688
how do,8128225
more likely,8128135
a simple,8127180
the boy,8117196
our own,8112739
the central,8110457
with which,8109123
are all,8099266
the model,8097442
he might,8087772
the cost,8082365
the issue,8081821
my eyes,8079395
the money,8077805
in The,8077655
the history,8065707
why do,8056246
to maintain,8051407
had made,8048705
may also,8048378
the reason,8039300
the above,8034065
the size,8029109
before I,8026798
wish to,8022240
distribution of,8019804
out on,8017946
put the,8017057
line of,8013250
the actual,8011449
not say,8008961
a given,8004644
depends on,8003382
and made,7996679
to obtain,7993182
that their,7992730
the English,7992303
looked up,7991493
my mind,7991355
think you,7983422
up for,7977227
have seen,7975600
regard to,7975425
the matter,7972262
the World,7966936
she thought,7962870
the impact,7959407
a full,7959367
discussion of,7958819
you had,7958020
information about,7953115
areas of,7951482
something to,7943704
to reach,7939401
had taken,7937223
which were,7929789
of new,7928666
seen as,7928311
appears to,7921466
determine the,7921231
as for,7914727
put it,7894816
help you,7888586
a real,7886215
mother 's,7881555
one hand,7880099
and put,7879676
the years,7878562
time I,7872210
you in,7871746
is based,7868538
to run,7864627
not always,7852643
out for,7849378
not mean,7846005
reference to,7838289
hand and,7838257
a word,7837893
I heard,7834702
children 's,7814673
every day,7806032
who would,7798644
one is,7787998
discussed in,7785726
eyes and,7783875
in mind,7779332
third party,7777516
and who,7775976
and after,7775506
her a,7774520
the full,7770528
over time,7769807
the greatest,7767456
go on,7761189
one to,7758708
or by,7753050
the different,7749633
just the,7745128
from which,7744752
like it,7743338
his way,7738500
I found,7737881
clear that,7729402
the region,7728235
not help,7725838
my heart,7719657
the sky,7717852
down at,7712212
you a,7706564
to turn,7702440
the image,7699995
we may,7689719
length of,7684688
would like,7680444
to increase,7674588
dealing with,7670633
the overall,7661174
people to,7658866
have done,7653436
two years,7651649
thought that,7649993
the kind,7647059
an individual,7643778
between them,7642535
ought to,7640698
by which,7633197
is at,7632444
light of,7631490
allowed to,7629129
given to,7627630
world of,7625885
was as,7623802
you like,7623660
are no,7618185
for what,7617305
sound of,7615159
at one,7613451
that when,7612543
he also,7611201
work on,7610472
cause of,7598484
where you,7590630
edited by,7590165
the Court,7586570
intended to,7578779
health and,7578230
he and,7577106
not understand,7575279
possibility of,7574675
experience of,7573849
house of,7571852
the big,7568593
go back,7567830
for our,7562550
people are,7562461
made by,7556260
production of,7547065
is going,7542218
became a,7534409
the game,7533328
in two,7532492
to establish,7530308
notion of,7529508
we did,7525311
the period,7521525
the West,7517780
and be,7517753
bit of,7517688
to these,7510809
the Great,7509310
far from,7506085
used by,7500623
the poor,7499989
influence of,7499217
the wind,7496960
is of,7496414
sure that,7494268
the upper,7490761
live in,7488494
a special,7486184
stared at,7485401
how they,7467426
come from,7466962
the organization,7463677
portion of,7462944
how it,7458391
impact on,7457180
pair of,7453387
with each,7451841
was now,7448714
consists of,7448165
happened to,7443658
story of,7438354
desire to,7434007
Oxford University,7430300
keep the,7427420
place of,7427195
day of,7423274
in those,7420737
that no,7420320
very much,7414956
from that,7411593
of women,7403586
the basic,7396939
made to,7396234
one thing,7392936
shook his,7392616
so they,7392152
results in,7383913
so on,7382906
to eat,7382250
had gone,7379002
than in,7373430
use a,7372331
in Fig,7371784
Bible Halseth,7368834
around her,7367902
just like,7364637
in accordance,7364554
would never,7364539
a problem,7357944
the hospital,7355005
the population,7350100
did the,7347730
Parallel Bible,7345629
aspect of,7345081
a hand,7340108
in what,7330537
the corner,7323322
accordance with,7322972
than one,7316757
meaning of,7314710
image of,7311805
thousands of,7308995
whole or,7307564
face of,7307254
appear to,7305164
said he,7299701
is given,7298727
and most,7297412
information on,7296834
other side,7293740
the application,7291599
to return,7291566
at my,7286180
to allow,7271160
not let,7269479
about that,7268665
he made,7267681
shows the,7264738
to as,7262263
the answer,7257231
de la,7254819
came from,7248614
not all,7241306
not seem,7240182
his body,7239216
though he,7239051
we all,7238215
one in,7233836
published in,7229418
and many,7227022
All Rights,7225428
the age,7212357
and two,7203027
some time,7201686
is always,7197846
give you,7195765
failed to,7195611
in whole,7194081
things that,7193650
in most,7190056
about his,7187624
center of,7186473
thinking about,7186296
social and,7180957
that her,7180728
and would,7176593
the German,7175710
living in,7174383
and only,7171766
had an,7169183
a low,7167802
Rights Reserved,7162663
order of,7160309
could do,7156904
was it,7153267
come back,7151988
is there,7150066
has no,7138667
young man,7138068
compared with,7137993
on our,7137187
in every,7136505
the party,7132786
a state,7127889
properties of,7121619
them as,7119462
you for,7114531
the national,7113182
we shall,7111751
because she,7110534
of interest,7102164
the news,7100742
a half,7099166
back on,7094940
the absence,7094215
field of,7091255
the women,7091046
chance to,7090511
is true,7089857
work with,7088253
on top,7087719
to form,7086955
power to,7086349
the research,7083292
of self,7081662
how can,7079060
and political,7078802
see what,7076033
existence of,7070262
relationship with,7062071
get out,7053773
is made,7048486
her body,7043859
and get,7043567
can only,7043075
a kind,7040481
argued that,7040266
had just,7040206
was his,7037157
expression of,7036420
not necessarily,7035187
to deal,7031888
is usually,7023209
effect on,7021483
a general,7020701
he came,7020482
he should,7019952
were all,7018771
me the,7017016
her life,7013734
heard the,7009215
people of,7008685
the blood,7005260
which would,6999843
comes to,6995444
that way,6993321
included in,6989894
in case,6989142
advantage of,6987111
in response,6981895
differences in,6980122
the common,6970440
let the,6964191
if this,6964035
had become,6961579
the sense,6956558
a chance,6952963
and see,6952730
begin to,6952503
the largest,6952405
not tell,6946747
your life,6931120
or at,6929375
but for,6928760
the opposite,6924247
values of,6922580
the direction,6921567
opened the,6892806
you mean,6891187
work and,6890908
made her,6889300
elements of,6884220
them with,6884126
to carry,6876645
and may,6872171
as such,6869941
her voice,6867454
him the,6865482
even when,6861610
the nation,6860657
where she,6860248
and did,6855910
like you,6851852
the product,6847074
of power,6843350
be so,6843345
the thought,6836785
listen to,6835420
to set,6829970
the opportunity,6819415
the decision,6819224
place to,6818424
from him,6815356
closer to,6815287
the brain,6814782
had done,6803513
we 'd,6795932
health care,6791286
the death,6788657
method of,6787173
her mouth,6786909
I took,6780890
that for,6776574
the distance,6776167
the large,6774730
leading to,6772819
that some,6769518
equal to,6768182
a huge,6767688
then we,6766490
formation of,6761226
last night,6758038
once the,6757143
be no,6755824
reached the,6748359
what would,6747073
life in,6746453
is necessary,6746001
body of,6745727
in different,6742699
know you,6741842
her back,6741832
include the,6738101
characteristics of,6732636
a friend,6729645
to buy,6728790
to kill,6727999
management of,6722249
reason for,6721048
was there,6720781
it were,6719687
law of,6717695
you say,6711709
the quality,6710368
I suppose,6706778
they should,6703783
be sure,6703396
is about,6698628
has become,6696125
old man,6695967
in love,6693202
to describe,6692316
back at,6689564
reduce the,6688075
not for,6687890
I looked,6687566
he got,6685281
looked like,6681175
now I,6680872
many people,6680737
the production,6678140
had seen,6677135
be copied,6674117
that might,6673424
the Holy,6666322
regardless of,6663325
him for,6660710
not an,6652574
to accept,6649643
is on,6648941
a third,6647925
while he,6644503
few days,6640669
with us,6635337
up his,6629365
to save,6621846
by using,6620363
not come,6615673
so long,6613234
her heart,6612122
given by,6610087
the standard,6608597
contact with,6607809
give me,6602352
that an,6600913
so she,6599738
and which,6599206
the part,6598908
the things,6598742
derived from,6596758
refused to,6589789
in Table,6587034
research and,6583659
see if,6583350
his or,6579519
human rights,6577877
from its,6576185
available to,6575970
but his,6575558
the doctor,6573591
of men,6567487
on him,6564700
problem of,6564453
here and,6561765
the type,6560292
she saw,6559323
what had,6557899
at an,6557278
much to,6556450
provides a,6556326
though it,6549105
but now,6547624
direction of,6547515
days of,6547288
the enemy,6543267
have any,6541805
this one,6540882
into my,6540758
more and,6538983
the dead,6538926
because you,6533315
on how,6530959
or duplicated,6527671
in Europe,6526680
his feet,6519845
it took,6519658
were also,6514310
to perform,6511148
change the,6506631
of view,6503710
other people,6499772
creation of,6491525
me with,6491302
to address,6487115
that day,6474068
Cambridge University,6473605
to join,6467570
by her,6460692
he found,6456354
why did,6455170
such that,6454124
the material,6453720
be suppressed,6453411
the job,6451302
to God,6448607
of things,6447594
will you,6446742
position of,6446033
which a,6444354
where we,6444217
and women,6441879
the least,6440348
the notion,6435836
is just,6431326
the order,6428937
read the,6428248
the office,6427967
see how,6417993
time the,6417454
then it,6417318
the event,6415441
a case,6415307
leave the,6409932
to electronic,6405268
the King,6404835
again and,6400069
before she,6399560
law and,6396978
effort to,6392437
sat down,6391373
is my,6385930
that my,6385158
shows that,6383065
is as,6382737
the structure,6381567
are still,6381206
into account,6380541
the price,6377574
is required,6373439
high school,6370447
the South,6364618
while I,6363289
the existence,6359830
can I,6359103
support for,6351385
the Church,6350969
to control,6347892
suggested that,6346715
found a,6345857
before you,6344788
in patients,6343573
years old,6342859
collection of,6341968
they also,6341951
to share,6341860
door and,6335261
the natural,6333491
was made,6332354
the meaning,6332165
for these,6330949
the ship,6327431
take it,6326426
some third,6326069
the source,6324031
making a,6321923
down in,6318384
the client,6315285
it from,6314318
suppressed from,6314075
the crowd,6310931
was already,6310536
contribute to,6310094
his heart,6309025
of work,6303840
or less,6303634
how you,6303634
regarding the,6303102
electronic rights,6302149
for both,6301606
off to,6300976
have made,6299644
the UK,6296329
open the,6295350
to face,6288872
meant to,6287149
through his,6285814
if that,6285659
the scene,6282785
party content,6278490
the physical,6277188
a smile,6275509
found the,6271296
below the,6270706
corner of,6270248
is being,6270030
which may,6268825
I remember,6268145
was able,6265183
then you,6263252
a minute,6263107
the position,6259627
know it,6257573
see a,6256774
person who,6251775
the Bible,6250154
children and,6248131
no idea,6246904
no way,6246650
the film,6245035
did he,6243629
a member,6240100
content may,6239747
same as,6237454
consistent with,6236841
of public,6235833
performance of,6231511
come on,6230991
what did,6224945
was born,6224392
I get,6222530
her mind,6221902
this would,6221368
assessment of,6218909
which she,6214672
how he,6212380
city of,6212216
look like,6209495
to continue,6207937
any more,6206693
present in,6202610
we see,6201563
but with,6198772
this will,6198554
a clear,6198093
and down,6197880
or eChapter,6194993
apart from,6193535
attempts to,6190818
the open,6188981
you that,6188518
assume that,6187557
was always,6186950
idea that,6181517
they all,6180978
of three,6180657
all I,6176348
the white,6174732
in to,6172968
water and,6169661
death of,6169494
as many,6168804
she turned,6167767
she took,6165761
a key,6162760
or any,6161088
all his,6157884
let him,6153068
very well,6152600
the mind,6149421
sight of,6146501
the authors,6146458
the living,6146209
few minutes,6145513
ways to,6144078
provided by,6143850
to act,6142457
he gave,6139109
especially in,6134721
be very,6133335
out with,6132733
was like,6132250
her hair,6129214
fear of,6126551
the object,6124993
the reader,6124536
people and,6122316
it into,6118215
only be,6115326
under a,6110906
the eBook,6107062
was being,6106462
the environment,6100251
even a,6099687
so as,6097231
how could,6097034
are very,6095788
his lips,6092192
ways of,6086520
greater than,6083398
the black,6083213
a family,6082580
the evening,6080541
time he,6080496
how long,6080346
into an,6078065
the many,6076710
their lives,6074072
except for,6073519
but rather,6067389
development and,6064816
the program,6064446
eBook and,6058943
see it,6054659
the village,6047940
evaluation of,6047371
where a,6045282
issue of,6044724
like an,6044660
the language,6042969
on what,6042027
it be,6040612
her with,6040522
a higher,6034064
noted that,6029326
and began,6029270
I might,6028421
am not,6027520
is for,6027223
the design,6022543
interpretation of,6020536
and take,6019096
power and,6018605
my hand,6015738
a system,6009698
in another,6007885
his name,6007679
many years,6006321
does the,6005124
entered the,6004820
here to,5999910
told you,5994832
years later,5994550
and our,5988207
known to,5979718
up from,5979463
of knowledge,5979296
their way,5978628
never been,5974709
and out,5972029
as being,5969140
five years,5963588
impossible to,5961441
is all,5959323
man in,5954831
is known,5954723
her arms,5954427
that night,5953413
not it,5952983
this can,5952563
hundreds of,5951035
appeared to,5947762
the base,5947524
what about,5945699
the stairs,5943683
a look,5938576
he must,5937987
this study,5935661
you go,5932185
not care,5931888
forced to,5931497
outside of,5928806
construction of,5928280
might not,5925414
determined by,5924877
after that,5924181
a point,5922899
to serve,5920128
tell him,5909534
the heat,5907299
increase the,5907116
is likely,5903848
resulted in,5900565
made in,5893322
there will,5890829
defined as,5887956
the treatment,5884091
shall not,5883189
her as,5873565
for two,5872044
but no,5871639
by any,5870697
heart of,5869550
beginning to,5863810
principles of,5863046
the team,5862679
or so,5858661
office of,5858379
the worst,5857180
affect the,5856385
being the,5854774
that which,5853454
a book,5848429
the rate,5844980
a letter,5843271
the site,5842103
the test,5841570
at each,5841137
by one,5840765
not at,5840333
meet the,5832541
but at,5831804
Institute of,5830682
state and,5828993
in England,5827807
made of,5824609
from all,5820931
what if,5820598
at night,5820326
are going,5820228
food and,5817921
the remaining,5817325
to sleep,5812861
gave him,5812562
can get,5812521
pointed out,5811943
I really,5811629
and over,5810015
the Internet,5808908
come in,5808560
are now,5803874
than to,5803641
the north,5802488
the baby,5801760
want you,5801033
of New,5798835
thought it,5798217
sign of,5795451
the creation,5793219
bottom of,5792097
that any,5790341
a piece,5789896
I wish,5787297
working with,5785599
his family,5784234
attached to,5782850
spite of,5776985
the energy,5775985
efforts to,5774853
science and,5773884
the path,5773685
like I,5773519
to walk,5772930
that such,5772756
to answer,5772533
do I,5768362
the EU,5766260
in spite,5763821
available at,5763781
relating to,5762803
to stand,5754014
of money,5753689
am I,5741720
I like,5737678
to pass,5736757
to open,5736348
a much,5730606
women in,5729798
they might,5729527
give the,5726822
basis for,5726635
room and,5723784
features of,5722911
the traditional,5722446
states and,5720341
put on,5719195
engaged in,5716341
added to,5714350
the paper,5712866
can have,5712786
at it,5711017
a hundred,5710549
are two,5710444
to offer,5709248
to include,5708568
than I,5702937
was used,5699276
to sit,5696766
the Commission,5692373
same way,5692342
sent to,5690823
making the,5689202
to remove,5688406
two or,5687393
felt like,5686503
at which,5685901
women and,5685757
on me,5685742
once more,5683049
to fight,5682929
on and,5681553
the walls,5680967
thought to,5680744
the evidence,5680284
can help,5675300
principle of,5672689
until he,5663653
education and,5656559
about their,5654531
the true,5651103
set the,5649865
there would,5649204
a positive,5647059
you feel,5645955
to break,5645093
court of,5634931
a function,5633508
came out,5630385
home and,5627737
is shown,5626036
me as,5625355
can make,5625090
of data,5624368
next day,5623645
three years,5623048
someone who,5622581
the pain,5619228
before they,5616750
someone else,5615846
a change,5611737
as their,5608838
but only,5605796
the Soviet,5601034
reason to,5600866
her that,5599125
thanks to,5598565
section of,5596234
system is,5595859
and turned,5594915
growth of,5591869
take care,5590390
the date,5589425
the self,5587044
of others,5583840
his arm,5583777
at their,5583213
can use,5580462
always been,5580357
evidence that,5578397
characterized by,5577216
her lips,5576245
of light,5573280
his back,5572329
to check,5571868
felt the,5571773
moved to,5566484
the task,5563560
plenty of,5556905
do we,5552870
be to,5552640
world 's,5551343
lived in,5549963
be given,5546472
without any,5542601
through her,5540072
look for,5538464
Supreme Court,5536964
had left,5535575
God is,5534806
shook her,5530011
the lack,5525502
were still,5522862
regarded as,5521747
the service,5521554
in London,5520797
all those,5520541
the hall,5515622
the island,5514035
the letter,5510780
this means,5510055
his chest,5509535
to receive,5508407
and found,5504307
of Jesus,5503209
why the,5502560
spirit of,5496393
school of,5494787
gave me,5493809
subject of,5490587
a bad,5489963
the analysis,5489421
more to,5487285
is your,5486918
how I,5482697
far more,5474661
point in,5474630
the property,5471862
how did,5470831
has also,5469682
sources of,5468813
the rules,5466590
a thing,5464330
the hell,5462651
to begin,5461712
the military,5460789
describe the,5458417
have some,5451862
did it,5450537
find that,5447391
the loss,5446535
search for,5446194
and left,5446183
the North,5446160
his son,5445278
way in,5443692
not look,5442007
surface of,5438011
the specific,5435876
a form,5435403
of Christ,5432671
the influence,5429666
implementation of,5429525
to enter,5429190
we might,5428879
and again,5423781
the list,5423434
not give,5423117
believed that,5420738
many other,5417987
she told,5417718
argue that,5417558
were no,5416257
it came,5415956
with our,5415037
this morning,5413943
know about,5410258
practice of,5409698
his brother,5399212
the mother,5398246
but is,5394904
the global,5394207
became the,5392644
though I,5392265
one side,5391264
out from,5390739
no other,5387273
and gave,5386591
the change,5386539
has an,5383868
a quick,5383229
the Chinese,5382681
support of,5381555
picture of,5380221
got the,5379667
was something,5378627
in life,5376950
most common,5376199
made up,5375018
use in,5374401
of war,5373821
now the,5367329
great deal,5365781
himself to,5364987
that made,5364681
to spend,5361139
his fingers,5359323
mean that,5356442
would take,5356395
I came,5356389
of political,5355137
and economic,5352453
the maximum,5348787
or she,5347405
or that,5345477
respond to,5343006
a question,5341503
behind her,5340722
for such,5337728
been used,5337668
and could,5336198
his first,5334970
need a,5333412
the cause,5333154
as with,5331707
does it,5331550
hear the,5330355
to send,5329593
why I,5324043
to watch,5322524
percentage of,5319581
or an,5319400
the economic,5317017
this may,5316201
the user,5314824
a range,5313248
United Nations,5310981
of The,5310959
a pair,5310349
she went,5309984
of Israel,5308969
out there,5308492
made him,5307914
book of,5307326
the International,5304541
a well,5303522
not quite,5303062
see him,5301438
supported by,5299381
day and,5295333
of children,5293790
behind him,5292956
follow the,5292050
love you,5290466
he 'll,5289172
who can,5288431
just to,5287969
the correct,5287166
to wait,5286803
the eyes,5284406
the food,5281690
knowledge and,5280491
the summer,5278255
was nothing,5277562
with two,5277420
limited to,5269409
get it,5269402
are many,5266889
the control,5263534
of action,5263509
a brief,5262438
the performance,5262353
at times,5257725
few years,5255479
of high,5253275
the action,5252818
agreed to,5251710
it comes,5251217
see her,5251210
the target,5251205
life is,5248195
to and,5247087
this process,5245229
with those,5244523
the bar,5244382
you the,5243452
king of,5241026
here in,5240883
would make,5240836
found to,5240062
perhaps the,5240004
lots of,5239962
that does,5238408
of America,5237685
linked to,5235492
the range,5234664
hand on,5234052
the home,5233464
ready for,5230411
choice of,5229858
and saw,5227445
means to,5227322
the formation,5226145
love and,5224798
depend on,5222392
with such,5217391
never be,5217151
the girls,5216835
a job,5213431
which have,5212836
emphasis on,5210676
during a,5208122
needs of,5207995
knew the,5207206
made me,5206655
the principal,5206421
at work,5205815
be on,5203910
with these,5203703
him on,5202238
with regard,5198556
are so,5198273
of law,5195129
the First,5193525
thought about,5192219
opposed to,5190835
this work,5188943
and use,5188826
information and,5186775
to add,5179342
because we,5173888
the students,5173080
out his,5172554
a process,5172550
which will,5170907
status of,5168450
talking to,5166961
be that,5165783
presented in,5158633
the modern,5156281
the terms,5155980
enough for,5155423
about him,5153945
to remain,5151782
been able,5151162
resulting in,5150730
and asked,5147423
the space,5142530
those that,5142334
by its,5141183
people with,5132544
is much,5131829
we want,5129657
to such,5128738
is why,5128425
those in,5127398
the wrong,5125436
described as,5125286
me for,5122993
produced by,5120368
in more,5117137
as is,5115101
a world,5114479
asked to,5114228
as her,5111420
in China,5109326
been made,5109104
that many,5108760
quite a,5108334
them all,5105888
account for,5104891
child 's,5102770
and where,5101602
more important,5101040
the degree,5095452
to study,5094373
of American,5089053
whether it,5088277
that God,5087823
contrast to,5087111
consequences of,5080594
support the,5080320
the experience,5077895
must not,5077445
the House,5076254
we find,5075792
still in,5071012
used the,5070557
them from,5068099
not feel,5062414
work for,5059863
some other,5059635
left to,5054285
the south,5052318
that to,5052257
and why,5051306
feel the,5050511
to promote,5049875
every time,5049840
house and,5049418
we get,5049097
scope of,5047936
remember that,5047442
be as,5043036
signs of,5041642
time when,5040539
even as,5037062
any time,5037035
face and,5036472
serve as,5035290
of every,5031209
that our,5030519
saw a,5030265
the hands,5028816
gave a,5028265
be at,5027078
since it,5025763
measure of,5025289
a period,5025133
that your,5022171
as that,5017424
be of,5017373
a total,5017010
part in,5014082
affected by,5009709
I made,5008769
right of,5007944
as this,5007349
this has,5006386
a month,5005467
the Department,5002944
and colleagues,5002077
concerning the,4999297
the appropriate,4998909
from other,4998237
click the,4996260
on all,4996005
a list,4995296
studies of,4991554
thought I,4991236
who could,4988420
come up,4983992
knew it,4982650
was right,4979755
I tried,4978107
comes from,4978048
felt that,4977977
have come,4977626
a life,4975475
to prove,4973867
I still,4972578
the streets,4972199
whether or,4970413
to remember,4969228
cases of,4968248
if one,4967226
in America,4966903
although it,4963549
family and,4960841
of death,4958300
apply to,4956733
him from,4955978
against his,4955836
a study,4954668
the LORD,4952004
nothing but,4951849
I also,4950663
to draw,4947475
at some,4946625
give a,4946086
participate in,4942008
are some,4941699
all about,4939962
by means,4939595
she does,4938874
woman 's,4938565
engage in,4937584
to gain,4936002
concerned with,4935388
prepared to,4934076
accompanied by,4931800
this kind,4931705
coming to,4931205
the audience,4926759
was found,4925260
forward to,4923635
the skin,4922958
man and,4920699
are we,4918774
the trees,4916817
to discuss,4916439
taking the,4912054
eyes were,4910348
thing to,4910286
human beings,4909903
you just,4906357
this type,4905433
the construction,4905319
also been,4905292
to visit,4905248
from me,4904969
secretary of,4904077
what does,4902780
now and,4901208
relative to,4900887
is less,4899033
they must,4898191
God and,4897150
the stage,4895548
said in,4893230
showed that,4890654
between two,4890295
feel like,4889581
she might,4886348
find it,4881238
given in,4880893
man of,4879205
of more,4878537
will take,4878480
my face,4877773
these things,4877417
the core,4875636
up of,4874730
to cover,4873959
the start,4873918
to himself,4870570
and walked,4867374
on them,4866791
sought to,4866599
an increase,4866056
groups of,4865638
share of,4864754
failure to,4864511
came in,4862275
with more,4861041
the mid,4859202
was doing,4858661
are available,4858578
enter the,4858076
of another,4851830
a complete,4850756
the music,4849748
the financial,4846552
South Africa,4845489
for several,4844502
three of,4843852
become the,4842355
the spirit,4840735
continues to,4840632
the usual,4840049
a white,4839085
about you,4837389
do to,4837184
numbers of,4835360
home to,4831400
open to,4831328
had given,4829048
sure you,4826767
all my,4822686
the goal,4822109
the proposed,4821748
from your,4821546
is too,4821101
the president,4820766
which you,4820011
she and,4818624
only for,4818572
he never,4818208
was my,4817806
very good,4817176
she can,4816883
provide the,4816669
been so,4816048
his work,4815040
the bank,4813862
explain the,4812819
looks like,4812573
a black,4812486
first of,4811932
too many,4810689
had said,4809619
realized that,4808373
most likely,4806251
San Francisco,4804579
beneath the,4803122
body and,4802057
the fourth,4801484
the Middle,4801316
taking a,4799532
and sometimes,4795645
come out,4795109
connected to,4794278
was almost,4790957
a local,4790461
the ones,4790299
best to,4789978
with what,4788537
evolution of,4787001
hands and,4786864
put a,4786335
content of,4784875
came back,4784671
the knowledge,4784117
the theory,4777889
all in,4777802
turn to,4777243
is defined,4776760
the relative,4775368
set out,4774464
to die,4771534
makes it,4770173
date of,4769280
an end,4768644
the length,4768441
this approach,4768389
to catch,4767448
rise to,4765626
the plan,4764314
of love,4762769
that people,4762633
Los Angeles,4759709
ahead of,4759695
how we,4758337
and set,4756385
pick up,4756228
the boys,4755122
and pulled,4754446
cent of,4751367
first and,4750358
had happened,4750029
the army,4749764
it takes,4749664
is available,4748379
research on,4747806
have also,4747534
he or,4747171
was never,4746958
some people,4745680
could get,4739635
in practice,4737667
took place,4736876
us that,4735996
people were,4735597
she will,4734464
men who,4734357
the chief,4734277
the view,4732126
the international,4731442
available for,4722281
if any,4720792
of whom,4720626
them on,4720031
a greater,4718973
exactly what,4717452
the picture,4717048
they 'll,4715818
were going,4715535
the set,4714799
felt a,4710886
and every,4710550
stood up,4710198
the focus,4705585
charge of,4703303
is considered,4702772
wait for,4702527
many times,4701379
think he,4699725
of food,4698648
listening to,4697677
introduction to,4697199
purposes of,4696975
details of,4696958
the sample,4696915
then they,4696762
anything to,4695303
in India,4694990
know I,4694220
do anything,4693032
Proceedings of,4689774
the solution,4688587
history and,4688274
which in,4687012
will make,4686336
he began,4684481
the growth,4683455
tell her,4682508
strength of,4682161
the title,4681518
turned out,4680603
king 's,4679530
word of,4676436
states of,4675677
on in,4674769
the better,4673206
and cultural,4670742
nineteenth century,4666956
young people,4665864
moment of,4665691
from it,4663806
argues that,4663350
working on,4663286
a public,4662926
conditions of,4660638
will never,4658606
necessary for,4658531
not much,4657506
the thing,4656017
at its,4655510
these were,4654808
put in,4653573
representation of,4652286
are being,4651034
ministry of,4650857
saw that,4648062
do something,4644719
the media,4643870
the movement,4643586
was he,4643191
more about,4640198
to assess,4637815
the principle,4635887
the class,4635870
is clear,4634702
the cell,4634595
words of,4633193
good to,4630316
product of,4626295
responsibility for,4625764
the economy,4623086
let her,4622950
to focus,4622648
worry about,4621638
some kind,4621389
the voice,4619072
something else,4618757
them for,4617710
the message,4615405
before it,4613869
would do,4611226
will also,4610953
it that,4610598
who 's,4609927
their children,4609891
doing so,4608944
gave her,4606123
more or,4603935
go and,4603100
for another,4602326
can take,4601304
saying that,4600786
the hand,4600550
a girl,4599963
the ways,4596780
hand to,4596304
some cases,4595896
to pick,4594916
taken to,4593714
the screen,4593343
with any,4592050
are at,4591616
a human,4589649
also to,4589598
not find,4589099
first to,4586130
of patients,4585292
us in,4584820
the Federal,4583283
character of,4583231
the corresponding,4582283
also in,4581044
there has,4579737
on each,4579329
shown that,4579216
he stood,4578922
we also,4577688
that what,4576803
her feet,4576590
by some,4574925
an open,4572785
and still,4572398
time that,4571344
proportion of,4571128
to apply,4569916
for years,4568844
creating a,4568654
are usually,4568032
had ever,4566049
get back,4565405
my dear,4565365
reasons for,4565344
them into,4565181
this to,4564072
in recent,4564020
of having,4563574
the parties,4562716
time with,4561724
of several,4559196
is quite,4559157
have already,4558486
the short,4558067
a model,4556600
glanced at,4552723
theory and,4552414
the boat,4551782
there had,4551233
one was,4550501
had always,4548023
the legal,4547448
rely on,4546477
is something,4544444
too late,4544288
the cold,4543975
president of,4543775
person 's,4542603
sum of,4539122
during this,4539067
but was,4537899
against a,4537460
and started,4536985
all three,4536658
always be,4536274
on both,4535362
required for,4534886
the Old,4534242
and just,4533292
born in,4531791
since I,4531179
she says,4529855
of government,4527426
who did,4526326
called a,4525863
higher than,4522211
you look,4521792
but one,4521670
attempted to,4519630
about your,4519060
patterns of,4518908
the President,4518564
the son,4516728
all other,4515525
is difficult,4515507
identify the,4515167
go out,4514653
that at,4513994
then a,4513940
and often,4513293
the tree,4513146
the low,4512372
copy of,4512192
book is,4511596
I may,4511000
to lose,4509742
it the,4509172
add the,4508279
and go,4506287
up by,4505290
take place,4505178
half a,4504796
also have,4504694
he needed,4504331
to engage,4504000
dependent on,4503259
the post,4503213
commitment to,4502354
he heard,4499311
to death,4499247
later in,4496399
form a,4495438
an opportunity,4495126
mother and,4495051
last time,4493460
to grow,4492168
of various,4490768
as of,4489163
letter to,4488355
the darkness,4487120
of research,4487092
up her,4485876
woman who,4483923
before we,4481648
could only,4481089
this new,4480881
off his,4479284
answer to,4478237
is most,4476989
pattern of,4475302
it at,4475032
the eye,4473758
to explore,4472855
having to,4472632
children of,4471220
states that,4469660
director of,4468851
studies in,4467598
under his,4463604
the centre,4463319
the universe,4461120
think we,4460358
against her,4459546
the Indian,4459154
thought he,4457924
extent of,4457002
have become,4455577
where there,4454130
improve the,4449511
and told,4449392
the soul,4445001
that even,4444609
the literature,4442083
the firm,4436679
United Kingdom,4435223
located in,4432746
difference in,4430324
a two,4430135
on earth,4429559
a means,4427772
of man,4427000
that only,4426266
the mean,4422698
New Zealand,4421215
is nothing,4419706
influenced by,4419568
to both,4419493
this paper,4419238
rights of,4418795
out by,4418503
economic and,4417424
a nice,4416859
who will,4416779
said as,4416512
help me,4416180
the larger,4416153
speak to,4415162
that did,4415103
hands of,4414224
to sell,4412484
the federal,4409543
the scope,4406518
he left,4406377
said with,4405737
a and,4405550
front door,4404265
patient 's,4403405
around and,4399681
of energy,4398213
comparison of,4395617
a company,4395053
goal of,4394179
composed of,4393412
the outside,4393384
system and,4392590
do what,4392035
thing that,4387525
the distribution,4387184
political and,4386042
in English,4385408
and non,4385033
board of,4384411
the ball,4383312
be obtained,4381540
than he,4379856
his shoulder,4379725
in early,4374729
said it,4373718
play a,4373289
together in,4372722
both in,4372072
surrounded by,4371520
the method,4369993
the practice,4369720
than any,4369191
the Christian,4369085
your father,4368917
not stop,4368915
can we,4366367
tends to,4365829
one and,4365821
matter how,4364591
have taken,4363395
I were,4362524
until I,4357541
the hotel,4357403
know if,4356806
little more,4355170
decision to,4355108
division of,4353523
he held,4353513
being in,4353024
of age,4351872
our lives,4351026
rights and,4350860
we got,4347553
change of,4346984
back from,4346158
work is,4345953
I tell,4345706
will help,4344797
the normal,4340145
the higher,4339531
though she,4339503
like he,4337336
my hands,4335845
which to,4334740
for every,4332634
of state,4332261
and without,4330684
and development,4328688
to choose,4327808
about my,4326241
and perhaps,4326188
data from,4325040
the strength,4323652
sides of,4323426
to raise,4321929
went out,4321425
he wrote,4321282
in various,4321277
held in,4317812
belong to,4316235
were so,4316094
the Secretary,4314974
to complete,4314916
referring to,4314250
went back,4313890
an attempt,4313619
the report,4310682
if your,4309651
not matter,4309276
and finally,4308807
or if,4307369
in with,4306736
very different,4306705
arrived at,4306563
there and,4306533
knew he,4305116
rules of,4304555
than those,4303838
give up,4303683
deal of,4303288
benefits of,4302829
the expression,4302708
twentieth century,4302428
pay for,4302154
the contrary,4300740
it back,4299498
pursuant to,4298979
culture and,4298725
as those,4296694
say to,4296694
price of,4296443
the glass,4295033
feeling of,4293079
placed in,4292783
of blood,4292189
only by,4291764
she should,4291020
least one,4289544
between a,4288301
leaving the,4287929
was her,4287807
this in,4286270
the probability,4286241
the student,4286143
world and,4285200
the garden,4284939
out into,4283362
will do,4282952
living room,4279599
into their,4279452
could hear,4278974
which of,4276338
control over,4275843
from our,4273825
the problems,4271972
volume of,4271469
care for,4271215
appearance of,4271141
on these,4270926
until they,4270427
there in,4270311
language of,4268592
the red,4268212
year of,4268086
a social,4267896
love with,4267260
represents the,4266579
methods of,4266515
anything else,4266066
the opening,4264825
came up,4263508
a larger,4263478
hope that,4263253
York Times,4263039
the necessary,4262965
only if,4262396
will see,4261830
all things,4261314
he pulled,4260952
easier to,4260412
defined by,4258600
indicates that,4258582
and another,4258037
will come,4257236
and me,4255991
or as,4254098
were more,4252754
why not,4250695
connection with,4249310
long and,4248554
be said,4247192
my friend,4245813
he walked,4243452
after he,4243440
ten years,4242910
differences between,4242511
an alternative,4234629
there to,4233411
the conditions,4233008
he called,4232243
believe in,4232075
in public,4231658
mental health,4231192
hit the,4230702
to bed,4230063
protection of,4228986
indicate that,4228621
give him,4227478
of individual,4226256
the introduction,4225725
obtained by,4225500
the steps,4225250
thinking of,4223169
not worry,4223065
a thousand,4222900
and these,4222072
be there,4221936
when there,4221190
the function,4219887
the chapter,4218656
OF THE,4218617
in France,4218542
knew what,4217859
this place,4217733
weight of,4215682
the driver,4215119
establishment of,4214866
off and,4214506
the forest,4214017
out at,4213133
have it,4212975
climate change,4211721
focuses on,4211335
the board,4210517
the content,4208534
is found,4208315
in charge,4208274
are of,4208259
to happen,4207302
a story,4207217
company 's,4206447
movement of,4204254
coming from,4203653
in short,4201344
to recognize,4200874
you all,4199561
the ancient,4196809
it made,4195273
is well,4194522
approaches to,4194040
need not,4193931
to teach,4193866
see Chapter,4193063
a car,4192781
is another,4191504
of good,4190872
have found,4190247
makes the,4187602
the five,4187099
the pressure,4186911
both sides,4186151
a sudden,4186056
things to,4185316
those with,4185134
whom he,4184878
understand that,4184748
components of,4184586
in on,4183073
the Spirit,4182457
a fine,4182181
of nature,4181941
the relevant,4181908
that most,4181867
he may,4181744
the resulting,4180507
control and,4180361
this man,4180098
that as,4179330
to express,4178876
are made,4178500
the dog,4178311
one way,4174155
it means,4173784
show the,4173729
ways in,4173066
Jesus Christ,4172480
good for,4172056
them that,4171476
to escape,4171390
the teacher,4170898
nature and,4169095
one could,4168207
around his,4167562
shown to,4167311
after his,4167150
significance of,4165172
to whom,4164917
more information,4162476
not one,4162247
my brother,4161294
a position,4158722
under this,4158500
the Japanese,4157642
found it,4157174
until it,4157045
told the,4156881
a patient,4155618
father and,4155476
since he,4155271
let it,4151555
away and,4150654
other things,4150149
but even,4147814
my wife,4147275
one more,4147067
time is,4145477
the underlying,4144902
something about,4144488
stage of,4143815
thus the,4143002
and self,4142818
were on,4141933
help to,4141524
occur in,4140678
not work,4138614
the rule,4137943
the beach,4136610
politics of,4134600
her for,4131094
that moment,4129313
appeared in,4125862
work to,4125348
effects on,4125210
of California,4125133
for most,4123695
a dozen,4123144
they want,4122836
and should,4120481
demand for,4119321
now he,4118332
the conversation,4115703
man was,4114400
was looking,4111540
past the,4110163
the box,4109137
pieces of,4109085
for he,4107740
very little,4107381
the details,4105139
took her,4105036
to pull,4104291
the Roman,4104258
working in,4103847
place where,4101986
how she,4099323
my way,4097510
they 've,4096997
the Second,4096749
process is,4096710
the non,4095995
not enough,4094200
participation in,4094003
reach the,4092336
it makes,4091852
upon a,4090532
combined with,4090164
I needed,4089004
know where,4088829
staring at,4087748
to solve,4085780
he tried,4085570
of international,4085083
for I,4085082
represent the,4084913
the battle,4081512
something like,4080817
to examine,4080793
arms and,4080611
you really,4080151
my body,4078622
consequence of,4078230
be called,4077405
men in,4076749
the owner,4075916
but by,4074246
considered to,4073881
determined to,4071750
a business,4068675
author of,4067317
any one,4065752
assigned to,4064539
of land,4064527
to hide,4064492
my parents,4063061
association of,4062969
wanting to,4062277
the values,4061334
years and,4060725
for other,4060479
put his,4060353
see Figure,4060076
problem is,4059718
lines of,4058561
would come,4058440
went into,4057656
exposure to,4057425
stages of,4056951
tell the,4055936
or something,4055857
concluded that,4055510
to respond,4054852
that makes,4054033
served as,4053788
is he,4051019
the existing,4050664
capacity to,4050043
a direct,4049304
her fingers,4048139
you got,4047371
believe it,4046436
her the,4045220
she got,4044386
is then,4043839
most people,4043301
from being,4041085
aware that,4040484
the inner,4039691
did I,4039677
a critical,4037788
way he,4031917
divided into,4031162
be with,4031071
a non,4029738
the father,4028715
of local,4026018
a natural,4025799
and give,4024153
head to,4022135
mode of,4021947
good and,4021480
a combination,4020138
the sight,4018809
came into,4017748
the act,4017221
than it,4015966
given a,4015707
though they,4014040
force of,4013615
still be,4012901
design of,4012654
claim that,4012615
amounts of,4012209
is like,4009346
bed and,4008842
the Russian,4007866
I ask,4007350
a beautiful,4004916
two days,4004544
says that,4004369
to define,4003812
a separate,4003456
he put,4003426
while she,4003229
or of,4003017
a hard,4002062
Halseth English,4000777
was gone,3999807
introduction of,3999430
this world,3996668
report of,3994623
element of,3991829
them a,3991796
asked him,3990343
no need,3987493
act as,3987207
to fall,3986706
ratio of,3985492
to others,3984950
could feel,3984882
an early,3984376
and into,3984325
in no,3983510
is needed,3983371
gave the,3982690
is generally,3982634
important for,3982365
millions of,3981240
you said,3981102
they came,3980544
had had,3977600
the temperature,3977265
first place,3976255
the so,3972128
down a,3970078
and children,3969790
be applied,3969089
to drive,3968190
then there,3968087
of economic,3967917
figure out,3966998
is good,3966161
got up,3965437
what can,3963855
distinction between,3962886
the meeting,3962769
love to,3961541
not seen,3960719
is said,3960202
come and,3960165
and held,3959178
his gaze,3957223
component of,3956694
rise of,3956664
the train,3955837
the west,3955181
not being,3954477
model for,3954195
hands on,3954098
to seek,3953180
identification of,3952023
turned and,3950141
to treat,3950044
nothing more,3948238
learn to,3948083
end up,3947554
class of,3945758
to marry,3944477
and any,3944079
design and,3943994
allow the,3941407
the greater,3940835
out what,3940683
making it,3939548
created by,3939206
having been,3937688
use it,3937597
the discussion,3937021
the east,3935555
was trying,3935475
the Royal,3934572
requirements of,3934371
the passage,3931872
two men,3930159
who do,3929687
he sat,3929613
from what,3926262
the definition,3926222
my first,3925890
there may,3925403
the sum,3925047
the contract,3923878
a powerful,3922679
he reached,3922499
to prepare,3922216
me about,3921114
is because,3920387
reduction in,3919421
the bathroom,3916276
the status,3914857
exposed to,3914525
condition of,3912686
will need,3911903
the far,3911187
the few,3910107
rule of,3907703
afraid of,3905100
around him,3904774
an object,3904122
are given,3903848
it appears,3902211
he spoke,3902099
language and,3901873
the nineteenth,3901110
make up,3900277
was given,3899044
reported that,3897103
a light,3896490
were made,3896463
friends and,3896250
the flow,3895689
and water,3895223
feel that,3894902
fail to,3894566
through which,3892415
his neck,3891307
of mind,3890274
freedom of,3889337
already been,3888960
the establishment,3886866
and very,3886738
point to,3886442
just one,3885870
and time,3885293
as my,3882163
the Government,3882051
the network,3881448
the weight,3880365
her way,3879061
and sat,3878970
in them,3878605
the cross,3877591
State University,3876825
the requirements,3873596
of years,3873313
love of,3873007
written in,3872937
in question,3871463
rates of,3870926
why he,3870726
to fill,3869217
deep breath,3868953
today 's,3866966
costs of,3865135
plan to,3864933
to end,3863300
vision of,3862912
to decide,3862842
have never,3862744
the choice,3860969
room for,3860833
them the,3860525
you ever,3858643
feature of,3857107
interests of,3857008
him out,3856688
key to,3856540
was for,3856083
contained in,3855882
who 'd,3854603
was quite,3854301
the moon,3853984
aimed at,3853701
among them,3853586
center for,3853199
and services,3852566
this question,3851652
from those,3851136
success of,3850666
by all,3850151
the exact,3849703
the proper,3848873
structure and,3848702
my family,3847081
in there,3846898
the Council,3846271
early in,3845196
so what,3844250
above all,3841882
give it,3841747
I started,3841451
there for,3841133
the benefits,3840898
stay in,3839261
looked down,3838642
but her,3838376
name is,3838290
until she,3838225
what has,3833673
in Section,3832929
in line,3832808
the internal,3832489
the East,3832437
a step,3832185
six months,3830988
to more,3829205
brought to,3829138
let them,3828466
him at,3828372
Holy Spirit,3828145
the days,3827986
he just,3827535
expressed in,3827095
an additional,3826026
a right,3825522
a one,3823609
will find,3821989
the chair,3821639
attempting to,3821149
recognition of,3821005
the Jews,3819844
to measure,3818916
this day,3817465
society of,3816119
asked me,3815544
you find,3815063
chance of,3814949
develop a,3813996
students to,3813739
as its,3813268
War II,3812624
hair and,3811893
a line,3811506
focusing on,3811247
would go,3810802
behalf of,3810647
she smiled,3810500
carry out,3809473
a house,3809132
we use,3808641
the reasons,3805504
realize that,3804905
to manage,3804134
replaced by,3802878
the chance,3802628
a sign,3802620
still a,3799067
and well,3798594
be expected,3797274
of business,3796718
Human Rights,3796545
emergence of,3796519
to evaluate,3795329
I always,3793963
thought you,3793752
happy to,3792826
the figure,3792713
choose to,3791013
are likely,3790357
the private,3789925
to life,3789219
us and,3788814
a first,3788581
because there,3787347
time she,3787177
you with,3786518
to win,3786251
and hence,3783433
they went,3779808
it down,3778970
council of,3777172
for use,3774094
centre of,3773349
them out,3769608
study in,3768933
are able,3768467
available in,3767951
waited for,3767288
in South,3767189
was probably,3766363
but still,3765729
sat on,3764022
he smiled,3763383
concentration of,3762410
of England,3760919
examination of,3760523
the defendant,3758389
the rise,3758130
seen the,3757678
opportunities for,3757668
to listen,3757149
same thing,3755731
images of,3755305
in several,3754986
flow of,3753571
be one,3752459
hours of,3752305
not remember,3751279
women who,3750098
a private,3750026
voice was,3749928
and high,3749810
one would,3749693
makes a,3749230
shape of,3748861
and Social,3748042
say it,3747123
the ultimate,3747103
location of,3747025
men of,3746478
done in,3746163
my name,3744593
hand in,3743798
sense that,3743432
the well,3742245
research in,3740221
a further,3740061
place for,3739213
she needed,3738243
selection of,3736995
consisting of,3735194
to represent,3733236
the outcome,3732652
whereas the,3732480
a party,3731763
table and,3730388
will give,3730200
been to,3729919
a relatively,3728746
the condition,3726721
discuss the,3726268
attributed to,3725495
are they,3725380
growth and,3723522
memory of,3722638
never seen,3721980
she gave,3720485
taken from,3719209
was taken,3718524
and later,3717626
only when,3716146
years after,3715571
the background,3715355
why are,3715288
information is,3715271
she found,3711600
asked the,3709667
from them,3709063
by that,3708880
represented by,3707653
his death,3707193
more like,3707089
never have,3705812
understanding the,3705362
the kids,3704903
business and,3703072
a constant,3702128
this period,3702124
meant that,3701373
or for,3700665
to admit,3700229
door to,3700013
works of,3696638
are only,3696173
was then,3695545
or three,3693813
years in,3693499
your mind,3692819
a complex,3692390
a serious,3690893
given that,3688250
open and,3688117
of society,3687972
the entrance,3687715
and never,3685293
management and,3683589
provisions of,3683516
was over,3683482
I understand,3683338
object of,3682559
I take,3681485
put her,3679873
the play,3678826
more difficult,3676317
of modern,3674006
had in,3672472
large number,3671914
a national,3671834
made his,3671550
but do,3671377
make you,3670551
cup of,3669529
he seemed,3668658
is essential,3667630
the older,3667274
not too,3665219
of non,3664203
against him,3663084
awareness of,3661427
it became,3661133
conference on,3661066
this part,3659856
recent years,3659039
to attend,3657378
in him,3657305
to love,3657227
obtained from,3657085
man with,3656165
the members,3654401
three times,3654344
the location,3654331
me on,3653181
I find,3651319
overview of,3650585
the Supreme,3650452
it off,3650015
the Greek,3647851
by now,3647379
what happens,3647044
of control,3646513
money to,3646439
the needs,3645910
even to,3644830
of China,3643653
you come,3643545
the management,3641270
the mass,3640642
and local,3639573
effectiveness of,3639152
determination of,3637110
if only,3635550
your mother,3634533
and white,3633765
is done,3632681
to where,3632578
mass of,3631788
of great,3631579
is how,3630557
Hong Kong,3629743
it over,3629656
benefit of,3627528
studies have,3627494
of State,3625839
people have,3624783
had only,3624376
in three,3620855
observed in,3620109
generation of,3614756
the argument,3614189
size and,3612660
become more,3611661
is therefore,3611230
the health,3610927
on behalf,3610924
the latest,3610603
they both,3609872
a broad,3608987
at your,3608138
do a,3607673
to report,3607604
a political,3605335
far away,3604401
the biggest,3602446
the particular,3601759
three days,3601574
but did,3601437
the computer,3600329
children with,3599772
table of,3599028
on with,3596082
himself in,3595775
to lead,3594909
a sort,3593405
potential for,3592944
and control,3592772
things are,3592525
probability of,3591994
to participate,3591328
of making,3591319
the capital,3590830
from these,3590791
the bridge,3590751
had told,3589104
the consequences,3588689
was getting,3588213
at them,3588108
a role,3588093
did she,3587076
yet the,3586512
problems of,3586473
think the,3585612
here are,3585605
go through,3584237
wondered if,3584003
she made,3583599
base of,3582470
away with,3582240
right and,3580777
his friend,3580393
contributed to,3580026
sitting on,3579769
via the,3579730
why would,3579699
while they,3579219
found out,3577347
his right,3576961
eyes of,3575688
face was,3575023
best of,3572961
once a,3572217
what kind,3572013
I look,3571087
Academy of,3570144
she heard,3570091
familiar with,3569998
call the,3569954
they found,3569610
belief that,3569282
can find,3569074
issues of,3568541
you going,3568493
gone to,3568480
the historical,3568437
need of,3566611
the art,3566587
around to,3565925
a strange,3565389
of about,3565040
government and,3564896
the shape,3563813
particularly in,3563723
Soviet Union,3563562
be here,3562273
are as,3560914
wide range,3560395
causes of,3559951
in human,3559255
a decision,3558259
responses to,3558190
lives of,3557972
to mention,3556720
that each,3555830
a country,3555439
down her,3554605
entitled to,3553630
not mind,3552151
whether they,3550391
anyone else,3550379
the conclusion,3550337
tell us,3549008
he wants,3548982
and forth,3547807
war and,3546717
power in,3546688
their work,3546159
was really,3545112
and tried,3545005
of language,3543505
influence on,3543097
by my,3542261
address the,3541147
with another,3540485
half the,3540314
where is,3540310
was done,3539769
stated that,3537584
they need,3536858
the novel,3535832
bound to,3535608
all day,3534912
are shown,3532248
and family,3530572
the Gospels,3530444
you make,3529420
population of,3528364
information to,3528058
were used,3526808
the twentieth,3526612
conception of,3526442
as opposed,3525893
for three,3524709
could make,3523764
the afternoon,3523758
a central,3522921
the volume,3522764
the lowest,3522510
the feeling,3522368
I go,3522170
on some,3521989
to generate,3521061
were able,3520755
relevant to,3520635
heard of,3520408
very important,3519834
not very,3519460
points of,3518354
her from,3517745
back the,3517170
approach is,3516898
but are,3516241
considering the,3514379
go into,3514185
and less,3513224
I put,3511907
mind and,3511487
men were,3511391
the horse,3510714
of living,3510423
sitting in,3510283
was of,3508263
a boy,3506762
the gate,3506617
the guy,3506243
on you,3505720
happen to,3505248
social media,3504804
they say,3503565
she came,3503501
of something,3503375
into it,3503276
the woods,3501198
and work,3500689
make them,3499852
Middle East,3499118
have more,3498118
with both,3497548
has made,3495953
of individuals,3495809
that both,3494302
total of,3492105
more time,3492092
the reality,3491349
was with,3490979
together and,3490905
sequence of,3490846
here 's,3489153
the midst,3489068
now it,3488955
family members,3488763
to realize,3488449
the Western,3487836
use to,3486472
why you,3484831
Republic of,3484634
free to,3484388
these people,3483555
the roof,3481778
be better,3478866
and public,3478474
up as,3478411
the success,3477685
of paper,3476986
was out,3476971
a picture,3476865
down from,3476183
some sort,3476129
received a,3475413
the force,3475215
his throat,3475140
but my,3475015
and because,3474125
to demonstrate,3474029
the names,3473780
to test,3473196
I left,3471081
sat in,3469662
school and,3469554
a copy,3468822
the security,3465599
the camera,3465491
evidence for,3465415
a plan,3465149
of natural,3465006
point is,3464883
a regular,3464864
time you,3464737
four years,3464015
in common,3463718
country 's,3463638
to assist,3463586
the facts,3463572
in children,3463348
pulled out,3462785
man is,3462393
and through,3462335
ask for,3462222
several times,3461964
implications for,3461333
the plane,3461222
anyone who,3461002
let you,3460239
the hill,3459493
data and,3459217
or is,3458946
North America,3458056
a source,3457457
me from,3457303
behavior of,3456205
sure to,3455904
for being,3455834
I used,3455322
a voice,3454966
covered with,3454895
that do,3454787
of small,3454754
the operation,3454480
the capacity,3452333
begun to,3450614
defined in,3449544
away the,3448438
world is,3447559
remove the,3444963
not what,3444583
takes place,3444441
since they,3444227
when his,3443827
activity of,3442461
in high,3442437
examine the,3441729
the vast,3441341
him up,3439911
a review,3439470
and got,3438214
appear in,3438137
next morning,3438065
two weeks,3437709
died in,3437393
can tell,3437205
an excellent,3436783
children in,3436291
question is,3434833
of national,3433694
the single,3433451
the dominant,3432232
let go,3432093
the Earth,3431723
in Germany,3431399
seek to,3430046
land of,3429895
faith in,3428674
an idea,3428423
to present,3427347
which could,3427245
could tell,3426585
he still,3425970
she tried,3425471
standing in,3425278
statement of,3423306
said she,3422630
midst of,3422537
models of,3421904
the soil,3421711
not on,3420542
to place,3420530
the park,3420046
of education,3418864
we go,3417787
looked around,3417630
to worry,3415996
we went,3415910
the character,3415106
tended to,3414655
ever since,3413793
than they,3413367
African American,3412930
his words,3409894
is associated,3409879
a message,3409225
get in,3409012
where are,3408168
you doing,3407915
set in,3405657
the free,3404843
laws of,3403901
would say,3403432
a dark,3402896
no reason,3402252
man to,3399906
I turned,3399866
us a,3399511
are required,3396237
the counter,3394437
you tell,3393357
the press,3391961
her family,3390859
a typical,3389759
region of,3389250
possession of,3388094
the mountain,3383556
of four,3383314
from any,3382939
although he,3381793
me out,3381656
way for,3381299
in for,3380346
come into,3380324
done to,3379894
made for,3379158
new and,3379109
from each,3377385
had he,3377123
this volume,3376752
the disease,3376516
round the,3376490
the events,3375246
in so,3374516
results from,3374147
stood in,3373995
her on,3371505
production and,3370436
and support,3370183
heard a,3369256
the Father,3369211
never had,3368816
described by,3366205
contribution to,3365632
is where,3364733
while it,3364490
about me,3363153
talked about,3362423
something of,3362060
reduction of,3361969
either the,3361874
no time,3361175
the call,3360455
his hair,3360438
dealt with,3359959
the Spanish,3358572
have shown,3357594
focus of,3357140
a unique,3356275
a situation,3355431
were at,3355232
describes the,3355136
frequency of,3354988
the memory,3354617
China 's,3353835
told them,3353619
one has,3350891
day in,3350105
to further,3349837
make me,3349152
matter what,3348073
than you,3348000
placed on,3347903
be understood,3347537
mind that,3346815
into two,3345812
and New,3345059
which means,3345053
was coming,3344394
learning and,3343408
to discover,3342860
few of,3342587
and John,3342541
and three,3342406
my husband,3339164
relate to,3337783
directly to,3334711
followed the,3334337
in bed,3331854
the policy,3330032
I wonder,3329482
build a,3329296
be too,3328665
have gone,3328122
remember the,3328006
before him,3327713
the love,3327134
or on,3326967
the balance,3326539
for now,3325809
had some,3325533
out as,3325369
sit down,3324548
how does,3324070
been shown,3324022
only two,3324014
dressed in,3323756
art of,3322934
it by,3321994
government of,3321865
are those,3321569
the means,3320720
and early,3319672
been found,3319605
the rain,3319074
the laws,3319030
just before,3318784
a consequence,3317902
and each,3316744
want me,3315768
up into,3315665
with others,3315590
provision of,3315221
the minimum,3314764
I began,3314450
start of,3313305
light and,3312617
with whom,3311769
all he,3311555
the rights,3311346
that should,3311177
my dad,3310862
give them,3310847
right hand,3310794
much less,3310165
is seen,3310104
the White,3309787
start to,3309386
held the,3309027
the critical,3308527
site of,3307862
being able,3306420
with different,3305993
the authority,3305798
off her,3304092
belonging to,3304003
way the,3303488
is probably,3301102
was this,3299866
of Chicago,3299473
her sister,3299230
and new,3298973
starting to,3298677
get up,3298537
becomes a,3298379
had his,3298334
report on,3297538
one for,3295724
the fall,3294704
when one,3293608
you take,3293409
the weather,3293191
the inside,3292360
me what,3291667
removal of,3290785
considered as,3290740
possible that,3290317
pain and,3289411
the circumstances,3289220
her up,3288999
this and,3288957
questions about,3288736
of production,3287732
with God,3287303
smiled at,3287184
higher education,3287142
one with,3285844
now you,3284220
to handle,3284204
having the,3284186
just in,3283859
have their,3283566
in detail,3283205
more complex,3281659
the outer,3281574
origin of,3280233
culture of,3280207
it just,3278598
in here,3278310
the help,3277810
acts of,3276560
the interest,3276303
of history,3275697
been an,3275452
for in,3273186
of thought,3272378
to note,3271915
characteristic of,3271430
get you,3270314
around a,3269713
on any,3269354
the Jewish,3269325
to secure,3266925
created a,3265952
over my,3264988
go home,3263824
the perfect,3263288
watched the,3263141
a free,3263013
to investigate,3262929
a perfect,3262874
process and,3262760
the benefit,3262667
bring the,3261783
have in,3261728
implications of,3261058
of art,3260210
they said,3260047
a table,3259706
a product,3258093
to enjoy,3258046
to date,3257480
a New,3256757
to suggest,3255888
a slight,3255449
he continued,3254739
something in,3254131
about them,3252932
as was,3252776
the trial,3251937
the official,3251677
and while,3251617
with many,3251555
to deliver,3251126
a personal,3251031
it felt,3249912
the questions,3249696
all their,3249639
my sister,3249566
go with,3249022
the fundamental,3246524
saw him,3246369
it 'll,3246073
glad to,3246037
in writing,3245618
my son,3245283
it again,3244909
he started,3244729
additional information,3244229
all her,3242107
mean to,3241494
expansion of,3241013
it not,3240551
way out,3237739
person to,3237735
views of,3237091
time as,3236902
how are,3236397
the victim,3235900
not allow,3235801
a baby,3235623
place and,3234929
into this,3234905
herself to,3234501
she must,3234039
here for,3233192
the output,3232671
extension of,3231627
home in,3230697
of health,3230358
especially when,3230205
rid of,3229691
knew she,3226996
the changes,3225790
returning to,3225764
him into,3223674
produce a,3222867
themselves to,3221913
right in,3218727
a lack,3218714
place the,3218342
protect the,3217536
her legs,3217182
is by,3217180
until you,3217143
black and,3216935
failure of,3216586
wife and,3215530
a glass,3215248
the General,3215190
thing I,3214009
this area,3212843
of certain,3212502
be treated,3212245
from behind,3211920
