ngram,freq
de la,122122977
en el,61782412
en la,54597619
de los,52695172
a la,47243022
de las,34178770
que se,33675975
lo que,32134305
que no,21804136
de su,21250362
a los,20597494
y la,20194009
de que,19553482
de un,18904721
que la,17945771
con la,17628491
que el,16987766
y el,16711991
con el,16171336
de una,15576115
por la,15102394
en los,14951524
por el,14722228
en su,14278437
a su,14092047
en un,12913605
y de,12208532
y se,11806615
en las,11734946
no se,11547766
a las,11019034
de sus,9531763
en una,9462715
que los,9392301
y que,9065463
y los,8673467
que le,8572251
no es,8243540
y en,8160777
para que,8147081
a un,8133069
y no,8105575
la que,8012241
que me,7980082
y a,7905234
todos los,7703349
con un,7430883
con los,7428550
el que,7236377
de lo,7172309
los que,7003600
es el,6982278
con una,6941941
para la,6932673
que en,6891603
la vida,6707634
antes de,6666349
es la,6651991
en que,6630972
que había,6629752
después de,6526384
es un,6440025
que lo,6285508
para el,6244053
y las,6229391
uno de,6216721
por lo,6178907
pero no,6166144
por qué,6139373
sobre la,6085612
sin embargo,6069573
que es,6006335
a una,5902772
es que,5891336
como si,5546301
es una,5473651
la cabeza,5343151
en este,5307274
que las,5178732
se había,5161093
no me,5149911
sobre el,5149860
parte de,5145057
por los,5054609
y su,5004123
los ojos,4951863
se ha,4942346
de mi,4854169
con las,4830113
con su,4818755
todo el,4768106
se le,4696622
la puerta,4659195
todas las,4643832
a través,4572244
no lo,4535282
de este,4494844
como un,4485805
a lo,4404337
por su,4377995
más que,4367996
una de,4360565
a sus,4354432
el mundo,4221543
la mano,4197050
un poco,4136757
como el,4121160
y lo,4112687
de esta,4109784
que te,4091124
que nos,4036113
en sus,4004481
y me,3969728
y por,3966998
por un,3960135
si no,3952109
y con,3950774
entre los,3938710
como la,3930747
más de,3919760
la misma,3884391
una vez,3876200
por las,3796131
y le,3773457
todo lo,3748275
a mi,3725885
que su,3713739
ya que,3680070
tipo de,3652723
través de,3634162
no era,3592257
las que,3580279
hasta que,3567739
que era,3554281
no le,3543632
por ejemplo,3527818
a que,3431648
como una,3429323
desde el,3409480
la primera,3399212
cuando se,3378861
que a,3370103
no había,3334301
dentro de,3308644
de ser,3303192
la casa,3292634
y un,3273091
ya no,3255070
creo que,3254069
los dos,3229147
punto de,3184097
era un,3167741
la ciudad,3159237
toda la,3150516
el tiempo,3142453
la de,3111352
así que,3109520
así como,3098651
no te,3091755
le había,3081444
iba a,3077850
que estaba,3055596
de nuevo,3027467
no hay,3021808
que yo,3019544
en ese,3013208
y sus,3009422
un hombre,3002940
y una,2996581
las cosas,2984690
el mismo,2978187
en mi,2975578
de forma,2971291
de manera,2962742
la noche,2949788
hasta el,2902458
de todo,2898689
a pesar,2898233
con sus,2879060
el caso,2869791
o de,2846142
a partir,2838898
se puede,2835204
y yo,2808199
ha sido,2805395
forma de,2804813
la historia,2801966
hay que,2793847
para los,2779561
es decir,2745013
en lo,2744756
y al,2717768
caso de,2713642
las personas,2689320
la gente,2671058
que él,2670058
el de,2663669
cuenta de,2659638
a ser,2659152
si se,2649485
no podía,2642547
en cuanto,2640618
pesar de,2640372
va a,2636277
se lo,2634652
sobre todo,2619830
vez que,2619155
de él,2608404
de ellos,2608094
a mí,2605294
de Dios,2602783
por una,2602484
había sido,2597446
las manos,2588198
hacia el,2573760
de ella,2573156
tal vez,2563391
el hombre,2548186
por eso,2522746
que un,2517745
los demás,2517481
era una,2513395
el día,2510677
es lo,2496361
que ha,2483706
el momento,2481154
de acuerdo,2471037
frente a,2449094
en esta,2438758
cada vez,2437413
era el,2425055
que ya,2415872
la muerte,2405800
los hombres,2395389
a veces,2390781
partir de,2386847
con él,2384715
su vida,2382326
del mundo,2372219
al menos,2370169
desde la,2335664
se trata,2330908
puede ser,2329253
entre las,2326742
voy a,2316470
la mujer,2312734
junto a,2287697
que tenía,2254590
de todos,2253843
algo que,2229132
la mayoría,2217553
su padre,2211164
sino que,2191666
hacia la,2182631
la verdad,2180945
de trabajo,2154128
las mujeres,2152432
era la,2144971
trata de,2116631
y luego,2108834
que ella,2103684
lo mismo,2100349
se han,2092810
medio de,2085760
y del,2085095
no sé,2074056
el primer,2059336
yo no,2058755
número de,2034345
que una,2031481
la luz,2029303
la tierra,2019961
que está,2018297
al que,2015500
le dijo,2015300
su madre,2001027
un momento,1998200
cada uno,1995285
como en,1991959
ni siquiera,1973673
en realidad,1972096
y si,1964297
llegar a,1963662
hasta la,1963615
la sociedad,1961823
lo más,1959362
mucho más,1958423
a él,1954435
fin de,1954138
cuando el,1953847
una mujer,1945111
mayoría de,1942879
sabía que,1940725
sobre los,1918264
la idea,1917886
no puede,1909433
de cada,1903231
la mirada,1886613
volvió a,1878835
tenía que,1877352
de ese,1875753
la parte,1871971
los niños,1871145
si el,1863331
idea de,1860171
no tenía,1846474
la cama,1845295
la cara,1841130
en cuenta,1838479
Estados Unidos,1833985
la mesa,1832987
entre el,1828482
casa de,1828417
de tu,1827865
a todos,1827304
la forma,1824987
capaz de,1822665
donde se,1815377
parte del,1814504
durante el,1814418
proceso de,1813799
o la,1811262
en todo,1806932
la guerra,1799866
vez más,1793594
que les,1789902
o no,1787913
hecho de,1787017
es muy,1783705
con ella,1782451
si la,1780721
la calle,1770803
la situación,1759630
es de,1758759
la familia,1757477
las dos,1753989
que son,1746063
lugar de,1740889
otra vez,1734338
mientras que,1732980
estado de,1731464
volver a,1728390
que tiene,1728242
muy bien,1727735
lo cual,1726599
del siglo,1719827
el suelo,1715208
cuando la,1715045
de esa,1710628
sus ojos,1701222
la boca,1694196
pero la,1692996
al final,1692526
durante la,1686738
por tanto,1685369
de vida,1683169
que si,1674210
entre la,1669221
el trabajo,1668889
el proceso,1666769
el resto,1665309
la información,1661705
el cuerpo,1660659
a ella,1658684
decir que,1658549
de estos,1656978
igual que,1652441
los años,1651514
pero el,1650170
la cual,1649710
lo largo,1644898
la empresa,1644629
que de,1643088
además de,1640790
a ver,1640077
de hecho,1639523
el otro,1639360
y como,1636106
que por,1635680
es más,1629487
o en,1628840
lo había,1623105
que hay,1621517
la voz,1620564
necesidad de,1611405
como los,1610899
el amor,1608353
al mismo,1606631
es posible,1601683
son los,1599902
que sea,1598469
tiempo que,1598259
esto es,1596915
y es,1595698
la mañana,1594157
sobre las,1592518
la Ley,1590774
otro lado,1585931
de mí,1583847
no tiene,1580208
tiene que,1579927
se me,1578696
el camino,1576081
un día,1566039
la realidad,1565849
y para,1565227
por supuesto,1561887
más tarde,1558303
y sin,1555924
está en,1554826
una gran,1554270
un buen,1548014
mi padre,1547842
la persona,1544656
el hecho,1536495
ese momento,1535537
para su,1535512
más allá,1520375
dijo que,1519795
se encuentra,1519719
como se,1515097
eso es,1514487
pero en,1512841
o el,1511549
de modo,1507987
y más,1505728
el nombre,1503559
los de,1503165
estaba en,1502433
grupo de,1500491
a hacer,1500081
la ley,1498721
a cabo,1498215
una persona,1497691
vamos a,1493990
de dos,1491363
no puedo,1489417
relación con,1488009
no obstante,1487739
falta de,1484000
el cual,1483470
fuera de,1483246
primera vez,1482584
empezó a,1479311
el corazón,1477362
posibilidad de,1476589
no son,1476236
con lo,1474838
me ha,1473504
sistema de,1471440
a casa,1467816
historia de,1464104
las palabras,1461120
par de,1460993
un gran,1458370
la naturaleza,1457441
la vista,1456970
el desarrollo,1456861
cerca de,1451726
de no,1450324
que han,1450252
la otra,1449662
del Estado,1448754
no estaba,1447651
no sólo,1447166
ir a,1444297
porque no,1440760
ella se,1439880
y otros,1435803
mi madre,1423583
el sistema,1419916
debido a,1418764
y cuando,1416000
años de,1414310
que nunca,1412625
la hora,1407408
contra la,1405700
la palabra,1404373
hora de,1399733
del mismo,1399573
en ella,1396668
un lado,1395778
a tu,1395390
en él,1394649
se quedó,1393856
acerca de,1389691
modo que,1387553
el punto,1387209
también se,1384032
los derechos,1383964
sin duda,1383046
de todas,1382273
que habían,1381869
la habitación,1381355
no la,1378557
ante la,1377038
la población,1374239
gracias a,1373989
y también,1373705
como para,1373596
un par,1371699
aunque no,1367805
resto de,1363317
claro que,1360030
su cuerpo,1359665
contra el,1358695
que todo,1357045
había hecho,1356331
de mis,1356008
nombre de,1355137
detrás de,1354604
el agua,1353440
sí mismo,1352948
la relación,1350824
mismo tiempo,1350045
personas que,1341391
parece que,1336484
de agua,1330116
se puso,1328599
la obra,1326889
que puede,1323712
de haber,1323431
para las,1320536
el número,1320535
que sus,1319055
la posibilidad,1316069
cómo se,1315808
por encima,1314383
el artículo,1311400
momento de,1310996
a quien,1310632
la última,1309604
de estas,1306374
él se,1305551
respecto a,1305318
la mayor,1303608
de nuestra,1301525
a punto,1301256
la segunda,1300789
el poder,1300104
a este,1296211
encima de,1295395
por parte,1293288
los primeros,1292665
en cada,1290580
uso de,1289006
de vista,1284412
a menudo,1282369
el lugar,1279278
se habían,1278851
su casa,1276209
serie de,1275072
el año,1274524
por sus,1272871
en medio,1272791
de verdad,1272591
desarrollo de,1270554
la necesidad,1267760
en cualquier,1265050
por favor,1263959
la única,1263750
mi vida,1263026
no ha,1262818
su propia,1255746
el aire,1252768
de hacer,1251731
y después,1251367
qué no,1248080
la zona,1242159
o a,1238601
y así,1236080
para mí,1235930
la vez,1235532
largo de,1232419
que al,1232252
sé que,1231153
vida de,1229869
se les,1228998
son las,1225148
a continuación,1223072
acuerdo con,1221829
no solo,1220771
la atención,1220032
eso no,1219649
delante de,1219056
desde que,1217808
capacidad de,1217484
vez en,1216046
me lo,1215882
comenzó a,1214670
de ellas,1213546
una nueva,1213109
en general,1210878
ser un,1209473
y él,1209169
los días,1208413
que mi,1206866
fue el,1202126
no está,1201498
centro de,1200925
tiempo de,1200587
dice que,1200550
nivel de,1199710
pero que,1198665
único que,1197376
en casa,1196816
los otros,1195756
no quería,1195524
una sonrisa,1192505
en aquel,1192423
millones de,1190821
general de,1187787
cosas que,1185543
se dio,1184770
en forma,1184732
lo mejor,1183498
sin que,1183175
por fin,1181936
con que,1180662
por ello,1179924
que ver,1178322
la presencia,1177906
me dijo,1172916
que más,1169797
la fuerza,1166349
lo tanto,1165331
que hacer,1164629
la existencia,1163305
el centro,1163053
su hijo,1161058
que fue,1160540
lado de,1157352
me había,1157206
un lugar,1155399
como las,1154849
bajo la,1154487
si es,1153267
una serie,1151883
vas a,1151579
los últimos,1151207
es necesario,1150073
el señor,1149070
un nuevo,1145400
el uso,1143922
ha de,1142601
qué es,1142016
no sabía,1141075
de qué,1140637
et al,1140239
tengo que,1140155
puesto que,1137731
y ahora,1135820
el problema,1133237
se refiere,1131235
ya se,1131071
presencia de,1130414
él y,1129676
de pronto,1129520
para poder,1126928
nada más,1126037
las relaciones,1125339
la imagen,1124570
cantidad de,1123605
para no,1122244
pensar en,1121699
mejor que,1121093
una buena,1119465
los cuales,1117683
que con,1117088
la cocina,1115875
la señora,1115763
se debe,1115639
nada de,1114650
los brazos,1114581
lo único,1113828
de nuestro,1113303
la Iglesia,1113127
el fin,1109867
se la,1108446
en tu,1106021
y eso,1104216
la libertad,1103678
si bien,1102578
de San,1101505
de repente,1101245
la política,1100486
en esa,1099894
la razón,1099143
que también,1098514
mucho tiempo,1097817
el último,1096903
sobre su,1096448
dentro del,1095690
en España,1095567
bajo el,1094056
la acción,1093867
como lo,1093775
en cambio,1092054
en lugar,1090620
al otro,1089563
los tres,1086857
los labios,1083840
del que,1081573
en relación,1079881
la capacidad,1078898
y ella,1076478
día de,1074603
el derecho,1074090
otra parte,1070533
pero también,1070366
manera de,1070137
el único,1065982
la Universidad,1064227
la actividad,1063594
especie de,1061237
el más,1061167
los mismos,1059778
había visto,1059466
que sí,1058991
él no,1057928
a ti,1057186
los datos,1056423
los casos,1055589
la sala,1054634
lo sé,1052540
modo de,1052283
el valor,1050526
sensación de,1048448
para hacer,1045916
cuanto a,1045411
y nos,1044361
un grupo,1042491
su lado,1040853
que todos,1037982
los más,1037393
la respuesta,1036353
se hace,1035859
ante el,1032694
hombre que,1031736
más bien,1031364
al día,1030488
llegó a,1029977
hablar de,1029048
de estar,1028893
el rostro,1028867
una forma,1028828
a Dios,1028702
este tipo,1027650
derecho a,1026149
la más,1024327
a otro,1023910
el sentido,1023313
por otra,1023285
de toda,1021306
de aquel,1018199
si lo,1017426
la base,1017382
que este,1016471
alrededor de,1016179
los Estados,1015502
ver a,1013909
a esta,1013389
del sistema,1012868
se acercó,1012408
ciudad de,1011613
la tarde,1010094
que tienen,1009001
la madre,1005954
los resultados,1004928
poco de,1003414
manera que,1003080
que para,1000148
que he,998993
de personas,998874
la educación,997037
no quiero,996974
era de,994360
fue la,994283
a todo,993427
no nos,993178
la espalda,991020
del tiempo,990682
los medios,990605
una especie,989401
de otros,988943
la ventana,988676
y otra,987982
el cielo,987593
te lo,986957
conjunto de,986368
han sido,985097
que esta,984810
a sí,980051
la experiencia,979565
se pueden,977712
tipos de,975869
otra cosa,975580
algo más,974204
el pueblo,974131
una parte,973423
final de,972639
le dio,971721
la había,971484
puerta de,970266
una mano,970046
el tema,969352
la cultura,969040
momento en,968605
en torno,967659
con mi,967255
por medio,967082
de cualquier,966945
cada una,966182
la escuela,964035
la entrada,962493
al lado,962490
este caso,960849
se encontraba,960128
ella no,960080
las condiciones,959207
base de,958739
por otro,956669
el gobierno,955842
de unos,954600
a nadie,954331
como de,954180
algunos de,953892
pero si,952938
para un,952181
de seguridad,951600
el segundo,950176
allá de,948625
del país,947686
de diciembre,947071
junto con,946482
debe ser,945933
la piel,945245
la producción,945063
poco más,944937
de pie,944237
de esos,944167
nacional de,944166
algo de,943931
se volvió,942115
pueden ser,941952
yo me,941851
el rey,941450
los dedos,939488
al ver,939304
que nadie,936935
y qué,936886
los países,936635
que están,936521
hijo de,935141
o por,935057
en estos,932912
la mente,932787
Universidad de,931597
pero se,930153
miró a,928778
del hombre,928586
of the,928564
través del,927298
nada que,926938
el libro,926926
de eso,926720
el resultado,926083
al principio,925348
tiene un,924785
dicho que,924515
van a,923765
para ser,922988
no fue,922899
en todos,922251
en silencio,921550
se sentía,921056
de ello,920532
la sangre,920289
el pelo,920271
al fin,920070
que tú,919711
su propio,919223
el principio,917834
la práctica,917793
que hace,917567
como a,916929
clase de,916848
las de,916598
entre ellos,916428
con más,915046
le preguntó,909548
ella y,909097
la pared,909048
a cada,908520
la lengua,908478
objeto de,907034
causa de,906249
había estado,906189
es como,905984
e incluso,903706
con ellos,902358
la organización,902317
todo esto,902067
hay un,901720
por primera,901397
se encuentran,901396
su vez,900680
los pies,900241
el sol,899219
función de,899117
de datos,899106
hay una,899077
el campo,897130
el dolor,897067
Nueva York,894985
en caso,894846
vida y,894672
de España,894402
no tengo,894096
Buenos Aires,893567
ojos de,891802
de México,891653
trataba de,891334
que pueden,890847
entrar en,889661
al igual,887846
dejar de,887795
el siglo,887332
cambio de,886251
un sistema,885151
una sola,885128
su hermano,884946
que fuera,878813
y todo,876536
la iglesia,875643
para una,875570
al cabo,875422
el futuro,875313
dijo el,875183
con todo,874346
pensar que,874226
la siguiente,873906
la salud,873462
la gran,872523
que iba,871929
ser el,871642
las mismas,871096
su nombre,868981
y otras,868563
que siempre,867324
debajo de,866562
a tener,866037
el primero,865464
ver con,865254
en dos,865209
sino también,864836
la mitad,864771
la propia,864367
la creación,864366
los problemas,864145
vez de,864091
cosa que,862246
de aquella,862058
se levantó,861858
el dinero,860972
fue un,860695
de julio,860297
también en,859583
ser una,857807
la comunidad,857382
la nueva,856271
a otros,855369
pero lo,854924
la figura,854700
mientras se,854432
y te,854099
de tener,851962
la música,851937
en qué,851915
la época,851382
de comunicación,850741
sus hijos,850272
el Estado,849869
el fondo,848746
un tiempo,848612
poco a,848480
cuando los,847416
el control,846053
a poco,846030
de ti,845497
que ahora,845323
de información,844709
lo menos,844552
el padre,843164
sus manos,842675
los hijos,841981
seguro de,838971
supongo que,836180
el país,835319
esta vez,834741
ha hecho,833880
según el,833005
el interior,832383
tenía la,832088
a alguien,830288
en todas,829924
muerte de,829612
el niño,829146
del cuerpo,827525
este libro,827063
del día,826936
la expresión,826081
principio de,825153
existencia de,824456
la pena,823282
más importante,823250
medida que,821874
del pueblo,821541
un año,821468
que podía,821410
tenemos que,821184
ley de,819574
persona que,819519
su parte,819144
tal como,819133
o un,818894
tuvo que,818784
su rostro,818436
de otro,817953
posible que,817732
dio un,816285
en efecto,815952
me he,815237
a decir,815195
de tres,813802
sus padres,813153
los siguientes,812623
el brazo,812571
el tipo,812188
hablar con,811922
se trataba,811791
de otra,811418
grado de,811229
DE LA,810646
aún más,810040
había dicho,809136
aún no,808778
ya lo,808223
la formación,807703
las empresas,805990
de madera,805713
tanto en,805058
es cierto,805051
según la,804224
o menos,803734
consiste en,803641
porque el,802183
a toda,802019
que cuando,801725
el papel,801633
tras la,801603
o que,801475
un pequeño,801053
concepto de,800891
si fuera,798957
un proceso,798714
los efectos,798244
los pacientes,798241
la investigación,797762
me parece,797568
formas de,796763
su mano,796422
los padres,795889
no pudo,795775
control de,795644
de tal,795550
de esas,795533
pero es,795526
una cosa,795351
para él,794713
de sí,794275
tiene una,794108
pero a,793470
salir de,792032
de mayo,791802
para evitar,790389
derecho de,789858
de tiempo,789712
mayor parte,789339
obra de,789336
en otras,788548
era que,788105
la función,787342
de poder,786547
riesgo de,786438
de junio,786371
de inmediato,786072
un solo,785779
que ser,785765
la región,783527
el espacio,783413
puede que,782968
el propio,782409
y ya,782346
que pueda,782104
las cuales,781665
a mis,781343
porque la,781288
se fue,781068
de La,780313
es importante,779569
cual se,779192
de uno,779085
y mi,778908
si me,778622
cabeza y,778227
el ámbito,777796
un niño,777083
tienes que,776625
la manera,776490
de color,776394
la construcción,775286
de nosotros,773393
en nuestro,773275
una vida,772120
se hizo,771926
que estaban,771775
su familia,771017
el paso,770153
más o,768930
su hija,768188
la policía,767967
está bien,767883
menos que,767831
la sensación,767759
el tratamiento,766839
tenía un,766485
día siguiente,766483
las siguientes,766085
siempre que,766053
de noviembre,765998
los miembros,765807
en particular,765428
valor de,765233
la vuelta,765217
a ese,764594
una relación,763296
menos de,761294
el estado,761281
de octubre,760917
la economía,760278
trabajo de,760037
que sólo,759997
sentido de,759187
en voz,758378
a uno,758046
es tan,757961
cuenta que,757697
en sí,757388
era muy,757234
sí misma,757091
hombre de,757012
los elementos,755886
la memoria,754408
llevar a,754029
para ello,753708
la dirección,752306
durante un,751955
en términos,751914
y entonces,751515
mucho que,751427
de marzo,751401
la estructura,751393
seguro que,751353
fue a,751217
mano de,751059
miembros de,750979
pese a,750611
que cada,749802
los recursos,749468
que eso,749427
campo de,749236
de ahí,749044
la enfermedad,748945
se detuvo,748274
aquellos que,747914
del trabajo,747799
de enero,747593
las piernas,746951
los procesos,746527
un rato,746353
la importancia,745070
era lo,745051
que haya,744667
se sentó,744572
la teoría,744116
a medida,744083
de oro,743561
desde luego,743469
por no,743287
qué se,743009
la mejor,742868
análisis de,741966
en vez,741618
el estudio,741508
la República,741019
el objetivo,740988
su voz,740890
muchas veces,740217
qué te,740200
la falta,739827
la línea,739680
llena de,739445
y hasta,737316
lugar a,737280
una pequeña,736782
quiero que,736246
entre sus,735720
lejos de,735543
tener que,735454
saber que,735143
durante los,734860
a esa,732652
a qué,732604
de abril,732382
se va,732337
esto no,732205
servicio de,731383
le dije,730391
lo siento,729699
había tenido,729251
la clase,729199
y tú,728824
las actividades,728661
voz de,728141
las primeras,727807
la cantidad,727626
los servicios,727164
diciembre de,726989
lleno de,726923
para ver,726796
por completo,725432
tiempo para,725206
el grupo,724792
ser humano,723195
por ciento,723122
a nivel,722958
cuál es,722914
acababa de,720817
mediante la,720521
por mi,719593
la ciencia,719192
tiempo y,718586
un gesto,718046
en función,717434
la Constitución,717389
los trabajadores,716494
cuando me,715672
en primer,715251
a dar,715071
mitad de,713824
las partes,713678
me gusta,713579
estudio de,711948
en otros,711648
toda su,711624
una manera,711305
mismo que,710352
la del,709597
su trabajo,707752
después del,706997
ojos y,705223
lo de,705069
las leyes,704144
crees que,703204
de sangre,700348
el mercado,700281
libro de,698877
mano y,697590
condiciones de,697577
era su,696353
haber sido,696261
o bien,695552
ha dicho,695449
que solo,695217
la calidad,693901
una mirada,693201
se ve,692910
un punto,692453
de aquí,691817
un instante,690973
estar en,690439
la oscuridad,689938
miles de,689938
dio cuenta,689899
la seguridad,689828
años y,689748
para siempre,688637
la superficie,688107
orden de,687881
en nuestra,687641
todo en,687390
había pasado,687049
alguien que,686522
de más,686027
con respecto,685966
había dejado,684779
pérdida de,684649
tratando de,684569
el coche,684333
en algún,683644
tener un,683575
al tiempo,683367
también la,683305
a fin,682519
ser la,681872
no he,680844
interior de,680014
con fuerza,679424
la aplicación,679216
el texto,679183
se produce,678478
el ejercicio,678308
la medida,678192
que pudiera,678086
tenía una,677961
la niña,677435
o una,677253
las normas,676518
en algunos,676277
manos de,675910
los hechos,675639
convertido en,675636
resultado de,675585
de nuestros,675377
es mi,675285
de alguna,674938
la cuestión,674884
frente al,674688
el conocimiento,673688
calidad de,673524
si los,672666
y sobre,672323
dado que,672106
su marido,671566
el mejor,671545
los valores,671457
la causa,671037
el pecho,670981
ganas de,670931
la diferencia,670451
ya había,669801
de septiembre,669452
la comida,668578
en aquella,668497
el contrario,668267
le ha,668164
del grupo,668044
ver que,667778
es algo,667597
que hemos,667578
torno a,667523
del año,667492
primer lugar,666895
tendría que,666241
llegado a,666128
que Dios,665753
todavía no,664039
el concepto,663793
de carácter,663591
de otras,662182
que debe,662163
ninguno de,661735
y fue,660815
en materia,659791
que va,659169
había dado,659000
de salud,657659
total de,657500
días de,657196
el nivel,657063
la violencia,657012
si te,656610
las autoridades,655894
del todo,655789
casa y,655102
lo hizo,654990
en busca,654881
acceso a,654699
cuando no,654235
situación de,654162
creación de,653657
de ver,653160
la pregunta,652766
cuerpo de,652238
las necesidades,652010
de edad,651649
la Administración,651613
este sentido,650081
nunca se,649973
las tres,649866
medios de,649509
en toda,648946
el pasado,648699
mundo de,647140
la Unión,646513
de control,645476
estaba a,645186
las puertas,644874
intención de,644547
expresión de,644142
contra los,644087
una y,643846
algunas de,643167
poder de,642718
oportunidad de,642597
cada día,642369
a hablar,642201
la edad,641643
enero de,640669
por último,640367
muchos de,640097
tener en,639989
por él,639962
por sí,639719
que eran,639660
pero al,639502
lo contrario,639494
dos años,638860
o más,638721
tiene la,638713
el nuevo,638636
su hermana,638398
alguna vez,638293
capaces de,638176
la comunicación,637956
el alma,637514
en serio,637507
suficiente para,637153
es su,637071
se dirigió,636503
consciente de,636357
y cómo,635367
en uno,634999
con toda,634395
que llevaba,634394
de gran,634382
la fe,634261
también a,634255
el mar,634189
era más,633637
su corazón,633503
lo he,633411
luz de,633168
de investigación,632202
él la,631738
de cómo,630453
su esposa,629825
la justicia,629728
el cuello,629698
fue una,629684
la joven,629670
mayo de,629322
las fuerzas,629090
hijos de,628862
en otro,628294
junio de,628162
del otro,627204
de febrero,626800
el siguiente,626393
no ser,625765
no tienen,624881
un mundo,624860
la literatura,624767
que podría,624357
cara de,624250
se da,623349
deseo de,623328
contacto con,622883
junto al,622813
que quería,622605
a todas,622539
modelo de,622531
el riesgo,622347
a nuestro,622208
su cabeza,621840
los cambios,621774
no pueden,621238
plan de,621227
palabras de,621066
tener una,621065
no soy,620951
la esperanza,620830
imagen de,620528
octubre de,620402
gobierno de,619383
esta noche,619207
un modo,618994
la fecha,618951
la posición,618691
más en,618584
ya en,618549
segura de,618518
n º,618293
he dicho,617888
un libro,616273
la voluntad,616225
del proceso,615704
es así,615531
julio de,615333
el movimiento,614891
los estudios,613154
las características,613042
no creo,612838
ayudar a,612456
él mismo,612284
fondo de,611562
pero me,611558
la Tierra,611105
al suelo,610982
al respecto,610038
luego se,609974
marzo de,609754
como es,609340
hacia atrás,609126
el análisis,608644
el cambio,608595
en ocasiones,608374
los libros,608105
favor de,607960
se está,607884
no podemos,607408
ella le,607229
mujer que,607046
la decisión,606531
que alguien,606040
la paz,605936
las calles,605791
la oportunidad,605745
por todo,605425
un problema,605227
tanto que,604933
trabajo y,604726
social y,604356
no les,604201
sala de,603789
que debía,603534
el gran,603184
los grandes,603123
de agosto,603100
lo ha,603093
la administración,602689
por ser,602680
a ellos,601179
de interés,600940
el autor,600747
en contra,600331
la presión,599978
diferencia de,599910
o los,598399
su mirada,598311
había un,598055
y había,596816
la responsabilidad,596426
también es,596122
la Comisión,596085
cabo de,596071
la década,595701
una situación,595468
fuerza de,595441
camino de,595415
sobre un,595168
el Señor,595125
que aún,594812
en mí,594750
la semana,594021
creer que,593910
forma que,593884
de origen,592854
de amor,591954
la ropa,591271
al mundo,591207
consejo de,591114
los pueblos,590923
a buscar,590645
ejercicio de,590360
la conciencia,590161
que parecía,590036
de algún,589955
aplicación de,589684
un segundo,589631
lugar en,589306
la actualidad,589248
habían sido,589152
de aquellos,588835
de Jesús,588774
abril de,588131
le habían,587793
cuestión de,587667
la lucha,587641
en donde,587006
antes que,586778
pero los,586274
las más,585706
las acciones,585012
la conversación,584512
llevó a,584486
con frecuencia,584301
la crisis,584190
pero con,584150
ahora que,584012
pero yo,583892
se llama,583671
el teléfono,583629
su mujer,583513
al parecer,583443
que usted,583190
grupos de,583157
busca de,583108
el deseo,582787
de producción,582564
dispuesto a,582265
la participación,582107
una hora,581993
significa que,581977
gente que,581291
que uno,581107
él le,580879
era como,580594
el doctor,580530
la izquierda,579911
más adelante,579716
el modelo,579610
noviembre de,579545
con otros,579184
era tan,577325
la isla,577019
del derecho,576539
de allí,575939
las formas,575911
había llegado,575046
un tipo,574811
servicios de,574732
que ellos,574396
la miró,574031
no en,573122
de hombros,572830
convertirse en,572588
lo miró,572414
aun así,571701
que esto,571644
cuando lo,571460
es por,571435
pensé que,571353
la humanidad,571316
en marcha,571165
un paso,570922
día en,570391
no existe,570324
las ideas,570207
se nos,569653
los hombros,569512
le gustaba,569185
vida en,569153
había una,568921
es en,568571
me gustaría,568264
su mente,567829
que ese,567291
del gobierno,567253
he visto,567165
más a,567024
una idea,566568
y les,566433
la chica,566378
entró en,566319
política de,566058
en tanto,565799
iban a,565566
que tu,565292
donde la,565104
el miedo,564651
niveles de,564158
quería que,563958
o se,563840
los grupos,563642
donde el,563527
los principios,563504
y muy,563502
no eran,563259
el silencio,563183
al hombre,562658
ausencia de,562586
ha pasado,562498
que tengo,562418
le hizo,562021
desde su,561910
sí que,561449
no sea,561157
así lo,560916
dio la,560726
sabe que,560665
materia de,560493
son de,560371
por ella,560022
tiempo en,558149
aquello que,557801
construcción de,557728
sistemas de,557626
los sistemas,557583
del poder,557361
abrió la,556963
no estoy,556774
lleva a,556589
la carta,556470
su alrededor,556421
el orden,555085
septiembre de,554937
vista de,554579
ministerio de,554387
a quienes,554357
espero que,554185
de nada,554171
la derecha,553992
en cuando,553972
podría ser,553733
y todos,553447
sus palabras,553317
en parte,552956
el efecto,552733
las obras,552717
para ti,552511
vuelve a,552462
sobre una,551972
a trabajar,551964
de Madrid,551713
programa de,551584
la autoridad,551509
fuente de,551507
sus labios,550530
pero cuando,550257
en pie,548875
aumento de,548788
como su,548660
todos sus,548228
el viento,548166
si le,548008
las paredes,547286
me siento,547102
de esto,546826
a otra,546779
ni la,546771
entre otros,546571
consecuencia de,546525
y dos,546473
podía ser,545927
el final,545586
hasta los,545429
también el,545370
con voz,545304
o con,545168
a no,545133
cierto que,545013
porque se,544866
el capítulo,544383
yo también,544183
el joven,543253
ejemplo de,543208
de desarrollo,543134
del rey,542976
te he,542606
el proyecto,542587
sido un,542066
en México,541135
el pensamiento,540961
pensó que,540797
formación de,540594
lo es,540250
las circunstancias,539601
con este,539178
más y,538769
sólo se,537965
ni de,536487
tal y,536254
este modo,535918
producción de,535808
refiere a,535407
el marco,535387
los seres,534777
se convirtió,534683
creía que,534314
el contenido,534091
de tus,533488
sus brazos,533301
acercó a,532948
cargo de,532925
que esa,532187
la evolución,531235
el arte,531052
principios de,531029
procesos de,530984
no de,530816
el fuego,530806
dijo ella,530721
in the,530492
o al,530351
papel de,530221
década de,530003
del agua,529811
es verdad,529682
de pensar,529433
pero su,529314
ver la,529132
la energía,529057
desde los,528752
lado del,528341
por mí,528245
la gestión,528025
a pensar,527970
entre sí,527904
que sería,527904
hacer un,527679
por si,527632
en esos,527609
febrero de,527559
o sea,526867
a causa,526450
hizo una,526375
nunca había,526333
ser de,526127
que estoy,525824
que ni,525768
un papel,525502
la pérdida,525153
hace que,525032
de guerra,524891
problemas de,524713
decía que,524698
lista de,524382
que hacía,524301
jefe de,524040
derechos de,523399
se sintió,522415
su amigo,522366
y cada,522224
tienen que,522126
sobre sus,521965
más grande,521563
las medidas,521466
parecía que,520790
a unos,520587
así es,520267
una voz,519984
el presente,519961
la impresión,519763
se estaba,519641
los objetivos,519161
hizo un,519103
también de,518596
para dar,518345
los estudiantes,518089
que tanto,518087
con tu,518009
aquel momento,517878
los tiempos,517816
de hablar,517809
incapaz de,517668
te ha,517590
están en,517459
convirtió en,517303
una casa,516698
todas partes,516664
no iba,516293
se dice,516213
pacientes con,516202
los ciudadanos,516168
del artículo,515165
y dijo,515117
hombres y,514994
la plaza,514937
sus propios,514913
el mayor,514394
el ceño,514297
pero de,513963
la unidad,513741
aunque la,513438
había que,513250
y otro,513240
qué me,512693
a dos,512471
para qué,511829
el término,511150
los jóvenes,511000
mirada de,510620
luego de,510487
como ya,510305
atención a,509726
gestión de,509716
la silla,509536
el paciente,509381
a favor,509337
de luz,508460
cabeza de,508149
los árboles,508123
los alumnos,507995
que antes,507884
la distancia,506750
efectos de,506704
pensando en,506470
ni un,506173
a tomar,506041
las instituciones,505566
y aunque,505383
no por,504779
para ella,503883
los bienes,503741
tu vida,503646
una noche,503475
un trabajo,503280
para todos,503184
el carácter,502777
y era,501997
de dar,501977
la visión,501519
de algunos,501137
razón de,501040
ámbito de,501000
proyecto de,500924
de algo,500803
la protección,500737
en absoluto,500548
en muchos,500439
más importantes,500225
esta es,500197
el sueño,500110
cuando le,500069
todas sus,499756
los animales,499605
la frente,499564
por debajo,499466
este es,499112
conocimiento de,498926
tenía el,498537
en mis,498512
los productos,497933
hacer una,497788
las grandes,497741
ser que,497657
pues no,497600
como por,497543
pensaba que,497508
pero ahora,497452
rey de,497342
de Cristo,497211
fuera del,496789
de vez,496715
en consecuencia,496605
convierte en,496545
ella lo,495704
verdad es,495629
la tradición,495368
las otras,495117
línea de,495058
condición de,494990
dijo a,494744
qué le,494611
padre de,493907
en otra,493672
el presidente,493638
la industria,493460
a estar,493419
relación entre,492762
la filosofía,492742
de energía,491875
las demás,491677
el asunto,491256
yo soy,491251
pero eso,490938
con nosotros,490553
en ellos,490551
respecto de,490308
años después,490164
con mayor,489792
las nuevas,489569
esta manera,489540
como yo,489268
lo hace,489217
que tenemos,489114
había ido,489101
lo cierto,489017
la lectura,488483
libertad de,488175
esto se,488085
el precio,487906
esperanza de,487794
los intereses,487746
casos de,487713
que tenían,487252
dijo él,487143
sino de,487037
puso en,487020
relación de,486962
ni el,486951
equipo de,486881
una palabra,486832
la realización,486765
entre otras,486764
de servicios,486551
a vivir,486474
mediante el,486281
se hubiera,486177
la cena,485627
ha dado,485418
lo demás,485200
cinco años,484752
la nariz,484744
puerta del,484356
su lugar,484217
con esta,484191
en especial,483921
pero sí,483742
algo así,483455
partir del,483398
cree que,483022
cualquier cosa,482877
ni en,482588
han de,482151
problema de,481947
mano en,481868
mi casa,480815
cuando las,480537
agosto de,480353
el ser,480132
al llegar,480125
al de,479909
como consecuencia,479875
ni a,479700
probable que,479690
el contexto,479472
de Estado,479339
por cierto,479282
los dientes,479218
un beso,478857
la universidad,478105
me han,478065
que hizo,478000
que sean,477897
departamento de,477836
tres años,477809
puerta y,477621
la prueba,477559
de piedra,477386
en dirección,476660
la red,476574
tiene el,476088
en estas,475976
a diferencia,475923
ayuda a,475540
la prensa,475512
encuentra en,475235
ver el,474846
siglo XIX,474725
relacionados con,474481
tan solo,474352
hasta ahora,474326
evidente que,474054
son más,473985
las consecuencias,473945
de protección,473774
gran parte,473673
quién es,473135
la escena,472572
no puedes,472351
la propiedad,471687
la compañía,471509
de menos,471158
que hubiera,471092
tú no,470856
su interior,470780
la fiesta,470623
el viaje,470274
alguno de,470271
objetivo de,470258
teniendo en,469815
deja de,469782
importancia de,469367
del paciente,469299
un cambio,468872
estado en,468866
todo caso,468808
tanto de,468799
puntos de,468797
padre y,468434
la búsqueda,468378
de El,468123
la ayuda,467823
la llegada,467196
la suya,467090
ya estaba,466925
un ejemplo,466854
tu padre,466587
el objeto,466561
por todas,466478
nos ha,466425
seres humanos,466291
que has,465957
solo se,465885
no fuera,465537
de casa,465528
se las,465491
los cuatro,465390
a cualquier,465377
teoría de,465365
de acción,465301
de nuestras,465280
este momento,464834
quien se,464627
le daba,464405
te has,464157
mientras el,464114
y estaba,464085
madre de,463369
como no,463321
trató de,462885
sus propias,462581
mi hermano,462488
la luna,462225
el espíritu,462223
si en,461830
en contacto,461801
las últimas,461757
el viejo,461641
el modo,461617
la tercera,461408
ser más,461310
una sociedad,460852
las lágrimas,460741
a salir,460299
de noche,460217
en fin,459617
términos de,459587
toma de,459570
cuarto de,459530
sus amigos,459262
la intención,459241
se convierte,459171
en aquellos,458915
final del,458876
que soy,458642
tratar de,458620
la oficina,458570
de vuelta,458253
protección de,457844
manos y,457838
hoy en,457791
dos de,457667
el título,457619
ver si,457511
no hubiera,457421
la materia,457245
se siente,457025
vuelto a,456933
me da,456757
la democracia,456618
mí me,456474
quiere decir,456424
no los,456103
todo eso,455872
zona de,455635
lugar donde,455518
la lista,455472
a nosotros,455144
impresión de,455132
que os,455064
ahora mismo,455041
administración de,454695
prueba de,454289
la altura,453771
trabajo en,453591
siglo XX,453566
para ir,453467
yo le,453386
presidente de,452810
tras el,452433
que estamos,452196
a pasar,451952
llega a,451656
el sonido,451167
la garganta,451079
que hoy,451074
poner en,451021
se podía,451004
la religión,450994
hombres de,450910
siempre se,450718
el conjunto,450553
o las,450471
su boca,450436
muchos años,450359
tema de,450105
de quien,449994
de llegar,449910
sabes que,449901
de mayor,449832
cuerpo y,449146
los niveles,449128
la tienda,448856
su presencia,448636
pero él,448531
mayor de,447938
del libro,447891
la pequeña,447831
la carretera,447662
que nada,447659
desde hace,447512
el lenguaje,447364
todo su,447275
dos veces,447225
los límites,447115
datos de,446994
el peso,446966
pero ya,446953
a menos,446787
propósito de,446623
dije que,446562
se veía,446560
referencia a,446385
la salida,446328
una semana,446285
y esto,445973
el equipo,445829
largo del,445755
Dios y,445426
la capital,445198
así se,445183
llegar al,445093
su cara,444592
los soldados,444372
si las,444192
realización de,444172
con esa,443863
marco de,443713
porque es,443616
el medio,443511
la señorita,443246
no tienes,443190
antes del,443135
aunque el,442970
obras de,442661
la carne,442369
no han,442306
dijo con,442288
estaba muy,442089
el Gobierno,441437
la tarea,441425
y además,440930
forma en,440867
una empresa,440668
empezaron a,440646
la condición,440577
horas de,440466
con ese,440265
los principales,440188
búsqueda de,440100
la intervención,439879
la novela,439485
y desde,439470
una mayor,439243
con ello,439160
la competencia,439125
a estas,438820
respecto al,438527
pasar por,437917
los términos,437671
conforme a,437612
ese día,437422
hizo que,437395
tratamiento de,437382
por todos,437330
como siempre,437225
hacia los,437217
la cuenta,437211
no sería,436882
son muy,436877
del mar,436755
la revolución,436712
porque en,436547
el programa,436339
lo general,436223
las ciudades,436207
eso era,435806
ha tenido,435758
las células,435654
mientras la,435567
que hasta,435462
resto del,435051
pero sin,434901
también lo,434761
largo plazo,434659
el del,434560
bien que,434557
de tipo,434518
la playa,434488
más fácil,434479
se te,434102
en ningún,434069
no siempre,433984
vio que,433794
un conjunto,433648
con dos,433535
empezaba a,433452
se realiza,433298
tanto como,433118
última vez,432930
movimiento de,432710
de Israel,432618
la aparición,432140
hacer que,432108
de comer,432061
montón de,431910
un estado,431847
lo primero,431803
algo en,431727
no quiere,431664
las funciones,431458
es para,431075
de dónde,431028
el calor,430897
ya me,430812
una carta,430799
América Latina,430487
una historia,430356
poco después,430307
a cambio,430182
que puedan,430062
dirección de,429695
la reina,429305
un espacio,429182
dicen que,429155
la batalla,428736
la demanda,428649
los diferentes,428558
del suelo,428553
miró con,428510
se considera,428427
darse cuenta,428328
hacia él,428296
del río,428262
del Consejo,428149
de don,428026
otra persona,428024
por esta,427715
ayuda de,427585
la felicidad,427307
yo lo,427127
gracias por,426767
un país,426695
los nuevos,426493
que estás,426446
no debe,426218
día que,426201
se presenta,426032
la opinión,425693
año de,425480
unos minutos,425228
encima del,425116
mi corazón,424911
unos segundos,424848
cualquiera de,424652
la perspectiva,424322
una familia,424277
su obra,424270
años que,424122
del estado,423930
sé si,423911
que tenga,423278
poco tiempo,423231
a nuestra,423129
la noticia,423089
esta forma,422879
la costa,422695
tenido que,422428
los aspectos,422181
las reglas,422158
empieza a,422067
del amor,422036
una respuesta,421992
tales como,421495
el capitán,421465
hacer el,421263
la cosa,421125
dónde está,421061
corazón de,420924
en La,420898
ya sea,420862
dejó de,420858
muy importante,420823
acto de,420638
tan sólo,419997
el interés,419904
hombres que,419656
por haber,419507
el acceso,419354
el río,419329
medio del,419299
el sector,419101
aunque en,419095
que desde,418843
no podría,418395
mucho menos,418131
finales de,417720
esa noche,417649
es uno,417555
aparte de,417472
se dijo,417424
del mercado,417265
madre y,417133
la vía,416959
un hijo,416887
a estos,416783
hace un,416459
me has,416349
existe una,416114
salió de,416016
ni una,415979
muchas cosas,415789
al ser,415765
diez años,415704
su caso,414409
sin saber,414312
hubiera sido,414180
hasta las,414178
un estudio,413880
llevado a,413650
depende de,413552
todo ello,413509
un número,413485
por ti,413382
el general,413058
como él,412979
desde un,412875
rostro de,412767
desde entonces,412748
este último,412727
bien y,412292
eran los,411838
verdad que,411677
estaban en,411556
una niña,411451
levantó la,411036
la velocidad,410570
por más,410393
el juego,410365
habla de,410313
contra de,410251
agua y,410210
años en,410074
gesto de,410069
este punto,410014
los dioses,409996
que todavía,409845
mujer de,409823
un ser,409640
las clases,409449
de semana,409277
que estos,409240
la enseñanza,409151
cumplimiento de,408737
o si,408718
llegaron a,408526
se iba,408448
lo hacía,408420
período de,408316
de hombres,408109
la caja,408105
para cada,408064
los movimientos,407861
voluntad de,407732
de salir,407569
al contrario,407483
se pone,407102
de recursos,406905
pero por,406871
de ir,406852
fecha de,406780
debía de,406719
la llamada,406677
a otras,406543
el bien,406060
de Europa,406018
unos días,405860
con gran,405814
sin la,405629
que ir,405548
la solución,405546
mi cuerpo,405203
las aguas,405068
el servicio,404596
primero que,404500
acción de,404276
unidad de,404153
tasa de,404078
mitad del,403976
para sus,403776
el hijo,403725
las diferencias,403719
ido a,403430
and the,403358
la ausencia,403248
un mes,403214
no hace,403120
de Estados,402591
de dolor,402587
solo en,402443
carta de,402366
todo tipo,402336
personas con,402250
el médico,402178
a ir,402112
todos ellos,402109
hacer lo,402076
obligado a,401724
la lluvia,401665
de donde,401523
el origen,401454
de cosas,401191
la escalera,400982
el hombro,400981
las imágenes,400813
dos o,400474
de América,400333
mis padres,399873
las políticas,399683
lo sabía,399312
un largo,399288
la tensión,399111
de productos,399050
estudios de,398816
el procedimiento,398758
de dinero,398542
se sabe,398468
si hubiera,398272
se preguntó,398041
el acto,397769
se haya,397741
de entrada,397304
para llegar,396901
una visión,396521
los distintos,396348
con todas,396252
contar con,396136
que tienes,396110
el profesor,396013
importante que,395958
sido una,395487
los mejores,395466
había quedado,395442
algún día,395315
tono de,395150
las escaleras,395077
los factores,395046
posición de,394682
cualquier caso,394679
la evaluación,394560
de bienes,394486
evitar que,394041
para conseguir,394018
historia del,393838
el cuarto,393796
el plan,393796
la sombra,393724
el estómago,393537
reino de,393330
que permite,393329
sino en,393231
todo se,393207
otras cosas,393112
Ahora bien,392889
ya está,392873
el éxito,392847
entonces se,392805
no están,392637
hay en,392596
los individuos,392284
a finales,392205
tienen un,392124
a conocer,392107
que fueron,392002
de cinco,391885
sea el,391860
unos cuantos,391800
incluso en,391583
mí y,391445
a tiempo,391318
por delante,391226
las pruebas,391185
que existe,391128
ha ido,390815
un tono,390647
no haber,390408
sus compañeros,390225
que esté,390007
cualquier otro,389880
posibilidades de,389874
que parece,389763
los puntos,389680
sociales y,389563
del pasado,389351
señal de,389237
el mensaje,389228
en gran,389129
de muerte,388749
respuesta a,388537
la cárcel,388521
treinta y,388473
un montón,387623
con todos,387498
o del,387346
de cuatro,387278
la Biblia,387063
deben ser,387056
la identidad,387027
responsable de,387009
su muerte,386810
más tiempo,386747
brazos y,386495
intento de,386448
se encogió,386364
la obligación,386356
pero las,386327
que tener,386277
son la,386193
aquella noche,386186
no habría,386128
se inclinó,386100
paso de,385989
del sol,385718
que hacen,385635
de riesgo,385418
me di,385333
un modelo,385324
dos días,385252
amor de,385075
el mal,384970
cerca del,384907
contenido de,384686
y tenía,384649
a quién,384541
a seguir,384438
el crecimiento,384342
de hoy,384330
amor y,384306
comenzaron a,384290
con otras,384275
muy poco,384208
este mundo,384157
de calidad,383853
y siempre,383831
la orden,383610
resultados de,383544
compañía de,383454
me dio,383435
la conducta,383369
últimos años,383193
ante los,383111
los autores,383036
no a,382994
estaba tan,382791
puesto de,382645
una imagen,382586
social de,382577
programas de,382435
mesa de,382207
es mejor,381968
un amigo,381902
con mis,381829
ha llegado,381618
de entre,381515
el jefe,381270
de muchos,381268
cuanto más,381141
la pantalla,381008
la elección,381006
después se,380795
pero ella,380693
vida que,380692
es todo,380596
que eres,380517
pueblo de,380239
efecto de,380092
donde los,380087
el apoyo,380033
en cuestión,379921
tu madre,379572
eso me,379556
varias veces,379402
del cielo,379310
suerte de,379073
tratado de,378813
yo te,378619
ese mismo,378613
soy un,378453
más fuerte,378423
cierto es,378413
motivo de,378283
los españoles,378102
se utiliza,378096
para obtener,378074
el tono,377921
los clientes,377790
defensa de,377458
ha estado,376952
voz baja,376846
ellos se,376637
la influencia,376548
la ejecución,376510
en día,376185
todo aquello,376111
se encontraban,375885
me voy,375640
su tiempo,375601
acaba de,375596
te preocupes,375530
de decir,375449
los chicos,375446
de papel,375248
sólo en,375129
la respiración,375096
la televisión,375032
que tuvo,374746
del Gobierno,374697
se encontró,374647
de unas,373986
es difícil,373894
no voy,373635
las casas,373617
los artículos,373397
la doctrina,373379
aparición de,373125
de gestión,373022
con tanta,372940
hija de,372928
de por,372761
el régimen,372651
guerra de,372424
las familias,372116
a saber,372067
día y,371884
la fuente,371763
sobre él,371647
se llevó,371473
las diferentes,371326
el método,371287
de referencia,371224
las respuestas,371051
cientos de,370829
quieres que,370308
porque los,370301
cualquier otra,370122
paso a,370075
y sólo,369975
lado y,369963
en manos,369645
cuando en,369435
decisión de,369413
un acto,369398
información sobre,369319
el lado,369053
el curso,368897
por cada,368517
eso lo,368264
por este,368211
la culpa,368119
se los,368087
de plata,368025
al servicio,367981
mi hermana,367973
desde las,367964
le da,367961
que estar,367616
dar un,367490
dejado de,367454
la distribución,367413
el cerebro,367365
había en,367349
él en,367023
la poesía,366946
de hierro,366786
información que,366739
en tres,366729
en alguna,366680
se vio,366651
que van,366556
las armas,366460
área de,366285
las noches,366233
puede hacer,366137
actividades de,365929
libros de,365573
ninguna de,365550
todo un,365515
que quiere,365477
sabemos que,365432
el grado,365378
de aprendizaje,365306
he hecho,365219
pero era,365195
bien en,365060
que da,364775
características de,364736
puesto en,364512
el art,364264
el cuadro,364049
de valor,364037
que deben,364015
contra su,363926
de hacerlo,363916
la confianza,363896
vivir en,363877
general del,363864
se echó,363808
sin más,363754
a usted,363728
la defensa,363711
que así,363690
de cambio,363302
una obra,363249
sé qué,363233
cosas de,363221
las decisiones,363197
ellos y,363140
del campo,363084
la operación,363021
la película,363005
de mujeres,362970
necesario para,362328
en ello,362029
la Revolución,361900
echó a,361838
de atención,361827
hace falta,361722
y cinco,361580
el destino,361575
el Consejo,361475
qué hacer,361423
para realizar,361236
del proyecto,361215
el área,361011
no será,360887
la cintura,360871
el ambiente,360788
a reír,360784
más alto,360762
hasta entonces,360738
de ambos,360674
de volver,360472
ya sabes,360460
la revista,360223
del conocimiento,360174
conciencia de,360158
hacer algo,360158
del primer,360125
alrededor del,360121
en definitiva,359921
de Derecho,359901
las sociedades,359509
son el,359505
la resolución,359460
dado cuenta,359159
da la,359107
de Santa,359076
de apoyo,358797
en paz,358724
consumo de,358490
las causas,358381
cómo es,358193
sobre lo,358162
del cual,358099
ir al,358064
relacionadas con,357885
de años,357838
se hallaba,357825
mejor de,357784
y esta,357740
él había,357689
aunque se,357646
debe de,357568
hablando de,357228
la temperatura,357087
alguna de,357055
al pueblo,357050
de vino,357026
hombre y,356822
difícil de,356792
las distintas,356705
estaba de,356697
no sabe,356481
derechos humanos,356398
durante las,356285
las organizaciones,356218
de arte,356161
por aquí,356147
un plan,356093
todos modos,355822
del lugar,355605
la provincia,355604
vez se,355603
me hizo,355277
aquel que,355160
del desarrollo,355104
qué pasa,354805
facultad de,354631
es tu,354540
se abrió,354436
tenía en,354322
le he,354255
está muy,354212
de aire,354117
que lleva,354007
mundo y,353978
del centro,353934
la cámara,353865
si quieres,353747
sido el,353702
contra las,353545
encogió de,353457
es imposible,353452
de vivir,353445
no tener,353393
y miró,353342
de género,353292
sintió que,353263
la punta,353021
sin dejar,353008
que decir,352928
que algo,352814
había vuelto,352783
mi hijo,352699
bien de,352688
los objetos,352659
para ellos,352529
ni se,352344
y ha,352171
del sector,351994
estilo de,351985
Juan de,351925
el color,351895
mantener la,351870
se tiene,351693
la frase,351547
los judíos,351467
la belleza,351466
visto en,351094
luz del,351068
un mensaje,351051
el salón,351025
un aspecto,350952
que tal,350842
la estación,350816
los nombres,350793
desde una,350639
un proyecto,350603
dijo la,350503
eso que,350474
fuera a,350464
nombre del,350449
en Europa,350393
es mucho,350387
los partidos,350297
mes de,350260
palabra de,350154
estoy seguro,349868
de Justicia,349818
miembros del,349814
la legislación,349694
la interpretación,349637
una chica,349599
familia de,349573
mujeres que,349516
tienen una,349483
su pecho,349332
la menor,349255
la representación,349231
régimen de,349211
al frente,349196
puso a,349092
importante de,348927
del Señor,348845
basada en,348789
o lo,348676
que podemos,348611
el período,348592
metros de,348485
nadie se,348392
en algunas,348347
un movimiento,348284
es preciso,348246
hacia las,348232
mucho de,348105
a más,348008
y tan,347803
cuando un,347724
los trabajos,347635
eran las,347494
inicio de,347432
de varios,347320
te parece,347257
de tierra,347203
el ejército,347180
si yo,347158
cuáles son,346895
que jamás,346649
y solo,346632
de aplicación,346484
las cuatro,346387
personal de,346040
había perdido,345989
a modo,345747
una expresión,345734
y medio,345672
la muchacha,345541
la buena,345415
tanto la,345390
del niño,345375
fuera un,345339
de derechos,345199
podría haber,345119
los campos,345018
el pasillo,344976
de gobierno,344967
experiencia de,344929
el chico,344883
las elecciones,344839
para lo,344581
en Estados,344571
la página,344201
todos estos,344092
para nosotros,344072
producto de,344066
volvía a,344001
tres días,343971
hacia ella,343913
la reforma,343628
yo estaba,343524
y media,343498
que sentía,343486
se muestra,343306
veinte años,343301
hacia su,343297
en El,343290
se vuelve,343265
capacidad para,343156
con mucha,343142
que nosotros,343043
los músculos,343025
de estudio,342759
manos en,342735
cambios en,342427
este capítulo,341781
le pareció,341775
la carga,341632
sentado en,341484
vio a,341466
distribución de,341391
del coche,341362
su relación,341348
de gente,341227
pie de,341200
medida en,341105
y está,341078
la orilla,340946
mayor que,340919
en algo,340819
fines de,340818
de arriba,340442
ahora se,340370
espíritu de,340360
el dedo,340307
basado en,340298
menos en,340240
gente de,340161
tú eres,340140
curso de,339973
los documentos,339868
habría sido,339715
los acontecimientos,339552
mismo modo,339494
ahora no,339487
que como,339425
del ser,339422
la carrera,339411
palabras que,339332
no habían,339311
aquí y,339284
otro de,339042
se observa,339014
del tipo,338961
no importa,338930
que pasa,338821
mezcla de,338732
elementos de,338402
ya te,338392
aprender a,338371
tierra y,338272
no va,338200
en virtud,338190
en eso,338074
en ti,337920
saber qué,337789
y tu,337742
norte de,337649
un error,337453
la tabla,337341
las principales,337329
ha visto,337274
la planta,337168
esta obra,337077
me quedé,336782
está a,336769
una larga,336749
cuenta con,336626
política y,336618
la pareja,336568
en blanco,336505
niños y,336390
vez no,336306
en verdad,336292
es eso,336290
el propósito,336060
miedo a,335916
lo suficiente,335853
de clase,335788
mismo y,335702
tiempos de,335692
muchas de,335508
he tenido,335365
los actos,335350
han hecho,335247
el ruido,335072
un sentido,335020
como resultado,334989
su capacidad,334934
los programas,334918
había puesto,334896
del brazo,334554
superior a,334506
hemos visto,334359
relacionado con,334346
caer en,334164
el aspecto,334085
un golpe,334083
la norma,333944
o para,333919
las preguntas,333670
voz alta,333557
el uno,333525
hacia delante,333466
época de,333395
la nación,333263
siempre había,333016
cama y,332973
en condiciones,332815
la actitud,332711
su piel,332609
las posibilidades,332559
en Madrid,332514
es fácil,332435
sea la,332427
personas de,332424
no tenían,332321
a comer,332215
por mucho,332029
el pequeño,331810
la Casa,331737
por ahí,331721
la mejilla,331473
ella había,331465
se deben,331411
noche de,331350
era algo,331240
cuando te,331186
y volvió,330991
él me,330963
él con,330942
la utilización,330662
la masa,330639
del equipo,330497
sentimiento de,330482
me dice,330259
en ellas,330213
ella con,330194
medidas de,330166
necesidades de,330125
siempre en,330099
director de,330076
las razones,329894
diciendo que,329774
de cabeza,329755
para mantener,329749
sin el,329735
la técnica,329734
los centros,329514
o incluso,329487
suelo y,329360
juego de,329216
eres un,329209
de diez,329042
información y,329041
y allí,329019
la toma,328979
su habitación,328922
de formación,328769
a nuestros,328550
el terreno,328417
por consiguiente,328171
ese hombre,328062
esta situación,327999
mujeres y,327946
un vistazo,327877
la frontera,327816
que éste,327816
que cualquier,327802
es a,327797
empezar a,327698
un sueño,327546
él era,327510
de Juan,327500
de educación,327494
que viene,327458
las redes,327274
la escritura,327055
los detalles,327048
los gastos,327046
se basa,327032
al margen,327014
de acceso,326984
para lograr,326922
el consumo,326914
mi familia,326808
y vio,326767
que dice,326713
toda una,326645
hacer nada,326643
los beneficios,326548
no podían,326500
le parecía,326396
tanto a,326381
aquel día,326353
el discurso,326291
la propuesta,326278
eso se,326272
al año,326182
vino a,325983
un caso,325978
he aquí,325779
hay nada,325743
el comportamiento,325683
mi lado,325621
supuesto que,325604
un programa,325590
una ciudad,325371
fin y,325273
otras personas,325219
la fase,325195
la reunión,325195
entre dos,325111
y menos,324922
pero como,324866
nosotros mismos,324811
si hay,324507
la Junta,324489
libre de,324234
hacia un,324108
Así pues,324010
la Corte,323849
la mía,323814
hasta su,323440
tanto el,323286
el apartado,323281
casi todos,323124
estado y,323107
di cuenta,323045
ver cómo,323045
un principio,323033
fue en,322957
no tenemos,322930
hay algo,322915
de paz,322883
que quiero,322854
la opción,322787
seguridad de,322467
por tu,322387
los textos,322328
los órganos,322301
origen de,322224
de confianza,322069
ser muy,322066
las emociones,321759
y este,321747
virtud de,321672
la tecnología,321569
la venta,321557
llegada de,321491
el motivo,321458
los alimentos,321391
mientras tanto,321328
has hecho,321271
meses de,321126
diferencia entre,320734
título de,320580
utilización de,320503
obligación de,320472
internacional de,320436
las luces,320365
escuela de,320266
cerró los,320262
cuando nos,319977
venido a,319954
nuestra vida,319911
digo que,319866
miembro de,319679
necesarios para,319676
la hija,319666
dispuesta a,319576
entre ellas,319420
declaración de,319386
estructura de,319248
borde de,319184
al no,319122
arte de,319047
y nunca,319023
era demasiado,318792
presente en,318780
se van,318731
red de,318702
de dólares,318473
evaluación de,318467
lo alto,318420
un cuerpo,318383
en muchas,318348
plazo de,318345
que estas,318291
un tanto,318243
información de,318201
es capaz,318142
la definición,318124
y salió,318064
la sonrisa,317895
llenos de,317833
cuatro años,317826
tamaño de,317758
el juez,317729
ella misma,317686
el reconocimiento,317667
de alta,317520
que significa,317510
aquel hombre,317491
técnicas de,317320
interior del,317291
aun cuando,317283
a largo,317253
el jardín,317183
atención de,317117
llamar a,317108
que casi,317025
por Dios,316987
el sujeto,316968
una mesa,316938
la resistencia,316935
lo habían,316906
relación a,316846
su forma,316810
lo posible,316804
los cuerpos,316705
a mirar,316683
sus pies,316676
el producto,316614
el borde,316597
Espíritu Santo,316097
dejar que,316089
puesta en,316062
un elemento,315941
se llamaba,315794
a entender,315713
todo es,315547
y hacer,315537
tiempo a,315484
un hecho,315465
tenían que,315383
para mi,315142
diseño de,314865
está el,314750
los suyos,314347
sobre ella,314163
no parecía,314151
los lugares,314069
a tus,313970
las zonas,313837
las estrellas,313753
de saber,313708
ese tipo,313586
espacio de,313574
los habitantes,313474
trabajo que,313460
como tú,313451
hasta llegar,313438
participar en,313374
del arte,313364
corresponde a,313336
que otros,313184
la tasa,312953
las hojas,312943
el significado,312822
de crecimiento,312820
la estrategia,312691
este proceso,312668
tierra de,312637
que realmente,312621
lo has,312541
tener la,312446
la caída,312413
será el,312308
vuelta a,312273
mis ojos,312234
el olor,312150
dolor de,312140
le gusta,312132
miedo de,312127
cuales se,311942
acerca del,311885
el piso,311718
la suerte,311697
mercado de,311577
los precios,311416
entrada de,311325
de Educación,311230
precio de,311200
todo a,311178
altura de,310947
que sin,310714
en América,310623
las operaciones,310607
existe un,310459
ministro de,310407
dirigió a,310343
la verdadera,310252
alguna manera,310140
trabajar en,310033
un joven,310006
que algunos,309894
la barra,309894
la sección,309861
vuelta y,309632
de uso,309495
y son,309479
en esto,309429
familia y,309362
periodo de,309080
quiero decir,308985
el director,308849
a dejar,308822
cómo lo,308818
y aun,308812
ya era,308656
el diagnóstico,308518
me sentía,308503
nunca me,308483
el equilibrio,308371
noche en,308361
los siglos,308353
práctica de,308314
en cierto,308226
lo peor,308197
la vieja,308177
el cumplimiento,308067
solo un,308052
que todas,308009
y mucho,307861
organización de,307811
los sentimientos,307695
un valor,307630
su primer,307614
desarrollo del,307533
pues la,307451
al instante,307208
la multitud,307098
tan pronto,307020
porque me,307004
a poner,306879
las comunidades,306690
la percepción,306618
a ello,306579
la sentencia,306462
cuando él,306409
regresar a,306373
y casi,306285
a llorar,306230
del lenguaje,306207
el territorio,306160
entender que,306093
bien la,306010
en segundo,305638
el matrimonio,305628
con cuidado,305572
taza de,305237
de servicio,305228
sí mismos,305128
te quiero,305115
los indios,304819
a aquel,304759
las chicas,304720
la conclusión,304600
disponible en,304553
hecho que,304464
empecé a,304232
margen de,304004
de Francia,303973
mundo que,303916
importante para,303831
comienza a,303815
me miró,303743
participación de,303713
si alguien,303638
un nivel,303618
sus dedos,303459
edad de,303390
se produjo,303372
sino por,303325
las ventanas,303322
me pareció,303306
que acababa,303234
caso del,303139
el exterior,303112
de carne,303015
con mucho,302976
si estuviera,302962
y empezó,302754
un pueblo,302738
g de,302695
que después,302634
superior de,302628
su amiga,302602
si nos,302585
disfrutar de,302392
la misión,302370
visión de,302316
con tal,302314
que aquel,302241
nuevo en,302157
caja de,302051
medida de,302025
que aquí,301992
el cabello,301989
la esquina,301957
el sitio,301855
la crítica,301820
pero nunca,301809
una decisión,301797
sido la,301749
como era,301620
la Guerra,301505
era posible,301310
había sentido,301225
unas cuantas,301219
naturaleza de,301103
y entre,301068
un mismo,301008
fase de,300993
una sensación,300987
de Nueva,300964
él es,300940
su atención,300923
a cargo,300900
he estado,300822
las tropas,300719
sería el,300528
del pensamiento,300431
de aquellas,300425
le pregunté,300333
del alma,300318
también los,300275
de quienes,300171
bien a,300115
debajo del,300082
se habría,300044
sino a,299927
supone que,299921
volvió hacia,299826
los estados,299690
yo era,299502
el contrato,299163
esperaba que,299020
más difícil,299017
con quien,298972
el sexo,298770
sus pensamientos,298746
á la,298724
a salvo,298720
aspecto de,298583
el sofá,298573
les había,298536
la camisa,298530
el público,298493
los gobiernos,298479
le estaba,298468
los criterios,298270
para llevar,297982
cuando ya,297850
que muchos,297812
las fuentes,297785
cómo la,297755
tuve que,297710
según los,297643
es también,297636
todo y,297581
durante su,297539
la exposición,297534
el diseño,297453
nada en,297419
que será,297408
pues el,297290
las cartas,297286
lo anterior,297150
y tiene,297132
la corriente,297062
el aprendizaje,296831
con eso,296692
hacia arriba,296639
las tareas,296566
es evidente,296410
sur de,296349
las horas,296265
con unos,296207
de piel,296206
media hora,296179
ser tan,295924
ojos se,295904
Unión Europea,295862
las bases,295786
también que,295695
si un,295662
importante en,295627
le decía,295425
reducción de,295404
su alma,295402
tan bien,295321
especialmente en,295202
peso de,295092
y puede,295085
del texto,295083
el estilo,295082
ella en,295048
en inglés,295043
días después,294875
al aire,294805
del autor,294723
entonces el,294703
los requisitos,294601
del corazón,294565
central de,294547
seguridad y,294396
aparece en,294192
las gracias,294171
a eso,294160
entre nosotros,294144
tú y,294113
los agentes,294075
mi mente,294041
el plazo,294002
ello se,293978
no os,293947
de fuego,293916
de negocios,293792
quiere que,293695
sólo un,293629
sigue siendo,293602
necesario que,293487
el entorno,293433
o tres,293386
del servicio,293310
también me,293234
me la,293192
día a,293152
la marcha,292745
que apenas,292718
del edificio,292599
en sentido,292570
las rodillas,292567
el esfuerzo,292471
de encontrar,292338
le hacía,292195
esta última,292061
un tema,291788
la entidad,291555
y mujeres,291509
seis meses,291491
volví a,291476
convencido de,291440
del camino,291326
la cadena,291262
los amigos,291191
el recuerdo,291114
para tener,291045
porcentaje de,290791
elaboración de,290790
del espacio,290621
el norte,290462
o dos,290449
se conoce,290429
un objeto,290409
duda de,290242
a principios,290171
la elaboración,290066
el impacto,289859
considera que,289843
lo suficientemente,289736
si su,289713
de Castilla,289636
por dos,289504
el ejemplo,289436
una posición,289319
salir a,289307
centros de,289108
mirando a,288967
un sitio,288935
para saber,288903
de golpe,288784
del señor,288750
University Press,288724
algunos casos,288708
una pausa,288651
no tuvo,288514
a solas,288401
de mercado,288392
con esto,288328
no las,288304
que entre,288261
de dicha,288173
de si,288132
tanto tiempo,288120
los pasos,288023
de libertad,288013
método de,287968
soy yo,287841
que luego,287787
y servicios,287744
el aumento,287636
la inteligencia,287606
cambiar de,287605
de diferentes,287598
el bosque,287574
de algunas,287450
o como,287439
reconocimiento de,287259
la versión,287257
la infancia,287252
a hacerlo,287090
se acerca,286931
autor de,286878
el Espíritu,286869
en pacientes,286868
el Tribunal,286861
el juicio,286828
no debería,286788
provincia de,286778
le dice,286752
principal de,286662
los muertos,286657
una pregunta,286593
tiene en,286560
la espada,286549
me hace,286510
la pobreza,286319
casi siempre,286306
cómo te,286293
mientras los,286134
estamos en,286003
años más,285749
dios que,285678
salud y,285615
Dios mío,285566
todas estas,285438
cuidado de,285399
bien el,285109
de de,285091
mujer y,285033
quién era,284994
sentó en,284965
de capital,284948
el edificio,284899
la lógica,284874
del movimiento,284856
cuarenta y,284733
al trabajo,284660
vez a,284629
de tomar,284473
a dormir,284462
las tierras,284392
se hacía,284387
la columna,284244
de buena,284199
siempre me,283850
de alguien,283768
el tamaño,283719
momentos de,283693
es demasiado,283690
oficial de,283675
de seis,283674
su poder,283597
cualquiera que,283559
los procedimientos,283419
las montañas,283351
de transporte,283306
más la,283151
se queda,283097
unos pocos,283095
la letra,283000
que allí,282840
al rey,282803
definición de,282797
noche y,282793
la oferta,282658
el volumen,282457
se marchó,282364
veces se,282255
eso sí,282073
la presentación,282029
el espejo,282013
pero le,281971
de cuentas,281953
a propósito,281922
vez la,281898
se acercaba,281843
ya de,281769
de igual,281754
lo dispuesto,281712
dice el,281682
por dentro,281640
planes de,281586
al momento,281584
empezado a,281576
los personajes,281576
la biblioteca,281559
sonido de,281507
ya es,281496
del ejército,281465
mesa y,281376
el buen,281365
las plantas,281237
acceder a,281137
pasó a,281129
que mis,281091
los pocos,281057
estaba haciendo,280990
qué quieres,280875
un esfuerzo,280854
no pude,280836
se podría,280796
el principal,280690
por teléfono,280653
ante un,280567
la unión,280565
al niño,280534
como tal,280500
del contrato,280498
mirar a,280218
frunció el,280192
el menor,280168
mano a,280095
de cristal,280080
y esa,280031
de libros,279792
me alegro,279697
muy lejos,279546
que fuese,279501
amigo de,279254
al fondo,279224
el personal,279092
fuerza y,279062
pero esta,279013
por donde,279004
a correr,278886
que durante,278808
los temas,278784
buena parte,278732
los hermanos,278641
un análisis,278611
los mercados,278565
la inversión,278519
síndrome de,278438
cuánto tiempo,278194
en Francia,278028
también puede,278025
qué tal,278008
el plano,278000
pie y,277899
el asiento,277894
su primera,277888
hacer la,277773
el verdadero,277692
la Comunidad,277676
ejecución de,277645
como parte,277631
hay más,277555
permitir que,277546
la piedra,277476
cuando su,277443
de justicia,277429
la reacción,277385
una silla,277331
estoy segura,277263
volumen de,277233
necesaria para,277163
por toda,277104
la bolsa,276996
el ritmo,276919
en concreto,276859
fue de,276858
para este,276827
por esa,276822
en tono,276760
necesarias para,276704
durante unos,276689
pero para,276616
no como,276561
un viaje,276437
podía hacer,276329
la oración,276316
constitución de,276277
y demás,276273
figura de,276209
un minuto,276053
los síntomas,276045
contexto de,276010
propuesta de,275927
aceite de,275923
evolución de,275774
de armas,275724
las dificultades,275676
de ninguna,275662
mejorar la,275634
se halla,275601
instituto de,275478
la antigua,275435
nos hemos,275271
no parece,275138
eso de,275125
habían hecho,275073
el reino,275066
razón por,275022
según las,274994
relaciones de,274704
noche anterior,274409
indica que,274178
se trate,274109
del propio,274034
y comenzó,274032
y tres,273970
en nombre,273963
las entidades,273852
que habría,273830
otra manera,273801
clases de,273787
su historia,273300
de valores,273280
casa del,273246
punta de,273237
las líneas,273198
nunca lo,273174
ni por,273155
había convertido,273153
recuerdo de,273123
y bien,273036
en unos,272919
a ambos,272865
cuanto al,272834
muy difícil,272830
se supone,272702
del Derecho,272694
lo bastante,272628
manera en,272596
fue que,272470
desde hacía,272420
está la,272413
en peligro,272385
de Chile,272349
salir del,272293
otro día,272285
New York,272284
de manifiesto,272251
ya hemos,272246
un camino,272234
su espalda,272173
lo siguiente,272096
dispuesto en,272048
vaya a,271946
mi cabeza,271902
el universo,271831
el inicio,271778
llamó a,271778
los del,271599
el contacto,271590
el tercer,271543
entonces la,271143
que iban,271137
esa misma,271043
variedad de,271022
y uno,270901
revista de,270821
había oído,270798
los riesgos,270770
países de,270723
él lo,270616
ante las,270531
no haya,270523
para eso,270517
el botón,270433
un aumento,270366
tengo la,270335
de decisiones,270272
pronto se,270266
de pasar,270252
del resto,270016
para sí,269993
un mayor,269988
blanco y,269886
grande y,269773
días en,269729
los caballos,269654
había llevado,269562
que debería,269560
dar a,269507
fui a,269495
saber si,269477
los médicos,269434
otras palabras,269398
comisión de,269383
cual no,269346
de muchas,269237
decirle que,269211
para hablar,269096
ella era,269034
uno a,269003
un grito,268954
contrato de,268917
pensando que,268851
y aún,268759
sería la,268753
visto a,268708
veo que,268567
de actividades,268547
estaba allí,268482
sería un,268462
para nada,268393
yo creo,268177
partes de,268167
participación en,268158
si era,268091
pensó en,267976
allí se,267841
una actitud,267831
largo y,267777
el informe,267709
pruebas de,267685
en principio,267604
pago de,267467
primero de,267444
los propios,267398
las sombras,267380
me refiero,267315
y ese,267300
señor de,267262
en esas,267234
forma parte,267136
el periodo,267109
la víctima,266986
de derecho,266974
la montaña,266886
le digo,266629
un acuerdo,266606
fuentes de,266519
la victoria,266485
le pidió,266450
que daba,266420
no eres,266070
ni idea,266026
el hospital,265971
los asuntos,265940
puso de,265926
basa en,265917
cuando ella,265871
un efecto,265706
cara a,265673
nos encontramos,265628
para tomar,265561
de conocimiento,265549
el conflicto,265495
restos de,265367
puede tener,265337
las prácticas,265330
su camino,265287
afirma que,265283
de niños,265212
esa es,265171
las ciencias,265138
viene a,265137
de crédito,265106
la alegría,265101
la igualdad,265055
en común,265031
de lado,264993
siempre y,264837
Journal of,264822
segundo lugar,264797
la visita,264789
ha venido,264770
al cielo,264743
los planes,264647
vida a,264609
soy el,264576
de realizar,264563
es bueno,264560
de café,264527
pone en,264491
los conceptos,264327
supo que,264327
a entrar,264268
de seguir,264264
sin poder,264128
en línea,264114
de regreso,264104
más rápido,264032
una enfermedad,264002
hace mucho,263891
el comercio,263888
de partida,263854
si de,263834
resolución de,263816
comparación con,263780
el bolsillo,263749
cuando llegó,263712
vez el,263706
sociedad de,263506
lo hacen,263334
negó con,263238
cuando estaba,263113
mi amigo,262986
en París,262813
se ven,262794
la corte,262710
pero hay,262705
de Roma,262681
su carácter,262620
directamente a,262578
y algunos,262575
bajo su,262499
cámara de,262352
esta mañana,262306
su uso,262299
recuerdo que,262298
encuentran en,262284
finales del,262206
de actividad,262176
el patio,262162
una experiencia,262152
el príncipe,261867
bajó la,261841
más se,261811
de ánimo,261786
la comprensión,261746
porque lo,261660
el placer,261632
culpa de,261610
se apartó,261485
la declaración,261463
bajo las,261328
habitación de,261265
le hubiera,261189
el sur,261153
donde no,261131
los cinco,260919
la concentración,260871
de dicho,260850
a muchos,260835
más cerca,260714
son un,260691
sólo una,260585
que necesitaba,260583
generación de,260521
en ambos,260499
uno y,260356
modo en,260249
índice de,260197
encontraba en,260188
y unos,260186
la máquina,260163
su amor,260010
mi hija,260005
la Virgen,259995
qué ha,259992
dos hombres,259952
agua de,259902
perspectiva de,259793
los tipos,259790
yo la,259786
de alimentos,259771
de momento,259680
compañeros de,259666
boca de,259652
forma más,259640
mucho en,259637
con ellas,259628
también por,259547
por ese,259482
tres meses,259476
ya la,259475
de viaje,259423
los ingresos,259418
preguntó si,259350
ver en,259285
nombres de,259280
la nieve,259268
fabricación de,259224
las disposiciones,259196
carácter de,259177
a realizar,259106
un coche,259084
se dejó,259015
el respeto,258972
se fueron,258965
medio ambiente,258951
y nada,258768
que sabía,258725
la pasión,258679
que además,258604
la esencia,258598
dos horas,258513
sus dos,258478
mucha gente,258477
que decía,258450
actividad de,258448
solo una,258353
ha dejado,258286
responder a,258262
el lector,258239
registro de,258135
trozo de,258107
cuando una,258083
sino la,257995
se giró,257971
de voz,257959
la noción,257954
ciento de,257943
sabiendo que,257862
la arena,257806
se entiende,257526
factores de,257524
DE LOS,257498
una línea,257465
había pensado,257442
Real Decreto,257423
los empleados,257386
son una,257270
una actividad,257268
porque si,257246
nunca más,257215
lo han,257058
acabo de,256994
también un,256976
incluso a,256828
dios de,256771
esas cosas,256748
las páginas,256632
los pobres,256539
su origen,256194
la pierna,256178
pasar a,256131
que somos,256122
en vano,256042
dirección a,255999
el reloj,255987
amigos y,255946
al paciente,255903
San Juan,255896
confiar en,255781
al pie,255745
y social,255739
los restos,255701
me preguntó,255687
se presentan,255643
el pago,255616
en brazos,255579
de campo,255558
de alto,255435
los colores,255408
de Barcelona,255404
de a,255398
y he,255346
no hubo,255158
lo sabes,255142
he de,255119
una puerta,255081
es porque,255054
funcionamiento de,255012
la pintura,254984
la riqueza,254970
del momento,254945
fruto de,254943
historia y,254822
banco de,254793
paz y,254736
del nuevo,254682
a España,254675
el extremo,254618
fue lo,254590
que aquella,254570
las técnicas,254495
hoja de,254473
de Estudios,254423
tiene su,254396
todos se,254311
exceso de,254271
una mueca,254264
para salir,254184
alto de,254160
fueron los,254133
hacia abajo,254084
allá del,254036
es probable,254018
frente de,253988
el frío,253971
una fuente,253952
iglesia de,253874
era capaz,253868
personal y,253786
una zona,253766
personas y,253764
sólo por,253744
se dan,253655
la suma,253616
años antes,253569
la nave,253423
un salto,253414
mano para,253394
de entrar,253368
las veces,253330
éste es,253295
la boda,253093
función del,253064
de mantener,253000
real de,252968
de cerca,252916
las enfermedades,252911
del Código,252884
se hacen,252775
la imaginación,252724
campos de,252692
los humanos,252621
por unos,252605
La Habana,252522
al borde,252513
vez por,252430
durante todo,252367
atrás y,252249
la totalidad,252244
muestra de,252220
venir a,252147
de Salud,252136
el relato,252096
estos dos,252034
hemos de,252007
tenía razón,252001
sobre este,251898
una fuerza,251894
vestido de,251854
fuera una,251815
cualquier momento,251705
ellos no,251603
tarea de,251463
su posición,251362
lo importante,251352
algún momento,251343
sacudió la,251312
misma manera,251251
uso del,251234
de colores,251186
detrás del,251148
de estudios,251077
sin tener,251059
será la,251049
otro modo,251037
la deuda,250984
la oposición,250938
evitar la,250913
que puedo,250904
combinación de,250842
en diferentes,250715
conocer a,250628
acciones de,250572
acuerdo de,250562
la selección,250532
de violencia,250457
obligó a,250452
veces en,250449
temo que,250416
Naciones Unidas,250252
ejemplos de,250200
a perder,250189
al oír,250174
hojas de,250107
y mientras,250052
normas de,250050
quien no,250048
la campaña,250024
el empleo,249804
el techo,249745
gracias al,249721
una perspectiva,249697
con alguien,249694
España y,249654
y mis,249645
confianza en,249584
alcance de,249580
había encontrado,249565
nuestro país,249543
lado a,249369
en nuestras,249344
mi alma,249341
piel de,249336
se quedaron,249244
sus vidas,249227
la próxima,249222
con qué,249188
cuenta la,249144
a aquellos,249091
hacia una,249080
una enorme,249013
el café,248922
ni los,248817
volvieron a,248804
ocasión de,248801
primero en,248790
de llevar,248767
tras un,248755
el partido,248728
del partido,248717
la intensidad,248661
de José,248636
las víctimas,248633
al resto,248465
las órdenes,248457
fuerte y,248327
mi nombre,248322
de quién,248313
de largo,248187
bolsa de,248156
el Congreso,248145
dispuestos a,248087
padres de,248033
suele ser,247984
el escenario,247982
del orden,247947
productos de,247899
una cuestión,247891
ella me,247823
para seguir,247820
para alcanzar,247777
dolor y,247758
solo por,247649
un medio,247605
momento y,247564
los mecanismos,247514
la reducción,247445
criterios de,247358
en comparación,247343
sería una,247340
su existencia,247336
la gracia,247226
con otra,247202
el negocio,247188
había conseguido,247175
un fuerte,247118
la emoción,247043
salida de,247039
hombre se,246972
ésta es,246899
en tal,246876
cadena de,246854
los usuarios,246810
la llave,246809
afirmar que,246773
de Colombia,246644
delante del,246527
sólo el,246423
lugar que,246261
un suspiro,246216
las nubes,246190
la presente,246146
se producen,246110
del producto,246083
no para,246054
que hablar,246046
los negocios,246016
el mes,245933
este trabajo,245828
de plástico,245815
las mejores,245762
puede haber,245668
la personalidad,245657
una oportunidad,245582
eso le,245514
sobre mi,245489
la soledad,245426
que tengan,245261
uno o,245241
ni tampoco,245194
relaciones entre,245190
el seno,245141
los vecinos,245122
dejó caer,245108
la barbilla,245082
país de,245022
los cristianos,245014
si a,245009
vida es,244978
vaso de,244831
de veces,244756
valores de,244716
relaciones con,244698
la institución,244665
a algunos,244654
tiempo se,244611
que pasó,244595
el material,244534
los poderes,244454
la tendencia,244384
la abuela,244346
de cuero,244286
sea un,244222
apoyo de,244175
tendrá que,244121
el vestido,244120
tomó la,244098
aquí en,244069
siglo XVIII,244042
del Tribunal,244030
ciudad y,244020
una realidad,243983
parecía un,243977
uno se,243920
ahí que,243869
una segunda,243843
debido al,243829
donde estaba,243790
el muchacho,243769
una ocasión,243733
otra de,243651
de pelo,243586
la publicación,243549
había salido,243488
similar a,243430
había ocurrido,243270
las noticias,243220
de París,243083
con otro,243060
cuando era,243017
tuvo la,242971
siglo XXI,242866
el pie,242864
de peso,242783
relacionada con,242755
el horizonte,242698
de obra,242579
para determinar,242561
se utilizan,242552
a esto,242524
de Seguridad,242523
como ella,242475
mundo en,242304
un viejo,242292
dar una,242247
un verdadero,242234
brazo y,242211
los momentos,242195
las piedras,241986
y hay,241914
cosas en,241872
del presente,241785
nuevo a,241759
las flores,241745
poder y,241665
no sabes,241616
media de,241598
sino el,241515
de familia,241417
piensa que,241406
políticas de,241349
la clave,241343
dijo en,241313
encargado de,241284
la independencia,241189
una cierta,241124
plaza de,241092
se aplica,241082
puertas de,241060
las niñas,241045
durante una,241022
la frecuencia,240994
una solución,240964
cambio en,240938
habitantes de,240877
como le,240849
cabeza en,240812
la perfección,240795
interés por,240715
estos casos,240591
corazón y,240582
tras una,240582
que haber,240561
de conocer,240512
que existen,240479
sólo la,240398
de aceite,240348
es solo,240344
la integración,240343
para crear,240218
para estar,240191
los perros,240164
hacia mí,240090
un nombre,239996
un cierto,239951
de entender,239940
la Historia,239776
un equipo,239699
la regulación,239605
aspectos de,239591
boca y,239590
siempre es,239567
de primera,239406
a leer,239394
no estaban,239260
un perro,239246
un árbol,239194
el maestro,239183
estaba seguro,239180
como había,239106
mal que,239099
casa en,239068
los conflictos,239066
era mi,239004
no significa,239004
perder el,238991
multitud de,238984
el peligro,238946
enfermedad de,238868
del programa,238803
puede estar,238779
la determinación,238660
población de,238516
su libro,238494
dos semanas,238435
cual es,238310
estoy en,238294
color de,238276
algún tipo,238213
a esas,238188
de seda,238156
reconocer que,238106
redes sociales,238075
todavía más,238066
recordar que,238066
cinco minutos,238063
igual a,238049
no has,238033
hacer con,238005
que haga,238001
se dirige,237997
los sujetos,237994
abrir la,237981
sólo a,237943
un futuro,237919
del Norte,237856
a cenar,237828
de grandes,237798
tienen la,237762
lo sabe,237758
se establece,237665
estar con,237652
volvería a,237592
te gusta,237581
ojos en,237548
un primer,237544
mano derecha,237460
memoria de,237454
influencia de,237279
golpe de,237158
tengo una,237136
la finalidad,237124
las áreas,237042
su esposo,236991
la esposa,236795
en seguida,236766
donde había,236754
cómo el,236747
la Escuela,236737
el documento,236705
venta de,236687
que voy,236676
las mejillas,236626
la herida,236609
el ojo,236558
cerró la,236481
ya ha,236476
aquí se,236476
sus hermanos,236454
al señor,236427
derechos y,236404
qué más,236387
sé cómo,236341
un determinado,236338
estas cosas,236323
las estructuras,236312
casos en,236312
actitud de,236288
de consumo,236230
o algo,236223
también con,236213
un juego,236186
y ser,236100
la sabiduría,236075
los profesores,236054
con cada,236028
la hoja,235998
su estado,235988
mucho mejor,235974
botella de,235945
con cierta,235901
hombros y,235852
de conciencia,235811
del hotel,235781
recuerda que,235549
ante una,235462
salud de,235430
la diversidad,235404
el establecimiento,235392
Seguridad Social,235368
nadie más,235368
del régimen,235365
lo hubiera,235222
un ataque,235221
del Ministerio,235205
se presentó,235198
tenía los,235132
natural de,235092
habría que,235084
a esos,235077
de paso,235072
que estuviera,235050
porque era,235041
por escrito,235040
da un,234964
me importa,234943
suma de,234933
de inversión,234782
centro del,234781
por cualquier,234771
entonces no,234720
demasiado tarde,234666
sonrisa de,234597
la descripción,234572
y todas,234538
hasta un,234532
el teatro,234530
pienso que,234527
que ésta,234495
los métodos,234472
es sólo,234468
tengo un,234413
hace más,234334
descripción de,234310
el cliente,234239
padres y,234169
de análisis,234088
el Ministerio,234073
interpretación de,234054
de poner,234018
crear un,234016
del dolor,233965
tan grande,233957
funciones de,233925
dio a,233900
cuando yo,233896
un producto,233867
diría que,233843
la ira,233831
base en,233813
de sol,233808
cara y,233757
comienzo de,233752
haya sido,233717
general y,233697
presentación de,233555
el poeta,233533
la India,233531
más grandes,233347
de palabras,233342
de éste,233323
entra en,233318
a por,233313
un campo,233281
yo había,233231
selección de,233226
tres veces,233204
ella la,233137
otra forma,233113
este lugar,233107
tanto por,233048
los meses,233029
cumplir con,233012
porque yo,232939
con claridad,232935
por allí,232913
yo he,232856
el funcionamiento,232850
así la,232673
otros países,232621
pidió que,232586
había tomado,232576
esa manera,232573
una lista,232455
la concepción,232376
un brazo,232269
dos meses,232237
una habitación,232110
pesar del,232030
las obligaciones,231951
se quitó,231898
gran cantidad,231820
responsabilidad de,231741
a bordo,231723
vida del,231681
le habría,231665
interés en,231623
se habla,231612
como hemos,231590
debe a,231569
olor a,231558
por ellos,231539
mañana siguiente,231483
una misma,231399
los antiguos,231346
Guerra Mundial,231291
la radio,231259
él estaba,231229
llegué a,231228
los signos,231120
una acción,231065
el vino,231059
mujeres de,231015
estaba segura,231006
establecimiento de,230951
don Juan,230946
una estructura,230919
más profundo,230908
los huesos,230741
líneas de,230641
más aún,230566
la estancia,230533
de distancia,230524
mantener el,230522
del ejercicio,230514
noción de,230513
en Colombia,230492
a encontrar,230489
pues en,230431
velocidad de,230423
la edición,230365
dejaba de,230286
un mal,230263
personas en,230212
me temo,230182
que sigue,230161
disminución de,230124
parece ser,230090
camino a,230084
una función,230080
la Ciudad,229984
esperar a,229857
de nuevos,229806
de ropa,229796
pero tampoco,229787
que ocurre,229743
responsables de,229706
también una,229702
a pie,229598
acuerdo a,229553
los sueños,229520
solo de,229463
vive en,229415
oficina de,229342
luz y,229292
en adelante,229263
de memoria,229257
en nada,229244
si él,229231
que quieres,229220
e hizo,229135
comenzaba a,229091
abrió los,229086
qué había,229068
espera de,229019
mí mismo,229013
del padre,228939
para mejorar,228898
decir nada,228737
un chico,228725
ha habido,228719
de responsabilidad,228714
que pudieran,228704
hubo un,228681
de alegría,228649
del norte,228631
y poco,228613
tiende a,228551
la marca,228450
que nuestro,228320
cual el,228293
una amplia,228239
isla de,228007
todo de,227937
por razones,227910
comunidad de,227864
días y,227715
está claro,227658
tal manera,227608
camino que,227607
a aquella,227538
las escuelas,227509
pero había,227467
se sienta,227451
grande que,227348
de fondo,227322
otros dos,227319
su país,227310
unos instantes,227229
de camino,227215
modelos de,227191
de evaluación,227160
edición de,227108
entre un,227079
y tampoco,227037
a escribir,226965
la nota,226956
los números,226947
paso del,226918
proyectos de,226714
propio de,226637
amor que,226626
la discusión,226584
la regla,226526
la pista,226499
la transformación,226350
alzó la,226276
mediante un,226197
los sentidos,226183
y porque,226167
del cuello,226127
que pudo,226092
los actores,226090
uno mismo,226085
presentes en,226042
sentido del,226027
un período,226019
la cruz,225997
bajo los,225960
lo dijo,225903
los espacios,225747
solo para,225725
solo a,225685
don Quijote,225603
acabar con,225599
prevención de,225579
ese modo,225568
quien le,225465
los pensamientos,225457
de varias,225443
la principal,225419
el secreto,225319
estas palabras,225276
principios del,225187
sino un,225178
estrategia de,225108
por desgracia,225079
me sentí,225054
he sido,225028
su expresión,224984
aquí no,224961
sangre de,224924
las situaciones,224849
mientras le,224825
