ngram,freq
"das , was",4202851
in der Regel,4011765
"nicht , dass",3932894
"ist , dass",3432837
"alles , was",3069622
es sich um,3066981
sich in der,2939001
und in der,2715201
die in der,2554033
in der Lage,2540404
sich auf die,2533178
handelt es sich,2512884
in der Nähe,2509788
im Rahmen der,2499040
in den letzten,2444912
in der Hand,2353608
in Bezug auf,2279500
auf diese Weise,2234593
schüttelte den Kopf,2225205
ich weiß nicht,2220735
auch in der,2205794
"wusste , dass",2186316
"sein , dass",2164185
"werden , dass",2086538
im Hinblick auf,2070252
"nicht , was",2045092
zum ersten Mal,2042582
sich in den,2008372
"werden , die",1990825
"Menschen , die",1984027
auf dem Weg,1975811
es war ein,1952191
in diesem Fall,1951869
"dafür , dass",1916145
auf der anderen,1877411
an dieser Stelle,1855687
"Mann , der",1843066
der anderen Seite,1826216
"nicht , wie",1792234
im Gegensatz zu,1772621
sich auf den,1761775
sie in der,1747477
dass sie sich,1740138
hin und her,1738040
in die Augen,1704168
"dem , was",1699020
nicht nur die,1648035
in diesem Zusammenhang,1638295
in erster Linie,1604631
"aus , dass",1603140
"war , dass",1589789
in der Mitte,1587052
"klar , dass",1571549
im Bereich der,1569520
"werden , wenn",1565067
dass er sich,1562814
in der Praxis,1558240
"war , und",1557317
"dann , wenn",1553971
tut mir leid,1551117
nicht in der,1548788
mehr oder weniger,1546930
in der Tat,1546528
im Zusammenhang mit,1521654
"sagen , dass",1515350
nach wie vor,1508066
"daran , dass",1505859
und vor allem,1504687
"ich , dass",1498963
"aus , als",1496870
Blick auf die,1496125
"weiß , dass",1493005
auch für die,1482754
"an , dass",1479539
dass es sich,1473538
"hatte , und",1472777
"darauf , dass",1463745
"ja , ich",1455296
"ist , die",1454747
auf dem Boden,1434080
"ja , das",1423388
vor allem die,1422934
es handelt sich,1416342
"sicher , dass",1415201
"ist , und",1409362
und in den,1407545
auf den Boden,1406148
"fest , dass",1405611
"an , die",1405587
in der Stadt,1388266
sich mit der,1381667
"Frau , die",1381600
die in den,1378332
in der Nacht,1375407
"Tatsache , dass",1371090
auf jeden Fall,1366024
in diesem Moment,1339197
"so , als",1334741
es ist ein,1329158
"sie , dass",1323909
auf den Weg,1322770
sich mit dem,1302598
"wissen , dass",1294581
es in der,1292232
sie sich in,1291336
es ist nicht,1289512
sie sich nicht,1284944
die sich in,1284055
dass sich die,1278213
sie in den,1266827
"hatte , war",1263503
bezug auf die,1251593
"war , als",1229551
in Form von,1219931
auf den Tisch,1217348
im Vergleich zu,1210830
die ganze Zeit,1209646
"auch , dass",1205373
Art und Weise,1200785
in die Hand,1200185
die für die,1187577
in der Welt,1184240
ist in der,1181643
"gesagt , dass",1166566
es sich bei,1162339
die Frage nach,1161483
"so , wie",1159259
"sich , dass",1154502
vor sich hin,1152593
die Zahl der,1149584
den Kopf und,1149349
"werden , um",1142220
"sein , wenn",1139410
"Frage , ob",1137801
im Laufe der,1121509
"an , als",1114277
"auf , die",1096951
der in der,1095075
von Anfang an,1093241
auf der Straße,1090502
sich an den,1089569
sie in die,1087827
so ist es,1084193
ist es nicht,1082433
in den USA,1075601
"sein , die",1071000
sich in die,1065717
so gut wie,1064728
Frankfurt am Main,1062682
nach und nach,1061687
was für ein,1055326
"ist , daß",1053757
bis in die,1050489
es tut mir,1050486
"nicht , ob",1049362
in der Schule,1048745
das ist ein,1045899
sich um eine,1042280
Hinblick auf die,1041968
"darin , dass",1041639
die von der,1037085
"ist , wenn",1030652
im Rahmen des,1029903
sie sich auf,1028719
"etwas , das",1028386
auch in den,1025769
vor allem in,1023825
im Sinne des,1020461
er sich in,1017840
"sind , die",1017384
er in der,1006390
"nur , dass",1002981
"so , dass",1001763
und für die,998410
es war eine,995156
in der Luft,994552
eine Reihe von,994256
"wissen , was",991432
und das ist,988884
"an , und",987477
ich habe mich,986730
"ist , so",984307
in der Küche,983612
"ist , wie",980518
"auf , dass",970722
am Ende des,970087
"auf , und",965544
"deutlich , dass",965070
als er sich,964733
sich an die,963339
wenn sie sich,962241
gar nicht mehr,954987
im Sinne der,954435
das ist nicht,953953
in die Höhe,953248
"nein , das",948540
aber es war,947735
in den ersten,945992
sich um und,945482
"nein , ich",945183
in der ersten,942818
in Verbindung mit,942795
aber es ist,941170
"nicht , daß",939537
"war , die",935884
"er , dass",935881
und ich habe,934869
die Augen und,934433
die Anzahl der,933526
"werden , und",933057
in dem die,929058
dass ich mich,927139
nicht mehr als,925797
was ist mit,925410
aber auch die,925013
nicht mehr zu,924003
den letzten Jahren,920982
auf den ersten,917995
ich habe es,917820
der Suche nach,917539
als auch die,915241
in diesem Augenblick,913541
und es ist,911561
hatte er sich,910799
"bedeutet , dass",910469
er sich nicht,910039
nicht mehr so,905741
ich weiß es,905702
"ist , ist",905391
mit der Hand,902456
als sie sich,901592
sie nicht mehr,900186
das ist doch,898371
das ist eine,896926
"es , die",895377
den ganzen Tag,893352
es ist eine,888057
mit den Schultern,887227
"dort , wo",887222
es war nicht,884538
das habe ich,881887
aber ich habe,881887
ich bin nicht,881499
am nächsten Morgen,878036
wird in der,876943
sich aus der,876546
"werden , daß",873993
das erste Mal,873425
sich über die,873340
nicht auf die,871973
am nächsten Tag,867817
in die Küche,864083
sie auf die,863192
in der Zeit,862273
und es war,859239
sich mit den,854830
und mit dem,848792
in den meisten,848021
ich kann nicht,847244
vor dem Hintergrund,844532
"zeigen , dass",837578
dass sie nicht,836186
er sich auf,835761
die von den,835484
noch ein paar,835208
aus diesem Grund,834724
auf keinen Fall,834436
was hast du,831738
ab und zu,829549
sie mit dem,823806
"aus , die",823348
"hatte , dass",823156
das ist die,821788
"mir , dass",819177
es nicht mehr,818919
und setzte sich,817890
das ist der,816988
und auch die,813195
an der Wand,809809
sich um die,806677
in diesem Sinne,806385
"nicht , wenn",806337
"spürte , wie",805519
"sie , wie",804236
in den Augen,803575
mit Blick auf,800191
auch wenn sie,799453
in der Literatur,798575
gar nicht so,798303
wenn er sich,798139
am Ende der,795529
den ersten Blick,794380
"froh , dass",791103
die durch die,790013
in der die,789212
sich nicht mehr,787901
er hatte sich,785981
das ist ja,785808
sich aus dem,784624
sich bei der,783502
zu tun haben,783032
wie in der,780911
"hin , dass",779279
so etwas wie,778639
auf der Grundlage,778301
wie sie sich,777947
hin und wieder,777543
mehr und mehr,776762
sie mit einem,776544
sich in einem,775804
"Leute , die",774333
"wird , ist",773356
"haben , die",773298
an der Tür,772706
"nicht , aber",772608
"vor , dass",770544
es sei denn,770519
ganz und gar,769739
"werden , da",769585
und ich bin,769187
und damit die,768601
sie sich mit,768312
"Dinge , die",767507
"ist , wird",766428
in den nächsten,766138
auch auf die,765830
sie sich an,765808
"glauben , dass",764825
was ist denn,761989
und in die,761301
was ist das,760823
die sich auf,760591
durch den Kopf,757534
zwischen den beiden,757434
er sich mit,755801
"sehen , wie",755307
nach einer Weile,754427
in die Luft,749864
"war , hatte",749662
und auf die,748460
aber das ist,747771
in die Hände,745000
alles in Ordnung,744184
in denen die,743669
auf und ab,743267
als er die,741918
"sah , wie",741645
aus den Augen,740942
"ein , dass",739839
sind in der,738497
dass er nicht,737030
"sein , und",734458
"genug , um",733356
auf der einen,729787
drehte sich um,729777
"allem , was",728596
sich von der,728258
für den Fall,728109
nicht mehr in,727502
sich durch die,727252
ich mich nicht,725818
und mit der,725365
noch in der,725137
sich für die,724830
auf der Suche,723577
"es , dass",723340
immer noch nicht,721624
und damit auch,720260
"haben , und",716767
dass sie die,716602
in der Vergangenheit,716355
nicht in die,716129
"Personen , die",714867
"dazu , dass",713549
mit der Zeit,712468
"sich , wie",711615
"auf , als",711170
auch wenn es,710025
sie auf den,706080
in dieser Zeit,705544
"ist , als",705209
"ein , die",704324
Zusammenhang mit der,702440
"ist , kann",700271
in Anlehnung an,700078
mit Hilfe der,700036
sich auf dem,699952
auf dem Tisch,699509
zu diesem Zeitpunkt,699459
nicht nur in,697081
"weiß , was",696546
wenn man die,694866
auf der Erde,694769
wenn man sich,694471
für einen Moment,692928
auf der Basis,692891
aus dem Fenster,692648
sich mit einem,692388
"diejenigen , die",691465
nur in der,690725
wenn sie nicht,689755
sondern auch die,685747
und wenn ich,685332
wieder in die,684864
als sie die,682369
"ist , das",682219
im Rahmen einer,681409
auf der Welt,681372
"ist , der",677477
das kann ich,674764
"hat , und",674693
in die Arme,673819
und mit einem,673680
nicht in den,672162
"davon , dass",672023
Einfluss auf die,671668
stand auf und,670528
wenn ich mich,669408
"sind , und",669008
in den Jahren,668595
in jedem Fall,668329
dass er die,667972
er war ein,667613
dass ich nicht,666265
die Entwicklung der,665997
im Sinne von,665771
"nein , nein",665708
"vor , die",664563
einen Blick auf,664382
"haben , dass",661642
was für eine,661382
sich an der,660411
"Gefühl , dass",660127
im Sinne einer,659259
an der Universität,657697
hatte sie sich,657650
die mit der,657496
"hatte , die",655193
in den Mund,653787
"nur , wenn",653201
sie mit der,652366
sich in einer,651429
"zu , dass",649866
"es , wenn",645937
zuckte mit den,645911
aus der Hand,644433
und das war,643726
Frage nach der,643715
er ist ein,643412
in dem Moment,643234
in der zweiten,641904
die Bedeutung der,639978
"erkennen , dass",639766
in die Stadt,639627
es um die,638647
ich in der,638348
"werden , wie",635934
schloss die Augen,635894
"hat , ist",635770
sagte er und,635737
bis zu den,635531
in den Händen,634874
der einen Seite,634094
auf die Schulter,633502
und von der,633115
er sich an,632806
eine halbe Stunde,631610
sich auf das,630374
bis hin zu,630314
"mehr , als",630021
es sich nicht,627128
dass wir uns,626966
um sie zu,626781
ist für die,625571
auch bei der,625468
habe ich mich,625153
"würde , wenn",625043
sich um einen,625005
in dem er,624048
dass er sie,623262
in der Folge,621693
noch nicht einmal,621407
in der Bundesrepublik,621167
kann ich nicht,620714
"Frauen , die",620192
geht es um,619612
"bewusst , dass",618943
war es nicht,617538
die sich mit,617133
"wissen , wie",616783
der Mitte des,615190
dass es nicht,615062
ich kann es,614795
"sein , aber",613430
ein paar Minuten,612652
er in den,612301
"ist , sondern",611470
handelt sich um,611427
in den folgenden,610973
und ließ sich,610521
"aus , und",610027
und durch die,609998
der Bundesrepublik Deutschland,609882
die mit dem,607455
wie er sich,606886
ich will nicht,606163
"gut , dass",604674
wie er es,604109
das in der,603811
nicht von der,602603
aber ich bin,602103
"war , wie",601287
mitten in der,601158
auf die Frage,600988
was soll ich,600566
das weiß ich,599921
ein paar Tage,599247
der Fall ist,598301
wie ich es,598017
wird durch die,596953
die junge Frau,596845
auf die Straße,596506
und als er,596078
sie hatte sich,595586
"ist , was",595102
"die , die",594840
ich glaube nicht,594638
"dessen , was",593945
in dem sie,593599
"sein , daß",592928
das ist das,592896
auch wenn er,592256
in letzter Zeit,592238
"sah , dass",591242
aber das war,591010
als ob er,590859
"darüber , dass",590288
wenn wir uns,590238
"werden , so",589520
"zeigt , dass",589494
"Männer , die",588686
"hat , die",588658
er mit dem,588137
"dadurch , dass",587811
in seinen Augen,586431
"wird , die",586425
als hätte er,586024
"zu , wie",585708
die Suche nach,585375
"können , dass",585158
im Zuge der,583477
und wenn sie,582566
weiß es nicht,582240
es ist die,581182
wie zum Beispiel,580552
ich bin ein,579426
ich habe sie,577896
so schnell wie,577686
"ist , dann",577375
ich habe keine,576003
sich auf der,575490
schon in der,574982
auf sie zu,574929
auf der Stelle,574754
in der Geschichte,574149
im Bereich des,573552
wie geht es,573066
es in den,572163
ich es nicht,572163
"ist , um",571908
und wenn er,571907
ich habe die,568723
"sagen , daß",568321
auch wenn die,566221
wenn es sich,565802
weiß ich nicht,565304
"hatte , als",564866
"sich , und",564817
in Höhe von,563052
ich nicht mehr,562778
sich die Frage,562726
gibt es eine,562682
"an , der",562084
Blick auf den,561626
und auf der,560241
"nicht , und",559456
"Zeit , die",559145
zu Beginn des,558788
wie sie es,558619
ich habe ihn,558177
"sich , als",557697
"war , der",557467
"können , wenn",557435
"war , um",556901
vor der Tür,556372
in der DDR,556159
ich mich in,555726
und wandte sich,554186
"aus , um",554181
"zu , die",554042
auch nicht mehr,553846
auf ihn zu,553736
als ob sie,552399
an diesem Tag,552394
noch gar nicht,552034
in dem sich,551851
sie auf dem,551087
in dieser Hinsicht,550974
setzte sich auf,550451
wenn es um,549570
ist nicht nur,548966
runzelte die Stirn,548792
"jemand , der",548724
"ja , aber",547445
der junge Mann,546810
sie es nicht,545306
ich mich auf,543828
und die anderen,541445
ich habe das,541081
was soll das,539768
und so weiter,539616
"ja , es",539317
schon gar nicht,539064
ist das nicht,538729
"kann , wenn",538300
mehr als ein,538093
mit Hilfe von,538002
wenn er nicht,536533
"wird , dass",535380
an die Stelle,535199
"denen , die",535005
und auf den,534992
dass sie in,534172
"überzeugt , dass",533429
alles andere als,533412
wir haben uns,533216
wie sich die,533143
in der Schweiz,532175
wie bei der,530096
und er hatte,528322
"ab , die",528182
"sie , die",527911
auf dem Rücken,527613
nur ein paar,527555
"sie , und",526897
auf den Rücken,526511
mit beiden Händen,526217
wieder auf die,524782
das war ein,524299
er nicht mehr,524008
ich erinnere mich,523947
war in der,523696
kann man sich,523463
was willst du,523265
um den Hals,522908
man in der,521647
nach dem anderen,521184
so war es,521121
ich bin mir,521001
nichts zu tun,520548
nur noch ein,520391
der in den,520201
auf der Ebene,520075
er in die,519815
wieder in den,519625
ich freue mich,518966
"ja , ja",517761
"er , wie",517670
es auch nicht,517392
ein Teil der,517274
in den vergangenen,516868
"hat , dass",516558
der Begriff der,515995
zu sein und,515940
gibt es auch,514836
in der Ferne,513930
"möglich , dass",513427
eine wichtige Rolle,513062
"fragen , ob",512891
ist es auch,511781
der Nähe des,511710
ich liebe dich,511439
aber in der,510928
im Umgang mit,510741
"an , daß",510617
nicht nur auf,510458
sich um ein,510118
mit dem Kopf,509205
einen Moment lang,509187
werden in der,509062
"ich , wie",508671
dass er es,508583
in meinem Leben,508555
hier in der,508437
und nicht nur,508300
als er den,508221
die sich aus,508042
"sorgen , dass",508006
nicht nur für,507570
"sehen , dass",507362
ich kann mich,506962
sie sich von,505915
"nicht , weil",505188
"vor , als",504939
"auf , um",504434
in der Hoffnung,504393
in den Sinn,504151
es geht um,504108
bis auf die,503684
und auf dem,503437
mit dem Ziel,503357
sich nicht nur,503336
in die Welt,503326
"tun , was",502855
mit einem Mal,502754
"sein , um",502453
auf den Kopf,502005
schnell wie möglich,501834
um sich zu,501686
sie aus dem,501382
"wird , und",501364
die Hand und,501033
und über die,500991
ist auch die,500682
er mit einem,499755
in diesem Buch,499271
"KG , Göttingen",499221
"kann , ist",498787
nicht mit dem,498650
in der letzten,498456
"hatte , um",498103
wenn ich nicht,497707
in diesem Kapitel,497690
zu Beginn der,497598
sich auch in,497551
ebenso wie die,496768
"gibt , die",496112
und als sie,495912
mit den Händen,495714
"war , aber",494749
"glaube , ich",493595
sie auf der,492968
"heraus , dass",492132
wandte er sich,491776
"darin , daß",491724
zu tun hat,491592
ich habe mir,491348
"alle , die",491131
der Europäischen Union,490946
es zu einer,490883
"damit , dass",490789
dass ich es,490368
"ein , und",489755
die Geschichte der,488876
unabhängig von der,488872
Einführung in die,487646
ich fühle mich,487575
dass sie es,487222
"Frage , wie",487153
Gegensatz zu den,487009
"sagen , was",486350
vor ein paar,485924
sich vor allem,485880
aber ich kann,485174
in der er,484939
aus dem Weg,484130
Frage nach dem,483958
"wird , wenn",483306
vor allem aber,483246
daß er sich,483193
über die Schulter,483158
und wenn es,482831
auch für den,482514
nicht nur das,482473
in ihren Augen,482420
und immer wieder,482208
sich selbst zu,481439
sich bei den,481437
ob es sich,481304
"ist , aber",480754
und ich werde,479940
die Hälfte der,479620
es war der,479536
die sich im,479357
was meinst du,479205
er auf die,479033
sie mit den,478616
"sich , daß",478285
in der sie,478153
wie sie in,477763
gilt auch für,477426
und mit den,477221
der sich in,476945
als auch in,476539
"sicher , ob",475652
sich zu einem,475563
in New York,475506
du bist ein,475488
in der Natur,475315
was ist los,475224
"können , und",475098
mit anderen Worten,474851
es gibt keine,474461
Schülerinnen und Schüler,474367
"sein , denn",474346
im Gegensatz zur,474336
das war nicht,473351
über den Kopf,473076
und ein paar,472961
"sein , der",472526
es gar nicht,472486
sagte sie und,472291
das ist es,472185
im Alter von,471763
und bei der,471297
eine Vielzahl von,471211
im Rahmen von,471074
in vielen Fällen,470241
"gezeigt , dass",469714
sich auch die,469295
"weiß , wie",468887
stellt sich die,468336
bereits in der,467719
oder in der,467648
in bezug auf,467623
nur auf die,467505
gibt es keine,467482
kommt es zu,467316
an der Spitze,467097
und er war,466974
der für die,466318
es war die,466152
als er sie,465739
den meisten Fällen,465595
die bei der,465141
zurück in die,464944
als ich mich,464588
"sind , ist",464543
in der Form,463553
als in der,463479
"waren , die",463251
ich auch nicht,463193
wenn ich es,462669
mit den Worten,462446
nicht der Fall,462403
aus dem Jahr,462068
dann ist es,461780
in Abhängigkeit von,461729
"sehen , was",461670
nichts anderes als,461427
auf die Uhr,461008
"sich , die",460904
"sich , ob",460848
in der Dunkelheit,459762
aber er war,459646
die Tür hinter,458922
der Hand und,458526
bis zu einem,458013
"können , die",457931
er hat sich,457264
"war , so",457178
im Laufe des,457117
aber auch in,456799
um die Ecke,455875
vor allem der,454688
in den Vordergrund,453846
"an , um",453767
er mit der,453531
"feststellen , dass",453302
aber nicht nur,453297
die Frage der,453094
nicht nur eine,453043
"ist , in",452632
die aus der,452590
mit den Fingern,452267
handelte es sich,451983
in der Zwischenzeit,451870
der von der,451457
in der Kirche,450478
"aber , dass",450438
Gott sei Dank,450311
in der sich,449906
hatte das Gefühl,448894
vor allem auf,448795
sich nach dem,448690
er sich wieder,448656
vor allem im,448635
das letzte Mal,448269
als würde er,448011
"werden , was",447315
die ganze Nacht,446737
nach dem Tod,446712
liegt in der,446686
auch wenn ich,446621
zu dieser Zeit,446597
Blick auf das,446592
"an , wie",446435
nicht mit der,446237
dass er in,446197
in der Gesellschaft,445900
die auf der,445846
"zu , und",445619
am anderen Ende,445617
sich über den,445428
noch immer nicht,445360
kann es nicht,445333
die Ergebnisse der,445270
aber auch nicht,445195
"vor , wenn",445045
die auf dem,444462
so dass die,444090
dass sich der,443992
"sie , als",443910
in den Himmel,443210
sie von der,443195
"lange , bis",443118
und an den,442991
in einem anderen,442904
auf Grund der,442763
aus dem Haus,442462
daß sie sich,442214
sie sich die,441170
wir in der,439692
mit dem er,439335
"vorstellen , dass",439141
"deshalb , weil",438783
gibt es in,438713
die Hand auf,438597
die Augen auf,438287
dass sie ihn,438234
wie in den,438098
bis zum Ende,437794
"wäre , wenn",437709
vor diesem Hintergrund,437374
nicht nur der,437088
"gedacht , dass",436958
die aus dem,436946
er es nicht,436784
nichts mehr zu,436442
"was , wenn",435921
in dem der,435921
eine oder andere,435834
und an der,435683
sich aus den,435683
sich in dem,435682
sich wie ein,435552
"etwas , was",435089
das ist alles,434615
als sie den,434569
das Ende der,434444
an diesem Abend,434021
"Person , die",433941
mit den anderen,433881
"waren , und",433720
so ist die,433544
sich von den,433030
"tun , als",432685
wieder auf den,432643
"sie , was",432480
"Art , wie",432075
den Weg zu,431992
"sein , das",431764
"jetzt , wo",431581
in der Öffentlichkeit,431270
"Kinder , die",431249
auf die Knie,431179
und zum anderen,430750
und was ist,429649
er sich zu,429502
dem Weg zu,429443
ich habe nicht,429180
sie sich vor,428876
die Art und,428650
im Gegensatz zum,428631
bezieht sich auf,428505
nur für die,428447
von nun an,428372
"wusste , was",428072
wenn sich die,427627
es ist das,427349
"er , als",427331
der durch die,427087
dass es in,426742
Überblick über die,426593
"war , das",426530
habe ich nicht,426424
in Form einer,426396
auf die Idee,426261
um ihn zu,425954
noch ein wenig,425823
er sich von,425808
hat er sich,425681
und die beiden,425391
nicht auf den,425092
weil sie sich,425077
ich habe dich,425015
in die Tiefe,424827
"Fall , dass",424527
"Mensch , der",424425
im Anschluss an,424340
wenn Sie sich,424303
"ab , und",424053
auf mich zu,423809
mit ihm zu,423459
er war nicht,422971
es ist mir,422421
"Zeit , in",422400
und machte sich,422092
zur Verfügung stehen,421647
wie in einem,421395
"ihm , dass",421026
"erzählt , dass",420822
auf dem Gebiet,420717
im Falle der,420393
ich kann mir,419774
und auch nicht,419409
dass man sich,419400
in diesem Falle,419354
warum hast du,419117
ein paar Stunden,419083
in der deutschen,418536
die für den,417970
im Rahmen eines,417831
und in dem,417508
das Problem der,417139
durch die Luft,416629
zu tun hatte,416605
was machst du,416346
"Tatsache , daß",416043
Hand auf die,416026
"ja , und",415498
und von den,415466
was auch immer,415459
sich nicht um,414831
auch bei den,414720
auch heute noch,414218
"Augen , die",413971
vor allem bei,413747
an die Wand,413590
nicht mehr auf,413407
ergibt sich aus,413217
zur Seite und,412584
ist nicht mehr,412571
Laufe der Zeit,412397
er hatte die,412298
wie auch immer,412227
nicht nur ein,412064
"nicht , warum",411704
"werden , sondern",411614
die sich nicht,411610
für die Zukunft,410678
"nicht , denn",410611
"müssen , um",410472
es nicht so,410434
ist noch nicht,410350
sich dabei um,410066
"dafür , daß",409943
"mal , wenn",409863
sich selbst und,409794
wie bei den,409771
ich bin der,409678
es ist nur,409087
ich habe eine,409044
hat sich die,408602
auch gar nicht,408378
es ist der,408225
war nicht mehr,408107
nicht aus dem,408008
zu machen und,407921
"wollte , dass",407889
in der Familie,407875
wenn man sie,407750
aus der Sicht,407724
gibt es nicht,407614
das mit dem,407269
"wichtig , dass",407262
es für die,406531
in diesen Fällen,406402
in den Arm,405845
in seinem Leben,405769
und ich war,405495
die Tür auf,405459
"mich , dass",405275
und als ich,403853
aber er hatte,403450
daß es sich,403159
ist in den,403126
"kann , dass",403122
einer von ihnen,402991
aus der Tasche,402555
habe ich mir,402070
es war das,402005
in den Wald,401640
"nur , weil",401340
wie es sich,401247
ich in den,401068
ich fühlte mich,400987
in einem der,400787
die Art der,400489
und sich in,400126
Zusammenhang mit dem,400069
"nichts , was",399685
unter Berücksichtigung der,398539
"werden , weil",398186
"nicht , die",397654
zur Verfügung gestellt,397358
von Zeit zu,397080
als auch der,396874
"war , daß",396732
mich auf den,396714
Zeit zu Zeit,396493
die Tür zu,396308
es ist so,396298
"war , war",396262
der Nähe der,396207
das Verhältnis von,396180
"solche , die",396142
so ist das,396095
die Augen zu,395987
es sich dabei,395611
sich mit einer,395294
"gewesen , und",395165
"wissen , ob",394818
ich mich mit,394759
konnte es nicht,394457
für die Entwicklung,394366
in Form eines,394264
dass sie das,394118
das war der,394090
wenn er die,393840
sich in diesem,393777
"einzige , was",393586
in den Raum,393130
ein paar Schritte,392921
"ja , er",392785
wenn ich das,392596
und ich hatte,392467
nach ein paar,392358
als hätte sie,392132
er sich um,391959
"derjenige , der",391879
"sind , so",391850
"werden , der",391778
es an der,391649
ich habe noch,391613
und ich kann,391579
hier und da,391499
sich auf und,391348
von der Seite,391178
sie durch die,391149
wenn es nicht,391081
und nach dem,391062
mit dem Rücken,391055
und gar nicht,390811
da bin ich,390808
was in der,390733
um sie herum,390366
auf der Insel,389919
ihm in die,389588
"an , das",389532
und er hat,389293
"ist , ob",388475
in der Deutschen,388086
warf einen Blick,387913
ich mich an,387533
in der Wohnung,387490
dass ich das,387429
dass er das,387356
"da , wo",387043
wenn sie die,386835
"ja , sie",386487
wie es in,386453
Anforderungen an die,386170
so kann man,385846
nicht mehr an,385707
als wäre er,385303
der ganzen Welt,385102
die Tür und,385088
kurz vor dem,385038
in diesem Bereich,384783
doch gar nicht,384675
nicht mehr die,384664
und sie hatte,384331
von allen Seiten,384174
von hier aus,384163
hast du das,384038
für sich selbst,383992
zum Beispiel die,383612
die beiden Männer,383474
die auf die,383256
fuhr er fort,383005
die in einem,382941
auch von der,382737
aus dem Bett,382697
sich noch einmal,382276
sie für die,382176
unter dem Titel,382009
sich auf eine,381779
die Bedeutung des,381758
der Nähe von,381627
mich auf die,381577
zusammen mit dem,381489
"werden , ist",381425
als ich die,381285
"will , dass",381259
die Rolle des,381203
"wird , so",381088
nur in den,380953
im Kontext der,380853
"aus , daß",380798
"sein , wie",380688
die er in,380215
den Blick auf,379951
sie in einem,379435
"werden , ob",379433
die ganze Welt,379305
er fühlte sich,379227
sich auf einen,378950
konnte sich nicht,378925
so daß die,378865
für ein paar,378830
bei der Arbeit,378761
habe ich das,378567
sie bei der,378349
dass ich die,378288
mehr als die,377476
"aus , wie",377439
sie sich wieder,376673
als er das,376642
"vor , wie",376440
"es , als",376068
auf der Bühne,375850
und wie sie,375771
im Unterschied zu,375765
mit Hilfe des,375658
"du , dass",375520
nur noch die,375390
gar nicht zu,375191
ist es wichtig,375119
"Annahme , dass",374846
ich werde mich,374602
"jedoch , dass",374325
"er , und",373888
die auf den,373750
"nein , es",373739
dass er den,373634
die Entwicklung des,373595
der Anteil der,373306
zu den anderen,372715
an den Tisch,372368
es mit dem,372228
einer halben Stunde,372099
"konnte , und",371732
es mit der,371707
"hoffte , dass",371517
sie nicht zu,371415
"warten , bis",371077
mit einer Hand,370796
da es sich,370605
"sind , wie",370462
sie sich zu,370264
in beiden Fällen,370256
"wurde , und",370028
mit sich selbst,369945
"Mutter , die",369927
mit dem sie,369880
"doch , dass",369762
das war eine,369631
an der Seite,369599
an den Wänden,369594
die Erinnerung an,369570
und es wird,369091
"Welt , die",368754
wenn sie in,368714
auf der Seite,368594
dem Hintergrund der,368440
stellen Sie sich,368433
sie fühlte sich,368296
nicht mehr mit,368179
"verhindern , dass",368158
ist in diesem,368077
"zurück , und",368071
bei dem Gedanken,367613
du hast mich,367038
ich gar nicht,366648
im nächsten Moment,366495
in den Blick,366187
tief in die,366167
bis auf den,365975
"haben , um",365951
"er , der",365907
die Rolle der,365905
in ihrem Leben,365583
"kann , und",365397
lange nicht mehr,365340
"werden , das",365119
an der Stelle,365042
ist vor allem,364958
sie sich auch,364886
"jeder , der",364881
mit den Augen,364804
mit dem Finger,364760
"dar , die",364649
hat sich in,363910
wie auch die,363421
und drehte sich,363091
sich die beiden,363082
dass sie den,362816
so wie es,362750
"auch , wenn",362614
zu diesem Zweck,362376
nicht so sehr,361994
"Eindruck , dass",361942
in der Gegend,361759
war noch nicht,361723
"Mädchen , das",361486
mit der er,361230
sie sich selbst,361067
"hatte , aber",360964
mehr als eine,360913
"gewesen , die",360483
"hoffen , dass",360186
mich nicht mehr,360154
sie über die,360045
ist es möglich,359987
sich gegen die,359985
in der Gruppe,359957
Bedeutung für die,359504
"verstehen , dass",359489
er auf dem,359433
auf die Seite,359154
rund um die,358895
"sie , wenn",358793
es nicht zu,358783
haben wir uns,358515
bei denen die,358323
daß sich die,358302
sich ein wenig,358211
wir uns in,358144
"gefragt , ob",358076
dass er mit,358035
lassen sich die,357946
"Stimme , die",357742
in der nächsten,357530
"ja , die",357502
"es , daß",357451
in meinem Kopf,357080
und dass sie,357040
sich in seinem,357011
dass in der,356665
"Grund , warum",356652
als sie das,356376
er den Kopf,356296
wie soll ich,355982
früher oder später,355940
am Beispiel der,355592
"nicht , sondern",355394
und ich weiß,355386
ich mit dem,355358
und zwar in,355337
ihn in die,354993
"merkte , dass",354819
vor allem für,354573
mit ein paar,354554
auf die Beine,353956
"Wunder , dass",353896
es ist doch,353284
wenn auch nicht,353238
dass sie mit,352474
das Prinzip der,352283
bin ich nicht,351915
und wenn du,351896
auch nur ein,351735
sich um den,351541
"wußte , daß",351373
dass ich sie,351161
er auf den,351103
"ich , daß",351046
"sein , als",350848
eine ganze Weile,350672
"dadurch , daß",350497
sich nach der,350490
in der Tür,350438
weil er sich,350273
die Höhe der,350215
es ist auch,350149
"sagte , dass",350030
rechts und links,350001
an der Zeit,349965
die von ihm,349961
sind im Internet,349426
in dieser Nacht,349184
auch in diesem,349184
und in einem,349044
die in diesem,348765
wir uns nicht,348643
damit zu tun,348618
"haben , wenn",348599
ich mir nicht,348502
zum Zeitpunkt der,348397
gar nicht erst,348193
"zu , der",348179
war es auch,348029
aus Sicht der,347770
"wurde , dass",347719
"daran , wie",347637
die sie in,347453
von mehr als,347287
mehr als nur,347181
vielleicht war es,347170
er hatte sie,346942
als eine Art,346929
"mal , dass",346860
in der ganzen,346814
ich werde es,346789
sie gar nicht,346534
er konnte sich,346490
die Möglichkeit der,346490
"können , ist",346375
"spürte , dass",346347
in solchen Fällen,346193
und sie war,346040
sich für den,345668
"haben , ist",345580
"sind , dass",345555
"werden , in",345505
nicht mehr aus,345197
"Zeit , um",344924
und aus dem,344889
"glaube , dass",344867
nicht ganz so,344459
auf die andere,344176
wenn er es,344103
es mir nicht,343808
auf dem Wege,343745
Publikation in der,343615
die an der,343456
als auch für,343447
wenn sie es,343442
hatte sich in,343094
"gewesen , dass",343022
den Kopf in,342573
es ist ja,342506
"mich , ob",342237
"sind , um",342148
als sie in,342106
noch lange nicht,341805
gibt es noch,341650
diese Publikation in,341566
"hatte , wie",341510
war es ein,341484
"sich , wenn",341442
nur noch eine,341368
dass du dich,341214
als er in,340966
aus wie ein,340904
im Internet über,340819
um zu sehen,340691
können wir uns,340579
verzeichnet diese Publikation,340519
"Hand , die",340486
in denen sich,340429
"sehen , ob",340328
"genau , was",340247
und für den,340226
und die damit,340157
noch einmal zu,340139
im Vergleich zur,339802
ist und die,339790
und an die,339505
"ist , hat",339371
und mit einer,339362
kann man die,339209
"Menschen , der",339008
in einem solchen,338720
sich immer wieder,338627
Grundlage für die,338129
Daten sind im,338032
"ist , weil",337838
"immer , wenn",337824
einer Reihe von,337664
doch nicht so,337418
wenn er sie,337235
du hast es,336983
und ich will,336960
dass ich dich,336879
im Verlauf der,336840
Tag und Nacht,336820
noch in den,336512
ein paar Wochen,336495
und nicht mehr,336394
"können , aber",336244
bis hin zur,335734
gilt für die,335234
"ist , den",335049
in den einzelnen,334932
nur durch die,334764
nur für den,334675
es sich in,334547
Auswirkungen auf die,334523
er ist nicht,333919
sie an der,333747
sie sich um,333601
"an , aber",333563
ist mit dem,333462
atmete tief durch,333449
konnte er sich,333418
und zog sie,333399
in eine andere,333384
können Sie sich,333193
während er sich,333095
von den anderen,333029
in den Fällen,332950
"war , in",332890
findet sich in,332520
nicht so einfach,332425
der alte Mann,332368
"Weise , wie",332262
aber es gibt,332077
der Geschichte der,331978
"so , daß",331829
"an , wenn",331734
das war die,331705
"kann , die",331284
an anderer Stelle,331220
wandte sich an,331123
in dieser Arbeit,331112
dass er mich,331110
gewesen zu sein,331075
vor allem durch,331029
und es gibt,330711
dass sich das,330572
"weiß , daß",330458
nach einiger Zeit,330366
in die Richtung,330291
"nicht , ich",330220
jetzt nicht mehr,330158
"Fragen , die",329601
"Mann , den",329521
eine Hand auf,329399
kann ich mir,329286
auch durch die,329143
den Begriff der,329052
ließ sich nicht,328989
aber ich weiß,328432
ich frage mich,328206
wenn du dich,328102
nicht an die,327837
"sehr , dass",327650
Er wandte sich,327364
"jene , die",327329
die andere Seite,327163
"haben , aber",327146
ist es ein,327032
das ist mir,326631
holte tief Luft,326517
denn es ist,326510
es bei der,326484
Blick in die,326425
"habe , und",326142
aber sie war,326129
dass ich ihn,326113
"zeigen , wie",325852
"ihr , dass",325628
"wir , dass",325366
und dass er,325267
das ist auch,325206
er sie nicht,325061
"versuchte , sich",324547
den Tisch und,324453
auf dem Sofa,324394
dass es eine,324202
sich nicht auf,324025
"auch , daß",323823
aus der Zeit,323731
der Ebene der,323614
der Deutschen Nationalbibliografie,323596
"einer , der",323551
die er sich,323087
in den Garten,323022
in einer anderen,322983
den Umgang mit,322967
er hatte es,322899
bibliografische Daten sind,322829
der Lage ist,322615
gibt es einen,322570
"Angst , dass",322395
die mit den,322242
ich konnte nicht,322239
auf beiden Seiten,321879
"lassen , und",321862
nach Hause zu,321723
ich bin so,321657
geht es nicht,321464
"auf , der",321374
im Vergleich zum,321288
in gewisser Weise,321129
an den Tag,321094
im Sinne eines,321022
hatte er die,320855
in der Sonne,320711
"du , was",320659
er hat mich,320561
drehte sich zu,320041
er sich die,320034
"können , wie",319859
um mich zu,319745
"worden , und",319698
er aus dem,319591
ich bin sicher,319530
als wäre es,319356
die Qualität der,319169
nicht einmal die,319048
es war so,318986
sagte er zu,318815
in Anspruch genommen,318800
und wenn man,318741
"leid , dass",318734
in ein paar,318640
das Konzept der,318393
wenn wir die,318243
wie möglich zu,318192
aber ich glaube,318166
in Richtung der,318162
"möchte , dass",318108
in gleicher Weise,318071
sich bei dem,318038
ich noch nicht,317840
auf der Hand,317809
wie sie die,317594
"hörte , wie",317432
ist auch der,317313
Abhängigkeit von der,317134
sie an den,317078
da gibt es,316935
in denen sie,316895
die sich an,316671
es ist zu,316598
links und rechts,316432
"jemanden , der",316336
es aber nicht,316117
hatte keine Ahnung,316064
"hat , so",315756
der mit dem,315752
"sei , und",315751
Männer und Frauen,315568
ist nicht zu,315483
detaillierte bibliografische Daten,315173
"wird , wie",315170
"Tag , an",315025
nichts anderes übrig,314983
aber auch der,314835
"ist , da",314779
und in diesem,314755
wird in den,314712
in den Weg,314640
nicht so gut,314620
in den Nacken,314576
einen Schritt zurück,314529
öffnete die Tür,314373
ist nicht so,314326
noch eine Weile,314225
ihr in die,314171
"war , was",314167
richtete sich auf,314019
und auch der,313603
"finden , die",313543
vor allem auch,313522
sie sich das,313428
dem Gebiet der,313253
und nach der,313249
sie war nicht,313240
"Meinung , dass",313106
kann ich mich,312985
und sah sich,312887
"Frage , die",312824
auf und ging,312668
ein paar Tagen,312594
in die Zukunft,312588
sie sich für,312405
nicht nur als,312324
"zurück , um",312304
einen Teil der,312227
und sich mit,312101
"Kind , das",311833
die nach dem,311727
das war es,311710
auf die Wange,311709
unter dem Namen,311582
sie sich noch,311467
der zweiten Hälfte,311277
Vergleich zu den,311078
als würde sie,310957
"sie , daß",310528
das sind die,310415
"ist , sich",310275
wenn man es,310252
"geben , die",309995
dann werde ich,309869
in der Zukunft,309854
auf dem Markt,309805
"haben , denn",309746
"machen , dass",309681
die Grundlage für,309602
Hinweis auf die,309510
mehr in der,309351
"können , was",309229
sie mit einer,308864
die Zeit der,308831
"aus , wenn",308715
bezug auf das,308685
als wollte er,308494
zusammen mit den,308401
wenn du mich,308374
lässt sich die,308244
sich nicht in,308127
zwei oder drei,308043
über den Rücken,308015
ja gar nicht,308011
eine ganze Reihe,307876
"wusste , wie",307813
"werden , aber",307701
das Recht auf,307670
"es , der",307584
"bemerkte , dass",307578
um so mehr,307547
in die Runde,307378
"erfahren , dass",307261
"hatte , in",307244
die durch den,307220
dass es ein,307062
geht es dir,306981
"gehört , dass",306914
in dem ich,306809
ich in die,306744
"an , dann",306724
"sagt , dass",306631
es war ihm,306496
während sie sich,306309
sich von dem,306278
wenn du es,306193
in den beiden,306164
es ist schon,306103
wurde in der,305948
der Frage nach,305696
"Unternehmen , die",305550
er sich selbst,305241
"an , was",305100
fühlte er sich,305074
"ausgehen , dass",305014
Hand auf den,304781
finden sich in,304776
wenn du nicht,304712
er ist der,304674
drehte er sich,304284
und schloss die,304279
so dass sie,304151
mit diesen Worten,304136
dass du mich,304104
und wir haben,304039
bezug auf den,303942
nicht so viel,303845
"zeigen , daß",303832
aus dem Gesicht,303776
Er drehte sich,303669
"daran , daß",303599
sie auch nicht,303469
bis in den,303093
die Sache mit,303071
du hast mir,302960
er von der,302931
wieder und wieder,302871
mit der Frage,302862
in Anspruch nehmen,302805
bis an die,302746
sie von den,302588
aber auch das,302485
im weiteren Verlauf,302466
was war das,302059
habe ich auch,301623
das Ende des,301584
um ihn herum,301568
habe ich noch,301336
im Fall der,300873
in aller Regel,300792
"haben , wie",300753
als wäre sie,300359
"übrig , als",300348
noch nicht so,300319
Angst vor dem,300311
wenn man den,300296
lässt sich nicht,300038
wir müssen uns,300016
"noch , dass",299673
"nicht , wo",299599
die Entwicklung von,299557
er in seinem,299550
wenn ich die,299533
es ist alles,299439
die über die,299430
"sein , da",299408
er war der,299379
"hatten , und",299301
"nicht , das",299150
ein einziges Mal,299040
"darauf , daß",298915
nicht mehr lange,298904
er mit den,298680
die in einer,298600
eine Zeit lang,298533
es war nur,298037
es zu einem,297923
"fragte , ob",297907
er hat mir,297859
"müssen , dass",297753
als in den,297706
"darüber , wie",297566
auf den Beinen,297295
in dieser Situation,297139
"wissen , daß",297008
auch noch die,297001
man sich nicht,296909
"war , konnte",296730
Voraussetzung für die,296453
auch mit dem,296200
die Verwendung von,296092
vielleicht ist es,296006
nicht nur den,295855
mich in den,295783
auf die Erde,295648
in der Ecke,295454
an die Tür,295367
dass er ein,295279
bei Patienten mit,295215
der Mitte der,294694
habe ich es,294618
mich in die,294565
wie man es,294238
"es , was",294209
nicht aus der,293921
ich es mir,293908
gegen die Wand,293864
war nicht zu,293858
"ja , so",293849
habe ich die,293806
"hat , der",293695
durch den Raum,293668
abhängig von der,293619
"hatte , hatte",293521
"gesehen , wie",293403
war er nicht,293381
beugte sich vor,293309
es gibt auch,293219
kann man nicht,293156
in einem kleinen,293155
"sehen , die",293146
"Hoffnung , dass",293113
sondern auch in,293102
der vorliegenden Arbeit,292936
"festgestellt , dass",292903
die Hände in,292887
aber er ist,292714
"sein , was",292681
für einen Augenblick,292628
ein wenig zu,292585
"auf , wenn",292559
ein letztes Mal,292535
als sie ihn,292508
in den Hintergrund,292351
wird von der,292229
sind auch die,292208
um diese Zeit,292133
ihn mit einem,292070
in der Woche,291989
einen Überblick über,291983
durch die Tür,291971
auch für das,291961
noch ein bisschen,291958
aber ich hatte,291793
vor allen Dingen,291684
"Möglichkeit , die",291621
wie er sie,291613
"haben , als",291612
"gekommen , um",291547
einen oder anderen,291505
ihm die Hand,291145
dass ich in,291071
nach kurzer Zeit,291044
und in einer,291000
"jetzt , da",290924
sind in den,290897
es mit einem,290838
Er setzte sich,290784
wir uns auf,290777
etwas zu sagen,290762
wieder in der,290751
nicht für die,290661
dem sich die,290555
"Worte , die",290513
anderen Seite des,290500
die sich durch,290444
von dort aus,289952
das war das,289903
aber er hat,289851
in dem Augenblick,289850
er in einem,289846
es noch nicht,289761
"nein , er",289628
sich wieder auf,289469
"denken , dass",289429
ist nur ein,289384
"auf , wie",289355
nicht aus den,289348
auch mit der,289337
ganz in der,289315
zur Zeit der,289201
"war , den",289193
was haben Sie,289131
in seinem Kopf,289023
"Ahnung , was",288856
schon in den,288703
hatte er sie,288655
gehört zu den,288617
war immer noch,288611
sie hat sich,288535
hast du denn,288527
sah sich um,288500
sie sich im,288497
"werden , damit",288484
in denen der,288240
der von den,288190
ich mir die,288185
sich aber nicht,288146
direkt in die,288058
sich zu ihr,288021
wie es die,287901
so wie ich,287711
ihn in den,287675
"Zeit , als",287563
sagte er mit,287540
bis zu dem,287428
"sind , sondern",287383
allem in der,287365
"hat , wird",287339
ja auch nicht,287135
aber sie hatte,287023
sie ist eine,286778
er sie an,286706
"Gefahr , dass",286659
"Folge , dass",286598
man sich in,286593
da habe ich,286576
kann ich Ihnen,286557
wo sie sich,286387
sie in ihrem,286387
die Arme um,286362
in Kombination mit,286350
Ich nehme an,286305
um mich herum,286232
und ließ die,286200
konnte sie nicht,286115
die in die,285862
es nicht nur,285810
"zusammen , als",285801
dass Sie sich,285765
der Deutschen Nationalbibliothek,285680
ein paar Sekunden,285640
fühlte sie sich,285621
so groß wie,285578
nicht auf der,285544
sie aus der,285495
kann ich dir,285438
mit dem Begriff,285348
ein Teil von,285296
Weg in die,285266
"machen , und",285167
"du , ich",285152
sie mich nicht,285142
erst in der,285047
dass es für,284844
ließ er sich,284493
"ein , der",284389
sich zu ihm,284373
mein Name ist,284315
"Vater , der",284298
zu dem Schluss,284245
der Begriff des,284174
Ich habe den,284159
den Vereinigten Staaten,284080
als hätte ich,284072
"gut , wenn",284061
Ich wusste nicht,284038
"nein , sie",283908
in der gleichen,283725
"war , wurde",283699
aber noch nicht,283602
nun nicht mehr,283278
in die Mitte,283012
"würde , und",282956
sie es sich,282863
"ein , um",282422
in der Umgebung,282414
nicht möglich ist,282374
du hast recht,282334
vor dem Haus,282329
das glaube ich,282328
mit der anderen,282277
"prüfen , ob",282218
aus der Perspektive,282212
der Regel nicht,282209
nicht über die,282202
in dem es,282095
wo er sich,282085
hatte er nicht,282082
nicht nur im,282036
"sein , so",281716
sie in ihrer,281447
nicht zu den,281389
das hast du,281282
"werden , als",281186
über den Weg,281160
sagte ich und,281147
zusammen mit der,281014
und auch in,280722
mit den beiden,280682
fühlte ich mich,280668
sie den Kopf,280661
ich das nicht,280586
an der Hand,280547
"Umstand , dass",280535
Alle Rechte vorbehalten,280303
"konnte , war",280225
und du hast,280172
Information der Deutschen,280032
sind für die,279977
in den Armen,279900
"ein , daß",279821
sich in dieser,279812
in den Kopf,279760
und aus der,279680
er sich auch,279660
auf dem Bett,279564
"zurück , die",279560
"zu , als",279422
mit ihr zu,279417
ich noch nie,279324
so ist der,279257
der Lage sein,279255
dem Weg zum,279216
"anders , als",278916
ich bin in,278915
ging in die,278766
"werden , denn",278696
gilt insbesondere für,278672
"leben , das",278603
zu lassen und,278528
sich in eine,278474
"haben , was",278385
und damit der,278317
Antwort auf die,278280
als sich die,278138
das werde ich,278128
mit dem Titel,277971
"aus , der",277820
der sich die,277768
verdammt noch mal,277757
"mir , ich",277618
besteht in der,277403
bei der die,277345
"werden , welche",277345
"wird , um",277300
ist es für,277107
er auf der,277096
in die Nacht,277059
"gewusst , dass",276959
lassen Sie sich,276855
sich vor dem,276844
das Ziel der,276810
"sie , ich",276782
dass es so,276726
mit denen sie,276635
ist aber nicht,276576
"hatte , das",276568
dass sie eine,276537
"hatte , was",276376
mit mir zu,276185
ich will es,276063
zu sich selbst,275992
"beachten , dass",275969
die sie sich,275941
auf der rechten,275794
so wie die,275724
"haben , so",275711
die Geschichte des,275590
sich in ihrem,275509
eine Frage der,275177
"führen , dass",275085
über die Lippen,275067
und dann die,275018
in keiner Weise,274971
"sich , was",274953
nicht so leicht,274877
die Verantwortung für,274667
"wartete , bis",274650
und wie er,274638
"wurde , die",274613
"schön , dass",274471
und am Ende,274448
und mit ihm,274233
auch nur einen,274174
wir haben es,274116
wenn er in,274091
kurze Zeit später,274043
Bibliografische Information der,273949
Es handelte sich,273855
"gesagt , ich",273773
"vergessen , dass",273740
lassen Sie mich,273722
aus diesem Grunde,273707
"gut , ich",273591
dem sie sich,273567
es geht nicht,273560
"hat , wie",273519
sie ihn an,273464
in den Mittelpunkt,273311
das will ich,273304
an seiner Seite,273225
"muss , um",273206
den Bereich der,273202
man kann sich,273045
Schritt für Schritt,272978
nicht nur von,272853
wenn man das,272850
im Gegensatz dazu,272841
"besser , wenn",272770
das ist aber,272755
nach oben und,272679
führt zu einer,272630
ein paar Mal,272614
oder auch nur,272483
"ich , und",272458
"werden , sind",272399
dann habe ich,272316
auch auf den,272195
der Entwicklung der,272179
auch auf der,272176
der rechten Seite,272125
sie sind nicht,272014
gerade in der,271995
bereits in den,271930
und sich auf,271889
"sich , um",271691
bei dem die,271276
aus dem Zimmer,271232
Kindern und Jugendlichen,271178
"voraus , dass",271167
"auf , das",270912
aus dem Jahre,270904
in diesem Kontext,270820
"haben , das",270659
auf den Arm,270531
aber nicht mehr,270497
das mit der,270467
er sich vor,270440
auch über die,270434
Tür hinter sich,270419
"nicht , sie",270380
"Ort , an",270288
wenn Sie die,270124
ein oder zwei,270086
auf die Stirn,269982
und ließ sie,269972
"tun , um",269878
und wenn wir,269789
noch nie gesehen,269617
fühle ich mich,269428
sie ist nicht,269392
sich hin und,269320
gerecht zu werden,269297
die Stimme des,269268
"Bild , das",269258
und ich glaube,269236
er sie in,269193
auch von den,269124
"Zeit , dass",268996
konnte er nicht,268859
daß er die,268853
"war , sich",268827
mir in die,268745
sich von ihm,268583
mit Ausnahme der,268513
"hatte , der",268486
du hast doch,268389
daß ich mich,268369
immer wieder zu,268324
anders als die,268180
uns in der,268093
das Verhältnis zwischen,268080
ist aber auch,267909
in die Nähe,267753
aber ich will,267620
Informationen über die,267571
zuckte die Achseln,267481
den Mund und,267394
den Kopf zu,267341
dem Weg zur,267319
"heißt , dass",267234
nach dem Krieg,267228
in der vorliegenden,267118
kannst du mir,267045
eine Art von,267022
hatte er das,267006
vor der Brust,266938
"an , in",266918
sie immer noch,266889
in der Gegenwart,266834
es gibt keinen,266829
die Rede ist,266767
er hat es,266749
sich auch nicht,266707
"ja , wie",266691
sie konnte sich,266633
weil sie nicht,266582
"lassen , dass",266505
sich in seiner,266430
sie sich ein,266407
ist bei der,266374
er mit seiner,266323
"nahe , dass",266290
kann aber auch,266114
an die Arbeit,266112
nach dem Essen,266097
das hier ist,266021
die meisten Menschen,266005
hier gibt es,265989
hob den Kopf,265772
ist für den,265754
"hat , um",265648
und stellte sich,265549
"egal , ob",265436
den Rest des,265424
in Richtung des,265418
sie in einer,265322
sich über das,265234
in den verschiedenen,265016
aber ich war,264961
dem er sich,264666
nicht so schnell,264621
zur Verfügung steht,264589
von sich aus,264545
selbst wenn sie,264494
du bist nicht,264407
das ist mein,264248
ich bin froh,264223
mit denen er,264154
ist mit der,264136
wird von den,264089
"versucht , die",264068
eine Gruppe von,264054
die Möglichkeit einer,264007
in der Art,263947
"hat , kann",263764
kurz vor der,263753
"egal , was",263745
und von dem,263609
und zu den,263592
war nicht nur,263570
noch nicht ganz,263521
vor allem das,263474
aus der Stadt,263459
"können , um",263434
und ich konnte,263404
nicht um die,263133
"zwei , drei",262944
Ich habe einen,262939
und wenn die,262863
den letzten Tagen,262857
ich mir das,262776
zu werden und,262688
Grund für die,262670
"Stelle , wo",262649
im Falle einer,262582
dass ich mir,262563
"gewesen , aber",262557
ich auf die,262528
dass die beiden,262488
sich in einen,262342
zur Verfügung stehenden,262315
eine große Rolle,262278
so wie sie,262226
"ist , mit",262145
es gab keine,262066
immer noch in,262019
"hoffe , dass",261962
er konnte nicht,261939
das Verhalten der,261805
"darum , dass",261798
mit der sie,261723
der sich mit,261560
wenn ich sie,261545
dann bin ich,261472
der Anzahl der,261368
und sah ihn,261288
da sich die,261241
dass ich mit,261232
"mit , dass",261175
Kuss auf die,261135
nicht mit den,261121
auf die Suche,261021
die im Rahmen,260965
hatte sie nicht,260956
von den beiden,260940
an sich und,260871
und er ist,260870
sie noch nicht,260759
sie in diesem,260715
"machen , wenn",260674
aus dem Wasser,260596
und stand auf,260584
am liebsten hätte,260417
so habe ich,260393
es nur noch,260320
"gesagt , daß",260219
"sind , werden",260210
ist es so,260161
an den Rand,260120
immer wieder in,260099
was wollen Sie,259941
"an , so",259894
bei den meisten,259786
"haben , daß",259751
bezogen auf die,259683
und schüttelte den,259640
auf dem Kopf,259497
als ich das,259440
"war , wenn",259439
mit einem Blick,259318
er sich noch,259167
mit dem ich,258923
die Bedeutung von,258881
sie an die,258876
als er mit,258839
nach der Geburt,258806
bevor er sich,258779
hast du mich,258749
Hand in Hand,258657
das nächste Mal,258630
ob sie sich,258629
Er stand auf,258525
ich bin kein,258490
"war , sondern",258468
der Lage sind,258353
in der folgenden,258310
dann war es,258237
auf der linken,258224
schon lange nicht,258219
die nicht nur,258215
immer wieder auf,258066
"gewesen , als",257936
aus dem Nichts,257907
ein Teil des,257897
auf Basis der,257853
aus der Ferne,257795
in Frage gestellt,257563
"möglich , die",257506
wir sehen uns,257408
"schon , dass",257317
sie hatte die,257255
die Augen zusammen,257216
"machen , die",257092
auch wenn der,257006
"sagen , wie",256954
nicht in Frage,256937
er hatte den,256932
an der Grenze,256913
er mit seinem,256885
es ihm nicht,256765
er hatte das,256765
setzte er sich,256742
die Angst vor,256705
das kannst du,256692
Es ist also,256685
mit den Kindern,256633
ihm in den,256601
Ich habe dir,256538
"nein , nicht",256430
"kann , wie",256392
in der Tasche,256276
mit Hilfe eines,256192
ein Beispiel für,255965
"Informationen , die",255882
und auch das,255838
der rechten Hand,255745
mehr oder minder,255733
"worden , die",255643
zu sehen und,255596
denen sich die,255424
und griff nach,255357
verhält es sich,255335
sah ihn an,255151
in der ich,255124
"genau , dass",255078
doch es war,254853
nicht durch die,254734
er ließ sich,254704
zwischen den einzelnen,254428
Sie haben sich,254383
mit der Zunge,254307
als ich ihn,254277
hast du dich,254269
"fest , daß",254243
die für das,254240
den Augen der,253959
er in seiner,253870
sich aber auch,253810
für mich ist,253788
"hatte , so",253641
sich in ihrer,253594
"gut , dann",253480
zu der Zeit,253474
er durch die,253387
die sich von,253369
"sind , wenn",253363
weit und breit,253249
auf den Mund,253213
"noch , wie",253194
für die meisten,253191
nur mit einem,253171
"klar , daß",253106
Er schüttelte den,253014
im Falle des,253009
"lassen , die",252893
zur Geschichte der,252679
"ist , desto",252570
mit einem kleinen,252537
konnte ich nicht,252533
gibt es nur,252523
zu erkennen und,252510
ist für mich,252504
ich das Gefühl,252374
in denen er,252342
Theorie und Praxis,252332
den Arm um,252297
als ich in,252222
die Summe der,252033
Springer Fachmedien Wiesbaden,251987
auf die Lippen,251902
in dem das,251769
nicht so recht,251691
denn es war,251635
sie nicht in,251611
das Ergebnis der,251604
jetzt bin ich,251567
in Deutschland und,251475
dann können wir,251465
in die Tasche,251379
wie ich mich,251123
du dich nicht,251038
wie man sich,251024
im Rahmen dieser,250999
"ist , nicht",250941
"hat , als",250581
"aus , aber",250570
"er , daß",250454
"davon , ob",250335
"Kraft , die",250334
nicht um eine,250300
kam es zu,250228
"mich , wie",250130
machen Sie sich,250001
und dann war,249999
"ist , eine",249964
Es ist aber,249921
"ich , als",249822
in der Weise,249809
"es , wie",249797
gab es eine,249784
"entscheiden , ob",249696
die Kosten für,249510
wir in den,249487
die sich als,249383
der Grund für,249321
sie zu einem,249226
indem er die,249205
bis hin zum,249138
"auch , wie",249095
und sich nicht,249030
es war ihr,248921
"Ahnung , wie",248917
sich zu einer,248858
sich nicht mit,248704
"haben , der",248698
der Unterschied zwischen,248654
in diesem Jahr,248495
nicht so weit,248443
"darin , die",248386
war nur ein,248347
sie das nicht,248260
sie an sich,248232
ob er sich,248216
der Weimarer Republik,248144
aus Gründen der,248118
mit aller Kraft,248036
in dem Sinne,248024
viel zu tun,247945
"glaube , es",247910
zu haben und,247908
für die Zeit,247907
der mit der,247774
einen Kuss auf,247648
"wird , kann",247493
wenn man nicht,247419
nicht zu einer,247404
nur mit dem,247391
an dem sie,247330
"nur , daß",247321
in einer Ecke,247299
"wird , sondern",247287
kann man auch,247190
über den Tisch,247161
in die Schule,247088
Sie können sich,246970
und die Kinder,246954
und zog sich,246920
was kann ich,246811
sich nicht zu,246795
wenn er das,246715
mit einem Lächeln,246628
und es gab,246522
nicht mehr von,246485
mit einem anderen,246305
"Aufgabe , die",246214
"sehr , sehr",246169
er an der,246145
du hast dich,246052
"kommt , dass",245990
sie auf und,245887
eine junge Frau,245814
wenn sie das,245804
an ihm vorbei,245804
"damals , als",245785
weil sie die,245783
"vermuten , dass",245708
"mir , was",245558
ist die Frage,245536
"machen , was",245478
wie wäre es,245161
wenn sie mit,245078
die eine oder,245035
noch einmal die,245012
er sich im,244978
und deutete auf,244961
den Boden und,244893
ich auf dem,244891
ich sie nicht,244881
in seine Arme,244823
das Verhältnis der,244819
auch die anderen,244816
hat sich der,244692
keine andere Wahl,244658
aber du hast,244657
Blick über die,244615
sie ihn nicht,244614
daß sie nicht,244566
"kann , so",244542
als ich sie,244504
ist von der,244493
zu sehen ist,244433
von der Welt,244253
an dem die,244243
wenn ich mir,244217
der linken Seite,244212
das für ein,244182
ist nicht der,244175
mit dem Namen,244163
dem Weg nach,244002
in der es,243997
sich zu mir,243951
"man , dass",243931
wandte sie sich,243916
wir haben die,243851
zu nehmen und,243774
dass sie ihre,243737
"hat , das",243727
würde er sich,243641
zu sehen war,243618
Es gibt eine,243503
meiner Meinung nach,243478
die Mitte des,243376
er mit einer,243103
"erwarten , dass",243088
ganz im Gegenteil,243052
sind und die,243033
"ist , oder",243001
"dazu , die",242843
der Zeit der,242554
aus der Küche,242403
dass es ihm,242275
"sehen , und",242248
nicht mehr nur,242172
sich vor und,242152
sich gar nicht,242098
nicht nur mit,242027
ihn an und,241947
gar nicht in,241940
in der Realität,241920
"aus , das",241792
es auf den,241765
dann in der,241713
es ist kein,241687
zu gehen und,241621
der Art der,241574
ersten Mal in,241545
die mit einem,241336
"sein , weil",241285
ist es das,241281
zu sein scheint,241271
auf die beiden,241234
indem er sich,241163
so wie er,241106
den Einsatz von,241103
"auszugehen , dass",241031
verzog das Gesicht,240948
noch nicht zu,240929
"betrifft , so",240875
Kopf in den,240856
auf die Welt,240829
und du bist,240814
er hat die,240767
auch nicht so,240748
"vor , und",240673
sie hatten sich,240484
gibt es ein,240426
"weißt , dass",240343
in der That,240301
"konnte , dass",240274
"wurde , war",240273
Sie drehte sich,240104
er war so,240082
"gewesen , wenn",239895
"der , der",239745
auch wenn das,239717
"Gefühl , als",239696
auf den Punkt,239630
"es , den",239552
gab es keine,239552
jetzt ist es,239516
"bekannt , dass",239411
wie kann ich,239402
zur Verfügung zu,239402
nicht einmal mehr,239395
"bemerkt , dass",239341
Kinder und Jugendliche,239220
worden zu sein,239175
zum Ende des,239164
"beweisen , dass",239160
mit dem Auto,238998
in einer der,238965
die Analyse der,238912
als auch auf,238860
dass sie mich,238828
in den anderen,238801
das ist kein,238773
daß er nicht,238720
vor allem von,238685
ganz zu schweigen,238532
zum einen die,238316
Interesse an der,238281
es zu spät,238267
sich durch den,238116
aber ich werde,238066
sich nicht von,238052
den in der,238023
mich in der,237977
"nun , ich",237915
dass man die,237767
zweiten Hälfte des,237639
und lehnte sich,237543
bin ich mir,237506
das Gesicht des,237454
"zugeben , dass",237434
ihn nicht mehr,237380
"wird , der",237328
"schien , als",237212
"nur , um",237208
ein weiteres Mal,237204
dass auch die,237171
man in den,237115
wenn du das,237048
durch die Straßen,236900
zur gleichen Zeit,236875
sie nicht nur,236805
sind vor allem,236703
der auf dem,236635
sich selbst als,236615
"aus , was",236537
der von ihm,236507
und die ganze,236447
und dass es,236409
ist durch die,236363
seit einiger Zeit,236340
von großer Bedeutung,236322
als ob es,236316
"Liebe , die",236127
auf der ganzen,236101
werden und die,236071
gab es in,236056
der Umgang mit,235999
noch einmal in,235990
"vorstellen , wie",235960
ein zweites Mal,235949
"war , mit",235915
Sie schüttelte den,235810
für einen kurzen,235809
"ab , um",235746
er über die,235733
die Welt der,235545
wie es ist,235531
die von einem,235232
als wolle er,235229
einen kurzen Moment,235160
müssen wir uns,235123
schloss die Tür,235114
du bist doch,235097
"zusammen , die",235045
als wir uns,234973
"also , ich",234920
sah aus wie,234906
nach der anderen,234847
ist als die,234793
dass er seine,234709
und zu einem,234697
er die Tür,234657
in die Knie,234602
ein junger Mann,234593
den Atem an,234548
sie mit ihren,234539
sie hatte es,234536
das für die,234447
"habe , dass",234423
auch in anderen,234405
von der Straße,234322
als ich den,234301
mit großen Augen,234170
wie aus dem,233947
zu mir und,233922
dies gilt auch,233721
als ob ich,233692
aber auch für,233630
nicht an der,233605
ist es doch,233541
es war mir,233428
"achten , dass",233418
Kritik an der,233367
das sich in,233344
aber wenn ich,233306
ist es aber,233217
"erklären , dass",233168
in einer Art,233125
das in den,233087
durch den Wald,232990
nur ein einziges,232986
der Einsatz von,232896
um die Frage,232877
ganze Zeit über,232866
anders als bei,232865
in sich selbst,232849
auf den anderen,232760
ich bin ja,232734
legte den Kopf,232732
werden kann und,232694
ist das ein,232641
die zu einer,232633
es war kein,232625
beziehen sich auf,232618
dem Zweiten Weltkrieg,232605
mit seiner Frau,232568
einen Augenblick lang,232548
verdrehte die Augen,232542
nur auf den,232535
"Gott , der",232529
ich bin es,232502
auch in die,232432
der Welt zu,232277
"beobachtete , wie",232256
in den Bergen,232144
so dass er,232107
da sie sich,232081
darauf zu achten,232080
wie die anderen,232063
mit dem Gedanken,231863
was habe ich,231855
in diesem Abschnitt,231789
nicht in einem,231775
Ich habe schon,231773
"geworden , und",231759
als einer der,231724
es sich hier,231701
beugte sich über,231610
"Arbeit , die",231592
die Anwendung der,231537
hast du nicht,231532
als wären sie,231408
Verbindung mit der,231314
sich in das,231302
an erster Stelle,231292
geht es darum,231212
der sich auf,231088
die beiden anderen,230976
fügte er hinzu,230974
"ein , wenn",230899
in sich hinein,230886
den Weg zum,230796
dass sie von,230739
er wusste nicht,230669
"Augen , und",230621
und sich die,230585
mit einem Ruck,230521
wenn ich dich,230447
und nicht zuletzt,230393
es vor allem,230342
hätte er sich,230283
und dass die,230282
war in den,230188
"ja , was",230166
"hatte , wurde",230117
wie man sie,230052
über sich selbst,230045
ist nicht die,229896
ist immer noch,229765
durch die Stadt,229708
auch nicht die,229665
mir in den,229622
denn er hatte,229599
daß sie die,229531
er sich über,229520
einzig und allein,229493
Hände in die,229423
diese Art von,229415
"ja , wenn",229374
"war , dann",229368
er gar nicht,229365
nicht nur um,229326
die ich in,229323
die ich nicht,229190
den nächsten Tagen,229051
das Licht der,229028
es immer noch,228960
die Hände auf,228898
da hast du,228835
"kann , was",228815
Suche nach dem,228784
und ging in,228764
in ihrem Kopf,228751
indem sie die,228746
und damit eine,228743
zu einem gewissen,228643
Verbindung mit dem,228560
von da an,228539
hat sie sich,228413
an dem er,228393
nicht zu sagen,228358
haben sich die,228347
nicht mit einem,228318
der Gedanke an,228115
"wurde , ist",228074
er hatte keine,228065
sie noch einmal,227936
dem Ende des,227880
wenn sie ihn,227874
konnte sie sich,227823
und zog die,227710
dass es mir,227499
mich an und,227475
dann ist das,227430
dass sie auf,227425
im engeren Sinne,227366
im nächsten Augenblick,227332
auf diese Art,227292
immer noch die,227247
hatte sich die,227245
"nicht , um",227177
ich ihn nicht,227111
und nicht die,227097
diese Art der,227063
für den Rest,227056
"und , wie",226997
ist auch nicht,226898
ihn in der,226871
aber wir haben,226842
"Welt , in",226825
zu beiden Seiten,226688
auf sich selbst,226680
wenn ich ihn,226637
ist zu beachten,226557
die Mehrheit der,226366
wie bei einem,226219
in Form der,226217
"ja , wir",226207
den Rest der,226171
die Menschen in,226157
der Fall war,226147
"Leuten , die",226128
die sich die,226094
so oder so,226039
die Macht der,226031
ein Blick auf,226003
auf der Treppe,225961
"mir , als",225939
die sich für,225879
dass du es,225854
den Namen des,225744
und den anderen,225629
"glauben , daß",225604
hast du es,225458
nach dem ersten,225447
"sagte , er",225412
wie alle anderen,225400
"vor , daß",225388
fing an zu,225380
sie sich bei,225320
er hatte eine,225205
sie nach dem,225092
nicht von den,225058
sich die Hände,225032
die Hände und,225023
und sah sie,225022
"zurück , als",224966
alles in allem,224941
sich an das,224930
nicht noch einmal,224858
sie nur noch,224853
und darüber hinaus,224821
zum Beispiel in,224794
sie immer wieder,224665
im Vergleich mit,224518
eine ganz andere,224516
"die , wie",224492
und sah mich,224483
"Patienten , die",224467
einen Blick in,224459
hatte ich mich,224448
die Frage ist,224414
nicht auf dem,224386
nicht mehr da,224386
"behaupten , dass",224269
immer wieder die,224205
ich bin hier,224173
in diesem Band,224171
wenn auch nur,224126
sich um das,224081
die Wirkung der,224060
"nicht , so",223996
aber auch eine,223963
in der das,223879
war und die,223875
nicht an den,223866
ich mich auch,223859
heute nicht mehr,223841
in der der,223731
"hin , daß",223683
und zu einer,223657
sich ab und,223610
wieder nach Hause,223557
sondern auch für,223541
das Recht der,223469
den Rücken zu,223438
bis zu einer,223401
dass man sie,223395
"ihn , und",223387
"erinnern , dass",223372
durch und durch,223305
wieder auf und,223283
"dachte , du",223234
die vor allem,223178
Auseinandersetzung mit der,223156
"einzige , der",223099
sie mit ihrem,223030
bei der ersten,222993
"Gefühl , das",222968
"egal , wie",222952
sich für eine,222932
ist er nicht,222834
dass es keine,222833
und beugte sich,222781
die Bestimmung der,222780
in dieser Phase,222774
"macht , die",222751
dass es die,222691
die durch das,222681
mich mit einem,222573
zu sein schien,222559
der linken Hand,222538
in die Lage,222528
ist es eine,222520
und küsste sie,222486
werden in den,222443
die an den,222424
das ist so,222414
hinter sich zu,222410
