ngram,freq
de lo que,3958930
uno de los,3784604
a través de,3608825
en el que,2917461
una de las,2737561
por lo que,2687063
a pesar de,2620123
todo lo que,2461390
en la que,2425212
a partir de,2323848
que no se,2151017
lo que se,2039451
antes de que,1869427
y de la,1863883
de la vida,1816299
se trata de,1760599
la mayoría de,1757862
es lo que,1661982
el caso de,1643872
cuenta de que,1639027
a lo largo,1619942
en el caso,1526744
de que el,1517080
de que la,1412969
"y , por",1386310
a la que,1371904
todo el mundo,1367033
"que , en",1353232
un par de,1341534
parte de la,1335782
de la ciudad,1317053
al mismo tiempo,1311913
la que se,1278364
y a la,1273826
el que se,1268844
en lo que,1262828
el hecho de,1262042
"y , en",1228424
la idea de,1204092
a los que,1201826
la posibilidad de,1188590
a la vez,1187902
a punto de,1187517
en los que,1174373
y en el,1172913
por qué no,1169822
lo largo de,1164673
por lo tanto,1162570
de que se,1148860
de acuerdo con,1147137
en ese momento,1137852
y en la,1135054
de la misma,1121828
cada uno de,1111307
de la casa,1107903
de todos los,1104766
de que no,1095428
una serie de,1088876
cada vez más,1086932
hecho de que,1084300
a lo que,1070777
en el mundo,1069127
con la cabeza,1044010
de modo que,1036378
en cuanto a,1033897
en que se,1031605
través de la,1027005
la necesidad de,1020113
de los que,1016111
en lugar de,1004529
que se le,1001676
que en el,999594
los que se,992915
lo que le,992535
el resto de,990890
lo único que,990224
que se había,975445
después de la,955527
el punto de,951388
más allá de,934351
una especie de,927242
por parte de,926143
a través del,922078
la hora de,916915
punto de vista,915850
en las que,906940
lo que no,902796
en el suelo,901752
en este caso,899046
a su vez,895940
en medio de,895350
por primera vez,889809
en la vida,888785
un poco de,888647
el número de,884515
lo que es,883695
al igual que,877789
el fin de,870577
a su lado,869829
en el momento,867484
mayoría de los,867325
y de los,860280
por encima de,857879
el nombre de,857144
de la historia,855411
a todos los,848655
la historia de,846199
este tipo de,845065
el proceso de,842836
la puerta de,842096
lo que había,838155
lo que me,832009
la presencia de,820778
de la que,813036
con lo que,811044
a la hora,810627
de la sociedad,796955
de la mano,795701
por otra parte,793401
que ver con,792103
"no , no",791594
la vida de,788924
la casa de,783436
que se ha,777265
de las personas,771680
dentro de la,771175
que en la,767699
que no es,766543
en caso de,764524
la existencia de,763076
en relación con,760657
el desarrollo de,754432
de su vida,754251
de todas las,744225
más o menos,743542
por medio de,740463
la muerte de,740210
poco a poco,738472
pesar de que,735341
de la Ley,735219
cada vez que,732218
por lo menos,730946
y de las,727336
cada una de,726210
en el mismo,722875
el momento de,722788
"que , por",720792
de la noche,718601
la mayor parte,717323
de la familia,715003
el uso de,714739
un poco más,709021
de la población,708960
en vez de,708113
parte de los,707895
de que los,703109
para que se,702567
a medida que,700530
de la empresa,698748
uno de ellos,697293
en todos los,697059
a la puerta,696504
que no me,695786
los ojos de,694539
en la cama,691401
con la que,691160
la falta de,684959
se dio cuenta,679757
a los ojos,671317
de la muerte,666133
en torno a,664709
una vez más,660163
y a los,657896
a fin de,654358
por el contrario,653427
la capacidad de,653365
una vez que,649567
un grupo de,649436
momento en que,648659
en el centro,647894
es que no,646006
de los dos,645439
en este sentido,635997
en el ámbito,634209
en primer lugar,633509
que le había,633411
en forma de,633359
la cabeza y,631374
frente a la,627995
por otro lado,626514
se trataba de,623499
por su parte,622372
"que , a",621407
junto a la,621058
la ciudad de,619396
la forma de,609826
de la tierra,609033
de los años,607277
las que se,604284
la sensación de,603791
para que no,602660
en la mano,601846
con el fin,597098
que iba a,596616
como si fuera,595444
uno de sus,594485
al día siguiente,593064
con los ojos,587868
en la casa,586585
lado de la,586050
de los hombres,585781
en la parte,585035
y lo que,584925
de manera que,584203
de su padre,584138
que no le,579227
los Estados Unidos,578677
con el que,578249
las personas que,578068
en el fondo,576137
de la guerra,575444
que no lo,574496
la Universidad de,568880
de la Universidad,567171
que no había,559406
en la misma,558624
de la puerta,558290
los ojos y,556489
de la mañana,555956
la primera vez,555598
en busca de,555288
es posible que,553136
antes de la,552287
en la ciudad,551997
dio cuenta de,551883
y que no,549879
la voz de,549334
a las que,546889
con una sonrisa,546517
a su alrededor,545510
no se puede,543375
después de que,541479
que lo que,540606
el centro de,537600
que ya no,536847
el momento en,534584
en el campo,533557
el tipo de,530710
en el siglo,530122
de diciembre de,529514
una y otra,529334
en los últimos,528948
de los derechos,528000
mayor parte de,527218
de las mujeres,526612
al lado de,526325
tener en cuenta,523851
y que se,523757
al otro lado,523443
en función de,522619
a los demás,521259
por la que,519014
al cabo de,518190
a la luz,517817
se refiere a,517425
de este modo,516711
por el que,515987
al tiempo que,514737
"que , como",514628
no creo que,514132
a sí mismo,513793
en el interior,513244
"que , si",512231
en la actualidad,512229
medio de la,511197
el de la,510866
la base de,509500
historia de la,508176
tal y como,508100
y otra vez,507069
de las que,506418
que no era,506265
la creación de,504328
a que se,503857
se acercó a,503524
en el artículo,503072
en el año,502930
con respecto a,501243
no es un,498559
en la calle,494816
de vez en,494644
algunos de los,493160
la mano de,491653
seguro de que,491064
a un lado,491027
que es el,490303
de todo el,490287
y no se,488293
la década de,488056
vez en cuando,487773
de la Iglesia,485940
de enero de,485112
de los demás,484422
la luz de,483637
de la mujer,483227
a la gente,481178
lo mismo que,480107
todos los días,479655
que es la,479343
en que la,477991
el sentido de,476163
de la República,476114
en materia de,474638
para que el,474538
en cuenta que,473592
de esta manera,472185
a partir del,472139
se convirtió en,472075
de su madre,472067
de la naturaleza,470797
para que la,469950
que se refiere,468455
de un modo,467561
en todo caso,467536
de una manera,466824
partir de la,465568
de las cosas,465491
me dijo que,461966
en que el,461226
de la cama,460859
la cantidad de,460560
idea de que,458099
desde el punto,457562
por un lado,457218
de mayo de,456001
mayoría de las,455813
de julio de,455620
en uno de,454914
lo que el,454197
"y , a",454010
de junio de,452638
en todas las,451945
de la información,451825
caso de que,451235
en la cabeza,450033
en el sentido,447431
llevar a cabo,446706
la mitad de,446207
lo que la,446074
el concepto de,445941
en la puerta,445817
teniendo en cuenta,444467
con la mano,444260
en el proceso,444037
no iba a,443992
la puerta del,443730
de la calle,443657
de los casos,443096
lo que te,442611
al final de,442605
a mí me,442505
la verdad es,441840
la mano y,441426
a las personas,440281
por la mañana,440157
de la habitación,439810
con las manos,439374
de marzo de,438891
de octubre de,438853
y con la,438625
como en el,437501
eso es lo,436509
se encuentra en,436110
de la mesa,434218
en la medida,433883
que había sido,433239
en todo el,430635
la puerta y,430328
por la noche,430146
la importancia de,429954
en el tiempo,429675
a la casa,429602
en su vida,429022
la oportunidad de,429006
final de la,428530
verdad es que,427569
en el aire,427500
qué es lo,426360
y de su,426161
que se han,425996
de los Estados,425814
primera vez que,425796
el valor de,425637
de la realidad,425333
no es una,424884
lo largo del,423546
de la tarde,423257
respecto a la,422046
de noviembre de,421828
más de lo,420775
de abril de,420735
"que , al",420476
la construcción de,420040
las cosas que,418728
en aquel momento,418638
y a su,417821
no lo sé,417554
por lo general,417059
de que su,416751
miembros de la,416517
con la mirada,415436
parte de su,414878
en una de,414758
el sistema de,413677
a causa de,412691
trata de un,412591
debido a la,412572
a lo mejor,412023
que no te,411790
el día de,411733
a su madre,411377
la obra de,411097
segura de que,410873
el riesgo de,410780
de la obra,410238
de que las,407329
no sé si,405745
a su padre,405354
una de sus,405030
con los que,404630
y en los,403936
más que un,403383
"y , al",402391
de la ley,402008
la impresión de,401922
una forma de,401369
una de ellas,401264
de la cabeza,401202
que es un,400674
los hijos de,399289
los medios de,398737
que no podía,396881
el principio de,396753
de la persona,396237
que todos los,396036
de toda la,395120
de febrero de,394534
sobre la mesa,394421
se convierte en,394364
no puede ser,394148
trata de una,393963
llegar a la,392886
"embargo , la",392546
encima de la,392201
en cualquier caso,392174
en su interior,391993
lo que nos,391603
de septiembre de,391218
los miembros de,391036
de la época,390249
a diferencia de,390059
través de los,389763
lo que estaba,389459
en la primera,388727
que tenía que,387850
en contra de,387200
en los años,387014
acerca de la,386835
y con el,386490
el estado de,384824
que hay que,384686
el interior de,384363
en el mercado,383938
a la de,383367
así como la,383170
era lo que,382505
en la zona,382395
"embargo , no",382114
con el tiempo,381715
la formación de,380008
de mi vida,377791
más de una,377761
la aplicación de,377508
un hombre que,377170
de los niños,376226
de la gente,376154
lo que ha,375914
sobre todo en,375875
en un momento,374652
parte de las,374378
si no se,374159
lo que yo,373809
desarrollo de la,373217
como si no,372945
de todo lo,372593
a la vida,372071
es uno de,371160
"y , sin",371133
de la primera,371054
en la historia,370785
la realización de,370241
ninguno de los,369736
de la Unión,369644
en el primer,369519
el resultado de,368568
de un hombre,368232
en el capítulo,367502
de los cuales,367265
de uno de,367219
a su casa,366939
algunas de las,366655
no te preocupes,366532
la esperanza de,366473
en su casa,366381
el nivel de,365630
por un momento,365005
pero no se,364972
la imagen de,363442
no es el,363240
cierto es que,363030
después de todo,362877
la sala de,362835
de la actividad,362829
se va a,362489
de la cultura,362179
después de haber,362019
la producción de,361814
y por qué,361768
un sistema de,361159
de la política,360941
cerca de la,360270
es cierto que,360197
en voz baja,359821
hasta que se,359754
un montón de,358949
en su caso,358624
de la comunidad,358212
más de un,358175
y en las,357732
todo el tiempo,357071
que la gente,356632
a los niños,356523
"y , como",356297
de Estados Unidos,356159
de todos modos,355415
la forma en,355127
hoy en día,355033
en el marco,354858
la Ley de,353894
que no hay,353644
la persona que,353349
fuera de la,353302
el objetivo de,353277
debido a que,353003
a la vista,352988
a su hijo,352446
se encogió de,352180
la calidad de,352139
"que , de",351258
en la tierra,351197
de la situación,351120
a un hombre,351048
y a las,350841
todos los que,350703
puerta de la,350445
de las dos,349608
la cabeza de,349466
otro lado de,349271
encogió de hombros,348995
el tiempo que,348078
no voy a,347729
en la sala,347413
para que los,346808
la pérdida de,346471
las palabras de,346023
de una vez,345589
relación con el,345526
el poder de,345396
no se había,344016
el control de,343613
la vida y,342975
a favor de,342923
no sé qué,342464
más que una,342386
en la habitación,340843
no se ha,340429
resto de la,340304
a los hombres,338819
que es una,338653
de la zona,338579
la relación entre,338488
de agosto de,338349
que era un,338108
en este momento,337030
de su cuerpo,336896
por parte del,336055
la de la,335775
en la boca,335766
a modo de,335742
en Estados Unidos,335616
un conjunto de,334953
del siglo XX,334765
es que la,334442
del mismo modo,334313
el estudio de,334073
debajo de la,333953
"y , de",333755
el ejercicio de,333636
a todo el,333547
"embargo , el",333265
largo de la,332507
a uno de,332446
medios de comunicación,332278
el campo de,331507
a los dos,331427
y por eso,330872
los que no,330583
no se le,330479
en la práctica,330028
en la mesa,329982
una parte de,329760
abrió la puerta,329393
el ámbito de,329264
lo que más,328962
en el cual,328957
general de la,328475
a menos que,328453
en el camino,328318
estaba a punto,328269
la libertad de,327915
es que el,327455
de la iglesia,327317
sensación de que,327171
"sí , pero",327150
el resto del,326814
lo cierto es,326781
en el lugar,326336
en voz alta,326160
la vez que,325618
a todas las,325613
o de la,324874
como si se,324845
que va a,323811
con la misma,323739
de la cocina,323625
a la cama,323612
en el futuro,323605
los derechos de,323447
la fuerza de,322248
derecho a la,322158
el cuerpo de,322099
la aparición de,321932
me di cuenta,321419
través de las,321417
de la organización,321265
no hay nada,320748
a la mujer,320373
en contacto con,320023
posibilidad de que,319922
de que lo,319819
lo que está,319167
de cada uno,319057
de esta forma,318635
de una forma,318248
al ver que,318058
era un hombre,317934
que en los,317798
relación con la,317525
dentro de los,317214
en el trabajo,317150
por debajo de,317098
de que en,316998
y al cabo,316838
centro de la,316719
no es la,316147
es una de,315570
le había dicho,315369
la ausencia de,315237
en términos de,315129
por encima del,315069
me parece que,314890
los procesos de,314509
de los trabajadores,314246
la intención de,314184
todo el día,313651
forma en que,313250
un punto de,313118
cuanto a la,312969
del siglo XIX,311929
en la mayoría,311223
algo que no,310476
un hombre de,309093
el mundo de,308737
en la cara,308509
el conjunto de,308202
el trabajo de,308186
el derecho de,307890
el tiempo de,307889
de los más,307568
que no tenía,307537
el camino de,307254
a la mesa,307106
no se trata,306827
a las mujeres,306706
no se lo,306441
en la cocina,306417
el derecho a,306180
a largo plazo,305982
de la Administración,305859
el rostro de,304707
que se puede,303860
y en su,303769
que se trata,303467
dentro de un,303327
a la calle,303252
"y , sobre",303198
a ver a,303150
de las manos,303084
que en su,302725
los últimos años,302607
de la Constitución,302189
de la educación,301834
a la ciudad,301682
en el pasado,301343
todo tipo de,300824
de las relaciones,300621
gracias a la,300519
de un lado,300442
lo que en,299767
los seres humanos,299262
todas las cosas,299056
cerró los ojos,298070
de los países,297943
de los recursos,297904
el papel de,297760
como en la,297723
la expresión de,297693
de los mismos,297336
pero no lo,296782
de la economía,296663
y que la,296512
de este tipo,296415
"embargo , en",296325
la madre de,296114
a la altura,296111
la situación de,296009
los efectos de,295917
es capaz de,295861
la llegada de,295859
la mirada de,295360
en los ojos,295322
el deseo de,295141
vez que se,294694
que el hombre,294572
la de los,294451
pesar de la,294320
los resultados de,294196
se puso en,293901
a sí misma,293476
que acababa de,293220
el marco de,292878
de alguna manera,292790
en casa de,292665
en la oscuridad,292548
el grado de,292474
como consecuencia de,292344
que se les,292160
y se lo,291918
presidente de la,291907
en el país,291721
tiene que ver,291533
lo primero que,291317
desde el principio,291264
interior de la,291137
lo que él,291077
la teoría de,291039
se volvió hacia,291009
detrás de la,290969
las condiciones de,290825
la medida en,290824
con las que,290548
y sobre todo,290438
y por la,290258
que a la,289902
de la región,289795
de sí mismo,289524
"él , y",289430
de la sala,289355
de este libro,288968
la búsqueda de,288460
en el contexto,287495
gran parte de,287428
medida en que,287427
de la acción,286217
el hombre que,285570
el tema de,285056
se dirigió a,284777
caso de la,284372
muchos de los,284313
y empezó a,284126
nada que ver,284075
un proceso de,284039
y después de,283980
"y , con",283883
después de un,283581
es el que,283083
impresión de que,283074
que se habían,282865
día en que,282778
la luz del,282636
fin de semana,282189
la última vez,281664
de la libertad,281560
al fin y,281268
por supuesto que,281082
que se me,281045
en su lugar,281040
toda la vida,280917
"y , si",280892
otra cosa que,280535
así como el,279991
le dio un,279968
va a ser,279930
de su casa,279143
iba a ser,279090
se puso a,278859
consciente de que,278451
a la derecha,278342
de la enfermedad,278150
que se encuentra,278055
es la que,277511
"que , con",277420
dos o tres,277412
de la existencia,277398
de la escuela,277280
como si estuviera,276949
en mi vida,276257
que era una,275633
de la ciencia,275611
a mi lado,275054
que yo no,274855
que ha sido,274735
y que el,274692
no es que,274643
el análisis de,274624
estaba en el,274557
como el de,274416
en los casos,274277
la gente que,274185
fin y al,273972
la toma de,273851
en manos de,273811
"ejemplo , en",273512
que se lo,273343
la zona de,273303
la noche anterior,273283
de mi padre,273228
y no me,272608
se sentó en,271853
la cama y,271732
"y , cuando",271489
de que me,270759
en el pecho,270536
la parte de,270522
de su propia,270489
razón por la,269865
en cuanto al,269226
uno de esos,269157
de los elementos,268880
es el caso,268840
por la puerta,268547
de la salud,268526
en un lugar,268331
la cual se,268243
de una persona,268200
darse cuenta de,267771
de los servicios,267214
la Unión Europea,267128
en la sociedad,267037
en tanto que,267021
el corazón de,266932
si es que,266893
al que se,266796
lo que hace,266520
por todo el,266444
de más de,265956
en el desarrollo,265857
es más que,265744
y si no,265390
que me había,265253
de forma que,264793
es algo que,264604
se basa en,264494
a una mujer,264469
por todas partes,264411
en algunos casos,264339
de la verdad,264087
las manos en,263893
mientras que el,263538
y la de,263439
lo que era,263078
en el cielo,262824
a sus hijos,262774
de la palabra,262369
y es que,262312
primera vez en,262075
ir a la,262064
de la producción,262040
de la clase,261571
la manera de,261375
de la cual,261223
estaba en la,261018
a la izquierda,260818
a la cabeza,260748
no es posible,260516
y el de,260500
está en el,260482
en que los,260270
aumento de la,260250
de volver a,260177
sin dejar de,259990
lo que a,259183
y de sus,259049
las manos y,258981
dio la vuelta,258616
no va a,258076
luz de la,258019
de los medios,257708
a la persona,257526
que había en,257446
a la mañana,257419
el caso del,257203
la que el,257142
cuál es el,257027
uso de la,256934
momento de la,256781
lo dispuesto en,256448
de la relación,256173
a cambio de,255890
y por lo,255621
el problema de,255252
de la humanidad,255232
le dijo que,255217
la altura de,255070
por ciento de,255057
se le había,254887
que era el,254627
la ayuda de,254607
al final del,254480
de una de,253904
a finales de,253656
de los otros,253316
de la lengua,252924
frunció el ceño,252862
de los pacientes,252860
que estaba en,252624
de los datos,252489
así que no,252218
negó con la,252006
de la década,251795
en virtud de,251669
la cara de,251319
de las empresas,251239
es el de,251149
el padre de,250945
pero lo que,250896
como la de,250775
el lugar de,250665
de una mujer,250253
que está en,250109
más allá del,250088
allá de la,249626
la vida en,249151
en el sistema,248437
de los primeros,247949
de su hijo,247919
la atención de,247770
en segundo lugar,247559
en sus ojos,247350
la voluntad de,247348
de nuevo en,247172
y volvió a,247160
la misma manera,246659
el día en,246631
hacer lo que,246531
en la cual,246513
si no lo,246357
el cual se,246310
pero no es,246059
resto de los,245991
la decisión de,245958
y por el,245905
de ser un,245747
y comenzó a,245450
a mi madre,245383
que no puede,245350
la que no,245247
mitad de la,245222
le dijo a,244990
no era un,244937
por la ventana,244833
la naturaleza de,244822
di cuenta de,244551
que a su,244498
hombres y mujeres,244487
las necesidades de,244413
ya que la,244377
de la luz,244367
convencido de que,244305
en el último,244146
en el corazón,244122
estoy seguro de,244105
en el agua,244070
ya que el,243758
quiere decir que,243262
no quiero que,243141
en algún momento,242958
o en el,242821
de la investigación,242719
en otras palabras,242427
de la forma,242018
la historia del,241995
sobre lo que,241648
no ha sido,241127
los niveles de,241124
la mano en,240789
el que la,240749
en el bolsillo,240710
en la Universidad,240461
en el espacio,240386
a su hija,240095
que no tiene,240091
a la muerte,239959
la mesa de,239932
que ni siquiera,239841
la mujer que,239810
teoría de la,239783
con los brazos,239650
la entrada de,239616
se encuentran en,239569
para el desarrollo,239568
hacia la puerta,239483
un tipo de,239371
través de un,239244
en la forma,239046
causa de la,239013
por la tarde,238806
años de edad,238769
alrededor de la,238691
para llegar a,238508
el tratamiento de,238307
los de la,238248
"que , aunque",238230
de las cuales,237908
a que el,237865
una de esas,237777
que había hecho,237542
y le dijo,237381
de la experiencia,237268
en la segunda,237047
de los hechos,236943
que todo el,236865
en medio del,236653
"ejemplo , la",236278
que la mayoría,235984
claro que no,235962
en la región,235914
el propósito de,235885
la dirección de,235746
el libro de,235720
que la vida,235449
a mi padre,235444
al servicio de,235321
mientras que la,235188
el contenido de,235148
caso de los,235107
el fondo de,234867
los pacientes con,234589
se echó a,234454
cuál es la,234395
"que , sin",234351
sino que se,234301
"ejemplo , el",234115
es probable que,234065
lo que los,233724
por todos los,233650
la utilización de,233646
a la misma,233358
sacudió la cabeza,233215
la vista de,233138
era capaz de,233094
de que había,233027
no hay que,232928
de sus padres,232866
a que la,232658
la causa de,232540
no me lo,232384
en toda la,232264
los hombres de,232192
frente a los,232051
de los hijos,231872
el final de,231831
el día que,231746
y se la,231728
la obligación de,231692
al llegar a,231671
pero no me,231657
no es así,231639
yo creo que,231425
la función de,231421
en el sofá,231325
"que , según",231312
que no son,231224
otro lado del,231175
en la época,231006
los sistemas de,230908
ya no se,230822
la ley de,230787
del proceso de,230675
algo más que,230374
acuerdo con la,230319
está en la,230275
"que , cuando",230143
se supone que,230046
un gesto de,229946
la gestión de,229872
hasta que el,229797
millones de dólares,229759
a pesar del,229723
de nuevo a,229663
en la escuela,229566
en la pared,229485
no es lo,229335
la tasa de,229283
"ella , y",229091
a su hermano,229055
el ser humano,228977
en cualquier momento,228942
de los pueblos,228776
la lista de,228688
y sin embargo,228483
de las partes,228271
por el camino,228219
toda la noche,228204
en dirección a,227983
no es más,227800
la acción de,227748
se había convertido,227491
control de la,227425
de la propia,227254
de los grandes,227085
el cumplimiento de,227013
no era el,226776
la línea de,226657
ha dicho que,226619
y con un,226482
que a veces,226346
de ahí que,226333
se puso de,225955
de mi madre,225883
y se puso,225347
algún tipo de,224856
entre los dos,224581
en las manos,224425
los servicios de,224100
para ir a,224054
hasta el punto,224006
de los bienes,223906
que había estado,223834
"pero , en",223818
se dio la,223737
no quería que,223680
de la Comisión,223563
el gobierno de,223532
de tal manera,223400
las manos de,223367
pero eso no,223334
la mesa y,223015
los derechos humanos,222983
salir de la,222817
"y , además",222674
la mañana siguiente,222501
de acuerdo a,222341
le dije que,222184
de la Tierra,222175
acceso a la,221917
a la cocina,221698
y de que,221663
que se encuentran,221661
de los tres,221659
esta es la,221624
ya que no,221201
última vez que,220685
de esa manera,220645
el grupo de,220554
la información que,220387
ciudad de México,220359
es la de,220336
ha de ser,220271
el que no,220171
que en las,220142
"decir , que",219819
mismo tiempo que,219679
lo que sea,219553
través de una,219544
o en la,219512
este es el,219503
que se encontraba,219489
eso no es,219282
que las personas,219188
gran cantidad de,218989
la protección de,218807
duda de que,218667
de las mismas,218360
que lo había,218296
con el mismo,218213
todos los demás,217921
de otro modo,217875
miró a su,217714
de ese modo,217706
de las actividades,217698
que las cosas,217635
la fecha de,217536
el acceso a,217381
la diferencia entre,217360
de la literatura,217303
nombre de la,216821
lugar en el,216725
de la música,216618
o al menos,216386
el amor de,216378
que en realidad,216120
había convertido en,216001
después de una,215960
por mucho que,215956
que tal vez,215508
el origen de,215466
ninguna de las,215449
sentido de la,215377
los días de,215373
la familia de,215161
no era una,215161
salió de la,215031
que hay en,214998
la experiencia de,214883
y a mí,214862
lo había hecho,214697
de que era,214644
con los demás,214258
de llegar a,214151
en la figura,213935
de la nueva,213908
el que el,213826
de todas formas,213731
día de la,213719
en el segundo,213687
los casos de,213627
lo que les,213493
a la familia,213435
que no sea,213391
de los padres,213322
en el seno,213289
hasta el momento,212633
que se trataba,212535
en el cuerpo,212336
se encontraba en,212325
en sí mismo,212241
a casa de,212179
que no estaba,212044
parte de un,211770
así como de,211757
en el otro,211750
que su padre,211579
"y , aunque",211366
nada más que,211351
el de los,211166
de lo contrario,211145
dado cuenta de,210993
se levantó y,210852
lo que quería,210721
la relación de,210715
la participación de,210693
hasta llegar a,210626
es como si,210606
de Buenos Aires,210534
en el libro,210509
momento en el,210457
el sonido de,210387
que todas las,210364
a los otros,210277
hora de la,210117
hay que tener,209990
en la década,209985
se debe a,209908
a una persona,209832
poco más de,209790
que el de,209721
y todos los,209612
una mujer que,209406
a ver si,209393
es mucho más,209369
con un gesto,209287
la que había,209210
de la justicia,209180
el peso de,209160
la condición de,209112
en los primeros,209029
función de la,209011
el paso de,208934
había llegado a,208715
de los miembros,208684
es lo mismo,208649
de lo más,208570
ese tipo de,208370
acuerdo con el,208367
por el momento,208063
se limitó a,208045
se dice que,207889
le había dado,207819
por lo demás,207543
y con una,207542
en ese caso,207207
me voy a,207182
la manera en,207010
y se le,207006
los miembros del,206773
o a la,206565
era como si,206544
de que él,206539
un estado de,206486
que me ha,206477
que él no,206410
hasta que la,206367
lo mucho que,206259
a los de,206256
y se dirigió,205982
y a sus,205726
lo que hay,205594
ámbito de la,205428
alguno de los,205353
la administración de,205132
de que le,205098
de los ojos,205081
que es lo,205062
de algún modo,204964
el objeto de,204893
de la parte,204879
con todos los,204737
del sistema de,204503
que la de,204313
estoy segura de,204284
torno a la,204217
modo en que,204141
como si la,204124
que era la,203926
de la piel,203641
"decir , la",203576
de la madre,203573
toma de decisiones,203463
ver con la,203395
no había sido,203361
de un año,203302
por una parte,203073
y por tanto,203052
casi todos los,202966
y luego se,202961
las características de,202898
de la línea,202662
de sus hijos,202461
de la ventana,202419
me temo que,202389
la evolución de,202265
pesar de su,202124
la gente de,202020
de los procesos,202004
de sus ojos,201828
en el salón,201470
la posición de,201379
en los términos,201371
dentro de las,201208
partir de los,201133
por qué me,201122
borde de la,201094
a lo lejos,200766
en los labios,200742
había sido un,200704
no era la,200663
sabía que no,200528
para que lo,200519
es evidente que,200479
dentro de una,200427
con la ayuda,200413
al margen de,200345
para todos los,200291
de la fuerza,200209
y a veces,200206
no podía ser,200154
"además , la",200101
que voy a,200084
lo más importante,200056
que los hombres,199900
lo que ella,199735
en el presente,199712
más de la,199649
de la isla,199629
el nombre del,199523
los problemas de,199517
las formas de,199485
por qué se,199396
en torno al,199377
"que , para",199296
de un sistema,199017
entre los que,198814
en sus manos,198811
el modelo de,198767
que no la,198630
para evitar que,198605
y con los,198560
mano en el,198550
la casa y,198541
con que se,198362
de su hermano,198263
así como los,198243
"años , y",198117
en el estudio,198085
de la pared,197911
"tanto , la",197890
para que me,197884
su relación con,197746
las puertas de,197668
de Nueva York,197549
y yo no,197529
entró en la,197387
más que el,197290
la punta de,197228
a la realidad,197128
delante de la,197012
más que la,196954
he dicho que,196861
la parte superior,196845
había dicho que,196839
son los que,196744
en el apartado,196719
es necesario que,196683
el cambio de,196537
manera en que,196386
que tiene que,196243
no me gusta,196132
después de su,196106
con base en,196045
de su familia,195981
las obras de,195739
de otra manera,195640
que había visto,195565
llegó a la,195372
entrar en la,195205
en relación a,195108
en realidad no,195068
la práctica de,195024
base de datos,194802
de conformidad con,194702
que puede ser,194566
de la cara,194534
estudio de la,194524
la habitación de,194521
pese a que,194501
la estructura de,194464
a no ser,194160
durante todo el,193997
de la violencia,193904
a cada uno,193862
en el plano,193754
tiene que ser,193682
toda su vida,193482
en comparación con,193309
que los demás,193166
en cierto modo,193160
la época de,193112
entrar en el,193098
en cuenta la,193009
miembro de la,192902
abrió los ojos,192609
a cargo de,192595
de que estaba,192529
como se ha,192405
y se quedó,192260
la figura de,192206
de los problemas,192189
las relaciones entre,192181
una persona que,192072
por más que,191335
los nombres de,191239
mientras que en,191144
se había quedado,191137
que a los,191132
la guerra de,191094
cuenta de lo,190989
no es de,190938
largo de los,190899
buena parte de,190884
y no es,190701
es que se,190687
pesar de todo,190595
es la única,190483
la provincia de,190425
esperanza de que,190304
en el hombro,190259
no sé cómo,190233
de las palabras,190171
la cabeza en,190101
en gran medida,190002
resultado de la,189906
punto de partida,189861
de los productos,189841
de pensar en,189411
de vista de,189390
fin de que,189244
ha sido un,189036
y que en,188905
de que ella,188862
en el hospital,188785
de la fe,188409
de ella y,188246
de la memoria,188123
por las que,187967
de esta obra,187904
a base de,187879
los que la,187865
de Dios y,187862
en estos casos,187659
el modo de,187478
años más tarde,187438
de las más,187370
de personas que,187217
a la cara,187179
los hombres que,187023
con el objetivo,187017
de la imagen,186904
por el hecho,186875
en condiciones de,186849
además de la,186836
los datos de,186834
los habitantes de,186697
que no nos,186683
esto es lo,186657
respecto a los,186392
de los ciudadanos,186184
no le había,186175
en el rostro,186169
es el único,186026
de la función,185541
de la otra,185521
que tenía en,185515
el interior del,185448
"además , el",185442
a tener que,185377
de los sistemas,185318
esto no es,185274
se ha convertido,185251
que todo lo,185132
todos los derechos,185046
la seguridad de,184839
las personas con,184763
de la segunda,184706
de la semana,184597
de los grupos,184494
el curso de,184430
a principios de,184416
la noción de,184395
al menos en,184378
de la teoría,184152
que se hace,184027
refiere a la,183943
pero en el,183820
"caso , la",183811
que en un,183704
de él y,183663
era la primera,183616
el único que,183525
la conclusión de,183519
de la compañía,183456
la elaboración de,183376
la ciudad y,183238
en el sector,183166
la perspectiva de,183087
no sabía qué,183040
y le dio,182924
la clase de,182895
como si el,182877
en muchos casos,182788
década de los,182581
no hace falta,182565
valor de la,182170
no es necesario,182071
llegar a ser,181948
tal vez no,181853
sobre la base,181823
en los países,181777
estaba seguro de,181756
de la mente,181598
de las acciones,181527
estaba segura de,181517
para llevar a,181463
y se sentó,181444
consecuencia de la,181393
por la calle,181275
con la esperanza,181267
hizo un gesto,181245
que el mundo,181155
en este punto,181139
un lado a,181114
de trabajo y,181112
pero no podía,180993
"así , el",180533
en todo momento,180527
el título de,180287
el conocimiento de,180279
en un mundo,180177
de un grupo,180164
de ir a,180004
los cuales se,179998
el aumento de,179985
la influencia de,179953
se iba a,179843
a la entrada,179804
las actividades de,179697
de la razón,179552
en el pueblo,179523
ha convertido en,179504
será mejor que,179486
la cuestión de,179359
sin necesidad de,179286
mucho más que,179215
y no lo,179202
para que le,179181
la distribución de,179163
mientras que los,179082
que ya se,179020
asegurarse de que,178731
por toda la,178680
de la comunicación,178482
con el nombre,178325
que ella no,178293
había vuelto a,178225
"pero , por",178182
de los árboles,178144
no es tan,178042
que las mujeres,178038
echó a reír,178034
que le habían,178009
en que no,177948
que no ha,177848
sé lo que,177800
en el asiento,177796
como parte de,177789
"vida , y",177767
sin perjuicio de,177573
a alguien que,177240
del Consejo de,177226
cabo de un,177220
nada de lo,177213
en la espalda,177088
puso en pie,176919
de la entrada,176754
lo que he,176718
finales del siglo,176659
de una nueva,176625
el tiempo y,176424
en el coche,176384
como si hubiera,176376
de la administración,176231
en la noche,176211
"tanto , el",176195
la que la,176175
no dejaba de,176099
"decir , el",176057
la política de,175979
que había pasado,175877
al pie de,175736
"él , pero",175726
"así , la",175645
el lugar donde,175588
si fuera un,175493
el contexto de,175295
la ejecución de,175146
la vuelta y,175108
de la policía,175058
el efecto de,175031
muchas de las,174979
a la ventana,174928
por un instante,174640
"es , en",174591
tal manera que,174572
a la escuela,174554
de su propio,174534
día a día,174518
lo mejor que,174491
como si fueran,174488
creo que no,174412
que en este,174381
que la había,174287
de la nación,174278
tema de la,174222
a la otra,174178
a la conclusión,174146
de un nuevo,174102
casa de la,173994
las Naciones Unidas,173986
a la sociedad,173887
ya se ha,173849
a pensar que,173686
el centro del,173675
todo lo demás,173596
en nombre de,173580
siempre y cuando,173568
es muy importante,173560
del ser humano,173288
de las instituciones,173256
relación con los,173241
así como en,173155
y los que,173097
de la siguiente,173095
un momento en,172845
las posibilidades de,172795
lo que pasa,172725
más y más,172709
que uno de,172648
estuvo a punto,172579
otro tipo de,172550
de la Comunidad,172528
"parte , la",172457
con la intención,172449
todos los hombres,172421
a la policía,172321
"caso , el",172275
el consumo de,172244
de la crisis,172244
a los pies,172205
de ser una,172178
de la boca,172139
relacionados con la,171930
el jefe de,171902
frente a las,171859
"así , en",171754
ya no es,171720
el suelo y,171698
para lo que,171575
igual que el,171405
es que los,171398
a una de,171130
lado a otro,171126
cerró la puerta,171024
un momento de,170689
es la primera,170618
efectos de la,170595
de la Revolución,170433
se ha de,170372
de la provincia,170330
de la estructura,170286
de las obras,170284
de su hija,170237
se lo había,170174
se caracteriza por,170136
a él y,170124
la suma de,170119
ni idea de,170048
trataba de un,170043
entre otras cosas,170021
a ser un,169888
a su hermana,169869
a toda la,169768
de las condiciones,169708
en una situación,169524
así como las,169507
si no es,169411
sus ojos se,169366
la elección de,169336
de la filosofía,169309
de los resultados,169254
los ojos en,169219
de las grandes,169191
de la democracia,169073
el precio de,168877
de la conciencia,168845
la boca y,168819
con respecto al,168813
que su madre,168789
no había nada,168762
un ejemplo de,168568
un buen rato,168553
no dijo nada,168488
en el ejercicio,168472
por los que,168465
no pudo evitar,168397
con los dedos,168310
no sabía que,168230
hasta el final,168214
creo que es,168148
de los principales,168089
la gente se,168034
que ha de,167927
a toda prisa,167921
todas las personas,167851
los intereses de,167653
es verdad que,167618
que aún no,167536
la mujer de,167515
y se había,167512
que ella se,167504
la cuenta de,167159
de la industria,167056
los padres de,167050
análisis de la,167042
o lo que,167020
es un hombre,167012
tanto en el,166911
"parte , el",166816
lo que significa,166791
era más que,166637
de las fuerzas,166600
no tiene nada,166558
lo que tenía,166553
te voy a,166472
en la silla,166278
"o , en",166126
medio de un,166090
de las normas,166054
de la luna,166052
su padre y,166010
más remedio que,165990
convertido en un,165946
la definición de,165891
que se pueden,165806
que a mí,165733
a las dos,165680
no deja de,165679
no se me,165621
en Nueva York,165608
había ido a,165580
en el mar,165552
y todo lo,165470
el seno de,165306
ver con el,165270
un trozo de,165261
"que , además",165247
se fue a,165175
de la calidad,165172
de los últimos,165142
en la cárcel,165120
y creo que,165060
el mundo se,165037
se refiere el,165023
forma parte de,165016
a la primera,164876
el desarrollo del,164860
junto a su,164821
y que los,164810
y el otro,164778
de que un,164639
dentro de su,164609
la vida del,164543
favor de la,164527
el inicio de,164505
su madre y,164477
la razón de,164430
vale la pena,164333
de la sangre,164277
en América Latina,164271
en el estómago,163966
los límites de,163951
durante mucho tiempo,163887
a más de,163865
una mezcla de,163853
de los días,163846
toda clase de,163769
parte de una,163701
medio de una,163638
a su marido,163510
miró a los,163395
sé que no,163297
del resto de,163231
como por ejemplo,163127
mundo de la,162930
en un principio,162910
las relaciones de,162909
el significado de,162874
para ver si,162850
que ir a,162790
por las calles,162776
de la señora,162746
se trate de,162699
ya que se,162637
que cada uno,162616
la vida es,162463
a veces se,162295
le había hecho,162243
decir que no,162196
mano de obra,162141
en la guerra,162094
que si no,162066
en esta ocasión,161784
el modo en,161667
las consecuencias de,161634
a su familia,161514
conclusión de que,161512
que un día,161500
en función del,161388
la mano a,161384
de la gran,161367
era uno de,161314
calidad de vida,161303
en la garganta,161257
la actividad de,161042
lo que respecta,160908
sobre el tema,160854
me ha dicho,160833
la puerta se,160821
de la base,160809
lo que puede,160707
debido a su,160683
que los niños,160681
de la mayoría,160665
la vida que,160653
de su marido,160630
en esos momentos,160607
junto con el,160555
de la creación,160497
a su mujer,160396
en la base,160373
una manera de,160211
que había tenido,160157
el otro lado,160129
o tal vez,160125
y el resto,160098
"no , pero",159947
hasta qué punto,159784
de vuelta a,159733
el hijo de,159669
de las ideas,159642
el recuerdo de,159595
por lo cual,159517
entró en el,159511
de las Naciones,159457
cuenta de la,159402
caso de las,159399
del tipo de,159362
de la manera,159335
a pensar en,159243
en sus brazos,159090
del estado de,159066
los libros de,159055
me alegro de,159045
los principios de,159045
en este capítulo,159040
el paso del,159026
de que yo,158909
el primero en,158831
con toda la,158799
de la voluntad,158763
la edad de,158761
para que las,158731
sé por qué,158602
con la boca,158595
a continuación se,158572
los tipos de,158472
sabía lo que,158416
base de la,158413
y ya no,158401
al resto de,158393
dijo que no,158368
en la obra,158311
de la red,158238
gracias a Dios,158196
y en un,158189
para volver a,158107
mitad del siglo,157984
qué tipo de,157858
gran número de,157806
problema de la,157769
en ese sentido,157667
la tierra de,157609
en lo más,157526
con el paso,157515
el movimiento de,157515
de que es,157494
alguna de las,157409
que él se,157369
de la novela,157318
lo que ocurre,157238
la finalidad de,157196
el establecimiento de,157099
al lado del,157055
con el resto,157043
por qué lo,157041
la cara y,157012
a la habitación,156964
tiempo que se,156916
contra la pared,156863
de los dedos,156772
ya se había,156743
la defensa de,156742
lo que quiero,156738
que no quería,156729
de que te,156646
en su mente,156560
asintió con la,156543
sino que también,156448
del Estado de,156423
una sensación de,156359
que han sido,156340
de cada una,156325
desde el primer,156316
por el otro,156283
la cabeza para,156214
la responsabilidad de,156136
una vez en,156085
de no ser,156059
las palabras que,156045
para ayudar a,155973
en la frente,155967
pero creo que,155956
era evidente que,155920
tú y yo,155893
me refiero a,155873
y de un,155829
tan pronto como,155776
a mí no,155758
los niños y,155648
la cabeza hacia,155624
que se está,155603
en el área,155519
de la Junta,155515
el arte de,155438
las mujeres que,155365
inicio de la,155310
el plan de,155295
con una mano,155267
pero que no,155195
de los valores,155151
Estados Unidos y,155080
por la cual,155045
que no tienen,154963
la tierra y,154927
se ha hecho,154763
mayor parte del,154700
en la mejilla,154634
de la tienda,154627
por sí mismo,154528
era una mujer,154506
la razón por,154502
de la silla,154409
estado de ánimo,154250
su forma de,154248
"sí , sí",154203
de su muerte,154159
cuarto de baño,154128
en el piso,154115
a su esposa,154082
no sé por,154009
de la capacidad,153990
el mes de,153979
no tenía nada,153961
la que le,153833
idea de la,153792
la Seguridad Social,153785
pesar de las,153589
en favor de,153539
el Consejo de,153500
del Ministerio de,153433
dio un paso,153289
hizo una pausa,153241
en su rostro,153227
a sus padres,153207
en este libro,152938
no lo es,152824
por lo visto,152711
más de dos,152699
formar parte de,152679
puso de pie,152624
desde la perspectiva,152553
a cabo en,152498
el hombre de,152460
importancia de la,152381
la totalidad de,152342
lugar de la,152266
de la revolución,152196
junto a él,152171
como resultado de,152130
los pies de,152129
en el extranjero,151987
el Ministerio de,151962
en que las,151926
trataba de una,151908
en la empresa,151782
por el cual,151667
como en los,151404
todo lo contrario,151381
pero yo no,151376
las que no,151318
pero no era,151302
en los Estados,151283
la realidad de,151221
y yo nos,151126
el tono de,151065
y de una,151031
uno de estos,151003
en el curso,150923
con todas las,150917
el primero de,150898
se refiere al,150878
para los que,150859
a un grupo,150851
vista de la,150753
los grupos de,150744
campo de la,150704
de que todo,150703
igual que en,150692
de las leyes,150620
el proyecto de,150607
había sido una,150566
aplicación de la,150467
de vida de,150444
en este mundo,150384
en la Ley,150371
ni siquiera se,150244
la cabeza con,150225
vez que la,150212
"ella , pero",150121
y yo me,150114
de las primeras,150079
que van a,149993
su capacidad de,149872
la tarea de,149823
en el cuarto,149815
en el espejo,149782
el reconocimiento de,149606
a corto plazo,149567
"bien , pero",149564
en una ocasión,149555
de la propiedad,149551
en el punto,149523
se apresuró a,149471
se levantó de,149460
principio de la,149322
y se fue,149274
de los libros,149199
paso del tiempo,149194
los brazos y,149123
de los siglos,148954
es que me,148921
el apoyo de,148897
que se llama,148809
la superficie de,148784
los programas de,148780
ejercicio de la,148718
junto con la,148713
que no está,148708
en lo alto,148690
que estaba a,148646
estilo de vida,148516
en la mente,148460
no es nada,148357
los valores de,148353
en la última,148299
que después de,148246
de los tiempos,148229
la orden de,148214
la mano para,148149
de una hora,148116
el día anterior,148079
lleva a cabo,148000
no tenía ni,147983
no significa que,147960
la sombra de,147800
la hija de,147790
con el corazón,147641
de las tres,147636
también en el,147577
que tener en,147472
llegado el momento,147445
que se haya,147441
en la iglesia,147433
con todo el,147119
en la dirección,147104
que el que,147040
con el mundo,147027
el primer día,146925
volver a la,146914
como para que,146851
dispuesto en el,146772
de un proceso,146757
se ha ido,146732
fue lo que,146704
y eso es,146678
a la perfección,146672
a la señora,146656
el hombre se,146605
esa es la,146581
que se va,146492
vida de los,146467
un programa de,146460
a su amigo,146361
en el exterior,146344
de la de,146294
si no me,146268
un lado y,146267
jefe de la,146267
el espíritu de,146230
en un tono,146084
que se trate,146044
es un buen,146037
la mitad del,146035
acercó a la,145982
que una vez,145864
de haber sido,145791
en la otra,145761
la isla de,145622
de los estudiantes,145607
con todas sus,145540
igual que la,145532
los que el,145505
en cuenta el,145500
a la espera,145493
de una gran,145461
de la plaza,145354
la medida de,145289
del siglo XVIII,145184
y me dijo,145126
aceite de oliva,145100
con un hombre,145018
una mujer de,145006
si no hubiera,144967
las leyes de,144962
la noche en,144938
que vamos a,144869
en el de,144783
a él le,144775
la Ciudad de,144732
de tal modo,144671
camino de la,144665
a toda velocidad,144660
lo alto de,144634
de tu vida,144588
en el patio,144575
con lo cual,144566
que es más,144547
en todas partes,144523
como el que,144511
y al mismo,144510
de la Federación,144486
el reino de,144484
el que los,144441
se había ido,144399
que en ese,144372
se había puesto,144337
con la de,144333
no le gustaba,144272
a ella y,144258
se preguntó si,144113
al borde de,144088
en sí misma,143902
entre sus brazos,143900
y cada uno,143887
que no puedo,143886
en la cuenta,143874
marco de la,143748
de las ciudades,143701
había empezado a,143683
que se nos,143652
la visión de,143652
con un poco,143623
no es cierto,143621
era la única,143500
de la costa,143454
desarrollo de las,143429
los hombres y,143426
que los dos,143422
que un hombre,143276
en un estado,143255
puntos de vista,143166
los estudios de,142991
en el jardín,142906
muerte de su,142852
de una serie,142788
la muerte del,142769
el Espíritu Santo,142764
el que había,142723
sabes lo que,142716
la que los,142619
través de su,142615
en el cuello,142554
en toda su,142535
suficiente como para,142529
de la religión,142423
la prueba de,142385
en la universidad,142383
todo el cuerpo,142313
el borde de,142008
las redes sociales,141920
de los alumnos,141790
como si le,141776
una lista de,141704
"embargo , los",141696
el dolor de,141485
los dedos de,141479
respecto a las,141451
que se debe,141442
"sí , lo",141406
en la plaza,141377
a ser el,141364
su vida y,141322
"aquí , en",141281
a la población,141237
la unidad de,141182
la mente de,141174
una botella de,141153
no pasa nada,141150
lo que ya,141144
en su conjunto,141108
palabra de Dios,141101
en el texto,141043
qué clase de,141042
por la cabeza,141025
de los pies,141006
y tal vez,140974
la que me,140872
pero no le,140712
las cosas de,140711
había dejado de,140677
saber lo que,140671
que con el,140666
se da cuenta,140557
estaba dispuesto a,140533
a que los,140480
por esta razón,140437
en estos momentos,140417
el plazo de,140369
cualquier tipo de,140359
de la unidad,140305
más que a,140299
lo último que,140298
la propuesta de,140294
pero no había,140293
un día de,140279
"tanto , no",140242
a la iglesia,140217
la de un,140143
a la sala,140127
es mejor que,140123
de las políticas,140112
hasta ese momento,140019
"y , para",139984
no lo había,139968
a hablar con,139964
mismo modo que,139921
la población de,139904
y ella se,139900
ningún tipo de,139898
eso es todo,139865
si no te,139851
la determinación de,139760
en mi casa,139752
a las necesidades,139737
de su corazón,139698
el siglo XIX,139669
al principio de,139524
por eso no,139514
que la persona,139510
por delante de,139509
lo que sucede,139466
que no fuera,139452
de su hermana,139436
no me importa,139424
de las formas,139421
cosas que no,139331
las calles de,139253
en ese instante,139247
más importante de,139207
defensa de la,139166
y la otra,139153
a decir que,139152
referencia a la,139102
de la materia,139065
de una sociedad,139041
la Edad Media,138961
y antes de,138924
son capaces de,138911
en todo lo,138899
a la tierra,138867
la noche y,138865
el ruido de,138852
el equipo de,138840
en las relaciones,138833
el uso del,138734
a ir a,138718
y se acercó,138678
está claro que,138675
se le ocurrió,138648
el caso es,138570
de todo tipo,138538
se encontró con,138533
fondo de la,138511
a la parte,138488
y no le,138402
el tamaño de,138323
de nuevo la,138127
de un salto,138005
todo lo posible,137944
fin de la,137927
no vas a,137927
la vida cotidiana,137868
con la idea,137684
no sabía si,137606
se dirigió hacia,137588
cuando se trata,137586
que se produce,137582
de los animales,137576
hasta que no,137554
la mano derecha,137522
cualquier cosa que,137475
"que , desde",137344
caso es que,137338
"sí , claro",137276
de la competencia,137160
"embargo , se",137146
ya en el,137122
la velocidad de,137055
un total de,137002
había dado cuenta,136977
existencia de un,136925
los restos de,136878
de la Nación,136852
la respuesta de,136846
a la niña,136812
no ser que,136751
con él y,136718
a finales del,136684
a la idea,136673
la organización de,136648
o de los,136601
una suerte de,136564
en pacientes con,136540
que el niño,136535
ya que en,136528
sobre el que,136505
"casa , y",136485
que no sabía,136481
se inclinó hacia,136458
desde el momento,136429
de que sus,136417
de la necesidad,136398
por falta de,136392
los ojos del,136391
esta es una,136258
desde un punto,136191
y que le,136153
eso lo que,136117
la boca de,136053
que se estaba,136028
lo cual se,136005
a mediados de,135983
en su propia,135954
de la capital,135953
un vaso de,135946
ya no era,135926
el mundo y,135847
que él había,135786
de los objetivos,135766
una mano en,135761
respecto de la,135760
los países de,135724
un acto de,135689
muchos de ellos,135676
y miró a,135633
de no haber,135600
la misma forma,135598
eso era lo,135563
el pueblo de,135522
que los que,135470
el área de,135448
en cada uno,135407
tenía que hacer,135341
la sangre de,135337
en presencia de,135336
con el propósito,135314
en las últimas,135254
en el medio,135247
y en ese,135128
lo que sí,135117
otro de los,135109
la cocina y,135074
a qué se,135070
de entrar en,135024
de las autoridades,135018
de la universidad,135013
me doy cuenta,134999
la segunda mitad,134894
puede llegar a,134844
de arriba abajo,134784
por el pasillo,134764
de las características,134763
en compañía de,134741
el cuarto de,134737
hace mucho tiempo,134705
de vida y,134641
junto a los,134544
un modelo de,134534
y no hay,134493
de sí misma,134453
a la boca,134450
sin que se,134439
en su mayoría,134398
no se podía,134398
lo que tú,134375
de la presencia,134284
que iban a,134225
"Ah , sí",134138
"Dios , y",134103
en su momento,134023
la Facultad de,134003
en más de,133766
de las células,133759
de la mitad,133684
que la mujer,133657
de la seguridad,133639
en la playa,133573
nada de eso,133548
de la superficie,133515
se convierten en,133483
que había que,133452
"tiempo , y",133446
la piel de,133420
te he dicho,133397
tenía que ser,133356
ha sido una,133356
a los pocos,133312
tres o cuatro,133223
en el estado,133181
por medio del,133174
de la construcción,133118
"además , se",133112
conocimiento de la,132997
"sí , es",132970
algunos de ellos,132923
y no en,132890
de los individuos,132874
la evaluación de,132857
lo que realmente,132772
con el dedo,132761
de los estudios,132737
"lado , la",132711
en el grupo,132605
en la construcción,132565
atención a la,132549
un vistazo a,132475
de ser el,132433
que el tiempo,132381
que me lo,132378
de la responsabilidad,132336
las acciones de,132325
lo que dice,132266
amor de Dios,132265
más que en,132188
con cara de,132187
convertido en una,132152
como los de,132044
que ya había,131948
le dio la,131859
a ella le,131847
acerca de los,131793
que están en,131792
por el mismo,131788
a la semana,131762
la salud de,131740
tono de voz,131685
durante toda la,131658
de acuerdo en,131544
"es , por",131534
la Secretaría de,131449
que él mismo,131394
que se la,131346
de los seres,131325
también en la,131308
todo aquello que,131273
de su mano,131271
si no fuera,131269
la Constitución de,131268
que el resto,131210
las medidas de,131203
como es el,131193
haga clic en,131186
algo así como,131170
de que una,131110
en ningún caso,130847
en la oficina,130798
y con las,130792
había visto en,130715
la salida de,130674
y cuando se,130662
de su boca,130636
imagen de la,130604
un cambio de,130590
similar a la,130568
que pueden ser,130539
"allí , en",130447
"pero , como",130380
en la tabla,130367
es hora de,130327
a mi casa,130322
ser capaz de,130256
la iglesia de,130254
se volvió a,130252
uno al otro,130190
de miles de,130174
la Segunda Guerra,130167
algunos de sus,130139
de la evolución,130121
la Junta de,130114
la fuente de,130086
de un solo,130086
el rey de,130041
la caída de,130001
de la Historia,129971
disminución de la,129970
"embargo , a",129923
como uno de,129785
que no haya,129781
de los mejores,129772
un aumento de,129770
cualquiera de los,129744
un puñado de,129670
casa de los,129666
la declaración de,129644
depende de la,129611
medida que se,129566
un período de,129555
"bueno , no",129489
dos tipos de,129432
mayoría de la,129404
en la línea,129375
los campos de,129360
"sí , y",129331
de que a,129327
sino más bien,129315
y el que,129278
las cuales se,129276
la palma de,129275
la lectura de,129076
parte de sus,128997
y a pesar,128987
Segunda Guerra Mundial,128980
de la carretera,128959
en el acto,128909
la calle de,128885
el diseño de,128872
con la otra,128861
es que en,128816
la opinión pública,128728
que mi padre,128663
de la personalidad,128646
el pago de,128597
las normas de,128593
poco después de,128499
desde que se,128456
la probabilidad de,128439
los objetivos de,128410
junto a ella,128390
esperar a que,128328
de los intereses,128285
de la deuda,128258
lo que hacía,128209
a hablar de,128203
la memoria de,128162
da cuenta de,128129
con el de,128128
yo no soy,128124
de parte de,128122
pero es que,128111
partir de las,128081
de la Guerra,128048
se había dado,127977
por qué te,127968
te vas a,127955
en su libro,127924
los brazos de,127900
en muchas ocasiones,127856
la casa del,127806
que hace que,127793
en los pacientes,127703
los ojos cerrados,127699
en la isla,127687
no era más,127675
y él se,127669
para que te,127652
en el borde,127629
de los dioses,127617
la espalda y,127582
al ver a,127542
hacer frente a,127533
lo miró con,127517
vida de la,127504
la venta de,127423
de las funciones,127405
que tiene el,127403
durante un tiempo,127396
que tengo que,127364
un beso en,127360
antes de su,127345
"además , no",127336
de que pudiera,127332
las Comunidades Autónomas,127282
mundo de los,127202
claro que sí,127147
en cuenta las,127089
con más fuerza,127071
y una vez,127058
que tiene la,127032
lo mejor de,127009
qué iba a,126984
de la autoridad,126953
de un momento,126901
de nuevo el,126899
lo cual no,126893
pie de la,126852
por el suelo,126839
además de los,126804
de agua y,126759
que yo me,126694
de las veces,126653
vez en la,126624
en el siguiente,126620
en los procesos,126568
un millón de,126540
y no de,126532
frente a él,126521
una situación de,126510
mí no me,126402
la mano por,126229
así que se,126082
de los límites,126061
la Casa de,126047
en su sitio,126001
"así , por",125994
hay algo que,125993
y todas las,125977
tanto en la,125972
en su cabeza,125966
a los hijos,125932
del otro lado,125899
los años de,125831
de la Casa,125805
tarde o temprano,125792
a entrar en,125701
en el art,125618
relacionadas con la,125606
de de de,125590
la estación de,125570
que nunca se,125523
contacto con el,125474
de salir de,125397
así como a,125370
uno de mis,125361
el carácter de,125359
pesar de los,125345
de su rostro,125336
de los partidos,125325
desde una perspectiva,125316
la miró con,125311
que no pueden,125206
de la identidad,125191
y los demás,125178
las mujeres de,125104
en el bosque,125095
de la figura,125070
de los de,125057
qué te parece,125030
la fase de,124946
de una empresa,124939
un plan de,124917
días de la,124909
en menos de,124858
por culpa de,124838
después de las,124833
llevado a cabo,124775
puede ser un,124758
en las calles,124719
en la de,124691
se habla de,124689
la espera de,124686
de la tradición,124664
y no te,124634
en el cuadro,124602
se le ha,124597
a ser una,124546
Dirección General de,124541
de los jóvenes,124503
exactamente lo que,124499
con una mujer,124481
al aire libre,124407
a la historia,124394
"pero , al",124377
cuanto a los,124219
en una especie,124176
de la oficina,124171
pero antes de,124113
que son los,124102
y se ha,124096
a la cual,124088
en la memoria,124052
si fuera una,124051
de la energía,124015
ya que los,123979
de la madrugada,123969
de la izquierda,123948
ha sido el,123874
a la acción,123865
y mucho menos,123695
o de un,123656
la vista y,123626
de la aplicación,123393
relacionados con el,123311
sobre la cama,123246
como de la,123225
forman parte de,123224
que también se,123217
los labios y,123211
en su totalidad,123199
de la demanda,123188
el de las,123144
la obtención de,123098
se van a,123097
a juzgar por,123060
la Cámara de,123056
del mundo y,123039
de las sociedades,122977
voy a hacer,122964
conforme a la,122902
"ellos , y",122819
la adquisición de,122744
al frente de,122685
la suerte de,122678
"decir , en",122674
de un gran,122666
de su trabajo,122649
de las principales,122607
de los factores,122547
lo que quiere,122532
partir de ese,122486
tratamiento de la,122454
mayor o menor,122443
de tal forma,122430
de la paz,122420
lo que quieres,122351
de la formación,122343
no es fácil,122342
lo más probable,122312
la Comisión de,122279
la cabeza del,122276
la plaza de,122239
para el caso,122177
la reducción de,122127
por debajo del,122121
a buscar a,122074
en cuanto se,122060
lo que hizo,122056
lo que tiene,122010
de América Latina,121885
así que me,121789
de los principios,121786
y por ello,121767
como ya se,121757
hasta el día,121750
y de lo,121723
a la guerra,121721
de un rato,121705
la opinión de,121699
lo de la,121698
lo que pasó,121676
de ninguna manera,121652
de un niño,121636
el programa de,121589
en la superficie,121579
de la joven,121546
la presencia del,121502
de las ciencias,121496
se suponía que,121481
la presentación de,121471
no estaba en,121451
la resolución de,121386
que había llegado,121367
ver lo que,121296
y que por,121283
por la ley,121278
uso de los,121273
por qué la,121270
a la salida,121266
a todo lo,121224
de pie y,121223
se puede decir,121195
del número de,121174
la información y,121164
sabe lo que,121149
se atrevió a,121059
fue uno de,121052
así es como,121008
una relación de,121007
del que se,120981
la interpretación de,120966
que habían sido,120945
es el momento,120938
dicho que no,120936
se ha visto,120916
la actitud de,120907
pero en la,120857
había sido el,120821
entre las manos,120777
durante los últimos,120776
a este respecto,120744
en la relación,120701
a propósito de,120685
sobre la que,120618
la certeza de,120562
este es un,120546
a raíz de,120538
en la siguiente,120513
lo que su,120507
todos los casos,120486
trata de la,120357
de este mundo,120352
de la revista,120340
el comportamiento de,120337
uno de nosotros,120332
poco antes de,120327
debe de ser,120302
sí mismo y,120248
la base del,120237
que al final,120235
en la entrada,120234
y uno de,120233
de nuevo y,120202
calidad de la,120185
la generación de,120101
en la piel,120089
y no sólo,120083
era una de,120073
a las autoridades,120049
y los ojos,120029
social de la,120004
pero sobre todo,120003
"dijo , y",120001
a ambos lados,119996
su condición de,119976
de su amigo,119972
de la Seguridad,119960
y la vida,119955
se ha dicho,119906
del Espíritu Santo,119879
en el plazo,119857
a cabo la,119847
vez que lo,119846
a las de,119842
idea de lo,119826
de su tiempo,119822
de la comida,119770
"además , en",119744
de las nuevas,119723
en el poder,119695
no está en,119599
la entrada del,119482
que respecta a,119473
el suelo de,119458
que es muy,119423
encima de los,119399
sentido de que,119346
si lo que,119342
de su esposa,119309
era el único,119228
la voz del,119157
acuerdo con las,119082
en ningún momento,119064
se había hecho,119011
los primeros años,118994
en un contexto,118993
a la información,118986
en los siguientes,118969
que volver a,118807
no te lo,118797
a entender que,118783
el régimen de,118706
a sus pies,118649
de los diferentes,118635
la mirada y,118526
resto de las,118518
fin de cuentas,118500
en el brazo,118493
lo establecido en,118465
los puntos de,118430
la figura del,118427
en donde se,118416
durante el día,118392
