ngram,freq
I do not,46206977
I did not,21939422
out of the,20063903
he did not,19931164
one of the,18266625
do not know,17628974
I can not,17119719
she did not,16216600
it was a,14263199
you do not,14213483
I 'm not,13641844
in front of,13623085
not want to,13275107
it was not,13186057
there was a,12587449
did not know,10693819
did not want,9998494
he could not,9948224
I could not,9749281
there was no,9618991
she could not,9317566
was going to,9216368
back to the,9141125
the rest of,8899600
he was not,8885847
do not want,8811898
for a moment,8554605
be able to,7936798
it would be,7865022
that he was,7807077
it 's not,7796834
I want to,7785752
side of the,7757189
a lot of,7680288
it was the,7664008
it 's a,7616723
the back of,7539204
to be a,7411809
do not you,7349531
she was not,7282270
what do you,7196057
but it was,7172563
the end of,7069230
do not think,6993882
as soon as,6974659
going to be,6971294
a couple of,6826769
the first time,6513065
shook his head,6509953
he had not,6494091
not going to,6413926
did not have,6386698
you can not,6384227
end of the,6236457
I was not,6216377
I 'm sorry,6156318
I 'm going,6153113
do not have,6076891
"him , and",5991217
that it was,5937346
that he had,5875522
you want to,5873032
do you think,5769700
that she was,5766644
would not be,5733959
I will not,5718201
not know what,5633152
I have to,5597522
it had been,5597231
she had not,5537008
and it was,5470700
he was a,5455815
had not been,5449387
to do with,5397246
he had been,5377980
as if he,5363008
it did not,5164086
the fact that,5156891
not have to,5139310
on the other,5048266
away from the,5033984
I ' m,5019840
some of the,4983578
that 's what,4964964
as well as,4944136
he 'd been,4923293
I would not,4876559
shook her head,4873982
I 'll be,4858554
"it , and",4822195
part of the,4792553
he wanted to,4780419
I 'm sure,4763259
"her , and",4756959
would have been,4725020
I wanted to,4722747
he had to,4705267
you did not,4701293
I 've been,4684963
we do not,4673101
what are you,4658929
the middle of,4654413
rest of the,4621066
front of the,4580142
the edge of,4570611
I have not,4534984
a long time,4526093
in the middle,4485154
would not have,4475173
at the same,4467857
I had to,4448834
it is not,4447292
and he was,4430648
up to the,4417754
"well , I",4413268
he would not,4404112
the sound of,4397663
on the floor,4384128
you 're not,4382702
she 'd been,4362171
will not be,4316291
for the first,4312257
there 's a,4288543
was not a,4283899
the top of,4243051
I need to,4230043
"me , and",4188571
it ' s,4188332
in the world,4185959
out of his,4185777
she wanted to,4128126
in the morning,4123745
do you know,4120511
the same time,4065267
and I 'm,4045186
one of them,4025666
seemed to be,4025445
as if she,4008547
she had been,3993648
she had to,3988168
the side of,3985443
but he was,3952731
that she had,3946222
they did not,3937605
had to be,3929778
for a while,3922399
most of the,3917483
I 've got,3885949
by the time,3843736
as long as,3823776
the other side,3808990
you have to,3771661
to go to,3758254
for a few,3736205
was about to,3731962
to look at,3721794
he had a,3710810
I think I,3710435
a few minutes,3702568
"no , I",3692788
out of her,3681305
was in the,3681152
of the room,3673268
I have a,3670101
to talk to,3667688
do you want,3647016
"yes , I",3644366
at the end,3606183
and she was,3577741
as much as,3555772
to have a,3494156
on the table,3493579
was not the,3484611
she would not,3483450
edge of the,3477361
but I 'm,3458723
had been a,3458541
he does not,3452023
there 's no,3441777
to be the,3433000
looked at the,3426204
more than a,3417367
can not be,3406639
it does not,3398823
"it , but",3391755
when he was,3390172
I had not,3363667
could not help,3355366
he would have,3350193
but it 's,3304777
over to the,3303815
you will not,3296147
in the air,3287992
but I do,3272886
of the house,3271718
it 's the,3268600
he looked at,3266001
"him , but",3260162
could not be,3251682
she was a,3238174
but there was,3224493
that I was,3224094
as far as,3219967
to see the,3208484
a deep breath,3205754
down to the,3174884
want to be,3161535
when I was,3146301
that 's the,3141195
down on the,3120801
the door and,3118610
want you to,3096529
I know you,3078003
was not sure,3075285
top of the,3061862
the front door,3050096
the two of,3040505
we can not,3032019
"said , and",3028462
and I was,3018015
there is no,3011416
but she was,3001279
for a long,3001263
one of those,3000086
would have to,2999281
get out of,2996879
for him to,2988144
went to the,2985700
not know how,2972187
and there was,2971434
he ' d,2970593
if he had,2968354
back of the,2950761
back into the,2948143
if he was,2947524
in order to,2943743
if you do,2942892
up and down,2929344
to make a,2926020
looked at her,2917869
must have been,2916306
all the time,2914263
on the ground,2896352
to see you,2882207
take care of,2881646
"me , I",2870420
a pair of,2868976
it 's just,2864576
did not think,2857415
all the way,2853307
on his face,2850657
if it was,2850633
you 're a,2848600
I am not,2827994
did not even,2827143
we need to,2822359
would be a,2817858
in the same,2815741
the old man,2812270
on top of,2807848
that 's not,2797331
"her , but",2793916
I 'm a,2791607
have to be,2788080
was not going,2781673
that 's all,2773943
for me to,2772168
him in the,2771383
that was the,2769728
middle of the,2757254
he was going,2756641
I love you,2756141
you need to,2748803
why do not,2746557
was one of,2746495
that had been,2746076
to the ground,2742178
there is a,2731642
up at the,2726890
"them , and",2725985
they do not,2725631
a bit of,2721672
it is a,2720300
up in the,2716725
go to the,2716386
you know what,2698155
to make sure,2682503
that he would,2678829
I want you,2676418
to the door,2665872
I would have,2660651
I told you,2644129
and I 'll,2642053
there was nothing,2637961
it would not,2633978
the one who,2631667
to tell you,2629691
we have to,2629629
do not worry,2629260
do you mean,2609694
that 's why,2607409
you 're going,2606899
I think you,2597659
had no idea,2595785
said with a,2589114
she had a,2585253
at the time,2575757
when she was,2574402
what to do,2561734
she ' d,2555304
in the room,2553181
I had a,2551941
going to do,2545370
looked at him,2544011
but he did,2542309
this is a,2540035
in love with,2538016
in the back,2534617
you have a,2534580
and I do,2530621
she looked at,2521246
she would have,2519931
that was not,2517062
to do it,2515681
it will be,2512289
been able to,2507931
did not seem,2501676
one of his,2495323
this is the,2492749
not seem to,2491488
the living room,2490760
looked up at,2490707
you 've got,2487657
the corner of,2487183
it 's all,2482365
in his eyes,2482148
way to the,2475951
you ' re,2474792
is going to,2473689
I thought you,2472969
I have no,2471542
that he could,2471368
that 's a,2457543
opened the door,2455332
he was in,2453134
go back to,2426568
how do you,2425827
for her to,2423616
he 's a,2423208
his head and,2421880
not have a,2421828
I 'd like,2420702
of the world,2417538
and then he,2409306
and he had,2406895
did not like,2400955
other side of,2393502
what he was,2392249
that they were,2387705
I think it,2386985
and it 's,2386756
out of my,2386392
is not it,2384184
"again , and",2382435
that would be,2376106
and in the,2370472
it was all,2369095
are you doing,2368167
the thought of,2366571
and I have,2364276
to find out,2362493
was trying to,2357246
down at the,2357082
I should have,2353068
look at the,2352843
he tried to,2352208
was on the,2351327
if you 're,2345399
might have been,2344445
this is not,2342118
at the door,2333704
they were not,2329993
a few days,2326382
it was just,2322257
could not have,2321529
what is it,2315171
to take a,2309343
he had no,2307993
she tried to,2300962
to get a,2300776
I was a,2297812
two of them,2297242
going to have,2295293
as if it,2291075
I 've never,2289197
out into the,2288788
she does not,2281901
he could see,2280985
to his feet,2280167
I tried to,2278522
some kind of,2270631
are you going,2268992
"up , and",2268374
what the hell,2261208
to see if,2258604
a man who,2253787
front of her,2251074
a piece of,2250214
and looked at,2250007
and did not,2246880
the bottom of,2244007
but I was,2241411
the man 's,2239652
I could see,2238399
but I can,2236252
was the only,2233343
if she was,2232726
of the day,2223951
to be in,2222279
as he was,2219405
he would be,2218141
did not say,2216225
this was the,2202961
I 'm so,2200791
I thought I,2199828
do not like,2193949
that there was,2191281
on the bed,2189498
have to do,2186825
he was the,2185709
that I had,2184316
let 's go,2181206
do not need,2178035
"me , but",2174309
you 'll be,2172547
do not be,2171506
do you have,2169499
front of him,2168951
you know that,2167995
it to the,2162203
to the floor,2159455
that ' s,2158602
into the room,2152686
back in the,2147537
and began to,2146150
that he 'd,2145355
supposed to be,2135975
want me to,2131853
the name of,2131433
if you want,2131270
and that 's,2131198
you are not,2131139
on the way,2131082
there was something,2130069
the last time,2124239
in the kitchen,2122634
to the other,2119590
he shook his,2118285
want to know,2117542
I ' ll,2115036
we 're going,2114626
I 'm just,2114258
in her eyes,2113691
out in the,2112454
to get the,2111545
back and forth,2108919
I 'm afraid,2102103
if she had,2100526
she was going,2095991
picked up the,2090702
a matter of,2089273
took a deep,2087780
the sight of,2085498
the way he,2085142
up on the,2078869
and I will,2076917
she shook her,2074630
what 's the,2072604
but he had,2072214
and tried to,2071962
could see the,2071217
it was only,2069913
of his own,2066967
to think about,2065553
for you to,2063818
but I did,2058596
in the dark,2054998
could not see,2054152
know how to,2048924
to get out,2048842
you would not,2047324
you 've been,2046272
I know that,2045243
to get to,2042302
in the first,2039421
not need to,2034320
on her face,2032929
the man who,2032161
have to go,2030503
did not you,2030308
to the side,2027892
"Oh , I",2027239
to tell me,2023685
he 's not,2022486
on to the,2020714
the only one,2019112
were going to,2018517
a chance to,2017385
of the way,2015873
you going to,2013027
the kind of,2011865
on the back,2011046
to think of,2004027
but she did,1998726
I was going,1996729
is not a,1996252
that did not,1996069
did not see,1995008
you have not,1992122
it in the,1988617
"him , he",1987523
it was as,1984404
to talk about,1979849
we did not,1974973
thank you for,1971581
stared at the,1969985
gave him a,1968784
I had no,1963131
to see her,1962966
in spite of,1961471
"you , and",1959759
I have been,1955979
there was not,1955753
the idea of,1955149
the next day,1954995
in the house,1948051
if I had,1941498
I can see,1940047
of all the,1939955
and I had,1939769
she had no,1938538
know what to,1938327
and she had,1937930
do not understand,1937833
in the end,1933416
wanted to be,1933290
out of here,1926882
of the other,1923585
and that was,1920776
as it was,1917765
did not look,1916614
did not mean,1911422
it was like,1909231
the front of,1908884
it would have,1906601
in his arms,1905615
was the first,1903163
at each other,1897722
a part of,1895373
that she could,1892338
was able to,1892260
the way to,1889216
it was an,1887823
and I can,1886149
and the other,1885017
at the moment,1883915
out on the,1883549
if they were,1880345
in his hand,1878132
he turned to,1877437
who had been,1877327
he took a,1874665
want to go,1873083
did not care,1871706
the only thing,1871368
have been a,1868856
looked down at,1862795
her in the,1860782
not have been,1856484
let out a,1855507
did not need,1855314
to have to,1851372
no matter how,1851168
to take the,1846300
and all the,1846257
going to get,1845440
what had happened,1843527
all of the,1843212
do not get,1841649
I was in,1841399
by the way,1838352
to make it,1834920
you 're right,1834602
against the wall,1827032
I 'll have,1826406
went back to,1825369
in a few,1824328
they had been,1823319
him to the,1823079
I ' d,1821059
there had been,1818638
in the past,1817226
"you , I",1814080
not to be,1813327
I told him,1813296
to deal with,1810068
she could see,1804537
and then I,1800400
sat on the,1796565
out to the,1794652
there would be,1793677
that she would,1791267
it was too,1790371
her to the,1786282
she was in,1785785
corner of the,1783549
it will not,1782582
know what I,1779943
of the night,1777225
are going to,1772240
to see him,1769770
that she 'd,1769431
what did you,1767435
was a good,1764488
what kind of,1762020
as if they,1761284
not at all,1759954
the young man,1758491
with a smile,1758468
back to her,1757568
at the top,1755839
of the car,1752915
I hope you,1750300
all of them,1749775
returned to the,1749034
I 'm glad,1748972
gave her a,1748916
was a little,1744796
think it 's,1744499
should not have,1744194
up from the,1742800
the door to,1741225
if he were,1740884
you think I,1738337
and then the,1736398
to make the,1736262
the center of,1735425
up at him,1734174
that was a,1734017
she would be,1733752
it 's been,1731966
"her , she",1729300
it on the,1729128
because of the,1728316
it might be,1727160
next to the,1726943
he 'd never,1723799
this was a,1721514
not help but,1720714
this was not,1719637
I think we,1716335
he was still,1711695
had come to,1711248
we 've got,1709598
"no , no",1709254
"now , and",1707941
her head and,1704267
how did you,1702374
that I 'm,1701377
said in a,1701130
and I could,1700655
for a second,1699842
are not you,1699332
to find a,1697155
she 'd never,1695184
looked at me,1695067
close to the,1694870
"time , and",1694741
why are you,1690661
and do not,1688386
seemed to have,1688358
not know if,1686834
I can do,1681986
what she was,1680083
I ' ve,1679816
in one of,1679014
away from her,1676446
what 's going,1672792
do not care,1670912
could have been,1669873
a way to,1668582
you want me,1664680
I was just,1663855
her eyes and,1662573
but that was,1661131
not be able,1658556
if it were,1657673
want to see,1657352
but did not,1654985
in a way,1654685
"it , I",1652349
but he could,1649134
as if the,1648044
to go back,1646657
he needed to,1646266
to see what,1644940
why do you,1643545
I had been,1638511
but she had,1638351
the other hand,1630180
was to be,1629483
but I could,1629370
the table and,1627653
"you , but",1627295
him on the,1626643
there were no,1626281
would be the,1622213
it seemed to,1622183
he knew that,1621902
if he 'd,1620102
with all the,1619345
and they were,1618330
do not even,1617241
I know it,1616393
to the house,1614470
you 're the,1613797
I should not,1613318
as she was,1612732
not in the,1610849
he ' s,1610484
to do that,1608735
would like to,1606330
was in a,1605043
not have the,1604881
she took a,1603878
me in the,1602340
as he had,1599029
on the edge,1598653
closed her eyes,1597927
and then she,1597315
can not believe,1597253
had to do,1597165
do not believe,1596666
was supposed to,1593658
it is the,1591036
what it was,1590648
when they were,1590272
"out , and",1588091
it must be,1587093
a few moments,1584438
that I could,1584106
nothing to do,1582044
they could not,1581905
but I have,1581817
"eyes , and",1579291
one of her,1577687
at the back,1577397
back of his,1574010
I 'd be,1572844
was going on,1571860
any of the,1569564
a great deal,1566429
the head of,1564371
not think I,1562536
if it 's,1561948
tell me what,1560966
that I have,1559841
all over the,1558803
some sort of,1557998
back on the,1556611
her mother 's,1555513
it was time,1555174
in the way,1553107
did not get,1552243
on the door,1551808
the next morning,1550261
need to be,1549214
but she could,1548548
when he had,1547875
and out of,1547856
are you sure,1545636
I went to,1545016
to tell him,1540219
a kind of,1539923
his eyes and,1539814
should have been,1536660
the direction of,1536185
of course I,1535047
I 'd been,1534767
of a man,1534739
the same thing,1534337
the way she,1534116
he began to,1533037
away from him,1530588
looking at the,1529776
if he could,1529113
I 'll take,1528740
both of them,1526573
at a time,1525870
to know that,1525668
over his shoulder,1524599
is not the,1522945
appeared to be,1521838
trying to get,1521837
do not see,1521794
at that moment,1518517
why did not,1517587
to know what,1517203
back to his,1516241
do not mind,1513069
to keep the,1513058
to the front,1510902
to say that,1510097
he can not,1509434
was the one,1507925
what you 're,1507587
would you like,1504477
to her feet,1503278
in the distance,1502455
had been the,1501926
into the kitchen,1500685
and when he,1499917
you think you,1499647
a number of,1497366
"well , you",1494994
what happened to,1494017
to each other,1491415
over and over,1489045
get back to,1489034
should not be,1486806
it 's like,1485027
I 'll get,1484427
but it is,1484225
she needed to,1483426
and took a,1482520
in such a,1481926
came to the,1481867
a sort of,1480052
the United States,1480052
to find the,1479485
looked like a,1478848
thought it was,1478755
she was the,1478275
"hand , and",1478151
you are a,1474583
at the table,1473700
only a few,1472353
he 'd be,1470862
the room and,1469475
in the direction,1468853
he had never,1468424
said as he,1468347
no matter what,1467637
know what you,1467610
we have a,1466662
for the rest,1465203
a little more,1462578
"yeah , I",1462172
more and more,1460458
you will be,1460409
out of it,1460362
it could be,1459111
of the bed,1459091
he will not,1456411
if you can,1455373
not have any,1454711
to have been,1454158
we 'll be,1453649
she turned to,1453338
I tell you,1450012
and he 'd,1447201
as if to,1445816
what I 'm,1444820
and you 're,1444510
I know what,1444225
of the most,1443778
if he did,1443655
but that 's,1442955
his father 's,1440307
as if I,1440040
of her own,1437816
one of my,1437098
Table of Contents,1436578
it had not,1431846
they were all,1431828
he saw the,1431203
to worry about,1430591
out of a,1430518
to tell her,1430468
in and out,1428974
they would not,1428456
I could have,1428333
when he 'd,1426782
I guess I,1426213
turned back to,1423528
to do so,1422976
to be able,1422957
bottom of the,1422504
for the next,1422338
a few seconds,1420553
"now , I",1420381
we 're not,1419918
there 's nothing,1418297
that I am,1417881
can not do,1415579
I looked at,1415092
the face of,1412674
that you are,1412402
need to get,1411902
as he could,1410818
as though he,1408518
she looked up,1407914
and I am,1406157
"well , it",1403165
what he had,1402944
I 'll go,1401908
and went to,1401242
did not feel,1399751
"back , and",1397161
he is not,1396877
the two men,1396274
he told me,1395017
and I did,1394760
a sense of,1393654
think about it,1392920
out the window,1392430
to come to,1391691
knew it was,1391516
want to do,1391457
back at the,1390792
had never been,1388935
the bed and,1388723
to try to,1388179
if she were,1386263
that does not,1386084
to the kitchen,1385991
not say anything,1385943
not even know,1385622
of the men,1384710
what 's wrong,1384513
half an hour,1378530
he seemed to,1376464
had been in,1376083
I think he,1376057
she was still,1375923
in the corner,1373586
give me a,1373553
which he had,1372821
the first place,1371960
in the face,1371375
there was an,1369225
could not get,1368481
him with a,1368058
you 'll have,1366710
in my life,1364639
up with a,1363779
I 'm here,1360914
it was so,1356864
his eyes were,1356854
closed his eyes,1355167
in the car,1353478
told me that,1351172
or at least,1350063
across the room,1347493
she 's a,1346671
that it would,1345740
walked over to,1345668
he must have,1344700
was no longer,1340850
he could have,1340358
"there , and",1339054
the same way,1338791
I 'll tell,1337839
he told her,1337736
of the two,1337725
"them , but",1337460
"door , and",1335447
you know how,1333271
let 's get,1332037
down at her,1330772
could not believe,1329541
you tell me,1329059
you were not,1327980
the smell of,1326541
of the city,1326145
and he 's,1325774
on the wall,1324868
that 's right,1324160
of one of,1322670
used to be,1322018
I know I,1321602
her father 's,1321207
how are you,1321044
was beginning to,1319681
them in the,1316222
if she 'd,1314779
up in a,1314371
a cup of,1314135
"room , and",1313984
he had the,1313553
the door of,1312205
to him and,1311490
walked to the,1310227
"no , it",1310112
was just a,1309701
and he could,1308743
of my life,1308595
at the bottom,1307264
because he was,1306109
of his life,1306082
she 's not,1305639
to the right,1305130
where he was,1303392
a few more,1303269
back of her,1302406
might as well,1301747
was not in,1301003
I thought it,1300922
that they had,1300337
when he saw,1300138
but they were,1300031
he was so,1298794
were in the,1298159
she knew that,1297130
they had not,1294615
her on the,1292899
if I could,1292767
she had never,1290819
down the hall,1288158
to keep her,1286226
why did you,1285892
you and I,1285028
up the stairs,1282188
but I think,1281236
the last thing,1280882
I think that,1280450
"well , that",1280334
next to her,1279903
have no idea,1279712
stared at him,1278253
where are you,1277784
that he did,1276115
the last of,1275199
down in the,1275138
closed the door,1274891
after a few,1274698
to one of,1274340
you know I,1272773
of the time,1272765
in his mind,1272433
if there was,1271874
as I was,1271610
did not take,1269836
open the door,1269751
when she 'd,1269032
out the door,1268581
sitting on the,1268461
not know why,1266944
I wish I,1266460
and he did,1266382
before he could,1266140
and she could,1265265
I 'll see,1265032
did not answer,1262072
to get back,1260146
I used to,1259699
it 'll be,1258778
and if you,1258199
if I can,1257971
in his voice,1257153
when it was,1256966
in the doorway,1256610
I am a,1256487
on the road,1255197
and it is,1254720
to see that,1254258
"head , and",1254027
is not that,1253478
you could not,1252191
out to be,1252160
look at him,1252000
to pick up,1250562
had not seen,1247991
look at her,1247831
went into the,1245559
he looked up,1245055
for a minute,1243829
a group of,1243778
over her shoulder,1243635
"face , and",1243030
be in the,1242872
she 'd be,1242354
when you 're,1241209
come to the,1240312
think I 'm,1239288
to figure out,1238803
the night before,1238794
that it is,1238493
door of the,1238173
he might have,1237918
and she 'd,1236950
I told her,1236596
down the stairs,1235855
we 'll have,1235805
have to get,1235008
gave me a,1234461
to speak to,1233845
glanced at the,1233017
wanted to know,1232376
and a half,1232284
I 've seen,1231276
a few hours,1230543
I will be,1227824
to do this,1225362
do not let,1223759
the house and,1223336
and into the,1222470
"that , but",1221375
that is not,1221157
if I was,1219426
stared at her,1219135
was as if,1218190
he went to,1218099
was out of,1217986
if it had,1216919
him as he,1216145
I 'd have,1212464
and I know,1212451
to do something,1211829
that I would,1210518
some of them,1207861
did not understand,1207241
talk to you,1207032
if you were,1205682
no one else,1204265
on the side,1203878
stood in the,1203072
she was so,1202664
if I were,1202615
I 'm the,1202371
to do the,1202262
no idea what,1201643
that you 're,1201581
she told him,1201198
can not help,1200768
the only way,1200519
"here , and",1199946
it was his,1199629
for some reason,1199398
a little bit,1199273
seem to be,1199260
his hand and,1199193
I knew that,1199147
I 'd never,1199123
no more than,1198833
up to her,1197295
that this was,1196510
before she could,1196038
get to the,1195156
what I was,1195124
he said to,1194921
I would be,1194113
knew he was,1193546
me to the,1192730
that I can,1192575
to the back,1192569
was at the,1190748
did not make,1189498
so he could,1189073
the point of,1187733
a bunch of,1187673
"away , and",1186901
please do not,1184776
that kind of,1183760
of the old,1182672
want to talk,1181883
there was the,1180684
they had to,1180546
into the house,1180368
"it , he",1178958
does not matter,1178154
was more than,1178070
turned to the,1175441
"down , and",1175426
to be with,1175420
come up with,1175113
of them were,1174221
"day , and",1173643
felt as if,1173157
they 'd been,1171982
I can tell,1171918
I am sure,1170263
she began to,1168859
and sat down,1168803
to leave the,1168239
I needed to,1167571
a glass of,1166989
"and , as",1164766
her hand and,1163533
to the point,1162120
in his hands,1161612
a man of,1160898
to get her,1158085
in his own,1157716
the size of,1157538
stood up and,1157305
he 's been,1157021
because it was,1156956
if you are,1155952
and at the,1155529
walked into the,1155086
if she could,1154060
what was going,1154015
on the couch,1153611
a series of,1153219
it 's time,1153210
but if you,1151828
his voice was,1151807
I 'm in,1151365
now and then,1150805
as they were,1150682
to return to,1150419
got out of,1150376
and turned to,1149998
for the last,1148508
"yes , but",1147543
there will be,1147502
center of the,1146563
"it , the",1144759
around the room,1144320
can not see,1144278
I 'm fine,1144077
will have to,1143972
all of us,1143270
not do it,1143015
I was so,1142063
look at me,1141083
just do not,1140326
it 's okay,1139762
not know that,1138543
to one side,1137234
not tell me,1136524
on the phone,1136377
there ' s,1135673
like he was,1134938
in his life,1134915
the door behind,1134729
it was in,1134626
her arms around,1134332
the man was,1133399
out of this,1132883
on his way,1132374
two or three,1131958
and down the,1130695
to the window,1130668
"said , his",1130374
of his head,1130304
and when I,1129699
the three of,1129275
of the man,1127281
to be done,1127070
it was that,1126689
did not come,1126425
you and your,1126397
did you know,1125360
have not been,1124943
the other end,1123541
they would be,1123056
to the left,1123056
staring at the,1122909
many of the,1121711
it to be,1121499
he had seen,1121463
out of sight,1121370
does not know,1121316
I 've had,1120537
part of her,1120220
he 'd had,1120090
man in the,1119613
to make her,1118342
want to get,1118271
he knew he,1117319
if I 'm,1116350
next to him,1115694
he said he,1115093
was no way,1114316
a good idea,1113790
going to take,1112919
let go of,1112596
think you 're,1112170
front of me,1112129
a hand on,1111889
through the door,1111664
to see me,1111367
to go on,1110944
for them to,1110905
he 'd have,1109414
but he 's,1109246
they were in,1108307
the parking lot,1108253
in New York,1107975
had always been,1107700
not want you,1106236
standing in the,1106165
her eyes were,1105843
not mean to,1104212
maybe it was,1103463
"know , I",1103356
wanted to see,1103247
it was hard,1103135
so that he,1102003
each other 's,1100250
what to say,1099425
her with a,1098515
need to know,1098158
but do not,1097654
if I do,1097573
them to the,1097552
that you have,1097431
into the air,1096610
sat in the,1096357
"her , he",1096118
to me that,1095870
to take care,1095760
what he 'd,1094784
to her and,1094491
his face was,1093793
as she could,1093486
have you been,1093120
was only a,1092997
his arms and,1092287
but in the,1091873
he is a,1090708
a bottle of,1090484
she 'd had,1089618
in the darkness,1089155
was like a,1089120
took a step,1088776
it 's too,1088718
did not matter,1088706
the room was,1088269
I saw the,1086629
I 'll do,1086573
of the building,1086005
did not do,1084825
at him and,1084543
get rid of,1084507
"house , and",1083405
first time in,1083238
in her life,1083020
back in his,1082756
and I 've,1082675
and that he,1081187
if that 's,1081087
when she had,1080797
we will not,1080610
not you think,1080332
if you have,1079466
at this point,1078767
I should be,1078118
at the thought,1077825
but I am,1077676
it 's my,1076255
between the two,1075148
soon as I,1074377
in his chair,1074048
to be sure,1074001
and I would,1073952
came out of,1073268
of her life,1072965
the best of,1071438
his hand on,1071151
be a good,1070723
it was to,1070289
in the city,1069623
as she had,1069097
they would have,1069037
could hear the,1068927
of them had,1068459
soon as he,1067752
we 've been,1066906
they will not,1066551
you in the,1065560
no need to,1064135
and I think,1064120
has to be,1063157
to take her,1063064
that 's it,1063009
her as she,1062991
"Yes , sir",1061649
in the last,1061277
"life , and",1060940
out at the,1060850
on either side,1060648
he was about,1059931
do with the,1059794
there is not,1059280
but he 'd,1058043
"in , and",1057521
just a little,1057218
in her hand,1057203
wanted to do,1057062
for some time,1056553
got up and,1056373
not think so,1056103
him out of,1056065
it was her,1055940
going to make,1054457
and she did,1054205
it came to,1053944
if she did,1053453
even if it,1053232
could feel the,1052617
not be a,1052217
and with a,1051245
I took a,1051080
she ' s,1050647
going to the,1050552
of the same,1050292
who did not,1050147
into his arms,1048713
"him , the",1048290
a look of,1048148
I would like,1047959
no sign of,1047271
cleared his throat,1047259
of her head,1047205
and he would,1046175
"night , and",1045695
long enough to,1044000
but it did,1043878
one of these,1043513
up with the,1043267
does not have,1042566
the car and,1042103
and you can,1041840
here and there,1041633
he 'll be,1041535
the floor and,1041503
of the people,1040958
headed for the,1040312
the whole thing,1038427
to have the,1038054
it could not,1035731
can not get,1034713
back against the,1034619
been in the,1033495
could not tell,1033003
to meet you,1032932
of the road,1031832
"time , but",1030475
had been so,1030458
in the next,1030446
it was still,1030048
was the last,1029559
did you get,1029085
to me and,1028926
along with the,1028613
and no one,1027608
he stared at,1027608
looking at her,1027447
but I had,1026076
was not so,1025405
a man 's,1025382
if I did,1024994
with the other,1024879
the same as,1024727
needed to be,1024664
hand on the,1024409
"us , and",1023917
sound of the,1020798
we have not,1020669
it to me,1020339
because she was,1019319
"man , and",1018833
it to her,1018421
of the door,1018192
she knew she,1018039
"that , and",1017430
the back door,1016404
he 's got,1016267
her out of,1015958
to see a,1015752
much of a,1015553
all of this,1014870
not like the,1014230
in her mind,1014047
in the mirror,1013929
you can do,1013328
his hands on,1012004
in the center,1011771
said as she,1011585
and I were,1011380
thought he was,1011190
is one of,1011170
head of the,1010625
it 's only,1010427
as though she,1009189
of his mouth,1009175
what she had,1008912
you 'd be,1008517
you must be,1008454
"again , but",1008003
she could feel,1007073
direction of the,1006979
not do that,1006746
to get away,1006726
did not tell,1006082
over the years,1005436
came to a,1004350
he came to,1004211
my father 's,1004159
and a few,1003588
after a moment,1003422
that she did,1003192
this is my,1002332
and on the,1001965
but you 're,1001475
and there 's,1001127
a few years,1000074
I am going,999886
and stared at,999731
man who had,999493
way through the,999228
his head to,998976
when she saw,998844
and we 'll,998607
what 's that,998088
which had been,997876
do not tell,997843
of the first,997469
to the table,996922
but I 've,995761
his way to,995736
his head in,994599
the tip of,994049
to give him,993617
and when she,993547
that 's how,993266
as he did,993173
the beginning of,993007
had nothing to,993006
he took the,992900
not to mention,992064
"no , you",992033
as I could,991821
can not tell,991348
when we were,990863
it 's going,990806
to think that,990334
to come back,990144
"time , I",989850
she stared at,989691
it may be,988891
down into the,988765
members of the,988351
not know where,987677
the presence of,987618
him to be,987162
she saw the,986800
did not really,986441
on one of,986419
to do was,985694
we ' re,985421
was not that,984951
in the other,984660
out of bed,984599
waiting for the,984227
such a thing,984152
that it 's,984060
three of them,983226
it must have,982979
the power of,982875
door to the,982474
just wanted to,982462
"now , but",980948
as fast as,980791
they can not,980266
he opened the,980241
in the water,979486
do not do,979228
I knew it,979038
the time of,977827
view of the,977180
of the water,977170
had to get,975998
in her voice,975703
where she was,975607
hand on his,975149
a moment to,974879
but there 's,974116
to believe that,973264
I knew I,973154
he glanced at,973028
even if he,972972
you to be,972735
I could do,972492
the time I,972040
the dining room,971922
the way you,971405
of course not,971148
she could have,970998
was time to,970308
her back to,969849
come back to,969763
he kissed her,969486
at this time,969178
do not go,968895
I need you,968182
he picked up,967724
the death of,967524
none of the,967138
can not you,966997
could see that,966507
tell you that,966395
"that , I",965621
when it came,965197
had not even,964968
nothing more than,964621
that was all,964371
so she could,962943
the foot of,962694
it can not,962533
the time to,962388
as it is,962081
will be a,962074
there 's something,962043
according to the,961882
a few of,961362
he was doing,961297
you like to,961292
there in the,960725
if they had,960672
had never seen,960455
pointed to the,959914
"him , she",959147
does not want,959137
closer to the,959085
a few weeks,958937
in the meantime,958778
to go home,958538
so much as,957834
"said , as",957742
even though he,957723
a little while,957527
of the table,957243
arrived at the,957127
for the night,957113
and for a,957024
to say something,956980
the time he,956820
back from the,956775
the way I,956477
and for the,956354
not think it,955972
give you a,955964
in time to,954810
he put his,954254
it was almost,954244
at him with,954237
the window and,954204
just a few,952510
she went to,952057
the woman 's,951682
the midst of,950703
will not have,950448
"her , his",950040
and I are,949926
seems to be,949818
they are not,949157
in the front,948766
though it was,948369
what you want,948224
the hands of,947871
told him that,947306
as he walked,946949
to be an,946483
he was just,946227
out from the,945914
was ready to,945519
you have no,945100
top of her,944613
to be seen,944369
that you were,944165
that I 'd,944146
and I 'd,943964
what it is,942872
down from the,941780
and could not,941433
she can not,941372
was looking at,941340
and there were,940995
not sure what,940772
it out of,940190
not believe it,939629
deep breath and,938936
reached for the,936981
to go out,936010
to the next,935417
the urge to,935137
it had to,934962
so I can,934955
he should have,934726
he could do,934553
he heard the,933989
shook my head,933394
his mother 's,932246
know that I,932235
more than that,932184
it was my,931560
knew she was,931179
he wants to,930864
looked at his,930328
a young man,930280
thought of the,930086
would not let,929690
if he 's,928931
sight of the,928743
it into the,928614
to be so,928509
not think of,928081
on the sofa,927767
he 'd seen,927747
down the street,927394
at the front,927345
did not move,926710
you have been,926213
tell me about,925354
was the same,925305
I 've ever,925262
none of them,925039
when I 'm,924848
as I can,924227
but I 'll,924136
"on , and",924076
was a very,923380
a few times,923137
a good thing,922876
have been the,922683
what they were,922665
one by one,922271
we are not,922060
what she 'd,922045
going to happen,921264
I 'm still,921252
that no one,921069
at the other,920294
I was thinking,920157
to give her,919892
picked up a,919817
"too , and",919615
so that the,919060
"no , not",918725
again and again,918614
for the moment,917893
him in a,916874
the last few,916779
member of the,916345
for us to,916323
I was the,915702
something to do,915101
come with me,914833
is in the,914571
was the most,913470
to the top,913450
at this moment,913343
that is the,912495
"it , she",911566
she had the,911251
had to go,911142
was not as,910702
the ground and,910550
to do anything,910537
at the sight,910072
"you , you",909982
me and I,909768
of my own,909613
a look at,908657
the way of,908531
thought you were,908399
and the others,908221
off to the,908005
it looked like,907950
is to be,907915
a handful of,907485
the base of,907153
in the midst,906869
was a man,906828
ought to be,906557
in all the,905987
from the other,905963
on his own,905470
it was no,904052
in the evening,903739
most of them,903521
after a while,903268
either side of,902940
left the room,902803
not think you,902673
she told me,901997
to help her,901644
said it was,900854
in my mind,900773
it looks like,900331
not the only,900266
to listen to,899760
of the family,899307
that I did,899146
she might have,899061
he 's going,899034
"Oh , yes",898631
men and women,898254
and this is,898135
you should not,897833
in a low,897407
but she 'd,897114
the light of,896874
a hint of,896860
to see it,896824
of his hand,896505
was a long,896177
not worry about,895356
it was one,895319
they reached the,895107
to say to,895072
they were going,894796
to be on,894348
time to time,893635
with the same,893518
for so long,893045
I think she,892522
might be a,892429
the weight of,892234
the memory of,892214
she 'd have,892008
while he was,891688
so it was,891148
was not even,891135
could not stop,891000
here in the,890961
not that I,890818
from time to,890778
you 're in,890159
looked as if,890003
did not go,889930
the course of,889923
the kitchen and,889614
the door open,889182
have not seen,888953
going to tell,888337
might not be,888283
pulled out a,888272
to the hospital,887422
the length of,887129
to the end,887054
he was on,887049
if you had,887043
if you 'd,886726
side of his,886655
the sort of,886242
stepped into the,886164
that they would,885576
made his way,885249
for all the,884863
bit of a,884676
and if I,884116
he thought he,884092
me on the,883844
what about the,883831
who are you,883435
if I 'd,883080
the eyes of,883019
as good as,882676
shaking his head,882379
you should have,882086
it has been,881560
know you 're,881498
for a little,879734
fact that he,879427
tell you what,878839
I have never,878413
he gave her,878192
not tell you,878120
was hard to,877950
a moment later,877864
him for a,876994
her into the,876688
you are the,876267
it 's so,875768
there was only,875572
soon as the,875125
be all right,874901
I might have,874584
I 've heard,874232
was too late,874053
she must have,873924
sitting in the,873828
the first to,872751
to see how,872691
not like it,872360
far as I,871259
let me know,871136
around his neck,871028
me to do,870541
and I want,870399
the door opened,869601
you can see,869579
at that time,869560
I just want,869445
hand on her,868470
did not believe,868329
the other two,868255
do not say,867788
the chance to,867731
the right thing,867665
looking for a,867593
and in a,867509
and the two,867178
and kissed her,867137
away from me,867075
"said , her",866860
he could be,866578
the heart of,866512
was full of,866501
but could not,866387
it should be,866212
something like that,866186
a woman who,865806
they 're not,865481
in the hall,865179
he was looking,865070
he made a,864681
at her and,864579
she is not,864053
his face and,863711
sat down on,863652
and started to,863473
tried not to,863095
the girl 's,863086
what was happening,862666
in my head,862316
looked back at,862032
he turned and,861565
to take it,861012
to get up,860875
but I know,860722
was filled with,860260
one or two,860240
that he is,860074
as he looked,859832
do not look,859820
I had the,859580
and he knew,859480
she opened her,859447
does not mean,859438
the day before,859260
and you will,859022
"Oh , no",858433
the one that,858204
not wait to,858085
he has not,857582
way back to,857402
she closed her,856465
even though she,855932
the sun was,855903
his hands and,855472
to get it,855188
return to the,854991
aware of the,854943
he has a,854331
"her , the",853283
you know it,852859
are we going,852729
can not say,852682
all the same,852660
a lot more,852634
attention to the,851509
thought about it,851151
"Yes , it",851042
at me and,850810
I 'll give,850704
to let him,850105
you know the,849698
them on the,849649
at the very,849575
and she 's,849296
a glimpse of,849237
of their own,848982
people in the,848700
to help you,848618
she will not,848600
and the rest,848345
was not there,848239
could not do,848072
one of us,847756
how can you,847170
felt like a,846693
I began to,846454
both of us,846441
looking forward to,846247
but at least,845861
"know , but",845722
know it 's,845562
the first thing,844930
I feel like,844899
I could tell,844884
"time , he",844877
"no , he",844541
my name is,844290
thing to do,843489
on the front,842892
he 's the,842678
I could feel,842477
in his head,842036
me out of,841307
I wonder if,841209
and that the,840748
my mother 's,840721
he said with,840708
and you know,840547
even though I,840406
and if he,840368
to a stop,840118
more or less,839875
her face and,839617
"up , but",839528
and one of,839476
this is what,839377
I came to,839200
have time to,839027
more than one,838983
across the street,838786
if it is,838785
the number of,838580
to be here,838456
two of the,838445
to let her,837191
no one was,836790
she seemed to,835987
on her own,835889
"him , her",835038
I shook my,834968
"well , he",833803
his hand to,833744
a few months,833712
talk to me,833532
find a way,833475
her and she,833319
toward the door,833201
that I do,833090
can not go,833049
"way , and",832597
to look for,831884
came back to,831350
had time to,830277
I can get,829847
there is nothing,829464
he would never,829187
"before , and",829102
in the afternoon,828877
asked me to,828478
could not even,828398
there were a,827806
up to his,827672
would be able,827330
not have time,826988
and it would,826836
of the window,825729
what is the,825589
in the night,824769
"him , I",824463
how could she,824066
up into the,823913
told her that,823739
side of her,822888
have to say,822390
he took her,822062
able to get,821681
because I 'm,821387
you 're doing,820886
and by the,820222
to help me,819967
her in a,819754
the man in,819165
on his back,819002
I 'll make,818782
am going to,818744
she felt the,818680
to give you,818636
not know about,818341
though he was,818160
"was , and",818005
and she would,817977
got to the,817587
trying not to,817254
he thought of,816880
would never have,816196
that he 's,816112
the boy 's,816094
but it would,816054
the opportunity to,815777
him and he,815009
it as a,814716
to give up,814377
trying to make,814244
him into the,813980
not do anything,813806
being able to,813764
not so much,813499
him at the,811948
she 'd seen,811855
just in case,811850
think it was,811764
just have to,811487
have a good,811457
we had a,811245
of the great,811217
had gone to,810593
but I will,810462
talk to him,810440
no one would,809091
as you can,808722
like she was,808294
me with a,808280
"said , looking",808248
in a long,808114
they had a,807712
had begun to,807638
it felt like,807064
not think he,806955
to go with,806791
were on the,806712
we had to,806029
in her throat,805549
that he might,805393
and his wife,805013
so that she,804891
me to be,804888
will not let,804837
her hand on,804795
his arms around,804155
not one of,803763
even in the,803683
want to hear,803368
it was more,803284
how could he,803283
the scent of,803204
I could hear,803187
to the bed,802652
she heard the,802609
looking at him,802577
not see the,802376
you 'd better,801901
and pulled out,801885
her voice was,801165
except for the,800979
she glanced at,800933
that was what,800933
I heard the,800571
on the top,800169
was waiting for,799549
to be there,799510
across the table,799436
wanted to go,799378
that would have,799171
you have any,798796
he raised his,798768
that seemed to,798452
has not been,798434
do the same,798042
the centre of,797810
turned to look,797477
into the water,797457
look like a,797331
as to the,797225
talk about it,797065
not look at,796778
not know the,796736
out his hand,796595
of what he,796130
the story of,795604
just as he,795340
light of the,795263
need you to,795228
while I was,794510
you would have,794011
any of them,793794
at the edge,793705
with one hand,793435
all at once,793111
to keep his,792856
and then we,792499
could not find,792476
give him a,792203
in the sky,791713
I decided to,791343
he knew it,790356
one in the,789987
back to my,789964
on the right,789386
her head to,788818
on the first,788169
with a little,788117
that I should,788064
much as I,787063
a hand to,786785
well as the,786702
now that I,786667
her hands on,786515
that could be,786186
and I knew,786177
we can do,785778
what I mean,785733
the old woman,785726
think of it,785494
not think that,785459
but no one,785353
in search of,785277
do not make,784677
all sorts of,784494
they ' d,784029
we could not,783975
I 'll call,783954
to keep it,783953
"off , and",783903
he could feel,783663
because I was,783295
that 's where,783245
an eye on,782929
sort of thing,782752
the people who,782621
need to talk,782093
me when I,782011
what was the,781914
not sure if,781855
may have been,781689
"away , but",781647
on the street,781503
and his eyes,781190
I have the,781140
no one had,780826
for the past,780739
but he knew,780704
reached out and,780562
way out of,780494
at least a,780151
but when he,778916
she gave him,778660
"and , in",778342
came from the,778253
as he spoke,778056
that it had,777449
when he came,777147
up at her,776800
out of their,776743
when I got,776531
of a sudden,776452
and picked up,776365
a man in,776349
on one side,776343
but this was,776325
a way that,775970
thought I was,775885
turned to face,774937
turned out to,774786
how can I,774657
thought I 'd,774464
he had done,774106
in her hands,773930
wanted to get,773847
it in his,773769
hands on her,773709
and when the,773621
would not want,773374
if you will,772626
there are no,772348
did you do,772339
to the edge,772097
was a small,771726
in charge of,770733
do not mean,770683
her to be,770594
cup of coffee,770376
do not remember,770168
"however , the",770007
she said to,769945
was starting to,769936
you should be,769882
find out what,769867
was looking for,769570
the little girl,769436
at any rate,769250
know what it,769226
she opened the,769147
it for a,768849
a lot to,768578
in any way,768309
"one , and",767961
they were both,767789
in her own,767149
a good deal,766711
I 'd rather,766052
with one of,765736
in which he,765671
he felt the,765059
on my way,765039
the house was,764804
I really do,764522
arm around her,764424
to make him,764290
she had seen,763699
in the woods,763672
that 's when,763497
he was right,763370
when I saw,763192
in the future,762967
his feet and,762915
in which the,762458
in a moment,762114
I had never,762032
was not much,761907
part of this,761840
the way it,761779
it was very,761768
to do is,761425
just want to,761285
have to tell,761141
and opened the,761088
"out , but",761008
I try to,760956
around the corner,760812
he sat down,760793
you had to,760512
the loss of,760340
can not wait,760196
more than I,759870
but it had,759680
all of a,759584
at her with,759121
it with a,758901
you ' ve,758573
through the air,758123
you told me,758114
in the eye,757981
if there 's,757941
he and his,757536
going to say,757535
it was impossible,757304
her for a,757199
did not hear,756742
she could do,756715
lying on the,756402
be on the,756157
of the country,756112
her face was,755568
she picked up,755403
like it was,755321
it in a,755111
I 'm trying,755082
she 's been,755023
rolled her eyes,754989
not about to,754671
and she knew,754308
part of his,754030
and as he,753675
I said to,753612
not been able,753293
he could hear,753217
what 's your,752775
to ask you,752544
and to the,752456
she put her,752456
looked over at,752304
on the counter,751565
now that he,751388
for the sake,750808
she knew it,749689
front of his,749436
in his pocket,749391
the sake of,749298
did not stop,748911
arms around her,748866
a picture of,748862
he was too,748480
could not remember,748352
in the living,748122
did not expect,748035
you could have,747787
a good time,747618
back to me,747533
so far as,747301
you doing here,747083
the door was,747037
I am sorry,747033
on his shoulder,746520
it would take,746381
can not have,746365
stood at the,746240
get away from,745902
to wait for,745703
him from the,745240
to try and,745208
"home , and",745045
he started to,744845
for the door,744774
to his own,744672
before I could,744627
and put it,744617
just as the,744401
I am so,744332
are you okay,743823
that of the,743801
with each other,743651
then there was,743569
as she walked,743523
"you , my",743409
that there is,742664
where he had,742663
in the country,742543
"well , we",742375
was in his,742301
you talking about,742100
need to go,741983
but I 'd,741376
to help him,741120
"that , he",740859
and that is,740817
alone in the,740796
she was about,740795
you have the,740786
"no , but",740680
whether or not,740034
in a small,739898
now it was,739893
have to wait,739622
on my own,739320
had tried to,739278
"there , but",738939
ready to go,738851
did not give,738733
said to the,738544
that you can,738488
but this is,738441
had a chance,738372
so that I,738280
to him that,738256
for the day,737654
the time she,737465
man with a,736950
to use the,736041
and now I,736029
he opened his,735939
enough to make,735661
to find her,735084
then I 'll,734913
the use of,734891
I was still,734802
"so , I",734722
and you 'll,734696
great deal of,734556
"hands , and",734534
more than the,734271
the next few,734231
to open the,733850
thought she was,733148
to go and,733118
just did not,733007
to the man,732929
he used to,732902
her from the,732699
soon as she,732162
to give me,732002
had told her,731878
she would never,731811
came into the,731733
looked up and,731703
"before , but",731388
had happened to,731234
he turned his,731062
made her feel,730853
foot of the,730804
I 've always,730789
going to go,730726
she thought she,730494
was not just,730422
it 's an,729734
but at the,729539
the look of,729283
really do not,729232
there must be,729162
him that he,729146
place in the,728923
you must have,728742
would not do,728230
he went on,728206
listen to me,727888
would be no,727402
in any case,727081
of course you,727005
was not about,726436
knew that he,726217
opened her eyes,726196
"this , but",725983
at me with,725758
on the beach,725742
this kind of,725612
and made a,725590
what can I,725553
"time , the",725453
her in his,725406
looking at me,725231
of his face,725218
I know how,724848
that sort of,724444
but you can,724303
a woman 's,724202
from the table,723828
the corners of,723816
where they were,723579
as they walked,723461
it was going,723410
back to him,723333
a friend of,723049
you ' ll,722704
do not forget,722106
name of the,722020
he said in,721212
"side , and",720864
he might be,720708
and left the,720622
face of the,720503
and with the,720400
it 's hard,720214
as quickly as,720137
anything to do,720137
not like to,719987
there was one,719750
said he was,719605
not for the,719446
could be a,719316
even if I,719227
to tell the,719200
it was true,719022
"together , and",718961
less than a,718671
his arm around,718655
what he wanted,718646
"fact , I",718613
not wanting to,718540
no reason to,718527
we were not,718347
her hands and,718293
in her head,718193
what ' s,718039
that he should,717186
is a good,716889
next to me,716879
going to let,716604
a wave of,716581
was such a,716516
moved to the,716234
to know the,716226
"again , I",716224
to get him,715939
down the road,715106
I would never,715099
all of it,714881
she said with,714871
now he was,714604
away from his,714128
she thought of,714108
I must have,713787
but there were,713734
handed it to,713695
"then , as",713555
out of your,713416
she 'll be,713388
let me go,713241
and now he,713182
"me , you",712643
was still in,712623
that would not,712399
a member of,711765
the wall and,711361
it 's true,710894
waited for the,710754
for a couple,710514
in his face,710048
on their way,709580
stepped out of,709309
do you remember,709195
and I thought,709191
on the same,708671
her husband 's,708606
so I could,708553
all the other,708508
"open , and",708254
the inside of,708246
long time ago,708177
I shall be,708067
up to him,707952
he said as,707869
be the one,707819
when you were,707664
"instead , he",707572
did you see,707391
told me to,707183
couple of days,707170
corner of his,706779
are you all,706551
for a time,705915
and saw the,705818
for more than,705743
if we can,705660
that there were,705648
I think the,705157
long as you,704964
I am the,704916
all of you,704798
had not had,704250
out in a,703700
is the only,703661
she could hear,703444
to face the,703337
looked at each,703320
I saw him,703268
at least I,703166
through the window,703006
which she had,702837
the feel of,702761
do not really,702752
up the phone,702604
waiting for him,701866
"here , I",701788
it was clear,701728
a few feet,701252
and of course,701238
wanted him to,701137
"over , and",700941
we ' ll,700771
like to be,700751
time in the,700404
you think it,700084
back at him,699884
no idea how,699241
are you talking,699067
the woman who,698497
give it to,698370
I see you,698328
they were the,698249
you to the,698185
other end of,698151
but she knew,697682
an hour later,697497
to a halt,697311
but there is,697163
she should have,697123
even if she,697046
talk to her,696555
want to make,696436
you think that,696284
"this , and",696154
had told him,696050
to get in,695917
that we were,695723
"you , too",695491
to stay in,695410
I thought about,695200
but she 's,694125
and you are,694094
a little too,694017
and held it,693984
seem to have,693765
his right hand,693691
me if I,693637
let ' s,693412
of the river,693146
it to him,692719
and pulled her,692535
could not make,692513
the part of,692341
to be honest,692338
of his body,692242
as a matter,692216
I is not,692178
we 're all,692120
she felt a,692118
time to get,691959
let 's see,691760
wanted to say,691575
each other and,691497
he knew the,691340
meant to be,691097
enough to be,690887
to the bathroom,690560
"is , I",690385
"now , he",690010
was a great,689960
may not be,689925
him when he,689875
knew how to,689830
a set of,689735
I got a,689517
was not an,689486
from one of,689239
she started to,689158
in the early,688790
the life of,688627
was a bit,688513
much of the,688471
I 'll just,688315
what have you,687826
"moment , and",687749
in the garden,687747
but when I,687595
back of my,687512
you said you,687463
to get into,687448
out onto the,687447
was the best,687333
all the while,687293
must be a,687227
I thought that,687159
she was just,687118
you 're so,687035
the one to,686728
want him to,686545
side by side,686508
if you like,686348
a very good,686337
of the past,686334
take a look,686079
"all , and",685976
had not yet,685660
waiting for her,685310
part of a,685250
is that you,685184
as I have,685112
"himself , and",684662
the heat of,684604
no time to,684604
do not feel,684602
and had a,684536
shut the door,683621
and they had,683488
with a sigh,683181
of her mouth,682496
a long way,682301
and it had,682190
stood on the,682157
opened his eyes,682123
he was an,681615
the air and,681612
the driver 's,681548
the other day,681393
she knew he,681363
come out of,681321
as she did,681164
me for a,680765
to do what,680424
been trying to,680280
to get some,680224
at the last,680141
more like a,680098
more of a,679446
with his hands,679404
the way the,679357
"it , then",679225
it to you,678993
she was doing,678731
smiled at her,678714
leaned against the,678233
"bed , and",677923
her mother had,677412
I thought of,677363
and her eyes,677191
"well , if",676697
"years , and",676449
not try to,676039
not be the,675884
I wish you,675736
could think of,675585
the other man,675462
like to see,675447
could not bear,675342
"said , with",675036
the right to,675019
but this time,674974
as it had,674964
a pile of,674902
"place , and",674556
not be so,674505
"too , but",674496
me that I,674323
the surface of,674143
and there is,674088
and all that,673833
he was very,673575
"him , as",673491
have to take,673240
front of a,673163
think he 's,673160
in the old,673158
her hand to,673013
to get you,672949
that you will,672821
and waited for,672785
"table , and",672223
"Oh , my",672163
she turned her,671869
no one could,671689
the way they,671621
the need to,671619
a moment of,671429
he closed his,671153
all these years,671061
that in the,671048
how could I,670627
it 's about,670534
to live in,670496
as she looked,670461
and a little,670433
so you can,669994
and try to,669932
can tell you,669922
rest of his,669914
in the street,669801
think that 's,669506
was wearing a,669359
I just wanted,669248
going back to,669192
her head in,669103
to the police,669091
All rights reserved,669027
cup of tea,668643
part of it,668585
only one who,668518
"no , she",668463
could not imagine,668379
trying to find,668269
if you need,668017
a state of,667719
of the stairs,667719
"said , but",667716
it 's your,667661
they 'll be,667127
because he had,666936
not make it,666879
I suppose I,666410
that 's just,666366
to hear the,666020
he left the,665989
I saw you,665986
what 's up,665906
was still a,665821
to his knees,665553
but he would,665513
her at the,665051
not supposed to,665004
looked around the,664575
of her hand,664399
his mouth and,664280
to be found,663638
on the shoulder,663328
but then he,663100
and took the,663089
fact that she,662827
I was about,662251
I know the,662201
and shook his,661928
"moment , then",661601
of the sea,661546
the line of,661409
the far end,661346
what I want,661109
in the chair,661077
my eyes and,661072
was on his,660897
did not bother,660662
I saw a,660629
I 'm doing,660447
so much for,660186
you will have,660154
one side of,660072
and looked up,660059
"well , and",658894
it might have,658890
at the house,658855
you so much,658637
took her hand,657853
have you ever,657630
many of them,657402
could not wait,657128
in a very,657001
I got to,656866
two of you,656722
"Oh , you",656616
will be the,656441
of course he,656265
walked out of,656263
might be able,656117
the image of,655945
he 's in,655812
in his heart,655757
you 're here,655371
few minutes later,655174
by this time,655086
in her arms,655032
over his head,654757
against his chest,654711
I wondered if,654694
let her go,654423
and then a,654144
what did he,653981
he said that,653900
to get his,653829
"besides , I",653811
look at it,653300
he felt a,653183
not say that,653084
do not give,653063
I thought he,653034
to the car,652976
I suppose you,652567
of the last,652526
"okay , I",652316
in the process,651967
but I knew,651889
is not going,651842
the man had,651232
in the background,651136
as he 'd,651134
she lifted her,651039
she 'd ever,650939
it seems to,650736
you all right,650391
even though it,650352
had a good,650227
and then they,650114
that I 've,650039
on the desk,649893
all this time,649726
can not imagine,649452
thought it would,649125
surface of the,649033
we can get,648880
was not it,648687
to face him,648648
of course it,648621
two of us,648608
and the next,648494
she took the,648175
to live with,648168
last of the,647584
sides of the,647088
of her body,646948
into the night,646946
I 'm on,646938
"then , I",646647
of a woman,646543
so long as,646378
not know who,646373
in this case,646362
where I was,646064
of the town,646026
you to do,645875
it turned out,645521
she said she,645504
she turned and,645491
the most important,645358
have to make,645347
the people of,645109
"time , she",645076
you 've done,644812
to get rid,644737
that they could,644561
to make me,644548
and that she,644393
to be more,644047
just in time,643769
tried to get,643718
floor of the,642969
in an instant,642907
if you could,642876
it comes to,642860
he 'd ever,642819
to pay for,642728
followed by a,642598
have a lot,642563
I 'd say,642515
she was too,642485
their way to,642420
it 's no,642398
too much to,642292
"however , I",642110
not want him,642052
of the earth,642027
piece of paper,641886
son of a,641843
they ' re,641802
