ngram,freq
in grado di,2075767
di cui al,1697349
a cura di,1646271
in caso di,1474279
po ' di,1433670
si tratta di,1359761
la prima volta,1308685
un paio di,1216987
punto di vista,1129286
in materia di,1128208
in quel momento,1118483
il fatto che,1078236
la possibilità di,1071675
in cui si,1065349
al fine di,992299
una serie di,979436
che non si,964170
in ogni caso,934746
nel caso di,925007
in questo caso,907765
per la prima,897838
e la sua,892406
momento in cui,865596
in cui il,857393
tutto ciò che,855352
cui al comma,843279
la maggior parte,817180
tutto quello che,796049
una sorta di,795482
con la sua,763716
e il suo,762741
da parte del,750994
non può essere,749840
da parte di,743222
in cui la,742214
caso in cui,727891
di fronte a,725155
in modo che,702683
in tema di,698169
"che , in",697130
di tutti i,681976
una specie di,674331
per la sua,672222
più o meno,670623
anche se non,665498
che non è,653862
in modo da,653193
al di là,642124
ancora una volta,640287
nel caso in,639444
di tutte le,628439
di quello che,625354
a sua volta,612419
in qualche modo,610075
i suoi occhi,607137
in questo modo,605863
per quanto riguarda,598513
il diritto di,597839
da un lato,596882
ogni volta che,596007
"no , non",594420
dal punto di,592117
di ciò che,588717
e i suoi,588255
non si può,587711
modo in cui,576245
"e , in",565678
con il suo,563596
con gli occhi,562865
a quel punto,562859
a questo punto,535533
che si era,530014
non riusciva a,517248
la presenza di,510987
non è un,508902
"convertito , con",505263
in cui l',493831
dal momento che,492953
ciò che è,491914
"che , per",488594
fino a quando,487990
entrata in vigore,487833
come se fosse,486857
in termini di,485352
per un attimo,483702
nei confronti di,476116
ai fini della,474226
tutti gli altri,471290
ha detto che,466026
che il suo,465266
datore di lavoro,464533
l' idea di,463615
il tempo di,459301
non aveva mai,458730
per tutta la,457373
che la sua,455690
gli occhi e,453161
scosse la testa,452783
non lo so,449958
a che fare,449823
in sede di,447792
che non era,444153
con i suoi,442507
in tal caso,436756
"che , se",434858
il nome di,434321
che si è,433293
la necessità di,426667
nel momento in,418270
a tutti i,412976
si trattava di,411566
un certo punto,410181
con un sorriso,406620
ma non è,403453
non si era,402304
il suo sguardo,401649
con le mani,401161
del fatto che,400852
la sua voce,399382
non ci sono,397956
a meno che,397582
la capacità di,396641
in presenza di,396463
un gruppo di,394872
da una parte,391045
sulla base di,390927
al di fuori,384208
a un certo,383226
mi ha detto,382491
per il suo,381137
non ho mai,380604
la sua vita,380337
nei confronti del,376694
non riesco a,376398
"che , a",376324
il suo corpo,376248
per tutto il,374360
si mise a,374330
ai sensi del,371100
di cui si,371029
allo stesso tempo,370160
per un po,368146
in tutti i,367984
con la mano,365628
con le sue,365019
e non si,364217
e per la,363385
della sua vita,362817
in tutte le,362695
che fare con,362089
non si è,360127
un sacco di,359898
il suo nome,358356
in cui è,356912
nel senso che,355117
e che non,354603
non è più,354330
si rese conto,353069
che non aveva,352884
la voce di,352454
che non ci,352263
tutta la sua,351571
che non mi,350962
"che , come",349088
"e , per",347670
e le sue,347280
un uomo che,345740
a meno di,345268
vale a dire,344037
a decorrere dal,343272
il caso di,341655
di entrata in,340956
gli occhi di,340251
la testa e,340159
d' altra parte,339654
del decreto legislativo,339597
da parte dei,338883
e con la,336358
il numero di,335751
presidente della Repubblica,335255
il concetto di,332977
con lo sguardo,332771
maggior parte dei,332053
di un uomo,331944
casi in cui,330979
vera e propria,330939
su di lui,329814
vero e proprio,329806
dal fatto che,329762
non è una,329540
allo stesso modo,327672
l' obbligo di,326811
data di entrata,326461
in tal senso,326392
alla fine del,326107
a quello che,325775
a tutte le,324023
come se non,323210
il modo in,322184
"modificazioni , nella",320591
in primo luogo,320544
nel corso del,320097
in questo senso,319863
tratta di un,318447
in tal modo,318259
un punto di,316385
da qualche parte,314336
prima volta che,314172
è quello che,314162
a partire dal,312614
giorno in cui,312210
in tutto il,311765
questo è il,311130
che non sono,309846
non è vero,308860
la mia vita,308570
di non essere,306761
e gli altri,305915
in cerca di,304506
non è stato,304466
al tempo stesso,304307
fare a meno,304259
è vero che,303565
non è possibile,302799
in questo momento,301083
del diritto di,300504
è quello di,300456
questa è la,297798
per il quale,297461
più di un,297416
il potere di,297163
in un certo,296797
po ' più,296703
da parte della,296292
che non ha,295931
con la testa,295194
per i quali,294694
ho bisogno di,294045
che mi ha,293829
in cui le,293477
l' uomo che,293275
non se ne,293156
il momento di,293047
il rischio di,292914
il giorno dopo,292503
di andare a,291261
una volta che,291152
e non è,290852
quello che è,290630
verso di lui,290307
se non fosse,288938
in cui non,288543
con gli altri,287493
con la quale,286567
a causa della,285492
non è mai,285458
"e , se",285428
di tanto in,284847
ha bisogno di,284642
tanto in tanto,284271
che non sia,284027
di un altro,283969
le modalità di,283855
la morte di,283739
di per sé,282882
tutti i giorni,282836
in base al,282738
di tutti gli,282104
prima o poi,281940
tutto il mondo,281342
tra l' altro,281093
di fronte alla,280935
dalla data di,279808
codice di procedura,279513
di cui agli,279116
a causa di,278900
al momento della,278654
non è che,277284
l ' uomo,276980
ancora di più,275754
a partire da,275463
di cui alla,274687
fino a che,274120
tutti i suoi,273295
tra le mani,273113
in mezzo a,272131
il coraggio di,271583
non è il,271250
questo tipo di,271083
alla ricerca di,270284
tutto il tempo,269097
in cui i,269009
negli Stati Uniti,268676
tratta di una,268402
la stessa cosa,267624
è in grado,266421
che è stato,265773
come si è,265494
che se ne,264771
a seguito di,264699
per quello che,264395
aveva bisogno di,264303
il principio di,263447
del Presidente della,263258
l' esistenza di,263129
e se ne,262770
in assenza di,262769
"sì , ma",262629
tutte le sue,262455
in base alla,261391
a tutti gli,261165
l' ultima volta,261057
fino a quel,260887
alla data di,260506
su di me,260285
in un altro,259227
un senso di,258273
decreto del Presidente,258086
per lo più,257844
il compito di,257458
in quel modo,256523
"e , quindi",255731
comma è stato,255507
si tratti di,255472
per il momento,254806
a ciò che,253764
su di lei,253344
della mia vita,253110
in tutta la,252897
il processo di,252634
in altre parole,252529
l' unica cosa,252217
nel corso della,252101
per questo che,252100
di fronte al,251341
tra le braccia,250824
non avrebbe mai,250781
che era stato,250098
a quel momento,249923
nei confronti dei,249460
tutta la vita,249016
tutto il resto,248973
disposizioni di cui,248579
in vigore della,248074
non so se,247638
ma non era,247375
per un istante,247281
allo scopo di,247147
tra i due,246387
o di un,245759
camera da letto,245521
verso di me,245163
anche in questo,244795
il resto della,244431
il desiderio di,244358
ma non si,244132
che non lo,243902
nel giro di,243517
le persone che,242565
una cosa che,242392
non è così,242063
al di sopra,241986
sotto il profilo,241772
del presente decreto,241414
rapporto di lavoro,241170
chiuse gli occhi,241059
al fatto che,240405
è stato un,240322
non possono essere,239840
in vigore del,238837
non credo che,238686
è stato così,238061
e non solo,237187
"che , nel",236978
e successive modificazioni,236902
Questo comma è,236856
e per il,236811
la mancanza di,236561
non ha mai,236534
nei confronti della,236519
a quanto pare,236045
il senso di,235979
in un modo,235777
più di quanto,235726
un sistema di,234892
con il quale,234784
alle sue spalle,234715
di tutto il,234070
in un angolo,233573
per un momento,232397
se non si,232351
maggior parte delle,232253
è per questo,231167
del codice di,229993
in relazione alla,229939
di quelli che,229646
la cosa più,229454
qualcosa che non,229155
la mano e,229117
il termine di,228895
quello che mi,228423
in base a,227454
non l' ho,227407
ciò che si,226562
di mio padre,226106
del codice civile,226012
non riuscì a,225986
l' idea che,225898
con tutte le,225872
il modo di,225513
tutti e due,225450
un pezzo di,225286
poco a poco,224124
e l' altro,223679
per la quale,223567
tornare a casa,223411
che può essere,222760
a titolo di,222423
fatto che la,222338
non si tratta,222312
qualcosa di più,221968
di suo padre,221836
risarcimento del danno,221298
tutte le altre,220806
verso di lei,220523
fatto che il,220301
"e , come",219867
a un tratto,219479
non vi è,219170
uno dei suoi,219147
per il resto,219050
a quello di,218434
un vero e,218385
e così via,217643
la sensazione di,217406
non era più,217324
il punto di,216855
"ivi , p",216468
non era un,216372
l ' altro,216095
motivo per cui,215592
è come se,215448
che l' aveva,215198
di non aver,215139
bisogno di un,215136
le disposizioni di,214692
più di una,214485
non riuscivo a,214397
una vera e,214327
sul punto di,213938
le cose che,213646
si alzò e,213635
è una cosa,213627
prima di tutto,213413
quello che si,212246
luogo in cui,211887
tutte le cose,211601
e con il,211226
un certo senso,211158
le mani e,211063
l' ora di,210377
la forza di,209993
per la loro,209704
non si sarebbe,208978
tutto il giorno,208956
"no , no",208876
ai fini del,208774
nel corso di,208457
di uno dei,208438
per andare a,208372
dentro di me,207878
l' impressione che,207558
tra le sue,207381
uno o più,207158
parte di un,206717
con la stessa,206692
al suo posto,206565
nello stesso tempo,206357
dopo la morte,206198
per le quali,206154
della legge n,206101
il fatto di,206047
in contatto con,205811
io non ho,205672
rese conto che,205354
di una donna,205302
di cui non,205289
a New York,204683
un periodo di,204277
non è la,204200
le sue parole,204072
di una persona,203853
e cominciò a,203803
una di quelle,203789
e con un,203481
non era mai,203136
nel tentativo di,203039
se ne andò,202930
in attesa di,202352
un modo per,201853
"e , a",201715
una forma di,201556
non è stata,201357
di coloro che,200835
che i suoi,200751
e che la,200336
e alla fine,199986
ad alta voce,199815
anche se la,199637
di tutta la,199584
e si era,198856
questo è un,198841
a dire il,198604
con decreto del,198431
a se stesso,198001
la richiesta di,197991
di primo grado,197714
il tipo di,197699
di cui ai,197089
due o tre,196783
"che , con",196169
è quella di,196122
che non può,195770
che il mio,195295
"e , con",195204
la vita di,195015
a poco a,194810
come se avesse,194731
al suo fianco,194193
qua e là,194086
in cui era,193570
anche se il,193497
le parole di,193015
unica cosa che,192769
e che si,192690
nei casi di,192046
in relazione al,191945
il bisogno di,191787
era un uomo,191732
per il fatto,191636
mi ha fatto,191625
presenza di un,191485
e della sua,191433
"e , quando",191398
da un punto,191033
era come se,190353
stato così sostituito,190302
e io non,190214
come al solito,189833
e con le,189750
verso la porta,189700
a favore di,189195
quello che aveva,189143
la sua famiglia,189072
si accorse che,189034
che la mia,188971
vuol dire che,188946
che si sono,188843
tutto il suo,188708
a forma di,188545
sul fatto che,188306
uno stato di,187460
con nota di,187443
a tal fine,187322
si applicano le,187277
lo stato di,186779
la storia di,186685
in alcun modo,186494
che non avrebbe,186414
il suo viso,186401
e non mi,186391
di un nuovo,186356
a casa sua,186103
per tutti i,185662
meno che non,185100
di lavoro e,184992
e l' altra,184851
in mezzo alla,184818
a quella di,184721
si voltò verso,184692
articolo è stato,184576
cui si è,183946
"e , soprattutto",183836
le sue mani,183686
e la loro,183384
diverso da quello,183335
di sua madre,183132
al centro della,183077
di una nuova,182615
lo sguardo di,182551
una donna che,182240
a loro volta,182231
di mia madre,182208
d' un tratto,182197
ho detto che,182103
negli ultimi anni,181426
e di un,181275
per i suoi,181088
sempre di più,181052
che è un,180789
ma io non,180752
e la mia,180741
Questo articolo è,180507
avanti e indietro,180480
si può dire,180329
il mio cuore,180209
il più possibile,180111
per questo motivo,180091
e il mio,180074
la mano di,179712
in altri termini,179674
in alcuni casi,179481
che l' uomo,179464
sotto forma di,179456
una mano sulla,179425
e che il,179371
per così dire,179367
che non hanno,179256
la sensazione che,179237
quello che era,179211
il suo cuore,178968
punto in cui,178435
a casa di,178401
e in particolare,178294
con un gesto,178246
del presente articolo,178213
di non avere,177907
in mancanza di,177585
è stata una,177573
per ciò che,177550
a base di,177350
la fine del,177329
ciò che non,177125
a quando non,176911
degli Stati Uniti,176866
da parte degli,176741
se non è,176592
con cui si,176309
ne consegue che,176092
che possono essere,175839
a carico del,175690
"lui , e",175511
lo scopo di,174976
la sua mano,174907
l' impressione di,174889
a differenza di,174766
è il caso,174440
era riuscito a,174031
a proposito di,173887
una persona che,173780
che sarebbe stato,173499
del principio di,173190
una decina di,173135
di lui e,173121
una parte di,173054
della Corte di,172621
qual è il,172581
ma non mi,172297
che è il,171956
io non sono,171834
la pena di,171761
nei suoi confronti,171645
e se non,171383
quello che ho,171169
che è la,171025
che non ti,170875
da parte delle,170828
presidente del Consiglio,170807
la Corte di,170737
di nuovo la,170712
con tutto il,170399
non me ne,170375
è un po,170032
in cui sono,169987
"che , pur",169932
come se la,169803
alla fine della,169740
dire il vero,169580
nei suoi occhi,169543
per un periodo,169512
tutta la notte,169504
la porta e,169441
di questo tipo,169356
fino in fondo,168638
non era il,168601
in fondo al,168503
tutti coloro che,168325
le braccia e,168013
che tu non,167832
"modificazioni , dalla",167792
del rapporto di,167601
a seguito della,167485
e gli occhi,167353
di un sistema,167219
e un po,167151
che si tratta,167146
e poi si,166837
l' attività di,166722
uno di loro,166523
non sarebbe stato,166514
non ce la,166507
uno dei più,166431
a cui si,166333
e di una,166057
a condizione che,165756
parte in cui,165650
dopo un po,165643
non riesce a,165483
cui al presente,165468
verso l' alto,165289
in questi casi,165256
la funzione di,165143
se ne stava,165073
il fatto è,164926
con una mano,164812
di me e,164548
di una delle,164524
a partire dalla,164472
in un mondo,164470
del lavoro e,164407
in un momento,163970
a causa del,163959
tra le due,163946
come nel caso,163573
diversa da quella,163464
"e , dopo",163437
da quel momento,163401
da quello che,163333
tutti quelli che,163153
non superiore a,162992
in realtà non,162921
la sua attenzione,162789
ma la sua,162654
al di sotto,162311
e per questo,162212
non poteva essere,162092
ma non lo,161860
in piedi e,161771
che io non,161676
del Consiglio dei,161445
che non fosse,161389
scosse il capo,161194
uno di quei,161192
decreto del Ministro,161133
si diresse verso,161102
l' uso di,161059
un momento di,160953
il pubblico ministero,160937
che è successo,160839
non ci si,160336
che si può,160151
che si erano,160138
e si mise,160006
il datore di,159972
entro il termine,159941
non l' aveva,159885
"però , non",159867
non fosse stato,159629
se non ci,159569
in un luogo,159488
aveva deciso di,159300
con le dita,159266
la testa di,159249
dentro di sé,159126
non era una,159119
tra di loro,158952
come se si,158651
che aveva fatto,158647
la facoltà di,158534
un uomo di,158351
in secondo luogo,158194
in gran parte,157499
di nuovo il,157174
accanto a lui,157155
il mio corpo,157093
non era stato,157041
non è ancora,157027
con la mia,156760
di essere un,156752
in che modo,156631
uno dei due,156264
per tutte le,156052
"sì , è",155966
con lo stesso,155854
e si è,155827
non si sa,155813
che era stata,155753
con la conseguenza,155707
aveva detto che,155572
che non ho,155441
che gli aveva,155272
davanti a lui,155115
di lì a,155042
è il mio,154829
nei casi in,154705
il ruolo di,154651
il corpo di,154550
la porta si,154531
l' assenza di,154490
"che , dopo",154373
il padre di,154283
il motivo per,154273
è uno dei,154246
il rapporto tra,154045
davanti a me,153970
e i loro,153822
non sono mai,153698
che ha fatto,153687
era il suo,153676
del contratto di,153427
di avere un,153340
in contrasto con,153256
per di più,153250
che avrebbe potuto,153138
davanti a sé,153137
che avrebbe dovuto,153125
su cui si,153050
di una società,153014
nella parte in,152769
con tutta la,152654
non a caso,152528
il mio nome,152260
milioni di euro,152201
il resto del,152121
in quel periodo,151742
che le aveva,151719
per quanto concerne,151680
con una certa,151564
detto che non,151462
nel corso degli,151367
e mi ha,151311
un colpo di,151075
che si trova,151046
sono state così,150844
sono in grado,150778
al centro del,150728
a un altro,150721
la dichiarazione di,150584
ma il suo,150496
il periodo di,150290
a questo proposito,150237
si guardò intorno,150139
il giorno in,149993
in base alle,149929
i miei genitori,149906
questa è una,149891
la conseguenza che,149843
è così che,149767
di un anno,149723
e con l',149515
una cosa del,149460
in fondo alla,149373
con i capelli,149373
cosa del genere,149291
in uno stato,149108
volta in volta,149097
e del suo,148825
di lei e,148748
misura in cui,148637
si parla di,148454
a fronte di,148443
il sistema di,148378
poco più di,148356
per le sue,148333
se non lo,148154
alla fine di,148078
la domanda di,147775
in relazione alle,147553
le condizioni di,147536
le disposizioni del,147498
e per i,147406
di volta in,147200
i suoi genitori,147116
si è detto,147018
che deve essere,147005
secondo la quale,146821
le sue braccia,146793
state così sostituite,146641
in giro per,146522
e dei suoi,146498
Banca d' Italia,146423
il quale si,146196
non solo per,146171
si limitò a,146084
accanto a lei,146053
non so come,146012
è la prima,145919
è possibile che,145658
man mano che,145474
non mi ha,145418
ma non ci,145404
che mi aveva,145401
aprì la porta,145363
quanto riguarda la,145234
nella maggior parte,145038
che si tratti,144954
in stato di,144811
o di una,144808
ma anche di,144771
la volontà di,144756
in mezzo al,144690
la donna che,144649
gli Stati Uniti,144547
un processo di,144277
che non gli,144097
che lei non,143892
che le cose,143788
la porta della,143681
si trova in,143660
era la prima,143621
contro di lui,143595
di procedura civile,143546
di quanto non,143483
di procedura penale,143265
un insieme di,143261
al punto che,143217
di New York,143036
che ci sia,143013
a dire che,142927
cui agli articoli,142867
l' aria di,142864
del suo corpo,142801
era stato un,142795
che è stata,142711
sono sicuro che,142501
rispetto a quello,142497
Corte di Cassazione,142359
e per le,142316
le sue labbra,142140
il permesso di,142127
e per un,141955
con tutti i,141947
che non poteva,141941
è necessario che,141902
la sua mente,141749
non avevo mai,141527
la produzione di,141507
tutti e tre,141416
per cercare di,141414
rispetto a quella,141343
che per la,141308
d' accordo con,141152
si voltò e,141133
in ordine alla,141057
il divieto di,141043
se si fosse,140971
bisogno di una,140873
il contratto di,140841
del codice penale,140522
ancora un po,140430
il suo lavoro,140427
una questione di,140415
l' esigenza di,140373
la madre di,140298
non è in,140295
che era un,140217
quello che ha,140176
è punito con,139966
non è solo,139934
nel fatto che,139809
senso di colpa,139745
con le braccia,139716
a bassa voce,139693
la realizzazione di,139597
giudice di pace,139465
da tutte le,139448
Consiglio di Stato,139442
con l' aiuto,139441
in Foro it,139420
in cui gli,139344
di là di,139321
vale la pena,139256
più in generale,139172
presenza di una,139052
le spalle e,139039
la Corte costituzionale,139031
d' altro canto,139016
la sua espressione,138913
in una situazione,138801
su e giù,138726
"I , p",138705
un bel po,138654
e per l',138631
non ne ho,138297
in qualità di,138169
per quel che,138157
che il giudice,138109
po ' troppo,138033
e non era,138019
di tutto ciò,137813
è questo il,137783
per gli altri,137726
a casa e,137713
la sua presenza,137711
e anche se,137648
a parlare con,137525
sulla base della,137508
del pubblico ministero,137462
che lo aveva,137390
"che , quando",137387
di là del,137385
con un cenno,137210
alzò gli occhi,137179
un rapporto di,137074
non sono più,136889
con un po,136730
in una delle,136723
a se stessa,136709
nel senso di,136665
la persona che,136637
come se il,136526
la creazione di,136489
che ci sono,136304
e tutte le,136257
al suo interno,136247
verso il basso,136175
di quel che,135980
di che cosa,135908
del processo di,135897
tutti gli uomini,135816
tutte le volte,135748
si dice che,135713
il suo volto,135562
a pena di,135465
"lui , ma",135455
il problema della,135418
questo non è,135395
dello stato di,135341
di tornare a,135281
è evidente che,135244
non voglio che,135173
ho pensato che,135163
di nuovo a,134977
cui ai commi,134935
fino ad allora,134926
il pensiero di,134877
è ciò che,134839
per la mia,134820
se fosse stato,134788
si è fatto,134717
alla luce del,134653
registro delle imprese,134586
in corso di,134548
al punto di,134464
che non sarebbe,134446
per mezzo di,134384
ciò che era,134375
tra le parti,134252
lo sguardo e,133982
che non vi,133907
anche per la,133900
un filo di,133857
anche se in,133837
il giorno prima,133775
in via di,133745
a fare il,133650
davanti a un,133649
l' atto di,133570
di cui è,133446
l ' aveva,133352
con riferimento alla,133275
successivo a quello,133269
al più presto,133225
in modo tale,133120
ma anche per,133106
lungo la strada,132996
scoppiò a ridere,132988
per la vita,132979
non mi piace,132778
cui al decreto,132777
l' obiettivo di,132589
è chiaro che,132549
della presente legge,132443
è questo che,132426
e se la,132412
quello che non,132396
non mi sono,132385
in quanto la,132215
la casa di,132133
"me , e",132120
così sostituite dalle,132099
del testo unico,132005
non era ancora,131793
che si sarebbe,131464
"infatti , la",131375
che è una,131332
del datore di,131329
fatto che non,131165
il livello di,131135
nella sua vita,131114
con i loro,131068
l' opportunità di,131046
la nozione di,131044
che lui non,130955
punto di partenza,130944
di quella che,130744
in relazione a,130719
ultima volta che,130714
a bocca aperta,130696
si alzò in,130619
e questo è,130512
essere in grado,130459
che la vita,130348
che in quel,130285
non ci fosse,130249
l ' amore,130154
una situazione di,130054
gli occhi al,130021
di più di,129968
è che non,129682
che tu sia,129586
non avrebbe potuto,129416
di là della,129299
secondo il quale,129231
non so cosa,129199
in segno di,129153
in cui mi,129055
e delle finanze,128893
ma alla fine,128878
non aveva più,128780
a fare la,128770
non inferiore a,128758
ce ne sono,128614
che ci si,128498
è stato inserito,128417
con le loro,128374
l ' idea,128370
il tempo che,128341
che si trattava,128230
è stato il,128152
applicano le disposizioni,128107
in un posto,128099
di gran lunga,128026
non si poteva,127974
non avrei mai,127879
sulla base delle,127824
a favore del,127648
al piano di,127631
anche nel caso,127606
l' immagine di,127377
a quello della,127356
punito con la,127313
"lei , e",127268
quello in cui,127101
e non può,127054
e le loro,127046
di una volta,127019
"e , di",126936
la vita e,126867
ci si può,126747
che gli era,126729
a credere che,126690
se non altro,126622
in un contesto,126488
del decreto del,126245
territorio dello Stato,126113
o in parte,126065
dire che non,126055
di persone che,125941
il nome del,125779
se si tratta,125744
"tuttavia , non",125682
si trattasse di,125675
i miei occhi,125662
cui agli artt,125647
a distanza di,125585
sala da pranzo,125364
la sera prima,125249
uomini e donne,125220
diversi da quelli,125208
che in realtà,125045
come se stesse,124937
po ' come,124930
molto di più,124923
nella misura in,124850
ciò che aveva,124832
a pensare che,124681
di nuovo in,124426
è stata la,124383
avuto modo di,124361
che l' ha,124162
"infatti , che",124107
la differenza tra,124088
aveva cominciato a,124049
che le sue,124007
qual è la,123878
che non le,123777
anche per il,123646
per la maggior,123608
il cuore di,123394
una delle sue,123346
e non ci,123312
nella sua mente,123261
da un momento,122957
"infatti , il",122949
il risultato di,122948
da parte sua,122907
sarebbe stato un,122852
che un giorno,122628
la mia famiglia,122548
stile di vita,122545
nei confronti delle,122521
un mucchio di,122447
con i miei,122394
maggior parte degli,122338
il valore di,122326
e tutti i,122280
alzò lo sguardo,122265
sono sicura che,122233
in fase di,122213
non è necessario,122210
un modo di,122133
un atto di,122027
l' azione di,121917
la scelta di,121912
è tenuto a,121830
prima che il,121799
si era fatto,121785
come si fa,121763
il rapporto di,121639
la storia della,121601
in un attimo,121535
"Einaudi , Torino",121531
"bene , ma",121524
in entrambi i,121425
e con i,121395
con riferimento al,121344
in quanto tale,121255
con la reclusione,121233
che in questo,121159
il reato di,121125
è una delle,121079
alla luce di,121054
una mano sul,120830
si strinse nelle,120803
uno di questi,120677
e il loro,120415
tempo in cui,120397
e in un,120395
tutto o in,120388
di essere stato,120363
la prima cosa,120273
che si trovava,120243
per lo meno,120196
di essere in,120185
le mani in,120116
di tutto per,120101
come se fossero,120004
"che , secondo",119989
che il nostro,119938
sulla base del,119884
per le strade,119862
per l' esercizio,119825
nessuno dei due,119818
in uno dei,119759
la voglia di,119742
ma non aveva,119569
che alla fine,119496
una o più,119442
di un certo,119410
in quanto il,119386
a casa mia,119367
accanto a me,119314
strinse nelle spalle,119284
fino alla fine,119279
in tempo a,119271
e tutto il,119250
un bicchiere di,119233
ma in realtà,119128
in tutto o,119122
gli aveva detto,119058
la libertà di,118985
ma questo non,118971
che una volta,118961
"no , ma",118871
si è visto,118786
in linea con,118760
è che la,118736
era la sua,118702
tra gli altri,118679
per non parlare,118587
prima che la,118557
"che , al",118496
che è in,118457
e le altre,118429
datori di lavoro,118370
in un primo,118297
giorni dalla data,118180
ai sensi della,118075
l' uomo si,118069
il grado di,118040
quello che gli,118026
ti ho detto,118019
mi rendo conto,117908
seconda guerra mondiale,117872
un attimo di,117848
fino a un,117818
con un altro,117802
in compagnia di,117629
per evitare che,117608
era in grado,117576
con il mio,117327
si è già,117267
che tutti i,117164
a letto con,117145
"e , nel",117117
per lo sviluppo,116996
a me e,116857
fece un cenno,116769
stato d' animo,116711
a far parte,116619
suo modo di,116593
si può fare,116448
una mano e,116427
in linea di,116403
in cui lo,116383
mi resi conto,116368
che gli altri,116363
se è vero,116335
che cosa è,116248
dentro di lei,116238
che tutte le,116183
ipotesi in cui,116157
e con una,116125
da nessuna parte,116029
la decisione di,116028
gli Stati membri,115929
quella di un,115853
i suoi amici,115823
in una stanza,115797
come abbiamo visto,115656
come ad esempio,115646
"o , in",115605
la possibilità che,115556
per qualche istante,115475
ai sensi degli,115427
l' ordine di,115423
il figlio di,115376
è il suo,115356
lo sviluppo di,115322
di una certa,115283
la fine della,115254
è la mia,115173
l' ho fatto,115167
non si applica,115117
sensi del comma,115007
proprio per questo,114857
al posto di,114842
la costruzione di,114806
più a lungo,114727
che l' art,114710
l ' ho,114671
le aveva detto,114663
da ciò che,114660
alzò in piedi,114476
per un braccio,114460
il momento in,114451
dopo l' altro,114426
che non va,114372
e si diresse,114356
per prima cosa,114280
la luce del,114265
corso degli anni,114209
a fare un,114174
non più di,114124
cui si era,114086
una volta per,114084
la vita è,114075
e non lo,114049
quando si è,114005
in cui aveva,113874
più in là,113851
al momento del,113843
per il loro,113753
di quelle che,113596
di riuscire a,113560
la quale si,113524
perché non si,113284
"esempio , la",113281
del giudice di,113280
cosa che non,113258
non deve essere,113188
a livello di,113165
a tal punto,113124
il problema è,113083
te l' ho,113055
in cui ci,112987
più grande di,112936
nella Gazzetta Ufficiale,112903
mi ha chiesto,112883
in quegli anni,112830
lo sai che,112761
da un altro,112675
una delle più,112657
quello che ti,112624
con i quali,112621
con la coda,112583
"Mulino , Bologna",112557
un passo indietro,112537
cose che non,112516
si affrettò a,112395
a tempo indeterminato,112378
di mettere in,112377
ma non sono,112342
il lavoro di,112256
e non ho,112249
a sapere che,112228
che in un,112078
con le modalità,112032
di fare un,112017
ma lui non,112006
il volto di,111947
al centro di,111836
in camera di,111796
mi sembra di,111785
tra i capelli,111720
"che , anche",111714
"me , ma",111688
è molto più,111658
non era la,111646
luce del sole,111635
in quanto non,111550
non può che,111531
tutto il corpo,111484
una bottiglia di,111444
la data di,111410
l ' unica,111404
è che il,111372
che stava per,111346
a quella che,111221
dopo la sua,111158
che un tempo,111144
una parte della,111116
da tutti i,111080
mi disse che,111052
"vita , e",111028
a coloro che,110795
alla luce della,110772
dal momento in,110757
non è facile,110681
fatto che l',110619
il suo primo,110600
non so che,110595
mal di testa,110592
"esempio , il",110564
di se stesso,110560
a lui e,110462
non ce l',110405
mercato del lavoro,110373
e non aveva,110135
ognuno di noi,110116
i suoi capelli,110089
è stato aggiunto,110043
il mio amico,110025
il primo a,110010
in modo più,109960
quanto riguarda il,109942
al punto da,109933
per cui non,109900
lo so che,109854
cui non si,109849
che si stava,109709
di concerto con,109689
di una vita,109674
si applica la,109574
per l' anno,109568
trattava di un,109519
era stata una,109475
il tentativo di,109398
è solo un,109383
a voce alta,109377
tra i quali,109374
mi sembra che,109369
l ' altra,109323
per il mio,109311
per cui la,109274
di un diritto,109262
in forma di,109202
l' intenzione di,109179
di cui il,109069
che non ne,109013
cosa è successo,108919
so che non,108875
si era mai,108799
e poi la,108743
occhi al cielo,108731
tutte le parti,108663
il principio della,108657
e non di,108611
la sentenza di,108595
e ciò che,108560
e di non,108494
nei confronti degli,108465
con il cuore,108391
in capo al,108352
a quelli che,108304
se ne va,108275
punti di vista,108244
il numero dei,108168
non me lo,108151
i suoi pensieri,108134
un numero di,108133
che tu abbia,108131
per la realizzazione,108089
camera di consiglio,108074
di un gruppo,108049
"lei , ma",107955
parte di una,107955
verso la fine,107948
in possesso di,107918
il quale il,107854
la storia del,107846
gli occhi per,107842
anche a me,107741
nel primo caso,107711
di certo non,107628
per me è,107611
un paio d',107601
hai detto che,107578
che non siano,107438
la verità è,107409
di non poter,107315
per le scale,107314
fine degli anni,107266
di una serie,107249
l' effetto di,107204
in una casa,107193
per vedere se,107169
con uno sguardo,107097
prima volta in,107084
l' aiuto di,107082
con un tono,107011
a che vedere,107002
gli esseri umani,106927
ho già detto,106759
che si trovano,106716
è l' unico,106693
la definizione di,106691
testo unico delle,106673
"anni , e",106385
tutto a posto,106327
lì a poco,106270
"Giuffrè , Milano",106090
nel territorio dello,106084
si veda il,106063
un minimo di,105913
le sue dita,105912
quasi tutti i,105908
paio di volte,105877
diverse da quelle,105842
se non avesse,105840
i criteri di,105769
in relazione ai,105577
con la forza,105538
l ' ultima,105530
"sì , sì",105513
una tazza di,105487
perché non mi,105459
e quello che,105421
mi ha dato,105342
e di cui,105327
ci fu un,105298
per cui il,105288
in base ai,105274
che il mondo,105223
ma lei non,105114
ricorso per cassazione,105110
aveva cercato di,105079
la Corte ha,105023
far sì che,105007
e mi sono,104998
si ritiene che,104946
che sono stati,104850
che ti ho,104795
l' espressione di,104772
che la gente,104680
del sistema di,104677
ma non ho,104563
vigore del presente,104539
e di conseguenza,104401
il diritto alla,104165
va tutto bene,104080
fece un passo,104058
il giudizio di,104055
periodo in cui,104037
non lo è,103918
di vita e,103895
degli Stati membri,103848
fare in modo,103606
secondo le modalità,103499
avrebbe dovuto essere,103475
le volte che,103445
che per il,103435
le attività di,103406
contatto con la,103406
in condizioni di,103402
ma non per,103331
che la legge,103252
è un uomo,103197
era stato il,103170
del giudizio di,103161
l' unico modo,103149
il suo sorriso,103114
un attimo dopo,103113
con l' altra,103086
la testa per,103048
"caso , la",102931
è del tutto,102901
il più grande,102866
davanti agli occhi,102855
si veda anche,102846
ciò che mi,102839
sotto gli occhi,102831
e in quel,102817
la cosa non,102798
punto di riferimento,102781
nella mia vita,102672
"caso , il",102627
il viso di,102539
si avvicinò a,102454
"sì , lo",102441
si rivolse a,102418
con il mondo,102367
questo punto di,102366
se non mi,102308
Consiglio dei Ministri,102296
si girò verso,102273
su di un,102252
tra i suoi,102208
anche se è,102199
hanno bisogno di,102187
"che , nella",102048
a lungo termine,102039
la forma di,101976
su ciò che,101876
che lo stesso,101867
delle persone che,101841
dietro di lui,101701
tutta la mia,101614
ricerca di un,101561
ai suoi occhi,101479
l ' unico,101296
quello di un,101285
il titolo di,101275
a terra e,101216
di parlare con,101187
di un tempo,101146
che si fa,100918
e lo stesso,100865
tutti gli effetti,100830
che sia stato,100765
ha deciso di,100717
sulla base dei,100687
di un bambino,100625
della pubblica amministrazione,100614
consiglio di amministrazione,100598
caso di specie,100592
hai bisogno di,100590
non si fosse,100518
periodo d' imposta,100440
la morte del,100344
esistenza di un,100329
si limita a,100280
parte dei casi,100276
su una sedia,100209
i casi di,100208
la sua bocca,100194
di avere una,100190
è l' unica,100174
"lui , che",100117
per una volta,100097
se non per,100086
scadenza del termine,100044
società di capitali,100043
per il futuro,99982
sostituite dalle attuali,99808
al giudice di,99682
di un atto,99620
nello stesso senso,99571
che mi sono,99571
nella sua stanza,99560
"poi , con",99529
ha detto di,99520
ho cercato di,99493
fatto è che,99362
proprio in quel,99342
di sé e,99302
in seguito a,99089
non sarebbe mai,99042
e a volte,99039
in questa sede,99035
è la sua,99033
che la cosa,99029
fece una pausa,99025
tutti i miei,98968
e lei non,98949
la prossima volta,98864
per cui si,98831
ciò di cui,98776
"però , che",98763
tono di voce,98759
davanti a una,98643
meno di un,98605
era stata la,98586
a parlare di,98570
con le quali,98557
in quei giorni,98543
fra le braccia,98528
la proposta di,98437
che non l',98426
contro il muro,98407
che non avevo,98395
le operazioni di,98377
più che altro,98354
che i due,98330
a fare una,98320
che la nostra,98265
e i miei,98248
non ti ho,98237
me l' ha,98199
Corte di cassazione,98111
"bis , comma",98058
a prendere il,98048
i rapporti tra,98027
dire che la,97938
la sua morte,97915
e lui non,97888
una parte del,97863
ma che non,97823
che ho fatto,97809
che la loro,97741
la moglie di,97735
che a volte,97723
del capitale sociale,97695
i capelli e,97693
di fare una,97665
una ventina di,97625
ho deciso di,97611
che era successo,97594
ho intenzione di,97436
di uno Stato,97428
con un sospiro,97349
po ' d',97227
volta che si,97222
di fare il,97144
a seconda della,97129
non si applicano,97054
avrebbe potuto essere,97054
qualcosa del genere,97000
po ' a,96964
al momento in,96931
non sono un,96907
prima ancora che,96859
in questo periodo,96856
lo sguardo verso,96795
simile a quello,96789
e che cosa,96772
quando si tratta,96761
fece una smorfia,96694
che gli uomini,96684
che era una,96674
con la bocca,96605
fra le mani,96584
era un po,96486
e la cosa,96478
prima di andare,96442
di cui sopra,96392
in quel caso,96361
mano a mano,96351
come si può,96342
la ricerca di,96324
"II , p",96249
società per azioni,96222
le parole che,96144
a destra e,96105
e le modalità,96097
e da un,96078
a tutto il,96067
"sì , certo",96064
po ' in,95997
con la loro,95992
da un pezzo,95981
era riuscita a,95970
che vedere con,95969
in mente di,95954
e iniziò a,95903
il provvedimento di,95788
non avrebbe dovuto,95774
di migliaia di,95731
disposizioni del presente,95725
Agenzia delle Entrate,95724
mano sulla spalla,95716
prendere in considerazione,95600
ma anche la,95596
periodo di tempo,95545
abbassò lo sguardo,95487
del Consiglio di,95397
e in questo,95379
che aveva in,95359
venne in mente,95345
Corte di giustizia,95292
"tuttavia , la",95284
per poco non,95281
la procedura di,95237
le cose non,95236
fin dei conti,95233
di un processo,95217
ciò che gli,95209
l' ho visto,95192
entrambi i casi,95135
l' utilizzo di,95103
niente di più,95066
l' ho detto,95058
tre o quattro,94990
con il nome,94952
si avvicinò al,94949
maggior parte di,94938
che gli si,94901
se stesso e,94822
a quella del,94730
in fin dei,94704
non significa che,94658
per più di,94655
davanti alla porta,94655
tutti i costi,94644
a prima vista,94594
ragione per cui,94590
con un filo,94574
il dovere di,94555
un pizzico di,94547
"infatti , non",94529
non mi hai,94511
da cui si,94491
nei casi previsti,94468
era quello che,94462
da questo punto,94435
in Italia e,94427
e cercò di,94421
a favore della,94389
il termine per,94388
veri e propri,94328
il quale è,94282
le mani di,94268
si sforzò di,94256
e io mi,94247
era una donna,94102
e quindi non,94083
ho capito che,94060
di nuovo e,94049
"ma , come",94049
aveva gli occhi,94040
di un contratto,93986
una di queste,93968
porta d' ingresso,93957
non era stata,93953
i due uomini,93907
a seconda del,93837
è stato abrogato,93794
per quale motivo,93780
di entrare in,93779
che si possa,93779
la quantità di,93669
che con la,93658
sale e pepe,93611
a me non,93541
di tutto questo,93517
quarto d' ora,93496
sarebbe stata la,93492
per la verità,93469
davanti a lei,93368
e alla sua,93307
di una cosa,93192
per il mondo,93026
della sua famiglia,93022
credo che sia,92932
e delle sue,92930
che aveva visto,92875
che mi hai,92846
che si chiama,92836
con cui il,92822
la mano sulla,92782
in modo diverso,92688
gli occhi chiusi,92680
fronte a un,92665
d' ora in,92663
che ci ha,92648
delle cose che,92633
un milione di,92614
metà degli anni,92606
di ogni altra,92569
che il loro,92564
e che è,92536
non ha più,92514
è quella che,92506
quello che le,92497
quello che ci,92467
e degli altri,92465
di un rapporto,92387
su di sé,92383
"casa , e",92329
da quando era,92295
scrollò le spalle,92264
a portata di,92243
Corriere della Sera,92157
anche se si,92087
permesso di soggiorno,92087
e non ha,92078
in attesa che,92058
un respiro profondo,92053
su tutte le,91994
può dire che,91983
per la gestione,91972
che doveva essere,91882
che ci fosse,91880
è riuscito a,91873
per la testa,91852
con riferimento alle,91813
ad ogni modo,91791
di una somma,91772
l' amore con,91749
di questo libro,91720
nei pressi di,91718
posto di lavoro,91715
prima cosa che,91700
più che mai,91659
sentenza di condanna,91653
la reclusione da,91653
della morte di,91650
come aveva fatto,91596
l' ipotesi di,91550
voglio che tu,91524
e se lo,91453
non aveva ancora,91425
che le persone,91425
a causa delle,91408
si chiese se,91347
del concetto di,91342
in una posizione,91339
contro il suo,91338
è lo stesso,91325
da un po,91205
ma non posso,91172
ce l' ho,91135
e a un,91102
non sia stato,91077
a un uomo,91045
gli ho detto,91034
po ' per,91033
ce l' ha,90998
a quel tempo,90988
come se fossi,90988
in molti casi,90985
era quello di,90976
il progetto di,90951
e per gli,90950
sarebbe stata una,90906
nel corso dei,90840
entro trenta giorni,90812
non mi è,90810
nello stesso modo,90800
in merito alla,90747
non l' avrebbe,90733
e che le,90726
gran numero di,90695
a suo tempo,90676
nel caso della,90660
era l' unico,90646
che cosa si,90596
prima di essere,90572
che devono essere,90538
solo che non,90490
cui al primo,90489
il tempo per,90476
una buona idea,90475
rimase in silenzio,90442
di là delle,90294
che i miei,90259
della vita e,90239
la perdita di,90210
conto che non,90209
era l' unica,90202
in caso contrario,90160
può darsi che,90156
fatto che i,90148
un centinaio di,90148
per evitare di,90132
se non ti,90131
per fare un,90088
per tutti gli,90066
del decreto legge,90064
con la voce,90051
dire che il,90048
un tipo di,90042
era chiaro che,90020
fare l' amore,89997
in cui un,89957
aprì gli occhi,89932
alla base della,89907
si applicano anche,89859
la propria vita,89855
con la sentenza,89820
coloro che hanno,89816
ma non ne,89815
in ogni modo,89792
delle condizioni di,89778
nel caso del,89773
che non possono,89767
ha cominciato a,89767
è il momento,89730
che non abbia,89686
la città di,89671
a norma del,89651
sua capacità di,89608
con il tempo,89605
resi conto che,89560
i due si,89548
non ti preoccupare,89493
un contratto di,89478
la sua pelle,89464
vigore della legge,89416
l ' ultimo,89378
quella in cui,89376
ed è stato,89333
il giudice di,89317
come in un,89310
per la seconda,89306
la porta di,89304
il decreto di,89244
come fai a,89217
imposte sui redditi,89209
disposizioni in materia,89178
non era in,89177
la seconda volta,89160
volta per tutte,89160
trenta giorni dalla,89134
quello che hai,89124
con l' art,89119
in cambio di,89107
e lei si,89069
nel giudizio di,89053
quelli che si,89007
della legge di,88889
la tua vita,88850
aveva mai visto,88826
d ' un,88784
della domanda di,88740
rese conto di,88734
di Dio e,88715
"tempo , e",88687
nelle mani di,88591
per qualche minuto,88577
la mia mente,88526
e tutti gli,88525
al termine del,88494
tutti i casi,88435
nel suo complesso,88400
per la sicurezza,88387
il capo e,88356
quello che stava,88355
la mano per,88327
che mi hanno,88325
conto di quanto,88316
per la parte,88293
cosa che mi,88282
della vita di,88277
che mi è,88277
a mettere in,88229
e che l',88144
essere oggetto di,88125
in prima persona,88103
simile a quella,88061
e al suo,88052
rispetto a quelli,87934
ma anche in,87919
e quella di,87890
nel termine di,87870
di andare in,87802
e un altro,87787
trattava di una,87784
da molto tempo,87782
con tanto di,87771
la sanzione amministrativa,87723
quasi tutte le,87704
la formazione di,87696
di fare la,87691
gli uomini che,87678
il suo amico,87677
lo sguardo su,87673
con la punta,87667
l' adozione di,87664
in questo contesto,87659
con l' altro,87628
e i due,87549
il quale non,87517
al termine della,87502
che ne dici,87485
la quale il,87444
con un uomo,87422
in ragione della,87417
come quella di,87416
non so perché,87407
che fino a,87405
e poi non,87386
per la salute,87384
"loro , e",87383
non mi sembra,87363
scuotendo la testa,87338
in fretta e,87316
non è affatto,87313
che era il,87268
ma in quel,87179
della Corte costituzionale,87171
per motivi di,87157
con il Ministro,87134
un modello di,87123
gli atti di,87061
la sua storia,87038
tutte le persone,87009
i quali si,86980
con la propria,86976
si trovava in,86954
a parte il,86951
"e , più",86938
su di loro,86911
io non so,86907
non voleva che,86906
a tre anni,86901
e quello di,86883
la fine di,86866
è sempre stato,86855
alla fine si,86709
a mia madre,86646
con le parole,86575
viene in mente,86560
in preda a,86546
paio di giorni,86518
per l' esecuzione,86484
a uno dei,86469
del potere di,86404
"che , da",86399
niente a che,86395
ed in particolare,86334
degli enti locali,86330
non ho più,86318
dietro di sé,86305
in direzione di,86302
"no , è",86293
era una cosa,86245
ma non poteva,86233
si voltò a,86211
in cui ha,86159
nel bel mezzo,86106
e non sono,86079
prese la mano,86020
vere e proprie,85999
il quale la,85927
con il loro,85876
a guardare il,85866
che non erano,85840
quali sono le,85819
il significato di,85812
di questo genere,85806
da queste parti,85729
il mio lavoro,85721
si trova a,85719
una pluralità di,85676
l ' attività,85667
fare quello che,85604
in occasione di,85558
nei primi anni,85509
che la donna,85465
al pari di,85465
è la stessa,85427
anche se l',85358
è solo una,85301
l' uomo è,85292
"Mondadori , Milano",85282
per molto tempo,85276
a lei e,85224
secondo quanto previsto,85160
e i capelli,85142
e si sedette,85125
seconda metà del,85093
non è per,85049
nel modo più,85006
una manciata di,85000
a cui non,84937
agli occhi di,84899
a pensare a,84881
in virtù del,84821
che un uomo,84775
l ' acqua,84735
d ' acqua,84727
"inoltre , la",84693
in avanti e,84635
anche per i,84604
in mezzo alle,84575
l ' ha,84572
avevo bisogno di,84572
di aver fatto,84497
corte d' appello,84490
per non essere,84475
in tempo per,84392
una sensazione di,84379
a contatto con,84365
ai fini di,84320
il giorno seguente,84301
più delle volte,84292
che tipo di,84288
il valore della,84283
si schiarì la,84272
concerto con il,84261
per cento del,84232
il più delle,84195
per il bene,84122
l' ho mai,84066
ma se non,84058
a che punto,84052
si avvicinò e,84045
era solo un,83999
a mio padre,83955
abbiamo bisogno di,83948
come quello di,83872
si mise in,83814
nel suo ufficio,83794
i miei amici,83759
per effetto della,83747
che si possono,83724
"invece , la",83719
ha dichiarato l',83663
l' abitudine di,83643
andare a letto,83631
a che non,83616
fatto che le,83608
le mani sul,83560
a mano che,83526
è il più,83497
contratto di lavoro,83492
"poi , quando",83449
in mezzo ai,83413
i suoi uomini,83405
l' uomo non,83398
o da un,83360
nel quale si,83323
l' opera di,83300
il piano di,83279
anche se era,83276
in virtù di,83273
gli uomini di,83269
ai suoi piedi,83248
me ne vado,83220
che il tempo,83179
che lo ha,83156
piano di sopra,83154
di fronte ad,83067
vigore della presente,83053
ciò significa che,83053
che me ne,83041
l' occasione di,82986
visto che non,82973
anche per le,82913
"ma , in",82910
mi pare che,82907
in un unico,82876
un certo numero,82852
un sospiro di,82775
un esempio di,82765
non si trattava,82762
di cui era,82759
solo per il,82709
l' ultima cosa,82672
bicchiere di vino,82646
quel momento non,82616
dei dati personali,82600
con le altre,82588
a quanto pareva,82565
il suo posto,82506
di applicazione della,82486
dietro la schiena,82401
l' illegittimità costituzionale,82382
la porta del,82282
se ci fosse,82225
chiuse la porta,82205
di un terzo,82186
che si sia,82181
entrambe le mani,82163
un giorno di,82093
arrivato il momento,82037
l ' aria,82022
come se volesse,82010
"comma , del",82005
contro la sua,81995
negli ultimi tempi,81990
"o , se",81942
la nostra vita,81929
di beni e,81924
e con gli,81918
previsto dalla legge,81872
l' esercizio di,81865
che non la,81853
quel tipo di,81824
e un paio,81810
fare i conti,81809
"vita , ma",81807
la sua testa,81794
non ci sarebbe,81766
della sentenza di,81737
cenno del capo,81657
in un ambiente,81547
non è altro,81539
alle mie spalle,81536
un essere umano,81478
cui è stato,81423
"prima , e",81312
perché non è,81300
la voce del,81288
di tempo per,81269
Consiglio dei ministri,81266
dello Stato e,81205
beni e servizi,81193
tra le dita,81154
in cui l,81130
certo numero di,81128
sospiro di sollievo,81119
l' applicazione di,81060
del mondo e,81043
la cosa che,80997
"bene , e",80991
niente da fare,80959
di colui che,80941
verso di loro,80938
in tutti gli,80927
in una sorta,80906
io non mi,80902
me ne sono,80859
l' applicazione della,80786
che il tuo,80772
portata di mano,80754
che ciò che,80735
non sono in,80733
sia per la,80733
fu allora che,80723
in questa fase,80720
non solo di,80687
fosse stato per,80643
sono d' accordo,80636
distolse lo sguardo,80622
tra me e,80598
ci sono i,80598
è il primo,80595
a tempo determinato,80571
in vita sua,80537
i suoi figli,80524
più in alto,80474
i conti con,80443
alla presenza di,80351
in occasione della,80344
gli altri due,80323
anche il suo,80311
in silenzio per,80282
si trasforma in,80266
su quello che,80242
"Oh , sì",80218
a livello nazionale,80193
"che , nonostante",80149
in senso stretto,80094
che tu mi,80091
aveva intenzione di,80089
che di solito,80084
davanti a loro,80042
di fronte alle,80029
che ci siamo,80014
nulla a che,79991
legge di conversione,79931
una sola volta,79927
a suo agio,79906
su se stesso,79905
con il proprio,79865
e poi mi,79821
l' un l',79790
dichiarato l' illegittimità,79786
bisogno di essere,79727
sono certo che,79720
per via di,79709
simile a un,79686
fra l' altro,79678
il tema della,79666
il controllo della,79632
Corte di Giustizia,79580
che le era,79576
cui alla lettera,79536
fuori dalla finestra,79503
più in fretta,79499
di essere una,79458
di qualcosa di,79449
quali sono i,79439
di continuare a,79430
"che , non",79360
che se non,79324
è altro che,79313
di una parte,79306
"certo , ma",79305
e da una,79292
non l' ha,79262
fare con la,79261
di fuori di,79252
nel processo di,79249
pagamento di una,79215
la mano sul,79196
si avvicinò alla,79195
parte del suo,79190
diritto di voto,79172
il tasso di,79163
e andò a,79155
in quello che,79129
corte di appello,79116
se fosse stata,79076
nel corso delle,79070
e la vita,79058
al momento di,79056
a guardare la,79034
di fuori del,78999
a proposito della,78990
passare del tempo,78983
anche se le,78980
da parte mia,78959
anche la sua,78955
"infatti , l'",78952
soggetti di cui,78951
con la faccia,78904
della nostra vita,78872
gli effetti della,78841
quel che è,78800
un quarto d',78665
la donna si,78662
"e , dunque",78662
che non avevano,78654
un primo momento,78653
ad un certo,78629
ha cercato di,78618
e poi il,78615
non era così,78614
la riforma del,78610
e allo stesso,78600
ora in poi,78573
per la nostra,78557
rispetto a quelle,78547
la mattina dopo,78510
che era in,78507
a tutta la,78489
portare a termine,78485
per il periodo,78475
con ogni probabilità,78459
"che , di",78444
e di nuovo,78435
a quello del,78431
si è mai,78421
il nome della,78396
come tutte le,78392
quando si era,78362
al decreto legislativo,78347
io non posso,78300
non ci sia,78280
non sapevo che,78243
il giudice può,78218
parte della dottrina,78191
per un paio,78159
e non la,78158
a carico di,78135
al primo comma,78093
al termine di,78088
in favore di,78059
"e , al",78053
il giorno successivo,78041
contatto con il,78037
tutto quel che,77989
l ' art,77986
per ragioni di,77941
alla possibilità di,77919
ma anche il,77806
previsti dalla legge,77786
le ho detto,77772
e lui si,77761
non è questo,77752
al quale si,77739
misure di sicurezza,77676
il piacere di,77667
di chi è,77666
"infatti , è",77660
sapeva che non,77656
ciò che ha,77653
il procedimento di,77642
parte della sua,77629
che vi si,77607
con un certo,77564
a sua madre,77507
tutti gli elementi,77494
il senso della,77490
quanto riguarda le,77392
in cima alla,77345
e che in,77331
che lui aveva,77325
di lavoro a,77310
a dire la,77275
a seconda delle,77266
durante il periodo,77265
l ' uso,77244
la posizione di,77232
ci sono anche,77202
la sua forza,77201
verità è che,77180
tra le altre,77145
un altro uomo,77124
che sarebbe stata,77098
di un soggetto,77093
nella speranza di,77064
più forte di,77009
aggrottò la fronte,76980
la scelta del,76925
il delitto di,76915
quella che si,76897
più di due,76839
è il tuo,76836
contro di me,76811
è meglio che,76809
nel cuore della,76801
ciò che la,76763
la sua faccia,76696
venuto in mente,76646
con le mie,76636
non è di,76603
la distinzione tra,76595
che ti ha,76591
maggior parte del,76582
Corte dei conti,76572
quello di cui,76528
di cui la,76512
da più di,76490
su tutto il,76479
si era già,76462
un braccio e,76459
rapporti di lavoro,76457
la più grande,76438
le forme di,76351
come è stato,76301
ha chiesto di,76292
e si voltò,76271
"tempo , ma",76253
il suo modo,76235
per il lavoro,76232
sono state inserite,76229
si tratta della,76227
modo che il,76221
a suo padre,76214
che per un,76214
che si sta,76178
"ma , per",76177
gran parte della,76171
con una donna,76121
che lei aveva,76081
fra i due,76067
d ' oro,76000
i diritti di,75999
Tutti i Diritti,75990
del periodo di,75968
che quello che,75958
in camera sua,75925
la Suprema Corte,75924
che razza di,75896
che io sia,75887
"Oh , no",75837
e una volta,75830
mi è stato,75782
per un lungo,75768
nel rispetto delle,75751
per un altro,75739
in onore di,75729
il suo amore,75723
una cosa simile,75682
duplicazione del presente,75663
suoi occhi si,75656
l ' anno,75639
si fermò e,75626
dire una parola,75624
con l' aria,75600
"me , non",75525
ma è anche,75483
che la stessa,75480
po ' la,75473
il modello di,75468
per effetto di,75467
in virtù della,75445
un gran numero,75444
tutte le mie,75438
alla base di,75431
al presente articolo,75415
in seguito alla,75383
era molto più,75382
di lavoro che,75348
di un bene,75335
e io sono,75316
"tuttavia , il",75305
rendo conto che,75286
io l' ho,75277
in quanto l',75246
al pubblico ministero,75210
a seconda che,75208
ogni tipo di,75174
con le gambe,75132
solo per un,75115
ma è un,75086
dire la verità,75085
dietro di lei,75074
lo sguardo fisso,75026
e non per,74995
al principio di,74972
tutti i diritti,74955
tanto più che,74943
faccia a faccia,74938
in funzione di,74936
che erano stati,74925
tu non sei,74925
"e , mentre",74913
non solo la,74912
di due anni,74912
qualcosa di diverso,74909
che sono in,74904
bianco e nero,74885
in qualsiasi momento,74884
i casi in,74878
il problema di,74872
mi hai detto,74867
la nascita di,74849
per l' appunto,74843
che se la,74838
"e , pertanto",74807
a bordo di,74807
gli occhi fissi,74775
nel registro delle,74769
alla base del,74724
con riferimento ai,74712
ha a che,74702
"invece , il",74663
fatto di essere,74652
davanti al giudice,74626
per lo svolgimento,74609
per la tua,74561
su di te,74548
sul suo viso,74483
del consiglio di,74474
e si alzò,74459
una condizione di,74443
che il fatto,74362
ma per il,74345
le braccia di,74336
d ' amore,74333
o in un,74240
alla luce delle,74178
era evidente che,74165
dalla presenza di,74156
a casa con,74148
per via della,74134
per il nostro,74132
stato lui a,74120
uno dei miei,74111
dopo l' altra,74073
il gruppo di,74068
una delle due,74059
non ne aveva,74056
il cuore che,74051
società di persone,74017
dei mezzi di,74010
la mano destra,74008
"vero , ma",74006
si rende conto,73949
l ' Italia,73910
nel mese di,73906
risarcimento dei danni,73906
in punta di,73893
lei non aveva,73878
a mano a,73863
hanno detto che,73860
"ma , se",73856
per la costruzione,73800
subito dopo la,73771
io credo che,73761
"invece , è",73760
le spese di,73758
ma non ha,73738
nel campo della,73715
dei servizi di,73700
che cosa ci,73688
che era la,73663
modo che non,73637
cercando di non,73633
l' attenzione di,73631
del termine di,73609
paio d' ore,73599
in ogni momento,73589
i quali non,73548
le funzioni di,73531
campo di battaglia,73506
fronte a una,73478
era il momento,73476
era uno dei,73446
più di tanto,73425
quelli che non,73421
per la propria,73421
e di altri,73396
di un paio,73373
di cui aveva,73357
questo genere di,73354
e che i,73349
volte al giorno,73316
di trovare un,73310
lui non aveva,73293
ho mai visto,73279
"lei , che",73248
con le labbra,73224
milioni di dollari,73201
e si avvicinò,73190
per questa ragione,73176
se fosse un,73168
delle disposizioni di,73132
la sua posizione,73121
"ma , a",73110
conto che la,73031
filo di voce,73028
i soggetti che,73028
con la lingua,72981
il mondo è,72979
l ' esistenza,72977
il legislatore ha,72958
in quella casa,72948
la costituzione di,72871
nella vita di,72862
una quantità di,72838
"qualcosa , ma",72834
porta di casa,72807
di uno o,72789
il suo respiro,72753
stato in grado,72752
per riuscire a,72741
l' ha detto,72690
sopra la testa,72670
cui è stata,72661
di un grande,72636
e l' aveva,72627
uno Stato membro,72603
e l' ho,72594
del procedimento di,72583
e a quel,72562
se non l',72529
di chi ha,72525
certo che no,72479
Indice Dei Versi,72470
tutte le informazioni,72466
cui ci si,72464
che il legislatore,72411
la cosa migliore,72401
"so , ma",72382
in cui sia,72337
per la produzione,72335
sia in grado,72321
giunto il momento,72282
mi aveva detto,72242
negli occhi e,72225
per qualche secondo,72197
un piano di,72181
la sua stessa,72161
la porta alle,72156
dopo di che,72148
delle Nazioni Unite,72131
la figlia di,72130
sul letto e,72126
giudice di merito,72103
che aveva appena,72101
si tratta del,72096
la quale è,72076
delle attività di,72021
dichiarazione di fallimento,72016
di una grande,71984
fa sì che,71965
non è da,71957
con la massima,71951
aveva smesso di,71941
"inoltre , il",71935
per la strada,71921
con la tua,71916
dal canto suo,71913
a quelli di,71892
e può essere,71887
di un mondo,71874
che suo padre,71865
su tutti i,71818
del Parlamento europeo,71801
che aveva avuto,71798
in un paese,71774
a proposito del,71766
con gli amici,71752
in vigore il,71744
da uno dei,71715
per la stanza,71713
di sicurezza e,71712
e in ogni,71711
anche un po,71706
di pensare a,71700
ma questa volta,71692
su questo punto,71650
era sempre stato,71621
di posta elettronica,71608
un campo di,71604
che hai fatto,71582
il primo giorno,71575
lacrime agli occhi,71574
di qualcosa che,71522
termine per la,71489
dietro di me,71485
un tentativo di,71464
non del tutto,71463
"mondo , e",71462
tra i più,71452
l' esercizio del,71421
che non avrei,71417
in direzione del,71407
l' incarico di,71407
non sia stata,71381
in funzione della,71381
con il passare,71354
del XX secolo,71342
per la città,71309
punta di piedi,71305
che con il,71265
con i piedi,71264
che permette di,71255
momenti in cui,71250
la parte più,71245
le gambe e,71242
unico modo per,71232
aveva voglia di,71219
"terra , e",71218
coloro che sono,71204
lo guardò con,71171
come gli altri,71162
del provvedimento di,71132
"me , che",71132
una delle parti,71108
alla data del,71095
sarebbe stato il,71075
una coppia di,71071
come se l',71058
lui non si,71034
di quanto si,71031
nel rispetto dei,70992
sua voce era,70956
è capace di,70941
ed è un,70926
che l' avrebbe,70912
di Santa Maria,70902
un gesto di,70883
di dieci anni,70875
si rendeva conto,70862
base di un,70839
al mio fianco,70839
si applica anche,70804
fronte a lui,70790
il suo tono,70787
che la tua,70776
che si trattasse,70776
che si fosse,70771
l ' autore,70738
e l' uomo,70732
e al tempo,70729
è un problema,70702
le lacrime agli,70699
quello che vuoi,70691
a che cosa,70674
non si fa,70674
qualcosa di simile,70661
del XIX secolo,70647
che è l',70628
dove si trova,70562
modo tale da,70533
l' onere di,70499
di ricerca e,70465
a mezzo di,70448
durante la notte,70408
"padre , che",70382
prima guerra mondiale,70375
volta che la,70340
il controllo di,70327
e si fermò,70327
ultima cosa che,70287
il rischio che,70270
in se stesso,70262
al pensiero di,70236
con una voce,70234
le mani sulle,70233
a favore dei,70230
una mano per,70222
non sarebbe stata,70198
resto del mondo,70197
scuote la testa,70182
di riferimento per,70181
in quel luogo,70145
ogni forma di,70143
la causa di,70130
che mio padre,70110
per la determinazione,70080
che a sua,70076
come si chiama,70022
tra la folla,70011
prima di partire,69984
la figura di,69978
di vista della,69973
la parte di,69973
se non vi,69962
prima ancora di,69953
non sono stati,69944
è la più,69930
vi è un,69929
ogni altra cosa,69892
per cui è,69860
della possibilità di,69847
l' aspetto di,69838
che non voleva,69830
di sua moglie,69823
più di ogni,69817
nessuno di noi,69813
l' odore di,69776
e me ne,69762
decreto legislativo n,69746
si mette a,69740
una dozzina di,69711
d ' Italia,69710
parte del mondo,69710
sotto il suo,69700
non si possono,69698
un problema di,69674
del secolo scorso,69672
e il mondo,69665
la sua prima,69661
si veda la,69648
per la formazione,69615
la responsabilità di,69613
mi sa che,69607
di un progetto,69580
se non in,69556
come tutti gli,69552
la speranza di,69530
stava cercando di,69506
non è l',69485
in un secondo,69478
in cui viene,69464
si girò e,69460
I signori azionisti,69408
le mie mani,69397
per l' applicazione,69385
quanto riguarda l',69373
"anni , ma",69370
di qualcuno che,69316
non poté fare,69313
in regime di,69311
e per quanto,69274
padrone di casa,69241
giorno dopo giorno,69240
della città di,69225
per quanto attiene,69214
ha diritto di,69196
la sua casa,69188
e la morte,69164
il presidente del,69142
come per esempio,69135
azionisti sono convocati,69132
le labbra e,69123
verso il cielo,69114
"che , una",69113
lei non si,69110
si applica l',69094
di pubblica sicurezza,69082
ma quello che,69066
con particolare riferimento,69052
dritto negli occhi,69020
mio padre e,68999
e nello stesso,68973
e che era,68948
del decreto di,68931
le due donne,68928
e fece un,68919
è probabile che,68914
in un punto,68913
i suoi compagni,68908
il mio primo,68888
salvo quanto previsto,68869
una sola parola,68821
l ' attenzione,68797
che consente di,68773
e che mi,68752
si occupa di,68728
di fuori della,68720
