ngram,freq
I do not know,17575369
at the same time,17297644
the end of the,16282690
at the end of,14021375
in the United States,13692678
on the other hand,13356239
in the case of,11636010
the rest of the,10788671
as well as the,9773942
did not want to,9314670
one of the most,8631547
for the first time,8352480
as a result of,8262006
do not want to,8226821
I do not think,7744914
I do not want,7460663
in the middle of,7051145
"for example , the",6979178
in whole or in,6873472
on the basis of,6784577
whole or in part,6778186
in the form of,6697164
May not be copied,6419857
I 'm going to,6403312
is one of the,6311907
"be copied , scanned",6301687
"or duplicated , in",6249353
Due to electronic rights,6248517
"duplicated , in whole",6216537
"scanned , or duplicated",6197460
in the context of,6164702
be suppressed from the,6156912
some third party content,6156606
may be suppressed from,6152940
content may be suppressed,6146367
party content may be,6118471
third party content may,6105827
of the United States,6071704
"rights , some third",6026474
suppressed from the eBook,6009141
"electronic rights , some",5998301
from the eBook and,5979834
it is important to,5860470
in front of the,5697647
the middle of the,5634026
to be able to,5432413
if you do not,5363609
at the time of,5358928
the top of the,5328055
the fact that the,4945765
I did not know,4754647
do not know what,4573627
the edge of the,4550055
can be used to,4413827
the back of the,4357641
do not have to,4344739
was one of the,4262626
the beginning of the,4257338
on the other side,4089256
you do not have,4063587
the nature of the,4012458
Parallel Bible Halseth English,3994121
at the beginning of,3943555
the other side of,3855745
in terms of the,3855486
on the one hand,3817929
for a long time,3812328
the side of the,3801451
in addition to the,3689154
in the presence of,3681959
with respect to the,3636033
but I do not,3621471
in the absence of,3606088
in the first place,3605871
the bottom of the,3586718
I did not want,3561438
not be able to,3549739
at the University of,3545183
"New York , NY",3519042
the name of the,3481942
"for example , in",3424323
it is possible to,3359957
a member of the,3348542
as part of the,3342798
in the face of,3268467
was not going to,3259824
in the course of,3239573
by the end of,3237798
if you want to,3202746
in a way that,3195969
the size of the,3183069
and I do not,3179605
for the purpose of,3176491
when it comes to,3169411
on the part of,3136958
I do not have,3132692
a great deal of,3130256
other side of the,3094255
at the top of,3093511
in the midst of,3085128
in the same way,3078280
the United States and,3059387
the center of the,3052891
in accordance with the,3034128
the time of the,3033765
"In addition , the",3030565
a wide range of,3021165
you 're going to,3008418
"for example , a",2990654
for the sake of,2977392
he was going to,2934128
the extent to which,2934064
the use of the,2927929
"that is , the",2896898
he did not want,2896750
did not know what,2884348
as shown in Figure,2799668
that there is a,2763051
in relation to the,2758077
but he did not,2742918
the value of the,2735287
as well as a,2697515
I 'm not sure,2681207
for the rest of,2674098
a large number of,2664196
she did not want,2644690
in the name of,2636569
the role of the,2636051
I want you to,2630904
you do not know,2630786
a result of the,2617078
do not know how,2616805
"in fact , the",2608790
to the fact that,2601871
the case of the,2594436
was going to be,2576633
he did not know,2560850
in front of him,2553857
you do not want,2549246
I was going to,2548567
"for example , if",2545477
nothing to do with,2533682
what do you think,2532787
to do with the,2530911
in the direction of,2528512
why do not you,2524695
can be found in,2514931
is based on the,2504681
the way in which,2495888
I would like to,2489226
will be able to,2471757
did not have to,2471418
as a function of,2441515
as one of the,2432684
"however , it is",2425621
in one of the,2422920
from time to time,2417861
the head of the,2417185
but I did not,2393678
in the process of,2390720
a part of the,2372037
the development of the,2344263
not want to be,2343559
in front of her,2314331
it is difficult to,2311209
we 're going to,2293337
I 'd like to,2287247
at the bottom of,2286741
the direction of the,2282520
it is necessary to,2278320
for the most part,2277644
as a matter of,2275626
the ways in which,2253522
What do you mean,2252536
the course of the,2246501
the part of the,2235628
the two of them,2221227
it is clear that,2220079
in such a way,2219145
the first time in,2215830
that there is no,2191885
do not need to,2172438
he shook his head,2172321
but it was not,2166233
are you going to,2165947
it can not be,2164882
in the field of,2159998
it would have been,2156849
what are you doing,2149707
she did not know,2146959
of one of the,2146314
which of the following,2140753
do you want to,2132163
on the edge of,2131491
to go to the,2122280
the front of the,2122035
the surface of the,2119223
to the United States,2116355
she shook her head,2108077
took a deep breath,2106841
University of Chicago Press,2089911
to the extent that,2076481
not know what to,2064375
are more likely to,2063031
the basis of the,2056495
to get out of,2040973
the history of the,2035127
the form of a,2034208
the power of the,2033925
we do not have,2027171
by the fact that,2011912
did not seem to,2004923
she was going to,1994749
as well as in,1993182
I did not have,1992348
turned out to be,1986565
we do not know,1982566
do not have a,1975582
in the development of,1970423
the length of the,1964775
that he did not,1964322
"me , and I",1950963
with the help of,1946759
what 's going on,1930715
but she did not,1927111
with the exception of,1926990
the context of the,1920414
per cent of the,1911147
did not have a,1910555
"of course , the",1907871
to take care of,1896499
it would be a,1892351
but I can not,1882199
I do not like,1874639
in the light of,1862893
in the history of,1855432
it would not be,1854550
it was not a,1853666
on top of the,1844773
of the twentieth century,1834004
as soon as the,1832871
at the age of,1824619
not know how to,1820298
for the purposes of,1814425
of the fact that,1792972
one of the first,1792159
"other words , the",1783216
in an attempt to,1777155
with regard to the,1776451
"other hand , the",1773021
in the hands of,1770638
the back of his,1770136
should be able to,1765910
to the end of,1757105
would be able to,1752345
in spite of the,1749019
he did not have,1747571
the heart of the,1745632
at the heart of,1743601
in the way of,1737517
United States of America,1733385
the presence of the,1732232
on the side of,1731865
of the world 's,1729585
going to have to,1728917
in and out of,1728258
as we have seen,1724714
in the sense that,1717011
could not help but,1716912
that is to say,1714623
at the expense of,1714478
to one of the,1713847
in a number of,1708841
of the most important,1703394
out of the way,1702879
you want me to,1699140
I do not believe,1697493
the New York Times,1696813
I do not care,1694742
and I did not,1692912
the relationship between the,1690190
I 'm not going,1687640
as well as to,1683401
most of the time,1683272
in a variety of,1671766
do not think I,1665422
"this case , the",1662715
as part of a,1662137
University of California Press,1661770
"see , for example",1660733
what was going on,1660464
the face of the,1655153
to ensure that the,1651864
"for instance , the",1648424
did not have the,1648324
at the back of,1643716
be found in the,1634251
that 's what I,1625377
it was as if,1624190
the results of the,1621202
the United States of,1621046
in the back of,1616200
on the back of,1614809
the importance of the,1613967
and the United States,1613231
an important role in,1611758
as a means of,1609330
no part of this,1607786
the difference between the,1604013
would not have been,1596733
the quality of the,1594005
that can not be,1592756
that it would be,1588085
I do not see,1584818
as long as the,1583469
it is not a,1582940
it should be noted,1576138
I did not think,1574024
I can not believe,1573312
does not mean that,1571329
in the center of,1570455
"him , and he",1569160
did not know how,1568826
the fact that he,1567911
do not know if,1567745
the base of the,1564748
the best way to,1563595
in contrast to the,1562957
in front of me,1562721
I do not understand,1560284
but it is not,1560095
the presence of a,1556976
as if it were,1555484
the case of a,1555299
over the course of,1553544
the majority of the,1552488
the members of the,1542770
I am going to,1541129
in an effort to,1539095
on behalf of the,1538512
would have to be,1538251
the total number of,1535973
that it is not,1535909
a wide variety of,1532898
it does not matter,1532643
one of the best,1530518
to go back to,1520647
you do not need,1520010
at the level of,1518912
to the development of,1513344
what do you want,1511134
it was time to,1503148
as soon as he,1502623
but there was no,1500722
as soon as I,1499281
is going to be,1497330
the use of a,1496896
to look at the,1488615
despite the fact that,1486626
as far as the,1482136
as soon as possible,1480512
going to be a,1474646
when it came to,1474467
and at the same,1474056
the Second World War,1470066
is likely to be,1468331
have been able to,1467991
in a state of,1467474
do not have the,1465705
the position of the,1465620
"a result , the",1465227
as if they were,1464906
that it was not,1464587
and colleagues published their,1460375
published their study in,1459954
colleagues published their study,1459754
there was no way,1454722
as if he were,1453247
the structure of the,1448915
the work of the,1448904
to make sure that,1443496
the centre of the,1440358
that there was a,1436826
to deal with the,1434066
this is not the,1431666
to be in the,1431437
not have to be,1430796
some of the most,1428454
it was not until,1426964
such a way that,1426503
the start of the,1424441
the hands of the,1422978
this is not a,1422848
and the rest of,1422276
in the sense of,1421129
not going to be,1419474
it is easy to,1417669
the meaning of the,1416238
it is possible that,1412873
the level of the,1412388
of the nineteenth century,1412277
referred to as the,1411437
the purpose of the,1411332
all the way to,1408981
but I could not,1406357
I think it 's,1403891
that he was not,1389520
it was not the,1389189
the back of her,1387166
the way to the,1386801
there would be no,1386227
that there was no,1381638
the end of a,1376145
the development of a,1371284
in the area of,1367327
in order to be,1364878
that I did not,1364775
the only way to,1357529
at a time when,1349927
know what to do,1348414
and he did not,1346871
a copy of the,1342767
I would not have,1336833
will not be able,1336315
she did not have,1335036
in response to the,1325680
in the wake of,1323499
the vast majority of,1320605
in the event of,1319018
from the perspective of,1316989
it is impossible to,1316810
should be noted that,1316684
out of the room,1316361
"the world , and",1316156
the life of the,1313398
in the number of,1311554
of some of the,1310169
it is not the,1308857
"in particular , the",1308053
that you do not,1306340
if there is a,1304235
more likely to be,1301729
and one of the,1299479
is part of the,1298022
a bit of a,1294633
there has been a,1291163
but he could not,1290990
the sound of the,1286786
a function of the,1284210
the effect of the,1281268
in the eyes of,1279439
to get rid of,1278501
it is true that,1277712
if he did not,1274711
you are going to,1271386
for more information on,1267232
for a few minutes,1266605
is shown in Figure,1264589
in any form or,1263584
but it did not,1263309
and there was a,1260529
that can be used,1257224
may or may not,1256051
it will not be,1255081
"same time , the",1254840
it 's going to,1254737
an increase in the,1252532
it had been a,1252138
we are going to,1251633
on either side of,1251226
how do you know,1249290
"in fact , it",1247178
as far as I,1246113
that I do not,1245490
for the development of,1243555
form or by any,1242020
any form or by,1240806
can be seen in,1240338
at the edge of,1236376
do not you think,1234878
one of the few,1233224
that he could not,1232618
the other end of,1231585
in the treatment of,1231450
the sum of the,1230476
the light of the,1229890
not been able to,1229749
and I can not,1228530
I do not need,1225097
would not be able,1224964
that 's why I,1221167
in front of a,1220288
the second half of,1218234
up and down the,1218041
did not need to,1216969
the existence of a,1213489
do not know why,1212714
at the start of,1208301
as in the case,1207360
the same as the,1206621
to the point of,1206458
and there is no,1203839
that she did not,1202398
that it was a,1201916
to the top of,1201110
an example of a,1200684
both sides of the,1200512
is the same as,1198868
of a number of,1198392
could not have been,1197056
"to him , and",1195442
I was able to,1195282
review has deemed that,1194666
has deemed that any,1193814
deemed that any suppressed,1192941
in New York City,1192140
the manner in which,1191405
the rest of his,1191291
go back to the,1191276
to be found in,1187058
and the fact that,1185616
that any suppressed content,1182878
that he had been,1182871
any suppressed content does,1182751
suppressed content does not,1182334
does not have to,1181918
content does not materially,1180940
was the first time,1179735
the result of the,1179674
Editorial review has deemed,1177348
does not seem to,1176312
for each of the,1175954
over and over again,1174058
the fact that it,1173419
the idea of a,1170648
the impact of the,1170319
the degree to which,1170112
all over the world,1169741
a few of the,1168795
are a number of,1167076
as shown in Fig,1166991
I had no idea,1166551
you 'll have to,1164950
as long as you,1164736
if I do not,1164121
be one of the,1162486
it was the first,1161290
and it was not,1159468
all of a sudden,1157950
"her , and she",1156024
to that of the,1155801
the creation of a,1155626
in order to make,1154021
is an example of,1152989
might be able to,1152714
as if he had,1151039
but she could not,1150469
he was able to,1145993
I will not be,1143760
"this chapter , we",1142867
the remainder of the,1140954
the foot of the,1140004
the location of the,1139837
in the Middle East,1139110
I 'll tell you,1138946
you will not be,1138487
at the foot of,1136837
page intentionally left blank,1135301
on one of the,1135191
for as long as,1135126
This page intentionally left,1133785
out of the car,1132482
but I 'm not,1132367
a matter of fact,1131647
at the head of,1130827
if we do not,1130562
"and , of course",1129525
are likely to be,1128029
in the long run,1127804
or by any means,1127322
it is likely that,1126493
he was about to,1126391
the door of the,1125919
not seem to be,1125695
to get to the,1125293
there are a number,1124146
but he was not,1122580
the state of the,1119058
be used as a,1117257
can be used for,1117051
may be able to,1116714
other end of the,1116560
in a position to,1114980
for the benefit of,1113417
it is hard to,1112549
I want to be,1111901
and there was no,1108257
with the rest of,1106539
the terms of the,1106504
the influence of the,1106173
to return to the,1105760
if you can not,1105134
to take advantage of,1103915
was supposed to be,1103855
"however , there is",1103623
for a couple of,1103579
the same way as,1103360
it seems to me,1102356
reserves the right to,1102215
the story of the,1101876
in the United Kingdom,1101589
in view of the,1101127
from the fact that,1099666
and the number of,1099592
at the center of,1099482
would you like to,1096581
the corner of the,1094936
has been shown to,1094717
it is to be,1091534
and out of the,1090215
is important to note,1089258
as a consequence of,1087956
I did not mean,1084769
I 've got to,1082533
did not say anything,1080227
he had not been,1080059
the needs of the,1079925
it was one of,1078298
seems to have been,1077298
the rest of us,1075461
the first half of,1074402
the First World War,1073772
it must have been,1073766
"said , ' I",1073330
rest of the world,1070620
"to me , and",1070070
but it does not,1068170
why did not you,1066603
in light of the,1066462
as much as possible,1064141
the purpose of this,1063671
one of the main,1063207
does not want to,1062320
the scope of the,1061256
it did not matter,1060803
does not materially affect,1059607
it was too late,1058853
at the base of,1058507
the first time I,1058042
I 'm sure you,1057008
on the way to,1056170
not materially affect the,1054570
"additional information , contact",1054468
I was not sure,1054295
in the summer of,1053365
can be seen as,1053075
as if she were,1052608
the end of this,1052050
materially affect the overall,1050893
the form of the,1050497
a lot of people,1047950
affect the overall learning,1047471
the overall learning experience,1047124
I could not help,1045115
important to note that,1044948
get out of the,1044754
the fact that they,1044536
other parts of the,1042687
as a way of,1041769
the eyes of the,1039913
for the use of,1039218
of the number of,1039095
find a way to,1037483
the right of the,1037359
an integral part of,1036141
for the treatment of,1035952
there is also a,1035413
I can not help,1033840
do not have any,1032496
a deep breath and,1032459
"is , of course",1031792
on the surface of,1030921
through the use of,1030639
we do not want,1030302
is said to be,1029312
that one of the,1029166
from the University of,1027656
anything to do with,1021967
it was hard to,1021577
the creation of the,1020707
the right to remove,1020542
Learning reserves the right,1020454
Cengage Learning reserves the,1019500
do not worry about,1017845
a lot of time,1017799
one side of the,1015353
"the door , and",1015077
the United States in,1014137
you 've got to,1013148
it 's not a,1012160
the shape of the,1012129
by the time the,1011861
and the use of,1011751
one or more of,1010779
if I did not,1009958
as much as I,1009757
get out of here,1008558
something to do with,1008231
do not think so,1007766
the date of the,1007300
parts of the world,1007024
the last of the,1006661
in the nineteenth century,1004530
the effects of the,1004406
they do not have,1002573
to be one of,1002528
and she did not,1001916
as a form of,1001884
he would not have,1001358
it had to be,1000909
the point of view,1000897
that it is a,1000251
to the use of,999600
I ' m not,998981
the absence of a,998191
is the result of,997540
that they do not,997499
at the very least,997497
is the number of,995378
is due to the,995162
of the Holy Spirit,995003
it 's hard to,994925
"in fact , I",994833
if you have a,993990
it had not been,993347
"of course , but",992864
I do not even,992703
this part of the,992481
and I could not,992419
there can be no,990452
right to remove additional,990028
in charge of the,989877
"and , in the",989698
but at the same,988121
"he said , and",987885
in the living room,986907
the strength of the,986798
"for example , when",986174
out of the house,985250
"that , in the",985028
of the University of,984611
the turn of the,982625
of the United Nations,982179
in a series of,981657
as soon as they,980876
"example , in the",979733
is not going to,978281
and some of the,978152
"me , but I",977320
when I was a,976946
is referred to as,976793
they were going to,976163
at any time if,974434
"in general , the",974294
had nothing to do,974106
be seen as a,973272
I do not remember,972472
it 's time to,972254
a good deal of,971900
I 'm so sorry,971008
in line with the,970675
if they do not,970539
the size of a,970253
at the sight of,970132
take a look at,969200
second half of the,968194
in the next section,967321
"however , there are",962093
the end of his,961991
the source of the,961597
as if he was,960212
I would not be,957847
the success of the,957238
is that it is,956883
by the time I,956422
any time if subsequent,956255
time if subsequent rights,955874
if subsequent rights restrictions,953990
it is not possible,953538
from the point of,953353
do not want you,951960
he 's going to,951658
it is important that,951001
to talk to you,950961
did not have any,950866
additional content at any,950457
rights restrictions require it,950382
remove additional content at,949374
to remove additional content,949293
to get back to,949188
I 've got a,949097
subsequent rights restrictions require,948871
there is no need,946865
it has to be,945920
for a number of,944891
content at any time,944556
the performance of the,944478
does not have a,943735
in connection with the,942600
it ' s a,942587
to come up with,942085
as well as for,941392
I did not see,940813
a small number of,940583
point of view of,940565
"however , in the",940030
is related to the,939937
had no idea what,939865
that he had not,939447
"of course , I",938712
for a few days,938572
not want to go,937891
he would not be,937816
for the time being,937051
do not think that,935995
the idea of the,935667
the middle of a,934950
can be used as,934855
that he was a,934268
with a view to,934199
in the words of,932372
"each other , and",931918
the only one who,931081
Journal of the American,930880
I have no idea,929902
to the right of,929127
do you think you,928503
the application of the,927703
have the right to,926524
it was going to,926049
in the use of,924710
the result of a,923860
to the back of,923856
part of this book,923476
if it is not,921791
to the number of,920855
he would have to,920347
by the time he,918986
to make sense of,918821
as a way to,917443
within the context of,915671
the door to the,915316
you know what I,913848
can be contacted at,912390
of his or her,911391
to the rest of,911164
this is one of,907358
of the nature of,906766
to be part of,906618
with the use of,906219
of the relationship between,904856
I shook my head,904848
a change in the,904147
can also be used,903814
be obtained by contacting,903644
By a News Reporter,903125
Staff News Editor at,903105
not need to be,901567
the fact that she,901441
the body of the,901316
more information on this,901242
keep in mind that,901231
to participate in the,900768
I 'll have to,898904
you do not mind,898479
an important part of,898194
due to the fact,898189
in front of them,898122
it is in the,897884
you will need to,897863
the same time as,897587
the image of the,897162
the formation of the,897073
to say that the,896978
by means of a,896974
the weight of the,896107
as soon as she,895936
I 'm not a,894777
was the first to,894074
over a period of,893885
I can not tell,893148
during the course of,891725
no choice but to,891194
came out of the,890933
on the use of,890833
the mouth of the,890723
the whole of the,890667
he was trying to,890133
or more of the,889565
it was in the,889115
can be used in,888941
he was in the,888481
whether or not the,887733
not want you to,887474
"of it , and",887038
the back of my,886351
on both sides of,886322
I thought it was,886221
there was not a,885897
be taken into account,884876
did not mean to,884867
the amount of the,884749
I can not do,884264
than that of the,884226
"him , but he",883716
out to be a,883672
I was in the,882468
under the influence of,881631
to focus on the,881619
is not to be,881337
to the edge of,881236
this does not mean,881011
is a matter of,879646
you want to be,879479
I did not even,878986
went back to the,878973
is the fact that,878177
he looked at her,876763
but it 's not,876677
do not even know,876190
"In contrast , the",876036
middle of the night,875472
the contents of the,875384
end of the day,875343
the midst of the,874384
this means that the,873829
as long as I,872666
at the other end,871359
the height of the,871174
similar to that of,871079
is shown in Fig,870337
that we do not,869989
but it was a,869728
one of the two,868993
the people of the,868911
the only thing that,868530
the interests of the,868302
of this book may,867671
the question of the,867624
in order to avoid,867113
on the top of,866459
a quote from the,866389
a long time ago,865903
to the other side,865799
he or she is,863941
as we shall see,863652
a few minutes later,863166
had a chance to,862258
either side of the,862142
information may be obtained,860919
that it was the,859635
a couple of days,859223
and I 'm not,859092
I want to know,858443
that he would not,857380
in this case the,855842
if she did not,855420
to be the most,854152
According to the news,854063
that she was not,853019
this book may be,852979
additional information may be,852952
that I could not,852865
the first part of,850647
be seen in the,850245
the need for a,850186
information on this research,849605
there will be no,849514
that it is the,849490
that additional information may,849486
"one hand , and",849479
on this research see,849427
report that additional information,849240
that 's what you,849225
it could not be,849113
"for instance , in",849062
and it is not,848981
quote from the research,848623
on the verge of,848413
obtained a quote from,848295
an understanding of the,848021
if and only if,847428
has to do with,847422
a portion of the,846856
this is not to,846508
for most of the,845999
in the opposite direction,845557
was the one who,842651
do not think it,842294
at the hands of,841679
