ngram,freq
at the end of the,7366524
in whole or in part,6731010
"not be copied , scanned",6281141
"or duplicated , in whole",6210135
"duplicated , in whole or",6164162
"copied , scanned , or",6133188
may be suppressed from the,6125883
party content may be suppressed,6112220
third party content may be,6085267
some third party content may,6084592
content may be suppressed from,6076744
"rights , some third party",5995819
"to electronic rights , some",5989302
"electronic rights , some third",5976362
suppressed from the eBook and,5970223
be suppressed from the eBook,5898138
I do not want to,4566830
in the middle of the,4018484
I do not know what,3154645
the other side of the,3078528
"Matthew , Mark , Luke",3035643
I did not want to,2513471
on the other side of,2440583
you do not have to,2356981
"here , here , here",2354543
as a result of the,2259821
in the case of the,2048313
at the beginning of the,2015492
for the first time in,1994630
he did not want to,1940661
at the top of the,1937561
by the end of the,1847309
at the time of the,1827395
she did not want to,1816761
"in other words , the",1775451
"the other hand , the",1764218
I do not know how,1718538
is one of the most,1676298
you do not want to,1643925
"in this case , the",1627983
at the bottom of the,1620714
on the part of the,1563185
the United States of America,1489280
in the form of a,1464463
colleagues published their study in,1459714
and colleagues published their study,1459689
"as a result , the",1458428
on the basis of the,1444084
in such a way that,1418018
and at the same time,1386802
in the context of the,1382000
I 'm not going to,1341133
I do not think I,1336769
will not be able to,1323590
I do not know if,1315936
it should be noted that,1302777
one of the most important,1291865
in the case of a,1262202
"the same time , the",1244965
in the direction of the,1240481
in any form or by,1239674
any form or by any,1238844
would not be able to,1215687
review has deemed that any,1192492
has deemed that any suppressed,1191665
that any suppressed content does,1181912
any suppressed content does not,1181561
deemed that any suppressed content,1180279
suppressed content does not materially,1179482
on the edge of the,1177643
Editorial review has deemed that,1176206
as in the case of,1149282
did not know what to,1139652
This page intentionally left blank,1130845
there are a number of,1113994
the other end of the,1112764
as a matter of fact,1087196
for the rest of the,1086471
in the United States and,1064142
it is important to note,1060309
content does not materially affect,1056071
"For additional information , contact",1053967
does not materially affect the,1050844
the rest of the world,1049368
not materially affect the overall,1049123
in the center of the,1047822
affect the overall learning experience,1045186
materially affect the overall learning,1044818
form or by any means,1044503
do not want to be,1033730
I do not know why,1031089
Learning reserves the right to,1019777
Cengage Learning reserves the right,1017559
reserves the right to remove,1010778
to the end of the,1002965
did not want to be,1002576
the right to remove additional,989605
"in this chapter , we",981629
on the side of the,977401
but at the same time,969134
at any time if subsequent,955987
any time if subsequent rights,955578
"for example , in the",955053
time if subsequent rights restrictions,953278
you do not need to,949497
to remove additional content at,948774
remove additional content at any,948690
if subsequent rights restrictions require,948345
right to remove additional content,948246
subsequent rights restrictions require it,948190
the second half of the,946881
additional content at any time,943075
content at any time if,942055
at the back of the,925267
I do not think so,917052
and the rest of the,908007
not know what to do,901852
had nothing to do with,893457
the point of view of,889755
I did not know what,884868
is important to note that,876531
For more information on this,867842
the middle of the night,864183
the end of the day,863322
due to the fact that,861217
in the middle of a,858821
more information on this research,849463
that additional information may be,849403
information on this research see,849353
additional information may be obtained,849231
report that additional information may,849217
a quote from the research,848571
obtained a quote from the,848263
of this book may be,840637
from the point of view,831295
at the edge of the,828369
in the course of the,822383
part of this book may,812269
while at the same time,807312
at the end of a,806846
in the United States of,804528
I do not want you,797040
did not know how to,796460
to the top of the,788201
the first half of the,779705
do not know how to,777019
do not know what to,766852
at the foot of the,761438
No part of this book,760728
"no , I do not",759754
Go to the next page,755109
"the correct answer , or",754424
the next page if you,754057
to the next page if,754016
"answer , or click the",753977
"correct answer , or click",753976
the concepts in this question,753961
you knew the correct answer,753944
page if you knew the,753935
if you knew the correct,753933
next page if you knew,753931
research the concepts in this,753896
to further research the concepts,753893
further research the concepts in,753893
below to further research the,753585
or click the links below,753157
click the links below to,753140
the links below to further,753103
links below to further research,753103
in the midst of the,745346
to report any questions that,738901
update eBooks quarterly and Apps,738893
Please tap flag to report,738893
flag to report any questions,738893
daily based on user feedback,738893
We update eBooks quarterly and,738893
Apps daily based on user,738893
report any questions that need,738893
and Apps daily based on,738893
eBooks quarterly and Apps daily,738893
tap flag to report any,738893
quarterly and Apps daily based,738893
any questions that need improvement,738893
do you want me to,738011
at the same time as,729480
has nothing to do with,727751
in the same way as,727384
can be found in the,724288
it is not possible to,723217
on both sides of the,722972
he was not going to,720949
took a deep breath and,702407
in the name of the,699648
with the rest of the,698316
what are you doing here,697284
but I do not think,696928
as a function of the,696210
may be obtained by contacting,681912
information may be obtained by,681549
all the way to the,680405
"In this section , we",680278
in the back of the,676516
"the one hand , and",675235
it 's going to be,675174
I do not think it,675142
I do not have to,673954
to the edge of the,673909
People 's Republic of China,672669
the extent to which the,672545
had not been able to,670983
I do not think that,667922
at the end of this,665328
one or more of the,665237
this is one of the,657676
CLAIM TO ANY PARTICULAR FONT,656989
THE MARK CONSISTS OF STANDARD,656119
WITHOUT CLAIM TO ANY PARTICULAR,654168
MARK CONSISTS OF STANDARD CHARACTERS,653629
on either side of the,653078
of this publication may be,652651
play an important role in,651910
I do not think you,650150
in the light of the,649921
in the wake of the,649691
"the United States , and",646546
you will be able to,645314
what are you going to,643502
CHARACTERS WITHOUT CLAIM TO ANY,640872
STANDARD CHARACTERS WITHOUT CLAIM TO,640689
CONSISTS OF STANDARD CHARACTERS WITHOUT,640360
for the first time since,639599
OF STANDARD CHARACTERS WITHOUT CLAIM,639518
I did not mean to,638477
to the rest of the,638380
not know what to say,638131
at the head of the,637965
MADE TO THE EXCLUSIVE RIGHT,636675
at the start of the,635193
TO THE EXCLUSIVE RIGHT TO,633461
do not know what you,633169
at the base of the,632381
CLAIM IS MADE TO THE,632274
it was the first time,632199
IS MADE TO THE EXCLUSIVE,632144
at the level of the,631839
in the hands of the,631286
APART FROM THE MARK AS,628892
"by any means , electronic",626924
to be one of the,625316
"the United States , the",625260
this publication may be reproduced,625081
of Personality and Social Psychology,620306
FROM THE MARK AS SHOWN,617248
do not want you to,615116
I was not going to,613619
but I do not know,612600
and I do not want,612145
no part of this publication,611892
that can be used to,607942
if you do not have,606578
Journal of Personality and Social,605955
of Health and Human Services,605742
at the heart of the,604699
part of this publication may,604634
this does not mean that,602993
"in this way , the",602925
are you going to do,602456
president of the United States,598951
it is clear that the,594898
it was one of the,594112
as well as in the,592778
over the course of the,592689
she was not going to,592038
to the side of the,591309
to the fact that the,590487
or transmitted in any form,590065
quote from the research from,589027
was not going to be,588176
to get out of the,584799
is not to say that,584563
"the other hand , if",580863
to the right of the,579972
"for example , if you",579704
in the second half of,579167
it is not surprising that,575054
the way in which the,574973
in and out of the,574109
the far end of the,574086
at the other end of,571446
you 're not going to,569110
what are you talking about,568619
there is no doubt that,568344
was one of the most,566349
in the history of the,566239
there is no need to,566091
on the surface of the,563670
for Disease Control and Prevention,559178
stored in a retrieval system,558300
in the context of a,557079
I do not think he,556822
"Sponsored by USDOE , Washington",556609
from the rest of the,556254
the right side of the,556208
I do not have a,554462
nothing to do with the,553868
to the back of the,551922
transmitted in any form or,551709
do not have to be,551262
at the end of each,550362
this book may be reproduced,549817
"may be reproduced , stored",548813
may or may not be,548280
we do not want to,548079
Which of the following is,546878
it is one of the,546299
in the eyes of the,543441
Department of Health and Human,542323
in the absence of a,541627
Centers for Disease Control and,541270
does not have to be,538615
the National Academy of Sciences,538604
if you do not want,538456
if you do not mind,538098
the rest of the day,537482
the far side of the,537243
for the purposes of this,535941
it seems to me that,534443
"be reproduced , stored in",534349
"opportunities information , please contact",533598
it was going to be,532329
we do not have to,530805
"information , please contact Global",530340
with the exception of the,527796
in the face of the,527593
turned out to be a,523239
had no choice but to,522466
the United States and the,520587
I can not tell you,519283
in the same way that,519022
in such a way as,518075
to the front of the,517533
an important role in the,517135
and I do not know,516124
in the centre of the,514161
the end of the year,513605
"for example , if the",513516
State University of New York,513431
beyond the scope of this,513429
at the center of the,512999
"the news editors , the",509818
According to the news editors,509689
of the National Academy of,504421
this is not to say,504393
at the same time the,504144
out of the corner of,503567
"the other hand , it",503249
you do not know what,502648
he did not know what,501628
"for a moment , then",499805
"reproduced , stored in a",498177
the side of the road,497825
I do not know where,497596
the opposite side of the,493522
you know what I mean,492780
the rest of his life,491897
did not seem to be,491644
was going to be a,490913
NO CLAIM IS MADE TO,489587
not have to worry about,488943
the left side of the,488668
on the back of the,487224
such a way as to,486279
in the presence of the,486145
to the left of the,485750
are more likely to be,485402
do not know what I,484739
I do not even know,484684
it is interesting to note,483902
on the basis of a,482920
but I do not want,482525
"a retrieval system , or",478342
THE EXCLUSIVE RIGHT TO USE,477185
it can be seen that,475095
of the United States of,474676
you should be able to,474476
to be found in the,474411
"retrieval system , or transmitted",473313
it is worth noting that,473055
at the expense of the,472318
University of North Carolina Press,470375
to the other side of,468841
as a result of this,468646
book is available from the,467759
the end of the war,465814
an integral part of the,464850
as a member of the,464291
was one of the first,462771
is available from the British,462644
he did not have to,462329
available from the British Library,462279
for the sake of the,461466
it is also important to,461042
this book is available from,460587
there was no sign of,460275
at the turn of the,460214
in the first half of,460075
I 'm going to be,458753
I did not have to,458734
increase in the number of,457884
business and investment opportunities information,455450
"analytical , business and investment",454379
"additional analytical , business and",454377
"For additional analytical , business",454075
there are a lot of,453536
to the bottom of the,453489
for this book is available,453026
she took a deep breath,452810
may not be able to,452504
can be seen in the,452328
Proceedings of the National Academy,452226
at the front of the,452170
the rest of my life,451141
as if it were a,450976
she did not know what,450595
and for the first time,450344
I ' m going to,450009
you do not have a,449686
to find a way to,449143
the first part of the,448959
"investment opportunities information , please",448780
"in other words , it",446572
by the fact that the,445960
as a result of a,444238
"ANY PARTICULAR FONT , STYLE",443517
plays an important role in,443123
record for this book is,442961
in the aftermath of the,442034
it has been suggested that,438911
you 're going to be,437355
in the form of the,436786
at the far end of,435869
what it means to be,435863
it was not long before,432834
"In this paper , we",430526
until the end of the,429971
at the same time that,429605
can be used as a,429353
Printed in the United States,429149
in the midst of a,428153
permission in writing from the,427139
do not know if I,426499
the edge of the bed,425479
did not want to go,424470
to be a part of,424286
I 'm not sure I,424024
to go back to the,423651
he was one of the,422746
if it had not been,422455
I do not know about,421994
is not the same as,421262
towards the end of the,420991
this is not the case,420180
Publisher contact information for the,419491
the turn of the century,418934
"the one hand , the",418687
can also be used to,418439
"well , I do not",418364
"and colleagues , University of",416852
country comparison to the world,416271
of the rest of the,416228
was going to have to,416054
on the right side of,415682
"in the world , and",414888
do not want to go,414575
when it comes to the,414149
have anything to do with,413396
in the presence of a,412409
I 'm going to have,410675
on the top of the,409380
in the event of a,408892
does not seem to be,408626
at the time of writing,406981
I could not help but,406471
"For abstract , see ERA",405615
the back of his neck,404201
one of the world 's,403407
"abstract , see ERA citation",403012
for the benefit of the,402912
I did not know how,402236
the fact that he was,401416
I would like to thank,400897
if it were not for,398587
"for example , if a",397580
had something to do with,396631
at the beginning of this,396199
I do not think we,396162
from the perspective of the,395192
is interesting to note that,395144
I do not have any,394489
to the extent that the,393568
on the nature of the,393232
without permission in writing from,390701
have not been able to,389841
did not have time to,389541
on the one hand and,388634
with the help of the,388554
have nothing to do with,388547
she did not have to,387957
"no , no , no",387746
contact information for the journal,386922
the right thing to do,385533
"the other hand , is",384450
and I do not think,383805
has been shown to be,383760
"the same time , it",382450
the end of the world,382249
in a variety of ways,379823
on the opposite side of,379641
"in the end , the",379279
I do not need to,379219
"Cambridge University Press , Cambridge",378953
to take advantage of the,377821
it was not until the,377142
is a work of fiction,376101
there is no reason to,375745
in a way that is,375362
should be noted that the,375167
on the far side of,374398
from the top of the,373765
this was the first time,373045
in the development of the,372678
is a member of the,372180
what do you think of,371850
for the rest of his,371156
was a member of the,370821
on one side of the,367958
it has been shown that,367380
in other parts of the,366609
"photocopying , recording , or",366519
do not need to be,366200
catalogue record for this book,366156
in the corner of the,365129
is the same as the,364891
the end of the first,364549
that he was going to,363844
can be seen as a,363055
you 're going to have,362760
"in some cases , the",362540
I can not wait to,362450
"and , on the other",362291
of the fact that the,361840
"for a moment , and",360074
but that does not mean,359435
"Claims priority , application Japan",358832
as one of the most,358625
written permission of the publisher,358515
during the course of the,358350
what do you want to,357951
is an example of a,357877
in the rest of the,356725
in much the same way,356576
Deadline for receipt of tenders,356144
the ways in which the,355488
to get out of here,355467
"electronic , mechanical , photocopying",354639
toward the end of the,354105
"Copyright , Designs and Patents",353813
in the same manner as,353557
there is no such thing,352575
it did not take long,352397
According to news reporting originating,352205
to be part of the,351788
he took a deep breath,351719
I do not mean to,351622
to meet the needs of,351307
"mechanical , photocopying , recording",350782
on the way to the,349620
on the basis of their,349610
"in this chapter , I",348127
need to be able to,347930
got out of the car,346480
not want to talk about,345575
"or mechanical , including photocopying",345562
is beyond the scope of,344757
it is well known that,344724
it is possible that the,344676
"For more information , contact",343943
at the side of the,343845
an important part of the,342893
on the left side of,342510
of the United States and,341414
in one way or another,340971
at least one of the,340613
journalists report that additional information,339728
news journalists report that additional,339727
of the ways in which,339717
news journalists obtained a quote,339620
journalists obtained a quote from,339499
news correspondents report that additional,339488
correspondents report that additional information,339488
Our news journalists obtained a,339217
"the news reporters , the",339194
According to the news reporters,339189
Our news journalists report that,339113
that it is possible to,338931
in the early stages of,338830
I did not have a,338631
as a consequence of the,338558
in the vicinity of the,338458
there was a lot of,337878
there is a need to,337789
they do not want to,337697
one of the most common,337088
of the Second World War,337076
it is not necessary to,336938
"on the contrary , the",336031
at a time when the,335875
in the United States in,335565
going to be able to,335281
half of the twentieth century,334978
in the case of an,334692
I do not know that,334212
University of New York Press,334083
I can not believe you,333759
she looked up at him,333516
it is easy to see,333389
if you 're going to,333331
such a way that the,333225
it is important to remember,333093
and I did not want,333021
it is important to understand,332966
"in fact , it is",332831
the People 's Republic of,331987
study in the Journal of,331679
in the shape of a,331647
the presence or absence of,331201
the top of the stairs,331193
you will not be able,331134
the middle of the room,331026
information storage and retrieval system,330992
Includes bibliographical references and index,330877
published their study in the,330740
before the end of the,330715
their study in the Journal,330501
the back of his head,330360
I did not know you,330319
at the end of his,330155
for a very long time,329473
after the end of the,329263
of the nature of the,328530
"persons , living or dead",328477
you 'll be able to,328416
one way or the other,327982
"the Copyright , Designs and",327915
but it was too late,327899
take a look at the,327464
in the sense that it,326974
a better understanding of the,326408
as well as to the,326403
"FONT , STYLE , SIZE",325636
is no such thing as,325579
any information storage and retrieval,325226
the early years of the,325213
This report may contain copyrighted,325172
report may contain copyrighted material,325118
"of the world , and",324645
"A , B , C",324280
to keep an eye on,324253
"to me , and I",324024
the first day of the,323460
"and , as a result",321461
we do not need to,321401
played an important role in,321279
of the American Academy of,321223
"however , it is not",320493
to come up with a,320383
was not the only one,320030
I do not think she,319827
in the early years of,319746
and at the end of,319496
the fact that it is,319358
to come to terms with,319155
on the first day of,318884
I do not know who,318425
point of view of the,317982
I do not know whether,317956
on the other end of,317663
"of this section , the",315400
all you have to do,315365
out of the car and,315001
in the heart of the,314968
between the United States and,314928
"and , at the same",314499
has to do with the,314114
"retrieval system , without permission",313101
is to be found in,312773
the rest of the way,312571
Library of Congress Control Number,312250
it had not been for,312079
"in any case , the",311793
if that 's what you,311360
to be taken into account,310901
of the author 's imagination,310849
this is due to the,310647
do not worry about it,310012
on each side of the,309725
"means , electronic , mechanical",309606
he did not know how,309549
"no , I 'm not",307812
"any means , electronic or",307274
"in other words , a",306535
"means , electronic or mechanical",306357
"for example , in a",306270
Secondary products and miscellaneous receipts,306107
"the other hand , a",305923
if you do not know,305739
in the name of Jesus,305377
"Trans Tech Publications , Switzerland",305346
did not want him to,305048
I want you to know,304891
we 're going to have,304821
can be thought of as,304777
"system , without permission in",304313
"STYLE , SIZE , OR",303131
spent a lot of time,302637
do not think it 's,301424
even in the absence of,300762
you have to do is,300442
the manner in which the,300388
in the early days of,300100
of this chapter is to,300098
I 'm not sure what,299508
in this part of the,299330
is a function of the,299273
to make sure that the,299156
the back of the house,299091
the end of the nineteenth,298933
in the early twentieth century,298711
do not have to worry,298645
she closed her eyes and,298484
as if it had been,298355
and I 'm going to,298334
there is a need for,297447
why did not you tell,297249
he does not want to,297225
on the day of the,297148
as the case may be,296980
I did not know that,295936
"no , I did not",295513
they did not want to,295266
only a matter of time,294625
there is no evidence that,294492
from the other side of,294437
we do not know what,294203
but I did not want,294108
despite the fact that the,294049
"work , work , work",293926
does not mean that the,293367
the end of this chapter,293006
I do not have the,292754
I do not believe that,292716
other parts of the world,292694
I did not even know,292114
except in the case of,291948
"electronic or mechanical , including",291785
do not want to see,291111
"the other hand , there",291106
but no employees during mid,290840
to take into account the,290234
"oh , I do not",290082
"New York , New York",289805
a short period of time,289692
on the floor of the,289690
the second part of the,289661
it is also possible to,289606
not have been able to,289491
primary bibliographic entry see Field,289386
one of the most popular,289225
the United States in the,289173
And it came to pass,289065
he did not seem to,289019
I do not see how,288902
he did not have a,288663
"for example , it is",288608
end of the nineteenth century,288103
in order to be able,288089
by the side of the,287851
but I did not know,287849
For primary bibliographic entry see,287667
there is no need for,287413
A catalogue record for this,287027
the rest of her life,286902
do not want to do,286568
in a number of ways,286206
for the rest of my,285626
to figure out how to,285504
in the late nineteenth century,285494
on the banks of the,285424
if it was not for,285392
was one of the few,285317
order to be able to,284801
as far as I know,284339
"in the morning , and",284297
in the course of a,284201
she did not know how,283783
the back of her neck,283520
I took a deep breath,283231
"note , however , that",282238
"at this point , the",281969
the corner of his eye,281680
I 'm going to get,281589
at the same time he,281561
are we going to do,281380
is referred to as the,281303
the next step is to,280922
"point of view , the",280843
there are two types of,280782
"do not know , but",280621
"in this context , the",280466
"however , there is a",280414
she could not help but,280209
"at the time , and",280136
to get rid of the,280006
from the research from the,279968
do not want to talk,279749
there 's no need to,279645
there was no need to,279233
do not know what it,278835
an hour and a half,278669
I can not help but,278373
"he said , his voice",278094
in accordance with the provisions,277683
of the members of the,277597
I do not wish to,277544
know what to do with,277366
what can I do for,277241
what do you mean by,277102
what are we going to,276930
from one to the other,276292
sat on the edge of,276051
from the end of the,275953
"in other words , we",275736
is important to remember that,275688
in the absence of any,275634
does not need to be,275600
it is likely that the,275580
from all over the world,275430
a long period of time,275210
her arms around his neck,275182
do not know why I,275158
into the hands of the,275070
he was going to be,274983
a large part of the,274971
he would be able to,274959
at the hands of the,274917
"For this reason , the",274728
without the written permission of,274534
did not want to see,274443
as a part of the,274351
"the Commission , Motor Carrier",274237
"Commission , Motor Carrier Board",274219
in the form of an,274195
I do not care what,274165
over a period of time,274123
"In this sense , the",274122
with the help of a,274012
there were a lot of,273931
a matter of time before,273792
he could not help but,273735
Research References West 's Key,273402
I had no idea what,273150
the top of her head,272922
the fact that it was,272767
during the Second World War,272514
References West 's Key Number,271883
I do not think they,271323
the prior written permission of,271255
in spite of the fact,271247
"as a consequence , the",270958
it is not easy to,270658
you do not know how,270540
did not you tell me,270479
Proc Natl Acad Sci USA,270451
"in other words , if",270236
I am not going to,270162
there 's a lot of,270131
it is a matter of,269924
may be reproduced or transmitted,269491
reproduced or transmitted in any,269453
from the beginning of the,269299
to such an extent that,269155
be reproduced or transmitted in,269141
I 'm going to do,269020
I have no idea what,268973
we do not have a,268848
"By the Commission , Motor",268735
you may be able to,268714
something to do with the,268629
to the nature of the,268232
"the same time , he",268218
can I do for you,268092
for a discussion of the,267963
I 'll tell you what,267872
come to think of it,267687
at the time of his,267437
"I 'm sorry , I",267258
of the First World War,266714
to make sense of the,266341
to the center of the,266336
what it would be like,266007
due to the presence of,265899
that 's not what I,265863
to talk to you about,265785
it turned out to be,265611
do not have to do,265577
the rest of your life,264968
not know what you 're,264648
at the same time it,264632
as far as I can,264533
what you 're talking about,263561
similar to that of the,263503
it was as if he,263434
as is the case with,263314
he did not need to,263149
what the hell are you,262237
"at the time , but",262149
"he said , ' I",261923
to be identified as the,261834
or by any information storage,261719
"in fact , it was",261421
I do not like it,261279
on the back of his,261030
more than half of the,261017
the end of the month,260892
do not know anything about,260745
in the United States is,260469
This is a work of,260340
spite of the fact that,260113
the author 's imagination or,259897
went so far as to,259863
accordance with the provisions of,259833
I 'll take care of,259736
in the absence of the,259633
important to note that the,259547
could not have been more,259506
I did not have the,259262
to the extent that it,259243
"Mark , Luke and John",259187
is one of the best,259140
"Upper Saddle River , NJ",259096
"in this chapter , the",259087
I need to talk to,258703
from the back of the,258521
did not say a word,258352
as can be seen in,258100
had anything to do with,258065
does not appear to be,257854
do not want to hear,257751
why do not you go,257717
end of the Cold War,257659
half of the nineteenth century,256693
you want me to do,256627
had it not been for,256625
the fact that she was,256383
it is assumed that the,256301
"for instance , in the",256198
information storage or retrieval system,255556
"editors , the research concluded",255526
"news editors , the research",255515
first thing in the morning,255510
due to the lack of,255356
you 're the one who,254995
at the centre of the,254985
any information storage or retrieval,254691
in a wide range of,254670
I do not like to,254645
the same time as the,254536
the degree to which the,254532
Click here to view code,254370
here to view code image,254345
Reannouncement with New Availability Information,254326
"editors , the researchers concluded",254304
"news editors , the researchers",254284
after the Second World War,253930
do not want to get,253159
is one of the few,253099
under the control of the,252830
"names , characters , places",252786
"the other hand , was",252041
there was no way to,251594
on the face of the,251410
there is a lot of,251276
for a variety of reasons,251177
can be traced back to,251174
for a number of years,251025
"or transmitted , in any",250889
be one of the most,250866
it is important that the,250608
on the eve of the,250503
I can not think of,250422
