ngram,freq
data di entrata in vigore,324459
decreto del Presidente della Repubblica,219927
un po ' di tempo,188299
da un punto di vista,160523
alla data di entrata in,152915
di entrata in vigore della,149034
di entrata in vigore del,142765
sono state così sostituite dalle,130027
"con modificazioni , dalla legge",124201
nel caso in cui il,120958
dalla data di entrata in,117482
in tutto o in parte,117363
con un po ' di,114194
del decreto del Presidente della,101893
del codice di procedura penale,97868
era la prima volta che,96419
del codice di procedura civile,95389
comma è stato così sostituito,95003
Questo comma è stato così,94663
state così sostituite dalle attuali,90622
entrata in vigore del presente,89386
nella maggior parte dei casi,88593
azionisti sono convocati in assemblea,85403
da questo punto di vista,84582
in vigore del presente decreto,83373
è punito con la reclusione,83299
per la prima volta in,80839
mutuo per l' integrazione del,78907
assumere un mutuo per l',77794
un mutuo per l' integrazione,77004
nel caso in cui la,75313
I signori azionisti sono convocati,72798
in vigore della presente legge,71533
di cui al presente articolo,70964
signori azionisti sono convocati in,70477
entrata in vigore della presente,70147
di concerto con il Ministro,69283
con un filo di voce,68221
un bel po ' di,68209
ha dichiarato l' illegittimità costituzionale,68094
a che fare con la,68062
Questo articolo è stato così,67665
di cui al decreto legislativo,66939
non poté fare a meno,65174
poté fare a meno di,64854
non è in grado di,64700
entrata in vigore della legge,63979
è la prima volta che,63342
se non fosse stato per,62827
articolo è stato così sostituito,62794
le disposizioni di cui al,62443
di cui al primo comma,62016
nel caso in cui l',61919
punito con la reclusione da,61795
dal punto di vista della,61194
a mano a mano che,61138
qualsiasi duplicazione del presente ebook,60401
Vietata qualsiasi duplicazione del presente,60336
nella parte in cui non,59545
"MINISTRO DEGLI ESTERI , SONNINO",59026
"La Corte costituzionale , con",58773
questo comma è stato aggiunto,58284
"Corte costituzionale , con sentenza",57730
di cui al decreto del,56454
anche nel caso in cui,55962
Questo articolo è stato inserito,55796
ad assumere un mutuo per,55782
ha a che fare con,53702
in vigore della legge di,53185
per la prima volta da,53107
province autonome di Trento e,50969
un po ' di più,50949
Questo comma è stato inserito,50616
vigore della legge di conversione,50493
"costituzionale , con sentenza n",49247
del Presidente del Consiglio dei,48808
di cui al presente comma,48686
non sono in grado di,48640
con un cenno del capo,48538
del lavoro e delle politiche,48389
lavoro e delle politiche sociali,48353
ed è per questo che,47954
giorno successivo a quello della,47380
della legge di conversione del,47094
al decreto del Presidente della,46703
Presidente del Consiglio dei Ministri,46665
niente a che fare con,46524
nel momento in cui si,45450
"che , in caso di",45390
non era in grado di,44517
avere a che fare con,44453
delle infrastrutture e dei trasporti,44252
per la prima volta nella,44246
non vedo l' ora di,44227
in tutto e per tutto,44204
non vedeva l' ora di,44129
cui al decreto del Presidente,44000
di qua e di là,43944
a che fare con il,42799
a destra e a sinistra,42583
e un po ' di,42336
alzò gli occhi al cielo,41725
di Trento e di Bolzano,41219
del Parlamento europeo e del,40798
giorni dalla data di entrata,40774
nulla a che fare con,40389
Parlamento europeo e del Consiglio,40004
di un po ' di,39960
autonome di Trento e di,39747
dal punto di vista del,39414
viene autorizzato ad assumere un,39262
Questo articolo è stato abrogato,39179
istituto mutuante ad effettuare la,38968
la maggior parte delle persone,38828
e per la prima volta,38709
la somministrazione dei due terzi,38318
z i o n e,38179
"del mutuo stesso , a",38063
dichiarato l' illegittimità costituzionale di,37956
da quel momento in poi,37832
del pagamento di una somma,37781
trentesimo giorno successivo a quello,37602
giudice per le indagini preliminari,36922
Presidente del Consiglio dei ministri,36882
sua pubblicazione nella Gazzetta Ufficiale,36814
per un po ' di,36783
nel momento stesso in cui,36479
con decreto del Presidente della,36423
Fermo di indiziato di delitto,36382
copertura del disavanzo economico del,36305
che fino a quel momento,36235
"mutuo stesso , a sensi",35963
penalmente secondo quanto previsto dalla,35893
e penalmente secondo quanto previsto,35874
civilmente e penalmente secondo quanto,35873
sarà sanzionata civilmente e penalmente,35865
distribuzione o fruizione non autorizzata,35865
sanzionata civilmente e penalmente secondo,35861
Qualsiasi distribuzione o fruizione non,35850
e sarà sanzionata civilmente e,35846
dal trentesimo giorno successivo a,35805
si applicano le disposizioni di,35740
l' illegittimità costituzionale di questo,35676
successivo a quello della sua,35623
della sua pubblicazione nella Gazzetta,35467
"oggetto di scambio , commercio",35399
"scambio , commercio , prestito",35391
effettuare la somministrazione dei due,35355
a quello della sua pubblicazione,35146
si alzò in piedi e,35000
applicano le disposizioni di cui,34926
se il fatto è commesso,34885
amministrativa del pagamento di una,34759
sanzione amministrativa del pagamento di,34712
nel momento in cui il,34681
e della tutela del territorio,34671
"e , più in generale",34407
con il passare del tempo,34379
decreto del Presidente del Consiglio,33937
pagamento di una somma da,33913
una mano tra i capelli,33910
il viso tra le mani,33805
niente a che vedere con,33559
a meno che non si,33455
più di ogni altra cosa,33389
con tutte le sue forze,33215
mutuante ad effettuare la somministrazione,32585
fare un po ' di,32465
non posso fare a meno,32182
quello della sua pubblicazione nella,32086
parte in cui non prevede,32044
"in ogni caso , non",31859
un po ' d' acqua,31842
"un po ' , ma",31674
da un po ' di,31485
posso fare a meno di,31407
che si tratta di un,31349
po ' di tempo per,31339
disposizioni di cui al comma,31303
testo unico delle imposte sui,31134
unico delle imposte sui redditi,31112
non è un caso che,31048
a z i o n,31026
la maggior parte del tempo,30987
di un vero e proprio,30848
Questo comma è stato abrogato,30787
un po ' più di,30744
disposizioni di cui al presente,30677
parentesi quadrate sono state soppresse,30636
di una vera e propria,30597
sono convocati in assemblea ordinaria,30439
di non luogo a procedere,30224
al di là di ogni,30211
con le lacrime agli occhi,30147
vita di tutti i giorni,30014
nel momento in cui la,29786
ancora un po ' di,29733
nella Gazzetta Ufficiale della Repubblica,29676
proprio nel momento in cui,29646
un uomo e una donna,29581
"da un lato , e",29564
ad effettuare la somministrazione dei,29437
anni e con la multa,29312
disposizioni di cui ai commi,29292
con le modalità di cui,29284
di cui al secondo comma,29070
nel caso in cui si,28975
per la prima volta nel,28965
la prima volta in vita,28821
a decorrere dalla data di,28714
a decorrere dal trentesimo giorno,28638
decorrere dal trentesimo giorno successivo,28629
"in ogni caso , la",28589
diversa da quella in cui,28550
che si trattava di un,28454
"società , inserto nel fascicolo",28403
del lavoro e della previdenza,27916
la prima volta da quando,27775
fino al momento in cui,27649
a parte il fatto che,27640
poteva fare a meno di,27629
nulla a che vedere con,27581
lavoro e della previdenza sociale,27524
in lungo e in largo,27508
paesi in via di sviluppo,27504
tutti i casi in cui,27475
sia dal punto di vista,27264
Gli azionisti sono convocati in,27232
un giorno o l' altro,27067
non poteva fare a meno,27049
di cui alla lettera a,26855
legge di conversione del presente,26840
di conversione del presente decreto,26824
della data di entrata in,26822
in giro per il mondo,26575
Presidenza del Consiglio dei Ministri,26553
con la punta delle dita,26534
non potrà in alcun modo,26375
non ha nulla a che,26352
del testo unico delle imposte,26171
ai termini e alle condizioni,26087
nel caso in cui non,26064
senza il preventivo consenso scritto,26035
"in ogni caso , il",26028
la reclusione da uno a,26025
la testa tra le mani,26018
il modo in cui si,26008
alle condizioni alle quali è,25907
condizioni alle quali è stato,25900
da copyright e non può,25895
e alle condizioni alle quali,25892
copyright e non può essere,25890
alle quali è stato acquistato,25885
stato acquistato o da quanto,25882
potrà in alcun modo essere,25880
è stato acquistato o da,25878
e non può essere copiato,25876
quali è stato acquistato o,25874
contiene materiale protetto da copyright,25872
termini e alle condizioni alle,25868
protetto da copyright e non,25865
da quanto esplicitamente previsto dalla,25863
utilizzato in alcun altro modo,25862
o utilizzato in alcun altro,25860
acquistato o da quanto esplicitamente,25857
materiale protetto da copyright e,25856
quanto esplicitamente previsto dalla legge,25855
o da quanto esplicitamente previsto,25852
non era la prima volta,25849
esplicitamente previsto dalla legge applicabile,25846
"può essere copiato , riprodotto",25842
"copiato , riprodotto , trasferito",25839
alcun modo essere oggetto di,25837
in alcun modo essere oggetto,25837
non autorizzata di questo testo,25836
sul regime dei diritti costituisce,25834
dei diritti costituisce una violazione,25833
può fare a meno di,25832
regime dei diritti costituisce una,25832
fruizione non autorizzata di questo,25831
elettroniche sul regime dei diritti,25826
eccezione di quanto è stato,25824
o fruizione non autorizzata di,25813
"commercio , prestito , rivendita",25801
informazioni elettroniche sul regime dei,25800
di cui al comma precedente,25798
"distribuito , noleggiato , licenziato",25794
"prestito , rivendita , acquisto",25784
forma diversa da quella in,25782
"rivendita , acquisto rateale o",25781
"trasferito , distribuito , noleggiato",25779
"riprodotto , trasferito , distribuito",25779
o altrimenti diffuso senza il,25775
acquisto rateale o altrimenti diffuso,25775
rateale o altrimenti diffuso senza,25774
diffuso senza il preventivo consenso,25772
Questo periodo è stato aggiunto,25772
modo essere oggetto di scambio,25770
"caso di consenso , tale",25764
altrimenti diffuso senza il preventivo,25760
dovranno essere imposte anche al,25755
imposte anche al fruitore successivo,25755
presente dovranno essere imposte anche,25755
essere imposte anche al fruitore,25755
non potrà avere alcuna forma,25753
costituisce una violazione dei diritti,25753
alla presente dovranno essere imposte,25749
avere alcuna forma diversa da,25748
incluse alla presente dovranno essere,25748
è stata pubblicata e le,25747
potrà avere alcuna forma diversa,25745
alcuna forma diversa da quella,25745
opera è stata pubblicata e,25744
non è il caso di,25734
le condizioni incluse alla presente,25729
pubblicata e le condizioni incluse,25726
stata pubblicata e le condizioni,25725
condizioni incluse alla presente dovranno,25722
e le condizioni incluse alla,25722
le disposizioni di cui ai,25702
delle informazioni elettroniche sul regime,25684
alterazione delle informazioni elettroniche sul,25667
secondo quanto previsto dalla Legge,25667
diritti costituisce una violazione dei,25662
salvo che il fatto costituisca,25643
la sanzione amministrativa pecuniaria da,25614
anche dal punto di vista,25612
e il modo in cui,25607
la questione di legittimità costituzionale,25600
in tutti i modi di,25592
licenziato o trasmesso in pubblico,25591
"noleggiato , licenziato o trasmesso",25588
in alcun altro modo ad,25563
che si tratta di una,25555
altro modo ad eccezione di,25552
alcun altro modo ad eccezione,25550
"pubblico , o utilizzato in",25544
modo ad eccezione di quanto,25542
"in pubblico , o utilizzato",25542
"trasmesso in pubblico , o",25540
ad eccezione di quanto è,25535
di quanto è stato specificamente,25473
quanto è stato specificamente autorizzato,25465
come l' alterazione delle informazioni,25406
le regioni e le province,25406
con la reclusione da uno,25323
un po ' di fortuna,25300
mesi dalla data di entrata,25267
"di consenso , tale ebook",25266
"consenso , tale ebook non",25264
l' alterazione delle informazioni elettroniche,25260
ebook non potrà avere alcuna,25251
tale ebook non potrà avere,25250
regioni e le province autonome,25140
per la prima volta il,25134
in corso alla data di,25118
con un gesto della mano,25105
con la reclusione fino a,25034
ebook non potrà in alcun,25010
Questo ebook non potrà in,25008
ebook contiene materiale protetto da,25003
Questo ebook contiene materiale protetto,24999
che si tratti di un,24963
illegittimità costituzionale di questo comma,24935
per la prima volta dopo,24926
"e , in ogni caso",24852
fare a meno di pensare,24840
solo nel caso in cui,24773
che a un certo punto,24755
non era il caso di,24751
in ogni stato e grado,24731
testo unico di cui al,24712
a che fare con l',24656
DEL GOVERNO E MINISTRO DEGLI,24640
GOVERNO E MINISTRO DEGLI ESTERI,24637
è un po ' come,24622
l' uno e l' altro,24598
dopo l' entrata in vigore,24521
"no , no , no",24458
e si diresse verso la,24457
"si applicano , in quanto",24403
"in questo caso , la",24360
reclusione da sei mesi a,24343
a che fare con un,24331
sensi e per gli effetti,24328
ai sensi e per gli,24308
"e , in caso di",24278
in tutti i casi in,24248
"in questo caso , il",24212
riforma del diritto di famiglia,24127
e l' Istituto mutuante ad,24111
a meno che non sia,24101
nei casi in cui il,24064
DEL CONSIGLIO E MINISTRO DEGLI,24036
CONSIGLIO E MINISTRO DEGLI ESTERI,24030
a che vedere con la,23980
passaggio in giudicato della sentenza,23934
non si tratta di un,23924
di intendere e di volere,23884
ogni stato e grado del,23777
le disposizioni del presente articolo,23767
Gazzetta Ufficiale della Repubblica italiana,23736
"Sede in Milano , via",23732
"applicano , in quanto compatibili",23728
le province autonome di Trento,23709
Ministero del lavoro e delle,23700
del più e del meno,23677
in un batter d' occhio,23674
a meno che tu non,23624
per il modo in cui,23575
e con la multa da,23569
in nome e per conto,23546
era arrivato il momento di,23538
fino a un certo punto,23525
state così sostituite dalle parole,23486
"MINISTRO DEGLI ESTERI , MUSSOLINI",23444
che si trattava di una,23334
come se si trattasse di,23141
si rese conto che non,23129
CAPO DEL GOVERNO E MINISTRO,23105
tali disposizioni si applicano ai,23024
in un momento in cui,22998
Ministero delle infrastrutture e dei,22997
non ha niente a che,22975
di questo testo così come,22843
autorizzata di questo testo così,22842
con la reclusione da sei,22789
l' Istituto mutuante ad effettuare,22659
la disposizione di cui al,22651
un po ' alla volta,22632
"si pensi , ad esempio",22554
convocati in assemblea ordinaria presso,22522
così come l' alterazione delle,22510
nel bene e nel male,22488
questo testo così come l',22484
testo così come l' alterazione,22483
nel caso in cui le,22452
in considerazione del fatto che,22440
"lavori , servizi e forniture",22387
l' esercizio del diritto di,22358
nel caso in cui sia,22282
Ministro del lavoro e delle,22257
alla sanzione amministrativa del pagamento,22174
aveva a che fare con,22140
per la prima volta la,22103
tutte le volte in cui,22052
"anche parziale , non autorizzata",22007
il modo in cui la,21996
era giunto il momento di,21905
raccomandata con avviso di ricevimento,21895
fino a quel momento non,21893
successivamente alla data di entrata,21885
e le province autonome di,21861
della tutela del territorio e,21831
con decreto del Ministro delle,21800
"lo so , lo so",21702
nei casi in cui la,21653
per tutto il tempo che,21586
"ogni duplicazione , anche parziale",21578
sarebbe stato in grado di,21575
"vietata ogni duplicazione , anche",21561
per un periodo non superiore,21551
ed occorrendo in seconda convocazione,21536
il termine di cui al,21507
non si tratta di una,21490
corso alla data di entrata,21449
milioni di euro per l',21446
punito con la sanzione amministrativa,21427
di euro per l' anno,21423
fare una cosa del genere,21300
sentenza di non luogo a,21294
AL CAPO DEL GOVERNO E,21260
unico di cui al decreto,21218
"MINISTRO DEGLI ESTERI , CIANO",21198
tutela del territorio e del,21149
del territorio e del mare,21135
di cui al primo periodo,21114
per l' amor del cielo,21084
di cui al periodo precedente,20968
approvato con decreto del Presidente,20957
è il motivo per cui,20933
convocati in assemblea ordinaria in,20910
per la maggior parte del,20910
un periodo non superiore a,20875
con la sanzione amministrativa pecuniaria,20837
è arrivato il momento di,20822
olio extravergine d ' oliva,20787
occorrendo in seconda convocazione per,20786
per tutta la durata del,20759
in men che non si,20758
la reclusione da sei mesi,20737
"va bene , va bene",20705
delle disposizioni di cui al,20657
"MINISTRO DEGLI ESTERI , VISCONTI",20636
è punito con la sanzione,20569
men che non si dica,20557
qualifiche presso l' unità sanitaria,20541
su terreni parte in proprietà,20522
ministro di grazia e giustizia,20505
della sentenza di primo grado,20489
"DEGLI ESTERI , VISCONTI VENOSTA",20464
è l' unica cosa che,20453
la vita e la morte,20449
"in tal caso , il",20448
"Cambridge University Press , Cambridge",20430
"del giudice unico , a",20312
della sua entrata in vigore,20311
si voltò verso di lui,20290
di cui alle lettere a,20245
di essere in grado di,20228
"unico , a decorrere dal",20216
"giudice unico , a decorrere",20205
del Ministro del lavoro e,20166
un po ' di soldi,20124
"che , nel caso di",20032
disposizioni di cui agli articoli,19988
"in quanto compatibili , le",19987
successivo a quello in cui,19975
"che , a sua volta",19966
non riesco a credere che,19961
non è la prima volta,19953
nel caso in cui i,19949
con decreto del Presidente del,19922
non essere in grado di,19913
un po ' più in,19887
prima della data di entrata,19817
le disposizioni di cui agli,19779
recante l' istituzione del giudice,19778
termine di cui al comma,19772
le dita tra i capelli,19741
versato Iscritta al Tribunale di,19738
la più pallida idea di,19664
per una frazione di secondo,19656
dal punto di vista di,19655
in tutta la sua vita,19620
la pena è della reclusione,19568
che per la prima volta,19567
del testo unico delle leggi,19525
fra parentesi quadrate sono state,19518
l' istituzione del giudice unico,19464
è soggetto alla sanzione amministrativa,19448
del bene e del male,19421
su e giù per la,19403
disposizioni si applicano ai procedimenti,19385
la maggior parte della gente,19360
in prima convocazione ed occorrendo,19307
non ce la faccio più,19268
te l' ho già detto,19252
e si rese conto che,19233
per un periodo di tempo,19227
"non lo so , ma",19215
allo stesso modo in cui,19191
diritto al risarcimento del danno,19176
interamente versato Iscritta al Tribunale,19109
convocazione di assemblea I signori,19097
"da un lato , la",19090
passò una mano tra i,19079
ai fini della determinazione del,19056
per filo e per segno,19053
nello stesso modo in cui,19038
trenta giorni dalla data di,18975
con un tono di voce,18973
per fare in modo che,18972
è protetta dalla Legge sul,18921
protetta dalla Legge sul diritto,18916
patrocinio a spese dello Stato,18883
l' una e l' altra,18868
un po ' d' aria,18853
"e , allo stesso tempo",18833
sul reddito delle persone fisiche,18793
su tutto il territorio nazionale,18782
in un altro Stato membro,18771
solo un po ' di,18771
avuto a che fare con,18752
i o n e d,18748
soggetti di cui al comma,18745
cessazione degli effetti civili del,18743
degli effetti civili del matrimonio,18713
le mani dietro la schiena,18656
l' uno con l' altro,18631
hanno a che fare con,18629
punito con la reclusione fino,18612
non può fare a meno,18601
avere un po ' di,18583
con il dorso della mano,18582
la maggior parte di loro,18581
decreto del Ministro delle finanze,18562
in assemblea ordinaria presso la,18552
prima volta in vita sua,18550
di sì con la testa,18540
in sé e per sé,18539
che la maggior parte delle,18526
"e del Consiglio , del",18526
e a un certo punto,18520
con la conseguenza che il,18511
a un certo punto si,18508
la porta si aprì e,18474
dal punto di vista economico,18376
gli occhi pieni di lacrime,18353
di assemblea I signori azionisti,18325
sotto gli occhi di tutti,18310
nel tempo e nello spazio,18276
Ministro delle infrastrutture e dei,18144
"e , al tempo stesso",18143
"nello stesso senso , Cass",18081
entrata in vigore del decreto,18043
la prima volta che mi,17994
non si può dire che,17989
"prima convocazione , ed occorrendo",17978
iscrizione nel registro delle imprese,17969
con la conseguenza che la,17935
fino a poco tempo fa,17901
il Presidente del Consiglio dei,17889
il resto della sua vita,17879
incrociò le braccia sul petto,17869
soggetto alla sanzione amministrativa del,17813
il più a lungo possibile,17800
con le spalle al muro,17784
di una somma di denaro,17777
"esami , ad un posto",17769
l' entrata in vigore della,17745
e di tanto in tanto,17723
nel momento in cui l',17718
con il cuore in gola,17669
da parte del datore di,17646
parole fra parentesi quadrate sono,17639
assemblea I signori azionisti sono,17639
"MINISTRO DEGLI ESTERI , SFORZA",17624
non aveva alcuna intenzione di,17606
gli uomini e le donne,17573
sul diritto d ' autore,17561
bel po ' di tempo,17540
l ' unica cosa che,17531
non potei fare a meno,17530
Le parole fra parentesi quadrate,17505
parte del datore di lavoro,17482
"secondo comma , del codice",17481
"in altre parole , la",17463
che si tratti di una,17454
gli occhi al cielo e,17454
nella parte in cui prevede,17441
Consiglio di amministrazione Il presidente,17435
l' entrata in vigore del,17430
non fece in tempo a,17416
mi sono reso conto che,17410
potuto fare a meno di,17409
da uno a cinque anni,17364
decreto del Ministro del lavoro,17353
a che fare con i,17331
d e l l a,17303
che la maggior parte dei,17268
del testo unico di cui,17266
potei fare a meno di,17258
si voltò verso di lei,17249
per il resto della vita,17237
si passò una mano tra,17205
nel corso delle indagini preliminari,17200
decorrere dalla data di entrata,17183
la prese tra le braccia,17170
anche un po ' di,17159
in assemblea ordinaria per il,17133
decreto di cui al comma,17090
"e , quindi , non",17066
non è altro che un,17063
si diresse verso la porta,17060
"seconda convocazione , per discutere",17027
per la prima volta a,17025
le prese la mano e,17023
del testo unico delle disposizioni,17019
non vedevo l' ora di,16983
dopo un po ' di,16976
"un po ' , poi",16932
"comma , del codice civile",16926
si applicano le disposizioni del,16909
fare a meno di notare,16877
di cui si è detto,16842
a che vedere con il,16837
a che fare con le,16805
specialità medicinale per uso umano,16802
"Oxford University Press , Oxford",16792
di cui al presente decreto,16767
con il passare degli anni,16766
la testa fra le mani,16765
"tra lo Stato , le",16743
con le mani in mano,16729
stata l' ultima volta che,16727
"lo Stato , le regioni",16685
che di tanto in tanto,16679
ai sensi del presente articolo,16673
per tutta la durata della,16671
il bene e il male,16665
di cui al precedente comma,16629
legge sul diritto d' autore,16614
applicazione della pena su richiesta,16600
e successive modificazioni ed integrazioni,16592
cessazione del rapporto di lavoro,16579
se si tratta di un,16560
la prima volta che lo,16522
convocati in assemblea ordinaria e,16509
"quanto compatibili , le disposizioni",16495
di cui alla lettera b,16480
l' unica cosa che mi,16478
si voltò verso di me,16434
sei mesi dalla data di,16411
chiuse gli occhi e si,16368
con un cenno della mano,16357
"in altre parole , il",16343
fu in quel momento che,16343
il modo in cui il,16337
il più in fretta possibile,16314
"no , no , non",16314
la porta dietro di sé,16290
dal punto di vista delle,16267
sei mesi a tre anni,16265
"che , come si è",16258
non è la stessa cosa,16258
"in altri termini , la",16251
lo sguardo su di lui,16204
da sei mesi a tre,16193
non può essere inferiore a,16191
l' uno contro l' altro,16164
"in tal caso , la",16163
i rapporti tra lo Stato,16161
gli azionisti che avranno depositato,16139
accordi di ristrutturazione dei debiti,16136
tirò un sospiro di sollievo,16136
in cui non prevede che,16088
pena è della reclusione da,16083
state così sostituite dalle seguenti,16081
con decreto del Ministro del,16080
per l' amor di Dio,16062
in cui l' opera è,16060
da quella in cui l',16038
che ha emesso il provvedimento,16034
con sentenza passata in giudicato,16018
e si diresse verso il,16016
"da una parte , e",16013
Questa lettera è stata così,16004
"e , quindi , di",16003
non ho nessuna intenzione di,15972
di sostanze stupefacenti o psicotrope,15962
che di lì a poco,15961
non sia in grado di,15956
con tutte le mie forze,15945
fino a quando non si,15917
si appoggiò allo schienale della,15895
disposizione di cui al comma,15885
"comma , nella parte in",15855
cui l' opera è stata,15850
senza nuovi o maggiori oneri,15839
che non si tratti di,15725
interamente versato Iscritta al registro,15719
l' opera è stata pubblicata,15719
l' uno per l' altra,15712
da un terzo alla metà,15708
Conferenza permanente per i rapporti,15696
con l' aiuto di un,15687
quella in cui l' opera,15654
testo unico delle disposizioni legislative,15648
"e successive modificazioni , e",15645
m e n t o,15620
il fatto costituisca più grave,15619
Iscritta al registro delle imprese,15598
fatto costituisca più grave reato,15595
permanente per i rapporti tra,15588
che il fatto costituisca più,15586
e l' istituto mutuante ad,15580
alla Gazzetta Ufficiale Serie gen,15566
Presidenza del Consiglio dei ministri,15564
sessanta giorni dalla data di,15540
"MINISTRO DEGLI ESTERI , DI",15535
mi è venuto in mente,15526
"in ogni caso , l'",15511
un cenno con la testa,15476
a che fare con una,15462
reclusione da uno a cinque,15450
"Stato , le regioni e",15418
per i rapporti tra lo,15416
con l' osservanza delle norme,15415
la maggior parte di noi,15403
il termine di trenta giorni,15390
di no con la testa,15371
la Presidenza del Consiglio dei,15369
lettera è stata così sostituita,15363
interamente versato Registro delle imprese,15330
di olio extravergine di oliva,15320
si rese conto che era,15320
che è in grado di,15317
Sherlock Holmes e l' avventura,15305
del presente articolo si applicano,15297
con decreto del Ministro della,15282
fece un cenno con la,15258
le disposizioni in materia di,15247
in possesso dei requisiti di,15241
di cui ai commi precedenti,15234
nel giro di pochi minuti,15231
che si trattasse di un,15223
la sentenza di primo grado,15220
con tutta la forza che,15220
a m e n t,15216
indirizzo di posta elettronica certificata,15178
fino al giorno in cui,15156
così ha detto il Signore,15155
"occorrendo , per il giorno",15149
qualsiasi forma di duplicazione del,15139
Vietata qualsiasi forma di duplicazione,15137
forma di duplicazione del presente,15137
Tutti i Diritti sono Riservati,15127
di cui al terzo comma,15118
si era reso conto che,15075
dal punto di vista dei,15071
"La Nuova Italia , Firenze",15049
pubblicato nella Gazzetta Ufficiale n,15037
entro sei mesi dalla data,15032
nel bel mezzo di una,15025
di duplicazione del presente Ebook,15016
duplicazione del presente Ebook Pagina,15012
di tanto in tanto si,15007
in materia di protezione dei,14991
da un po ' che,14960
data della sua entrata in,14940
si dà il caso che,14928
prima di andare a letto,14910
la cosa giusta da fare,14904
di una somma da euro,14901
questo il motivo per cui,14882
carico del datore di lavoro,14863
un po ' prima di,14860
durante la seconda guerra mondiale,14821
di fatto e di diritto,14808
l' istituto mutuante ad effettuare,14791
"del medesimo decreto , tali",14790
"medesimo decreto , tali disposizioni",14789
il suo punto di vista,14780
l' ultima volta che l',14766
fini delle imposte sui redditi,14757
che non si tratta di,14749
ai lavoratori sopra indicati le,14732
ai fini delle imposte sui,14730
per il solo fatto di,14722
in applicazione di tale principio,14694
un braccio intorno alle spalle,14692
di avere a che fare,14683
il resto della mia vita,14681
entro trenta giorni dalla data,14675
si applica la sanzione amministrativa,14670
indicati le agevolazioni di cui,14667
non aveva fatto altro che,14662
a carico del datore di,14658
"prescritti , scade il quarantacinquesimo",14653
sopra indicati le agevolazioni di,14651
"e , quindi , la",14639
Si applicano ai lavoratori sopra,14629
"non so perché , ma",14624
uno dei motivi per cui,14618
"e , se del caso",14607
applicano ai lavoratori sopra indicati,14607
concorrono a formare il reddito,14602
lavoratori sopra indicati le agevolazioni,14594
"un po ' , e",14580
non ebbe il tempo di,14547
a destra e a manca,14531
si rese conto di essere,14503
dal basso verso l' alto,14483
si rese conto che la,14474
la maggior parte delle volte,14462
assemblea ordinaria I signori azionisti,14450
sono apportate le seguenti modificazioni,14448
"in altri termini , il",14445
prese il viso tra le,14406
in tutti gli altri casi,14405
"che , al di là",14375
è punito con l' arresto,14361
di lavoro a tempo indeterminato,14348
la protezione dei dati personali,14346
non vi è dubbio che,14338
successivo a quello in corso,14317
"e , nello stesso tempo",14302
dal suo punto di vista,14263
il tribunale per i minorenni,14227
per un paio di giorni,14219
si è in presenza di,14212
ci troviamo di fronte a,14208
delle disposizioni in materia di,14197
non aveva nessuna intenzione di,14193
era l' unica cosa che,14187
per i delitti di cui,14176
che non aveva mai visto,14140
in considerazione l' idea di,14139
ha nulla a che vedere,14127
non riusciva a smettere di,14106
qualcosa a che fare con,14105
pubblicazione nella Gazzetta Ufficiale della,14098
"decreto , tali disposizioni si",14092
"ed esami , ad un",14085
la maggior parte degli uomini,14080
per la protezione dei dati,14075
di protezione dei dati personali,14060
procuratore generale presso la corte,14040
ci sono un sacco di,14031
"in questo caso , l'",14029
per il solo fatto che,14027
è per questo che non,14013
che sono in grado di,14004
le mani tra i capelli,14000
di concerto con i Ministri,13981
che non si trattava di,13951
a camminare avanti e indietro,13950
la prima volta nella sua,13935
la prima volta che si,13928
a seconda del tipo di,13927
le modalità di cui al,13920
non aveva niente a che,13879
"University Press , New York",13868
per il caso in cui,13856
favore dei lavoratori dipendenti dalla,13851
per la prima volta si,13834
con i piedi per terra,13824
davanti al giudice di pace,13807
"d' altra parte , la",13800
salute e sicurezza sul lavoro,13791
delle disposizioni legislative e regolamentari,13783
in tutta la mia vita,13771
pendenti alla data di entrata,13748
nella vita di tutti i,13723
prima della scadenza del termine,13691
questo è il motivo per,13688
mi ha detto che non,13683
che il datore di lavoro,13679
non è questo il punto,13663
assemblea ordinaria per il giorno,13654
e in un certo senso,13648
sono convocati in assemblea generale,13638
che ha a che fare,13623
ai sensi del decreto legislativo,13610
la Corte di Cassazione ha,13581
di conversione del predetto decreto,13541
prima di andare a dormire,13540
dichiarato l' illegittimità costituzionale del,13530
legge di conversione del predetto,13525
della concorrenza e del mercato,13473
a dire il vero non,13469
mise una mano sulla spalla,13469
sanzione amministrativa pecuniaria da euro,13441
del bilancio e della programmazione,13440
un ruolo di primo piano,13408
sarebbe stata in grado di,13405
ordinaria I signori azionisti sono,13403
a querela della persona offesa,13402
anche in questo caso la,13390
ha nulla a che fare,13388
"d' altra parte , non",13388
il modo in cui le,13381
"ora , per deliberare sul",13377
quando si rese conto che,13374
di lavoro a tempo determinato,13354
"uno , due , tre",13353
bilancio e della programmazione economica,13351
fino ad un massimo di,13349
"MINISTRO DEGLI ESTERI , MANCINI",13348
data della l º domanda,13320
con l' arresto fino a,13319
non l' ho mai visto,13317
come se non ci fosse,13314
materia di protezione dei dati,13300
per il risarcimento del danno,13288
con l' entrata in vigore,13283
ha niente a che vedere,13256
"o , in caso di",13242
è il modo in cui,13236
fino a quel momento era,13227
nel più breve tempo possibile,13163
non è altro che una,13154
"da un lato , il",13137
fare i conti con la,13134
"che , in ogni caso",13123
un po ' più a,13115
procuratore della Repubblica presso il,13114
assemblea ordinaria presso la sede,13085
Camera dei Deputati LEGISLATURA XXIV,13079
i soci che abbiano depositato,13079
mi sono resa conto che,13075
nei casi di cui al,13068
con gli occhi pieni di,13034
un po ' di tutto,13025
rapporto di lavoro a tempo,13023
del Ministero del lavoro e,13007
si strinse nelle spalle e,12997
nei casi previsti dalla legge,12988
il suo stato d' animo,12980
pena su richiesta delle parti,12968
il modo in cui mi,12957
la testa da un lato,12950
per il fatto di essere,12946
"sui redditi , approvato con",12931
di vita o di morte,12923
del Presidente della Repubblica n,12920
per un po ' e,12914
in silenzio per un po,12866
al di fuori dei casi,12866
