word,count
die,14518
ek,13383
nie,13020
is,10808
het,9281
jy,8704
n,7381
dit,6939
my,5855
en,5523
ons,5214
wat,4714
van,4340
jou,4315
in,3717
te,3473
hy,3184
sy,3009
vir,3003
maar,2910
gaan,2831
kan,2771
om,2724
sal,2685
dat,2610
dis,2359
met,2307
so,2291
hulle,2205
u,2197
was,2154
as,2124
ja,1956
daar,1880
kom,1876
moet,1863
op,1860
hier,1747
nou,1735
na,1617
wil,1574
weet,1491
hom,1488
aan,1453
haar,1413
wees,1355
net,1309
nee,1278
doen,1269
nog,1251
goed,1170
dan,1159
hoe,1112
ook,1089
word,1052
sien,993
laat,960
julle,941
al,928
by,910
sê,899
's,876
hierdie,851
baie,851
maak,843
soos,827
se,824
dink,822
waar,800
of,787
toe,771
oor,746
uit,710
iets,690
een,684
alles,683
sou,674
niks,674
wie,667
hou,662
bly,656
meer,656
waarom,640
kyk,592
deur,583
kry,578
geen,564
man,561
dankie,548
goeie,535
wel,534
tog,530
praat,520
weer,517
werk,515
vertel,506
gee,503
dag,482
weg,461
nooit,454
kon,450
hê,443
almal,438
sit,431
terug,422
mense,420
lewe,417
reg,415
wou,411
dood,410
wag,409
gesê,396
altyd,393
ander,362
ma,360
moenie,360
daardie,357
O,356
voor,355
mag,353
bietjie,352
lyk,348
help,348
saam,345
vra,341
tot,339
iemand,334
mooi,330
tyd,330
vrou,326
asseblief,319
ken,318
Majesteit,313
twee,311
seker,306
regtig,306
nodig,306
groot,305
neem,304
God,302
gedoen,296
want,296
miskien,294
eers,294
af,291
begin,291
hoor,282
gesien,280
jammer,280
beter,279
probeer,278
jaar,276
kind,275
huis,274
gebeur,270
anders,268
meneer,267
omdat,261
verstaan,259
elke,250
vader,244
glo,244
los,243
pa,243
natuurlik,241
naam,240
moes,238
staan,237
eerste,235
lank,235
niemand,232
môre,230
luister,229
alleen,229
speel,228
mnr,228
kinders,227
gelukkig,226
genoeg,226
sonder,226
gedink,225
mens,225
seun,223
gou,222
voel,221
lief,219
selfs,215
vergeet,214
bedoel,212
slaap,212
nuwe,210
soek,208
teen,206
vind,204
verkeerd,202
geld,201
klein,200
daarvan,199
vandag,199
heer,198
liefde,197
onder,195
bring,195
Gibbs,194
me,194
keer,191
graag,191
hoekom,190
self,189
stop,188
eet,187
plek,182
geweet,180
gehad,179
ou,176
onthou,175
moeder,175
liewe,175
dae,174
Ag,174
gebruik,167
gekom,166
de,166
wanneer,166
land,166
verskoon,163
agent,162
stil,162
skryf,158
laaste,158
mamma,157
ontmoet,156
gekry,154
dalk,153
geluk,153
mekaar,151
nag,149
vriend,149
Sissi,149
eie,149
drink,147
lees,147
gehoor,147
baas,146
kamer,146
alle,146
paar,146
lekker,145
verloor,145
leer,142
gemaak,142
watter,142
gelede,141
verander,140
raak,139
pas,139
totsiens,138
hele,135
volgende,134
Anna,134
later,133
wêreld,131
bang,131
hoop,129
hart,129
beste,129
meisie,128
McGee,128
dus,126
oë,125
luitenant,124
vriende,123
sing,123
veel,122
kop,121
dinge,121
dieselfde,120
beteken,120
gevind,120
Tony,120
familie,118
vat,118
loop,118
saak,117
lê,116
drie,116
haal,116
betaal,116
dadelik,116
eens,115
leef,114
agter,114
gek,114
verkoop,114
t,112
stel,111
Madame,111
geword,111
enige,110
vroue,108
besoek,108
dokter,108
gereed,106
dogter,106
oupa,105
oop,105
dr,105
uur,105
Ziva,104
wys,103
binne,103
here,103
ooit,103
ver,103
trou,102
daarvoor,101
gevra,101
enigste,101
maklik,100
he,99
klaar,99
Franz,99
steeds,98
stuur,98
siek,97
verlaat,97
deel,97
liewer,97
behoort,97
the,97
eintlik,96
sleg,96
huistoe,96
jong,96
pad,95
hand,95
verder,95
daaroor,95
hande,94
trek,94
skuld,94
suster,94
sulke,93
hoogheid,93
idee,93
noem,93
geskryf,93
a,92
moeilik,91
water,91
manne,90
gegee,90
DiNozzo,90
daarmee,90
tussen,90
kos,90
geval,90
volg,88
brief,87
hulp,87
vanaand,87
probleem,87
bel,87
oorlog,87
verby,86
sterf,86
koffie,86
mee,86
verwag,85
mos,85
myne,85
dra,85
buite,85
Marie,85
besluit,85
gepraat,84
daarom,84
lag,84
regte,84
koning,83
aarde,83
val,83
broer,82
reeds,82
vertrou,82
oomblik,82
gestuur,81
Graaf,81
Haai,81
woord,81
weke,81
arme,80
pappa,80
gaaf,80
sorg,80
ten,80
stem,79
Keiser,79
musiek,78
ding,78
heel,78
benodig,78
gehou,78
dames,78
lig,78
gesig,78
asb,77
hul,77
gegaan,77
Keith,76
vertrek,76
meisies,76
skool,76
wens,76
antwoord,75
besig,75
moontlik,75
mev,74
presies,74
oh,74
gewerk,74
son,73
eer,73
Heidi,73
hoeveel,73
bo,72
naby,72
welkom,72
Martin,72
week,72
aanvaar,71
prins,71
bed,71
mans,71
rus,70
verseker,70
dom,70
koop,69
jouself,69
verdomp,69
geniet,69
rede,69
sommer,68
NCIS,68
vuur,68
Anne,68
von,67
snaaks,67
hoef,67
vol,67
daaraan,66
beweeg,66
dame,66
dans,66
waarheid,65
mevrou,65
draai,65
ouers,65
swaar,65
slegte,65
ry,65
gevoel,65
voorstel,65
manier,65
wonderlik,64
geheim,64
tel,64
bewys,64
Anton,64
myself,64
gebring,64
waarvoor,64
minute,64
sodat,64
maal,64
Keiserin,64
ernstig,63
hemel,63
minste,63
terugkom,63
plan,63
kwaad,62
tante,62
Parys,62
asof,62
minder,62
terwyl,62
heeltemal,62
bekommerd,62
Abby,62
volgens,62
oom,61
kaptein,61
haat,61
bemin,61
direkteur,61
film,61
per,61
you,60
versigtig,60
majoor,60
sterk,60
vas,60
Schiller,60
skilder,60
dikwels,59
waarvan,59
bestaan,59
beloof,59
lug,59
gravin,59
klink,59
red,59
doodmaak,59
trots,59
moeg,58
Nene,58
storie,58
kort,58
vier,58
lang,58
byna,58
onmoontlik,58
ophou,58
generaal,58
ongelukkig,58
woon,58
vergewe,57
nogal,57
oud,57
baba,57
bevel,57
spesiale,57
huil,56
duidelik,56
gewees,56
amper,56
Johannes,56
homself,56
reis,56
veg,56
Peter,55
gevaar,55
sedert,55
woorde,55
hard,55
gebou,55
ouma,54
rustig,54
orde,54
vinnig,54
stad,54
prinses,54
geloof,54
nê,54
steek,54
Wells,54
aand,54
jare,53
maande,53
albei,53
geleer,53
Franse,53
darem,53
joune,53
maand,53
gedood,53
lei,52
platform,52
warm,52
Russe,52
getroud,52
breek,52
pragtige,52
hoof,52
huwelik,52
ontvang,51
sweer,51
fout,51
besef,51
alreeds,51
plaas,50
Albert,50
Inger,50
Hello,50
Ben,50
Birkut,50
beskerm,50
vry,50
stap,49
bereik,49
hallo,49
verduidelik,49
blomme,49
wonder,49
wyn,49
gister,49
ryk,48
eenmaal,48
kolonel,48
droom,48
klomp,48
woonstel,48
kameraad,48
pragtig,48
see,48
gladnie,48
sekerlik,48
einde,48
omtrent,48
verdien,48
oral,48
waaroor,48
slaan,47
daarna,47
veilig,47
skiet,47
Leopold,47
treurig,47
dank,47
nuus,47
enigiets,47
bos,47
totaal,47
Duitse,47
heen,46
belangrik,46
hare,46
Don,46
enkele,46
gesoek,46
pyn,46
doktor,46
grap,46
komaan,46
vrae,46
kant,46
mis,46
vlieg,46
geneem,46
verlede,46
rond,46
liggaam,46
ontploffing,46
klop,45
druk,45
frank,45
Rembrandt,45
Wenen,45
Gilles,45
Frankryk,45
rok,45
pak,45
langs,45
vyf,45
staat,45
venster,45
tafel,45
rooi,45
glimlag,44
liefhet,44
roep,44
gooi,44
beide,44
spel,44
soen,44
bom,44
werklik,44
hof,44
teken,44
ses,44
Chabert,44
wakker,44
Charlotte,44
herken,44
gesondheid,44
prokureur,44
begryp,43
kies,43
doel,43
voort,43
Hitler,43
plesier,43
watse,43
stilte,43
genoem,43
Deer,43
vermoor,43
verdwyn,43
Jan,43
voordat,43
duiwel,43
aangaan,42
vrees,42
daarop,42
skoon,42
erken,42
Vera,42
min,42
beslis,42
gesond,42
vreugde,42
dié,42
elkeen,42
soort,42
soms,42
bloed,42
Mathieu,42
gemors,42
Parsa,42
s'n,42
belowe,42
boeke,41
Oostenryk,41
span,41
boek,41
verlief,41
Tant,41
hang,41
probleme,41
werd,41
mal,41
tuis,41
vrede,41
toekoms,41
George,41
Duitsland,41
gebreek,40
bier,40
soveel,40
it,40
kans,40
McBride,40
juis,40
dooie,40
Mike,40
erg,40
meester,40
hond,40
monsieur,40
Lotte,40
party,40
grond,39
OK,39
adres,39
beveel,39
gevolg,39
erger,39
hospitaal,39
elk,39
uiteindelik,39
Ciske,39
Ivan,39
menere,39
gelees,39
veral,39
Sophie,39
gewoonlik,39
Siedler,39
muur,39
klas,39
polisie,38
beplan,38
ure,38
verkies,38
Klara,38
Borin,38
aandag,38
koningin,38
Nelly,38
gebel,38
Stalingrad,38
tronk,38
vraag,38
foto,38
Engelse,38
vlug,38
moeite,37
ondersoek,37
madam,37
veiligheid,37
Bratek,37
vang,37
Hertog,37
melk,37
skip,37
gelyk,37
Germain,37
slag,37
spreek,37
opdrag,37
Caroline,37
mammie,36
wit,36
hiernatoe,36
geveg,36
stadig,36
Abbs,36
volk,36
ontdek,36
gebore,36
verlore,36
res,36
vinniger,36
vryheid,36
behalwe,36
Johan,36
tydens,36
donker,36
onderwyser,36
gaste,36
vroeër,36
boodskap,35
boord,35
minister,35
duur,35
asem,35
sluit,35
ge,35
more,35
spyt,35
Vlaandere,35
jonk,35
even,35
bedank,35
wen,35
Ruyter,35
aanval,35
sand,35
waarskynlik,35
gesit,35
dorp,35
belang,35
goue,35
vergeef,35
ete,35
name,34
Lisa,34
meeste,34
liefie,34
Max,34
eindelik,34
koud,34
Mendez,34
seer,34
bevestig,34
bou,34
arm,34
inligting,34
saamgaan,34
uitvind,34
sake,34
Jesus,34
perd,34
Alceste,34
gespeel,34
teenoor,34
kalmeer,34
doodgaan,34
verdra,34
stuk,34
swak,34
gryp,34
slim,34
hardloop,33
eindig,33
idioot,33
twak,33
pos,33
twyfel,33
grootste,33
wind,33
Russiese,33
hel,33
kontak,33
regkom,33
Marianne,33
I,33
tuin,33
Mr,33
waarheen,33
Papa,33
sersant,33
naand,33
trein,33
bravo,33
to,33
vroeg,33
situasie,33
Hongarye,32
hotel,32
hoed,32
ter,32
verdomde,32
rol,32
tas,32
s,32
lys,32
geskiedenis,32
begrawe,32
behandel,32
Berlyn,32
skielik,32
eendag,32
vreemd,32
prys,32
voorbeeld,32
moord,32
persoon,32
Wayne,32
als,32
alweer,32
geheime,32
nommer,32
eenvoudig,32
nader,32
vorentoe,32
veroorsaak,32
verrassing,32
tee,31
klim,31
diens,31
wapen,31
Eboshi,31
fees,31
smeek,31
Markies,31
spoor,31
gevaarlik,31
weggaan,31
Weimar,31
swart,31
siel,31
honger,31
ongeluk,31
lieflike,31
daarin,31
punt,31
leër,31
keuse,31
buurt,31
bal,31
versoek,31
mond,31
ly,31
voer,31
geslaap,31
sekretaris,31
moeilikheid,31
verkeerde,31
geken,31
woud,30
materiaal,30
verdedig,30
neer,30
bevele,30
heilige,30
verskoning,30
groter,30
gewone,30
leier,30
ware,30
langer,30
afspraak,30
vreemde,30
gang,30
krag,30
seuns,30
mej,30
Cis,30
jag,30
seisoen,30
Morange,30
brand,30
gesteel,30
CityLine,30
kasteel,30
miljoen,29
kennis,29
geraak,29
rondom,29
Chopin,29
Mikkel,29
vloot,29
straat,29
professor,29
rug,29
gebly,29
be,29
weermag,29
weier,29
kunstenaars,29
mees,29
vaar,29
regs,29
arms,29
graf,29
verbaas,29
lot,28
harte,28
ruik,28
kar,28
Hebner,28
verstand,28
Aurore,28
bied,28
Pérol,28
moed,28
Marv,28
vermy,28
Duits,28
Henrik,28
gevang,28
Herr,28
kantoor,28
sukses,28
slagoffer,28
oorlede,28
oortuig,28
skande,28
waarmee,28
teruggaan,28
hiervan,28
toestand,28
betrokke,28
sin,28
Karin,28
rekenaar,28
moordenaar,28
gelei,28
bespreek,28
volle,28
vorm,27
groep,27
vrolik,27
verskriklik,27
haastig,27
Admiraal,27
dankbaar,27
David,27
perfek,27
klere,27
taak,27
beurt,27
gisteraand,27
verhoor,27
hoog,27
toelaat,27
sjampanje,27
slegs,27
bus,27
weens,26
euh,26
ooste,26
skilderye,26
talent,26
gedra,26
kaart,26
gas,26
Maman,26
genade,26
verskeie,26
beskou,26
aankom,26
stryd,26
straf,26
soldaat,26
nooi,26
opgemerk,26
Torgny,26
diep,26
gelos,26
verloof,26
misdaad,26
moment,26
ring,26
Lollo,26
lessenaar,26
Baron,26
and,26
les,26
front,26
posisie,26
reëls,26
rukkie,26
helder,26
geboorte,26
militêre,26
tweede,26
Sara,26
brug,26
bekend,26
gewen,26
gered,25
gemis,25
horlosie,25
hierheen,25
gehelp,25
deesdae,25
Buggy,25
sommige,25
bid,25
menslike,25
middel,25
sagte,25
verwyder,25
Vertaling,25
sag,25
beweer,25
veronderstel,25
telefoon,25
verlang,25
verklaar,25
durf,25
Nevers,25
Rie,25
verantwoordelik,25
ongelooflik,25
skoonheid,25
valse,25
oog,25
oorleef,25
TV,25
beheer,25
totdat,25
Derville,25
beleef,25
tevrede,25
DDR,25
piramide,25
mark,25
terugkeer,25
lewer,25
laai,25
yster,25
skei,25
skaam,25
bome,25
blou,25
solank,25
VSA,25
Lady,25
briewe,25
geskenk,24
oopmaak,24
Maria,24
dogters,24
gesterf,24
kamerade,24
vars,24
Gaudinier,24
gat,24
onderoffisier,24
jy't,24
u.,24
besit,24
diere,24
swem,24
ouderdom,24
wet,24
woede,24
kuns,24
derde,24
Palmer,24
tien,24
Jode,24
sync,24
Baltimore,24
Swede,24
Michiel,24
kombuis,24
reël,24
verras,24
siekte,24
Andrassy,24
San,24
somer,24
rook,24
had,24
vis,24
binnelandse,24
alhoewel,24
hanteer,24
voorheen,24
gekies,24
rot,24
St,24
oefening,24
neus,24
lieg,24
steur,24
wapens,24
normaal,24
verhouding,24
berge,23
sekondes,23
skrik,23
pous,23
skaars,23
Charles,23
Renée,23
sny,23
soldate,23
Sülzheimer,23
Renaud,23
skade,23
rekening,23
pret,23
skone,23
toegelaat,23
koets,23
mooier,23
beledig,23
minuut,23
middag,23
ewig,23
voete,23
koerant,23
vrolike,23
nadat,23
maat,23
vyand,23
Fuhrer,23
lied,23
let,23
kuier,23
gees,23
mors,23
glas,23
dollar,23
duisende,23
noudat,23
verbeel,23
Dreyman,23
ouens,23
offisier,23
oorsaak,23
omgee,23
oordeel,23
uitstekend,23
gewoond,22
skree,22
wonderlike,22
toneel,22
guns,22
Ashitaka,22
waarsku,22
vuil,22
bestuur,22
Giesecke,22
half,22
vorige,22
stukkie,22
gevat,22
bederf,22
geglo,22
skoene,22
la,22
ewige,22
pasop,22
FBI,22
gekoop,22
lyn,22
geskiet,22
eerlik,22
Ischl,22
ridder,22
Johnny,22
inkom,22
links,22
Fritz,22
huur,22
seuntjie,22
koue,22
skat,22
gestel,22
opleiding,22
Sigismund,22
partymaal,22
selfmoord,22
Kraemer,22
kanonne,22
heerlik,21
vermoed,21
onnosel,21
mooiste,21
monster,21
Eisenstein,21
verskuif,21
vandaan,21
ekstra,21
Elisabeth,21
nêrens,21
olie,21
foon,21
Engels,21
afgelope,21
wraak,21
Krypton,21
aangenaam,21
kêrel,21
aanvalle,21
loopbaan,21
wa,21
vliegtuig,21
Ludwig,21
ontslae,21
Marco,21
voortgaan,21
Ferraud,21
voet,21
gestraf,21
grens,21
ontsnap,21
bestuurder,21
dak,21
danksy,21
persoonlik,21
besigheid,21
gerus,21
toets,21
besorg,21
bepaal,21
Hongaarse,21
Tromp,21
gesluit,21
herinner,21
deurmekaar,21
skuldig,21
skyn,21
identiteit,21
been,21
werkers,20
lyding,20
groet,20
km,20
taal,20
regering,20
Satan,20
ingaan,20
reguit,20
respek,20
waag,20
Iran,20
saamgebring,20
winter,20
Pole,20
Maxence,20
voorgestel,20
tree,20
Helene,20
Kal,20
varke,20
open,20
omstandighede,20
her,20
netsoos,20
natuur,20
troue,20
Mossad,20
oulik,20
Mateusz,20
Tosia,20
Hertogin,20
verslag,20
jongman,20
vertroue,20
Victor,20
Tim,20
that,20
vloer,20
ontstaan,20
Vance,20
êrens,20
Delilah,20
El,20
bewonder,20
Christa,20
Ducky,20
getuies,20
agteruit,20
dien,20
Amerikaanse,20
bose,20
Goeiedag,20
bedrieg,20
aap,20
enigeen,20
Franks,20
genees,20
geloop,20
agente,20
bewaar,20
bymekaar,20
Ida,19
sodra,19
interessant,19
gehaal,19
voordeel,19
nes,19
bediende,19
Zod,19
Afghanistan,19
Theo,19
radio,19
gelukkige,19
planne,19
Barbara,19
gebied,19
waaraan,19
wegkom,19
Freimuth,19
heet,19
gehoop,19
Christus,19
Leon,19
toesig,19
m'n,19
ooreenkoms,19
kafee,19
perde,19
voorberei,19
Alfred,19
Paul,19
plig,19
verhoog,19
nek,19
onderweg,19
kruis,19
Line,19
Dominique,19
verbind,19
Amen,19
for,19
gelaat,19
studeer,19
Gonzague,19
Lazlo,19
hoek,19
hieroor,19
geleef,19
vloek,19
aanbied,19
kleintjie,19
beland,19
gewag,19
dop,19
betref,19
floryne,19
gawe,19
totale,18
wille,18
teater,18
tensy,18
6de,18
ergste,18
Lagardère,18
Nowa,18
eienaar,18
Adelheid,18
lof,18
missie,18
Wimschneider,18
gevoelens,18
Jethro,18
lewendig,18
sleutel,18
eiendom,18
jas,18
verraai,18
Huta,18
Witt,18
hoera,18
gesin,18
jaloers,18
end,18
herhaal,18
belangrike,18
gunsteling,18
Frans,18
Georges,18
SecNav,18
verlof,18
groen,18
verwoes,18
gelieg,18
maniere,18
afskeid,18
geliefde,18
uitgenooi,18
ontslaan,18
navy,18
tye,18
vriendin,18
Rachin,18
dooies,18
Rössl,18
stroom,18
kode,18
hoofkelner,18
onlangs,18
verbied,18
las,18
Markin,18
Beulwitz,18
getrou,18
helaas,18
oefen,18
genooi,18
opgewonde,18
faktotum,18
personeel,18
fortuin,18
kerk,18
liefling,18
Lengefeld,18
uitkom,18
vervul,18
sel,18
sekuriteit,18
kelder,18
Hauser,18
Bennie,18
navorsing,17
wes,17
liefste,17
vernietig,17
weste,17
kunstenaar,17
wagte,17
vakansie,17
wense,17
uitgaan,17
groei,17
toegang,17
sak,17
politiek,17
Vincent,17
maatskappye,17
maatskappy,17
Dawid,17
teruggekom,17
pes,17
brood,17
waardeer,17
waarin,17
Pepinot,17
Luit,17
rotte,17
kook,17
gery,17
episode,17
papier,17
teiken,17
roman,17
skep,17
wegneem,17
rivier,17
skuiling,17
reën,17
motor,17
susters,17
ontken,17
geweld,17
bewyse,17
hierna,17
herstel,17
harde,17
dringend,17
gevangenis,17
nè,17
helfte,17
hiermee,17
ontspan,17
liefgehad,17
honde,17
Goeienaand,17
vanoggend,17
Baptiste,17
hitte,17
e,17
gedrink,17
respekteer,17
edele,17
verantwoordelikheid,17
geroep,16
tipe,16
vent,16
stasie,16
sekere,16
Di,16
reken,16
Joseph,16
steel,16
Titus,16
wonders,16
ore,16
bedreig,16
oos,16
bevelvoerder,16
kla,16
verskyn,16
bekostig,16
gratis,16
lae,16
dors,16
ene,16
minstens,16
oorkant,16
Béthune,16
skakel,16
Jarvis,16
gehoorsaam,16
enkel,16
Eli,16
voëls,16
Duck,16
voorspoed,16
oorwinning,16
koor,16
magtig,16
verwerp,16
toon,16
Friedrich,16
Walters,16
waarop,16
pla,16
Clark,16
Anja,16
byt,16
Amerika,16
hoë,16
redes,16
baan,16
kamers,16
foute,16
Girolamo,16
Rusland,16
gemeen,16
smaak,16
spring,16
so'n,16
onthaal,16
afstand,16
bene,16
gesprek,16
bevrees,16
Wisse,16
lande,16
Rijn,16
slaag,16
viool,16
Mallefille,16
penning,16
troepe,16
iewers,16
streng,15
lente,15
Josepha,15
forseer,15
ontsteld,15
ontwerp,15
lewens,15
Adina,15
spandeer,15
persoonlike,15
gelê,15
bars,15
fabriek,15
geselskap,15
Tolik,15
mensdom,15
ookal,15
ruimte,15
stories,15
m,15
waarna,15
pers,15
kalm,15
daarby,15
veilige,15
tevore,15
universiteit,15
gehuur,15
private,15
absoluut,15
rose,15
sover,15
suid,15
snaakse,15
verskil,15
platteland,15
aanhou,15
dokters,15
egte,15
vriendskap,15
berou,15
geleentheid,15
gesoen,15
vaderland,15
risiko,15
gedurende,15
Poolse,15
Codex,15
verandering,15
openbaar,15
werker,15
Claire,15
duisend,15
makliker,15
stelsel,15
gestop,15
huise,15
Klärchen,15
Holland,15
bedien,15
vliegveld,15
opgehou,15
artikel,15
verloop,15
knyp,15
getuie,15
lek,15
skoonmaak,15
via,15
elikser,15
verberg,15
ontbyt,15
berg,15
vrye,15
reuse,15
boot,15
basis,15
Skepper,15
skenk,15
dorpie,15
koste,15
sonde,15
der,15
Böse,15
direk,15
begrafnis,15
den,15
Fornell,14
kat,14
titel,14
glad,14
dog,14
saamneem,14
ontstel,14
doodgemaak,14
Viktor,14
Olivier,14
vervelig,14
betyds,14
sterre,14
Le,14
Pierre,14
belofte,14
Philinte,14
Poland,14
Goeiemôre,14
dogtertjie,14
vrot,14
verband,14
Keiserlike,14
seermaak,14
uithaal,14
bank,14
Tobias,14
dokumente,14
Mallard,14
finaal,14
Marguerite,14
have,14
films,14
selfoon,14
vyande,14
regkry,14
September,14
Brandmeier,14
verveeld,14
verjaardag,14
no,14
Duitsers,14
Weissen,14
ga,14
geteken,14
daad,14
eis,14
daag,14
lid,14
rof,14
onskuldig,14
Ari,14
huidige,14
stoot,14
Borgen,14
Borgensgaard,14
rekenaars,14
skrywer,14
beskerming,14
gevlug,14
netso,14
operasie,14
oppas,14
oproep,14
Creevy,14
niggie,14
optrede,14
Bavaria,14
egskeiding,14
hoedat,14
vleis,14
laas,14
dierbare,14
oplossing,14
leen,14
blind,14
elders,14
soontoe,14
geskilder,14
vermaak,14
ammunisie,14
silwer,14
waarskuwing,14
Adolf,14
leeg,14
volkome,14
opgestel,14
anti,14
oggend,14
genl,14
she,14
regeer,14
spoke,14
Chinese,14
Olga,14
juffrou,14
JSOC,14
merk,14
letters,14
aksie,14
Fuhrmann,14
weduwee,14
wed,14
Engeland,14
Aviv,14
Louis,14
Ludovika,14
blom,14
boy,14
Axel,14
troos,14
Breena,14
gereël,14
meter,14
verneder,14
lieflik,13
rigting,13
Chazes,13
daarteen,13
kruip,13
kok,13
kriminele,13
belangrikste,13
begeer,13
resultate,13
ruil,13
Lane,13
President,13
Regent,13
voorsitter,13
belaglik,13
magtige,13
oudste,13
aangekom,13
Vaarwel,13
beroof,13
tande,13
vel,13
skooltoe,13
vereis,13
inlig,13
versamel,13
Mondain,13
Clement,13
ouer,13
skildery,13
weeshuis,13
skepe,13
verduur,13
paaie,13
uself,13
paleis,13
engel,13
nuut,13
Barones,13
identifiseer,13
hemelse,13
blameer,13
noorde,13
Bloubaard,13
verheug,13
verleen,13
hoogte,13
hoort,13
nat,13
beskryf,13
verlowing,13
gewond,13
hoër,13
beskikbaar,13
gestaan,13
vergelyk,13
must,13
optree,13
opvang,13
hemp,13
Jans,13
bouwerk,13
dierbaar,13
onderbreek,13
Georg,13
kamera,13
jeug,13
Mei,13
verbode,13
sewe,13
Guardian,13
broers,13
genadig,13
waarde,13
kas,13
Donderdag,13
Segerstedt,13
stof,13
uitgevind,13
streke,13
plekke,13
Stella,13
ontplof,13
kaal,13
Adele,13
knieë,13
spot,13
heerlike,13
gekyk,13
verdrink,13
Warskou,13
sir,13
jonger,13
Dalberg,13
omgewing,13
portret,13
klok,13
jul,13
on,13
Europa,13
tjello,13
onregverdig,12
baklei,12
Dinsdag,12
geantwoord,12
Veels,12
oorkom,12
Okkoto,12
onmiddelik,12
bakboord,12
redelik,12
Dorus,12
drome,12
vereer,12
treurige,12
verdwaal,12
digter,12
Oktober,12
reaksie,12
egter,12
netnou,12
Gauthier,12
park,12
versorg,12
Parsons,12
Antoine,12
Paulus,12
amnestie,12
Pentagon,12
Defensie,12
vingers,12
lêer,12
lëer,12
Francesca,12
persone,12
fotos,12
verwelkom,12
Martha,12
dapper,12
politieke,12
flou,12
lui,12
miljoene,12
moeilike,12
Murray,12
nege,12
neef,12
eed,12
verlig,12
eenheid,12
ophang,12
effek,12
Pustë,12
verower,12
professionele,12
Oranje,12
verpletter,12
Maja,12
vlak,12
eiers,12
eiland,12
Arizona,12
Eksellensie,12
bekom,12
asemhaal,12
getuienis,12
jongmense,12
C,12
Kanada,12
spek,12
hekke,12
swakheid,12
konsert,12
brein,12
blyk,12
kontrak,12
toeval,12
simpatie,12
Tom,12
kursus,12
geheue,12
tenks,12
aandoen,12
hoogste,12
wors,12
telegrafeer,12
Staatsveiligheid,12
Jena,12
stam,12
gesing,12
stand,12
Spanje,12
bewus,12
kollega,12
Kol,12
woedend,12
geloofsbriewe,12
inderdaad,12
buig,12
klank,12
kersfees,12
Afghaanse,12
herinneringe,12
sakke,12
vriendelik,12
kleur,12
sop,12
beloning,12
Solidatiteit,12
saggies,12
beïndruk,12
gely,12
hiervoor,12
Witek,12
sout,12
soiets,12
bruid,12
wolwe,12
aangeval,12
blaas,12
steun,12
boom,12
kêrels,12
handskrif,12
ingelig,12
lankal,12
teenwoordigheid,12
gedagte,12
beskeie,12
gedagtes,12
reputasie,12
skof,12
laptop,12
akteurs,12
your,12
wegkruip,12
beroemde,12
resultaat,12
skoolhoof,12
Boutin,12
beskawing,12
Gogh,12
gedroom,12
stene,12
kus,12
Taia,12
bereid,12
stink,12
Italië,12
onsself,12
skuldige,12
Israel,12
Bon,12
fiets,11
sending,11
plaag,11
gespanne,11
Egipte,11
verklaring,11
Sofia,11
oudiënsie,11
Kavalier,11
oorweeg,11
Faust,11
hoer,11
mede,11
sein,11
Sondag,11
data,11
mediese,11
Batthyani,11
gewaarsku,11
skreeu,11
bokant,11
orkes,11
informant,11
masker,11
matroos,11
atmosfeer,11
aanslag,11
mars,11
Moro,11
Mathias,11
indruk,11
slimmer,11
vervang,11
inneem,11
senuwees,11
vermoë,11
say,11
Wiesler,11
erflating,11
dek,11
Uylenburgh,11
gesels,11
eenvoudige,11
middernag,11
Nago,11
Pardon,11
Jerska,11
Pappie,11
Pappatjie,11
gesigte,11
eenkant,11
bedrieër,11
all,11
hopeloos,11
we,11
demoon,11
verlies,11
versteur,11
snags,11
kaas,11
vanuit,11
swaard,11
Mononoke,11
verval,11
kalmte,11
Sieland,11
perfekte,11
honderde,11
Wilhelm,11
uitstekende,11
Jood,11
Waarnatoe,11
optel,11
Nemorino,11
geplaas,11
verniet,11
wilde,11
sleep,11
verteenwoordig,11
sneeu,11
onskuldige,11
vashou,11
danke,11
Franklin,11
omsingel,11
kroon,11
omring,11
Rob,11
begeerte,11
roem,11
roer,11
geweier,11
baard,11
begaan,11
spore,11
Heil,11
spook,11
styl,11
lughawe,11
drankie,11
toevallig,11
Frau,11
Rudolstadt,11
daardeur,11
Catherine,11
gehuil,11
speurder,11
voormalige,11
gaande,11
harder,11
sterker,11
Gretchen,11
leerlinge,11
bekommer,11
tref,11
rekord,11
verbeter,11
onreg,11
bek,11
tronktoe,11
gebeure,11
ramp,11
ligte,11
gedig,11
halwe,11
Ah,11
ondervraging,11
laag,11
Goethe,11
rig,11
raad,11
R,11
verdere,11
vele,11
heeldag,11
now,11
Henri,11
nuutste,11
toer,11
byvoorbeeld,11
wond,11
nutteloos,11
Poussin,11
hemelsnaam,11
afwesigheid,11
DNA,11
makeer,11
daarheen,11
klip,11
kleremaker,11
bely,11
samelewing,11
ploeg,11
klaarmaak,11
kindjie,11
geweldig,11
Margueritte,11
held,11
skuif,11
Koninklike,11
Carl,11
priester,11
hek,11
dring,11
lêers,11
kommunikasie,11
haas,10
verbrand,10
snuffel,10
wysheid,10
at,10
Halt,10
aangesluit,10
vals,10
Hollister,10
môreoggend,10
sosialistiese,10
verneem,10
wolf,10
opneem,10
boggelrug,10
besoeker,10
goud,10
Ha,10
aanbid,10
gespaar,10
Nordiese,10
Strickland,10
opvoeding,10
dinee,10
donkie,10
Aurora,10
will,10
Yusef,10
geweldige,10
beseer,10
bes,10
gesweer,10
beëindig,10
opgestaan,10
gewoon,10
onbekende,10
verloofde,10
drank,10
wreed,10
smart,10
bodem,10
gevolge,10
spyware,10
nuuskierig,10
ooreengekom,10
hawe,10
aangestel,10
woordeboek,10
smokkel,10
Nazi,10
goedkoop,10
suiwer,10
hoërskool,10
blykbaar,10
ondersteun,10
Nadira,10
student,10
opinie,10
stede,10
dophou,10
hout,10
veld,10
Stasi,10
boere,10
dwarsdeur,10
opgee,10
stukke,10
getref,10
verafsku,10
offisiere,10
leeu,10
eggenoot,10
lippe,10
buitelandse,10
marinier,10
Sebastian,10
pleeg,10
Linkmann,10
Thomas,10
das,10
plat,10
feite,10
plante,10
feit,10
federale,10
Kees,10
kultuur,10
Brotherhood,10
Philippe,10
Benham,10
geduld,10
karakter,10
pynlik,10
Benjamin,10
Qélus,10
kamp,10
vooruit,10
Cornelis,10
raar,10
vertoon,10
Saterdag,10
Maren,10
pensioen,10
plofstof,10
toilet,10
Amsterdam,10
daagliks,10
Francine,10
Konowsky,10
gekanselleer,10
agt,10
maag,10
koms,10
Fort,10
Böckl,10
toneelspel,10
tydelik,10
fyn,10
agentskap,10
Toemaar,10
toemaak,10
belangriker,10
London,10
belediging,10
Robbins,10
vies,10
saal,10
kroeg,10
Dambodem,10
Moskou,10
samewerking,10
meng,10
broek,10
juwele,10
tekens,10
rapporteer,10
skape,10
model,10
trane,10
vlugteling,10
Jurgen,10
oulike,10
bottel,10
transaksies,10
aantrek,10
trappe,10
Lenny,10
Lara,10
wegjaag,10
inspeksie,10
Innsbruck,10
skok,10
Châtillon,10
armes,10
skoot,10
Alm,10
regterhand,10
aanpas,10
Moreno,10
Morten,10
verskrik,10
vorder,10
gearresteer,10
leë,10
radar,10
gereeld,10
teorie,10
Joe,10
tou,10
revolusie,10
gate,10
verslaan,10
Jerome,10
passie,10
voltooi,10
uittrek,10
Wauw,10
kwyt,10
rang,10
skaak,10
Passepoil,10
braaf,10
produk,9
ridders,9
strategie,9
bestel,9
bevry,9
roof,9
behou,9
reik,9
tweeling,9
stoel,9
trauma,9
cotillion,9
beveg,9
Cheops,9
tragedie,9
punte,9
reuk,9
stukkies,9
publiseer,9
stront,9
steen,9
begelei,9
sterwe,9
Cornelia,9
staar,9
Stein,9
toneelstuk,9
stukkend,9
sameswering,9
belangstelling,9
vannaand,9
uitstel,9
beantwoord,9
bedrog,9
pasiënt,9
partytjie,9
berei,9
teks,9
boer,9
Vandat,9
tekort,9
paartjie,9
oplaai,9
desperaat,9
skare,9
teendeel,9
deurgaan,9
slegste,9
skelm,9
skilders,9
sy't,9
beroemd,9
deursoek,9
oudisie,9
bok,9
slae,9
sëen,9
opwek,9
t.,9
organisasie,9
opgeneem,9
sig,9
begaafd,9
deeglik,9
spesiaal,9
oopgemaak,9
toestemming,9
oorbly,9
bewonderaars,9
barbare,9
rëels,9
Tübingen,9
saad,9
beeldskone,9
Possenhofen,9
spaar,9
buurman,9
saamwerk,9
Sabine,9
biblioteek,9
pop,9
pogings,9
Saskia,9
buitengewoon,9
dik,9
sus,9
piramides,9
dier,9
Serge,9
opereer,9
terroriste,9
Brigitte,9
Breydel,9
sjarme,9
stort,9
vet,9
naweek,9
Jojo,9
Lois,9
verlei,9
with,9
gegroei,9
Krakow,9
Eugene,9
aangebied,9
ervaring,9
mes,9
voorsien,9
eerbare,9
arres,9
voorlopig,9
korrek,9
agterkant,9
aangesig,9
wrede,9
goedheid,9
verkry,9
agtergrond,9
wreek,9
ewigheid,9
gebede,9
verkondig,9
welke,9
Hansi,9
advies,9
Führer,9
Auvers,9
Lord,9
geskei,9
jaag,9
verhoed,9
leiers,9
gebrand,9
mooie,9
Arles,9
Vogelhuber,9
Molière,9
interessante,9
ellende,9
versterking,9
weggesteek,9
are,9
wonde,9
emosies,9
Lene,9
gewy,9
geslaag,9
Heinrich,9
lawaai,9
geslaan,9
weerstaan,9
aangehou,9
liefhê,9
ganse,9
Liesl,9
agtervolg,9
effens,9
musikant,9
musikante,9
weeg,9
eeu,9
kwessie,9
geskep,9
medalje,9
Hm,9
konsentreer,9
maan,9
koek,9
idees,9
Yakul,9
waarborg,9
hoofkwartier,9
handtekening,9
gelag,9
angs,9
verwar,9
omhels,9
kleiner,9
verwerk,9
bad,9
Kaspar,9
marsjeer,9
gemaklik,9
waansin,9
hulself,9
figuur,9
bak,9
Filips,9
fontein,9
hulleself,9
verblyf,9
Hugues,9
vrygelaat,9
geluister,9
Zoë,9
vul,9
Hongaars,9
Hendrickje,9
Xavertjie,9
kollegas,9
Kaiser,9
handel,9
nota,9
gesny,9
halfuur,9
gekke,9
kombers,9
aanbeveel,9
gevange,9
lyf,9
dryf,9
identifikasie,9
gespreek,8
rapport,8
Randy,8
prosedure,8
program,8
dal,8
vlees,8
profiel,8
gesteur,8
raporteer,8
fluister,8
getalle,8
Vlaamse,8
beer,8
skouer,8
am,8
Puppets,8
ras,8
prof,8
houding,8
aanlyn,8
produksie,8
boos,8
slivovitz,8
reageer,8
weggegooi,8
behuising,8
skote,8
wek,8
Leyla,8
ID,8
Machaca,8
aanskou,8
Machteld,8
Gabs,8
bokke,8
D,8
Begrepen,8
Prost,8
idiote,8
Twitter,8
probie,8
tamatie,8
ingekom,8
frekwensie,8
raai,8
inhou,8
tans,8
Price,8
werke,8
aansluit,8
Madeleine,8
beelde,8
tête,8
ontbied,8
Leroy,8
rykdom,8
senuweeagtig,8
saamstem,8
saamkom,8
knik,8
toekomstige,8
genaamd,8
koel,8
gekos,8
koetsier,8
Agnes,8
belas,8
kamerbediende,8
voël,8
C-4,8
can,8
rusie,8
Kalb,8
koninkryk,8
Kaboel,8
konserwatorium,8
vreeslike,8
klippe,8
afgeskakel,8
kleure,8
Seeburger,8
sekerheid,8
Khartov,8
Schafberg,8
afgesny,8
selde,8
vroutjie,8
Kazmi,8
tesame,8
Tinette,8
Katja,8
Sandra,8
Katelijne,8
burger,8
geliefdes,8
terugkry,8
saligheid,8
klavier,8
kleinste,8
Carlo,8
rugdekking,8
vlugtelinge,8
Larry,8
weerklink,8
slot,8
skeel,8
Irak,8
inwoners,8
trap,8
repetisie,8
Christine,8
Renoir,8
lastig,8
Terence,8
leed,8
gebrek,8
algemene,8
geblus,8
skerwe,8
regop,8
regmaak,8
lelik,8
berig,8
kuswag,8
aartappels,8
Kroger,8
Washington,8
Benton,8
walg,8
toewyding,8
koppe,8
Rosalinde,8
Adam,8
sinne,8
voortaan,8
Chad,8
belangstel,8
geheel,8
kougom,8
gegroet,8
absurd,8
krap,8
sitkamer,8
gesag,8
voorskyn,8
kring,8
geskree,8
sleutels,8
gewonder,8
divisie,8
stry,8
moeiliker,8
versameling,8
vereniging,8
bedreiging,8
speletjies,8
oseaan,8
verraad,8
Dete,8
Orlofsky,8
verplig,8
Spiegel,8
motel,8
stemme,8
gids,8
heildronk,8
emmer,8
geëet,8
Delbecq,8
doelwitte,8
Midde,8
suksesvol,8
ape,8
gewete,8
woestyn,8
up,8
verdorie,8
herdenking,8
haarself,8
Nilsson,8
aaklige,8
Hempf,8
Misanthrope,8
Miss,8
misverstand,8
betaling,8
flik,8
X,8
verg,8
opgelei,8
noodlot,8
woude,8
vanmiddag,8
nood,8
studente,8
has,8
dwing,8
aanbod,8
vergesel,8
opgegee,8
besonderhede,8
standbeeld,8
opera,8
openbare,8
Nitto,8
duiwe,8
stappe,8
besondere,8
nare,8
Beaulieu,8
Nouja,8
Mulatschak,8
eeue,8
Eerstens,8
bediendes,8
hegtenis,8
aandring,8
oorhand,8
Bashan,8
wyse,8
spyte,8
handewerk,8
aandete,8
nagte,8
namens,8
gewere,8
opbou,8
partye,8
ontwikkel,8
grote,8
band,8
Field,8
uitsig,8
Perry,8
aangetas,8
ondervra,8
onderwerp,8
plant,8
meestal,8
Bamberg,8
sogenaamde,8
Sofie,8
vervolg,8
planeet,8
hoofstuk,8
dead,8
gevaarlike,8
hoede,8
medikasie,8
Hongare,8
suur,8
Hongaar,8
beskuldigde,8
fantasties,8
McGuire,8
Farao,8
Pierway,8
uitmekaar,8
Honecker,8
ongeveer,8
dokument,8
bloei,8
bankrot,8
aangeneem,8
Hi,8
storm,8
ontvangs,8
Whiting,8
uitvoering,8
gun,8
poging,8
ernstige,8
bladsy,8
uitgeput,8
pluis,8
Pastoor,8
Mariechen,8
messelaar,8
bloot,8
onderrig,8
grys,8
aaklig,8
Mendel,8
pligte,8
onmiddellik,8
ewe,8
ontslag,8
aangetrek,8
blik,8
bruidegom,7
Adieu,7
studie,7
bestem,7
gelukkiger,7
terg,7
grawe,7
Hanna,7
afgevaardigde,7
bui,7
Hanka,7
kandidaat,7
sektor,7
Stephanie,7
teruggetrokke,7
Yseult,7
sentrum,7
bestudeer,7
stilbly,7
bestemming,7
Gwijde,7
stert,7
Haag,7
gemeenskap,7
sterkte,7
Grubitz,7
kante,7
ster,7
broodjies,7
grootgeword,7
strand,7
Brugge,7
kanselleer,7
afgeneem,7
bron,7
kanker,7
seën,7
besorgd,7
strale,7
stelling,7
golwe,7
studeerkamer,7
geneser,7
afgedank,7
sluip,7
bewe,7
Jor,7
geweer,7
boodskappe,7
solo,7
sussie,7
skop,7
blare,7
gewas,7
tamaties,7
ingewikkeld,7
Superman,7
intelligensie,7
heuwel,7
boontoe,7
herfs,7
besoekers,7
sosiale,7
sosialisme,7
aansoek,7
instrument,7
gesmelt,7
taktiek,7
takbok,7
Boniface,7
beskrywing,7
Sweedse,7
swanger,7
Switserse,7
Wiedemann,7
hoofpyn,7
aanhoudend,7
getuig,7
wereld,7
beskuldig,7
gesonde,7
ignoreer,7
Ile,7
soggens,7
illusie,7
aanneming,7
gevorm,7
weeskind,7
skild,7
wye,7
heeltyd,7
Boucard,7
geskik,7
aanvaarbaar,7
skadu,7
sport,7
aard,7
spruit,7
Gilbert,7
stuurboord,7
weesheer,7
Jo,7
glorie,7
sisteem,7
beny,7
staatmaak,7
sirkel,7
wrak,7
hardste,7
Isabelle,7
geskok,7
aangedring,7
tegnologie,7
bors,7
skeur,7
spanning,7
skerp,7
teef,7
sukkel,7
geïdentifiseer,7
heks,7
weerstand,7
internet,7
woning,7
intussen,7
invloed,7
spoedig,7
styf,7
heilig,7
skeef,7
ketting,7
gehang,7
keuses,7
verteenwoordiger,7
uitlos,7
Maupassant,7
Faraos,7
Pippo,7
Pieter,7
Phantom,7
petrol,7
uitnooi,7
Falke,7
ex,7
perdry,7
euros,7
vertoning,7
pen,7
patrollie,7
pype,7
versteek,7
Antoinette,7
middagete,7
unieke,7
uniform,7
antwoorde,7
era,7
papiere,7
verskuldig,7
minnaar,7
appetit,7
paniek,7
enetjie,7
April,7
plaaslike,7
masjien,7
uitgooi,7
Mario,7
vlermuis,7
Tulp,7
vlerke,7
ll,7
Pruise,7
pruik,7
longe,7
Lonla,7
proe,7
loslaat,7
privaat,7
Virginia,7
lus,7
daaruit,7
madamme,7
Mademoiselle,7
beeld,7
mainframe,7
buis,7
andere,7
Porter,7
anderkant,7
poort,7
malhuis,7
pond,7
Flinck,7
verwyt,7
Finland,7
finansiële,7
mode,7
V,7
verskaf,7
oortreding,7
oorneem,7
dubbel,7
verhaal,7
vee,7
vergroot,7
B,7
vergadering,7
droog,7
ooreen,7
oordryf,7
dronk,7
oordink,7
drinke,7
offer,7
baadjie,7
Do,7
doctor,7
drankies,7
velle,7
vennoot,7
babbel,7
onbeskof,7
onderhandel,7
verdeel,7
onderhoud,7
ongemaklik,7
verbanning,7
domkop,7
onredelik,7
verhinder,7
oortree,7
moontlikheid,7
duisternis,7
Otto,7
organiseer,7
Egiptiese,7
Vabond,7
ordentlike,7
verpleegster,7
verpes,7
eg,7
veroordeel,7
Arnaud,7
verneuk,7
opstaan,7
eersdaags,7
eerder,7
opoffering,7
nagegaan,7
verminder,7
bedek,7
opgespoor,7
vannag,7
netjies,7
dwaal,7
ateljee,7
vark,7
opgeblaas,7
Nicolas,7
openlik,7
Atlantiese,7
niksnut,7
tuine,7
daal,7
Gachet,7
koerante,7
gedrag,7
Koekie,7
bykom,7
laf,7
Burski,7
Saint,7
lakei,7
Lakme,7
Lam,7
lamp,7
klassieke,7
gedans,7
voorval,7
langsaan,7
gedaan,7
voldoen,7
vroeë,7
gebruikte,7
lede,7
leiding,7
regter,7
toue,7
koeël,7
klap,7
geklim,7
kopie,7
roomys,7
ruim,7
agtergelaat,7
verbeelding,7
kragtig,7
toespraak,7
kompetisie,7
kreatuur,7
belange,7
krimineel,7
voorskot,7
komies,7
geklee,7
voorreg,7
voorkom,7
rykes,7
rys,7
Kupido,7
agterste,7
Ré,7
CMS,7
voorwaar,7
gebid,7
lewende,7
vloei,7
altwee,7
behulp,7
gebaar,7
troon,7
lewend,7
sedertdien,7
lesing,7
gebeurtenis,7
Comrak,7
vrouens,7
Sarah,7
beklemtoon,7
gasvrou,7
Schwenke,7
Amerikaans,7
bure,7
radios,7
verdagte,6
terreur,6
Yuan,6
verlange,6
stout,6
terrorisme,6
Asano,6
verbygaan,6
arrogant,6
verbreek,6
beminde,6
bedelaar,6
verban,6
afgehandel,6
terrein,6
belasting,6
afgeval,6
voorwerp,6
bedrag,6
vulgêr,6
Voorwaarts,6
voorwaardes,6
Thunder,6
Terry,6
vrygewig,6
vreemdeling,6
terugtrek,6
velde,6
vere,6
Veldmaarskalk,6
vroedvrou,6
ya,6
vrugte,6
vrek,6
Vrydag,6
vyfde,6
vreeslik,6
afstootlik,6
verdriet,6
benadeel,6
wyk,6
tikmasjien,6
bemanning,6
vensters,6
vasektomie,6
verhoudinge,6
strik,6
vragmotor,6
vrolikheid,6
teveel,6
verdomme,6
verdoem,6
vries,6
telkens,6
wandel,6
wetenskap,6
weggeloop,6
werklikheid,6
techie,6
vodka,6
voed,6
Almagtige,6
westerse,6
trekker,6
Amy,6
uitgedruk,6
wetenskaplike,6
wettige,6
verwys,6
verwurg,6
vervoer,6
vervloekte,6
beeldskoon,6
vinger,6
uitnodiging,6
vlag,6
vliegbrevet,6
vlieënier,6
Turke,6
Vlaminge,6
tak,6
beroep,6
twaalf,6
aanneem,6
vingerafdrukke,6
wegsteek,6
aanmekaar,6
taxi,6
visse,6
taai,6
Amerikaners,6
beset,6
vervloek,6
Willem,6
styg,6
wonderwerk,6
Wolfgang,6
behandeling,6
wolke,6
us,6
toring,6
voorspel,6
verskillende,6
vaak,6
appel,6
tenk,6
vaartuig,6
suinig,6
Tomas,6
wonderwerke,6
Toki,6
adel,6
Abeele,6
versmoor,6
verveel,6
voorbereid,6
volledig,6
volwasse,6
Anthony,6
Vondel,6
vertraag,6
bedryf,6
Ai,6
aanvoerder,6
WEB,6
verstom,6
Susan,6
versterk,6
bekyk,6
voordeur,6
uitweg,6
Woensdag,6
vierde,6
gretig,6
make,6
dienste,6
oorgegee,6
direkte,6
klanke,6
klaarkom,6
kis,6
opgebou,6
opgedra,6
opgelos,6
Kievit,6
opgeroep,6
oplos,6
klasmaat,6
kettings,6
opstel,6
kerse,6
opwindend,6
Oracle,6
diegene,6
dief,6
deurbring,6
Derby,6
katastrofe,6
klante,6
oord,6
onderduik,6
onthoof,6
kontakte,6
ondertoe,6
koeëls,6
koers,6
ongelukkige,6
onlangse,6
onsin,6
Knebel,6
ontbloot,6
onteer,6
klou,6
oorboord,6
dol,6
ontmoeting,6
klokke,6
kliniek,6
ontsteker,6
ontstekers,6
ontvoer,6
doek,6
doeane,6
DL.DD5.1.H.264-CtrlHD,6
delikaat,6
dele,6
Karl,6
Italianer,6
prooi,6
japon,6
cryptoloog,6
pyl,6
pynig,6
jakkals,6
Ramirez,6
jagter,6
Jacques,6
reggekry,6
Italiaanse,6
Deksels,6
Coldwell,6
clown,6
irriteer,6
Reiser,6
inventaris,6
Renard,6
repeteer,6
Republiek,6
interesseer,6
restaurant,6
jenever,6
Jiko,6
daai,6
gerugte,6
Karen,6
paspoort,6
pateties,6
Kansas,6
Deena,6
generasie,6
Decaluwé,6
datum,6
databasis,6
poets,6
dankbaarheid,6
geplant,6
Danielle,6
Julien,6
dade,6
geregistreerde,6
preie,6
prent,6
Josef,6
present,6
Jonah,6
kontrakteur,6
omsien,6
RFK,6
gastekamer,6
ervare,6
lok,6
liter,6
Gabriël,6
Linden,6
life,6
erf,6
ere,6
galant,6
gangster,6
enorme,6
lokval,6
enigstes,6
enigiemand,6
minnaars,6
misbruik,6
moderne,6
element,6
eksklusief,6
lepel,6
eksamen,6
eise,6
menslik,6
mening,6
koors,6
Masha,6
fluoorsuur,6
3de,6
Maldives,6
Maatsuyker,6
flat,6
Forssman,6
lyke,6
Marsman,6
Marthe,6
feitlik,6
luukse,6
lomp,6
Februarie,6
Mathilde,6
Franzl,6
Luba,6
Frosch,6
meet,6
Meiereder,6
FAA,6
Loof,6
ewebeeld,6
Lenin,6
monsters,6
moontlike,6
nr,6
Duifie,6
nonsens,6
Noorweegse,6
noot,6
normale,6
not,6
kredietkaart,6
droë,6
nouliks,6
kraak,6
koppige,6
moontlikhede,6
nuwejaar,6
né,6
driehoek,6
off,6
Oil,6
okay,6
Olya,6
Doubt,6
koper,6
dossier,6
nogtans,6
geeste,6
duim,6
dun,6
Len,6
Morrow,6
motief,6
geboelie,6
MTAC,6
lap,6
landing,6
eerlikheid,6
naar,6
Lafayette,6
Labréde,6
Napoleon,6
nasionale,6
lab,6
eenkeer,6
Körner,6
gedruk,6
edelman,6
edeles,6
neergesit,6
neerlê,6
Chou,6
magtiging,6
Chinees,6
gesprekke,6
skerm,6
smelt,6
Buchenwald,6
smal,6
hy't,6
sekonde,6
selfone,6
speelding,6
slet,6
selfsugtig,6
senator,6
boet,6
sensitiewe,6
boggel,6
seile,6
soete,6
seergemaak,6
identiteite,6
sokker,6
schepen,6
sanger,6
If,6
gly,6
bladsye,6
infantrie,6
hartseer,6
Sondae,6
bitter,6
sorge,6
burgervliegtuig,6
ingebring,6
Heine,6
serp,6
shall,6
Hoofman,6
hiervandaan,6
gevoer,6
skik,6
gevul,6
skink,6
HGW,6
Hoewel,6
boonop,6
skoondogter,6
Skaakmat,6
gevalle,6
skoongemaak,6
gewillig,6
skoonseun,6
hoogs,6
bokwiet,6
Boo,6
Hooth,6
sitplek,6
Hopelik,6
skroewedraaier,6
brandweer,6
simbool,6
gewoonte,6
sigeuners,6
getoon,6
skuil,6
sigarette,6
huiswerk,6
briljant,6
sagter,6
skepping,6
Rollins,6
goût,6
rëen,6
rye,6
Good,6
inkomende,6
STOL,6
Goodbye,6
Cezanne,6
Capone,6
instruksies,6
betrap,6
grootgemaak,6
rugsak,6
ink,6
Romene,6
Göring,6
grappies,6
Cesca,6
rommel,6
Sterile,6
rosé,6
instink,6
gram,6
instem,6
chacun,6
chaos,6
sterkste,6
spoeg,6
Inteendeel,6
byeenkoms,6
intelligent,6
spioenasie,6
ingestem,6
Robrecht,6
Cheng,6
gesmeek,6
Goeiemiddag,6
bevolking,6
handelaar,6
stadige,6
stadsaal,6
goedkeuring,6
Halloween,6
gras,6
roetine,6
Lyons,5
voorgee,5
Frankfurt,5
voortbring,5
kwaliteit,5
herberg,5
Koroku,5
grappie,5
Hendrik,5
agterkom,5
graad,5
korps,5
à,5
kwesbaar,5
Fransman,5
villa,5
gedryf,5
kruit,5
krisis,5
Hermann,5
Hey,5
krone,5
woeste,5
kruie,5
kragtige,5
voorraad,5
kussing,5
gegooi,5
herbergier,5
Wolff,5
voorkoms,5
groete,5
Maart,5
geel,5
hartaanval,5
lading,5
voorblad,5
Hamburg,5
heg,5
luid,5
gordyne,5
Haasdonck,5
Alpöhi,5
heers,5
glans,5
VN,5
heeltemaal,5
heelal,5
letterlik,5
Glatzentrost,5
Wolzogen,5
leuenaar,5
Hamilton,5
leuens,5
liedjie,5
aandele,5
loer,5
go,5
Hans,5
hardkoppig,5
Lieschen,5
gade,5
lekkergoed,5
gif,5
heiliges,5
Legioen,5
gedreig,5
gedraai,5
helm,5
gewys,5
aangename,5
voog,5
aangekondig,5
Gödöllö,5
Gackl,5
lafaard,5
Helena,5
gedien,5
gedeel,5
gewysig,5
helde,5
aktriese,5
aktrise,5
alarm,5
Landremont,5
leeftyd,5
Heilsberg,5
Luis,5
Virginie,5
Leonid,5
wild,5
voortreflike,5
adviseur,5
kanon,5
ingang,5
kameras,5
genesing,5
Kalatsch,5
Madeira,5
K,5
weldra,5
gepak,5
juweel,5
Junie,5
ingegaan,5
weiveld,5
Weiss,5
waardevol,5
indrukwekkend,5
kern,5
afgespreek,5
Kent,5
kenner,5
kele,5
kelders,5
aankondig,5
gelukkigste,5
gelukwens,5
Well,5
waai,5
aankondiging,5
ietwat,5
gemakliker,5
gesmokkel,5
gemerk,5
adem,5
adellikes,5
Julie,5
aanwysings,5
jagters,5
weggeneem,5
gesinne,5
weddenskap,5
Jacob,5
geskeur,5
ween,5
wagwoord,5
weggehardloop,5
instrukteur,5
aansteek,5
aansteeklik,5
intieme,5
aantal,5
Janek,5
aardse,5
Januarie,5
weggooi,5
inspireer,5
inspirasie,5
Johann,5
warmte,5
insident,5
jonges,5
inmenging,5
geregtigheid,5
adelike,5
Gerd,5
wals,5
Gerard,5
adellike,5
gesorg,5
werf,5
histeries,5
agenda,5
komende,5
gekla,5
gekleed,5
agentskappe,5
kolle,5
interesant,5
wiel,5
agterdeur,5
gekruis,5
wieg,5
hoogstens,5
vreemdelinge,5
hop,5
gelaai,5
gekeur,5
konserte,5
afhaal,5
voorvaders,5
historiese,5
voortydig,5
gevlieg,5
wins,5
koppig,5
winkel,5
hoeveelhede,5
geur,5
gevier,5
Holdrio,5
gevegte,5
voorwaarde,5
kontant,5
konstruksie,5
getrek,5
horlosietjie,5
klimaat,5
kilometers,5
afkom,5
afhanklik,5
werking,5
vroulike,5
kilos,5
humor,5
afhang,5
afstaan,5
kilo,5
gelui,5
hut,5
kg,5
afhandel,5
vrywilligers,5
werkkamer,5
aangevang,5
vroliker,5
afkomstig,5
werklike,5
afneem,5
hulpeloos,5
afsku,5
klasmaats,5
gesteelde,5
klasse,5
wese,5
Klauwaerts,5
kleinkinders,5
getelegrafeer,5
geleenthede,5
afsny,5
kaartjies,5
besteel,5
mam,5
toerusting,5
sakdoek,5
but,5
toegesluit,5
toegestaan,5
België,5
saai,5
s.,5
toertjie,5
Russies,5
salig,5
ruk,5
ruisend,5
rotse,5
Rosie,5
rondloop,5
Chagrin,5
toneelspeel,5
Romeense,5
burgers,5
Salzkammergut,5
Torgau,5
benader,5
Broertjie,5
Sesemann,5
teruggekeer,5
senuagtig,5
sentimeter,5
sent,5
benadering,5
Bruis,5
Thank,5
Titta,5
brutaal,5
then,5
buiteland,5
Buiten,5
belê,5
sang,5
tiran,5
Burgemeester,5
rolle,5
rokke,5
uiterste,5
prente,5
proses,5
professie,5
produseer,5
tweemaal,5
Twintig,5
Griekeland,5
Prima,5
daarsonder,5
tydjie,5
publieke,5
tydperk,5
praatjies,5
Praag,5
Uh,5
poste,5
uitbreek,5
uitdaging,5
uitdrukking,5
pryk,5
pynlike,5
roerend,5
reggemaak,5
rit,5
Chris,5
tradisionele,5
Christ,5
resep,5
Remy,5
Claudette,5
regiseur,5
treurigheid,5
Querrec,5
bekentenis,5
trompetspeler,5
come,5
Corbin,5
Corfu,5
Ravoux,5
rare,5
raas,5
briljante,5
sielkundige,5
Terloops,5
soene,5
speletjie,5
speelgrond,5
biertjie,5
sondaar,5
bleek,5
besluite,5
soetste,5
soet,5
blootgestel,5
beweging,5
sloot,5
sweef,5
slegter,5
sweet,5
boete,5
slagspreuk,5
slagoffers,5
beskaafdheid,5
suide,5
sugte,5
Siende,5
betekenis,5
stoorkamer,5
stom,5
strate,5
streef,5
Stoffels,5
bestorm,5
Stiefie,5
stewels,5
betowerend,5
spieël,5
stelsels,5
betroubaar,5
betwyfel,5
stank,5
besope,5
standaard,5
stal,5
SS,5
slaapkamer,5
besetting,5
skut,5
Six,5
teikens,5
boude,5
skaamte,5
tekere,5
sjarmante,5
Sjarmant,5
bepaalde,5
telegraafkantoor,5
telegram,5
skurke,5
teleurgesteld,5
teleurstel,5
teleurstelling,5
tempel,5
brandstof,5
Sire,5
simpel,5
tere,5
skandaal,5
skatjie,5
tegnies,5
teerheid,5
bomme,5
skuimende,5
skud,5
skrikgemaak,5
take,5
skoonpa,5
skoonmaakster,5
tandarts,5
skoonma,5
beroerte,5
boonste,5
skoenmaker,5
bordeel,5
skeer,5
bereken,5
teenwoordig,5
skedel,5
beduie,5
posisies,5
Mama,5
eensaam,5
verleentheid,5
Nederlande,5
Nederland,5
bestee,5
navraag,5
natuurlike,5
Natalia,5
Arthur,5
nagelaat,5
Athene,5
eerbaar,5
arriveer,5
nadenke,5
eerde,5
Eersteminister,5
eetgerei,5
mure,5
muisie,5
neutraliteit,5
duld,5
muis,5
notaris,5
verenig,5
verf,5
verfilm,5
nuuskierigheid,5
vergader,5
nut,5
November,5
noukeurig,5
verhewe,5
Dulcamara,5
Noorweë,5
Australië,5
nommers,5
verhuis,5
Auschwitz,5
verken,5
Augustus,5
Nikolai,5
verongeluk,5
armoede,5
uitgegooi,5
families,5
ervaar,5
merkwaardig,5
antieke,5
melkman,5
Expo,5
Meesteres,5
familiehof,5
meen,5
fase,5
metodes,5
matrose,5
mate,5
finale,5
Mannheimer,5
mannetjie,5
Angers,5
verwyl,5
Flanders,5
metgesel,5
meubels,5
Mouton,5
argument,5
verplaas,5
moordenaars,5
moorde,5
verraaiers,5
verrassings,5
verrotte,5
eks,5
ekself,5
modelle,5
Meynard,5
arbeiders,5
mislukte,5
miljard,5
ens,5
Miguel,5
middele,5
verspot,5
versprei,5
dreig,5
drama,5
omdraai,5
opgevoed,5
Oronte,5
organe,5
ordentlik,5
dienaar,5
Valence,5
opstyg,5
opstand,5
dieper,5
opgetel,5
deure,5
opgesluit,5
vanmore,5
diepte,5
opgelet,5
vanself,5
Vanselfsprekend,5
opeis,5
digters,5
oue,5
detail,5
omgaan,5
permissie,5
uitgesluit,5
pleit,5
plein,5
plastiek,5
uithou,5
Planet,5
uitmaak,5
Pirjo,5
uitsondering,5
pamflette,5
uitsonderlik,5
uitspreek,5
Pepperl,5
defnitief,5
pasiënte,5
dekades,5
part,5
pannekoeke,5
battery,5
oorweldig,5
vasgevang,5
ondervinding,5
donder,5
verbinding,5
doodsertifikaat,5
doof,5
verborge,5
ongeduldig,5
onderwysers,5
onderwys,5
Verdaag,5
oorspronklik,5
verdag,5
ondervind,5
onderhou,5
baggasie,5
ondergronds,5
badkamer,5
verdink,5
omruil,5
onskuld,5
ontdekking,5
balkon,5
ontleding,5
oorloop,5
oorlewende,5
oorgekom,5
oorgebly,5
oorgaan,5
veiliger,5
oordra,5
veiligheidspolisie,5
oorblyfsels,5
veldtog,5
dode,5
onwettige,5
ontwyk,5
ontsteking,5
verag,5
ontruim,5
ontplooi,5
nederige,5
