word,count
la,20164
mi,17558
vi,15193
ne,12151
estas,12043
kaj,7611
ĉu,6499
de,6421
ni,5925
al,5882
en,4620
li,4222
ke,3902
ĉi,3594
por,3381
tio,2810
sed,2675
ili,2525
tie,2498
kiel,2398
vin,2260
min,2113
pri,2085
jes,2005
mia,1998
kun,1960
kio,1934
estis,1928
kion,1906
ĝi,1873
povas,1810
kiu,1770
tiu,1717
via,1695
ŝi,1589
ĝin,1572
volas,1547
se,1535
tion,1470
bone,1462
havas,1428
do,1408
pli,1341
nur,1330
nun,1317
oni,1299
scias,1223
kial,1159
lin,1086
devas,1075
el,1030
kie,989
kiam,984
unu,915
tiel,899
ja,860
sur,852
jen,846
jam,835
da,829
ankaŭ,825
nu,824
pro,789
tre,788
per,777
ĉiuj,769
vian,756
ilin,743
estos,737
diris,737
dio,736
je,731
aŭ,731
tiun,717
Ho,691
iru,685
nin,658
nia,645
sinjoro,645
ankoraŭ,640
ĉar,638
mian,619
dum,611
ĉio,604
esti,598
plu,594
dankon,579
eĉ,577
venu,572
vere,571
neniam,548
diras,547
ĝis,543
homoj,540
eble,534
ion,531
tiuj,527
iu,518
du,513
fari,499
s,496
tien,495
post,484
antaŭ,482
ol,481
faris,481
ĉiam,475
ĉe,473
bona,465
bezonas,458
plej,448
faras,446
ĉion,446
kia,445
rigardu,443
tiom,443
patro,433
bonvolu,430
certe,429
bonan,425
tuj,425
diru,422
kiuj,412
tro,404
vivo,398
lia,396
sen,389
vidis,389
paĉjo,386
poste,385
pardonu,385
saluton,380
panjo,377
mem,377
tempo,376
neniu,375
tute,363
atendu,362
ŝin,361
kiom,360
vidas,358
lasu,352
ci,346
pensas,342
estu,341
ro,341
kiun,339
ek,338
viaj,338
laŭ,335
okazas,324
okazis,323
for,323
diri,321
faru,321
iom,320
multe,319
venis,317
hodiaŭ,317
nenion,316
homo,315
tiam,311
petas,310
io,306
ha,305
mondo,302
estus,301
komprenas,300
alia,297
miaj,296
granda,292
tamen,289
nenio,288
ĉiu,279
iras,276
donu,275
kien,269
vidi,269
rapide,267
iri,264
sian,263
jaroj,259
kontraŭ,257
ŝatas,256
patrino,256
havis,251
venas,251
tri,251
viajn,248
aliaj,246
povus,245
parolas,242
tagon,241
denove,241
niaj,240
volis,239
bela,237
ajn,232
a,232
eblas,231
sankta,230
tia,228
kredas,228
sia,227
sinjorino,226
cxu,226
aŭskultu,225
ĝuste,224
rajtas,224
Cervo,224
unua,224
faros,223
kara,222
prenu,222
nek,220
arbaro,218
sin,216
restu,216
ekzistas,215
morgaŭ,215
filo,214
sola,214
konas,212
ĉiujn,212
kune,210
opinias,209
iros,208
tuta,206
He,204
vidu,201
ĉesu,198
gravas,197
timas,196
ŝajnas,195
l,195
helpu,194
alian,193
infanoj,191
nomo,189
trovis,188
sentas,187
afero,186
necesas,185
vivas,183
viro,182
knabo,182
inter,182
venos,180
ekde,180
iam,179
morto,176
simple,174
tra,174
preskaŭ,174
paroli,174
amas,173
povis,172
tago,172
longe,172
tiujn,172
povos,171
vivon,171
amiko,170
pensis,169
mortis,169
devos,168
baldaŭ,168
sub,168
Hej,167
kompreneble,167
bedaŭras,167
frato,166
foriru,165
tutan,165
fartas,165
tero,161
nian,161
edzino,161
helpi,159
revenos,159
domo,158
loko,158
bonege,157
haltu,156
antaŭe,155
atentu,155
vera,155
unue,155
iun,154
reĝo,153
sciis,151
aspektas,150
aŭdis,150
laboro,150
milito,149
kvazaŭ,149
devus,148
deziras,148
virino,147
amikoj,146
aŭdas,145
certas,145
zorgu,144
tempon,144
mortos,143
knabino,143
malfermu,142
sufiĉas,142
ordo,141
nova,141
n,141
hejmen,141
ŝia,140
memoras,140
sufiĉe,140
fratino,139
fino,138
kapo,138
mortigi,137
bonvole,137
amo,137
gvidanto,136
miajn,135
lando,135
Peppino,132
kiujn,132
komprenis,131
iomete,130
moŝto,130
akvo,129
atendas,128
ĵus,127
multaj,126
lian,126
iris,122
kapablas,121
manĝi,120
Eboshi,120
vojo,120
manĝu,119
dek,118
malbona,118
signifas,118
restos,117
malpli,117
monon,117
verŝajne,116
mono,116
kvin,116
scii,115
almenaŭ,114
lasta,114
malbone,114
ino,113
tial,113
pravas,112
koro,112
æu,112
finfine,111
forgesis,111
horo,111
okuloj,111
barono,110
Ashitaka,110
parolu,109
restas,109
nokton,109
damne,109
niajn,108
restis,108
ilia,107
pordon,107
grava,106
tagoj,106
pretas,105
perdis,105
foje,105
mankas,105
foriri,105
okazos,104
on,104
viroj,104
urbo,103
vivi,103
ku,103
mortigos,103
donis,102
decidis,102
homojn,102
apud,101
liaj,101
petis,101
morti,100
resti,99
veni,99
ege,99
ĉielo,99
devis,98
sidiĝu,98
bonas,98
Iŝan,97
trovi,97
eniru,97
lernejo,97
siajn,96
laboras,96
preni,96
familio,96
diros,96
vidos,96
princino,95
momenton,95
jaro,94
hejme,94
tiaj,94
lo,94
juna,94
alvenis,94
fakte,93
filino,93
silentu,93
prenis,93
kelkaj,93
temas,93
kvar,93
virinoj,92
nepre,92
laboron,91
rigardas,91
traduko,91
havi,91
same,91
Okkoto,90
loĝas,90
edzo,90
Tano,90
revenis,90
mortigis,90
Milady,90
serĉas,89
ŝipo,89
sukcesis,89
krom,89
grandan,89
aferoj,89
Mak,89
havos,89
fajro,88
nomiĝas,88
Pablo,88
kapitano,88
infano,88
tenu,87
neniun,87
ekstere,87
provu,87
Chico,87
Haŭl,87
kompreni,87
iuj,87
avinjo,86
permesu,86
facile,86
donos,86
dua,86
jarojn,85
nokte,85
donas,85
daŭre,85
Nederlanda,85
rigardi,85
æi,84
malfrue,84
nokto,84
ŝatus,84
alportu,83
kuru,83
kapon,83
trovos,83
vivu,83
stulta,83
planedo,82
homa,82
problemo,82
esperas,81
kamarado,81
prenos,81
knaboj,81
eliru,80
novan,80
minutoj,80
fine,80
trankviliĝu,80
pordo,80
reen,80
funkcias,79
diable,79
multajn,79
parolis,79
volus,79
nomon,79
sukcesos,79
lupo,79
supre,78
revenu,78
o,78
ĉirkaŭ,78
manĝas,78
estro,77
montru,77
si,77
eta,77
labori,77
momento,77
Billy,77
lokon,76
manoj,76
onklo,76
suno,76
hejmo,76
foriris,76
ĉiun,75
manojn,75
trankvila,75
rapidu,75
belega,74
vesperon,74
libera,74
doloras,74
iliaj,74
sama,74
forgesu,73
muziko,73
akvon,73
adiaŭ,73
vespere,73
eniri,73
aliajn,73
ambaŭ,73
ideo,73
pardonon,72
demandi,72
gepatroj,72
Mej,72
vojon,72
okulojn,71
pastro,71
supren,71
ludi,71
Sofi,71
konservu,71
hieraŭ,70
ironworks,70
prefere,70
stultulo,70
sango,70
korpo,70
metu,69
ricevis,69
feliĉa,69
aŭdi,69
celas,69
libro,69
matenon,69
intencas,69
atingi,69
eliri,68
daŭrigu,68
skribis,68
oro,68
matene,68
idioto,68
Fantoci,68
frue,68
kelkajn,67
alportis,67
doni,66
helpos,66
lasis,66
forta,66
reiru,66
alvenas,66
Macario,66
ĝojas,66
forlasis,65
flugi,65
chu,65
trankvile,65
ve,65
arbo,65
animo,65
malaperis,65
antaŭen,65
similas,65
helpon,65
dormi,64
mondon,64
lumo,64
reveni,64
siaj,64
falis,64
ŝtelis,64
aferojn,64
revido,64
foriros,63
fero,63
fojon,63
ofte,63
aĉeti,63
patron,63
scipovas,63
ĉie,63
demandas,63
polico,63
kies,63
Turf,62
ekzemple,62
timu,62
malamas,62
atendi,62
terura,62
preta,62
Ah,62
caro,62
sendis,61
ricevos,61
paco,61
tria,61
dormas,61
terure,60
boars,60
ŝajne,60
infanojn,60
veron,60
zorgas,60
lasos,60
celo,60
ĉambro,60
staras,60
dormis,59
aĵoj,59
Elnederlandigis,59
tian,59
ene,59
bonvenon,59
demandis,59
sekvu,59
freneziĝis,59
lupoj,59
ĉeestas,59
komencis,59
vento,59
Jesuo,59
vero,59
danĝero,59
timo,58
kian,58
dankas,58
lasi,58
popolo,58
soldatoj,58
eniris,58
longa,58
ludo,58
petegas,57
rolo,57
malfacile,57
Esperanto,57
sorĉistino,57
ludas,57
propra,57
vizaĝo,57
f,56
maro,56
pafis,56
preferas,56
malbeno,56
klare,56
reĝa,56
festo,56
diablo,56
sciu,56
stranga,56
alvenos,56
profesoro,55
skribi,55
pensu,55
Ranĉo,55
ulo,55
Kristo,55
Dreverhaven,55
portas,55
Sal,55
trajno,55
mastro,55
Yakul,55
savi,55
apro,55
Maŭra,55
hm,55
Eminenco,55
anstataŭ,54
I,54
sinjoroj,54
bestoj,54
strange,54
ŝanĝi,54
vilaĝo,54
ia,54
foriras,54
ĝardeno,53
provis,53
kaptu,53
atingis,53
demono,53
fek,53
parolos,53
helpo,53
sidas,53
vizaĝon,53
manon,53
montri,52
no,52
trafis,52
tuŝu,52
aŭskultas,52
rakontis,52
bele,52
aŭto,52
domon,52
tribo,52
parto,52
porti,52
pafu,52
bonaj,52
knabinoj,52
flanko,52
batali,52
bebo,51
plaĉas,51
kuracisto,51
memoru,51
fiulo,51
grandaj,51
Haku,51
propran,51
finis,51
promesis,51
karulo,51
serĉi,51
fraŭlino,51
legi,51
Phil,50
respondu,50
princo,50
metis,50
atendis,50
aj,50
pasis,50
telefonis,50
instruisto,50
savu,50
manĝis,50
unuan,50
nomas,50
plena,50
manĝaĵo,49
brave,49
fermu,49
viva,49
farus,49
mano,49
manĝos,49
lernis,49
radio,49
malantaŭ,49
doktoro,49
ordonis,49
naskiĝis,49
ĉiutage,49
demando,49
junulo,49
maljuna,49
rekte,49
horoj,49
filon,49
iĝos,48
kulpas,48
malgranda,48
oficejo,48
lago,48
mil,48
Karlo,48
renkontis,48
nigra,48
avino,48
vortoj,48
direktoro,48
koron,48
Impastato,48
finiĝis,48
dubi,47
strato,47
dioj,47
entute,47
pensi,47
proksime,47
Kiki,47
ideon,47
pardonpetas,47
Patrick,47
Raĝu,47
kredis,47
infero,47
imagu,47
kreskas,47
iĝis,47
uzi,47
korpon,47
halo,46
lingvo,46
bedaŭrinde,46
komencu,46
freneza,46
aĉetis,46
mortintoj,46
Viĉjo,46
flugas,46
ses,46
vojaĝo,46
forlasi,46
subite,46
to,46
ruĝa,46
mallumo,46
historio,46
alie,46
homon,45
revenas,45
fojo,45
instruis,45
Mazi,45
birdo,45
Nago,45
apartenas,45
mortu,45
kiaj,45
filmo,45
zubi,45
Miĉjo,45
trovu,44
persono,44
sep,44
hotelo,44
po,44
perfekta,44
ie,44
promesas,44
montros,44
kvankam,44
kredi,44
Pablito,44
Kazaroza,44
aĵojn,44
Brazilo,44
edzinon,44
kostas,44
Korvaks,44
taŭgas,44
aŭton,43
ĝenas,43
Pjel,43
Katadreuffe,43
dirus,43
kaptis,43
e,43
ĝia,43
bonega,43
uzas,43
apenaŭ,43
d,43
troviĝas,43
ŝian,43
grandega,43
malnova,43
legis,43
dank,43
komenco,43
ŝatis,43
nekredeble,43
prave,43
sxin,43
ian,42
belaj,42
super,42
helpas,42
belan,42
savis,42
militon,42
hundo,42
aferon,42
mortas,42
Marko,42
dorso,42
monstro,42
trovas,42
b,42
forte,42
Pia,42
ricevas,42
imperiestro,42
øi,42
forto,42
komprenu,41
demandu,41
kamaradoj,41
rizo,41
malmulte,41
Gaj,41
ankoraŭfoje,41
spirito,41
tiajn,41
kuras,41
volo,41
speciala,41
morton,41
monatoj,41
movu,41
portis,41
Kaĉjo,41
punkto,41
pura,41
violonisto,41
malamo,41
naturo,41
elektis,41
Paŭleta,41
sonas,41
nenia,41
pagos,40
prenas,40
Karl,40
rivero,40
monto,40
precize,40
alporti,40
lerni,40
delonge,40
gesinjoroj,40
reĝino,40
lumon,40
landon,40
rakontu,40
Toki,40
atenton,40
duono,39
nomis,39
ordono,39
Aĥ,39
tiru,39
nura,39
cin,39
aero,39
vundita,39
libron,39
farita,39
sekura,39
provas,39
krome,39
veturu,39
malamiko,39
levi,39
plene,39
hastu,39
varma,39
kantas,39
numero,38
gardu,38
legu,38
absolute,38
steloj,38
bezonos,38
insulo,38
mortinta,38
young,38
lastan,38
gajnis,38
ĉarma,38
Inklinalriks,38
rekonas,38
minuton,38
atendos,38
supozas,38
Usono,38
rigardis,38
klaso,38
rimarkis,38
Brendano,38
malsupren,38
indas,38
saman,38
renkonti,38
finita,38
donaco,37
homaj,37
karno,37
iĝas,37
ŝlosilon,37
dudek,37
kelkfoje,37
dume,37
avo,37
chi,37
laŭte,37
ŝancon,37
Korbin,37
pafi,37
jara,37
okcidento,37
sekundoj,37
tagojn,37
massarakŝ,37
malsana,37
malfruas,37
skribu,37
sentis,37
danki,37
vekiĝu,37
morta,37
minutojn,36
Luigi,36
Totoro,36
havu,36
malbono,36
male,36
malfermi,36
radion,36
Ĝiĝi,36
serioze,36
moviĝu,36
luno,36
Farhan,36
cxi,36
kantu,36
Héctor,36
problemojn,36
ricevi,36
nome,35
mirinde,35
ŝanĝiĝis,35
Ĝafaro,35
amikon,35
reiri,35
fini,35
imagas,35
Francisko,35
plian,35
fratoj,35
konsentas,35
finu,35
surmetu,35
unufoje,35
sole,35
Oracle,35
horojn,35
kontrolu,35
iliajn,35
jaron,35
kuŝas,35
Parizo,35
arbaroj,35
Jiko,35
libereco,35
vivos,35
frenezas,35
armeo,35
trinku,35
kulpo,35
k,34
feston,34
fariĝis,34
aŭskulti,34
kafon,34
fariĝos,34
urbon,34
pagi,34
veras,34
ok,34
besto,34
lito,34
centro,34
floroj,34
Lara,34
sukcesas,34
atingos,34
veran,34
muso,34
Kalcifer,34
amon,34
vivis,34
sistemo,34
trinki,33
klaras,33
falas,33
aperis,33
valoras,33
malrapide,33
uzu,33
teatro,33
novajn,33
ŝajnis,33
viziti,33
alta,33
finos,33
Konsentite,33
muzikon,33
ĉambron,33
ĉefe,33
malbenita,33
voku,33
kredu,33
vorton,33
kialo,33
serĉu,33
demandon,33
servo,33
Berlino,33
aĉetos,33
pripensis,33
oh,33
portu,33
policon,33
suferas,33
respondi,33
piedoj,33
car,33
proponas,33
permesas,33
provos,33
cetere,33
deziron,33
nenian,32
prezentas,32
neniel,32
karulino,32
homaro,32
feliĉaj,32
laboris,32
voĉo,32
tablo,32
libroj,32
bezonis,32
kuraĝa,32
ludis,32
virinon,32
sube,32
hejmon,32
mar,32
Maria,32
v,32
Marta,32
mateno,32
merdo,32
skribas,32
kaŝi,32
helpis,32
aĉa,32
Jacob,32
ĝusta,32
dekstre,31
preĝu,31
kompatinda,31
sablo,31
malsatas,31
Eŭropo,31
komencas,31
tridek,31
Eva,31
ĵuras,31
malproksime,31
vorto,31
flugo,31
bebon,31
ludu,31
novaj,31
muro,31
vilaĝon,31
vespero,31
forton,31
amis,31
t,31
vortojn,31
rimarkas,31
ŝanĝis,31
utilas,31
situacio,31
aĝo,31
montras,31
redonu,31
finiĝos,31
rakonti,31
montris,31
akcepti,31
Sir,31
pardonas,31
dormu,31
ŝtonoj,31
mortigas,31
Ĉihiro,31
eksteren,31
ŝtono,30
sklavoj,30
mirinda,30
demetu,30
malsano,30
kaptilo,30
maŝino,30
Sveĉnikov,30
peza,30
simpla,30
blanka,30
Munĥauzen,30
Dallas,30
respondo,30
nelonge,30
sana,30
problemon,30
riflemen,30
Cinisi,30
Koroku,30
leĝo,30
sovaĝa,30
samtempe,30
Icka,30
formo,30
majstro,30
evidente,30
lud,30
halt,30
Quick,30
ridinda,30
akiris,29
sorto,29
rublojn,29
gastoj,29
ĉefa,29
proksima,29
rakontos,29
batalo,29
kaŝas,29
mensogas,29
filmon,29
amikojn,29
klarigi,29
koleras,29
malfacila,29
kaptos,29
malfermita,29
degeneruloj,29
etan,29
rifuzas,29
facila,29
komprenos,29
bezonatas,29
animon,29
liajn,29
simioj,29
leteron,29
agas,29
rusoj,29
trans,29
okulo,29
tasko,29
mortigu,29
telefoni,29
ekster,29
reala,28
maniero,28
forlasu,28
peti,28
blua,28
vico,28
KeCe,28
geknaboj,28
iel,28
buŝon,28
des,28
uzis,28
perdos,28
sano,28
tempoj,28
maltrankviliĝu,28
igis,28
arboj,28
vivojn,28
danke,28
vokas,28
sendu,28
Maksim,28
pripensu,28
espero,28
well,28
silento,28
plezuro,28
sekvas,28
sekreton,28
haltigu,28
malkovris,28
kaŝis,28
kutime,28
batalas,28
domaĝe,28
postenon,28
rompis,28
patrinon,28
sonĝo,28
normale,28
revolucio,28
Irufor,28
taskon,28
flanken,28
oj,28
ilian,28
kafo,27
silenton,27
elteni,27
kreskis,27
serĉis,27
fidu,27
oĉjo,27
deziris,27
loĝejo,27
Pavĉjo,27
Atanarjuat,27
klubo,27
Elia,27
surprizo,27
palaco,27
you,27
kuzo,27
puŝu,27
kvara,27
atakis,27
sonĝis,27
amuza,27
inĝeniero,27
feliĉan,27
sekva,27
milionoj,27
Obeliks,27
provi,27
eniras,27
knabon,27
pardoni,27
efektive,27
perdita,27
lernejon,27
frenezulo,27
telefono,27
honoro,27
nuntempe,27
neeblas,27
opiniis,27
malamikoj,27
kosmo,27
batis,27
don,27
scius,27
Ivan,27
ludon,26
verda,26
haroj,26
lastaj,26
vokis,26
cikatron,26
bio,26
m,26
pafas,26
robotoj,26
rompita,26
heroo,26
viando,26
interese,26
hazarde,26
vetero,26
levu,26
harojn,26
profunda,26
letero,26
gajni,26
vundo,26
aŭdu,26
fenestro,26
knabinon,26
mesaĝon,26
aperos,26
paradizo,26
agrable,26
eliros,26
Vaganto,26
rato,26
respondas,26
Richard,26
flugos,26
Diogo,26
okazi,26
Jubaba,26
flugu,26
aĵo,26
fingroj,26
malplena,26
erara,26
timis,26
Ofelja,26
tiamaniere,26
eksciis,26
rilatas,26
aĝa,26
ekzameno,26
plano,26
Hey,26
konis,25
duonon,25
librojn,25
forkuris,25
ŝlosilo,25
Jeromo,25
vivaj,25
tombo,25
samurái,25
Asano,25
saĝa,25
teron,25
ĉampiono,25
Klarisa,25
doloro,25
ĉevalo,25
certa,25
profunde,25
omoj,25
ordinara,25
kreis,25
tenas,25
tiukaze,25
asertas,25
princ,25
Oki,25
agi,25
sendi,25
kanajlo,25
belege,25
sidu,25
trezoro,25
Aminda,25
interesiĝas,25
sidi,25
eraro,25
interne,25
demandoj,25
murdis,25
fronto,25
dependas,25
murdo,25
stiri,25
pereis,25
multan,25
meti,25
socio,25
got,25
aperas,25
ĉesis,24
birdoj,24
ridetu,24
trinkas,24
malsanulejo,24
malsanas,24
kvina,24
haltigi,24
brako,24
malgraŭ,24
malgrandaj,24
partio,24
daŭras,24
kato,24
lasas,24
an,24
bordo,24
dezirus,24
ŝipon,24
problemoj,24
probable,24
arbojn,24
turoj,24
forigu,24
flugis,24
sekreto,24
eliris,24
koncernas,24
memoro,24
maŝinon,24
respondis,24
bum,24
telefonon,24
finiĝas,24
renkontos,24
igas,24
ĵetu,24
perfekte,24
cerbo,24
domoj,24
Pangur,24
interesa,24
Sim,24
ekstaru,24
krei,24
eniros,24
Vasiljeviĉ,24
Silvja,24
cent,24
Ranĉodas,24
iujn,24
familion,24
Arnold,24
leŭtenanto,24
volonte,24
karesu,24
karaj,24
multon,24
sendos,24
Izzi,24
semajno,24
sendas,24
sento,24
postulas,24
havus,24
seĝo,24
ĉefo,23
malvarme,23
kuri,23
perdas,23
sovaĝaj,23
aŭskultis,23
eviti,23
ĝian,23
kompatu,23
bonfartas,23
putinido,23
meze,23
lokoj,23
personoj,23
nazon,23
Schultz,23
lingvon,23
portos,23
nokta,23
sendube,23
enamiĝis,23
pantalonon,23
haŭto,23
kristnaskon,23
venigu,23
Tommy,23
krizo,23
venigis,23
kontenta,23
precipe,23
Inĉjo,23
alportos,23
florojn,23
venkis,23
klopodas,23
generalo,23
legas,23
signo,23
cxiuj,23
tuŝis,23
Kju,23
Osterlish,23
ŝanco,23
leviĝu,23
haltis,23
historion,23
klopodu,23
instruas,23
grupo,23
scios,23
lageto,23
invitis,23
afabla,23
etulo,23
laca,23
familia,23
urbestro,23
detrui,22
forestas,22
revo,22
duan,22
ĉiukaze,22
rusa,22
Isabelle,22
redonos,22
komence,22
sufiĉos,22
ostojn,22
kioma,22
ŝipanaro,22
freŝa,22
endas,22
elektu,22
bono,22
ŝaltu,22
posedas,22
Mercedes,22
potenco,22
muroj,22
konduku,22
soldato,22
Anthony,22
Londono,22
komandanto,22
ordonon,22
okazo,22
oficiro,22
revidi,22
finite,22
naskiĝtago,22
uloj,22
urĝe,22
Crispina,22
turnu,22
studis,22
fia,22
veturas,22
timon,22
kaŝita,22
apartamento,22
suben,22
akompanu,22
pistolon,22
ekscios,22
movi,22
pagas,22
fama,22
rapidiĝu,22
ĉeestis,22
eraris,22
feliĉon,22
viandon,22
akceptu,22
mallonga,22
armilo,22
Leonard,22
instrui,22
Kris,22
vane,22
akceptas,22
krias,22
fidas,22
sidis,22
rakontas,22
fuĝi,21
edziĝi,21
rompos,21
Francio,21
9a,21
universo,21
plenumi,21
eterne,21
mond,21
malantaŭen,21
pugon,21
avertis,21
grandajn,21
veturi,21
malforta,21
patroj,21
etaĝo,21
gravan,21
truo,21
progresas,21
ŝategas,21
malbonan,21
elekti,21
supo,21
seĝoj,21
dormos,21
Milan,21
plia,21
projekto,21
pacon,21
moviĝas,21
Connors,21
survoje,21
Aldo,21
suda,21
Ajdan,21
bastardulo,21
senton,21
orelojn,21
stultuloj,21
malŝparu,21
konservi,21
Sereda,21
ceremonio,21
respekto,21
mafio,21
teon,21
mordis,21
prezidento,21
gxin,21
kontroli,21
ree,21
vizitis,21
sidanta,21
Annie,21
celon,21
Vlaĉjo,21
mapo,21
neniuj,21
komenci,21
kuraĝas,21
halti,21
feliĉo,21
bongusta,21
Ĉatur,21
komenciĝas,21
placo,21
telefonos,21
vivoj,21
Hinkel,21
neĝo,21
franca,21
donacon,21
merdon,21
falos,21
konata,21
Tomas,21
interalie,21
liberaj,21
malvarma,21
Gaal,20
interesas,20
Kazimiro,20
infanon,20
gasto,20
malpermesas,20
plus,20
Malliberulo,20
Enla,20
reĝisoro,20
aĉulo,20
Avasti,20
rezulto,20
tegmento,20
telefonu,20
timi,20
maŝinoj,20
registaro,20
malbonas,20
malaperos,20
apetiton,20
tuŝi,20
rakonto,20
vespermanĝo,20
mapon,20
ordonoj,20
cia,20
nazo,20
sekreta,20
novaĵo,20
sekve,20
nomu,20
Neniusciasviankoron,20
edzon,20
naŭ,20
dr,20
ordonas,20
samurai,20
ekiru,20
sesa,20
Bartolomeo,20
samaj,20
okaze,20
Mikado,20
Look,20
blinda,20
lipoj,20
albumo,20
parton,20
Aha,20
kredos,20
daŭrigi,20
agrabla,20
Pikul,20
aeron,20
ŝtata,20
koncerto,20
ŝtonojn,20
komencos,20
km,20
klopodis,20
klarigu,20
planedon,20
klarigos,20
planto,20
premu,20
danĝera,20
zorgos,20
pasas,20
vivanta,20
preparis,20
langon,20
Perdido,20
Lady,20
Desperanto,20
vintro,20
zorgojn,20
Amen,20
pekoj,20
boato,19
privata,19
regi,19
bonajn,19
protekti,19
printempo,19
renkontiĝis,19
daŭros,19
brilas,19
ripozu,19
ripetas,19
rigardos,19
intencis,19
bravulo,19
redoni,19
ploras,19
bildoj,19
zorgi,19
Virginia,19
viv,19
alte,19
alportas,19
aliloke,19
voĉon,19
Alfa,19
ĉevalon,19
bildo,19
akcidento,19
akceptis,19
glason,19
ĵetas,19
grave,19
ŝuoj,19
ŝuojn,19
vetas,19
amuze,19
Varinjo,19
antaŭa,19
senĉese,19
solvi,19
sopiras,19
sorĉisto,19
spaco,19
spegulo,19
stato,19
stulte,19
klara,19
aŭdacas,19
supozeble,19
tedis,19
trankvilu,19
trompis,19
turni,19
Suliman,19
gradoj,19
Mario,19
kuraĝon,19
Maŭrico,19
fermita,19
iĝi,19
kutimo,19
eliras,19
dorson,19
larmoj,19
junaj,19
nuna,19
dubas,19
nuda,19
elekto,19
neniom,19
Ej,19
fariĝi,19
lecionon,19
eklezio,19
Lilu,19
monato,19
Leonid,19
forprenu,19
Osipov,19
monstroj,19
kuraĝo,19
maltrankviliĝas,19
plaĝo,19
dekstra,19
klarigis,19
kiajn,19
permesos,19
kelo,19
malfacilas,19
malsato,19
pensoj,19
dia,19
forlasas,19
kontakti,19
panon,19
estimata,19
estonteco,19
pagis,19
finas,19
vestojn,18
loĝis,18
turo,18
majo,18
Lisa,18
malaperi,18
loĝejon,18
venki,18
liberigu,18
plie,18
Larry,18
Viktor,18
virinojn,18
Kells,18
ŝiaj,18
ŝerco,18
ŝercas,18
ŝanĝu,18
Grekio,18
kontraŭas,18
ĉiuokaze,18
kreas,18
kuris,18
kutima,18
ĉeesto,18
kvardek,18
laboros,18
lakton,18
trafi,18
kastelo,18
Kasiopeo,18
viron,18
malfermas,18
Mathias,18
Tina,18
malfermos,18
odoro,18
ripozi,18
Rin,18
okulon,18
Ivanova,18
oriento,18
ovojn,18
P,18
reiros,18
pafilon,18
regas,18
pano,18
radiado,18
pruvo,18
papero,18
insistas,18
peko,18
instruistino,18
preter,18
pentristo,18
perforto,18
petu,18
Peĉjo,18
rubloj,18
Sacuki,18
obeas,18
junulino,18
terkultivisto,18
televido,18
kanti,18
taŭga,18
kanonoj,18
malĝusta,18
malŝaltu,18
plenumis,18
metas,18
Staru,18
somero,18
nune,18
horon,18
sklavo,18
simila,18
Silvani,18
silentiĝu,18
silentas,18
Napaloni,18
senti,18
normala,18
savos,18
kison,18
ව,18
am,18
Allegra,18
Giovanni,18
demokratio,18
diskuti,18
amaso,18
akuzito,18
dentojn,18
elektas,18
decidi,18
elekton,18
bestojn,18
buŝo,18
destino,18
farite,18
daŭrigas,18
agu,18
firmao,18
eltenas,18
brava,18
angulo,18
ekis,18
eraron,18
aliĝu,18
draagoj,18
Fedĉjo,18
domojn,18
ghi,18
germanoj,18
deka,18
dormo,18
dufoje,18
fajron,18
chiuj,18
Em,17
vestaĵojn,17
ferioj,17
lakto,17
boaton,17
plenas,17
perdi,17
envenu,17
forprenis,17
permesi,17
kverelas,17
permeso,17
sangon,17
delikata,17
vizitos,17
piedo,17
kapti,17
alvoku,17
Anglio,17
ruĝaj,17
ruĝan,17
Roberto,17
videblas,17
persone,17
planas,17
kvindek,17
bonkora,17
vojaĝon,17
proksimiĝas,17
foton,17
bileton,17
dometo,17
iĝu,17
stacidomo,17
dolarojn,17
ekscii,17
mortus,17
izz,17
okupita,17
doloron,17
Moskvo,17
arto,17
Jack,17
timigas,17
ties,17
odoras,17
tiele,17
fidi,17
proksimume,17
teni,17
naskis,17
ejo,17
travivis,17
imagis,17
sekvan,17
miraklo,17
sekvos,17
penso,17
Alferjev,17
konfesi,17
senprokraste,17
konscias,17
Vangdu,17
devo,17
minuto,17
dezerto,17
sonon,17
gardisto,17
Silbado,17
konstruaĵo,17
Ju,17
pam,17
Palermo,17
situacion,17
skribita,17
igi,17
get,17
emas,17
Atuat,17
danci,17
ridas,17
gratulas,17
popolon,17
lernas,17
akceptos,17
Clausewitz,17
øin,17
grandegan,17
porkoj,17
danku,17
Aldone,17
purigi,17
ŝtelas,17
ŝtelisto,17
bruas,17
malaperu,17
flughaveno,17
reguloj,17
Abba,17
maljunulo,17
malbela,17
Aal,17
Floston,17
kaŭzo,17
kolero,17
rezisti,17
ajna,17
ido,16
fraton,16
batalis,16
skribos,16
mordi,16
rapida,16
kontrakton,16
batalos,16
universitato,16
Ugo,16
miras,16
guldenoj,16
ĥo,16
valida,16
juste,16
ĵetis,16
danĝere,16
rilaton,16
gardi,16
parolo,16
Johan,16
kunulo,16
potencon,16
ratoj,16
unuafoje,16
antikva,16
Rada,16
dion,16
similan,16
oreloj,16
gloro,16
speciale,16
ŝuldas,16
Eksarĥio,16
odoron,16
fajfas,16
limo,16
kisi,16
aŭdos,16
duobla,16
atako,16
invitas,16
speco,16
Nikolaj,16
Niila,16
propraj,16
foren,16
kriis,16
Kristnasko,16
liberigi,16
libere,16
linio,16
artisto,16
aŭtoro,16
kruron,16
gajnas,16
forgesos,16
kuirejo,16
staris,16
Cesare,16
lu,16
trakti,16
fojojn,16
stelo,16
infaneco,16
prizorgos,16
eXistenZ,16
movado,16
filmoj,16
Tomenio,16
movas,16
prizorgu,16
serĉos,16
seĝojn,16
ĉesi,16
perdu,16
brakoj,16
malvarmas,16
vikingoj,16
komunisto,16
kuŝis,16
kamparo,16
politiko,16
ĉesos,16
pluvas,16
sanigis,16
rotestro,16
manĝaĵon,16
Viruso,16
lacas,16
samon,16
Albert,16
Vasko,16
Hispanio,16
kapablis,16
fenestron,16
bonŝancon,16
Ĉanĉad,16
maldekstra,16
pluraj,16
maldika,16
sago,16
amata,16
bonŝanca,16
Vika,16
fiŝo,16
feliĉe,16
zorge,16
voĉoj,16
malliberejo,16
elpensis,16
giganta,16
estaĵo,16
Zinjo,16
Kolumbo,16
defendi,16
Magdalena,16
ĝustatempe,16
sekvi,16
posteno,16
Ĥanjo,16
juĝisto,16
serioza,16
Venja,16
agoj,16
seka,16
Segismundo,16
Zef,16
bieno,16
decidu,15
pliajn,15
proceso,15
koroj,15
naĝi,15
necesejo,15
krii,15
Karamuru,15
donus,15
rompi,15
rompas,15
piedojn,15
koloroj,15
Deer,15
supreniru,15
nobla,15
forpreni,15
due,15
aĝas,15
brakon,15
Robĉjo,15
notojn,15
finon,15
Stroomkoning,15
dentegoj,15
scienco,15
dirite,15
rapidas,15
popola,15
pordojn,15
kondukos,15
daŭrigos,15
Beauregard,15
parencoj,15
rekonos,15
belas,15
beleco,15
rekonis,15
devenas,15
Bender,15
realo,15
seĝon,15
paŝi,15
paĉjon,15
pereos,15
Dankegon,15
premion,15
kialon,15
Kolombo,15
onklino,15
kantis,15
permeson,15
puŝi,15
salutu,15
spiritoj,15
fin,15
spertas,15
bofrato,15
fuelle,15
spektaklo,15
leĝoj,15
specialan,15
specialaj,15
diversaj,15
ordonojn,15
jare,15
rimarkos,15
katon,15
memori,15
mortigita,15
kunportis,15
Gankelaar,15
ien,15
Watch,15
aparato,15
ekzakte,15
malpermesis,15
ghin,15
eraras,15
lavi,15
ekstermos,15
eskapi,15
Move,15
imagi,15
maldekstre,15
ekspedicio,15
malbonon,15
Gvidon,15
kuglo,15
traktas,15
guþo,15
leciono,15
Magistro,15
ĝuu,15
idoj,15
unclouded,15
vojaĝis,15
Manjo,15
veneno,15
Kutejŝĉikova,15
menso,15
vendejo,15
vendas,15
venkos,15
geedziĝo,15
vekiĝis,15
Marĝinjo,15
Elk,15
milionojn,15
Anna,15
Hispanoj,15
hundon,15
maron,15
ami,15
videbla,15
urso,15
Himmler,15
vino,15
mankis,15
Moema,15
Ickarus,15
guldenojn,15
merde,15
aspekto,15
ĵurnalon,15
Asteriks,15
insul,15
ŝanĝos,15
ŝatata,15
funkciis,15
instruos,15
ŝtuparo,15
loĝi,15
Terr,15
_walker_,15
najbaro,15
Kristy,15
informi,15
inferon,15
Kristina,15
mutaciintoj,15
Gonza,15
teruran,15
petos,14
salajro,14
Gratulon,14
von,14
bonordas,14
Kil,14
demonoj,14
romano,14
forgesas,14
laciĝis,14
bovino,14
volos,14
lernos,14
Saltano,14
Vladimir,14
pilkon,14
demandos,14
regno,14
pripensi,14
amikino,14
civilizo,14
Ŝŝŝ,14
ŝuldojn,14
kondiĉoj,14
kisis,14
angla,14
ventro,14
desegni,14
veraj,14
homan,14
eltiri,14
verdire,14
Hmm,14
Hitler,14
Kisa,14
Marĝane,14
kvartalo,14
proprajn,14
ŝtato,14
Bondezirojn,14
pugo,14
Ŝpak,14
Salvo,14
pisis,14
longan,14
enordas,14
plaĉis,14
planon,14
komforte,14
ĉasistoj,14
fare,14
koleron,14
ĉeestos,14
raso,14
flugilojn,14
forkuru,14
revidos,14
pluvo,14
decido,14
respondon,14
esperis,14
akiri,14
buso,14
rendevuon,14
advokato,14
malantaŭe,14
forlasos,14
kaŭzas,14
Grigorjeviĉ,14
Agapit,14
magio,14
faritaj,14
ĵuris,14
posttagmeze,14
lukti,14
Giuseppe,14
plue,14
plezure,14
riveron,14
afable,14
landlimo,14
Rita,14
riski,14
malsata,14
plenan,14
kliento,14
lucky,14
ripozon,14
plenumas,14
gravicapon,14
honoron,14
defendas,14
cerbon,14
rajton,14
Alex,14
maljunulino,14
far,14
Ángela,14
forpelos,14
ploru,14
adreso,14
poŝo,14
forpelis,14
tag,14
Paragŭasu,14
atakas,14
Fi,14
apude,14
kostis,14
suferis,14
truon,14
aŭskultos,14
kontentas,14
montoj,14
sukcesi,14
bastardo,14
anĝelo,14
Jean,14
skatolo,14
hontas,14
Jennifer,14
frapis,14
pala,14
Antonio,14
singardu,14
Mona,14
pantalono,14
notoj,14
trafos,14
bati,14
superas,14
simpatia,14
aspektis,14
trinkos,14
ataki,14
transdonu,14
straton,14
strangas,14
trairi,14
trafas,14
studento,14
Arkadjeviĉ,14
infanaĝo,14
irus,14
korekte,14
studio,14
arestis,14
stultaĵo,14
stultaĵojn,14
oceano,14
kor,14
in,14
kopiis,14
tranĉilo,14
Imperio,14
donacis,14
krurojn,14
inoj,14
imago,14
spiri,14
Iona,14
arbara,14
similaj,14
dolĉa,14
Joĉjo,14
tage,14
teo,14
pasigis,14
Hura,14
kuraci,14
Ned,14
ministro,14
taksion,14
metos,14
Sergej,14
sepa,14
Tamara,14
animojn,14
paŝas,14
aviadilo,14
horloĝon,14
paŝtistino,14
averti,14
pecon,14
pendas,14
natura,14
telefonas,14
horloĝo,14
kondutu,14
merdulo,14
detruis,14
francan,14
utilos,14
mision,14
pardonos,14
sidiĝi,14
utila,14
fidela,14
Nikumb,14
parolado,14
surhavas,14
mirindan,14
gardas,14
Antenna,14
kreskos,14
inteligenta,14
simbolo,14
Sice,14
konstante,14
programo,13
preĝejo,13
Dan,13
civitanoj,13
prezenti,13
legos,13
Eh,13
egalas,13
noktoj,13
ludoj,13
dancas,13
fojoj,13
knabinojn,13
Munkeno,13
kruro,13
Muller,13
Clarissa,13
povon,13
Cracowiack,13
duka,13
nigraj,13
Koĉjo,13
loka,13
povu,13
menson,13
kukon,13
portugalan,13
estaĵoj,13
elangligis,13
Mojose,13
enlitiĝu,13
demandojn,13
laboru,13
laborpostenon,13
Felicia,13
manĝon,13
laboristoj,13
dika,13
energion,13
energio,13
parolon,13
fenestroj,13
pasigi,13
komputilo,13
elektro,13
paĝo,13
marŝas,13
komunistoj,13
meritas,13
membroj,13
Pe3K,13
firme,13
Peraŝ,13
kondiĉo,13
ejon,13
kompatas,13
pirata,13
malsupre,13
kontrolos,13
estante,13
porko,13
pordego,13
ombron,13
esperon,13
Polujo,13
kolektis,13
dolaroj,13
diversajn,13
Esperanton,13
malbonaj,13
kuiri,13
kontrolo,13
konstruos,13
ekstera,13
fianĉino,13
oriente,13
escepte,13
malfermis,13
Erinaceto,13
diskuto,13
epoko,13
monstron,13
pado,13
malpura,13
kunportos,13
naskiĝas,13
familinomo,13
sistemon,13
senpage,13
servas,13
Berlin,13
Aleks,13
Aleksandr,13
bedaŭros,13
Julia,13
judoj,13
batas,13
sinjorinoj,13
solaj,13
jarcento,13
Zoolando,13
zono,13
Sonjo,13
Jakin,13
Aleĉjo,13
spuron,13
frakasis,13
biciklo,13
starigi,13
senco,13
fortoj,13
kapojn,13
glora,13
Rubi,13
kapablon,13
kanton,13
saltu,13
bonegan,13
kampo,13
ĝentila,13
kamentubisto,13
scio,13
Kamaĝi,13
birdeto,13
biletojn,13
ĉian,13
semajnon,13
banejo,13
stariĝu,13
bovlo,13
timigis,13
arestita,13
verkisto,13
aranĝos,13
Trombo,13
venonta,13
igos,13
trupo,13
turniĝas,13
tuŝos,13
ideojn,13
unuaj,13
iama,13
Ursino,13
hundoj,13
uzos,13
varme,13
hospitalo,13
armilon,13
veturis,13
Steiner,13
atente,13
Italio,13
studas,13
stultas,13
vundon,13
Ipolit,13
aŭtomobilo,13
Germanio,13
sugestas,13
gepatrojn,13
alumetojn,13
Virgulino,13
Hilke,13
avertas,13
amikeco,13
teatraĵo,13
veturos,13
hispana,13
kaptita,13
animoj,13
3a,13
6a,13
cak,13
fortaj,13
celis,13
punkton,13
ŝanĝas,13
Raĝan,13
promeson,13
ridetas,13
8a,13
respekton,13
brusto,13
ŝipoj,13
putinoj,13
keston,13
kilometrojn,13
Kazarozan,13
putino,13
kaŝe,13
kaŝu,13
protektos,13
revis,13
kesto,13
rakonton,13
C,13
rezignu,13
brila,13
forflugis,12
genia,12
Novalo,12
promenas,12
anglan,12
trupoj,12
vojaĝi,12
nomiĝis,12
duonhoro,12
mensogi,12
sukceson,12
forkuri,12
memoron,12
punon,12
vokos,12
inviti,12
studi,12
lingvojn,12
malpeza,12
rekomendas,12
Bán,12
Stefano,12
mallonge,12
oldulo,12
Ivano,12
formetu,12
malofte,12
Y,12
potenca,12
filoj,12
Ulysse,12
landoj,12
subskribas,12
Donovan,12
filinon,12
subskribi,12
monatojn,12
regis,12
tutegale,12
filinoj,12
fileto,12
vundiĝis,12
ŝteli,12
mensogo,12
surmeti,12
alveni,12
gajnos,12
intence,12
ter,12
leviĝas,12
Műnchhausen,12
atentas,12
kvieta,12
the,12
premo,12
instituto,12
veturigos,12
marĉo,12
multa,12
Tim,12
Hispanujo,12
certis,12
timema,12
kruroj,12
trinkis,12
Tiva,12
ŝtormo,12
vestaĵoj,12
amuziĝu,12
G,12
forigi,12
Moshto,12
verko,12
Mathilde,12
Ranĉon,12
televidon,12
morgaŭa,12
fumi,12
onklon,12
alvokos,12
violonon,12
eblos,12
vinon,12
feliĉas,12
edziĝis,12
nekredebla,12
prezentos,12
nekonata,12
Moro,12
neeble,12
vidus,12
pozicio,12
kreteno,12
efikas,12
Venuti,12
sxi,12
tagiĝo,12
aviadiloj,12
talenton,12
Ameriko,12
interkonsento,12
pravis,12
teamo,12
dankema,12
fumas,12
stacio,12
rememoras,12
Go,12
agis,12
rilato,12
savo,12
ĝenos,12
scenaro,12
blovas,12
sciigi,12
konatiĝi,12
branĉoj,12
perdiĝis,12
plori,12
ridis,12
ĝenerale,12
Ĝakomo,12
peno,12
koloro,12
ĉirkaŭe,12
kondukas,12
detruas,12
Van,12
ridi,12
vendi,12
pentraĵo,12
semajnoj,12
propono,12
Graŭlo,12
konfesas,12
komunikado,12
Agata,12
magistratestro,12
lerneja,12
fortas,12
riĉa,12
festeno,12
ludos,12
dekstren,12
komenciĝos,12
robo,12
robon,12
vekis,12
kaporalo,12
komenciĝis,12
flamo,12
piedon,12
Romo,12
ripozo,12
estonta,12
Elirigu,12
Mafiurbo,12
mikrofono,12
ruliĝas,12
bovojn,12
elfrancigis,12
komprenite,12
ĝuis,12
Milano,12
dokumentojn,12
sencon,12
penis,12
Katja,12
batos,12
lerta,12
sincere,12
Joachim,12
sinjoron,12
mesaĝisto,12
frapo,12
kontakton,12
pafo,12
Hannah,12
fratinon,12
Gratulojn,12
pacak,12
uniformon,12
longaj,12
ŝlosilojn,12
solvo,12
4a,12
fina,12
sonĝas,12
sorton,12
ligno,12
hastas,12
banko,12
J,12
epokoj,12
lli,12
silenti,12
pulson,12
modelo,12
severa,12
penas,12
ĉesigi,12
Senlime,12
ŝatos,12
koni,12
ĉemizon,12
Honoru,12
ŝuo,12
devintus,12
Paul,12
belegaj,12
arbaron,12
Álvares,12
malfacileco,12
liberigita,12
pasintaj,12
Sheldon,12
junuloj,12
pasi,12
diferenco,12
belegan,12
anasido,11
angoro,11
venigos,11
venigi,11
anim,11
Ŭaŭ,11
mensogoj,11
ŝajnigas,11
Matvejeviĉ,11
akompani,11
Erik,11
Zvart,11
ĉasas,11
maldolĉa,11
ĉasisto,11
aktoro,11
akompanos,11
ĉelo,11
malbenon,11
eterna,11
zorgis,11
ĉielon,11
etaj,11
Ĝojan,11
agado,11
Afriko,11
aerŝipo,11
ŝaltas,11
estonto,11
lukto,11
malfortaj,11
malhela,11
vestita,11
vizito,11
vetu,11
marmoton,11
Markizino,11
Emmanuel,11
enen,11
amantino,11
Vincent,11
manĝo,11
alproksimiĝu,11
enloĝantoj,11
luktis,11
malvarmo,11
alimaniere,11
voĉojn,11
vunditaj,11
fajfiĝas,11
malsanaj,11
malsama,11
malproksima,11
Wolf,11
prokuroro,11
nomata,11
elkondukis,11
paŝu,11
biciklon,11
pensojn,11
sekvis,11
pentri,11
detenas,11
scivolas,11
blankan,11
sciur,11
Saŭlo,11
perfidis,11
permesis,11
bombo,11
saluti,11
saltis,11
dentisto,11
devigi,11
sensencaĵo,11
vekiĝas,11
paŝo,11
distanco,11
baronino,11
pacako,11
skatolon,11
Sikorskij,11
parolante,11
shi,11
partopreni,11
pasos,11
deziro,11
benu,11
devizo,11
servon,11
sentos,11
sentojn,11
bordelo,11
Petro,11
Peĵe,11
rozkolora,11
popoloj,11
rememoru,11
rememorigas,11
religio,11
butiko,11
Ray,11
Rastogi,11
povintus,11
rapideco,11
premas,11
preparas,11
certigas,11
Puja,11
publika,11
promeni,11
renkontas,11
renkontiĝu,11
Bunŝa,11
definitive,11
Roskuro,11
pilolojn,11
planoj,11
planti,11
bovo,11
riskas,11
rimedojn,11
poeto,11
rimedoj,11
rilatojn,11
rideto,11
brigado,11
decidos,11
bruo,11
ovo,11
spiras,11
dokumentoj,11
Nedankinde,11
trafe,11
tombon,11
arta,11
eks,11
Moŝtino,11
multege,11
multfoje,11
murdi,11
thanks,11
Nader,11
tenis,11
temon,11
taskojn,11
nebulo,11
necesis,11
areo,11
transdoni,11
travivi,11
Mononoke,11
valoro,11
Anne,11
anstataŭe,11
Usonon,11
up,11
miskompreno,11
ekvidos,11
arbon,11
ekvidis,11
monumento,11
trompi,11
trompas,11
Morrow,11
mortanta,11
necesos,11
neebla,11
opinion,11
Surskriboj,11
Nov,11
duko,11
sukceso,11
novaĵojn,11
suferi,11
nudaj,11
aŭtomobilon,11
subteni,11
subskribu,11
subskribis,11
dormanta,11
studentoj,11
strangaj,11
okulvitrojn,11
ombro,11
Aŝlin,11
nordo,11
aĵon,11
surda,11
edziĝos,11
Nekonataj,11
Nessa,11
nevidebla,11
surmetis,11
nigran,11
aĉetas,11
nomojn,11
nivelo,11
aĉetu,11
supozis,11
nomi,11
duŝo,11
nomoj,11
gorĝo,11
10a,11
ies,11
kristalo,11
ktp,11
klientoj,11
kosmon,11
Hispanion,11
infanino,11
gusto,11
fantomo,11
gravis,11
konatiĝis,11
hararo,11
germana,11
forgesi,11
kondutas,11
Grafino,11
kontrakto,11
kandidato,11
hodiaŭa,11
kancero,11
interna,11
franco,11
konstrui,11
filojn,11
George,11
konstruas,11
horloĝojn,11
kilometroj,11
Finnlando,11
kulturo,11
frat,11
juĝo,11
Hindioj,11
gravaj,11
kapoj,11
grandioza,11
kunporti,11
fuĝis,11
Jakobo,11
flari,11
Geller,11
Lee,11
fariĝas,11
kontakto,11
knabeto,11
Feliks,11
forveturas,11
Karow,11
Gregoro,11
fingron,11
laŭvole,11
kalkulas,11
sedmalvarma,10
unika,10
Anuŝo,10
ekzamenon,10
gvidas,10
bildojn,10
sekrete,10
montaro,10
monteto,10
eksterordinare,10
TV,10
sekundo,10
u,10
mortigo,10
antikvaj,10
murdisto,10
kamerao,10
nature,10
antau,10
botelon,10
nenie,10
rompiĝis,10
antaux,10
kreski,10
forveturis,10
necesus,10
Boris,10
run,10
naŭzas,10
kapablo,10
Rusio,10
ĉatlano,10
naskiĝtagon,10
scenejo,10
kapabla,10
usona,10
Nancy,10
kanto,10
bonon,10
salono,10
ekhavis,10
muron,10
bonegaj,10
bon,10
kronon,10
ĉenon,10
multas,10
Saĝulo,10
muzeo,10
misentisviankoron,10
turon,10
ĝustas,10
manĝado,10
enhavas,10
laboratorio,10
bastardos,10
social,10
Marie,10
Martin,10
mantelo,10
skoltoj,10
situas,10
matenmanĝon,10
elturniĝos,10
ĝojo,10
ĝoje,10
Manu,10
mansaketon,10
sinjorinon,10
fraĉjo,10
travivas,10
fremda,10
malseka,10
malsukcesis,10
maltrafis,10
maltrankvila,10
Jakobina,10
barilon,10
malvarmon,10
trian,10
malĝojokajdoloro,10
arbar,10
enlaarbarodelanokto,10
ĵetos,10
batalon,10
Jozefo,10
turojn,10
Ĉiujviamalgxojo,10
juĝa,10
ĉiutagan,10
Bernardo,10
seriozas,10
misio,10
kunuloj,10
Berta,10
servis,10
Mividasvin,10
Miyazaki,10
Gamma,10
kunsido,10
ĉirkaŭataj,10
ĉirkaŭas,10
servi,10
servisto,10
eltenos,10
mesaĝo,10
memorigas,10
apartenasalla,10
mendis,10
ĝentlemano,10
signalo,10
Belakajfrekventis,10
Junge,10
Tulimaq,10
metrojn,10
kuraĝe,10
Shut,10
elemento,10
Jurij,10
kuracistoj,10
edukado,10
notu,10
ĉapelon,10
profito,10
proponi,10
paĝon,10
paŝojn,10
fore,10
gefiloj,10
fora,10
pensante,10
pripensas,10
konduto,10
pensos,10
pentras,10
vestoj,10
konduki,10
klarigas,10
proponis,10
kisu,10
proponon,10
konsideras,10
partoprenas,10
voki,10
publiko,10
puno,10
verkoj,10
aliĝi,10
Kiamla,10
foriro,10
panjon,10
hejm,10
rajtos,10
palacon,10
celoj,10
prizorgas,10
klason,10
Pajala,10
Amaqjuat,10
vidaĵo,10
portreton,10
Kodama,10
Hernhutter,10
decas,10
pordoj,10
vidpunkto,10
prezo,10
koloron,10
viktimo,10
kolektanta,10
politikon,10
politika,10
decidon,10
posttagmezon,10
virigardismin,10
fluas,10
Pitsburgo,10
alvokis,10
Viasekretakoro,10
precipitarse,10
Klinkhamer,10
peto,10
Pete,10
prepari,10
prepariĝu,10
fiŝoj,10
damnita,10
komunan,10
prezentis,10
Klaŭdo,10
cedu,10
venĝo,10
Nevada,10
dormoĉambro,10
Nulo,10
rezistos,10
obei,10
Vasilisa,10
rezignis,10
objekto,10
Kaya,10
kaĉo,10
done,10
resto,10
korpoj,10
kazo,10
gastojn,10
Okej,10
varmega,10
nuboj,10
Katie,10
katastrofo,10
ridinde,10
koto,10
brainless,10
ripetu,10
fortan,10
Filini,10
karcero,10
ritmon,10
fiksita,10
anstataŭas,10
kaptas,10
ĉampionon,10
fieras,10
havante,10
okupiĝas,10
pago,10
Hayao,10
honesta,10
Willem,10
cara,10
gazetoj,10
Wenck,10
ovoj,10
alfronti,10
resanigi,10
hazardo,10
rara,10
Alice,10
vundis,10
venus,10
germanan,10
Refalis,10
refoje,10
regiono,10
organizas,10
ordon,10
rekoni,10
Formoj,10
rememori,10
operacio,10
kopekojn,10
hor,10
renkontiĝi,10
onidire,10
dolonoj,10
horizonto,10
Rentenstein,10
dolorigas,10
Traveler,10
vidvino,10
Leave,10
maldekstren,10
malica,10
malproksimen,10
stelŝipo,10
malmultaj,10
frenezigas,10
Espereble,10
subskribo,10
malhelpas,10
lastatempe,10
instruistoj,10
subskribos,10
stratoj,10
lernu,10
trackers,10
tablon,10
legendo,10
tialdolĉa,10
Babilono,10
sunoiris,10
funebra,10
faŝistoj,10
stinking,10
liveri,10
maljunuloj,10
esprimi,10
tradukis,10
strangan,10
malpermesita,10
Ljoĉjo,10
makzeloj,10
malkovri,10
tenos,10
liroj,10
envias,10
Ester,10
templo,10
malaperas,10
TOKUMA,10
listo,10
fabriko,10
stockade,10
armiloj,10
subtenas,10
fakto,10
tielakraj,10
luktas,10
abowstringla,10
fali,10
freneziĝas,10
liberigos,10
Indianoj,10
lernantoj,10
Te,10
inkluzive,10
sudo,10
Ŝlositafor,10
interno,10
lunlumo,10
libelidoj,10
taksas,10
malfeliĉa,10
torton,10
interkonsentis,10
lunonuralumo,10
libero,10
ŝtonon,10
aviadilon,10
abomeninda,10
stelon,10
frenezaĵo,10
farenda,10
balailo,10
gluo,9
farinta,9
lecionojn,9
rezultoj,9
katino,9
riskis,9
magia,9
va,9
reĝon,9
gardistoj,9
Rod,9
revenigi,9
dubis,9
oficejon,9
ŝaltis,9
reĝimo,9
Robert,9
reveno,9
Nikolajeviĉ,9
eblis,9
bovoj,9
kaverno,9
Vasjuki,9
ecilopp,9
Majesto,9
rezignas,9
æiuj,9
tagmanĝo,9
Kovru,9
rigardon,9
observas,9
revuo,9
novaĵon,9
oferi,9
varman,9
brakojn,9
revojn,9
duone,9
Systematics,9
rimedo,9
haltos,9
Varankin,9
revon,9
fremduloj,9
lecionoj,9
blondulo,9
gvidis,9
Sullivan,9
sciencan,9
kameraon,9
gvidos,9
Sauri,9
Satano,9
Lavu,9
fotisto,9
murdita,9
bonegas,9
muzikisto,9
Kanta,9
ŝiajn,9
nacio,9
gvidi,9
ĉevaloj,9
Nestor,9
Uno,9
bildon,9
mordas,9
ŝercis,9
kalkuli,9
indiĝenoj,9
fianĉo,9
sekso,9
mortigitaj,9
kuko,9
kalkulu,9
mortintaj,9
idiotoj,9
ĉia,9
kuiras,9
foto,9
Nadinjo,9
najbarino,9
najbaroj,9
kantos,9
kresku,9
edzoj,9
fiera,9
oka,9
kreskanta,9
edziĝo,9
Nelly,9
Tradukita,9
nenien,9
gravajn,9
ĉapitro,9
malamikon,9
nervo,9
botojn,9
nesto,9
aĉan,9
krio,9
ruinoj,9
kristana,9
ekamis,9
forĵetis,9
supreniri,9
Kristnaska,9
kristanoj,9
naskiĝo,9
invado,9
kapablos,9
Gloron,9
glacio,9
surfaco,9
naŭa,9
ĉasi,9
haltas,9
Oho,9
ora,9
Zorg,9
preferus,9
komunumo,9
Dalloway,9
perfidas,9
16a,9
Funsuk,9
teruro,9
persona,9
atakos,9
dentoj,9
fiŝon,9
Fjodoro,9
demetos,9
Daneviĉ,9
demeti,9
kliniko,9
klarneton,9
altaj,9
Cortical,9
facilas,9
progreso,9
tereno,9
vizitu,9
Pendragon,9
konfidis,9
Penny,9
ŝuldon,9
perdiĝas,9
pentraĵoj,9
pentraĵon,9
linioj,9
genio,9
destinon,9
fiuloj,9
premio,9
piede,9
proksimas,9
dankemo,9
Asocio,9
heroino,9
defias,9
plezur,9
plezuron,9
pliaj,9
kolego,9
decidas,9
ploros,9
kolon,9
ponto,9
pomon,9
koleris,9
policisto,9
Vieno,9
faligis,9
flaras,9
plenaj,9
alvoki,9
kompato,9
virojn,9
knabineto,9
pinto,9
alvokas,9
piratoj,9
fluganta,9
liberigis,9
posttagmezo,9
planojn,9
datreveno,9
deklaras,9
daŭris,9
flankon,9
pecojn,9
aroganta,9
okazus,9
atingas,9
Orlando,9
audis,9
oron,9
kelka,9
reago,9
au,9
distrikto,9
caron,9
pa,9
Gedevan,9
fumo,9
pace,9
loĝlernejo,9
raporti,9
tombejo,9
orelo,9
divenis,9
konvenas,9
Olaf,9
internacia,9
bunkro,9
doloris,9
velkas,9
resanigos,9
aventuroj,9
tason,9
butonon,9
ondoj,9
lernanto,9
vendos,9
vendu,9
konvinki,9
Tonina,9
pafos,9
venĝi,9
konkurso,9
tempas,9
amuziĝis,9
ceteron,9
Gondolando,9
Verŝu,9
pruntis,9
vojoj,9
provinco,9
forestos,9
pasio,9
pasporto,9
pasporton,9
pastroj,9
konservas,9
kiso,9
atenti,9
1a,9
diktatoro,9
puraj,9
forigis,9
Louis,9
rakontoj,9
atento,9
rajdis,9
Rahmkopf,9
ŝtelita,9
racio,9
purigas,9
rabi,9
ŝtelo,9
konstruis,9
diplomon,9
voli,9
leterojn,9
Kalboni,9
ripeti,9
serĉanta,9
mezo,9
Sergeeviĉ,9
afablaj,9
elĉerpiĝis,9
manieron,9
beston,9
Matti,9
grundo,9
eltrovi,9
aranĝi,9
mallume,9
Junjo,9
elektita,9
subtitoloj,9
baptopatro,9
sentema,9
Sinjor,9
trupojn,9
kacon,9
Ĉit,9
Fegelein,9
gambon,9
malĝustan,9
medalon,9
ĝenis,9
ĵurnalistoj,9
sidiĝas,9
malĝojon,9
aprilo,9
bataloj,9
malgrandan,9
kuraĝaj,9
solvis,9
ĝangalo,9
Marmota,9
lastajn,9
Ĝakoĉjo,9
bastono,9
minaco,9
Mark,9
miloj,9
Feĉjo,9
minejo,9
Frapu,9
fenestrojn,9
militoj,9
sociala,9
Tupinambaoj,9
Marteno,9
soifas,9
malobeis,9
milionon,9
ĝardenisto,9
justa,9
aŭtune,9
sklaveco,9
ago,9
eleganta,9
mikrofonon,9
Sergejevna,9
frazon,9
batalu,9
freneze,9
sidos,9
gravicapo,9
batu,9
Enorde,9
ĝenu,9
monaton,9
tuŝas,9
Be,9
trapasis,9
adreson,9
malsamaj,9
monda,9
mensogis,9
frua,9
Senkulpigu,9
bazo,9
ŝajnigi,9
fermi,9
kutimas,9
moneron,9
belajn,9
eltenis,9
favora,9
Silentigulo,9
stari,9
stultaj,9
Jula,9
latina,9
Iz,9
Antono,9
sperta,9
Joy,9
frenezuloj,9
tenante,8
pruvoj,8
ŝanĝiĝos,8
paradokso,8
tankoj,8
Hoj,8
estontecon,8
para,8
lom,8
verecon,8
it,8
longajn,8
ferias,8
resaniĝos,8
okupiĝu,8
batalantoj,8
Jefim,8
okazu,8
malnovaj,8
pantalonoj,8
translokiĝis,8
pardono,8
param,8
fermis,8
geedziĝos,8
Konsideru,8
konsilo,8
skribilon,8
bastonon,8
koridoro,8
favoro,8
okupi,8
Zamenhof,8
Zinaida,8
leteroj,8
parlamentano,8
Lob,8
forflugas,8
purigu,8
2a,8
intenco,8
lokojn,8
memorigi,8
konsilas,8
paro,8
batojn,8
eventoj,8
teatron,8
sinjoridino,8
fermas,8
fingro,8
carino,8
realaj,8
ludilo,8
disŝiris,8
Singarde,8
opinio,8
redonas,8
ŝranko,8
meblojn,8
or,8
farante,8
Aut,8
simile,8
singarda,8
simio,8
Woolf,8
Johano,8
oran,8
teksto,8
Kelaĥ,8
Luffy,8
rekta,8
kontrolis,8
kaŭzi,8
lernado,8
venontan,8
frapas,8
eltrovos,8
tempe,8
taŭgan,8
kaĉon,8
Ramiro,8
rano,8
simplan,8
Yuki,8
aranĝis,8
toleri,8
direkton,8
ŝanĝo,8
haveno,8
Ĝovani,8
pafoj,8
ĝojon,8
raporto,8
loĝos,8
sinmortigo,8
telerojn,8
Lucia,8
diskutas,8
fantomoj,8
gravulo,8
getto,8
pacakoj,8
kontinento,8
forlasita,8
ĝuas,8
ĉies,8
fantazio,8
malĝojo,8
tiras,8
fako,8
poŝtelefonon,8
ambasadoro,8
flugon,8
malpurigas,8
flanke,8
jakon,8
fojfoje,8
specimenojn,8
pirato,8
lam,8
kompare,8
trezoron,8
kompanio,8
Henri,8
ambulancon,8
Daniloviĉ,8
partoprenis,8
lifto,8
preparos,8
atakon,8
ligita,8
mamoj,8
alumetoj,8
Peterburgo,8
amika,8
Komponisto,8
pico,8
prenante,8
Hinketo,8
bano,8
Peĉkeno,8
spacon,8
Lida,8
preferis,8
inon,8
spertis,8
deklaris,8
vigle,8
floras,8
kolbason,8
defalis,8
tinon,8
dediĉita,8
kolorojn,8
Ponĉel,8
malsanulejon,8
postmorgaŭ,8
enterigita,8
falĉilo,8
plurfoje,8
arton,8
kolekti,8
flosas,8
familianoj,8
ŝajnigu,8
fallasos,8
impresis,8
flavan,8
plankon,8
spiono,8
fuĝas,8
portugala,8
spiriton,8
daŭriĝas,8
plenforte,8
plenigi,8
vido,8
plenluno,8
artilerio,8
artistoj,8
defendo,8
plenumos,8
gaja,8
preparu,8
mamojn,8
Jan,8
proletara,8
konsentis,8
konsenti,8
Pavel,8
devigos,8
konscienco,8
fratinoj,8
promenos,8
tera,8
projekton,8
fiodoras,8
devigis,8
paŭzon,8
peceton,8
peco,8
ĵe,8
solan,8
liton,8
manĵ,8
livero,8
Ĥerben,8
pruvas,8
konsideri,8
pasigos,8
sociaj,8
protektu,8
translokiĝo,8
foresto,8
cian,8
Stop,8
Mararmeo,8
di,8
propraĵo,8
forestis,8
okazoj,8
Patricia,8
proksimaj,8
Cindruletoj,8
vivan,8
perfido,8
priparolu,8
manierojn,8
japana,8
princinon,8
Amindan,8
enlitiĝi,8
komuniki,8
sonĝoj,8
vjolon,8
perforte,8
altiri,8
limoj,8
pretaj,8
persekutas,8
lignon,8
sopiris,8
Ateno,8
adiaŭi,8
sono,8
vizitas,8
Stokholmo,8
manĝejo,8
ĵeromo,8
manĝaĵojn,8
civilizacio,8
manĝaĵoj,8
profesio,8
Devid,8
vesto,8
konduton,8
konduti,8
civitano,8
ŝanĝiĝas,8
gento,8
funkcios,8
Respubliko,8
leĝon,8
agento,8
karton,8
fortojn,8
ĉampanon,8
muelejo,8
Svedio,8
Kruco,8
miliardoj,8
kuraciston,8
ekpensis,8
ebria,8
milita,8
eciĥ,8
nevo,8
bofilo,8
militas,8
malami,8
maldorma,8
sumon,8
bezonata,8
ĉapelo,8
sentoj,8
malamikojn,8
ĉirkaŭita,8
Ĉaperono,8
forveturi,8
esploroj,8
edziniĝi,8
kampoj,8
kredo,8
malfruiĝis,8
bluan,8
vagis,8
duona,8
sciigu,8
lavis,8
Baba,8
kunprenis,8
Elien,8
valizon,8
nomita,8
hundeto,8
Mikaelo,8
ringo,8
nombro,8
kreado,8
kruda,8
malfruiĝas,8
majstroj,8
tubo,8
kruela,8
ebleco,8
svingu,8
sumo,8
mokas,8
aparte,8
bezono,8
makuloj,8
ritoj,8
edziniĝis,8
edziniĝo,8
rompitaj,8
salti,8
gardistaro,8
suboficiro,8
naĝos,8
rusan,8
krion,8
senĉesa,8
malhelpu,8
Ejnŝtejno,8
guþon,8
saltos,8
ĉeesti,8
agojn,8
kristano,8
supera,8
laŭta,8
antaŭaj,8
ial,8
ĉatlojn,8
iajn,8
nacioj,8
inventis,8
sako,8
malbonajn,8
ĉiufoje,8
supreniras,8
Sakeo,8
neas,8
ŝarĝon,8
surstrate,8
krimo,8
ronda,8
minimume,8
aĉaj,8
fieraj,8
urbeto,8
Nejman,8
negocon,8
San,8
Neee,8
Berlinon,8
Rostislav,8
fidon,8
ĉefurbo,8
bongustega,8
kuracilon,8
uvaoj,8
apartan,8
aparaton,8
boneco,8
samopinias,8
ruino,8
necese,8
sentu,8
musoj,8
samajn,8
elegante,8
nomos,8
interrompas,8
fiaskis,8
ekzerco,8
sekure,8
mafiulo,8
tuton,8
Doro,8
meritis,8
merkato,8
sekundon,8
draaga,8
nutri,8
katoj,8
Fritz,8
sekundojn,8
aŭskultilon,8
indikas,8
kulpigas,8
sekson,8
ĉiaj,8
moneroj,8
drinki,8
drinkis,8
inĝenierarton,8
senfina,8
aŭskultante,8
numeron,8
juneco,8
malliberejon,8
hamako,8
signalojn,8
fermiĝis,8
tostu,8
forpasis,8
restus,8
monton,8
vaŝe,8
revas,8
kutimis,8
Ma,8
fruas,8
revenigos,8
zorgema,8
Uef,8
kundancanta,8
bruli,8
fermos,8
globo,8
ofendiĝu,8
bileto,8
revoj,8
stultan,8
kunigi,8
gut,8
Laura,8
kunportas,8
ĝeni,8
malgaja,8
blizardo,8
umas,8
normalaj,8
karuloj,8
azeno,8
elirejo,8
kovras,8
erarojn,8
noton,8
kastelon,8
sekcio,8
malkovros,8
karuletoj,8
monakinoj,8
nubo,8
sukero,8
Tutcerte,8
sekretan,8
metroj,8
babili,8
aŭgusto,7
postlasis,7
damnitaj,7
pretendas,7
dato,7
amikinoj,7
atendanta,7
tiri,7
idisto,7
pretigis,7
pretigu,7
senvalora,7
asekuro,7
preterpasos,7
Uhu,7
barbisto,7
senutilaj,7
selo,7
aspektos,7
testo,7
spiron,7
aŭtomate,7
prezon,7
idojn,7
fremdulo,7
prizorgi,7
starigas,7
kabano,7
jar,7
sonoras,7
ideologio,7
priskribas,7
kafejo,7
teroristoj,7
Trinity,7
danĝeron,7
politikan,7
knabojn,7
tipa,7
veti,7
Salmaĵon,7
salo,7
barelo,7
preĝis,7
supon,7
inverse,7
spektas,7
Vidal,7
salutas,7
ideoj,7
sciigo,7
senditaj,7
kadavroj,7
kampon,7
povoj,7
sanigos,7
sovaĝ,7
sanktan,7
amatino,7
Stefan,7
sanon,7
statas,7
seksperforti,7
unuiĝo,7
treege,7
sovaĝulo,7
porkojn,7
pordisto,7
poŝtisto,7
spiro,7
savas,7
timegas,7
danka,7
Sprink,7
Jama,7
kojonulaĉo,7
kamioneto,7
inko,7
amason,7
kalsonon,7
SS,7
trapikas,7
kolegoj,7
spiritaj,7
urboj,7
stel,7
sunsubiro,7
Kameraisto,7
stas,7
invitos,7
Kobi,7
stabila,7
kadavro,7
amik,7
tranĉis,7
sceno,7
sekureco,7
policanoj,7
danĝeraj,7
prizorgis,7
hezitis,7
sorĉistinoj,7
sekuraj,7
fruktoj,7
povo,7
danco,7
amoris,7
Vestu,7
rifuĝis,7
belulino,7
Brasiko,7
vent,7
Forportu,7
belegas,7
re,7
junio,7
Variano,7
Katelani,7
realigi,7
tabulo,7
Bremen,7
ricevu,7
rediras,7
gardos,7
belecon,7
reĝoj,7
reĝlando,7
Regardu,7
rifuzi,7
Angelica,7
centra,7
kelon,7
frapos,7
homajn,7
Rio,7
Ram,7
trut,7
Tolstoj,7
sintenon,7
homaron,7
valo,7
Venuso,7
valora,7
ventron,7
rilatoj,7
sinteno,7
raporton,7
hundaĉo,7
valoron,7
venton,7
Benata,7
varmo,7
regionon,7
registras,7
registri,7
hore,7
renkontiĝo,7
renkontiĝos,7
renkonto,7
signifon,7
trovus,7
signoj,7
torto,7
taskoj,7
brulas,7
bruligos,7
respekti,7
forpelas,7
respektinda,7
returne,7
bedauras,7
silenta,7
frunto,7
Bujano,7
revoluciulo,7
bazaro,7
interesiĝos,7
tonight,7
sidiĝis,7
regos,7
trovita,7
tagmanĝi,7
honoras,7
honore,7
simplas,7
sufiĉa,7
rektaj,7
tono,7
tedas,7
rememoris,7
armeon,7
rezistas,7
familioj,7
itala,7
signalon,7
Francisco,7
rajtis,7
skandalo,7
veston,7
inventi,7
programon,7
ruza,7
iaj,7
vesti,7
surloke,7
rupiojn,7
surmetas,7
vestaĵon,7
forbruligos,7
subigi,7
fromaĝo,7
fuŝis,7
fordoni,7
teorio,7
jardekoj,7
cigaredon,7
Bryan,7
Sojuzmultfilm,7
promesojn,7
Irano,7
fonto,7
Jej,7
iloj,7
barelon,7
Corona,7
cm,7
terojn,7
fronte,7
serchas,7
trinkejo,7
tranĉeo,7
solvon,7
ir,7
fontano,7
jaraĝa,7
Arao,7
proceson,7
Sergei,7
profesia,7
Tereza,7
gefilojn,7
vestis,7
Kitty,7
propagando,7
tenton,7
bordon,7
pupo,7
ceteraj,7
skribilo,7
uzita,7
batalanto,7
purigistino,7
forflugos,7
sezono,7
bovinon,7
skotero,7
riĉaj,7
tukon,7
aý,7
Puŝkin,7
Batalgvardio,7
karakteron,7
Anni,7
riproĉas,7
verde,7
rokoj,7
justeco,7
benzinejo,7
ron,7
Bernadette,7
amos,7
stomako,7
surprize,7
socion,7
prosperis,7
tunelo,7
tumulto,7
socia,7
cetero,7
fungojn,7
botelojn,7
amuziĝas,7
pruvi,7
pruvis,7
benzino,7
versoj,7
rolulo,7
gazeto,7
flavajn,7
konto,7
mallongan,7
12a,7
kuracas,7
parte,7
mallumon,7
malluman,7
nordanoj,7
favoron,7
ĉokolado,7
malliberuloj,7
þajnas,7
krabroj,7
alkutimiĝis,7
diabloj,7
favorata,7
øuste,7
misas,7
mallaŭte,7
konservis,7
paroloj,7
faŝisto,7
Ĉunga,7
malplenan,7
entrepreno,7
Ŝamaldas,7
Aliru,7
kovrilo,7
kovrilon,7
volon,7
paperon,7
Nourish,7
elektra,7
noto,7
enuas,7
minacas,7
malproksimas,7
dimanĉo,7
konstruaĵon,7
dimanĉe,7
konstelacio,7
pasinteco,7
pasintecon,7
Laŭri,7
laŭdata,7
pejzaĝo,7
konfuzas,7
devigata,7
malfacilan,7
ŝercu,7
konfirmas,7
kunportu,7
maldekstran,7
fiksis,7
diabla,7
ekzemplo,7
ĉambroj,7
pensado,7
pensanta,7
ebligis,7
ĉinokte,7
detruita,7
esperantistoj,7
konfuzis,7
esenco,7
malfermaj,7
momentoj,7
agrablan,7
Epstein,7
kravaton,7
malhelpos,7
Mm,7
laste,7
erari,7
Mmm,7
eraroj,7
þi,7
mastrojn,7
modesta,7
Konnor,7
ebla,7
lasus,7
paŝon,7
momente,7
februaro,7
adoras,7
pantalonojn,7
eniro,7
enestas,7
mekanikisto,7
divorco,7
Xavier,7
melodion,7
enirejo,7
manĝante,7
oficiroj,7
diveni,7
Milaŝevskaja,7
memoris,7
mankon,7
ĝiaj,7
ofertas,7
Enlasu,7
oferis,7
menciis,7
filinojn,7
emon,7
mara,7
donaci,7
Yeah,7
okupiĝos,7
elŝalti,7
matenmanĝo,7
fera,7
marto,7
martiroj,7
koramikino,7
dolore,7
maŝinojn,7
Feo,7
kviete,7
marmoto,7
eltiris,7
konvinkis,7
okazon,7
mebloj,7
oraj,7
Diva,7
Osono,7
kosma,7
kurejo,7
festi,7
metodoj,7
kuraĝis,7
ŝafojn,7
guton,7
ĝenerala,7
Malsupreniru,7
gigantoj,7
eliro,7
haltigos,7
malsaĝe,7
direktiĝas,7
Michael,7
ĝemeloj,7
ĝardenon,7
direktantoj,7
fetoro,7
pagu,7
vosto,7
Mami,7
Lamentoj,7
lagon,7
ovon,7
distingi,7
malŝalti,7
giganto,7
paca,7
enmeti,7
elsendo,7
vunditoj,7
obeis,7
elpensita,7
fervojo,7
nutras,7
enmetis,7
nuraj,7
kurieron,7
aliflanke,7
laŭiris,7
moderna,7
okupiĝi,7
ekrano,7
limigita,7
muĝas,7
Estrella,7
Vittorio,7
demetas,7
komponis,7
mortita,7
demetis,7
Petrogrado,7
plaĉos,7
luis,7
eksplodis,7
plendas,7
lumas,7
Ĉesigu,7
ŝnuro,7
moŝtulo,7
pesetoj,7
personon,7
alumeto,7
luna,7
planedoj,7
Ŝŝŝŝŝ,7
ŝnuron,7
akton,7
kulpigi,7
komputilon,7
mortaj,7
faktoj,7
komuna,7
necesa,7
picon,7
piedbatis,7
eksidu,7
ekas,7
komisiis,7
fidinda,7
pistolo,7
Leti,7
movis,7
Aknot,7
Alvida,7
ŝuldantoj,7
piloto,7
moviĝi,7
Kometo,7
kompatindan,7
ĉevalojn,7
lingvoj,7
plantis,7
na,7
ekdormis,7
Henjo,7
nazmukulo,7
limon,7
limojn,7
fido,7
ekscitita,7
Luc,7
levis,7
naĝis,7
faranta,7
etajn,7
permesilon,7
vivantaj,7
Ĉiaokaze,7
esplori,7
Pluko,7
Ŝiĉikoku,7
ŜIU,7
montriĝis,7
plumoj,7
gvidu,7
edziniĝos,7
malamis,7
Gracias,7
Eduku,7
neniujn,7
Museto,7
kolerigas,7
Eku,7
falsa,7
falu,7
ekvolos,7
perditaj,7
ĉina,7
koncerton,7
detaloj,7
kondamnita,7
ĉanga,7
figuro,7
malbele,7
ekkoni,7
Maja,7
multo,7
Henrieta,7
herooj,7
monumenton,7
ĉiel,7
5a,7
liberiĝis,7
Magana,7
Nederlando,7
akiras,7
estiĝis,7
ektimis,7
krimon,7
kursano,6
mensogu,6
movilojn,6
Schuwagt,6
sciencistoj,6
mur,6
signojn,6
Sintagmo,6
similajn,6
Matton,6
troviĝis,6
sis,6
baton,6
savitaj,6
mastron,6
Jose,6
Meksiko,6
kamentubiston,6
Sihn,6
Igu,6
agadon,6
mensogulo,6
ĉeloj,6
Garces,6
simpatio,6
memmortigo,6
matĉo,6
memoraĵoj,6
memmortigis,6
memoraĵojn,6
truko,6
movojn,6
medicina,6
movo,6
multekosta,6
memoros,6
moviĝos,6
Kruaĥ,6
Joe,6
sata,6
membro,6
poeziaĵon,6
unun,6
Joba,6
truoj,6
Sankton,6
Meijer,6
antaŭvidas,6
Eltiru,6
Sankto,6
apero,6
ekkrios,6
eltiras,6
Unuvorte,6
Julio,6
mense,6
Beĉjo,6
sigelo,6
Turniĝu,6
kakis,6
kaco,6
fotojn,6
kalibro,6
Kunigu,6
Miĥail,6
Elckerlyc,6
Kabral,6
mizeruloj,6
gvardiano,6
ekscelenco,6
sepultis,6
agon,6
ĉiama,6
kalkulis,6
juĝejo,6
turnis,6
aparta,6
mirindaĵo,6
kunveno,6
Uh,6
Mohnke,6
kunprenos,6
gamo,6
sendon,6
bezonus,6
tutmonda,6
gantoj,6
kuniĝas,6
senmortecon,6
biblioteko,6
ekzilita,6
bibliotekon,6
ekvilibro,6
senomigo,6
kuniklojn,6
akceptita,6
ekvidi,6
akademiano,6
kajo,6
senpezeco,6
ĉiopova,6
anĝeloj,6
antikveca,6
eksterordinara,6
mirakla,6
shatas,6
idiota,6
mortpafis,6
fotoj,6
junularo,6
akiros,6
elirejon,6
guy,6
Akiru,6
eliron,6
motorciklo,6
blokita,6
junaĝo,6
guto,6
junan,6
elpensi,6
festenon,6
movadon,6
movanta,6
sciigos,6
Jupitero,6
jupon,6
mirakl,6
ekzamenojn,6
eleison,6
eksterlando,6
eksterlande,6
eksplodojn,6
servos,6
serĉado,6
eksplodigi,6
agnoskas,6
Minjo,6
mortintojn,6
kuracis,6
tumoro,6
kuiris,6
Miloslavskij,6
militistoj,6
severe,6
Una,6
garantias,6
milda,6
uniformo,6
koleri,6
sitelo,6
laŭvice,6
fuŝu,6
Esperu,6
esploras,6
malantaŭa,6
surprizon,6
fuŝi,6
suspektas,6
malamon,6
malagrablan,6
svedoj,6
Aziz,6
66ER,6
avon,6
magnetofono,6
ledo,6
interparolis,6
magazeno,6
tagmezo,6
avizo,6
mafiuloj,6
Maan,6
internaĵoj,6
estontaj,6
Tang,6
lunon,6
tankojn,6
lunoj,6
lundo,6
avantaĝo,6
ŝipanoj,6
surhavis,6
teamon,6
invadi,6
frostas,6
malfrua,6
fartos,6
areon,6
Trankvilon,6
absoluta,6
malfermiĝis,6
aŭtoj,6
Ŝekspiro,6
Suhas,6
sukcesa,6
lavas,6
malfacilaĵojn,6
indulgis,6
eskapis,6
sun,6
faro,6
invito,6
laŭdire,6
superi,6
gravecon,6
invertilon,6
Gloria,6
aĉuloj,6
ŝildo,6
arestos,6
fariĝu,6
surdaj,6
arestu,6
estrarestro,6
ŝpari,6
subteno,6
aroj,6
terpomoj,6
terpomojn,6
18a,6
artefarita,6
artikolo,6
furiozon,6
fusilo,6
leviĝi,6
leviĝis,6
Ŝurik,6
fusiloj,6
fusilon,6
instruado,6
aspiro,6
tipo,6
faktojn,6
insekto,6
liberon,6
Ŭ,6
artikolon,6
Tileno,6
leviĝos,6
aspekti,6
liberecon,6
famo,6
inklinas,6
timigu,6
Timofejev,6
tino,6
levas,6
Lisbono,6
faraĉas,6
terenon,6
Ted,6
auxdis,6
estras,6
tegmenton,6
Estrellita,6
ludojn,6
estroj,6
infektita,6
armilojn,6
lertas,6
temo,6
Eulalia,6
evento,6
Lordino,6
temperaturo,6
temploj,6
Arndis,6
atestanto,6
evitu,6
aro,6
tenere,6
influon,6
Grafo,6
tiuokaze,6
ŝuldo,6
literoj,6
insultas,6
liten,6
terenoj,6
ach,6
subtekstoj,6
mastroj,6
mankos,6
sonis,6
frazo,6
manko,6
sonojn,6
feka,6
sonoriloj,6
manieroj,6
mangxu,6
barbon,6
maneton,6
maneto,6
man,6
sopiro,6
malŝatas,6
bankroton,6
spacoj,6
ekkonis,6
bankroto,6
speciala¼on,6
malvero,6
specimeno,6
Speer,6
bankon,6
spegulon,6
spektaklon,6
ŝafo,6
Gajdaj,6
malutilos,6
jako,6
sonigas,6
son,6
tremas,6
someron,6
Jekaterina,6
elŝaltu,6
Mastrino,6
maskon,6
kvarono,6
ĝustan,6
skribaĵon,6
gamboj,6
eminenta,6
skribite,6
afiŝojn,6
skuu,6
feloj,6
Margaret,6
Mareno,6
troigis,6
gajno,6
manĝus,6
solas,6
Bartoŝeviĉ,6
baronon,6
soldatojn,6
jarcentoj,6
Gloja,6
ilojn,6
solidareco,6
barko,6
Manzella,6
mansaketo,6
malutili,6
malutilas,6
malhelpi,6
larĝa,6
transloĝiĝis,6
malplenaj,6
malplaĉas,6
ŝanĝiĝi,6
malnovan,6
bakos,6
strangolos,6
Badalamenti,6
strikte,6
studado,6
freneziĝos,6
is,6
transiris,6
bada,6
transirante,6
baby,6
stultajn,6
Friedrich,6
babilu,6
stultulino,6
malkuraĝulo,6
ŝarĝi,6
stultumu,6
malklara,6
acida,6
maljunas,6
transdonos,6
maljunaj,6
Irene,6
stiras,6
Stephen,6
Jaeckel,6
malrapida,6
Jado,6
spiris,6
spirita,6
fraŭlo,6
spiritojn,6
maltrankvilas,6
Land,6
sporto,6
greka,6
malsekas,6
spuris,6
arda,6
malsaĝa,6
malsataj,6
malsanulojn,6
ŝakrado,6
Traudl,6
fremdan,6
malsanon,6
enterigis,6
starigu,6
Balda,6
febron,6
trapasi,6
frenezaj,6
malriĉaj,6
impreson,6
Greger,6
stelojn,6
murdinto,6
ĉerizarbo,6
germanojn,6
geedziĝon,6
forflugi,6
pardonpeti,6
dimanĉon,6
putra,6
diradis,6
verkis,6
par,6
kialoj,6
verkas,6
Papa,6
vereco,6
Rabo,6
dirante,6
radiiloj,6
purigis,6
direktas,6
Panksutoni,6
Raisi,6
Aliokaze,6
paniku,6
analizo,6
Foriĝu,6
vori,6
rajtus,6
centimetroj,6
centfoje,6
Vorobjaninov,6
direkto,6
purigos,6
parolanta,6
germanaj,6
amuziĝi,6
patrinoj,6
cigaredoj,6
vojeto,6
protektas,6
protektita,6
chiujn,6
proverbo,6
pasejo,6
provo,6
chiam,6
alkutimiĝi,6
konsideros,6
Diego,6
forfalis,6
puran,6
versojn,6
pugen,6
alkoholo,6
versio,6
Kim,6
Volante,6
punktoj,6
parolus,6
punos,6
Punta,6
Konsilio,6
Verne,6
Dikfingro,6
geedziĝi,6
Ramin,6
patrujo,6
vendisto,6
formanĝos,6
reiris,6
kaŭzon,6
kaŭzis,6
gesto,6
rekonduku,6
ordinaraj,6
doktoroj,6
honto,6
havigis,6
kaŝitaj,6
Remetu,6
forno,6
vendis,6
ordonos,6
onidiroj,6
Koran,6
filozofio,6
olda,6
okupon,6
okupiĝis,6
okupis,6
Veku,6
respond,6
okulharon,6
respondecas,6
buletoj,6
Buboj,6
regulo,6
Registru,6
pakaĵon,6
alflugos,6
rampi,6
Alikaze,6
Keto,6
Venĉjo,6
kontempli,6
Angel,6
aliel,6
vualon,6
germane,6
Kelnero,6
dispono,6
geamikoj,6
Oudejans,6
realeco,6
kontrolas,6
ostoj,6
Red,6
Werner,6
venko,6
Who,6
refaros,6
Finger,6
organizos,6
honeste,6
organizo,6
organizis,6
organizi,6
venkas,6
devon,6
vojaĝas,6
donacoj,6
helpus,6
planis,6
dekstran,6
Pizo,6
flughavenon,6
danĝeras,6
povinta,6
piloloj,6
pilolo,6
vicon,6
vicojn,6
pozicioj,6
pozicion,6
pikas,6
ambaý,6
knapsu,6
kompleta,6
fluton,6
klopodi,6
komplete,6
komplezon,6
piedfingroj,6
predon,6
komplika,6
pezas,6
dancu,6
dancis,6
Fjodor,6
fiŝojn,6
planko,6
posta,6
preteksto,6
decembro,6
poentojn,6
poemo,6
vigla,6
pluvon,6
koleru,6
kolektas,6
plurajn,6
kolo,6
polvo,6
pomojn,6
ponardo,6
kolono,6
komando,6
kokinoj,6
posedis,6
defendis,6
Vilma,6
dece,6
plenigos,6
flava,6
degenerulo,6
portante,6
daŭru,6
Hermann,6
vintre,6
planton,6
plantkulturado,6
posedanto,6
Damo,6
Komputila,6
vojaĝanto,6
vestiblo,6
procentoj,6
pensus,6
detruo,6
Produktanto,6
genuoj,6
civiluloj,6
penos,6
profeto,6
konfesis,6
peniso,6
profundan,6
Gorfo,6
pelto,6
alparolis,6
pentris,6
projektisto,6
ciklo,6
cikatro,6
proksimen,6
genuojn,6
proksimiĝu,6
Paŭlo,6
paŝtistinon,6
konkeris,6
geedzoj,6
paŝtis,6
alparolas,6
vestas,6
viziton,6
Penu,6
permesitas,6
vetkuro,6
pretigas,6
veturigu,6
prezento,6
perfortos,6
prezidanto,6
perforton,6
perforti,6
alten,6
perfidi,6
alteco,6
perfektas,6
primokas,6
Cuca,6
altas,6
Amore,6
deponejo,6
Creo,6
Peren,6
pripensadis,6
pere,6
fokuson,6
pripensos,6
Cosima,6
perdo,6
Koncentriĝu,6
vizaĝoj,6
alproksimiĝas,6
probableco,6
bubo,6
timus,6
ĉatloj,6
kostoj,6
noktomezo,6
utiligi,6
karesi,6
sagon,6
necesejon,6
antaŭdiris,6
ripozas,6
ĉagrenas,6
glaso,6
nuksojn,6
kosmoŝipo,6
nubojn,6
naski,6
Gillem,6
nombri,6
Val,6
ankoraux,6
urson,6
dubo,6
rubaĵo,6
drinkas,6
eblecon,6
rezisto,6
aldonis,6
rezultojn,6
efikis,6
Kristoforon,6
Varvara,6
briliantojn,6
eblan,6
noktaj,6
drinku,6
reĝisorado,6
sakon,6
sakojn,6
rozo,6
Kristoforo,6
Novjorko,6
ripari,6
objektiva,6
rideti,6
humilan,6
ĉasis,6
brando,6
rigardo,6
ega,6
normalas,6
karulinjo,6
Duo,6
brakhorloĝo,6
Kozelkov,6
humuro,6
rimarki,6
Rijn,6
krajonon,6
norda,6
ruinigos,6
rilate,6
egalaj,6
ruinigis,6
rigardanta,6
duelo,6
Ryerson,6
ĉatlanoj,6
nombron,6
ankoraý,6
bonŝance,6
Bravo,6
dza,6
krea,6
rifuzis,6
ridos,6
Karlon,6
kravato,6
Rusujo,6
aldonas,6
Rimarku,6
ruinigas,6
Katolika,6
necesan,6
roto,6
kanono,6
kaptilon,6
Kredit,6
bruon,6
kandelojn,6
edzinoj,6
Aleksej,6
edzinojn,6
botelo,6
hararon,6
donacu,6
Giulietta,6
fortikaĵo,6
vasta,6
rezigni,6
oficiala,6
fotis,6
anoncas,6
fortika,6
ĉampano,6
alarmo,6
ebligas,6
roko,6
nervoj,6
rolon,6
akran,6
nepo,6
kandelo,6
samkiel,6
kreita,6
restoracio,6
ĉefaj,6
neniigi,6
okazaĵo,6
urbojn,6
donacojn,6
kapsulo,6
antaŭeniri,6
donacos,6
edziniĝas,6
ojn,6
muzikistoj,6
salutis,6
glate,6
hospitalon,6
Rose,6
karaktero,6
bruligita,6
Odino,6
akvario,6
risko,6
oferton,6
korvoj,6
saltante,6
muŝo,6
salon,6
fosas,6
brueton,6
nokoj,6
albumon,6
Saltan,6
rezervis,6
Nobel,6
muziku,6
korto,6
ĉarlatano,6
zorgo,6
ĉaro,5
infaneton,5
Totoron,5
Hispanojn,5
ulon,5
gvidantoj,5
uzante,5
UJII,5
vestitaj,5
uzado,5
Alternigu,5
amoras,5
trairas,5
utopio,5
Gvidanton,5
ĉarmaj,5
tragedio,5
hurlas,5
Alan,5
Aa,5
Tracks,5
veton,5
Ĉarmulo,5
Ŝirmu,5
gratuli,5
Akihiro,5
ĉiele,5
gefratoj,5
Touch,5
armaĵo,5
Alpert,5
Amnestiita,5
ĉiajn,5
utili,5
antikvan,5
altaro,5
ŝipet,5
Vestiĝu,5
Traf,5
Ĝino,5
altiris,5
gracoplena,5
vidinta,5
ununura,5
Hering,5
herbon,5
hinchadas,5
informo,5
violenta,5
urinan,5
unuigita,5
antaŭtempa,5
ĉerizojn,5
arrowheads,5
herbejoj,5
amato,5
Henriko,5
ŝuldoj,5
alvoko,5
antaŭvidis,5
unuajn,5
akompanis,5
ununuran,5
ama,5
ŝtuparon,5
ĉeno,5
genajbaroj,5
බ,5
glavo,5
ĉemizo,5
ජය,5
informoj,5
ආය,5
antaŭsentis,5
gxemadon,5
akto,5
gracie,5
generacioj,5
viktimoj,5
amasetoj,5
ĉef,5
urba,5
vilao,5
urb,5
H,5
garde,5
alveturis,5
granatoj,5
Ŝminkisto,5
ŝovu,5
Anton,5
alumeton,5
generaloj,5
hipotezon,5
vivajn,5
too,5
HISAISHI,5
Toro,5
grandmajstro,5
halon,5
Gekamaradoj,5
ŝovis,5
aludas,5
Hisaya,5
un,5
Toshio,5
altlernejo,5
veturilo,5
antaýe,5
ŝminkoj,5
ŝpin,5
Garbitsch,5
32a,5
viaopinie,5
gardanto,5
vicurbestro,5
golfludas,5
akurata,5
Goering,5
ursoj,5
Goebbels,5
Viruson,5
toleros,5
grandas,5
tonalto,5
fuĝu,5
grandeco,5
ŝtataj,5
urĝas,5
infekto,5
akurate,5
Useless,5
usonan,5
vitron,5
arestitaj,5
vespermanĝon,5
ĉien,5
grundon,5
Vasilij,5
venkitaj,5
ĵur,5
William,5
gestas,5
ignoras,5
Aldonu,5
venkinto,5
ignori,5
honorarion,5
trilado,5
Anglujo,5
x,5
ankaý,5
Gustumu,5
Aleksandroviĉ,5
zorgeme,5
trumpetoj,5
ĵaluzas,5
Guensche,5
Were,5
iluzio,5
haŭton,5
grieves,5
geedzeco,5
¼us,5
ŝafinoj,5
gajeco,5
advokaton,5
Zzzum,5
vundoj,5
ĵuro,5
vundos,5
varmigas,5
gripo,5
Wade,5
arbarojn,5
ĵurnalisto,5
antaŭhieraŭ,5
varmiĝi,5
ĵuriĝis,5
tributon,5
water,5
tricent,5
trudi,5
Trubeckoj,5
Yasuyoshi,5
gustoj,5
venadis,5
vel,5
gambojn,5
havaĵo,5
Zeniba,5
Ankau,5
veki,5
Haruyo,5
tron,5
gastamo,5
aranĝo,5
zonon,5
Gasparo,5
guston,5
ĝojaj,5
ghis,5
ĝoja,5
apliki,5
Gas,5
agadoj,5
Yutaka,5
ĝui,5
vendada,5
gustumi,5
troas,5
Hontu,5
vengxo,5
troigu,5
Hop,5
guldenon,5
Yep,5
gult,5
galaksio,5
venenan,5
Guns,5
Yevgeny,5
Yoji,5
vazo,5
Yoshikazu,5
aperi,5
Yuko,5
Yuriko,5
Guruo,5
vualo,5
varmaj,5
idon,5
vespermanĝi,5
vojaĝoj,5
hel,5
agadojn,5
Gagri,5
vojaĝos,5
gvidante,5
transe,5
alkutimiĝos,5
amuziĝadis,5
gvardio,5
ĉagreniĝu,5
transformi,5
transformos,5
Vagin,5
acorralado,5
vespera,5
transiri,5
alkondukis,5
Ĉita,5
versxu,5
transdonis,5
hela,5
Alifoje,5
abomeno,5
trajnon,5
hundojn,5
abomena,5
haltejo,5
indus,5
ŝercoj,5
traktos,5
uzon,5
Vladik,5
trankvilaj,5
hele,5
indistinto,5
Antonovna,5
aresti,5
tranoktos,5
vodko,5
Voices,5
abundas,5
vesperoj,5
ŝatatan,5
voko,5
gepatra,5
þatas,5
aglo,5
Aldebarano,5
verdan,5
ŝaka,5
Greim,5
Huh,5
verdaj,5
æion,5
æio,5
anarĥiistoj,5
æiam,5
ŝanĝoj,5
ĝardenoj,5
grenejo,5
trejnado,5
alineo,5
anaso,5
Tsunehiko,5
tremante,5
Arcy,5
venĝon,5
huliganoj,5
ŝalti,5
guþoj,5
amuzo,5
ĉiujare,5
adiaŭa,5
Gerda,5
agonio,5
ĉiutaga,5
translokiĝu,5
haltigebla,5
valoraj,5
valoran,5
transloĝiĝos,5
turmentas,5
adiaŭan,5
vermo,5
agnoski,5
aliuloj,5
admiranto,5
ŝancoj,5
admirinda,5
tupinambaa,5
Gxi,5
Renadu,5
informojn,5
doto,5
filmode,5
korpojn,5
oficistoj,5
kortego,5
Off,5
Koruku,5
oceanon,5
observu,5
observi,5
objekton,5
obeos,5
nutros,5
okcidenta,5
Number,5
nuliĝanta,5
ducent,5
filinjo,5
now,5
novaĵoj,5
novas,5
kostojn,5
dumviva,5
kovrita,5
dungis,5
dometon,5
korpa,5
kranion,5
Kopanigin,5
orkestro,5
OriginalaStorykajSkriptopor,5
OriginalaMuzikode,5
divenas,5
Divenu,5
kontrollaboron,5
DNA,5
ordigis,5
Ordi,5
ord,5
konversacio,5
operacion,5
domaĝo,5
kopio,5
kora,5
dolor,5
omo,5
ombroj,5
ombraj,5
okupo,5
korbon,5
dolorigis,5
Korobejnikov,5
dolĉaj,5
None,5
kranoj,5
Orli,5
Must,5
naskiĝi,5
naskita,5
naskigxis,5
Narita,5
najloj,5
naciojn,5
ekdormu,5
MuzikodeHISAISHIJoe,5
muzika,5
muzelo,5
Krokett,5
ekiros,5
nazoj,5
fiaskos,5
murego,5
murdistoj,5
ekkriis,5
Fiasko,5
Mura,5
krono,5
Ekkriu,5
eklaboru,5
ekloĝis,5
ekmoviĝis,5
navigisto,5
Kriptograf,5
nomitaj,5
Network,5
nomatan,5
Ebi,5
nokt,5
noko,5
Nishi,5
Nippon,5
fikas,5
figuroj,5
kredus,5
eblo,5
eblus,5
nervoziĝas,5
naŭza,5
ecx,5
edukas,5
edukita,5
kreitaĵoj,5
nekutima,5
kremo,5
kreu,5
neceson,5
krioj,5
kriojn,5
neatendite,5
Orleano,5
diurnojn,5
asignas,5
peras,5
dentopasto,5
Dentsu,5
Permesante,5
Permesa,5
denuncos,5
perfidulo,5
Departamento,5
perfektaj,5
Desegnante,5
fizika,5
desegnu,5
detalojn,5
persekutis,5
kondiĉojn,5
pepelaco,5
kondukis,5
pentas,5
kondutos,5
konfidu,5
Pelteso,5
pelilo,5
pecoj,5
kongruas,5
konkrete,5
komprenus,5
personaj,5
paĝojn,5
pisi,5
plaĉe,5
dekdu,5
Plantos,5
plantojn,5
komforto,5
Deklari,5
deklaron,5
komisiono,5
piŭ,5
Dela,5
pisos,5
komparo,5
pesetojn,5
pinglis,5
pingleton,5
Pina,5
Pikite,5
piedpremis,5
kompensas,5
pianon,5
pi,5
flagon,5
peton,5
demonstron,5
paŝis,5
paĝoj,5
osto,5
disko,5
palac,5
pako,5
pakaĵo,5
Pakak,5
pagita,5
disfalus,5
disigos,5
Disigu,5
Pafnutij,5
disipis,5
disiĝis,5
diskrete,5
konstruo,5
pafarkon,5
pafadoj,5
pafado,5
fingrojn,5
kontentaj,5
paciĝu,5
pacigxu,5
pacienco,5
kontraý,5
Outsiders,5
disvastigi,5
Konstruu,5
paniko,5
konsciencon,5
partoj,5
konsciis,5
finnoj,5
konsenton,5
dezerton,5
pasu,5
pastron,5
pasteĉon,5
paspermesilon,5
finnan,5
pas,5
partopreno,5
difektaj,5
Direktitade,5
partituro,5
difektis,5
partia,5
paron,5
difinas,5
Pariza,5
konstruejo,5
diplomo,5
paperoj,5
diranta,5
konstruita,5
Krucon,5
Muck,5
ekposedis,5
malfermitaj,5
epizodo,5
malliberigis,5
malkuraĝa,5
maljunulinon,5
faskon,5
er,5
malgajnis,5
malfruos,5
malfruis,5
lastfoje,5
eriĝanta,5
Erkki,5
epidemio,5
Esas,5
laux,5
eskapas,5
malestimo,5
maldungi,5
lavos,5
malbonodoros,5
eskapos,5
eskorto,5
Esperantigis,5
malbenoj,5
malmulta,5
envio,5
le,5
entenas,5
malvarmiĝis,5
malvarmaj,5
Enough,5
maltrankviligas,5
Enpaŝu,5
Malstreĉiĝu,5
malsekiĝis,5
ensorĉo,5
enspezoj,5
Federico,5
malsanulo,5
malsanoj,5
faŝismo,5
malsaniĝis,5
malsaneco,5
malsameco,5
malsame,5
malriĉuloj,5
malrespekto,5
malrapidigos,5
faŭno,5
Malproksimiĝu,5
enuis,5
Lasante,5
malbelega,5
esploristoj,5
moviĝis,5
linion,5
Eyes,5
Eĥ,5
logika,5
logi,5
Eŭgeno,5
ll,5
Live,5
litoj,5
fabeloj,5
literojn,5
liston,5
liniojn,5
evitis,5
Fank,5
Levigxu,5
fajroj,5
ligitaj,5
ligi,5
licenco,5
liberiĝi,5
fandi,5
liberan,5
falintaj,5
familian,5
londona,5
lerte,5
malamoj,5
lunĉon,5
esta,5
malalta,5
maku,5
maksimume,5
Majuskla,5
Majoro,5
estimas,5
Estimplene,5
MACDOUGALL,5
Lena,5
Lutecio,5
Leonardo,5
eventuale,5
lunde,5
lun,5
estosankoraŭestienspezanteantaŭen,5
Luleo,5
Luftwaffe,5
EstroPlenumaProduktanto,5
lernejoj,5
loĝislaspiritojndeladioj,5
eterno,5
etulino,5
loĝantoj,5
Lalastavivas,5
malĝoja,5
malĝojaj,5
mistera,5
mola,5
mojosas,5
mojosa,5
kunpuŝiĝas,5
modo,5
Miĥajlovna,5
mizera,5
MiyazakiHayao,5
MIWA,5
Mitsuko,5
mistero,5
Missed,5
ekzistis,5
miskompreni,5
kunvenigu,5
Eldorado,5
miriga,5
mirego,5
kunvenos,5
kunveturos,5
minuso,5
minus,5
minoj,5
minacis,5
molaj,5
kunpreni,5
malĝoju,5
eksterordinaran,5
kruelaj,5
kruta,5
motoro,5
Moskvon,5
kuglego,5
kugloj,5
kuglon,5
ekselenco,5
fiaskas,5
ekstermon,5
mortante,5
MORIYOSHI,5
ekzisti,5
MORISHIGE,5
Mori,5
eksterulo,5
monujon,5
montículo,5
kuniklo,5
kuniri,5
Monte,5
montaj,5
MononokeHime,5
ekzekuto,5
Mimi,5
milde,5
elektron,5
laboregis,5
mastrumas,5
feriojn,5
Masahiko,5
kvartaloj,5
martiro,5
maroj,5
Emishi,5
fendas,5
Marjanĝela,5
emocio,5
Enantikvajtempojlalando,5
feliĉis,5
festojn,5
feke,5
fekaĵo,5
enhavi,5
mansardo,5
eniĝis,5
enlasis,5
feino,5
mane,5
mamzonon,5
malŝaltis,5
malĝuste,5
Elvenu,5
Kvadrato,5
Matsuda,5
kuŝiskovritaen,5
Mikropoliso,5
mienon,5
festivalo,5
elito,5
meza,5
metodo,5
ellasu,5
ellitiĝi,5
MERA,5
feroca,5
elsendon,5
mendo,5
elspezi,5
kuvon,5
meleagron,5
Meksikio,5
mediumo,5
medito,5
medikamenton,5
meblo,5
me,5
kuŝi,5
eltrovu,5
flankoj,5
dehakitaj,5
plenigo,5
justecon,5
silente,5
bedaŭro,5
signifus,5
signaloj,5
Sicilio,5
Shoten,5
Shon,5
Shoguns,5
francino,5
benita,5
benzinon,5
juvelitaj,5
silentiĝi,5
Berlina,5
serĉadas,5
juveloj,5
servoj,5
serpento,5
seriozan,5
seriozaj,5
septembro,5
sepdek,5
Beware,5
bezonoj,5
silentis,5
Judo,5
sensenca,5
batalisto,5
somere,5
solvita,5
solidara,5
solecas,5
sofon,5
Sofoklo,5
bastardoj,5
Soerensen,5
socialismo,5
Smash,5
Batalantaj,5
Sintra,5
bearskins,5
frapados,5
Jisxei,5
singardaj,5
Johnny,5
baterio,5
Jonjo,5
Journey,5
francoj,5
simbole,5
silo,5
Bear,5
bezonon,5
kadron,5
bongustaj,5
kamero,5
blankaj,5
sciuro,5
kamaradon,5
blinde,5
Kameleono,5
sciigis,5
sciigas,5
sciencisto,5
blovos,5
sciante,5
bluaj,5
saŭcon,5
biskvitoj,5
saĝaj,5
Blunt,5
KAMIJYO,5
saviĝis,5
kamiono,5
Saved,5
Saturno,5
Satrapi,5
bombon,5
sanaj,5
kanajloj,5
seanco,5
seep,5
senpaga,5
semoj,5
senmove,5
kaduka,5
senlaboreco,5
senigas,5
senfine,5
Bi,5
sendito,5
sendita,5
fragua,5
fragoj,5
kajero,5
semo,5
kalumnio,5
Semjonoviĉ,5
semajnojn,5
kajStudioGhibli,5
semajne,5
Sekureca,5
biologio,5
sektoro,5
birdojn,5
sekretariino,5
birdon,5
Seiichiro,5
sonoj,5
sonorileton,5
Sorokina,5
Interpretitade,5
auxdas,5
teems,5
auxskultos,5
intereso,5
Auxskultu,5
interesoj,5
intereson,5
TANAKA,5
taksio,5
Avidaj,5
interparoli,5
tabako,5
interesan,5
Ta,5
sxlosita,5
svarmas,5
Suzuki,5
Aĉ,5
intertempe,5
intervjuo,5
inundo,5
surfacon,5
inventaĵo,5
supreniris,5
TekstojdeMiyazakiHayao,5
atole,5
barbaroj,5
instrukciojn,5
Timigante,5
timiga,5
tifo,5
Tielmaniere,5
futuron,5
insistu,5
ti,5
teruron,5
atendante,5
tertremo,5
Teroj,5
atenteme,5
atmosfero,5
inteligentaj,5
tenturo,5
atentis,5
atestis,5
temp,5
funebro,5
Temokanto,5
atesto,5
Television,5
televidilo,5
Telero,5
aĉulon,5
frukton,5
superfortan,5
spuroj,5
Stendert,5
Steletojn,5
frenezan,5
steeled,5
staton,5
bando,5
starante,5
Stacy,5
fremdaj,5
freak,5
spurojn,5
sprita,5
invitito,5
Spiritismo,5
spiralo,5
spionado,5
sperto,5
spermo,5
spekti,5
specio,5
specifa,5
spadon,5
banĉambro,5
baptopatrino,5
sterko,5
Balado,5
stirŝlosilon,5
Bakteria,5
sunon,5
suko,5
Aŭla,5
invitu,5
sugesti,5
frukto,5
sufoki,5
suferos,5
sufero,5
ioma,5
iome,5
sudul,5
sude,5
fromaĝon,5
submeti,5
aŭtoritato,5
subakve,5
stultaĵon,5
friends,5
studo,5
StudioGhiblidonacojn,5
freŝaj,5
strangajn,5
samo,5
bonguste,5
plenkreskulo,5
promesu,5
kinejon,5
publikon,5
publikigita,5
pruvon,5
changer,5
Chew,5
chion,5
protekton,5
protekto,5
cigaredo,5
cigaredojn,5
promeso,5
pulvoro,5
cignin,5
proletaro,5
forbrulis,5
Kiyo,5
projektojn,5
cirkonstancoj,5
Profesoron,5
profesion,5
produkto,5
Produktitade,5
prodoj,5
kimonon,5
Kill,5
folioj,5
rajto,5
cedi,5
Kemj,5
cedis,5
kerno,5
Ketŝef,5
cel,5
Ki,5
forkuras,5
celu,5
centoj,5
rajtojn,5
rajdas,5
pups,5
centron,5
certecon,5
raciaj,5
rabis,5
rabble,5
r,5
puŝas,5
putriĝo,5
putras,5
puto,5
Kiella,5
fondis,5
folio,5
kantado,5
poezion,5
daton,5
postaĵo,5
Kobayashi,5
daŭrigis,5
Portofino,5
portempe,5
Kohaku,5
kokino,5
pordegojn,5
pordegistoj,5
Popper,5
poentoj,5
klubon,5
poemojn,5
PMA,5
kolonelo,5
ploris,5
plor,5
plimulto,5
pliboniĝos,5
plialtigas,5
Flint,5
PlenumaProduktantoj,5
plenumantoj,5
povi,5
dankis,5
folieto,5
Pretiĝu,5
cowherds,5
principo,5
Crunch,5
PRINCESSMONONOKE,5
prilaborita,5
pridemandi,5
cxiu,5
damagxi,5
prezentu,5
klera,5
damaĝojn,5
preterpasis,5
flugus,5
klifo,5
klingo,5
dancejo,5
klingodetranĉilo,5
premon,5
klinigxu,5
preciza,5
dankinde,5
prava,5
praktiki,5
fluo,5
rapido,5
rapidos,5
cedas,5
rikolto,5
rivereto,5
riproĉi,5
karieron,5
ripetos,5
Boĉjo,5
rimedon,5
forrabita,5
brakhorloĝon,5
Kartografiejo,5
kartoĉoj,5
rilatis,5
right,5
kapuĉo,5
rigardus,5
branĉo,5
forprenas,5
ridu,5
Riding,5
bravaj,5
ridetis,5
ricxeco,5
ricevus,5
Bremsu,5
Bridget,5
riveroj,5
fortkampo,5
raportis,5
rupioj,5
salajron,5
Forĵetu,5
sagujonkiel,5
sagujon,5
sagoj,5
sagetoj,5
sablon,5
bonŝancas,5
Ryssi,5
Kaoru,5
forĵeti,5
rumo,5
roboto,5
rubo,5
kapablus,5
rubaĵon,5
kapdoloron,5
Rouge,5
rotted,5
rots,5
kapitulaciis,5
kapitulacos,5
roloj,5
kaprico,5
Brigadoj,5
forpeli,5
briliantoj,5
kekrioen,5
Renault,5
formon,5
formojn,5
Reload,5
kaŝiĝas,5
kaŝiĝi,5
rekompenco,5
kaŭzos,5
regulojn,5
kegxemanteen,5
Keitel,5
Calamidad,5
reĝinon,5
Calling,5
Can,5
capon,5
Careful,5
carin,5
formanĝis,5
kelkan,5
raving,5
raton,5
Casey,5
raro,5
kaĝoj,5
buson,5
kaĝo,5
renkontiĝas,5
Brindisi,5
rezulton,5
katojn,5
brulanta,5
revigligi,5
revidis,5
bruligu,5
revenigu,5
Revado,5
retrovi,5
Bruselo,5
reston,5
respondos,5
bukedo,5
Bunch,5
fornon,5
respektegis,5
respektas,5
resanigis,5
reproduktiĝas,5
repagos,5
Burning,5
burĝaro,5
pendumiĝi,5
