word,count
நான்,5774
நீங்கள்,3941
ஒரு,2961
இல்லை,2027
என்ன,1812
வேண்டும்,1680
என்று,1671
இந்த,1327
என்,1226
சரி,1187
அது,1171
நீ,1166
நாம்,1153
அவர்,1064
உங்கள்,999
இது,940
எனக்கு,908
மற்றும்,857
என்னை,841
தான்,825
அதை,809
உள்ளது,796
அவர்கள்,716
ஆனால்,714
அந்த,637
செய்ய,635
இங்கே,588
ஆமாம்,584
முடியும்,545
ஓ,481
பற்றி,475
தெரியும்,470
நாங்கள்,465
இப்போது,457
முடியாது,438
இருந்தது,404
எப்படி,390
ஏன்,388
சில,386
செய்து,376
அவரை,373
வா,371
இருக்க,363
இருக்கும்,353
நல்ல,343
அனைத்து,338
அவள்,335
பார்க்க,333
இருக்கிறது,332
வெளியே,319
மீண்டும்,311
நன்றி,309
இருந்து,304
அங்கு,299
உங்களுக்கு,296
என்றால்,296
மிகவும்,287
இன்னும்,286
வேண்டாம்,286
வேலை,273
அல்லது,272
யார்,268
எனவே,267
கிடைத்தது,263
உனக்கு,260
நேரம்,259
போது,258
போகிறேன்,258
எந்த,252
விட்டு,243
ஏய்,242
எங்கே,242
நன்றாக,240
சொல்ல,237
வரை,235
அவரது,232
இருக்கிறேன்,230
பெற,226
எடுத்து,222
தயவு,219
மீது,218
கிடைக்கும்,215
ஆம்,213
உன்னை,212
போ,211
இரண்டு,208
உள்ளன,206
கீழே,204
தெரியாது,203
மனிதன்,198
ஏதாவது,196
போன்ற,196
இங்கு,195
கூட,195
எங்கள்,183
இல்ல,182
உன்,181
நினைக்கிறேன்,178
மக்கள்,175
அல்ல,175
ஐயா,174
உண்மையில்,174
திரு,172
தெரியுமா,171
என,169
செல்ல,166
எப்போதும்,159
நாள்,157
போக,155
குழந்தை,155
கொண்டு,154
பணம்,150
வழி,150
பையன்,147
பெரிய,147
வந்து,147
பிறகு,146
அவன்,145
திரும்ப,143
உள்ள,143
நல்லது,139
அவளை,138
முதல்,137
பெண்,137
எங்களுக்கு,136
பாருங்கள்,135
போகலாம்,135
மூலம்,134
வருந்துகிறேன்,132
விட,131
வணக்கம்,130
உங்களை,130
இனி,128
கேட்க,128
கண்டுபிடிக்க,127
நிறைய,127
மேலும்,125
விஷயம்,124
இதை,124
சிறிய,124
முன்,124
இல்லையா,123
உள்ளே,122
ஒவ்வொரு,122
சார்,122
வாருங்கள்,121
அம்மா,121
இன்று,120
கதை,120
எதுவும்,120
மன்னிக்கவும்,120
வைத்து,119
மட்டும்,118
கொடுக்க,118
ஒருவேளை,117
சிறந்த,117
விரும்புகிறேன்,117
எல்லாம்,117
பின்னர்,114
கூடாது,113
வின்சென்ட்,113
முயற்சி,113
கூறினார்,111
செய்கிறேன்,111
இரவு,110
பேச,110
பெயர்,109
வேறு,109
திரும்பி,108
திருமணம்,107
அப்பா,105
ஒன்று,104
ஏனெனில்,102
கடவுள்,102
மிக,102
துடைக்க,101
போல,101
எடுக்க,100
முறை,100
இருக்கு,100
பார்,100
வீட்டில்,99
பார்த்து,99
நடக்கிறது,98
ஏ,98
முடியவில்லை,96
பழைய,96
சரியா,95
அப்படி,95
வந்தது,94
வருகிறது,94
மூன்று,94
புணர்கிறேன்,93
அதனால்,93
தேவை,93
உதவி,93
கார்,92
நீங்க,92
நம்,92
நிச்சயமாக,91
ஜாக்,91
தவறு,91
வலது,89
நினைத்தேன்,88
அவர்களை,88
எவ்வளவு,88
என்ற,87
ஜிம்,87
நேரத்தில்,87
வாழ்க்கை,86
யாரும்,86
சுற்றி,85
வர,85
மாட்டேன்,84
சத்தியம்,84
நிறுத்து,84
தனது,84
மணி,84
சரியான,84
அவனை,84
அதே,82
நீண்ட,82
ஆகும்,81
அங்கே,81
சென்று,81
அழைப்பு,81
அன்பே,80
நம்மை,79
நாம,78
ஆ,78
அழைக்க,78
விரும்பவில்லை,77
என்னிடம்,77
தெரிகிறது,77
இந்தர்,76
மட்டுமே,76
இசை,76
ஐந்து,76
போல்,75
கொலை,74
அழைத்து,74
முடியுமா,74
அதன்,74
கொல்ல,73
குழந்தைகள்,73
மாதிரி,73
கொள்ள,73
மகன்,72
அடுத்த,72
புதிய,72
அமையும்,72
என்னுடைய,72
விழுங்க,72
முழு,71
போய்,71
சாம்,71
பாதுகாப்பு,70
ஒரே,70
நம்பிக்கை,70
ஆனா,70
துப்பாக்கி,69
இடத்தில்,69
வருகிறேன்,68
சைமன்,68
ஜனாதிபதி,68
உண்மையான,68
அவங்க,68
வழியில்,67
நடந்தது,67
ரொம்ப,67
வாய்ப்பு,66
வரும்,66
உதவ,65
கிளிக்,65
தாமஸ்,65
இரு,65
அர்த்தம்,65
இருக்கிறோம்,64
நமக்கு,64
எதையும்,64
இம்,63
முன்பு,63
மேல்,62
பரவாயில்லை,62
பார்த்தேன்,62
ஆமா,62
எலிசபெத்,61
செல்லலாம்,61
முட்டாள்,61
செல்கிறேன்,61
கடந்த,61
ஏற்கனவே,61
ஐ,61
நண்பர்,61
பல,60
வாழ,60
மனைவி,60
நாளை,60
அதாவது,59
பணத்தை,59
கடவுளே,59
ல்,58
சிறுவன்,58
நம்புகிறேன்,58
சர்,58
நிறுத்த,58
சொந்த,57
காதல்,57
அப்புறம்,57
கேள்,57
கொஞ்சம்,57
இப்படி,57
சரியாக,57
இல்லாமல்,57
வெற்றி,57
ஜூடித்,56
உலக,56
பதில்,56
எல்லா,56
உறுதி,56
விரைவில்,55
வீட்டிற்கு,55
இங்க,55
காரணம்,55
மற்ற,55
கதவை,55
எங்களை,54
நரகத்தில்,54
யாரோ,54
இருந்தால்,54
இறக்க,54
இங்கிருந்து,54
தந்தை,53
இரண்டாவது,53
உணவு,53
அவர்களுக்கு,53
காத்திருக்க,52
சீக்கிரம்,52
மில்லியன்,52
மனித,52
இருந்தன,52
வெறும்,52
வகையான,52
அதிக,51
வாங்க,51
யாராவது,51
அப்படியா,51
தோழர்களே,51
நம்ப,50
செய்தி,50
தயாராக,50
யு,50
அனைவரும்,49
ஆல்,49
பார்க்கலாம்,49
போகிறோம்,49
வாண்ட்,49
அழகான,49
அழகாக,49
பைத்தியம்,49
மகிழ்ச்சி,49
முழுவதும்,48
தங்கள்,47
பெண்கள்,47
புகைப்படத்தை,47
ஆண்கள்,47
ஒன்றாக,47
செய்யவும்,47
நண்பா,47
சொல்லுங்கள்,47
இப்போ,46
ஆமென்,46
தகவல்,46
என்பது,46
மாற்ற,46
போதுமான,45
தலைவர்,45
போவதில்லை,45
விஷயங்களை,45
உணர,45
தொலைபேசி,45
மறக்க,45
இருக்கலாம்,45
பிரச்சனை,44
தனியாக,44
மற்றொரு,44
நினைவில்,44
சந்திக்க,43
மணிக்கு,43
செய்யவில்லை,43
இன்,43
இனிய,43
போ,43
மிஸ்,43
சொல்கிறேன்,43
விடு,43
காலை,42
டாக்டர்,42
கொஞ்சம்,42
இறந்த,42
காதலி,42
கவலை,42
உடன்,42
நானும்,42
தேடும்,42
பொய்,42
வணிக,42
வாழ்த்துக்கள்,42
போலீஸ்,42
மலம்,42
திட்டம்,41
நாட்கள்,41
தீ,41
ஸ்வான்,41
கவலைப்பட,41
நினைக்கவில்லை,41
கிடைத்துவிட்டது,41
இறந்து,41
நீல்ஸ்,41
அவளுக்கு,41
ஞாபகம்,41
போதும்,40
பெரும்,40
சிகிச்சை,40
ம்ம்,40
கத்தி,40
பின்னால்,40
பாதுகாப்பான,40
ஆகிறது,40
தொடங்க,40
மகள்,39
உரிமை,39
கழுதை,39
என்பதை,39
கட்சி,39
வெள்ளை,39
சிறிது,38
நேசிக்கிறேன்,38
வரி,38
உறுமல்,38
ஒன்றும்,38
அமெரிக்க,38
செய்கிறாய்,38
மன்னிப்பு,38
யோ,38
மைக்,38
மாலை,38
பிச்,38
எல்,38
நமது,38
அவருக்கு,38
உங்க,38
இயங்கும்,38
தெரியவில்லை,38
என்னால்,38
வாரம்,38
என்னுடன்,38
பிட்,38
எளிதாக,37
பயன்படுத்த,37
வைக்க,37
மனதில்,37
கிளார்க்,37
இதயம்,37
போகிறது,37
செய்யும்,37
செலுத்த,37
என்னோட,36
ஹலோ,36
வரவில்லை,36
ரோஸி,36
போகிறார்,36
சாரா,36
நடக்க,36
இருக்கிறீர்களா,36
கேட்டு,36
பின்,36
கற்று,36
உள்ளதா,36
காற்று,35
பிடிக்கும்,35
அவை,35
தவிர,35
விற்க,35
வழக்கு,35
தேர்வு,35
இப்ப,35
ஹே,35
இயேசு,35
நிறுவனம்,35
இத,35
நினைக்கிறீர்கள்,35
விட்டது,35
தங்க,35
அல்லவா,34
நரகம்,34
பத்தி,34
இப்போது,34
காப்பாற்ற,34
எல்லன்,34
கவனமாக,34
நிமிடங்கள்,34
அபிமன்யு,34
மூடு,34
கடன்,34
முகத்தை,34
கடினமாக,34
பொருள்,33
தடை,33
விளையாட்டு,33
வீடு,33
பயணம்,33
நண்பர்கள்,33
வழக்கறிஞர்,33
அவ,33
எல்லோரும்,33
இருப்பது,33
இடம்,33
பாரு,33
நில்,33
செய்,33
உண்மை,32
எனது,32
முதலீடு,32
அனுமதிக்க,32
ஃபக்,32
நான்கு,32
நிற்க,32
தொடர்பு,32
சொன்னேன்,32
நிதி,32
செய்த,32
சரஸ்வதி,32
கை,32
தயார்,32
துண்டு,32
செய்தது,32
கொடுங்கள்,32
இருக்கிறதா,31
இரத்த,31
நிமிடம்,31
தயவுசெய்து,31
அடைய,31
சிரிக்கிறார்,31
பக்கத்தில்,31
உணர்வு,31
பொருட்களை,31
பிரெண்டா,31
அவுட்,31
கப்பல்,31
நாங்க,31
இருக்கிறீர்கள்,31
சொல்வது,31
ஆண்டுகள்,31
ஆறு,30
மெதுவாக,30
செய்கிறீர்கள்,30
நடக்கும்,30
இல்,30
தன்னை,30
அளவு,30
பார்க்கிறேன்,30
கடைசி,30
புயல்,30
பொது,30
வாயை,30
நல்லா,30
புரவலர்,30
பாடல்,30
ஜிம்மி,29
ஜாயே,29
அவற்றை,29
ஒப்பந்தம்,29
மேலே,29
மோசமாக,29
முடி,29
உறுதியாக,29
வலி,29
அத,29
என்கிறார்,29
சென்றார்,29
கொடுத்தார்,29
சுத்தம்,29
எனக்குத்,29
போறேன்,29
வேண்டுமா,29
கீழ்,29
வேடிக்கை,29
கேள்வி,29
பிடித்து,29
மிஷன்,28
செல்லும்,28
இருவரும்,28
எங்கு,28
எழுந்திரு,28
குடும்பம்,28
வழியாக,28
ஹார்லி,28
பெயரை,28
பால்,28
இந்தவொரு,28
செய்தேன்,28
அலுவலகத்தில்,28
சாப்பிட,28
பாபா,28
இழந்தது,28
கனவு,28
பாதுகாக்க,28
புரிந்து,28
சொல்ல,28
வேகமாக,27
நகல்,27
நடத்த,27
இருக்கிறாய்,27
விஷயங்கள்,27
ஃபிரான்க்,27
இருங்கள்,27
அப்போ,27
வருகிறோம்,27
ஓய்வு,27
ஆக,27
போகிறீர்கள்,27
போலவே,27
காபி,27
ஆண்டு,27
மதிய,27
பாப்,27
இழக்க,27
நேரத்தை,27
முதலாளி,27
கணவர்,27
செய்யலாம்,27
செய்கிறது,27
ஒலி,27
அமைதியாக,27
விளையாட,26
காரில்,26
குளிர்,26
குறியீடு,26
ஹாங்க்,26
ஜன்னல்,26
க்கு,26
பிடி,26
ஒருபோதும்,26
மோசமான,26
விரும்பினால்,26
விடுங்கள்,26
மாமா,26
சொல்கிறீர்கள்,26
பதிவு,26
முதலில்,26
புலி,26
ஹ்ம்ம்,26
இதுவரை,26
உயிருடன்,26
அணி,26
உடையில்,26
இலவச,26
இருந்திருக்கும்,26
யாருடைய,25
வருகின்றன,25
சேர்ந்து,25
அதிகம்,25
விமானம்,25
முற்றிலும்,25
திறந்த,25
அணு,25
யோசனை,25
ஐஸ்,25
தெளிவாக,25
தொடர்ந்து,25
சொல்,25
சவாரி,25
இடது,25
குழு,25
கார்னெல்,25
போய்,25
உணர்கிறேன்,25
அல்போன்ஸ்,25
நீயும்,25
கொண்டு,25
ரன்,25
ஏதோ,25
அறையில்,25
விற்பனை,25
தீவிரமாக,24
தலைமை,24
இடையே,24
தரையில்,24
நடவடிக்கை,24
ஆண்டுகளுக்கு,24
மருந்து,24
இருந்தாலும்,24
ஆஃப்,24
போகிறாய்,24
மரணம்,24
பேசுகிறீர்கள்,24
சீ,24
கால்,24
அனுப்ப,24
சிரித்து,24
உட்கார்ந்து,24
இழந்து,24
விசாரணை,24
வானொலி,24
உங்களிடம்,24
வேலையை,24
இல்லாத,24
இவ்வளவு,24
காயம்,24
கையில்,24
அதிர்ஷ்டம்,24
செய்தாய்,24
இறுதியில்,24
கூட்டம்,24
செல்,24
கிடைத்துள்ளது,24
கிட்டத்தட்ட,23
இருப்பேன்,23
பில்லி,23
கதவு,23
அவர்களின்,23
கெட்ட,23
இன்றிரவு,23
ஏனென்றால்,23
நம்பர்,23
நபர்,23
சாலி,23
தெளிவான,23
ஓவியம்,23
செயலாளர்,23
தனிப்பட்ட,23
இலக்கு,23
செய்தார்,23
பேசும்,23
இறுதி,23
கண்டிப்பாக,23
மனிதர்கள்,23
வீட்டுக்கு,23
மகனே,23
என்றாலும்,23
விமான,23
எதிராக,23
விலை,23
வில்லை,23
முன்னாள்,23
வெல்ஸ்,23
வேற,23
அறை,23
எப்போதும்,23
திறந்து,22
முடிவு,22
சொல்லவில்லை,22
தோற்றம்,22
மூச்சு,22
தயாரா,22
மேற்கு,22
பேபி,22
நன்கு,22
ஜோடி,22
சோதனை,22
சொல்வதை,22
பேச்சு,22
ரோனி,22
லூயிஸ்,22
வட்டி,22
வந்த,22
அட்டை,22
அடையாளம்,22
சாபம்,22
சஞ்சய்,22
கொள்ளவும்,22
கட்ட,22
வீதிதடையில்,22
காவேரி,22
வைத்திருக்க,22
ஹலோ,22
வயது,22
நம்மால்,22
நாதன்,22
எஸ்டேட்,22
எல்லாரும்,22
பெறவும்,22
நம்ம,22
நானே,22
போக,22
அவனுக்கு,22
கைது,21
பூமியின்,21
தலையில்,21
சந்தை,21
நிறுவனத்தின்,21
இழுக்க,21
பாதுகாப்பாக,21
இருக்கிறார்கள்,21
உலகின்,21
எதிர்மறை,21
அதற்க்கு,21
சொல்லு,21
சென்றது,21
எத்தனை,21
எங்காவது,21
இருந்தா,21
எங்க,21
உயிரோடு,21
இறங்கு,21
யாரையும்,21
இரட்டை,21
பேர்,21
மாளிகை,21
கால,21
இயந்திரம்,21
முக்கிய,21
அரை,21
என்றார்,21
ஹா,21
ஏழு,21
நகரம்,21
கரோல்,21
பொறுப்பு,21
ஏரி,21
கல்,20
ஏன்னா,20
கணம்,20
செயல்,20
பந்தயம்,20
பத்து,20
உன்னிடம்,20
அதிகமாக,20
அதற்கு,20
காதலிக்கிறேன்,20
பேசுகிறேன்,20
எண்,20
சிறையில்,20
பேசி,20
அவரிடம்,20
போர்,20
வீட்டை,20
கிரகத்தில்,20
படி,20
செல்கிறது,20
தகுதி,20
தாமதமாக,20
இருக்கிறார்,20
ட்ரான்ஸ்,20
தொகுப்பு,20
ஜோ,20
நகரும்,20
இருக்கேன்,20
தானே,20
நினைத்து,20
பகுதியாக,20
ஒருவர்,20
மட்டமான,20
மதிப்பு,20
ராக்,20
தொடர்கிறது,20
கிரகம்,19
பெறுக,19
கிருப்டான்,19
உட்காருங்கள்,19
துப்பாக்கிகள்,19
இயக்க,19
பெற்றோர்கள்,19
தொடங்கியது,19
இருமல்,19
மாற்றம்,19
தேவையில்லை,19
முன்னாடி,19
தொடர்பு,19
நகர்த்த,19
இன்னொரு,19
அற்புதமான,19
நதிங்,19
உன்ன,19
நாட்டின்,19
இதோ,19
ஹோலி,19
கண்ணாடி,19
குறைந்த,19
திருமதி,19
விளையாடி,19
நேரங்களில்,19
அனுமதி,19
பக்கம்,19
யாருக்கும்,19
பள்ளி,19
வருவேன்,19
பகுதியில்,19
சேர,19
யாரு,19
இருந்த,19
சூடான,19
பாய்,19
உடல்,19
நிலையில்,19
விட்டேன்,19
முறையும்,19
போட,19
சகோதரர்,19
கோபா,19
விரும்புகிறீர்களா,19
பஞ்ச்,19
கேளுங்கள்,19
கொள்ளுங்கள்,19
கண்டிப்பா,19
டயர்கள்,19
ஒருமுறை,19
கண்களை,19
உலகம்,19
என்கிட்ட,19
குடித்து,18
இஸ்தார்,18
காட்ட,18
பிடிக்காது,18
சிக்கல்,18
இவான்,18
புரியவில்லை,18
காலம்,18
பேசுவதை,18
எழுந்து,18
சட்டம்,18
கைவிட,18
போல,18
மருத்துவர்,18
களிமண்,18
மறந்து,18
கட்டுப்பாட்டை,18
சிறப்பு,18
சிறுவர்கள்,18
கொண்டிருக்கிறேன்,18
ஒன்னும்,18
டி,18
டியூக்,18
ட்ரோன்,18
செய்வேன்,18
தவறான,18
இராணுவ,18
திருமண,18
காத்திருங்கள்,18
ஆவி,18
செய்தியை,18
தொடங்குகிறது,18
தொப்பி,18
ஏர்ல்,18
உதவும்,18
ஏதும்,18
நினைவு,18
கடினமான,18
போது,18
வாசனை,18
அஜீஸ்,18
குறைந்தது,18
யோசிக்க,18
யா,18
எதை,18
அனைவருக்கும்,18
வின்ஸ்டன்,18
வெறுக்கிறேன்,18
விக்டர்,18
விரும்புகிறார்,18
வந்தேன்,18
வாழ்க்கையில்,18
அமெரிக்கா,18
அமைக்க,18
ஹேய்,18
அமைப்பு,18
முடிக்க,18
ராய்,18
நாளும்,17
சென்ற,17
நிமிடத்திற்கு,17
வால்ஷி,17
ஓட்ட,17
நோய்,17
கட்டி,17
நகர்த்து,17
தெரிய,17
தொடங்கி,17
உன்னுடைய,17
தூங்க,17
குறிப்பாக,17
அடக்கடவுளே,17
குறி,17
தாத்தா,17
இருகிறது,17
வேடிக்கையாக,17
குண்டு,17
கிடையாது,17
எடுக்கும்,17
அதனால,17
உடம்பு,17
உன்னோட,17
புத்தாண்டு,17
மாதம்,17
மறைக்க,17
மறந்துவிட்டேன்,17
உள்ளேன்,17
மூச்சிறைக்கிறாய்,17
மரியாதை,17
கேள்விகள்,17
அலாரம்,17
ப்ரைன்,17
அன்பு,17
கடிதம்,17
ம்,17
சந்தோஷமாக,17
ஆயிரம்,17
சேவை,17
வருகின்றனர்,17
உன்னுடன்,17
புது,17
அறிக்கை,17
வங்கி,17
பிரெஞ்சு,17
பிரச்சினை,17
பயன்படுத்தப்படும்,17
பாப்டிஸ்ட்,17
ஒருவருக்கொருவர்,16
கூச்சல்கள்,16
இளம்,16
கொடு,16
கேட்டேன்,16
இல,16
கூட்டு,16
உயிரை,16
சரிதான்,16
சமாளிக்க,16
எவ்வாறு,16
உயிர்,16
வட,16
பையில்,16
மத்திய,16
மன்னியுங்கள்,16
அறிய,16
மால்கம்,16
அருகில்,16
ராபர்ட்,16
வார்த்தை,16
பேப்,16
எதிரி,16
அடி,16
அடடே,16
வீட்டு,16
எடுப்பாய்,16
வேண்டிய,16
ஷாட்,16
போகவேண்டும்,16
பெரும்பாலான,16
ஜி,16
நிறுத்தி,16
ஜோஸ்,16
டார்சி,16
தன்,16
இயக்கி,16
தொலைபேசியில்,16
நடைபயிற்சி,16
நாயகன்,16
நேற்று,16
பூமியில்,16
பணி,16
பதிலாக,16
பிரிஸ்டல்,16
பிறந்த,16
பிளின்ட்,16
புவிஈர்ப்பு,16
எல்லாவற்றையும்,16
பயிற்சி,16
எடு,16
காப்பீடு,16
கண்களில்,16
கிட்ட,16
நேராக,15
முடிவுக்கு,15
செர்பரசுவை,15
பச்சை,15
இறைவன்,15
முடிந்தது,15
முடிந்துவிட்டது,15
தாண்டி,15
என்னைக்,15
உள்ளூர்,15
மோதிரங்கள்,15
படம்,15
பக்க,15
மூடி,15
இல்லையெனில்,15
கட்டளை,15
உடனடியாக,15
புகைப்படம்,15
செலவிட,15
கண்கள்,15
நெருக்கமாக,15
என்பதால்,15
சோபோர்ன்,15
பீப்,15
காரணமாக,15
கோப்ரா,15
காகித,15
டவர்,15
பிரவுன்,15
இருக்காங்க,15
போலீசார்,15
அழிக்க,15
ஒருவரை,15
பாம்பு,15
போல்,15
பானம்,15
இருந்தேன்,15
பயன்படுத்தி,15
மருத்துவமனையில்,15
மோசமான,15
மேரி,15
எங்கும்,15
அடிக்கிறது,15
வாரங்களுக்கு,15
நீர்,15
தெரிந்து,15
கிறிஸ்துமஸ்,15
வாழ்நாள்,15
சரிசெய்ய,15
நடந்து,15
விஷயத்தை,15
கேட்கிறேன்,15
கண்ணீர்,15
அடடா,15
கண்,15
கண்டுபிடித்து,15
கண்டு,15
தேர்வாக,15
தேடி,15
இயந்திர,15
இருந்ததா,15
ரோஜர்,15
தென்,15
சிவப்பு,15
ரெண்டு,15
வருடம்,15
குடும்ப,15
இதில்,15
எஸ்,14
இயக்கம்,14
சட்ட,14
ஆலோசனை,14
தீர்வு,14
திருப்பி,14
பின்பற்ற,14
இருக்கிறாயா,14
துறை,14
இருக்கா,14
பீர்,14
நம்முடைய,14
த்தா,14
கொண்ட,14
நிலையத்தில்,14
இங்கும்,14
தரகர்,14
இடத்தை,14
பற்றிய,14
கேட்டார்,14
பயம்,14
நாய்,14
தளபதி,14
தவறாக,14
தெரசா,14
நேட்,14
எப்படியும்,14
புத்திசாலி,14
ஒவ்வொரு,14
இறுதியாக,14
உடைத்து,14
அவளிடம்,14
குரல்,14
அனைத்தும்,14
சுத்தமான,14
ரியல்,14
ரெக்கி,14
குடும்பத்தை,14
குடிக்க,14
வசந்த,14
வண்ணத்தை,14
எனக்கும்,14
சிறு,14
கடந்து,14
வலுவான,14
வழக்கமான,14
கட்டிடம்,14
இழுத்து,14
எங்கிருந்து,14
கிறீச்,14
விழுந்து,14
காலையில்,14
மார்கஸ்,14
உண்டு,14
குறைவாக,14
ஒலிக்கும்,14
பெருமை,14
எம்,14
அவன,14
அவசியம்,14
சோகத்தை,14
எப்போதெல்லாம்,14
போகும்,14
போன்,14
போராட,14
கலை,14
ப்ளீஸ்,14
காத்திரு,14
இப்பொழுது,14
செல்லுங்கள்,14
சொன்னாய்,14
மன்னிக்க,14
சந்தித்த,13
ஒளி,13
உணர்ந்தேன்,13
தலை,13
காலில்,13
திட்டிக்கொண்டு,13
கார்டியன்,13
சீஸர்,13
சுட்டு,13
தடுக்க,13
சும்மா,13
தற்செயல்,13
தர,13
ஒன்றுமில்லை,13
காத்திருக்கும்,13
ஒன்றை,13
ஆண்டுகளாக,13
தேன்,13
அவசரம்,13
ப்ளூஸ்,13
மதிக்க,13
உள்நாட்டு,13
மன்னித்து,13
மருத்துவ,13
மழை,13
உனக்காக,13
மாஸ்டர்,13
முகவர்,13
கணக்கிடு,13
முறையாக,13
மெர்ரி,13
மேட்,13
மைல்கள்,13
யாருக்கு,13
லிசா,13
எனினும்,13
வகை,13
அதில்,13
அதிகாரி,13
வழங்கப்பட்டது,13
வாக்குறுதி,13
விடுவேன்,13
விண்வெளி,13
வேலைக்கு,13
வேலைய,13
ஷெரிப்,13
கவனம்,13
பொருட்டு,13
ஏரிஸ்,13
அவருடைய,13
நம்புங்கள்,13
எச்சரிக்கை,13
நலமா,13
நாடு,13
நிச்சயமா,13
நிலை,13
நிலையம்,13
ஆள்,13
நேற்றிரவு,13
நோக்கி,13
ஆய்வு,13
பணக்கார,13
பணப்பையை,13
பயந்து,13
காட்சி,13
பரிசு,13
ஆன்லைன்,13
காசோலை,13
ஆதரவு,13
ஆடை,13
காங்க்,13
ஆச்சரியமாக,13
பிடித்த,13
ஆசிரியர்,13
பிரார்த்தனை,13
அவ்வளவு,13
பெரிதும்,13
சதவீதம்,13
பந்து,13
கிரேட்,13
கொள்ள,13
கொல்லப்பட்டனர்,13
கூறுகிறார்,13
கோடக்சில்,13
குழப்பம்,13
குடித்துவிட்டு,13
கூற,13
குற்றம்,13
கீகன்,13
குரங்குகள்,13
கூட்டாளி,13
கைகளில்,13
உ.பி,13
உடற்பயிற்சி,12
வெளிப்படையாக,12
விக்,12
சுற்று,12
அரட்டை,12
விடுமுறை,12
டெர்ரி,12
உள்ளனர்,12
ஆனது,12
டோனி,12
அணிந்து,12
அரசாங்கம்,12
வாழ்க்கைமிகவும்குறுகிய,12
சார்லஸ்டன்,12
கானர்,12
பேசினேன்,12
ஆயுதங்கள்,12
காட்டு,12
இழு,12
சிக்கி,12
வேண்டியிருந்தது,12
முதல்ல,12
வேண்டினேன்,12
கடின,12
கிளப்,12
இருக்கின்றன,12
அணிய,12
சூட்டு,12
கடுமையான,12
கற்பனை,12
விடும்,12
பிளாக்,12
மருந்துகள்,12
அவா,12
கவலைப்படாதே,12
புத்தகம்,12
சொன்னார்,12
செவ்வாய்,12
அடிக்க,12
சேமிப்பு,12
செய்வது,12
செல்லவில்லை,12
அறிவியல்,12
மற்றவர்கள்,12
பீட்டர்,12
பீட்ரைஸ்,12
உண்மையா,12
கையாள,12
டன்,12
ஓய்வெடுக்க,12
பார்க்கும்,12
அங்க,12
உடைக்க,12
ஜூலியா,12
ஜின்க்ஸ்,12
ஜார்ஜ்,12
கவர்,12
அவளுடைய,12
கூறுவது,12
கழித்து,12
மருத்துவமனைக்கு,12
சைலஸ்,12
செய்தால்,12
கோப்பு,12
எனக்காக,12
செலவு,12
சரியில்லை,12
அலுவலகம்,12
சதவிகிதம்,12
ஏதாவதொன்று,12
ன்,12
யே,12
தூக்கி,12
தூரம்,12
ஸ்ட்ரீட்,12
சந்திப்பதில்,12
சந்திப்பு,12
சந்தேகம்,12
லோயிஸ்,12
மேல,12
போய்விட்டால்,12
உத்தரவு,12
எப்படியோ,12
வழங்குவது,12
இன்றைய,12
சமுதாயத்தில்,12
நினைவுகள்,12
காணாமல்,12
நின்றதும்,12
வரேன்,12
மோசம்,12
சகோதரன்,12
படுக்கையில்,12
காணப்படுகிறது,12
கவனிக்க,12
இதற்கு,12
இந்தாருங்கள்,12
படிக்க,12
இவன்,12
திவால்,12
ரே,12
நம்பவில்லை,12
கருப்பு,12
பையனை,12
கொள்கிறேன்,12
கரடி,12
கொண்டிருக்கிறாய்,12
என்னால,11
ரகசியம்,11
அறிவிப்பாளர்,11
வின்ஸ்,11
விபத்து,11
அறிந்து,11
பிட்ஸ்பாட்ரிக்,11
ரூபி,11
பி,11
பாஸ்டர்ட்,11
ஜான்,11
லேன்,11
சோர்போனில்,11
சொல்றேன்,11
பின்பு,11
இட்டு,11
அடிப்படையில்,11
மாடியில்,11
எண்ணெய்,11
சொன்னது,11
இதனை,11
காய்ச்சல்,11
நாளைக்கு,11
பிராங்க்,11
நிகழ்ச்சி,11
உண்மையாக,11
சோக,11
நிச்சயம்,11
யாரோ,11
மாதிரியான,11
இந்தா,11
மாடிக்கு,11
காவல்,11
காணவில்லை,11
நின்று,11
குப்பை,11
வாழ்க்கையை,11
வாள்,11
தனியார்,11
தப்பு,11
பகுதிகளில்,11
ஆபத்து,11
உறுதியளிக்கிறேன்,11
அண்ணா,11
உன்னுடையது,11
பனி,11
முத்தம்,11
தள்ளி,11
கேமரூன்,11
அதனை,11
திறக்க,11
ஒன்னு,11
வாசித்தல்,11
கொடுத்து,11
அதான்,11
தாய்,11
திங்கள்,11
திருடி,11
இரவில்,11
கிறிஸ்து,11
தடவை,11
வாவ்,11
அதுவும்,11
மின்சாரம்,11
ஜேக்,11
அருகே,11
தேவதை,11
ரிட்டில்,11
மோதிரத்தை,11
கொரியா,11
கட்டுப்பாடு,11
டாலர்கள்,11
ஆண்டுகளில்,11
உண்மையிலேயே,11
முடியாத,11
நூறு,11
மொபைல்,11
டெய்லர்,11
கேட்கிறது,11
முகம்,11
தெரியல,11
மூன்றாவது,11
எது,11
தகவல்களை,11
கொண்டிருந்தேன்,11
கேளு,11
அழ,11
செக்ஸ்,11
சகோதரி,11
உயர்,11
கணினி,11
சுட,11
சிறப்பாக,11
அவங்களுக்கு,11
போறோம்,11
புரிந்தது,11
வேணும்,11
மனிதர்,11
எட்டி,11
அழகு,11
பொருந்தும்,11
சண்டை,11
புரிந்துகொள்கிறேன்,11
சக்தி,11
அவனோட,11
எல்ப்,11
ஸ்பிரிங்,11
ஈர்ப்பு,11
சந்தையில்,11
சார்லஸ்,11
கூடும்,11
எடுத்தார்,11
சப்தங்களின்,11
கடற்படை,11
பென்,11
செய்யாதே,11
அங்கேயே,11
கவனி,10
நண்பன்,10
பார்த்ததில்லை,10
கடமைப்பட்டிருக்கிறேன்,10
வெளியேறு,10
ஷெரீஃப்,10
நேரடி,10
ஜெயராம்,10
மகிழ்ச்சியாக,10
பவுண்டுகள்,10
துண்டுகள்,10
ஆராய்ச்சி,10
இனத்தை,10
அட,10
ரைட்,10
நாட்களில்,10
வெப்ப,10
உடல்நிலை,10
அவருடன்,10
எதிர்பார்க்க,10
நாட்டில்,10
பாருங்க,10
எல்லை,10
வெளி,10
விடோ,10
சட்டை,10
சூப்பர்,10
டாம்,10
அதிர்ஷ்டசாலி,10
ஆண்,10
பங்கு,10
அமெரிக்காவில்,10
படை,10
லின்,10
அவனிடம்,10
கேம்,10
தள்ள,10
சியர்ஸ்,10
திருடியது,10
வைக்கும்,10
கருவூல,10
கடல்,10
வழங்கும்,10
வானிலை,10
அசிங்கமான,10
பதுங்குக்குழி,10
வழிகளில்,10
உட்கார,10
சாலை,10
பணப்பை,10
தலையை,10
மக்களுக்கு,10
வாய்,10
காண்பீர்கள்,10
தீவிர,10
கொடுக்கிறது,10
பார்த்திருக்கிறேன்,10
ஒண்ணு,10
வேகம்,10
கீஃப்,10
சாத்தியம்,10
தப்பா,10
இழந்த,10
வளர்ச்சி,10
இரகசிய,10
தயாரிப்பிலும்,10
வாரங்கள்,10
முதலீட்டாளர்கள்,10
பேய்,10
பயனற்ற,10
இரண்டாம்,10
கொஞ்ச,10
போகலாம்,10
கையாளும்,10
குறைந்தபட்சம்,10
இருந்தான்,10
மாதங்களுக்கு,10
சம்திங்,10
கூறினேன்,10
போட்,10
சேமிக்க,10
ஆலோசகர்,10
கிரகமாக,10
தொந்தரவு,10
கலவை,10
கைப்பேசி,10
செய்திகளை,10
மேன்,10
மாநில,10
கோபம்,10
புல்ஷிட்,10
பிரச்சனையும்,10
பிரச்சனையில்,10
விரும்பினார்,10
ஏற்ற,10
உயர்வு,10
இருந்தார்,10
விஸ்கி,10
கைகளை,10
சமீபத்தில்,10
அழைக்கிறேன்,10
இதுல,10
இறக்கும்,10
தேதி,10
காரை,10
விளக்க,10
சொத்து,10
கம்பி,10
நரகத்திற்கு,10
நிலைமை,10
விலகி,10
கொரிய,10
புனித,10
ஆழமாக,10
சொல்கிறாய்,10
நிழல்,10
எட்டு,10
உட்கார்,10
நெருக்கமான,10
மன்னிக்கணும்,10
நேசித்தேன்,10
வரிகள்,10
ஏற்பாடு,10
சடங்குகள்,10
செய்கிறார்,10
வித்தியாசம்,10
அதுக்கு,10
வித்தியாசமாக,10
கேட்கிறதா,10
நாசமாப்போ,10
ரத்து,10
விரல்கள்,10
விதி,10
வித்தியாசமான,10
தொகுதி,10
முயற்சித்தேன்,9
மேகர்,9
கும்பல்,9
அன்று,9
நேரிடும்,9
நெருங்கி,9
அதுதான்,9
வருத்தமாக,9
நினைக்கிறாய்,9
சந்தித்தார்,9
நிமிசம்,9
சமீபத்திய,9
போதும்,9
தாய்மார்களே,9
தெரியுது,9
போபோ,9
முன்னோக்கி,9
மூளை,9
வருடங்கள்,9
போயி,9
பட்டியல்,9
பட்டியலில்,9
வோல்,9
மக்களை,9
வந்தால்,9
நினைக்க,9
சமூகத்தில்,9
ஆர்டர்,9
காணலாம்,9
பேய்கள்,9
வயதில்,9
சாத்தியமற்றது,9
வலிமை,9
உருவாக்க,9
குறிக்கும்,9
வலதுகை,9
ஏற்றுக்கொள்ள,9
துறையில்,9
பகுதி,9
துணையை,9
தொடங்கும்,9
வர்த்தக,9
குழுவினர்,9
எங்களுடன்,9
மகளின்,9
துப்பறியும்,9
வரவேற்கிறேன்,9
இயக்கவும்,9
சாத்தியமான,9
கேட்கும்,9
அனுப்பும்,9
போன்று,9
முறையில்,9
வங்கிகள்,9
ஊசலாடி,9
குத்துவேன்,9
கிழக்கு,9
படப்பிடிப்பு,9
அனுபவிக்க,9
படத்தில்,9
திற,9
நீல,9
வளர,9
போடு,9
சலசலப்பு,9
காணப்படும்,9
தாக்குதல்,9
வார்த்தைகள்,9
டிக்கெட்,9
வெடிப்பு,9
போகணும்,9
ஆச்சு,9
அவளுடன்,9
கொள்,9
வீழ்ச்சி,9
இருக்கோம்,9
கிடைத்ததா,9
இல்லாம,9
சென்றால்,9
போலீஸ்காரர்,9
ஜீயஸ்,9
பார்ப்பேன்,9
யோசனை,9
அறிகுறிகள்,9
ரோன்னி,9
அவர்களுடன்,9
பார்த்தாயா,9
ஜேம்ஸ்,9
ஒப்பு,9
மிளகாய்,9
சூரிய,9
இருக்கிறாள்,9
வெற்று,9
மீதமுள்ள,9
சுவாசிக்கும்,9
என்னுடையது,9
கென்ய,9
டிரக்,9
சொல்வதை,9
பெட்டியில்,9
ஒப்புதல்,9
மரபணு,9
செலவாகும்,9
விஷயத்தில்,9
ரூத்,9
அடிப்படை,9
செல்லம்,9
மறைத்து,9
பில்லியன்,9
இறந்தார்,9
வீசுகிறது,9
மறுபடியும்,9
சொன்னால்,9
நம்பு,9
பிரேக்,9
ஒலிக்கிறது,9
கடுமையாக,9
விரும்பும்,9
எதாவது,9
பிராங்,9
பிரமை,9
கதவுகள்,9
புல்லட்,9
ஓடி,9
சை,9
ராபி,9
சொல்,9
பின்னாடி,9
வீணாக்க,9
டிரைவ்,9
நிறுவன,9
மனிதனின்,9
உனக்கும்,9
பயமாக,9
வெளியேற,9
நிறுவனங்கள்,9
மது,9
பயன்படுத்தப்படுகிறது,9
கொடு,9
என்றும்,9
நடனம்,9
தருகிறேன்,9
பொறுத்திருங்கள்,9
உடனே,9
இழப்பு,9
தளம்,9
மத்தியில்,9
தள்ளு,9
தவற,9
சின்ன,9
முந்தைய,9
இருக்கட்டும்,9
நடத்தை,9
வாடிக்கையாளர்,9
செலுத்தும்,9
நடக்குது,9
லீ,9
கன்,9
லூக்,9
உந்துதலை,9
முட்டை,9
மனநிலை,9
பரிந்துரை,9
அரசு,9
விசா,9
பாசாங்கு,9
சக,9
டோ,9
ரோப்பி,9
குறிப்பு,9
கையை,9
பாதி,9
வெவ்வேறு,9
ஆன்மா,9
தங்கி,9
பாதிக்கப்பட்ட,9
முடிவடையும்,9
சத்தம்,9
தடுத்து,9
முகவரி,9
லாரா,9
உன்னால்,9
பரம்பரை,9
அனுப்பினார்,8
நிறுத்துங்கள்,8
மைல்,8
போடா,8
கடை,8
நாம்சரியானஉன்னைதிரும்பஅழைக்கிறேன்,8
பொய்,8
அனைத்தையும்,8
போய்விட்டன,8
இடைவேளை,8
நிரூபிக்க,8
அளவில்,8
நிமிஷம்,8
அழைக்கப்படுகிறது,8
உறவு,8
அழித்து,8
போகிறது,8
கூரை,8
மைய,8
பெறுகிறார்,8
எல்லாருக்கும்,8
அவர்களிடம்,8
மிஸ்டர்,8
பெரும்பாலும்,8
முகத்தில்,8
உலகை,8
முக்கியம்,8
குறுகிய,8
அலகுகள்,8
கிடைக்கவில்லை,8
பள்ளியில்,8
மனதை,8
குறிப்புகள்,8
கூட்டத்தில்,8
கொடுத்த,8
அமைந்துள்ள,8
அறிக்கைகள்,8
ஆஜிஸ்,8
மன்னிக்கனும்,8
ஆச்சரியம்,8
மற்றவர்களுக்கு,8
புகார்,8
அறிவிப்பு,8
புதைக்கப்பட்ட,8
மறு,8
மாட்டி,8
மாதங்கள்,8
அவளோட,8
பிரச்சினைகள்,8
மாத்திரைகள்,8
பின்பற்றுங்கள்,8
மார்க்,8
மார்டின்,8
மார்ட்டின்,8
பிடிக்க,8
மண்டியிட்டு,8
முதுகில்,8
மைக்கேல்,8
அவசர,8
கவனத்திற்கு,8
மூடிய,8
ஆரம்ப,8
அவசரத்தில்,8
கண்காணிக்க,8
நேசிக்கிறார்,8
மொத்த,8
கொத்து,8
அலபாமா,8
நூலகம்,8
ஆர்வம்,8
கொம்பு,8
நிவாரண,8
மேலாளர்,8
குரங்கு,8
கருத்து,8
கொண்டிருந்தார்,8
நோக்கி,8
மூடப்பட்டது,8
பேரின்ப,8
ஆயுத,8
பண்ற,8
பண்ண,8
மணல்,8
பேசுகிறார்,8
முன்னேற்றம்,8
அலுவலகத்திற்கு,8
எரிபொருள்,8
பேச்சுவார்த்தை,8
முறித்து,8
படங்கள்,8
பேராசை,8
உள்ளோம்,8
முழுமையாக,8
முஹம்மது,8
ரிக்,8
தொழில்,8
செல்கிறோம்,8
ஒன்பது,8
உன்னால,8
வரலாறு,8
செய்தீர்கள்,8
சொல்லி,8
கட்டிடங்கள்,8
வன்முறை,8
சீர்,8
வீடுகள்,8
சொல்லி,8
வாங்கி,8
சிலர்,8
தேடலாம்,8
கிலோரி,8
உணவை,8
இருதயம்,8
துளி,8
இன்ஸ்பெக்டர்,8
ஜனாதிபதியாக,8
வேண்டி,8
வது,8
கட்டப்பட்டது,8
உடைந்து,8
வண்ண,8
சொல்கிறது,8
சிரிக்க,8
கணக்கில்,8
உன்கிட்ட,8
காப்பு,8
வேலைநிறுத்தம்,8
விரைவான,8
தலைமையில்,8
சுவர்,8
வை,8
தெருவில்,8
ஓடு,8
ஒருவரிடன்,8
தாக்கல்,8
சேர்த்து,8
கோப்ராபடைத்தலைவர்,8
சொல்வேன்,8
டெல்லர்,8
தூக்கம்,8
வாடிக்கையாளர்களுக்கு,8
சொன்னேன்,8
இல்லனா,8
தெரு,8
தவிர்க்க,8
விரும்புகிறீர்கள்,8
ஓட்டுநர்,8
கண்டுபிடித்தீர்கள்,8
உரிமையாளர்,8
வீரர்,8
விரல்,8
உருவம்,8
செயல்பட,8
வெகு,8
ஏழை,8
ஓவர்,8
வெட்டி,8
ஏழாவது,8
அதுல,8
தலைவர்கள்,8
சொல்றது,8
ஒன்றாகும்,8
சேமிக்கலாம்,8
ஒப்புக்கொண்டால்,8
அநேகமாக,8
குதிக்க,8
தகவலை,8
லவுட்,8
ஹாய்,8
விடுப்பு,8
ஃபோர்ப்ஸ்,8
சபாநாயகர்,8
ஹிட்,8
சன்னி,8
அட்டவணை,8
நண்பர்களே,8
காயங்கள்,8
ஊமை,8
விவரங்கள்,8
அதிகாரம்,8
அடிச்சுவட்டை,8
லாவன்டர்,8
டியூட்,8
குட்டி,8
சத்தியமா,8
ரேடியோ,8
ரொட்டி,8
குட்பை,8
நம்பமுடியாத,8
இதெல்லாம்,8
விளையாட்டில்,8
கடவுளின்,8
திருமணத்திற்கு,8
சொந்தமானது,8
ஹோட்டல்,8
எடுக்கவில்லை,8
சமூக,8
சமூகத்தின்,8
ஷைக்,8
உயிர்களை,8
வைக்காதே,8
சாப்பிடுவேன்,8
வசிக்கிறார்கள்,8
தி,8
இவர்களை,8
வைத்திருக்கும்,8
செய்யப்பட்டது,8
கோட்,8
வீடியோ,8
உயர்த்தி,8
வாழ்வில்,8
கிண்டல்,8
கிராண்ட்,8
ஜென்டில்மென்,8
கேட்கிறாய்,8
திட்டத்தை,8
திறன்,8
லிட்டில்,8
டாலர்,8
விக்கிப்பீடியாவில்,8
இறங்கி,8
கிளிக்குகள்,8
ஸ்மைலி,8
ஜேக்கப்ஸ்,8
சரிதானே,8
நகைச்சுவை,8
காதலியை,8
காலமாக,8
சேதம்,7
கோமாளி,7
மாடிப்படி,7
பிற்சேர்க்கை,7
பிற,7
நம்மிடம்,7
கூறியது,7
விதிகள்,7
முகப்பு,7
ஆதாரம்,7
எதிர்ப்பு,7
பாராட்ட,7
பாராட்டுகிறோம்,7
மீதான,7
டான்,7
டவுன்,7
விட்டோம்,7
ஜெபர்சன்,7
கட்டம்,7
மிகப்பெரிய,7
பார்ப்பதற்காக,7
இருக்குற,7
பாலம்,7
சோதனைகள்,7
பாலியல்,7
இருக்கை,7
அடைத்தல்,7
ஜனாதிபதியின்,7
வில்லியம்ஸ்,7
பிடிக்கவில்லை,7
மாற்றப்பட்டது,7
மாறிவிட்டது,7
மாறியது,7
ஆசை,7
வியாபாரம்,7
பின்னே,7
விருந்து,7
விரும்பினேன்,7
பிடிக்கல,7
மரண,7
விளக்குகள்,7
எமது,7
ப்ளான்ச்சர்டு,7
சலுகை,7
மகிழ்கிறேன்,7
சாக,7
பேரும்,7
சாக்லேட்,7
கிரகங்கள்,7
அக்கறை,7
எரிக்க,7
கண்டுபிடி,7
எரிபொருள்,7
பேசிய,7
வேண்டுமானாலும்,7
பேசலாம்,7
மணிஓசை,7
பேக்,7
வேடிக்கையான,7
அற்புதம்,7
ஸ்பிரிங்பிரேக்,7
உடுத்தி,7
கவனத்தை,7
போக்கர்,7
பை,7
சக்,7
ஃபிளாஷ்,7
அழுக்கு,7
அழுத்தம்,7
ஹூக்கர்,7
சந்தித்து,7
போகிறேன்,7
சனி,7
சனிக்கிழமை,7
ஹார்பர்,7
அகற்றப்படும்,7
சமையல்,7
போறது,7
சரணடைய,7
ஹங்கேரிய,7
போக்குவரத்து,7
உங்கள,7
அவனுடைய,7
பிஸியாக,7
அவைகள்,7
எடை,7
புல்லாங்குழல்,7
கார்களை,7
குற்றவாளிகள்,7
செய்திகள்,7
கள்,7
செய்துவிட்டேன்,7
அறுவடை,7
செய்யணும்,7
வேகமா,7
கூட்டிட்டு,7
செய்யப்படுகிறது,7
செய்யப்பட்ட,7
கல்லூரியில்,7
ஒஹ்,7
புகை,7
செய்வோம்,7
அறிவு,7
மருத்துவமனை,7
செய்கிறாள்,7
இலைகள்,7
பூங்கா,7
உளறுகிறாள்,7
பெற்றோர்,7
பெற்று,7
பெற்றார்,7
அறையை,7
இல்லையே,7
வெளியில்,7
கவனித்து,7
கண்டுபிடிப்பேன்,7
வெட்டு,7
மன்னிச்சுக்கோ,7
பெட்டி,7
பூமியை,7
கவர்ச்சியாக,7
பூமி,7
மயக்கமருந்து,7
உள்ளிட்ட,7
டெல்டா,7
பாராட்டுகிறேன்,7
தெரியப்படுத்துங்கள்,7
பகிர்ந்து,7
கருவி,7
வலியை,7
தீர்ப்பு,7
தொடங்க,7
ஒட்டிக்கொள்கின்றன,7
தைரியம்,7
பங்குகள்,7
அமர்ந்து,7
துணை,7
வரைபட,7
கருத்தில்,7
பக்கங்களையும்,7
அதிர்வு,7
துப்பாக்கியை,7
வருவான்,7
நினைவிருக்கிறது,7
படித்து,7
கருதப்படுகிறது,7
தாயார்,7
முன்னால,7
காண,7
இன்னைக்கு,7
நகர்வதை,7
நினைக்கிறீர்களா,7
உண்மையை,7
பண,7
அதிகாரத்தை,7
திடீர்,7
பட்டினி,7
வழங்க,7
திருட்டு,7
ஏற்பட்டது,7
நினைவக,7
தோல்வி,7
வரும்போது,7
வாடகை,7
தூசி,7
தேவதையே,7
வந்தார்,7
உங்கிட்ட,7
நீல்,7
மேக்கி,7
மேசை,7
தேடுகிறீர்கள்,7
உங்களுடன்,7
அன்னிய,7
தொடர்பான,7
தேட,7
தொடாதே,7
அப்,7
தொலைக்காட்சி,7
கேட்கவில்லை,7
தேவைப்படுகிறது,7
வருகிறார்கள்,7
வண்டியை,7
நியூயார்க்,7
கேட்டது,7
நியாயமான,7
நேர்மையாக,7
கொண்டுவர,7
காத்திருக்கிறேன்,7
என்னைப்,7
அப்பாவி,7
வண்டி,7
மூல,7
தெரியாதா,7
காத்திருக்கிறது,7
வணிகம்,7
கொண்டே,7
தேவையான,7
பணியில்,7
தொழில்நுட்ப,7
நட்சத்திரம்,7
அமைப்புகள்,7
தகவல்கள்,7
பஸ்,7
ஏதேனும்,7
ஊசி,7
முட்டாள்தனம்,7
முதலாம்,7
வால்,7
வார,7
அனுப்பி,7
நட்சத்திரங்கள்,7
ரூபாயை,7
வாரங்களில்,7
நடைமுறை,7
தரவேண்டியுள்ளது,7
இதய,7
யோசித்து,7
தண்ணீர்,7
பரந்த,7
கதையை,7
கோணங்களையும்,7
எளிய,7
பல்வேறு,7
வாழ்ந்து,7
நாடகம்,7
பறக்க,7
பறவைகள்,7
நாட்களுக்கு,7
வாஷிங்டன்,7
விகிதம்,7
குறியீடுகள்,7
நன்று,7
உரை,7
விசித்திரமான,7
வாடிக்கையாளர்கள்,7
முக்கியமான,7
இதுக்கு,7
இதுதான்,7
லிப்ட்,7
கொள்ளலாம்,7
இடத்தையும்,7
நரம்பு,7
அட்டைகள்,7
தலைப்பு,7
பதவி,7
கொள்கை,7
ஆயுதங்களை,7
யின்,7
அமைதி,7
யூரோக்கள்,7
வாயில்,7
பண்ணு,7
விசைகளை,7
லாஸ்லோ,7
காதலன்,7
நடிப்பு,7
இடைவெளி,7
பாட்டில்,7
டோமினிக்,7
பயணிகள்,7
வந்துவிட்டது,6
கண்காணிப்பு,6
அச்சுறுத்தும்,6
ஹெலிகாப்டர்,6
மன,6
வந்துள்ளேன்,6
மோசடி,6
மந்திரம்,6
வேண்டியது,6
வந்தீர்கள்,6
கமாண்டர்,6
லூக்கா,6
அசல்,6
மணமகள்,6
என்னது,6
அனுப்பிய,6
யாரையாவது,6
ஹரிரி,6
லில்லி,6
குழந்தையை,6
உடைந்த,6
குத்தியதாக,6
வெள்ளி,6
போர்,6
அல்பேனிய,6
அனுபவிக்கட்டும்,6
அலைந்து,6
மகிழ்ச்சியா,6
ம்ம்ம்ம்,6
குக்கீகளை,6
எடுத்தார்கள்,6
போதுமான,6
வசனங்கள்,6
வைக்கிறது,6
மோசமா,6
அதையே,6
போலாம்,6
வோ,6
எங்கோ,6
கிரகத்தின்,6
அலுவலக,6
மொழிபெயர்ப்பு,6
கவசம்,6
குழந்தைகளை,6
விடமாட்டேன்,6
வயதான,6
மாறாக,6
வியாபாரி,6
கனவுகள்,6
விருப்பத்தை,6
மாரடைப்பு,6
அடுத்து,6
முன்கூட்டியே,6
விரும்புகிறது,6
விரும்புகிறாயா,6
முன்னணி,6
முன்னர்,6
மாதத்திற்கு,6
குறிப்பிடுகிறார்,6
முன்னால்,6
மாதங்களாக,6
அறியப்பட்ட,6
வாசிக்க,6
விரைவாக,6
எதோ,6
விற்கப்பட்டது,6
மா,6
குறைந்து,6
அமைதியா,6
முதலீட்டு,6
மலர்கள்,6
எதிரிகள்,6
முக்கியமாக,6
விடலாம்,6
முக்கியமானது,6
விடுகிறேன்,6
அரிப்பு,6
விசை,6
விக்டோரியா,6
கர்னல்,6
விட்டார்,6
விட்டீர்கள்,6
விட்டுவிட்டு,6
எதிர்கால,6
முடிந்தவரை,6
அம்மணி,6
அம்பர்,6
விநாடிகள்,6
உள்ளீர்கள்,6
குறைந்தபட்ச,6
கரேன்,6
கத்துவான்,6
முதலீடுகள்,6
மலிவான,6
எண்ணை,6
கடைசியாக,6
கழிவு,6
வருடங்களுக்கு,6
குளியல்,6
வருகை,6
கீறி,6
வருகிறார்,6
வரியை,6
வரிசையில்,6
வெடித்தது,6
மொழி,6
அறைக்கு,6
அடச்சீ,6
கிரகத்தை,6
வெற்றியாளர்,6
மேடம்,6
வரவேற்கிறது,6
மனிதர்களை,6
வெளிநாட்டு,6
குளோனிங்,6
வெளிய,6
வரலாற்றில்,6
மனம்,6
மூலையில்,6
அப்படியே,6
எண்ணிக்கை,6
மரத்தின்,6
வழக்குகள்,6
முரட்டு,6
எண்ண,6
வழக்கறிஞர்கள்,6
வளாகத்தில்,6
வளரும்,6
மறைமுக,6
மறைப்பதற்கு,6
முழுமையான,6
அதிகாரிகள்,6
வரைக்கும்,6
மூட,6
வருவதற்கு,6
கிராக்,6
கட்டணம்,6
குற்றவாளி,6
வருத்தப்பட,6
அப்பாவின்,6
கீச்சொலி,6
குற்றவியல்,6
மருதாணி,6
கடவுளுக்கு,6
கிட்டார்,6
கேட்டால்,6
கோல்ட்மேன்,6
இந்தக்,6
ஆன்ட்ரியு,6
பாதுகாக்கும்,6
உலகத்தில்,6
கோயிங்,6
தவறுகள்,6
பாத்திரம்,6
செல்கின்றன,6
பானங்கள்,6
கோழி,6
எல்லையை,6
இனம்,6
உங்களால்,6
உயர்ந்த,6
இத்தகைய,6
சொன்னீர்கள்,6
பவுலா,6
பலி,6
பலவீனமான,6
கேமரா,6
ஆபத்தான,6
தலைவராக,6
ஆபத்தானது,6
சேகரிக்க,6
தரை,6
தரகு,6
சொன்ன,6
கிடைக்க,6
சொன்னது,6
பயப்படுகிறேன்,6
பயப்படாதே,6
இனிப்பு,6
பார்தி,6
நம்முடையது,6
நடக்கப்போவதில்லை,6
செய்யவேண்டும்,6
தகுந்த,6
ஆசீர்வதிப்பார்,6
கூறுகிறது,6
சகோதரர்கள்,6
உண்மையாவா,6
ஏறி,6
செல்கள்,6
பிரச்சினைகளை,6
ஏற்படும்,6
பிரஞ்சு,6
செய்துகொள்ள,6
பிரதிநிதி,6
கார்கள்,6
அழகா,6
இன்னமும்,6
பிடித்திருந்தது,6
செய்வீர்கள்,6
இனியவளே,6
தா,6
நடன,6
பிசாசு,6
ஏர்,6
பாஸ்டர்ட்ஸ்,6
செலுத்தி,6
நடுத்தர,6
பார்த்துக்கொள்கிறேன்,6
கட்டுப்பாட்டில்,6
கெஜம்,6
பார்த்தால்,6
தவிர்க்கவும்,6
பயன்படுத்தும்,6
சொன்னார்,6
நகர,6
டிடெக்டிவ்,6
நீக்க,6
டேவிஸ்,6
நீதான்,6
நீதி,6
டிவி,6
கொன்று,6
ஆர்வமாக,6
இருக்கிற,6
நெருங்கிய,6
இடத்திற்கு,6
நினைக்கிறார்கள்,6
டாகிங்,6
தண்டனை,6
நேரத்திற்கு,6
டேவ்,6
நிலையை,6
டோலிங்,6
நிலையான,6
நிலையாக,6
நினைப்பது,6
நிலையத்திற்கு,6
கோனா,6
இடங்களிலும்,6
நிலம்,6
ஆழமான,6
ஆழ்ந்த,6
ஏஜிம்,6
ஒப்பனை,6
உங்களையும்,6
காம்ப்ஸின்,6
காண்பிக்க,6
கோன்,6
ஆரம்பிக்க,6
பயனுள்ள,6
ஒன்றுமில்லையே,6
தப்பி,6
சொல்லுங்கள்,6
பட்டியில்,6
ஆயுதம்,6
சொல்லணும்,6
பணியாற்ற,6
காட்டும்,6
இருக்கியா,6
பத்திதான்,6
பத்திரமாக,6
எழுத,6
சொல்கிறேன்,6
பந்தை,6
இதயத்தை,6
பட்சம்,6
இதயங்கள்,6
படுக்கையறை,6
படுக்கை,6
இருக்கான்,6
இருண்ட,6
நாட்டுப்புற,6
இருக்கே,6
ஜீரோ,6
ஜூன்,6
எவரும்,6
காதலர்,6
ஜே,6
ஜேன்ச்,6
எவ்ளோ,6
நோக்கம்,6
காய்கறிகள்,6
பிராவோ,6
இறந்துவிட்டாள்,6
தானா,6
பேசவில்லை,6
போகட்டும்,6
கூடுதல்,6
எப்போது,6
தொலைந்து,6
உன்னைப்,6
பேனா,6
சாரி,6
சார்லி,6
கடன்களை,6
பேசுகிறாய்,6
திரும்புங்கள்,6
எலி,6
பேசாதே,6
சாவியை,6
சான்,6
சாஸ்திரி,6
பொறுத்தவரை,6
பொறு,6
இலவசமாக,6
பொறி,6
சிஐஏ,6
காலத்தில்,6
பொதுவாக,6
திரும்பவும்,6
பெல்ட்,6
சிபி,6
தொழில்நுட்பம்-49,6
தேசிய,6
போகப்போகிறேன்,6
இப்போதே,6
பெறுகின்றனர்,6
சமைக்க,6
தெரிந்தது,6
போவதை,6
சகோதரனை,6
சட்டவிரோத,6
தெரிவிக்க,6
போருக்கு,6
துறவி,6
தெருக்களில்,6
சமன்பாட்டை,6
தெளிவில்லாத,6
போனஸ்,6
தெளிவு,6
இயந்திரங்கள்,6
உன்னைய,6
ஏலியன்,6
இவ்வாறு,6
போட்டியை,6
தொங்கி,6
இவ்ளோ,6
போட்டி,6
ஒடிஸி,6
சரியில்லாமல்,6
இவள்,6
போகிறார்கள்,6
சலவை,6
சல்,6
சாச்ஸ்,6
இயலாது,6
காத்திருந்து,6
தொழில்,6
சுற்றுப்பாதையில்,6
சூதாட்டம்,6
திசை,6
புழுதி,6
புள்ளியில்,6
இல்லையென்றால்,6
புள்ளி,6
புல்,6
தோலையொட்டிய,6
புரிந்ததா,6
தாயின்,6
சுவாரஸ்யமான,6
சுவை,6
உரிமம்,6
அவ்ளோதான்,6
சூடு,6
புகழ்,6
சுமார்,6
பீட்,6
கவுன்சில்,6
தானியங்கி,6
எல்லோருக்கும்,6
தொடர்ந்து,6
செக்சி,6
செயற்கைக்கோள்கள்,6
பிறந்தநாள்,6
தொந்தரவு,6
தொலைவில்,6
அவ்வாறு,6
கொள்வேன்,6
செயலிழக்க,6
செயல்படுத்த,6
கடிகாரம்,6
இங்கேயே,6
தினமும்,6
கடத்தல்காரர்,6
தேவாலயத்தில்,6
கூட்டத்துக்கு,6
பெயரில்,6
கொடுக்க,6
கொழுப்பு,6
தேவைப்பட்டால்,6
பெண்ணை,6
கையெழுத்திட,6
கடையில்,5
தடவ,5
வாங்கும்,5
கால்பந்து,5
வழங்கப்படும்,5
தட்டி,5
இருக்கிறாரா,5
தங்களை,5
துண்டுகளாக,5
திருட,5
வாட்டு,5
ஒ,5
வருவது,5
உரத்த,5
உங்களுக்காக,5
வழக்கில்,5
துளை,5
கேட்டிருக்கிறேன்,5
வாய்ப்புகளை,5
உங்களுக்குத்,5
இரத்தம்,5
வாய்ப்பை,5
வானில்,5
கேப்டன்,5
துருக்கி,5
துப்பாக்கிச்சூடு,5
தங்கம்,5
திரும்பினால்,5
எதுக்கு,5
தாங்க,5
உயிர்தப்பிய,5
உண்மையாகவா,5
திரை,5
திறக்கும்,5
வாத்து,5
எங்கிட்ட,5
வார்டன்,5
கேள்விப்பட்டேன்,5
வால்ஸி,5
வாளி,5
திட்டமிட்டுள்ளது,5
ஒதுக்கி,5
திவதே,5
வளர்ந்தார்,5
இருக்கணும்,5
இருக்கவேண்டும்,5
அண்டை,5
திரும்பு,5
தனி,5
வாழும்,5
தீர்க்க,5
தவிர்த்து,5
வழியை,5
கேட்டீர்களா,5
இரவும்,5
இயற்கை,5
தட்டுங்கள்,5
திரிந்து,5
இருக்காது,5
காத்து,5
பையை,5
ஒப்படைத்தார்,5
வெளியீட்டு,5
சிரிப்பான்,5
இழந்துவிட்டேன்,5
சிறப்பா,5
அச்சுறுத்தல்,5
வேண்டாமா,5
இழந்துள்ளனர்,5
உயரத்தில்,5
இளவரசன்,5
சிலபேர்,5
கட்டு,5
வேகத்தை,5
சீஸ்,5
அஞ்சு,5
சுதந்திரம்,5
சுற்றளவு,5
அசிங்கம்,5
சுற்றுப்பாதையை,5
சுவாசிக்க,5
வெல்ல,5
வெற்றியை,5
ஓஹியோ,5
சூரியன்,5
சூழலை,5
சூழ்நிலையில்,5
கையாள்வதில்,5
வெடிக்க,5
வெடி,5
செயலாளராக,5
ஓட்டு,5
இலக்கை,5
காலணி,5
வேண்டுமானால்,5
செய்துள்ளேன்,5
சரிபார்க்க,5
சகோதரிகள்,5
ஹோ,5
காலைல,5
ஈ,5
க்ளோசஸ்,5
ஹீரோ,5
சபதம்,5
சமாதான,5
ஹாரி,5
சமாதானம்,5
ஃப்ரான்சிஸ்கோ,5
கண்டறிவது,5
கோல்ப்,5
அக்கம்,5
காலத்தை,5
எடுத்துக்,5
ஷ்,5
ஷேன்,5
வைரஸ்,5
வைப்போம்,5
வைப்பு,5
சாதாரண,5
கடமை,5
சாம்பல்,5
சாரணர்,5
கடன்கள்,5
சார்ந்தது,5
சாவிகள்,5
கிரகத்திற்க்கு,5
சி,5
செய்துள்ளது,5
ஓட,5
கதைகள்,5
அடையாள,5
சொல்ற,5
விரதம்,5
சொல்றே,5
காரணங்கள்,5
சொல்லல,5
விபத்தில்,5
ஜன்னல,5
ஜன்னலை,5
ஜன்னல்கள்,5
ஜாக்கெட்,5
ஜாமீன்,5
ஜென்னி,5
விட்டோம்,5
ஒப்பிட்டு,5
இருக்கும்போது,5
எனக்குச்,5
இருக்கும்னு,5
டா,5
விடுவார்,5
காயப்படுத்த,5
டிக்,5
விடுதலை,5
டிராக்டர்,5
டென்னஸி,5
டேவிட்,5
விஜயம்,5
விசில்,5
டைட்டன்,5
விசாரணைக்கு,5
டோன்னா,5
விருது,5
அடைகிறேன்,5
கால்களை,5
விளக்கு,5
செய்யப்பட்டார்,5
செய்வதற்கு,5
விஷயமே,5
கைகள்,5
அடிக்கடி,5
கிரிப்டான்,5
விவாகரத்து,5
விவரம்,5
விவசாயிகள்,5
விழும்,5
கிரீம்,5
அடிக்குது,5
விளையாடுறியா,5
ஒலிம்பஸ்,5
விளக்கம்,5
சொன்னா,5
இருப்பார்,5
சொன்னதை,5
விற்பனையாளர்,5
சொன்னார்களா,5
இருந்தும்,5
அடிமைகள்,5
கோயா,5
ஒலிகள்,5
சொல்லு,5
அடிமையாகி,5
சொல்வதைக்,5
காரியம்,5
கோபுரம்,5
சோர்வாக,5
சொன்னான்,5
இன்னிக்கு,5
வருத்தம்,5
மலைகள்,5
கவ்பாய்,5
அவ்வளவுதான்,5
மாட்டார்கள்,5
கஷ்டம்,5
பிரிவு,5
மாத,5
பிரிந்து,5
பிரிந்தது,5
பிரயன்,5
கலனை,5
மாத்திரை,5
காக்ஸ்,5
அறிமுகம்,5
காங்கிரஸ்,5
கூறு,5
பிறந்தார்,5
பிற்பகுதியில்,5
பித்தளை,5
பிலிப்,5
புவி,5
மரீன்,5
புள்ளிகள்,5
புரியுதா,5
உத்தரவாதம்,5
புரிதல்,5
புத்தகத்தை,5
கல்லறை,5
புத்தகங்களை,5
கவிதை,5
அவ்ளோ,5
கிடைக்கிறது,5
கூப்பிட்டு,5
பிளாஸ்டிக்,5
பிளஸ்,5
மார்வின்,5
மாறி,5
முடிவில்,5
மீன்,5
கொக்கி,5
ஆதாரங்கள்,5
பாதுகாப்பானது,5
கட்டளையை,5
ஆனாலும்,5
பாடும்,5
பாட,5
குறைக்க,5
முடிந்து,5
முடியல,5
அரசியல்,5
முடியாதது,5
உடற்பகுதியில்,5
அம்மாவும்,5
முடிவடைகிறது,5
மீறி,5
கென்ட்,5
ஆச்சரியங்கள்,5
கடினம்,5
அறிமுகப்படுத்த,5
கூறுகிறேன்,5
என்னோடத,5
மாற்றி,5
மாற்று,5
பாஸ்போர்ட்,5
பாஸ்,5
பார்ப்பது,5
ஆடம்பரமான,5
மின்சார,5
பார்த்த,5
என்னைய,5
பார்க்கிறீர்கள்,5
மீட்டர்,5
ஆண்டில்,5
உத்தரவிட்டார்,5
புஷ்,5
பூங்காவில்,5
அழைப்புமணி,5
போற,5
போட்டியில்,5
போறாங்க,5
உளவு,5
கிடைக்குமா,5
போலவே,5
அவங்கள,5
போவோம்,5
ப்யூகரெஸ்ட்,5
ப்ரென்டன்,5
அவசரமாக,5
போகி,5
உடல்கள்,5
குழந்தைகளுக்கு,5
எப்படியாவது,5
அழையுங்கள்,5
போதை,5
பூட்டி,5
போன்ற,5
பொறு,5
எப்பவும்,5
குழப்பி,5
போர்வீரன்,5
போகாதே,5
எப்போது,5
போகிறீர்கள்,5
போங்க,5
போங்கள்,5
போச்சு,5
போய்விட்டது,5
போட்டு,5
அழும்,5
குவாண்டம்,5
போன,5
போகலாமா,5
மகிழுங்கள்,5
கூடு,5
பேரு,5
பெறுவது,5
மனிதக்,5
மனிதக்குரங்குகள்,5
மனிதனை,5
பெறாமல்,5
உலகில்,5
பெறலாம்,5
பென்டகன்,5
பெண்ணே,5
உள்ளாடைகளை,5
கூட்டி,5
பெக்கான்,5
அறுவை,5
பூனை,5
பூட்ஸ்,5
பெற்ற,5
பெல்,5
உள்,5
பேசிகிட்டு,5
மகிழ்ச்சியுடன்,5
கவனித்தனர்,5
பேசுகிறார்கள்,5
மங்கல்கள்,5
மடங்கு,5
உளவுத்துறை,5
பேசணும்,5
பொருட்கள்,5
பொறுமை,5
உளவியல்,5
உடை,5
மதியம்,5
எலும்பு,5
பொருளாதார,5
பரிணாம,5
ஆபத்தில்,5
தெரிந்த,5
ரொம்ப,5
ஏமாற்றுகிறது,5
இந்தியா,5
அனுப்பவும்,5
கடினமானது,5
நடைபெற்றது,5
லாவடோரி,5
குட்,5
கட்டிகள்,5
இன்னொரு,5
நடக்கவில்லை,5
லைட்,5
உனக்குத்,5
தொடங்கியது,5
தையல்,5
இன்ப,5
ரொம்பவும்,5
ஏமாற்றி,5
வடக்கு,5
நம்பகமான,5
யோட,5
நவீன,5
என்ஜின்,5
ஊதியம்,5
ராக்கெட்,5
ராஜினாமா,5
கயிறு,5
நல்லதல்ல,5
கொள்கைகளை,5
உங்களுடைய,5
உரையாடல்,5
உரையாடலும்,5
ஏமாற்றம்,5
ரெக்கார்டர்,5
நம்பப்படுகிறது,5
கப்பலின்,5
ஊழியர்கள்,5
காடிலாக்,5
வரலாம்,5
தொண்டை,5
வராதே,5
தொடர,5
தொடக்க,5
தொட,5
வரியில்,5
எனக்குப்,5
கன்சாஸ்,5
உரிமையும்,5
தெற்கு,5
தெரேசா,5
வருட,5
இயக்குனர்,5
கேட்கிறாயா,5
வருது,5
காதுகள்,5
வரல,5
தோண்டி,5
அதேபோல்,5
தோட்டாக்கள்,5
தேவைப்படும்,5
ஏற்று,5
எஃகு,5
அதைப்,5
வந்தான்,5
தேர்ந்தெடுக்க,5
தேர்,5
வந்திருக்கிறேன்,5
கேச்சட்,5
அதைத்,5
கன்னத்தில்,5
தொழில்நுட்பம்,5
தொலைவில்,5
காதில்,5
நாடுகளில்,5
ஏதோ,5
இணைக்க,5
அமெரிக்காவின்,5
உறுதியளித்தார்,5
கொட்டைகள்,5
கொண்டிருக்கிறது,5
கருமம்,5
பசி,5
பங்குதாரர்,5
பங்குகளை,5
பக்கத்துல,5
உள்வரும்,5
மூச்சுவிடும்,5
கிடங்கு,5
கிடைத்தால்,5
நேர்க்காணல்,5
மூன்றாம்,5
நேரத்துல,5
குறிப்பிடத்தக்க,5
படைகள்,5
கொல்லவில்லை,5
முன்பே,5
முடுக்கி,5
முட்டாள்தனமாக,5
பயமுறுத்தும்,5
கொடுத்தது,5
பயன்,5
பயனுள்ளதாக,5
ஆபாச,5
கிண்டலடிக்கிறது,5
எழு,5
பதிலளிக்க,5
பதிப்பு,5
பணியாளர்,5
பணயம்,5
கொடுப்பேன்,5
பட்டம்,5
நேரத்துக்கு,5
நேரடியாக,5
நேர,5
மூளையில்,5
இங்குள்ள,5
நிமிடத்தில்,5
காண்க,5
நினைவிருக்கிறதா,5
இடங்களில்,5
ஏதாச்சும்,5
என்னவென்று,5
என்னவென்றால்,5
என்னனு,5
இடத்துல,5
நிதானமா,5
கொல்லப்பட்டார்,5
நிகழ்வு,5
இடைஞ்சல்,5
இடையூறு,5
நியுட்,5
ஆஷெர்,5
நிலைக்கு,5
மேடையில்,5
அப்படித்தான்,5
குறித்து,5
நெறைய,5
கொன்ற,5
மேக்ஸ்வெல்,5
நீதிமன்றம்,5
நீங்கள்தனியாகஇல்லை,5
மோதல்,5
நீங்களும்,5
கொம்புகள்,5
மேலதிக,5
உறுதிப்படுத்த,5
அபார்ட்மெண்ட்,5
கருத்துக்களை,5
ஆக்ஸிஜன்,5
