word,count
మీరు,5352
నేను,4410
ఒక,2186
ఉంది,1423
మరియు,1419
ఈ,1196
మేము,1182
లేదు,1168
నా,1109
మీ,1080
నాకు,1029
ఆ,966
అతను,910
ఇది,904
అవును,868
యొక్క,767
ఇక్కడ,693
కాదు,646
అన్ని,643
అది,601
ఏమి,597
కానీ,524
కోసం,517
ఆమె,510
ఉన్నాయి,504
చాలా,500
లో,490
వారు,477
తెలుసు,471
ఇప్పుడు,466
గురించి,444
వచ్చింది,437
సంఖ్య,417
కుడి,391
గొన్న,385
కలిగి,375
ఉంటుంది,375
మంచి,354
హే,350
ఏమిటి,340
న,336
ఓహ్,323
సరే,321
చూడండి,318
ఎలా,312
ఉంటాయి,312
నుండి,301
తిరిగి,299
ఎందుకు,298
కేవలం,298
వద్ద,293
అక్కడ,293
బాగా,271
అని,264
కొన్ని,261
అవసరం,259
వెళ్ళి,254
లేదా,248
ఉంటే,247
మా,239
ధన్యవాదాలు,238
వంటి,229
తో,218
ఏ,216
చేస్తున్నాను,213
వ్యక్తి,210
ఏదో,209
రెండు,206
డౌన్,205
తన,203
పొందుటకు,203
కమ్,202
అప్,201
మీకు,201
పొందండి,201
సర్,200
మనిషి,192
పని,183
నన్ను,180
మాకు,180
వాటిని,177
కాల్,173
సమయం,169
సో,168
ఎప్పుడూ,166
నిజంగా,166
ఎవరు,161
అతనికి,154
బయటకు,153
అతనిని,151
డబ్బు,151
ఖచ్చితంగా,151
ఏం,150
ఉండాలి,148
దయచేసి,146
వేచి,145
ద్వారా,144
ప్రతి,144
ఎందుకంటే,143
సహాయం,142
కొద్దిగా,141
పేరు,141
కూడా,139
చేసిన,138
ఎక్కడ,137
రోజు,136
ఓకే,136
విషయం,133
అనుకుంటున్నారా,133
ఫక్,133
ఆఫ్,132
ముందు,129
నం,129
దేవుని,128
చెప్పారు,127
తెలియదు,127
అర్థం,127
రాత్రి,126
ఏదైనా,124
కాబట్టి,123
అబ్బాయిలు,121
మార్గం,120
తెలుసా,119
ఇష్టం,118
మాత్రమే,116
అప్పుడు,116
వస్తాయి,114
ఎవరైనా,113
వదిలి,111
అనుకుంటున్నాను,111
వెళ్ళండి,110
ఫకింగ్,110
చేయవచ్చు,104
లెట్,103
అంటే,102
బర్ట్,101
ప్రజలు,101
జాక్,100
మిస్టర్,100
ఎక్కువ,98
మళ్ళీ,98
తెలిసిన,97
చేస్తుంది,96
పడుతుంది,95
చేశారు,93
కు,93
తప్పు,92
చెప్పండి,92
చూడాలి,91
పెద్ద,89
అతని,89
లుక్,88
జస్ట్,87
కంటే,87
ఏమీ,87
ఎల్లప్పుడూ,85
చుట్టూ,83
గాడిద,83
అయ్యో,83
దీన్ని,83
కాలేదు,82
చంపడానికి,82
ఉన్నప్పుడు,80
నాశనం,80
గుడ్,79
మొదటి,79
చిన్న,79
బహుశా,78
పాత,78
పూర్తి,77
తర్వాత,77
తండ్రి,77
అనుకున్నాను,76
ఇతర,76
కావలసిన,76
శిశువు,76
వచ్చి,76
మూడు,76
గో,76
వరకు,76
మరింత,75
కారు,75
జీవితం,75
ప్రేమ,74
జరిగింది,73
మొత్తం,73
జరిగినది,72
ఇప్పటికీ,72
అధ్యక్షుడు,71
విచారిస్తున్నాను,71
గొప్ప,70
సమస్య,70
ఉండవచ్చు,70
అయితే,70
వన్నా,69
వినండి,69
పొందడానికి,69
ఇవ్వాలని,69
పిల్లలు,68
దూరంగా,68
అదే,67
సైన్,67
వీలు,67
స్నేహితుడు,66
ఆలోచన,66
హెల్,66
చేయండి,66
ఫోన్,65
కుమారుడు,64
హలో,64
నిజమైన,64
దాని,64
ఒకటి,63
ఐ,63
ఒంటి,63
చాలు,63
మహిళ,63
అమ్మాయి,63
తరువాత,63
చెడు,62
చేసింది,62
మాట్లాడటానికి,61
ప్లే,61
అందమైన,60
అన్నారు,60
ఎంత,60
మీద,60
ఎవరూ,59
విషయాలు,59
చెప్పేవాడు,59
గత,58
భావిస్తున్నాను,58
సోదరుడు,58
చేస్తున్న,58
షిట్,58
లోకి,58
ఇంకా,57
ఉండండి,57
సంవత్సరాల,57
క్షమించండి,57
వాట్,56
భార్య,56
విచార,56
నిట్టూర్పుని,56
అరుపులతో,56
జుడిత్,56
అలా,56
వార్తలు,56
చేస్తున్నారు,55
ఇవ్వండి,55
తెలపండి,55
తల్లి,55
తయారు,55
బాలుడు,55
హుహ్,55
విధంగా,54
రైట్,54
దానిని,54
తెలీదు,53
వారి,53
రెడీ,53
ఉద్యోగం,53
కొత్త,52
ఉన్నారు,52
మాట్లాడటం,52
ఇప్పటికే,51
ప్రతిదీ,51
నాతో,51
ఉన్నాను,51
నమ్మకం,51
తగినంత,50
ఫ్రాంక్,50
ఎల్,50
చూసిన,50
చేస్తాము,49
హక్కు,49
ఉంచండి,49
తుపాకీ,49
చెప్పటానికి,49
హెన్రీ,49
చెత్త,49
నాలుగు,49
జరిమానా,48
హత్య,48
ఆహ్,48
పోలీసు,48
తనిఖీ,48
ఇంటికి,48
అతన్ని,48
నరకం,47
సిద్ధంగా,47
ఉత్తమ,47
మరొక,47
ఆమెన్,46
యో,46
వెర్రి,46
చూడటానికి,46
కనుగొనేందుకు,46
వ్యాపార,46
ఇలా,46
తల,45
బిట్,45
పార్టీ,45
కలిసి,45
జిమ్,45
వెనుక,45
లేకుండా,44
అనుభూతి,44
పైగా,44
సైమన్,44
హిట్,44
వైపు,44
మాన్,44
నువ్వు,43
చేయడానికి,43
ఆపడానికి,43
సరేనా,43
ప్రస్తుతం,43
నేడు,43
ఐదు,43
మైక్,42
ఊ,42
సొంత,42
రెండవ,42
అంచనా,42
నవ్వుతూ,41
దాన్ని,41
ఆపు,41
తీసుకుని,41
హౌస్,41
మోగ్లీ,41
నిద్ర,41
జాగ్రత్తగా,40
చూసింది,40
నైల్స్,40
మర్చిపోతే,40
ప్రయత్నించండి,40
బేబీ,40
ఉదయం,39
వినడానికి,39
కనుక,39
ఎప్పటికీ,39
కాలం,39
సమయంలో,39
కారణం,39
క్రితం,39
వెళ్ళడానికి,39
కుటుంబం,39
నిజానికి,39
లాఫింగ్,39
తలుపు,39
క్షమించాలి,38
అమలు,38
డూ,38
పాఠశాల,38
అతనితో,38
వద్దు,38
ఉండడానికి,38
ముఖం,38
కనిపిస్తుంది,38
అవకాశం,37
చింతించకండి,37
జరుగుతుందో,37
శ్వాస,37
కొనసాగుతుంది,37
పిల్ల,37
ఒక్కరూ,36
వెళ్తున్నారు,36
చివరి,36
ఎల్లెన్,36
మనం,36
ప్రణాళిక,36
ఉద్దేశ్యం,36
స్నేహితులు,36
కొనుగోలు,36
ఒంటరిగా,36
రేపు,35
మిలియన్,35
చేసినప్పుడు,35
భావించడం,35
రకమైన,35
హార్డ్,35
ముందుకు,35
మొదలు,35
అవుతుంది,35
మిషన్,35
భావిస్తున్నారా,35
స్టీవ్,35
కలిసే,35
చేయాలని,34
తిట్టు,34
టేక్,34
యేసు,34
వివాహం,34
చేయడం,34
ఆల్,34
అందంగా,34
విన్న,34
ఒకసారి,34
చేస్తాను,34
ఇబ్బంది,34
ఉందా,34
జుట్టు,34
సారా,34
వెళుతున్న,34
అహ్,34
పట్టింది,34
కళ్ళు,34
పట్టణం,34
పాడించి,33
ఈజ్,33
గుర్తుంచుకోవాలి,33
చేస్తారు,33
రియల్లీ,33
కావచ్చు,33
అద్భుతమైన,33
వై,32
సమాధానం,32
లోపల,32
లెట్స్,32
వెంటనే,32
తక్కువ,32
ఉంటాం,32
అంగస్,32
ది,32
సేవ్,32
అవుట్,32
నిమిషం,31
మారింది,31
దొరకలేదు,31
మీతో,31
మాట్లాడుతూ,31
దేవుడు,31
ప్రదర్శన,31
సురక్షిత,31
గాలి,30
మిస్,30
తీసుకోవాలని,30
వావ్,30
గాడ్డామ్,30
భర్త,30
నీ,30
రింగ్,30
పాట,30
స్థానంలో,30
నోరు,30
అడగండి,30
అగ్ని,30
నొప్పి,29
కుక్క,29
కోరుకుంటున్నారు,29
క్లిక్,29
బ్లాక్,29
గొర్రెలు,29
పూర్తిగా,29
గుర్తు,29
కథ,29
నథింగ్,29
జాయే,29
బిల్లీ,29
అక్కడే,29
అమూల్యమైన,29
చనిపోయిన,29
లేకపోతే,29
సంవత్సరం,29
వాగ్దానం,29
డామన్,29
దేశం,29
పైన,28
తినడానికి,28
వేడి,28
గుండె,28
జేన్,28
తీవ్రమైన,28
బాయ్,28
వైట్,28
గంటల,28
అనుకుంటున్నారు,28
మధ్య,28
చల్లని,28
మనస్సు,28
పురుషులు,28
సులభంగా,28
ఒప్పందం,28
వచ్చిన,27
బ్రైస్,27
సాధారణ,27
మిగిలిన,27
జిమ్మీ,27
గేమ్,27
పొందవచ్చు,27
ఉండకూడదు,27
ఆలోచిస్తూ,27
కలవారు,27
దాదాపు,27
వస్తుంది,27
జెంటిల్మెన్,27
ఆందోళన,27
స్వాగతం,27
ప్రయత్నించారు,27
లెన్ని,26
మంది,26
అంటోన్,26
చేతులు,26
జట్టు,26
అండ్,26
రోడ్బ్లాక్,26
ఫన్నీ,26
పొందుతారు,26
సెల్,26
రోనీ,26
రైడ్,26
ప్రశ్న,26
ఇచ్చింది,26
భూమి,26
తదుపరి,26
చూస్తారు,26
హార్లే,26
పాటు,25
మామా,25
బాబ్,25
అవ్ట్,25
చేతి,25
ముగింపు,25
చెయ్యాలి,25
రోజుల,25
రంగు,25
వాస్తవానికి,25
ఉమ్,25
సంస్థ,25
గది,25
గా,25
మీదే,25
లేడీస్,25
చూసుకొని,25
గెట్,25
లార్డ్,25
కుమార్తె,24
సంగీతం,24
కొంత,24
ఫైన్,24
యుద్ధం,24
బాధించింది,24
ఐస్,24
గని,24
ఎడమ,24
చేయాలి,24
నిమిషాల,24
పిల్లవాడిని,24
మార్క్,24
కాపీ,24
వారం,24
ప్రపంచంలో,24
ఎవరో,24
మాట్లాడే,24
దగ్గరగా,24
డ్రాప్,24
లేనని,24
ఉన్న,24
షూట్,24
లేని,24
సాలీ,23
ఎప్పుడైనా,23
అడవి,23
పడిపోయింది,23
తరలించడానికి,23
జీవితంలో,23
అలారం,23
మరణం,23
టైగర్,23
శ్రీమతి,23
కాకముందు,23
య,23
వెల్స్,23
చెప్పడం,23
ఉహ్,23
ఆశిస్తున్నాము,23
ఆరు,23
దాడి,23
ప్రియమైన,23
ఉంచేందుకు,23
సంతోషంగా,22
దుస్తులు,22
ఖర్చు,22
డౌ,22
కొరియా,22
తప్ప,22
చికిత్స,22
జంట,22
బై,22
ప్రారంభం,22
వేగంగా,22
ఆల్ఫోన్స్,22
వస్తున్న,22
మాంత్రికుడు,22
కష్టం,22
బాక్స్,22
చెయ్యవచ్చు,22
చూడటం,22
ప్రతికూల,22
పెట్టుబడి,22
ఎక్కడా,22
పై,22
ఉన్నాము,22
హ్యాపీ,22
వివిధ,21
ప్రపంచ,21
త్వరగా,21
పొందలేము,21
పట్టుకోండి,21
తప్పక,21
ఓవర్,21
బిచ్,21
గాట్,21
తేనె,21
పాల్,21
తెలుసుకోవడానికి,21
సీటు,21
ఆలోచిస్తాడు,21
చట్టం,21
జరిగే,21
చూస్తున్న,21
పరిష్కరించడానికి,21
సజీవంగా,21
వెళ్ళిపోతున్నాను,21
అత్యంత,21
వెల్,21
కూర్చుని,21
యెగరోజు,21
హోమ్,21
డాడీ,21
గ్రాండ్,21
నడుస్తున్న,21
నాథన్,21
కాఫీ,21
కత్తి,21
కనీసం,21
అరుపు,21
న్యాయవాది,21
కోడ్,21
అమెరికన్,21
స్నేహితుని,20
దేని,20
భాగం,20
రకం,20
బాస్,20
అణు,20
మార్గంలో,20
అనేక,20
రాబోయే,20
అదృష్టం,20
గుంపు,20
ఫ్రెంచ్,20
లూయిస్,20
మిమ్మల్ని,20
సే,20
ఇష్టపడ్డారు,20
శుభ్రం,20
జరగవలసినవే,20
సార్లు,20
కఠినమైన,20
విధమైన,20
కిల్,20
పైకి,20
ఉత్తర,19
నుంచి,19
ప్రయత్నిస్తున్న,19
అడుగుల,19
సరిగ్గా,19
స్పష్టంగా,19
కోరుకుంటున్నారో,19
ఆన్,19
ఆనందించండి,19
భయపడ్డాను,19
డీ,19
దగ్గు,19
కొన్నిసార్లు,19
చెప్పాడు,19
ఆగండి,19
భావించారు,19
షాట్,19
పక్క,19
కలుసుకున్నారు,19
హా,19
డ్యూక్,19
అనౌన్సర్,19
డాన్,19
గంట,19
వాసన,19
వ్యవసాయ,19
స్టాప్,19
పుట్టినరోజు,19
ప్రమాదంలో,19
అంతా,19
అందరూ,19
స్థానం,19
వెళ్ళడం,19
ఇక్కడే,19
తరలించు,19
చెల్లించడానికి,19
మేజిక్,19
రాక్,19
లిటిల్,19
జరుగుతుంది,19
పనిచేస్తుంది,19
పది,19
బాగుంది,19
కవర్,19
యు,18
గ్రాంట్,18
విక్టర్,18
శక్తి,18
నిన్ను,18
నీకు,18
టవర్,18
ధ్వని,18
మార్నింగ్,18
డవిడే,18
ద్వేషం,18
వారాల,18
లేవు,18
పదం,18
నెలల,18
తీసుకున్న,18
ఉండటం,18
ప్రోత్సహిస్తున్నారు,18
ఎలిజబెత్,18
తెలివితక్కువదని,18
వెళ్లి,18
ఏర్పాటు,18
ఇంటి,18
తమాషా,18
గాడ్,18
ఆసక్తి,18
భవనం,18
ఔట్ట,18
కోల్పోయింది,18
చర్చ,18
వేసవి,18
ఆపై,18
భయపడ్డారు,18
విలువ,18
షో,18
ఆట,18
డ్రోన్లు,18
మదర్,18
చెక్,17
చిత్రలేఖనం,17
చేయాలో,17
చేద్దామని,17
వేరే,17
టోపీ,17
ఒకే,17
నగరం,17
కార్డు,17
నేరుగా,17
బాప్టిస్ట్,17
పట్టించుకోను,17
కట్,17
పట్టుకొని,17
బయట,17
పదాన్ని,17
పరిస్థితి,17
సగం,17
స్థలం,17
ఫన్,17
లైన్,17
ప్రారంభించారు,17
ప్రారంభ,17
ఎటువంటి,17
ఉండాలని,17
సెక్స్,17
ఊపిరి,17
భద్రతా,17
ఉధృతిని,17
గన్,17
క్లియర్,17
భాగంగా,17
కోరుకున్నాడు,17
గీ,17
వీధి,17
తీసుకొని,17
మార్చడానికి,17
డ్రైవ్,17
అమ్మాయిలు,17
స్మార్ట్,17
మంచం,17
సంబంధం,17
హ,17
రిమోట్,16
భయంకరమైన,16
అదృష్ట,16
అంటారు,16
ఉచిత,16
మాట్లాడుతున్నారు,16
ఫ్లింట్,16
ఫెయిత్,16
చేసే,16
చెప్పడానికి,16
ఇచ్చిన,16
ఇకపై,16
రేడియో,16
లాగండి,16
భాగస్వామి,16
బ్రిస్టల్,16
ప్రత్యేక,16
బ్రేక్,16
ఏమైనా,16
పందెం,16
ఒకరు,16
క్రిస్మస్,16
వెళ్లాలని,16
ఉపయోగిస్తారు,16
గుర్తుంచుకో,16
నిలబడటానికి,16
కమాండర్,16
వయస్సు,16
ఓపెన్,16
శరీరం,16
ఐటి,16
టాప్,16
సెర్బెరస్ను,16
డార్సీ,16
ఎర్ల్,16
పిల్లల,16
సురక్షితంగా,16
వీటో,15
జో,15
డిటెక్టివ్,15
ముఖ్యంగా,15
మద్దతు,15
తీయటానికి,15
చేయలేదు,15
మహిళలు,15
మొరెల్,15
మరణిస్తారు,15
ముగిసింది,15
ప్రమాణ,15
నగదు,15
తెలుసుకోవాలి,15
దక్షిణ,15
విడిచి,15
విజయం,15
దీర్ఘ,15
బ్రో,15
నైస్,15
బీచ్,15
వలె,15
పరిగణనలోకి,15
ఫాంట్,15
వచ్చే,15
పసికందు,15
ల్యూక్,15
రండి,15
సందేశాన్ని,15
చెప్పు,15
ఉండేది,15
కింద,15
హోటల్,15
షెరీఫ్,15
కీలు,15
గెట్స్,15
ఇత్సెల్ఫ్,15
ఇట్,15
వ్యతిరేకంగా,15
హోలీ,15
స్నేక్,15
సందర్భంలో,15
ఇస్తుంది,15
చూస్తున్నానని,15
శుభ్రంగా,15
సాయంత్రం,15
కనుగొంటారు,15
ఎక్స్పీరియన్స్,15
అడుగు,15
గ్రేట్,15
ఆలోచించడం,15
హాంక్,15
ఖాన్,15
ఎలుగుబంటి,15
ఆశ్చర్యానికి,15
ఆనందం,14
స్ప్రింగ్,14
ఆయన,14
విశ్రాంతి,14
తీపి,14
తలుపును,14
తాగిన,14
తెరువు,14
సంతోషించిన,14
డు,14
జైలు,14
అనుసరించండి,14
అబద్ధం,14
మానవ,14
గ్రే,14
అమెరికా,14
డాక్టర్,14
గ్రహం,14
మమ్మీ,14
గానం,14
అర్హత,14
మధ్యలో,14
రెగ్గీ,14
అవి,14
రేటు,14
బేర్,14
ఆకలితో,14
గాని,14
భావించాను,14
కోబ్రా,14
బేబ్,14
ప్యాంటు,14
నెమ్మదిగా,14
నెల,14
పోయింది,14
నేట్,14
సాధారణంగా,14
న్యూ,14
ఎంపిక,14
సిబ్బంది,14
ఒక్కరి,14
ఏమైనప్పటికీ,14
సులభం,14
పాయింట్,14
ఏది,14
పాప్,14
ఏడు,14
సెట్,14
నీటి,14
బూట్లు,14
ప్రధాన,14
తెలుసుకోవాలంటే,14
ఆసక్తికరమైన,14
విధానం,14
కోరుకుంటున్నాము,14
ముఖ్యమైన,14
ఇంట్లో,14
సభ్యుడు,14
నడిచి,14
స్త్రీ,14
ప్రేమిస్తున్నాను,14
ప్రియుడు,14
కామెరాన్,14
కాప్స్,14
కాదని,14
నిర్ధారించుకోండి,14
వెళ్లరు,14
పానీయం,14
మోసం,14
మెమరీ,14
అతిపెద్ద,14
చేస్తాయి,14
అడిగిన,14
చూపించడానికి,14
రక్షణ,14
చూడలేదు,14
చెప్పలేదు,14
వెళ్ళు,14
చూపించు,14
అందించిన,14
చెయ్యగలరు,14
యువ,14
తల్లిదండ్రులు,13
మేకింగ్,13
ఫ్లై,13
దృష్టి,13
బదులుగా,13
స్నానం,13
సంసార,13
సంవత్సరాలు,13
డ్రైవర్,13
కోర్సు,13
ద,13
కోల్పోయిన,13
తేదీ,13
విశ్వసిస్తే,13
బిగ్గరగా,13
తెలుపు,13
బీట్రైస్,13
విమాన,13
విరామం,13
డ్రోన్,13
క్షణం,13
జరగబోతోంది,13
షేర్,13
మెదడు,13
బ్లూస్,13
భయపడి,13
చర్చి,13
కీగన్,13
ఇన్,13
ప్రభుత్వం,13
ఎనిమిది,13
సులువు,13
ఎక్స్క్యూజ్,13
పంపిన,13
చెప్పే,13
లోకల్,13
సాధ్యం,13
కళ,13
కళాశాల,13
కాంగ్,13
ప్యాకేజీ,13
వస్తోంది,13
వాకింగ్,13
చెప్తున్నావు,13
సమాచారం,13
ఉన్నప్పటికీ,13
నిమిషాలు,13
సలహా,13
స్టార్మ్,13
వారితో,13
నాన్న,13
కావలసినంత,13
వారిని,13
కావలెను,13
నవ్వు,13
ఫీలింగ్,13
ఇవి,13
ధరించి,13
గొంతు,13
లిసా,13
షవర్,13
రాబర్ట్,13
అనుమతిస్తుంది,13
గోన్,13
అనే,13
శత్రువు,13
అరిచే,13
మాజీ,13
వెళ్తాడు,13
ముక్క,13
గౌరవం,13
ట్రిక్,13
చార్లెస్టన్,13
చనిపోయే,13
అధిక,13
బంతి,12
కొడుకు,12
క్వాన్,12
ప్రదేశం,12
కల,12
రక్షించడానికి,12
చికెన్,12
అరుస్తుంటారు,12
ముగిసిన,12
యునైటెడ్,12
చిత్రాలు,12
సమస్యలు,12
స్పీకర్లు,12
స్థానిక,12
పంచ్,12
అయిన,12
జబ్బుపడిన,12
ఆలస్యంగా,12
తోబుట్టువుల,12
బాస్టర్డ్,12
కోల్ట్స్,12
సంరక్షణ,12
కలలు,12
రియల్,12
మ్యాచ్,12
బార్,12
వృధా,12
చిత్రం,12
వెళ్లిన,12
క్రీమ్,12
ఆహార,12
రన్,12
చర్య,12
పోరాటం,12
బెడ్,12
కమాండ్,12
సాధన,12
పోరాడటానికి,12
విక్,12
కల్నల్,12
చూడగలరు,12
మొదలవుతుంది,12
ఫైర్,12
ప్రమాదం,12
సందడిగల,12
అబద్దం,12
చూస్తున్నారు,12
ప్రయాణం,12
రహస్య,12
మొబైల్,12
ఎన్నడూ,12
మార్కెట్,12
జూలియా,12
వేల,12
ఎవరైతే,12
ప్రార్థన,12
ఉంచాలని,12
గొర్రె,12
తప్పిన,12
కానర్,12
భారీగా,12
ఆత్మ,12
ధ్వనులు,12
సమావేశం,12
ఆగారు,12
సిలాస్,12
మాస్టర్,12
మెర్రీ,12
శ్రద్ధ,12
సిసిలీ,12
నాదగ్గర,11
మేనేజర్,11
ఆహారం,11
ఆస్తి,11
టెర్రీ,11
టెక్-49,11
దొరుకుతుందని,11
కార్యదర్శి,11
ట్రక్,11
విందు,11
చేసుకుంది,11
నిజాయితీ,11
ఉందని,11
చేరడానికి,11
ప్రశ్నలు,11
ఉంచుతుంది,11
కాల్చి,11
బాధ్యత,11
మేరీ,11
నిలపడానికి,11
స్టేషన్,11
విచారంగా,11
నివసిస్తున్నారు,11
దూరం,11
ఉన్నావు,11
టేలర్,11
విచారణ,11
ఉన్నట్లు,11
ప్రత్యక్ష,11
ఇడియట్,11
ఉత్తమం,11
సైన్యం,11
కాని,11
వ్యక్తిగత,11
పోస్ట్,11
అభినందనలు,11
వైద్యుడు,11
వింత,11
చూసారు,11
టాకింగ్,11
ఉన్నాయా,11
మాది,11
కంపెనీ,11
కనుగొన్న,11
వంటిది,11
భారీ,11
విశ్వాసం,11
మరో,11
చేయబడ్డాయి,11
చీఫ్,11
పెట్టాడు,11
ఎడ్డీ,11
పట్టుకో,11
చూడని,11
త్రో,11
స్పీకర్,11
లోపలి,11
ఆఫీసు,11
మళ్లీ,11
భావన,11
భావించాడు,11
సంగీత,11
చిన్నప్పుడు,11
జాబితా,11
పవిత్ర,11
అవసరాలు,11
వెళ్ళింది,11
వదలివేయడానికి,11
అసలు,11
అసలైన,11
రహదారి,11
భోజనం,11
చివరకు,11
వచ్చాం,11
చివరిలో,11
గోయింగ్,11
విషయంలో,11
మై,11
నికోల్,11
విభజించవచ్చు,11
లాక్,11
పొందాను,11
చూడవచ్చు,11
విభజన,11
క్రమంలో,11
ఆర్థిక,11
పాత్ర,11
కార్యాలయం,11
బిజీగా,11
తెరిచి,11
హనీ,11
జేబులో,11
వసంత,11
ఎంతో,11
రౌండ్,11
లక్ష్యం,11
త్రాగడానికి,11
చెయ్యండి,11
విమానం,11
పేద,11
ఏడుపు,10
కర్ర,10
పొందాలి,10
లేడీ,10
అదనపు,10
వచ్చారు,10
నృత్యం,10
యూదా,10
ఎ,10
కార్,10
చెయ్యబడింది,10
జేమ్స్,10
ఎస్టేట్,10
ఊళ,10
చరిత్ర,10
పాలెర్మోకు,10
హిగ్గిన్స్,10
ఒత్తిడి,10
చెయ్యడం,10
మార్చి,10
పగుళ్లు,10
ఎక్కువగా,10
రక్త,10
కాగితం,10
కదిలే,10
పట్టింపు,10
అనుమతి,10
ఉపయోగించే,10
వన్,10
అనుకుంటే,10
ఎదుర్కోవటానికి,10
శీఘ్ర,10
హార్పర్,10
ఓడ,10
పూజారి,10
చేశాడు,10
కబ్,10
పైకప్పు,10
ఎంచుకోండి,10
ప్రయత్నిస్తున్నారు,10
నియంత్రణ,10
యంత్రం,10
డెడ్,10
బెక్కి,10
బెటర్,10
బ్రేవో,10
వెళ్ళే,10
తీసుకున్నట్లు,10
బ్యాండ్,10
మూగ,10
తీసుకోవడం,10
అడుగుజాడల్లో,10
విన్నారా,10
తిరుగుబోతు,10
రద్దు,10
జంతువులు,10
డంప్,10
తొమ్మిది,10
బార్కింగ్,10
కోరుకోలేదు,10
వున్నాను,10
ఖాళీ,10
బ్లో,10
బస్సు,10
రష్,10
రుణ,10
అతడు,10
గొన్నా,10
మక్,10
మందులు,10
రే,10
భావిస్తున్నారు,10
వ్యవహరించే,10
రోజర్,10
గోయిన్,10
గర్ల్,10
సంతోషిస్తున్నాము,10
ఆటలో,10
తలుపులు,10
చూడడానికి,10
డార్లింగ్,10
ఇంజిన్,10
నమ్మలేకపోతున్నాను,10
ఇవ్వడం,10
మాయా,10
ప్లస్,10
చూస్తున్నాయి,10
లెగ్,10
అభినందిస్తున్నాము,10
కృతజ్ఞతలు,10
దొంగ,10
ముయ్యి,10
రింగ్స్,10
ఫాస్ట్,10
సరదాగా,10
శాంతి,10
ఫెదర్,10
వ్యక్తులు,10
బలమైన,10
ఇక్కడికి,10
నటి,10
కీఫే,10
ఆగాగు,9
భద్రత,9
ఆకులు,9
పుల్,9
మొదటిసారి,9
అద్భుతం,9
మర్చిపో,9
ఎదురు,9
పులి,9
ప్యాక్,9
ప్రశాంతంగా,9
అరెరె,9
ఆకర్షించింది,9
అంత,9
ప్రాణాలు,9
రూత్,9
అందువలన,9
అలాగే,9
పార్క్,9
అవతరిస్తుంది,9
అవా,9
పాస్,9
వచ్చినప్పుడు,9
అరెస్టు,9
స్టేట్స్,9
ఎలివేటర్,9
మూసివేసి,9
ఎరుపు,9
ఉంచడానికి,9
ఇల్లు,9
వ,9
ఇయర్,9
బ్రౌన్,9
మీట్,9
ఆశ్చర్యం,9
లోతుగా,9
బట్,9
అడిగారు,9
హోల్లోవాయ్,9
యాల్,9
లియోనార్డ్,9
బర్న్,9
అనిపిస్తుంది,9
ఆన్లైన్,9
మాట్లాడారు,9
సైనిక,9
స్నేహం,9
లీ,9
అనుకుంటున్నారో,9
బాక్సింగ్,9
బాంబు,9
మేల్కొలపడానికి,9
అమ్మే,9
బూమ్,9
లేఖ,9
బక్స్,9
బహుమతి,9
ఇప్పటివరకు,9
మరణించారు,9
రోజులు,9
ఆయుధం,9
ఫ్రెండ్,9
బ్యాకప్,9
ఉన్నారా,9
బ్యాంకు,9
బోబో,9
బంచ్,9
పేర్లు,9
ఆలస్యం,9
పేలుడు,9
లాగడం,9
సూది,9
ఇతరులు,9
మార్చబడింది,9
వేదికపై,9
విలియం,9
దళాలు,9
కోల్పోయారు,9
తేనెటీగ,9
సంయుక్త,9
సాడ్,9
జనరల్,9
తెలివైన,9
వస్తువు,9
తెలియజేయవచ్చు,9
గ్రౌండ్,9
కా,9
జంతు,9
విరిగింది,9
వెస్ట్,9
చూద్దాం,9
చూపాలని,9
వుంటుంది,9
తీవ్రతతో,9
విల్,9
నో,9
చేసుకోగా,9
చెట్టు,9
దగ్గుకు,9
నిరూపించడానికి,9
తినడం,9
టికెట్,9
కీ,9
సమూహం,9
జేబు,9
వింటూ,9
జూదం,9
కూర్చొని,9
జీవితాలను,9
సరైన,9
కావాలని,9
సన్,9
రంధ్రం,9
జ్ఞాపకాలను,9
జ్యూస్,9
కొనసాగి,9
నిజం,9
కార్యక్రమం,9
కొనసాగే,9
కారణంగా,9
కొమ్ము,9
కొవ్వు,9
నియామకం,9
గజిబిజి,9
వెళ్లండి,9
వేళ్లు,9
పరీక్ష,9
తనకు,9
సంకేతాలు,9
చేయబోతున్నారో,9
తన్నాడు,9
పరిచయం,9
చేయాలనుకుంటున్నారా,9
చెల్లించిన,9
పడకండి,9
వేగాస్,9
డెల్ఫిన్,9
డ్రైవింగ్,9
తాజా,9
చెల్లింపు,9
తాను,9
పక్షులు,9
తాకే,9
విస్కీ,9
కుందేలు,8
స్లీప్,8
బర్త్డే,8
దివాలా,8
బలం,8
షెడ్యూల్,8
రుణాలు,8
బల్లి,8
దీనిని,8
విచ్ఛిన్నం,8
మి,8
భావిస్తాను,8
వీడలేదు,8
డోంట్,8
మార్పు,8
బయటికి,8
గైస్,8
అవివేకిని,8
అనుకూలంగా,8
మంజూరు,8
డై,8
దొంగిలించారు,8
స్థాయి,8
అధ్వాన్నంగా,8
మంచు,8
ఫ్లీట్,8
స్వంత,8
దేవా,8
జోక్,8
కొంచెం,8
ఫోర్బ్స్,8
విడుదల,8
అసాధారణ,8
టచ్,8
ఫోన్లో,8
కొట్టు,8
కోపం,8
గట్టి,8
కోబ్రాకమాండర్,8
తీసుకురండి,8
అబ్సొల్యూట్లీ,8
తుపాకులు,8
మాట్లాడుకుంటున్నారో,8
గాజు,8
మాట్లాడను,8
తీసుకోవాలి,8
భాగస్వామ్యం,8
గోడ,8
గతంలో,8
అభిమాని,8
వీడియో,8
బ్యాగ్,8
మర్చిపోయారు,8
మాట,8
డడ్లీ,8
సందర్సకులలో,8
గట్టిగా,8
గ్రామానికి,8
హంగేరియన్,8
రుచి,8
ఫీల్,8
ఆలయం,8
రేడియోలో,8
ఆకుపచ్చ,8
బాధితుడు,8
విదేశీ,8
హంక్,8
అర్థంలేని,8
టెలిఫోన్,8
తెలుస్తోంది,8
క్యాచ్,8
టెల్లర్,8
మాయలు,8
క్రీస్తు,8
స్ప్రింగ్బ్రేక్,8
బీన్,8
మామయ్య,8
తప్పుగా,8
బీర్,8
టైర్,8
తప్పుడు,8
క్లబ్,8
క్లాసిక్,8
లాగ,8
మీన్,8
కిల్రో,8
ను,8
కన్ను,8
ఎండ,8
పొందలేరు,8
నేర్చుకున్నాడు,8
నేరం,8
లోడ్,8
నేనుఈ,8
పొరుగు,8
పోయాయి,8
మైళ్ళ,8
నూతన,8
పోలీస్,8
కనుగొన్నారు,8
పౌండ్ల,8
సెలవు,8
జంప్,8
వస్తే,8
నీడ్,8
నిశ్శబ్ద,8
ప్రతిచోటా,8
సేకరించడానికి,8
సేవ,8
సాక్ష్యం,8
నిలబడి,8
మోకాలు,8
లోతైన,8
జాకబ్స్,8
ఎన్ని,8
పాప,8
పాటుపడాలి,8
అంతటా,8
సీసా,8
పిచ్చి,8
పరిహాసాస్పదం,8
సురక్షితమైన,8
పరిష్కారం,8
పరిశోధన,8
ఎయిర్,8
ఒక్క,8
చేతిలో,8
వలయాలు,8
చెయ్యి,8
అంబర్,8
పదము,8
యా,8
పట్టుకోడానికి,8
చేసాడు,8
లౌడ్,8
పెరుగుతాయి,8
పెరుగుదల,8
వర్తిస్తుంది,8
ఎక్కడైనా,8
నిర్వహించడానికి,8
నీస్,8
మూవ్,8
నాడీ,8
కారులో,8
కావాలి,8
చివరిసారి,8
జాగ్రత్త,8
ప్రయత్నిస్తాను,8
వెళ్ళిపో,8
వాయిస్,8
ఉంచడం,8
జిన్క్స్,8
లే,8
ఉండు,8
ముద్దు,8
మూలుగుల,8
కాయలు,8
కావానాహ్,8
నాటికి,8
ఈల,8
వాతావరణం,8
శాస్త్రం,8
మూడవ,8
ముక్కలు,8
జాన్,8
ప్రారంభించండి,8
మెడ,8
ప్రారంభించడానికి,8
ఉండేవి,8
ఉన్నత,8
యజమాని,7
ముసిముసి,7
వీడ్కోలు,7
చేసారు,7
చెప్పిన,7
చేసారో,7
చేరుకోవడానికి,7
మర్చిపోకుండా,7
గోవా,7
డాలర్లు,7
అనిపించవచ్చు,7
వీలైనంత,7
టీమ్,7
చేయలేరు,7
యూ,7
శిక్షణ,7
అంటాను,7
స్వింగ్,7
రావచ్చు,7
రూమ్,7
యోధుడు,7
మీరే,7
డొమినిక్,7
హోవర్,7
రాయ్,7
అదృష్టము,7
అందదు,7
మన్నించు,7
ముగుస్తుంది,7
డెల్టా,7
మరణించాడు,7
డెలివరీ,7
అర్థమైంది,7
అత్యవసరము,7
మర్చిపోవద్దు,7
రా,7
అంశాలను,7
వెలుపల,7
చదవండి,7
మాత్రలు,7
రింగింగ్,7
మానసిక,7
మెట్ల,7
జన్యు,7
జరగదు,7
శూన్య,7
చీర్స్,7
రిడిల్,7
మాతో,7
అనుమానం,7
రవాణా,7
రసం,7
వ్యవస్థ,7
మార్టి,7
హాట్,7
టూషార్ట్,7
టునైట్,7
టు,7
ముందుగానే,7
టేకాఫ్,7
హెడ్,7
శుభవార్త,7
హాలీవుడ్,7
గ్రహించడం,7
మిలియన్ల,7
చట్టపరమైన,7
అనుకోలేదు,7
అరిచారు,7
అక్రమ,7
గ్రిడ్,7
గ్రెగ్,7
డబుల్,7
మేకపిల్ల,7
వేగం,7
చూసినప్పుడు,7
హో,7
ట్రాక్,7
చేస్తున్నావు,7
అభిమాన,7
చూడాలనుకుంటే,7
మాట్లాడు,7
టామ్,7
వీచే,7
ఏజెంట్,7
అవసరమైన,7
కాళ్లు,7
ఈత,7
స్ట్రీట్,7
ప్రేమిస్తున్న,7
లైక్,7
లైఫ్ఈస్,7
నర్స్,7
కాల్పులు,7
ఇష్టమైన,7
వారికి,7
ఉండటానికి,7
నాయకులు,7
సర్వ్,7
లేదని,7
నిన్న,7
వాల్,7
సమ్మె,7
వాటిలో,7
సగటు,7
లు,7
దీని,7
స్థావరంలో,7
బయటపడాలని,7
దీనికి,7
బటన్,7
కొంతమంది,7
సమీపంలో,7
విక్టోరియా,7
ఫ్లోర్,7
డోప్,7
నచ్చిందా,7
వాసి,7
ఫుట్బాల్,7
ఉన్నంత,7
నివేదిక,7
కొరకు,7
పద్ధతి,7
సిట్,7
ఓల్డ్ఫీల్డ్,7
ఓ,7
పుష్కలంగా,7
పుష్,7
పదాలు,7
పురుషుడు,7
కంప్యూటర్,7
పరిమాణం,7
వణుకు,7
చెవులు,7
పశ్చిమ,7
సురక్షితం,7
పసుపు,7
సిగ్నల్,7
సారి,7
వహించడానికి,7
సెకన్లు,7
ఉపయోగించడానికి,7
కాంతి,7
నీలం,7
పోయిందో,7
నేటి,7
పోటీ,7
పొందేందుకు,7
ఎక్కిళ్ళు,7
పొందారు,7
నేల,7
ఎంటర్,7
నోర్మూసుకుని,7
పేర్కొన్నారు,7
న్యూయార్క్,7
దారిచూపే,7
కూల్చివేసి,7
ఏమనుకుంటున్నారో,7
భావించే,7
సంబంధాలు,7
గిటార్,7
గర్వంగా,7
బ్రోకర్,7
విశ్వసించే,7
తెలియజేయండి,7
క్లిక్స్,7
తెచ్చింది,7
తుఫాను,7
సంథింగ్,7
రోగ్,7
గదిలో,7
స్పేస్,7
ఆధునిక,7
ఏడవ,7
రోమ్,7
ఇంటిలో,7
బ్లాంచర్డ్,7
ఆయుధాలు,7
రోజుల్లో,7
విలువైన,7
ఆమోదించింది,7
తీవ్రంగా,7
గుడ్బై,7
గందరగోళం,7
ఆశించే,7
బీప్,7
గొణుగుతుంది,7
షాడో,7
కోల్పోతారు,7
బాధిస్తుంది,7
భీమా,7
క్రాస్,7
త్వరలో,7
ఆహా,7
తెస్తుంది,7
ఆసుపత్రికి,7
వ్యర్థమైంది,6
సూప్,6
వేశ్యల,6
రిసైటల్,6
విసరడం,6
స్పష్టమైన,6
స్వీట్,6
లోకలు,6
సున్నితమైన,6
వివరాలు,6
సామర్థ్యం,6
షార్లెట్,6
వివరించేందుకు,6
సామ్,6
రక్తం,6
షూ,6
సీ,6
రైకాల్,6
సాయం,6
వర్,6
రకాల,6
విషయాలను,6
వదిలించుకోవటం,6
స్వేచ్ఛ,6
స్మైల్,6
స్మైలీ,6
వంట,6
సంస్థలు,6
లేవనెత్తిన,6
సమావేశంలో,6
లాగా,6
హాగ్,6
లెఫ్టినెంట్,6
లాన్,6
సంభాషణ,6
వింటారా,6
స్నేహితురాలు,6
హింస,6
హాల్,6
సైనికుడు,6
రావడం,6
హాని,6
విధి,6
లెక్కలు,6
విద్యుత్,6
రాష్ట్ర,6
విదూషకుడు,6
సక్స్,6
వెయ్యి,6
లెస్బియన్,6
హుక్,6
విఫలం,6
వెళ్ళిపోయాడు,6
సాంకేతిక,6
స్నేహితులను,6
లేదో,6
సోదరి,6
రహస్యాలు,6
స్కౌట్,6
సంపాదించిన,6
సంప్రదించండి,6
వుండదు,6
లాంగ్,6
వ్యాపారం,6
లాంటి,6
రిమైండర్,6
వెదుక్కోవచ్చు,6
శబ్దము,6
శాతం,6
వాడే,6
అంగము,6
జానైస్,6
చేయు,6
చీకటి,6
చూడు,6
చెంప,6
చెడ్డ,6
చెప్పినప్పుడు,6
చెయ్యలేరని,6
చేయవద్దు,6
చేసావ్,6
చింతిస్తున్నాము,6
చేసుకోవాలని,6
చేస్తున్నారా,6
చేస్తే,6
చొక్కా,6
ఛార్జ్,6
జరగలేదు,6
జరిగిన,6
చిత్రవిచిత్రమైన,6
చార్లీ,6
నీల్,6
గే,6
గడిపాడు,6
గమనించవచ్చు,6
గమనిక,6
గాజులు,6
గురువు,6
గుర్తుంచుకోండి,6
గెలుచుకున్న,6
గేమ్స్,6
చాక్లెట్,6
చంపడం,6
చంపుతారు,6
చంపేందుకు,6
చక్రం,6
చమురు,6
చరుస్తారు,6
చర్చలు,6
జల,6
జాకెట్,6
జీరో,6
దావా,6
తెచ్చుకోండి,6
తెలియజేస్తాము,6
తెలియని,6
తొలగించడానికి,6
థింక్,6
దాచడానికి,6
దారి,6
ధైర్యం,6
జీవించి,6
నటన,6
నటిస్తారు,6
నమ్ముతారు,6
నాయకుడు,6
నియమాలు,6
నిర్ణయం,6
నిర్ణయించుకుంటారు,6
తీసుకున్నాడు,6
తీసుకుందాం,6
తీసుకు,6
తయారయ్యారు,6
జీవిత,6
జీవితాన్ని,6
టన్ను,6
టాయిలెట్,6
టైర్లు,6
టౌన్,6
ట్రంక్,6
ట్రస్ట్,6
ట్రిప్,6
డిగ్రీల,6
డేవ్,6
డోర్బెల్,6
డ్యూడ్,6
డ్రాయరు,6
తక్షణ,6
ఖచ్చితమైన,6
క్లోనింగ్,6
క్లిష్టమైన,6
ఆలోచనలు,6
అవుతారు,6
అసాధ్యం,6
అస్పష్టంగా,6
అస్పష్టమయిన,6
ఆడాడు,6
ఆత్మహత్య,6
ఆనందించే,6
ఇంజన్,6
ఉపగ్రహాలు,6
ఇంధన,6
ఇటలీ,6
ఇన్క్రెడిబుల్,6
ఇప్పుడే,6
ఉంచడంలో,6
ఉంచింది,6
ఉండాలనుకుంటున్నాను,6
అల్బేనియన్,6
అరె,6
అరుపులు,6
అరవటం,6
అంతరాయం,6
అంశం,6
అడిగాడు,6
అడుగుతూ,6
అతడ్ని,6
అదృశ్యం,6
అధికారిక,6
అధికారులు,6
అధ్యక్షుడి,6
అనుభవం,6
అనుమానాస్పద,6
అన్నీ,6
అబ్బా,6
అభివృద్ధి,6
అమాయక,6
ఉడికించాలి,6
ఉపయోగించవచ్చు,6
క్లయింట్,6
కూల్,6
కార్లు,6
కాల్స్,6
కింగ్,6
కిట్,6
కియా,6
కీర్తన,6
కుంటి,6
కైవసం,6
ఉపశీర్షికలు,6
కొట్టడం,6
కోక,6
కోరారు,6
కోరిక,6
కౌబాయ్,6
క్రమం,6
క్రింద,6
కారణాల,6
కాంబ్స్,6
కలహాలు,6
కలలుకంటున్న,6
ఊరామాసు,6
ఊహించు,6
ఎంతకాలం,6
ఎముక,6
ఎవరి,6
ఎస్కేప్,6
ఏడ్పులు,6
ఏమని,6
ఒడిస్సీ,6
ఒప్పుకోరు,6
ఔట్,6
కంటి,6
కంట్రోల్,6
కనుగొనడానికి,6
కరెన్,6
నిలిపివేయబడింది,6
హ్యారీ,6
మార్గాలు,6
బోధించాడు,6
బంతుల్లో,6
పిల్లులు,6
భవనాలు,6
మూత,6
మురికి,6
భయం,6
ప్రముఖ,6
ఫాన్సీ,6
మమ్మల్ని,6
పట్టవచ్చు,6
ప్రయత్నించాడు,6
ఫండ్,6
ప్రేక్షకుల,6
ప్రైవేట్,6
మిఠాయి,6
ప్రశ్నలకు,6
పట్టుకోవాలని,6
ప్రెట్టీ,6
పతనం,6
ప్రారంభించింది,6
మార్కస్,6
పళ్ళు,6
ప్రారంభమైంది,6
మాట్లాడుతుంది,6
పరిష్కరించబడింది,6
మాగీ,6
బ్రెండా,6
పదునైన,6
మాంసం,6
ప్రకారం,6
ఫ్లాష్,6
మనిషిని,6
బరువు,6
నేలపై,6
పొడవుగా,6
బాల్,6
పెద్దమనుషులు,6
పొందుతున్నాను,6
నొక్కి,6
బగ్గీ,6
నేరస్థులు,6
పొందింది,6
పోరాట,6
భాగాలు,6
భాగాన్ని,6
మెరుగైన,6
మెత్త,6
పౌలా,6
న్యాయవాదులు,6
పంపండి,6
బట్టలు,6
మెట్లు,6
మంగళవారం,6
పెరిగిపోతుంది,6
యూనిట్లు,6
భుజం,5
భూమిపై,5
కనుగొనండి,5
ఎలుక,5
బ్రెయిన్,5
ఎగువన,5
కనిపించే,5
బ్లైండ్,5
కత్తిరించిన,5
కడుపు,5
కట్టా,5
సాల్,5
ఏకైక,5
భారతదేశం,5
ఏనుగు,5
సిద్ధం,5
ఓల్డ్,5
బ్రదర్,5
ఓటమి,5
ఒలింపస్,5
భవిష్యత్తులో,5
సీక్రెట్,5
కలత,5
వస్తున్నాయో,5
బ్రతికి,5
కిడ్,5
సమీపించే,5
బేస్,5
లాండ్రీ,5
సమాధి,5
కుకీలను,5
కుక్కపిల్ల,5
కుటుంబ,5
సమస్యను,5
కుర్రాళ్ళు,5
బేర్అవసరాలు,5
కెప్టెన్,5
బైబిల్,5
కేక,5
కేసు,5
బైక్,5
కొనసాగుతాయి,5
కొమ్ములు,5
బెల్ట్,5
కోణం,5
సముద్ర,5
లవ్,5
కవరేజ్,5
బ్యాంకులు,5
కాంగ్రెస్,5
బ్యాలెట్,5
సాగిన,5
కాకుండా,5
కాడిలాక్,5
సహాయపడుతుంది,5
మంత్రి,5
బ్యాటరీ,5
సహజ,5
సహకరించదు,5
కార్యాలయంలో,5
బ్యాంగ్,5
సర్వీస్,5
కాలు,5
కాల్పుల,5
లంచ్,5
కావాలా,5
సరిహద్దు,5
కాసేపు,5
మంచిది,5
ఉపయోగిస్తున్నారు,5
సూర్యుడు,5
మార్పులు,5
అన్నికుడి,5
హాతి,5
మూసివేసే,5
మూసివేసింది,5
అబ్బాయి,5
మూలం,5
అభ్యర్థిస్తోంది,5
మూర్తి,5
అమ్మో,5
అరిష్ట,5
ముడి,5
అర్ధం,5
అలసిపోతుంది,5
అలాంటిదే,5
ముఖ్యం,5
స్వర్గం,5
స్వయంగా,5
ముక్కు,5
మీఆందోళనలతోపాటు,5
మార్విన్,5
అస్సలు,5
హాప్,5
హామీ,5
మెటల్,5
అడగవద్దు,5
అంగీకరిస్తున్నాను,5
అంతస్తు,5
అంబులెన్స్,5
హోల్డ్,5
యుద్ధ,5
అంశాలు,5
అకస్మాత్తుగా,5
అక్షరాలు,5
అడగవచ్చు,5
హెలికాప్టర్,5
అనుమతిస్తాయి,5
యామ్,5
మౌస్,5
మౌంట్,5
మైళ్లు,5
హిల్బిల్లీలను,5
హిమ్,5
మైక్రోఫోన్,5
అనారోగ్యంతో,5
అనుకొనుట,5
ఆకారమును,5
ఆధారమైనవి,5
సెంట్లు,5
ఆనందంగా,5
సోఫా,5
మనుగడ,5
ఉత్పత్తి,5
ఉద్దేశించబడింది,5
ఉనికిని,5
ఉన్నాడు,5
ఉన్ని,5
ఉపయోగించండి,5
మన,5
ఉపయోగించారు,5
ఉపయోగించి,5
సంవత్సరాలుగా,5
ఉపశమనం,5
సైట్,5
మధ్యాహ్నం,5
ఉపసంహరించుకునేలా,5
ఉరి,5
ఉరితీయువాడు,5
మచ్చ,5
సెక్యూరిటీ,5
ఊహించిన,5
ఉక్కు,5
స్టాండ్,5
స్టాన్,5
మసకబారుతుంది,5
స్పానిష్,5
ఆఫ్రికా,5
ఆఫ్లైన్,5
ఆర్చ్,5
ఆసుపత్రిలో,5
ఆహారపుఅలవాట్లు,5
మాక్స్వెల్,5
ఇటీవల,5
ఇద్దరు,5
మలుపు,5
ఉండగా,5
ఇమాజిన్,5
స్థలాన్ని,5
ఇవ్వమని,5
ఇష్టపడుతున్నారు,5
ఈలలు,5
మరణిస్తున్న,5
ఉంచాలి,5
రుణపడి,5
స్టిక్,5
బీర్లు,5
గమనికలు,5
లాజ్లో,5
వదులుగా,5
తరగతి,5
తలక్రిందులు,5
తలపై,5
తాగే,5
వివరిస్తుంది,5
తింటారు,5
తిరగడం,5
విల్లు,5
తీయడానికి,5
పదార్థం,5
తన్నడం,5
విరిగిన,5
తీసుకొచ్చే,5
తీసుకోండి,5
తీసుకోరు,5
తెరవండి,5
విభజించబడింది,5
పట్టీ,5
తెలియదా,5
పట్టించుకోనట్లు,5
తమను,5
తద్వారా,5
కౌంటీ,5
వీరిలో,5
వెచ్చని,5
వెగాస్,5
పీల్చుకున్న,5
ట్రబుల్,5
వుండాలి,5
పిల్లి,5
పిల్లవాడు,5
డాన్స్,5
డాలర్,5
డిక్,5
విషయాల,5
పిలుస్తారు,5
డెక్,5
డైపర్,5
డేవిడ్,5
పిలవాలి,5
విస్తృత,5
విసర్జన,5
పరిశీలించి,5
పరిపూర్ణ,5
తెలిసిపోయింది,5
విని,5
తెలుసుకోండి,5
నిద్రలోకి,5
నడుస్తుంది,5
వాష్,5
నమోదు,5
నమ్మండి,5
నమ్మరు,5
వశీకరణ,5
నష్టం,5
నాన్సెన్స్,5
నాలుక,5
నిబంధనలు,5
త్రోయు,5
వార,5
నిరాశ,5
నేతృత్వంలో,5
నిర్ధారించారని,5
నిర్మించడానికి,5
వస్తున్నాయి,5
నివసించారు,5
నివేదికలు,5
నిస్సహాయంగా,5
నడిచే,5
వాస్తవం,5
నక్షత్రాలు,5
నకలు,5
వరుస,5
థింగ్స్,5
దయ,5
దశ,5
పట్టణంలో,5
దాటి,5
దాడులకు,5
దానికి,5
విజయవంతమైన,5
పచ్చిక,5
వర్షం,5
దిగువ,5
దుమ్ము,5
దృశ్య,5
దెబ్బలను,5
దేనిని,5
దేశంలో,5
ధర,5
వలన,5
టోలింగ్,5
పురాతన,5
టైటాన్,5
చనిపోయినపుడు,5
గెలిచింది,5
గేట్టిన్,5
షార్ట్,5
ఫోటో,5
గోకడం,5
గ్రేడ్,5
చంద్రుడు,5
చంపాలని,5
శృంగార,5
శీర్షిక,5
చిరునామా,5
చప్పట్లు,5
లైసెన్స్,5
ప్రిన్స్,5
చా,5
శాండ్విచ్,5
ప్రాంతాల్లో,5
చికాగో,5
శక్తివంతమైన,5
ప్రాంతంలో,5
గూడు,5
గుసగుస,5
షేన్,5
గుర్రం,5
కౌన్సిలర్,5
సంవత్సర,5
బీట్,5
బిలీవ్,5
లారీ,5
క్రేజీ,5
బిలియన్,5
బాస్టర్డ్స్,5
సంప్రదాయ,5
బాత్రూమ్,5
ఖాతాదారులకు,5
బాడీ,5
గడియారం,5
బలాత్కారం,5
బలంగా,5
నీరు,5
గాఢంగా,5
గుర్తుచేస్తుంది,5
గుర్తులేకపోతే,5
వ్రాయండి,5
చివరికి,5
టై,5
పెన్,5
పెరుగుతుంది,5
జానీ,5
రంగంలో,5
జి,5
వెళ్ళాలి,5
జింక,5
జిప్,5
పెరిగిన,5
పెరిగారు,5
జూన్,5
చీ,5
జెఫెర్సన్,5
టచ,5
వెళ్తారో,5
వెళుతున్నారా,5
పెట్టుబడులు,5
టీ,5
టూ,5
టెలివిజన్,5
వెఱ్ఱి,5
పేజీ,5
పొగ,5
చేస్తోంది,5
పొదుపు,5
ప్రస్తుత,5
చుట్టుకొలత,5
ప్రసిద్ధ,5
చూద్దాము,5
చూసి,5
చెందిన,5
వేసి,5
వేసాయి,5
చెయ్యనివ్వండి,5
వేలం,5
ప్రమాదకరమైన,5
చెల్లించే,5
చెవి,5
చైర్మన్,5
లేనప్పుడు,5
ప్రజల,5
వేక్,5
వే,5
వైబ్రేటింగ్,5
రంగులోకి,5
