word,count
ہے,11396
میں,9991
کے,9513
آپ,5246
نہیں,5156
کی,4754
سے,4587
ایک,4512
ہیں,4326
کو,4101
اس,3872
نے,3645
یہ,3549
کیا,3510
تم,3237
اور,3052
وہ,2617
ہو,2567
ہم,2552
کر,2533
کہ,2467
لئے,2377
پر,2073
ہوں,2006
تھا,1982
کا,1925
مجھے,1854
بھی,1360
کرنے,1324
تو,1318
ٹھیک,1270
رہے,1245
گا,1183
کچھ,1174
کوئی,1157
رہا,1150
سب,1104
یہاں,1073
ساتھ,1044
ہاں,1023
اسے,986
گیا,983
ان,977
اب,945
لیکن,926
طرح,916
سکتے,907
صرف,874
میرے,767
اپنے,738
گے,737
بہت,734
سکتا,723
جی,704
زیادہ,704
بات,701
کسی,651
جاؤ,637
چلو,618
دیا,618
جا,587
بارے,581
کرنا,571
دو,568
باہر,559
تھے,554
کریں,539
ضرورت,538
میری,537
حاصل,536
تمہیں,532
طور,520
جانتے,519
کہا,517
وہاں,511
جو,510
ہی,506
چاہتے,500
جائے,488
ن,482
وقت,482
پھر,468
کرتے,464
اچھا,462
کام,457
اگر,449
یا,440
کرو,440
کیوں,436
تک,428
کبھی,426
چاہتا,421
کس,415
لے,412
انہوں,402
پہلے,389
لگتا,384
ہمارے,382
جب,382
مل,377
واپس,371
کرتا,366
کہاں,365
مجھ,358
ہر,351
ہمیں,340
نہ,337
لوگوں,334
طرف,331
تمام,328
اپنی,320
پاس,319
مدد,313
ایسا,305
آدمی,304
میرا,298
پتہ,296
کون,289
دیکھ,287
تھی,287
بعد,287
ارے,284
لوگ,276
دے,274
شکریہ,274
یقین,274
گھر,271
ي,268
بند,267
نام,263
لیا,262
والا,253
ماں,250
لیے,247
ش,245
کوشش,245
چھوڑ,244
آ,242
جانا,241
اوہ,241
ہوگا,239
تلاش,238
گی,235
جاتا,231
نیچے,230
ہوا,227
خیال,227
وجہ,226
رات,214
بس,214
جانے,211
دن,210
دیکھو,210
بار,209
صاحب,209
خدا,208
چاہئے,200
دور,200
رہی,199
جگہ,199
بالکل,197
مطلب,196
دیکھا,195
تمہارے,193
انتظار,192
تیار,192
ابھی,191
کیلئے,191
کرے,189
جانتا,189
جنگ,187
ہونا,184
دنیا,182
معلوم,181
استعمال,180
شاید,178
پاگل,177
والد,177
سر,176
گئے,176
ہمیشہ,176
رکو,174
واقعی,173
سال,171
کم,169
کیونکہ,169
آج,169
زندگی,168
ہونے,166
بغیر,166
دیں,164
ضروری,161
ہماری,160
یاد,159
پسند,159
رہو,157
خود,156
سمجھ,156
کہہ,155
پیچھے,152
کیسے,152
ختم,151
نہيں,148
مر,148
فون,148
چیز,147
ء,147
قسم,146
آئے,146
شروع,145
مت,144
اندر,143
اچھی,142
والے,142
کروں,141
منٹ,141
انہیں,141
یہی,141
ویسے,140
معاف,140
نمبر,139
سی,138
نظر,138
بہتر,138
تمہاری,137
منتقل,136
¹,136
خوش,136
براہ,135
مہربانی,134
مار,132
دوست,131
محبت,131
جس,131
دوسرے,131
مسئلہ,130
محفوظ,130
صحیح,130
تین,130
شہر,129
اہ,129
ہوئے,129
گئی,129
جیسے,126
کافی,124
آخر,124
بن,123
موجود,123
³,122
ملا,122
ہوتا,121
ڈاکٹر,121
کہیں,121
سوچا,121
قتل,120
پوشیدہ,119
آیا,118
وکٹر,118
بڑا,118
إ,117
لو,115
سچ,115
دی,114
جہاں,114
آئی,113
چلا,113
چاہیے,112
بچے,111
کہنا,111
ہاتھ,110
چلتے,110
تمہارا,108
چلے,107
شخص,107
حملہ,107
قابل,107
رہنے,106
ڈال,105
وعدہ,105
مختلف,105
اہم,105
نظام,104
ہيں,104
سا,104
دوبارہ,104
اپنا,103
جان,103
تھوڑا,102
بھائی,102
ذریعے,102
امریکہ,101
گولی,101
جائیں,100
کل,100
نا,100
¼­,99
انسان,99
پانچ,99
زمین,98
پروگرام,97
ہج,97
تبدیل,97
بتا,96
ملک,96
بتایا,96
محسوس,95
لڑکی,94
اعتماد,94
خوبصورت,93
جناب,93
راستہ,93
کہانی,93
دروازے,92
جلدی,92
بنجمن,91
پکڑ,91
جنگل,91
ہیرو,91
درمیان,91
ملے,91
ہیلو,91
پال,91
زندہ,90
آگے,90
کھانا,90
مکمل,90
آسان,90
غلط,90
برینڈن,90
آخری,90
گرد,90
لڑکے,89
رسائی,89
ہیک,89
آنے,88
چار,88
لینے,88
رکھنے,88
بنا,87
اتنا,87
غلطی,87
ٹومی,87
پہ,86
غیر,85
ہوئی,84
و,84
واضح,84
حقیقی,84
اے,83
امید,83
بے,83
بڑے,82
خاندان,82
دیکھنے,82
آرام,81
ہا,81
مزید,80
حق,80
پتا,80
ناورسکی,80
آو,80
آتا,80
پولیس,80
گاڑی,80
راستے,80
لیں,79
اپ,79
مسٹر,79
مقصد,79
بلیک,78
سانس,78
عورت,78
سرور,78
خون,77
پڑے,77
اوپر,77
جواب,77
افسوس,76
حفاظت,76
اجازت,76
لگا,76
سپر,75
دونوں,75
بیٹھ,75
پیدا,75
دیر,75
بیٹا,75
بڑی,75
قریب,74
چیزیں,74
کھو,74
چل,74
خلاف,74
ہ,73
خفیہ,73
رہنا,72
معلومات,72
جھوٹ,72
رہ,72
معذرت,72
لگ,72
طریقہ,71
سکتی,71
سن,71
اتارنا,70
دینے,70
رکھا,70
گر,70
پیسے,70
گندگی,70
یار,69
موت,69
سامنے,69
¾ب,69
باقی,68
ہیکنگ,68
سوال,68
دوسری,68
ارد,68
دادی,68
چاہتی,68
معافی,68
صاف,67
سوچ,67
پرواہ,67
تباہ,67
امریکی,67
جادو,67
کال,66
اصل,66
پڑا,66
داستان,66
از,66
رہتے,66
عظیم,66
سپرمین,66
کار,65
ابو,65
اچھے,65
ثابت,65
برا,65
سنا,64
مگر,64
چیزوں,64
گزشتہ,64
لہذا,64
خاص,64
اسی,64
فکر,63
توڑ,63
چاہیئے,63
امتحان,63
دل,63
دوسروں,62
ادا,62
درست,62
دیتا,62
تحفظ,62
منصوبہ,61
توجہ,61
فوری,61
کہتے,61
جیک,60
سیکورٹی,60
آتے,60
تعلق,60
ا,60
فوج,60
کھانے,60
حملے,59
مذاق,59
جلد,59
ہہ,59
چھوٹے,59
ہلاک,59
حکومت,59
بچوں,58
ڈیسمنڈ,58
ہوائی,58
شادی,58
چوری,58
لائن,58
نکل,58
گائے,58
پوری,57
بننا,57
مشکل,57
خوشی,57
کمرے,57
یہیں,57
ہمارا,56
چکا,56
والدین,56
سارجنٹ,56
بھیجا,56
سٹیفین,56
ہوشیار,56
دیکھیں,56
لات,56
پہلی,55
کمپیوٹر,55
لادن,55
حل,55
سو,55
لمحے,55
گھنٹے,55
إ¾ك,55
معمولی,54
پیغام,54
³­,54
رکھتے,54
بنانے,54
بادشاہ,54
ناممکن,54
سوالات,54
ى¸,54
تاکہ,53
ہتھیار,53
چھوٹا,53
رکھ,53
سمجھتے,53
روکنے,53
نیٹ,53
رکھیں,53
ورک,53
حصہ,53
سائبر,53
عجیب,52
دینا,52
مردوں,52
ح,52
گروپ,52
الوداع,52
بینک,52
بہترین,52
اقدام,52
زبان,52
چکے,52
دیوار,52
ہیکروں,52
اتنی,52
کھیل,51
دھوکہ,51
صبح,51
بندی,51
عمل,51
ہفتے,51
چھوٹی,51
بنایا,51
رکھو,51
لانے,51
کمپنی,51
چال,51
بھول,50
آمدید,50
روسی,50
وہی,50
تاریخ,50
ریکارڈ,50
شامل,50
ظاہر,50
مقابلے,50
پیش,49
دیکھنا,49
عام,49
طاقت,49
داخل,49
جہنم,49
اکیلے,49
انکار,49
ڈر,49
رکھتا,49
جہاز,49
فیصلہ,49
ذاتی,48
نئے,48
بچہ,48
حکم,48
کھڑے,48
سیکنڈ,48
پرواز,48
بیوی,48
فوجی,48
بیٹے,48
باپ,48
مردہ,48
ماہ,48
احمد,47
مین,47
ذرا,47
دوران,47
تعمیر,47
ٹیم,47
اگلے,47
چند,47
روک,47
جاؤں,47
موقع,47
ڈیٹا,46
جاو,46
ة,46
مٹی,46
لی,46
µإ,46
بتاو,46
دیکھتے,46
بھیج,45
پوچھا,45
احساس,45
نجی,45
ذمہ,45
خنجر,45
¼ِ,45
ڈنگ,45
امن,44
گواہ,44
کراکوژیہ,44
ملین,44
اگرچہ,44
پکڑو,44
سودا,44
دار,44
کیجئے,43
قبول,43
رابطہ,43
ویڈیو,43
چھ,43
مارا,43
خبر,43
سفر,43
قسمت,43
کب,43
نکال,42
پرسکون,42
جاری,42
ہدایات,42
اط,42
جاننا,42
سم,42
ؤجئ,42
چکی,42
اٹھو,42
مرکزی,42
پوچھ,42
بنیامین,42
تقریبا,41
پی,41
حقیقت,41
جاتے,41
سیم,41
نیویارک,41
ایسے,41
یقینی,41
پلیز,41
ایسی,41
آہ,41
مضبوط,41
کرتی,41
کارڈ,41
آگ,41
شمار,41
نقصان,40
حال,40
سامنا,40
کرنی,40
سنو,40
انٹرنیٹ,40
ممکن,40
قیادت,40
ایڈ,40
خدمت,40
سروس,40
دستخط,40
بچانے,39
بکری,39
فروخت,39
نوجوان,39
مطابق,39
رب,39
ملاقات,39
ہوتے,39
سارج,39
فٹ,39
تصویر,39
پیار,38
لطف,38
طریقے,38
ثبوت,38
پناہ,38
سفید,38
چھو,38
پانی,38
ضرور,38
امیلیہ,38
مافیا,38
راست,38
بیگ,38
رہیں,38
درخواست,38
دس,38
میل,38
لڑکیوں,38
دفعہ,38
کتنے,37
³ھ,37
کوبا,37
µ,37
اتنے,37
فراہم,37
سماجی,37
نیا,37
صورت,37
لعنت,37
لڑکوں,37
چلانے,36
نصف,36
محترم,36
½,36
ایس,36
بھر,36
رہتا,36
والی,36
وین,36
جیت,36
آزاد,36
دوں,36
پورے,36
گڈ,36
بلغارین,36
پکڑنے,36
قدم,36
لن,36
چیک,36
قوانین,36
مشین,36
بھئی,36
خواہ,36
میکس,36
ریاست,35
ریت,35
ناکام,35
ریٹا,35
جنس,35
رنگ,35
تیزی,35
نفرت,35
دہشت,35
این,35
آنا,35
قائم,35
طویل,35
انٹیلی,35
ہیگ,35
فرق,35
لفظ,35
بتاؤ,35
سییلی,35
کہو,34
برائن,34
بلایا,34
شناخت,34
خراپن,34
جراتمند,34
ٹی,34
ب²ء,34
لڑنے,34
مشہور,34
بم,34
ای,34
خ¸¶,34
شکار,34
فرینک,34
شام,33
پایا,33
تحت,33
بتانا,33
رے,33
تحقیقات,33
چھپا,33
آہنگی,33
جیل,33
بدل,33
کتنا,33
جسم,33
دیتے,33
ڈالر,33
چوٹ,33
پہلا,33
مستقبل,33
رقم,33
روز,33
سونے,33
خطرہ,33
اعداد,33
باکس,33
سخت,32
چرایا,32
کیپٹن,32
مرنے,32
ہمت,32
برانڈ,32
³¯,32
کئی,32
ہاتھوں,32
چپ,32
¾ئ¾¾,32
رکھنا,32
ہوگی,32
جیسا,32
اٹھا,32
ایم,32
کمزور,32
پوچھنا,32
بائیں,32
ہْ,32
تر,32
اندازہ,32
حضرات,31
ساتھی,31
مرد,31
آتی,31
ہوتی,31
بی,31
اختیار,31
دروازہ,31
آنکھوں,31
ملنے,31
کاروبار,31
مزہ,31
پھینک,31
ہٹو,31
فہرست,31
پرانے,31
جبکہ,31
تاکنا,31
تیز,30
ظ,30
غور,30
ڈوم,30
حیرت,30
عیسائی,30
الموت,30
مبارک,30
عدالت,30
جمع,30
سات,30
علاقے,30
کنٹرول,30
افراد,30
جانچ,30
چاہوں,30
کتیا,30
سڑک,30
واحد,30
دھکا,30
لڑائی,30
پرائیویٹ,30
ہٹاو,30
آدھی,30
"¹""½¼",30
ادویات,30
پاکستان,30
کاٹ,30
بنائیں,30
آواز,30
بلکہ,29
انجینئرنگ,29
سمجھتا,29
بتائیں,29
خانے,29
سوچتا,29
پہنچ,29
ؤ,29
لینا,29
کتنی,29
لیتا,29
جرمن,29
نئی,29
آنکھیں,29
نو,29
آپ,29
اڈے,29
زائد,29
اترو,29
ریڈار,29
اصلی,29
بندوق,29
ض,29
پریشان,29
توقع,29
نیو,29
ملتا,29
اسکول,29
فی,28
انداز,28
کارروائی,28
ماسک,28
دوستوں,28
سوچنے,28
خوف,28
فیڈرل,28
موسیقی,28
تسلیم,28
بہادر,28
ّ´ش,28
اوکے,28
اینجل,28
غائب,28
بیٹ,28
آسمان,28
بین,28
پڑتا,28
پورا,28
"ؤ""½أ¾ئ",28
لگی,28
آؤ,28
برداشت,28
ٹھہرو,28
ٹروجن,28
ھینی,28
دشمن,27
مقدس,27
اندوز,27
منگل,27
ہدف,27
سنوڈن,27
دائیں,27
بول,27
دیگر,27
سیل,27
تعریف,27
علاوہ,27
دفن,27
ملنا,27
جوتا,27
گھوڑے,27
اد,27
اعلان,27
بچا,27
خارج,27
ملازمین,27
کامیاب,27
سیاسی,27
تربیت,27
پھاٹک,26
فخر,26
سکا,26
یارک,26
آدمیوں,26
بیس,26
کالب,26
سکیں,26
نپولین,26
شہزادہ,26
کیٹ,26
µµ,26
آنکھ,26
ادھر,26
چچا,26
شہزادی,26
پنڈت,26
¾ئئ¼ؤ,26
لیتے,26
بچ,26
کانرائے,26
لگے,26
قانون,26
ؤع¸£؛خ½,26
قانونی,26
عالمی,26
پوزیشن,26
نکلنے,26
دماغ,26
تجھے,26
سوراخ,26
عراق,26
شدہ,26
تجربہ,26
سنجیدگی,26
انگریزی,26
ماضی,26
یو,26
ہیکر,26
¹ك,26
پھنس,26
واہ,26
معطل,26
چلنا,26
معاملہ,25
خاموش,25
دھماکہ,25
آغاز,25
راز,25
ملیں,25
اچانک,25
مارشل,25
کلاس,25
اْس,25
اعتراض,25
چالوں,25
گھڑی,25
جانتی,25
صدر,25
عمارت,25
سمجھا,25
بڑھ,25
بھاڑ,25
ساری,25
بتانے,25
ھیںچو,25
جوتے,25
سیاہ,25
چللا,25
منعقد,25
مقام,24
چیخ,24
چھپانے,24
پتھر,24
خ¸¶ہا,24
دباؤ,24
سان,24
عزیز,24
لڑ,24
سارہ,24
سورج,24
إ¶َ,24
انتہائی,24
ملی,24
پیروی,24
والوں,24
دنوں,24
جاتی,24
رائفل,24
لڑکا,24
تنہا,24
¾ئ,24
جنت,24
سرخ,24
سکے,24
پڑتال,24
ایجنٹ,24
خطرے,24
موسم,24
مارنے,24
منہ,24
منحصر,24
تجویز,24
کھولنے,24
الزام,23
مجرم,23
کپڑے,23
بری,23
طاس,23
یقینا,23
کرنل,23
راہ,23
استاد,23
سرورز,23
توہین,23
تیرے,23
القاعدہ,23
برائے,23
گروہ,23
کرم,23
ھ,23
جاننے,23
فیسٹیول,23
اگلی,23
ریمسی,23
بیمار,23
ہٹ,23
پارٹی,23
مواد,23
ہوگیا,23
وہیں,23
ساتھیوں,23
سادہ,23
بائبل,23
خواہش,23
بال,23
حوالے,23
ہوٹل,23
سارے,23
ٹاور,23
اندردخش,23
ترک,22
بوجھ,22
بیٹی,22
بیٹھے,22
خوفناک,22
سماعت,22
بیکار,22
سوار,22
مالک,22
بروس,22
واشنگٹن,22
دیتی,22
سپاہی,22
سیکھا,22
توڑنے,22
راؤنڈ,22
سٹار,22
تحفہ,22
سوچتے,22
محترمہ,22
ار,22
مشن,22
ہائڈرا,22
ٹکڑا,22
گدا,22
اختتام,22
ٹیپ,22
فارم,22
کہنے,22
منسلک,22
حد,22
روکو,22
حرکت,22
جاگ,22
ٹرک,22
کتے,22
گرم,22
رو,22
ایڈریس,22
رہتی,22
ٹام,22
مصیبت,22
کیسا,22
انسانیت,22
لائے,22
سزا,22
قبل,22
گرفتار,22
حیران,22
ہتھیاروں,22
باس,22
خواب,22
خدایا,22
ڈرائیو,21
لین,21
کھا,21
ادءِ¸¸,21
چلتا,21
دودھ,21
پینا,21
پرنس,21
یہودی,21
بھروسہ,21
کان,21
حالات,21
یونیورسٹی,21
سست,21
لگایا,21
اسکینڈل,21
پورش,21
خیر,21
پڑھ,21
کورس,21
ہض´آ,21
خطرناک,21
بیچلر,21
نہاد,21
بدلے,21
رپورٹ,21
ہع,21
لنڈبرگ,21
دعا,21
شا,21
شمٹ,21
تشدد,20
مثال,20
برقرار,20
کلارک,20
دوائیاں,20
ہیرا,20
منزل,20
کاش,20
آرٹ,20
مس,20
کھول,20
پچھلے,20
کامل,20
ناظم,20
بیوکوف,20
زہر,20
آزادی,20
نشانہ,20
گپتا,20
روشنی,20
وردی,20
شکست,20
وجود,20
پیسہ,20
خیز,20
پیٹھ,20
راجکمار,20
راجرز,20
ادائیگی,20
شک,20
تکلیف,20
احکامات,20
روڈ,20
سبز,20
مقرر,20
لباس,20
ام,20
مچھلی,20
¼ّ,20
ڈی,20
کیپ,20
دستاویز,20
ذیل,20
جانب,20
اضافہ,20
مہودیا,19
کاپی,19
فتح,19
فرانسسکو,19
زبردست,19
رحم,19
فارسی,19
مدت,19
نتائج,19
سیٹ,19
طاقتور,19
رکن,19
سمجھے,19
لیکس,19
عمر,19
لوڈ,19
مقابلہ,19
کپتان,19
علم,19
مایا,19
کہتا,19
شرط,19
سالوں,19
قابلِ,19
کامیابی,19
بجے,19
جوڑے,19
اگلا,19
"¸""ہ",19
تا,19
دفاع,19
برلن,19
اعلی,19
ایجنسی,19
ایرن,19
تیج,19
ایمان,19
½خ,19
تھوڑی,19
تنگ,19
ڈبے,19
بالوں,19
ہیلی,19
ہیل,19
خراب,19
ءءہ,19
آٹھ,19
خوفزدہ,19
آفس,19
آرہا,19
چلنے,19
تابوت,19
µة,19
افغانستان,19
چھوڑنے,19
اِس,19
امکانات,19
³ح,19
³خ,19
الفاظ,19
الٹا,19
پاسپورٹ,19
دوسرا,19
ٹامی,19
µ¹¾ئ,19
بھیجنے,19
بیٹھو,19
تقسیم,18
رک,18
جتنا,18
برباد,18
طوفان,18
ڈوروتی,18
آمد,18
مندرجہ,18
طریقوں,18
پل,18
خالی,18
کاغذ,18
انسانی,18
نرم,18
پوچھو,18
باتیں,18
احترام,18
جاز,18
نقطہ,18
ى½,18
ریڈیو,18
فارس,18
جاسوس,18
اعمال,18
ٹرین,18
ڈالا,18
ڈھونڈ,18
اسلحہ,18
کشتی,18
عوامی,18
سلامتی,18
اغواء,18
امیر,18
ٹاپ,18
رقص,18
مم,18
پریمی,18
"³""ہد",18
گدی,18
شرم,18
چرچ,18
تاخیر,18
ذہن,18
بننے,18
بھائیوں,18
مستحکم,18
دکھا,18
بھال,18
دلچسپ,18
ورنہ,18
سیاست,18
یسوع,18
دھماکے,18
بھگوان,18
دھڑوں,18
بعض,18
کاپٹر,18
ناکامی,18
بلا,18
پرندوں,18
کونسل,18
¹¹,17
ہمم,17
ہٹا,17
پہنچنے,17
فاتح,17
کمینے,17
مختصر,17
کروگے,17
گولیاں,17
جیتنے,17
قیام,17
مرکز,17
سگنل,17
گناہ,17
گیارہ,17
اوقات,17
کارپورل,17
پار,17
ڈرامہ,17
قبضہ,17
وائٹ,17
بیک,17
قوم,17
زلزلے,17
ویب,17
فرشتہ,17
زخمی,17
چیت,17
نقل,17
ٹوبیس,17
انھیں,17
ئ,17
کردیا,17
إ¸,17
چاہے,17
¾ث,17
اشارہ,17
پیچھا,17
ٹکٹ,17
جلا,17
ڈیوس,17
ء¤¸,17
کور,17
چھت,17
ڈرائیور,17
تباہی,17
ہ§اط,17
لیپ,17
¾ئ´د,17
سنگین,17
شناختی,17
درد,17
مفت,17
لنڈا,17
وضاحت,17
حملوں,17
ترین,17
پاپ,16
ٹکڑے,16
اولمپس,16
سننے,16
پندرہ,16
ہفتوں,16
منصفانہ,16
نجات,16
کولہوں,16
ظ½أ,16
بھاگ,16
ایف,16
جانور,16
شمولیت,16
موبائل,16
کمیونٹی,16
تھیں,16
سپارٹا,16
شٹ,16
تیسری,16
علیہ,16
ٹوٹ,16
اینریکے,16
تبدیلی,16
جام,16
ہج·±,16
تمہيں,16
سوچو,16
فرش,16
سمٹی,16
نل,16
شاٹ,16
شکل,16
اٹھانے,16
بنیادی,16
برڈ,16
خرید,16
چابیاں,16
ریڈ,16
ویزہ,16
اشتراک,16
اسلئے,16
استحصال,16
پیزا,16
احاطہ,16
نگرانی,16
روٹی,16
وسط,16
قیمت,16
ءِ,16
ورڈ,16
¾ئئ¼,16
درخت,16
ذکر,16
دیکھتا,16
دیو,16
گاؤں,16
مشرقی,16
جھٹکا,16
بیان,16
قیدیوں,16
پہاڑ,16
ُ·خ,16
افسر,16
انصاف,16
الاقوامی,16
انتخاب,16
پھیری,16
چاہو,15
کھڑا,15
ٹیلی,15
سوشل,15
شیطان,15
ٹیسٹ,15
مہینے,15
تعداد,15
مارو,15
متحدہ,15
پزا,15
رفتار,15
ڈالو,15
خواتین,15
کہوں,15
سنڈریلا,15
خط,15
آپکے,15
چھوڑا,15
میدان,15
کتاب,15
سوچنا,15
جنرل,15
سیرم,15
بھوک,15
فوجیوں,15
چونکہ,15
پاور,15
³ت,15
دکھانا,15
جرم,15
مسز,15
مسئلے,15
میڈم,15
دوش,15
سکرپٹ,15
گارسیو,15
مرکوز,15
یورپی,15
محل,15
¾ئ³ؤ,15
کھولو,15
مجازی,15
کیلی,15
پیچیدہ,15
سنیں,15
پیدائش,15
فائدہ,15
لایا,15
ویئر,15
عورتوں,15
کیسی,15
وی,15
ٹورنامنٹ,15
گولیوں,15
لمبی,15
لاگ,15
ایرر,15
جے,15
ہخ,15
مورھ,15
حالت,15
عءِ,15
سمجھنے,15
لکڑی,15
اتفاق,15
مقدمے,15
تلوار,15
½أ,14
فیصد,14
±وہ,14
ہیگن,14
بولتے,14
¹ج¼ذ,14
کرکے,14
ملکی,14
کاٹنا,14
بنیاد,14
مشورہ,14
یعنی,14
مرضی,14
قطار,14
ڈینش,14
ملوث,14
کمی,14
چہرے,14
اکاؤنٹس,14
پاھنڈی,14
لاش,14
ایرک,14
ہرنی,14
بگ,14
میکسیکو,14
او,14
ہزار,14
لاؤنج,14
لاتا,14
لاس,14
بت,14
¾ئ¹ِءِ,14
شپنگ,14
لڑاکا,14
ہارڈ,14
آسکر,14
صورتحال,14
احتیاط,14
پولس,14
لڑے,14
ضروریات,14
آپکو,14
چھپاتا,14
آپکی,14
لکھا,14
انتظام,14
کررہے,14
ؤ‎إ¸½,14
چاکلیٹ,14
معاہدے,14
کرمنل,14
ہیری,14
پرچم,14
قابو,14
ہائی,14
ہائے,14
السلام,14
شہری,14
اسرائیل,14
منشیات,14
فیڈریشن,14
کوپن,14
اینجلس,14
کمال,14
لندن,14
کن,14
انگیز,14
دھیان,14
دارالحکومت,14
چیف,14
دلچسپی,14
جوڑتوڑ,14
دفتر,14
ذرائع,14
سارا,14
نانی,14
نمائندہ,14
سٹارک,14
واپسی,14
تجھ,14
حافظ,14
ٹینک,14
داری,14
گھنٹوں,14
تفتیش,14
سوائے,14
گزارے,14
کیل,14
خاتمہ,14
ٹریک,14
روس,14
گڑبڑ,14
نکلو,14
سعودی,14
سلام,14
بیکر,14
تھامس,14
بیرونی,14
جنگی,14
ناقابل,14
سائٹ,14
وال,14
گمنام,14
ڈور,14
دوپہر,14
سیارے,13
دھڑے,13
¾ك,13
سنجیدہ,13
ـ,13
مارکس,13
آر,13
بخیر,13
فائلوں,13
ٹھنڈا,13
آئیں,13
بزدل,13
مالکن,13
فراج,13
تفصیلات,13
بھولنا,13
پیروں,13
سرما,13
اسامہ,13
چلیں,13
حصے,13
نتیجہ,13
اکثر,13
فرانس,13
احمق,13
دورہ,13
سرنگ,13
مارنا,13
إءز,13
لگانے,13
سلطنت,13
ات,13
روکا,13
وشال,13
اتحاد,13
أ,13
وسیع,13
ایکٹ,13
ب,13
عذاب,13
پوسٹ,13
خصوصی,13
قربان,13
سطح,13
جنہوں,13
خوابوں,13
کردو,13
بھوکا,13
مکئی,13
باڑ,13
نشان,13
دھوکا,13
مہمان,13
متاثر,13
ہسپتال,13
فرض,13
جیتا,13
گیند,13
محدود,13
شہد,13
ڈاؤن,13
ٹھیکیدار,13
ڈرون,13
دعوی,13
جرمنی,13
شو,13
ہك,13
بلند,13
دونگا,13
زخم,13
بڑھو,13
جم,13
ِµه,13
گارڈز,13
ممالک,13
مصروف,13
بڑھنے,13
جاپان,13
پکڑے,13
اْسے,13
منصوبے,13
جاسوسی,13
بغاوت,13
خدمات,13
چین,13
سینٹر,13
الحال,13
پڑھنے,13
کیس,12
اسٹیشن,12
کاربن,12
مواقع,12
ریز,12
قید,12
ہع¸,12
جنگجوؤں,12
الفریڈ,12
ٹورس,12
جوزفین,12
ڈائریکٹر,12
نکالنے,12
وطن,12
جن,12
کہتی,12
ازراہِ,12
نکالو,12
پوچھیں,12
اقدامات,12
الفا,12
پیاری,12
پیٹ,12
ج´د´ظ,12
ہفتہ,12
پہن,12
ٌ·¹½,12
لوں,12
سرد,12
لارنس,12
ہض¼ز,12
جنوب,12
جرائم,12
غصہ,12
منظور,12
اجزاء,12
حقوق,12
غریب,12
انتباہ,12
سرکاری,12
اد´آ,12
ٹائٹن,12
اْن,12
اندھیرے,12
لائبریری,12
انتخابات,12
آن,12
سمتبر,12
شمال,12
چڑھ,12
دفاتر,12
تب,12
دشمنوں,12
یادگار,12
مطلوب,12
محروم,12
¼ز¸,12
دروازوں,12
کوڈ,12
چھوڑیں,12
تصدیق,12
گردن,12
صفر,12
صلاحیت,12
معاملات,12
دائرے,12
مطالعہ,12
میزبان,12
ءظ,12
"¸""ہج",12
ڈرتا,12
سینیٹر,12
وارن,12
دین,12
سیکیورٹی,12
واقف,12
بیرون,12
میڈیا,12
کانوں,12
مستحق,12
گارڈ,12
شدت,12
شراب,12
·خ,12
پاؤں,12
بیچ,12
سڑکوں,12
تفریح,12
اللہ,12
ءّء¤اط,12
آباد,12
مارفین,12
آفیسر,12
مانند,12
مارننگ,12
پوائنٹس,12
وزٹرز,12
خریدنے,12
مارچ,12
روم,12
بحال,12
آرمن,12
موشے,12
کیمرے,12
رسی,12
لگتے,12
خرچ,12
معاملے,12
تفصیل,12
ہان,12
ہجوم,12
کرایا,12
چاقو,12
ٌؤر,11
چلی,11
آسٹریا,11
مرنا,11
نوجوانوں,11
آلہ,11
اقتدار,11
±و,11
مشرق,11
اثر,11
لینڈ,11
مسکراہٹ,11
لینو,11
دکھاؤ,11
کانگ,11
وغیرہ,11
مشق,11
آہیں,11
³ت¹,11
یتیم,11
وقوف,11
ماسٹر,11
لفظی,11
آؤٹ,11
گزر,11
ءء¾ئ,11
ورلڈ,11
ڈریگن,11
نیند,11
¾ث¾ئ,11
ملاحظہ,11
حدود,11
گدھے,11
حتمی,11
رابطے,11
چھری,11
گلین,11
پہنچے,11
ملتی,11
لاو,11
محض,11
دستک,11
مختار,11
وزن,11
مخلوط,11
گردی,11
اعتبار,11
نکالا,11
ون,11
ریٹائر,11
مجرمانہ,11
بہن,11
کئے,11
سوا,11
سٹاپ,11
بنو,11
ڈیزائن,11
صفائی,11
منظم,11
تازہ,11
صندوق,11
سراغ,11
پرجوش,11
شکاری,11
سبق,11
چھوڑو,11
فرنٹ,11
منسوخ,11
پٹھوں,11
جج,11
اوہو,11
سالگرہ,11
سرحدوں,11
پچھواڑے,11
برعکس,11
تعاون,11
عوام,11
تشخیص,11
ایلن,11
عمار,11
مواصلات,11
پچ,11
غسل,11
غلام,11
تیس,11
سواری,11
ٹوپی,11
بلکل,11
ہدہج,11
بظاہر,11
چیلنج,11
موجودگی,11
ٹیکسی,11
شکر,11
کمانڈر,11
سامان,11
پھلیاں,11
کود,11
کارٹر,11
پلیٹ,11
سننا,11
ہلکا,11
انجام,11
سمندر,11
سائز,11
جنوبی,11
بکواس,11
شاندار,11
بدتر,11
طبی,11
طالب,11
سائرل,11
بازی,11
چیر,11
کائنات,11
باخبر,11
ٹانگ,11
بولا,11
ظ¸¥,11
میموری,11
بیج,11
نامعلوم,11
باری,11
پسندیدہ,11
تقریباً,11
معاشرے,10
مارے,10
رالف,10
راضی,10
پن,10
چالیس,10
معصوم,10
کثرت,10
ہاول,10
چکر,10
ورزی,10
صحرا,10
کینٹ,10
بستر,10
پرے,10
مایوسی,10
معبد,10
نیلا,10
ماہر,10
ء‎,10
ہالی,10
پس,10
پریشانی,10
ٹیکنالوجی,10
دت,10
دیے,10
شخصیت,10
دیکھے,10
مینوئل,10
میٹ,10
µا,10
کھلے,10
مسائل,10
یونٹ,10
بیٹھتا,10
بینی,10
بھاری,10
شائع,10
گیلا,10
دکھانے,10
بھرتی,10
وار,10
بیت,10
نااہل,10
یہودیوں,10
ڈیم,10
بھیڑیا,10
یورپ,10
"¸""¾ك",10
مجبور,10
دلاتی,10
درجہ,10
کوڑا,10
ڈرائیونگ,10
¾ئ³,10
شہزادے,10
ترجیح,10
کھولیں,10
بجائے,10
دستیاب,10
کاٹو,10
ہاؤس,10
تاہم,10
تالا,10
¸ق,10
ة·خ,10
میزائل,10
مرتا,10
مرتبہ,10
مرتے,10
¸¶ءِ¸,10
پرتگالی,10
سنتے,10
الگ,10
ضمانت,10
پیلے,10
کارکردگی,10
فائر,10
حکومتی,10
پنجرے,10
ہوجائے,10
لا,10
کاروں,10
ڈکسن,10
ٹائم,10
گولسن,10
ووٹ,10
رکھی,10
نوکری,10
ڈوب,10
اتوار,10
تہمینہ,10
منتخب,10
ہل,10
ریکارڈنگ,10
اہداف,10
عملے,10
پہنچائی,10
کیجیے,10
کلپ,10
اعزاز,10
سازش,10
گلرمو,10
مند,10
ریلی,10
لاشیں,10
گواہی,10
لمحہ,10
فراہمی,10
انھوں,10
ٹرمینل,10
منظر,10
حوصلہ,10
اکیلا,10
مناسب,10
ملازم,10
اتر,10
خانہ,10
قومی,10
سابق,10
ایکو,10
عزت,10
ٌ³¯¸,10
نمک,10
امیگریشن,10
ڈسک,10
آپریشن,10
روزہ,10
آوازیں,10
چینل,10
کاغذات,10
زیرو,10
نشے,10
امکان,10
خوب,10
آف,10
رضاکارانہ,10
ظلم,10
قدموں,10
ایمانداری,10
آکاشگنگا,10
چارہ,10
آگاہ,10
کارکنوں,10
خداؤں,10
ئماندار,10
تھرمین,10
علامت,10
ي¸¶,10
إ´ظ,10
گچھ,10
توانائی,10
رونا,10
پہنچا,10
انشورنس,10
علاج,10
قواعد,10
ایڈورڈ,10
ہجء,10
ى,9
مصنوعات,9
ڈان,9
نافرمانی,9
منت,9
نامزد,9
میٹر,9
مکھی,9
پرانا,9
نیواڈا,9
نسل,9
پوائنٹ,9
معمول,9
مہارت,9
ڈیاز,9
ٹوکری,9
موضوع,9
نیلی,9
مفید,9
ڈیپارٹمنٹ,9
نگل,9
ناں,9
پینے,9
پڑ,9
نفسیاتی,9
ڈینیل,9
پریس,9
واک,9
ڈونا,9
چلائی,9
ملاتے,9
نکلتے,9
وکیل,9
چلائیں,9
چڑھنے,9
پیر,9
پیشہ,9
چوٹی,9
حسنسن,9
بدقسمتی,9
سکوں,9
فرینڈ,9
باوجود,9
بجلی,9
بحث,9
ہانگ,9
جنگلی,9
جنیوا,9
بلی,9
ہابس,9
عیسیٰ,9
عیسی,9
بناتے,9
بنگو,9
ہج·¸,9
فعال,9
انسانوں,9
اٹھایا,9
انٹرویو,9
حکام,9
حضرت,9
گزرتے,9
سنہری,9
ہضہ,9
فیلڈ,9
ہج¸,9
سنی,9
جین,9
گلی,9
جھوٹے,9
سٹیو,9
جوان,9
کھلاڑی,9
گوئی,9
سینکڑوں,9
گْھٹنے,9
کورٹ,9
تیاری,9
صد,9
صحت,9
گھوم,9
ترقی,9
تعاقب,9
کھلا,9
شہروں,9
تعجب,9
شرح,9
شور,9
گھسیٹ,9
شمالی,9
گھٹنوں,9
کھاتے,9
گھٹنے,9
گہرا,9
ع´ظ,9
گہرائیوں,9
تیری,9
سیکھنے,9
گول,9
بھیڑ,9
جارہے,9
بھاگو,9
ردعمل,9
بچی,9
گوشت,9
بچت,9
کنارے,9
کزن,9
تمارا,9
دادا,9
ہیکرز,9
دوڑ,9
خلل,9
خودکشی,9
خوراک,9
ہوش,9
سرحد,9
سربراہ,9
دائرہ,9
کردی,9
مؤثر,9
اندھا,9
¾تہ,9
اسرائیلی,9
مئی,9
ساس,9
گرا,9
دراصل,9
ء·ہ,9
زد,9
مارکیٹ,9
دلوں,9
مالی,9
زلزلہ,9
زور,9
استقبال,9
ارکان,9
ہنسی,9
مسلح,9
رکاوٹ,9
خارجہ,9
خاتون,9
روکنا,9
کیک,9
دیکھی,9
اقوام,9
انجن,9
اضافی,9
مسیح,9
ہلا,9
اندرونی,9
اسکی,9
خرابی,9
مروان,9
لمحوں,9
دکان,8
وائی,8
توپ,8
ٹو,8
وارنٹ,8
دکھ,8
دکھائیں,8
دکھایا,8
تکی,8
دیواروں,8
کیے,8
دھڑک,8
چینی,8
دیئے,8
تھکا,8
ڈرامائی,8
وڈمبنا,8
جائزوں,8
جواز,8
حہ,8
حوالات,8
حہخ,8
گزارا,8
تنخواہ,8
خ¸¶¸,8
حاملہ,8
وقتوں,8
گلیوں,8
جوہانا,8
جولائی,8
جوش,8
خریدا,8
دوائی,8
گرل,8
جنہیں,8
خیالات,8
گمراہ,8
ڈائن,8
گنا,8
گردوں,8
ٹا,8
گنبد,8
جرات,8
دراڑ,8
دعوت,8
وڈ,8
بڑھتی,8
تلاشی,8
پیشکش,8
ہوگئی,8
إ¸ہجإح½,8
ابلاغ,8
ہولڈ,8
ہول,8
پیٹر,8
پیٹا,8
اخبار,8
پیشگی,8
ادھار,8
چارج,8
اسٹیڈیم,8
اسکندریہ,8
پیارا,8
پہنچنا,8
اطاعت,8
اطلاعات,8
اعلیٰ,8
افزائی,8
ہلنا,8
أوريستيس,8
ہوگئے,8
ٹھہرایا,8
¸ًµخ¸,8
£ہج,8
³²ہع,8
³ھہا,8
چور,8
´آ,8
µخ,8
µر,8
¶َإن,8
¸ًµخ,8
¸ًء¶¸,8
أ¨اا¾ً,8
¹¹¶َ,8
¹ف,8
چاہیں,8
ءّآ¥,8
ءْ,8
آئیے,8
چکنائی,8
ہٹلر,8
چالو,8
انعام,8
پھٹے,8
چھوڑنا,8
بھیجیں,8
ھے,8
بوری,8
ھیںچتی,8
بولنا,8
بوٹ,8
بچائی,8
بچایا,8
بچنے,8
بھیجنا,8
گہری,8
پھانسی,8
پارکنگ,8
پارک,8
بیپر,8
تجزیہ,8
تحقیق,8
ٹیکس,8
تخیل,8
تصاویر,8
چیمپئن,8
پروٹوکول,8
پروگرامنگ,8
بلاو,8
چھٹی,8
ہغ,8
ہعہ¯¸,8
اِن,8
پڑھا,8
ہض,8
اڑ,8
اڑانے,8
ہزاروں,8
ایل,8
پٹی,8
پٹریوں,8
ایمرجنسی,8
اینڈ,8
اینڈی,8
بؤ,8
بادشاہی,8
بارہ,8
بازو,8
بانیوں,8
رائے,8
زیر,8
مورد,8
مندانہ,8
مہم,8
سوری,8
سنہرے,8
سننی,8
سنسنی,8
کلوننگ,8
سنتا,8
لیگزنگٹن,8
نصب,8
عادت,8
ناک,8
عارضی,8
عبادت,8
عبداللہ,8
فری,8
معجزہ,8
سسٹم,8
کہاوت,8
سردی,8
کمشنر,8
مہمانوں,8
کارٹون,8
سافٹ,8
میز,8
قسمتی,8
شخصیات,8
ملرائے,8
میم,8
میںسائن,8
لفٹ,8
کھلانا,8
ملازمت,8
لنڈسے,8
قدرتی,8
کونے,8
قاتل,8
سیر,8
عیسائیوں,8
کرسی,8
کٹ,8
مقدمہ,8
سکھایا,8
سچائی,8
سٹیٹ,8
ماند,8
ملکہ,8
فالو,8
مثالکے,8
مراد,8
رکیں,8
رکھے,8
رکھوں,8
رکھتی,8
مذاکرات,8
کیمروں,8
کمینوں,8
ف,8
علاقہ,8
کہے,8
عورتیں,8
غلاموں,8
عمارتوں,8
کانٹا,8
مبنی,8
مایوس,8
مشکوک,8
سازی,8
سائے,8
مسخروں,8
نمٹنے,8
موصول,8
مردار,8
کاموں,8
متوازی,8
ہغہ,7
قدردانی,7
برینئیر,7
کلام,7
اوباما,7
مماثلت,7
انڈے,7
ہض´ظ,7
انٹری,7
ہائر,7
برے,7
ہار,7
فائی,7
اٹھ,7
کسے,7
ہارے,7
قبر,7
قدر,7
پریزنٹیشن,7
بناتا,7
ہالینڈ,7
فیلو,7
فشنگ,7
فلسطینی,7
فارما,7
پونڈ,7
پلس,7
فارمیسی,7
لاؤ,7
فریڈرک,7
ب¯,7
باغ,7
باندھنے,7
فرینکفرٹ,7
باگو,7
بتائے,7
بج,7
فلیپ,7
کارن,7
اڑا,7
پچاس,7
کلب,7
اکاؤنٹ,7
بحران,7
برابر,7
فوٹوشاپ,7
ہدہ,7
برآں,7
فنسانا,7
فورسز,7
چھوڑوں,7
بدی,7
بدلہ,7
کمیشن,7
کلے,7
فطری,7
اسپیکر,7
لائنوں,7
مالیاتی,7
¾َ¸¶³ھ,7
مثبت,7
ہںس,7
ہڑپ,7
آبشار,7
آدھا,7
کراہنا,7
آْ¾ئ,7
مارکو,7
لائیو,7
أمونيوس,7
مارک,7
مادے,7
ؤ£±¸,7
پے,7
پیکٹ,7
کردار,7
مائیک,7
ہیلمیٹ,7
محرکات,7
¾ت¾ئ,7
¾ئءض,7
"³ھ""غ",7
µ¥·ء,7
چمتکار,7
مزاحمت,7
مزاج,7
¶§¹,7
مرکب,7
ین,7
یمین,7
یما,7
¸´آ,7
مرض,7
چلایا,7
یرغمالیوں,7
کانگریس,7
ہیکل,7
محقق,7
إءِ,7
ابتدا,7
پیپلز,7
کاری,7
لگائی,7
پیراگراف,7
پیدل,7
لکھ,7
مقررین,7
کرشمائی,7
اصول,7
لڑو,7
لڑتا,7
پہنچاو,7
لوئس,7
لمحات,7
لاگڈ,7
المناک,7
لاکھوں,7
ملتے,7
اندراجات,7
ارب,7
پیسوں,7
معنوں,7
پیسٹ,7
مفرور,7
لیبارٹری,7
لیب,7
ہوسکتا,7
اجلاس,7
اجنبی,7
پیمانے,7
احکام,7
کرسٹن,7
اختیارات,7
اخی,7
لگتی,7
کاسٹیوم,7
پیشن,7
ہوجاؤ,7
ادءِ,7
ادارے,7
غدار,7
رسالت,7
جعل,7
کھیلنے,7
سوسن,7
جھپٹا,7
گلا,7
حادثہ,7
حصوں,7
وہیل,7
حمایت,7
سنبھال,7
ڈبل,7
خالص,7
سمیت,7
مشاہدہ,7
نشانی,7
ونڈوز,7
سمندری,7
سمجھدار,7
سفارت,7
خاطر,7
کھڑکی,7
گلے,7
ى¸±,7
سویا,7
ٹرانزٹ,7
جتنی,7
جذبات,7
سیریز,7
ڈیلی,7
پرنٹنگ,7
جلنے,7
ڈائریکٹ,7
کھلونے,7
جنات,7
جنازے,7
گن,7
کھلی,7
سکو,7
ڈیفالٹ,7
جوزف,7
سٹیون,7
وقار,7
گرے,7
کھدی,7
وائڈ,7
دکھاوا,7
ریمزے,7
ڈراپ,7
رہنماؤں,7
دھڑکن,7
دہندہ,7
رہنما,7
رومن,7
ذخیرہ,7
گریجویشن,7
نیٹلی,7
رابطوں,7
راجر,7
راجکماری,7
رازدارانہ,7
راولپنڈی,7
راہنمائی,7
نیبو,7
رینالٹ,7
زبانوں,7
دوڑا,7
زندگیوں,7
وصول,7
نظریہ,7
وسطی,7
نفسیات,7
سرخی,7
سججنوں,7
ستارہ,7
دانی,7
دخش,7
ورانہ,7
درخواستوں,7
گاہ,7
دستانے,7
سائبرسپیس,7
گارڈین,7
چوکیدار,7
نوحہ,7
ٹرانسمیشن,7
کانفرنس,7
سیکشن,7
¢ہج,7
پادری,7
بیل,7
بیماریوں,7
پائی,7
چھیڑچھاڑ,7
طلاق,7
روح,7
پرائر,7
پاؤنڈ,7
پرانی,7
مہاشی,7
صفایا,7
صراط,7
تخلص,7
ھیپاتیا,7
بولو,7
صافی,7
چیرس,7
مونگ,7
عرفی,7
پاٹ,7
علاقوں,7
عرصہ,7
پالیسی,7
پالنے,7
مورٹز,7
پاسورڈس,7
عءِ¸¸,7
بچاؤ,7
بٹن,7
ں,7
پارٹیشن,7
عرصے,7
ٹیڈ,7
علامات,7
شعر,7
شµµ,7
ٹریور,7
پرنٹروں,7
میٹنگ,7
شب,7
پرنٹرز,7
ٹوئن,7
تہہ,7
شجوفرینیا,7
تکنیکی,7
تناظر,7
پرستار,7
شرکت,7
شعلے,7
تعلقات,7
تشکیل,7
کوچ,7
علموں,7
گھنٹہ,7
بورڈ,7
تفصیلی,7
پرس,7
پاگلپن,7
تعلیم,7
شوہر,7
ٹھگ,7
کانوائے,6
چھید,6
کیو,6
ہ§ار,6
کیمپ,6
کیڑے,6
کندھے,6
کیمرہ,6
کیریئر,6
گزار,6
گیٹ,6
ہیتھرو,6
گندے,6
کروز,6
ہنگامی,6
ڈین,6
ڈیل,6
ہل±ٌ,6
کھاتا,6
کرسکتا,6
کویت,6
چھلانگ,6
ڈیجیٹل,6
کھیلتے,6
ڈیوٹی,6
کلف,6
کررہا,6
ہدایت,6
کہانیاں,6
کھایا,6
کوالیفائی,6
کنٹریکٹر,6
کہانیوں,6
گرمی,6
ہج¸§ہ,6
ہج¸§,6
گیئر,6
گیس,6
ہج³ًہ,6
ہ´أ¹م,6
¢اط,6
جسے,6
لاجواب,6
دیکھتی,6
قرض,6
قطع,6
دیوتاؤں,6
قیامت,6
دیجئے,6
لازمی,6
فروغ,6
اِسے,6
دہ,6
اول,6
اوقیانوس,6
اورات,6
لمبا,6
قرار,6
آگ,6
اٹھائیں,6
اٹھانا,6
اڈوں,6
قائل,6
اڈہ,6
فینکس,6
فیصلے,6
تختہ,6
فورس,6
اہلکاروں,6
فورا,6
فلم,6
بیپ,6
ایئر,6
ایجاد,6
لمبے,6
دھوکے,6
انکل,6
الله,6
مذہب,6
مدعا,6
دریافت,6
مخالف,6
اصولوں,6
مجرموں,6
دلاتے,6
مثالی,6
اطلاع,6
اظہار,6
مبینہ,6
اغوا,6
دلکش,6
دم,6
تصور,6
لک,6
الٹ,6
مان,6
ماسکو,6
مارلین,6
انا,6
مادہ,6
ماحول,6
انحصار,6
لیفٹیننٹ,6
لہٰذا,6
لہروں,6
دھو,6
لگاؤ,6
انٹیل,6
ایریزونا,6
ایماندار,6
اسمگلر,6
سیب,6
ریسکیو,6
بھاگنے,6
بھرا,6
سکون,6
بمباری,6
بلے,6
بلاؤ,6
بیتھوون,6
بل,6
رہائی,6
سیڑھیوں,6
سیکھ,6
شاباش,6
شارک,6
بنانا,6
بندوقیں,6
سوٹ,6
سونا,6
سوموار,6
سور,6
ریو,6
بڑھا,6
زندگیاں,6
بوتھ,6
سعید,6
سرزمین,6
سائن,6
بولنے,6
سبت,6
سام,6
بولٹن,6
شاہی,6
بروکلن,6
رکنا,6
طلب,6
فرمائیں,6
فرار,6
فائل,6
غم,6
ایچ,6
رجوع,6
علیحدہ,6
رخصت,6
بارش,6
ع½ہ´د´ظ,6
ع±,6
بہہ,6
طے,6
طیارے,6
طبیعیات,6
شریمان,6
ضمیر,6
بہر,6
بالآخر,6
صحافی,6
باںد,6
بتاؤں,6
بتاتا,6
بحالی,6
شیخ,6
بھیجے,6
بدترین,6
برازیل,6
رویے,6
ششش,6
اسٹیو,6
اط¶َ,6
مسترد,6
¹جؤ£,6
ٌإ,6
ّ´شہا,6
حفاظتی,6
حضور,6
ٹانگوں,6
¹ش,6
ٹوکیو,6
¸ّاز,6
¹ج¾باط,6
ٹیس,6
ٹیک,6
ٹیکو,6
"¹""",6
پابندی,6
¹ف¶ُ,6
حیثیت,6
تیسرا,6
¼­·خ,6
¼ز,6
ویتا,6
¼ِµµ,6
ونڈو,6
وقفے,6
تیرا,6
½إہج,6
واکر,6
والدہ,6
ارسترخس,6
¾ة¾ئ,6
¾ت,6
¾ت¼ز,6
تینوں,6
پتلون,6
نیلے,6
جانیں,6
µ·ہ,6
µµ½أ,6
µ±¤ہ,6
جانوروں,6
پینا،کچھ,6
پیٹرک,6
پیک,6
پتھروں,6
جنگیں,6
±¸¼,6
جاپانی,6
چلانا,6
جدوجہد,6
چنانچہ,6
پہنچانا,6
µع,6
µ‏ہج,6
جھکا,6
جاسکتے,6
"¸""¾ئ",6
"¸""اد",6
پٹسبرگ,6
جیسی,6
پلانٹ,6
پلازما,6
پشاور,6
¸±قا,6
¸³,6
¸¶ؤ,6
¸¶ہد·خ,6
پتے,6
وادی,6
¾²,6
نہلے,6
مقدار,6
مہاکاوی,6
مٹھائی,6
أ£¾ئ¾ك,6
أ¹¹ّآ,6
منظوری,6
منجمد,6
إ³ھ,6
إ¸ہجإح½؛´آ,6
ئْ,6
ممبر,6
ممباکہ,6
ملکیت,6
ابتدائی,6
تفویض,6
درج,6
آپشن,6
اتار,6
درجن,6
معنی,6
اجتماعات,6
اخترتی,6
مضمون,6
مضحکہ,6
مشینیں,6
مشیر,6
درکار,6
مشغول,6
اد´آءِ,6
ارادہ,6
مشتبہ,6
آگیا,6
ساحل,6
خرگوش,6
ناراض,6
خبریں,6
نقشے,6
ءضہخ´ش,6
توری,6
ءِإ,6
¾ًء¨,6
خشک,6
نامہ,6
خطرات,6
نمونہ,6
آرٹی,6
تھک,6
¾ّ´ظ,6
تنقید,6
آسانی,6
میلز,6
¾ط´ُ½¼,6
میا,6
آرہے,6
نکلنا,6
گہرائی,5
جدید,5
بیلٹ,5
بیچارا,5
ھدف,5
تعارف,5
ھاںسی,5
بوڑھا,5
بکی,5
بِس,5
تقدیر,5
گھل,5
بیب,5
بھیڑیوں,5
تشریف,5
تورا,5
بھوری,5
ترس,5
گھونٹنا,5
تیل,5
گیراج,5
گونگے,5
گھرگھرانا,5
بہادری,5
تنہائی,5
گھروں,5
تے,5
چوڑیل,5
بوسہ,5
افواج,5
ءِ±ف,5
آؤں,5
آبادی,5
ہڈیوں,5
آدھے,5
آلو,5
ہْ³ل,5
آوی,5
آہستہ,5
أ¤·خ,5
ہوم,5
ابھر,5
اترا,5
اثرات,5
اد³ھ,5
اسکا,5
اسکواڈ,5
ءض,5
ہیریسن,5
¾ض,5
یه,5
۱۱,5
۱۰,5
£ہ,5
±¼,5
±ن,5
"³""",5
·ء,5
"¸""ہج¾ك",5
½آ¸,5
¸إ,5
¸ہع,5
یاتنا,5
¹غ,5
ہ‎,5
¹م,5
¼,5
اطءضءِ,5
افواہیں,5
بورا,5
الویل,5
باورچی,5
بحر,5
ہاورڈ,5
برتن,5
برف,5
ہال,5
بش,5
بقا,5
بمشکل,5
بموں,5
بنائے,5
ہ¸·خ,5
بندھے,5
ہ¯,5
بندے,5
بنے,5
بوتل,5
بازار,5
بارنس,5
بادل,5
آتا,5
امریکیوں,5
انتقال,5
انقلاب,5
اننا,5
انگلی,5
اونٹ,5
جسمانی,5
آج,5
ایڈولف,5
اہل,5
اہمیت,5
ہرن,5
ایران,5
اینا,5
ایپل,5
ہجء¨,5
ہع²ظ,5
رینج,5
جمعرات,5
جنسی,5
مشتمل,5
مشکلات,5
مطلع,5
مطلوبہ,5
کافر,5
مغرب,5
مفلوج,5
مقامی,5
مقدمات,5
ملٹری,5
ممکنہ,5
من,5
منتظر,5
منفرد,5
موٹر,5
موڑ,5
مچگن,5
مہر,5
مہلک,5
مہینہ,5
میئر,5
ڈیو,5
میٹا,5
نائٹ,5
نازک,5
مشترکہ,5
مستقل,5
مسافر,5
مانتا,5
لحاظ,5
لسٹ,5
لونگا,5
لڑتے,5
لکیر,5
کرسٹینا,5
لیٹ,5
لیڈر,5
کردہ,5
مارتھا,5
مالیت,5
کرا,5
مربوط,5
مانی,5
کدھر,5
مانیٹر,5
ماڈل,5
متعارف,5
متفق,5
مجاز,5
محافظ,5
محکمہ,5
مخالفت,5
مخلوق,5
ڈیفنبرٹ,5
ناموں,5
نامی,5
پھلی,5
پاتھ,5
پالی,5
پتائی,5
پراسرار,5
پروگراموں,5
چھپایا,5
پری,5
پوچھنے,5
پڑوس,5
پکڑا,5
پھاڑ,5
پہاڑوں,5
ٹہلنے,5
پہاڑی,5
پہنچانے,5
پیرس,5
پیشاب,5
پیلی,5
پیپر,5
چاہئیں,5
چاہا,5
چرا,5
چلاو,5
چومنے,5
پائپ,5
ٹمٹمانے,5
ناکہ,5
ڈرانے,5
نتیجے,5
نزدیک,5
ڈھیر,5
نصیحت,5
نقب,5
نماز,5
نوعیت,5
نوٹس,5
ڈرو,5
واقع,5
واقعات,5
واقعے,5
ٹرمنیٹر,5
ورجینیا,5
وفاقی,5
وکلاء,5
وے,5
ڈالی,5
ى´آ,5
ڈالنے,5
ي¸,5
ّاد´آ,5
ّہ¸·خ,5
ٹائر,5
لاگت,5
کروانے,5
لالچ,5
کیسل,5
کیٹس,5
راک,5
رج,5
رحمت,5
کینساس,5
رد,5
ردی,5
روزی,5
رول,5
رگ,5
ری,5
ریسرچ,5
کیپٹل,5
چَل,5
ز,5
زمانے,5
زولا,5
سائرن,5
سائنس,5
سالہ,5
ستمبر,5
سربراہی,5
سروں,5
سفارتی,5
رائل,5
ذریعہ,5
سمت,5
خداوند,5
جنوری,5
جگہوں,5
جھاڑو,5
جیب,5
حأ³·³,5
حاضر,5
حصول,5
خاندانی,5
خبردار,5
خبروں,5
گرڈ,5
گرفتاری,5
دھمکی,5
خلیات,5
خوبصورتی,5
داخلہ,5
داخلے,5
دان,5
درآمد,5
درختوں,5
دلاتا,5
دورے,5
دولت,5
دکھی,5
سلائڈ,5
سمجھنا,5
لاء,5
فضل,5
ظالمانہ,5
عرب,5
عزم,5
عقل,5
کمیٹی,5
غداری,5
فارغ,5
فرمائیے,5
کمپاؤنڈ,5
کمزوری,5
فضائی,5
کمرہ,5
صحافیوں,5
فلسطین,5
فلپس,5
فوراً,5
فونٹ,5
فیکٹری,5
قبائلی,5
کشی,5
قد,5
قدیم,5
کسان,5
قوت,5
ضبط,5
صبر,5
سنائی,5
سیڑھیاں,5
سودے,5
کھیتوں,5
کھونے,5
سوچتی,5
سٹریٹ,5
سٹی,5
سچا,5
سکھانے,5
سہ,5
سیشن,5
سینئر,5
کھل,5
شیڈول,5
شرابی,5
کھاؤ,5
شرمندہ,5
شپ,5
کپ,5
شکایت,5
شہریوں,5
شہسہ,5
شیر,5
شیرف,5
شیلٹر,5
۵,5
