ngram,freq
of the,284896714
in the,214383810
to the,163140564
on the,130897296
did not,113537398
at the,101498235
to be,91866897
do not,90461755
I 'm,89135063
and the,84356969
it was,74456168
from the,72715155
he was,69857407
in a,67083493
for the,64251767
was not,63041789
was a,62691950
I was,62095618
with a,58833104
into the,58205194
with the,58163943
It was,58000737
had been,57208720
out of,56147373
of his,55954745
I do,55628279
and I,54875144
of a,52892325
she was,52676265
he had,49369067
for a,49055171
could not,48641351
of her,48618838
going to,45659409
in his,45612852
It 's,42218209
as he,40907002
to her,39948938
I have,39817006
I can,39533245
by the,39329768
he said,38546175
can not,38266101
that he,37829102
to do,36612944
she had,36079275
would be,35864303
I 'll,35608278
want to,35281716
one of,35030229
and he,34831592
to get,34370690
was the,34047440
have to,33173824
I had,33163121
in her,33106035
he 'd,32760877
it 's,32598734
and a,32434923
I could,31504645
to see,31353781
He was,31313372
had not,31083055
not know,30859695
that the,30781782
would not,30699284
the door,30220829
and then,29924906
I am,29912023
as she,29891207
all the,29890302
the same,29472598
she said,29345036
a little,29307672
that I,29260981
I did,29242082
through the,29213763
like a,29201537
back to,28826477
to his,28769239
a few,28607031
I 've,28371748
she 'd,28234335
the other,27804358
and she,27713459
they were,27608820
I 'd,27027966
as if,26981393
on his,26898731
but I,26823694
have been,26710093
had to,26491821
that she,26487099
as the,26236272
to a,26091263
he could,25892702
there was,25690545
I know,25589129
you 're,25510726
as a,25495263
not have,25459624
is not,25408480
to me,24737117
had a,24508900
of them,24467412
wanted to,24403447
would have,24160334
on her,24068502
to go,23963484
not be,23747278
to make,23642450
She was,23637007
over the,23504680
his head,23347954
I think,23042693
to him,22938298
with her,22755382
the first,22695753
to have,22644403
at her,22634442
the way,22572910
That 's,22538010
of my,22455293
it is,22071477
on a,22002901
have a,21761257
she could,21753173
when he,21491466
about the,21288324
is a,21243454
will not,21076323
not want,20997279
if you,20448848
I said,19961543
and his,19941926
There was,19888025
that was,19871297
with his,19826134
I will,19731809
in my,19716012
up the,19506151
him to,19445298
if he,19348666
me to,19242568
does not,19178425
trying to,19164336
of it,19115579
as I,19016442
but he,18855825
You 're,18717340
do you,18695338
up to,18662651
I would,18598533
he would,18593202
be a,18565652
more than,18528757
the room,18498003
to take,18463269
looked at,18346287
He had,18332834
Do not,18063655
that 's,17997428
his eyes,17977790
her head,17966552
down the,17936454
you know,17908138
need to,17847922
will be,17730437
he did,17700027
for her,17298558
up and,17264250
when I,17191622
into a,17180201
the time,17077211
to say,16996346
her eyes,16919360
at him,16594664
you have,16564258
a good,16492377
her to,16475274
able to,16341745
tried to,16015544
if I,15960120
you are,15736086
seemed to,15733185
he 's,15707134
front of,15698394
the house,15697456
when she,15691474
the man,15659991
and it,15656364
you to,15631796
is the,15564877
not to,15546386
away from,15498926
that it,15450254
and that,15391105
I thought,15351665
what I,15314396
a man,15249515
but it,15246409
that you,15201637
a moment,15048163
was in,14984175
you can,14975664
I want,14872475
not you,14814741
but the,14788841
to know,14770062
are you,14762589
of this,14638665
it would,14597047
across the,14530060
She had,14505822
you do,14418106
against the,14414553
but she,14409128
the last,14402211
to find,14348356
kind of,14347820
it to,14142905
in front,14092348
and her,14082478
a long,14022400
began to,13978197
the world,13951341
they had,13927140
if she,13923696
the back,13888053
his hand,13862266
Do you,13821805
from his,13803744
to keep,13761612
for you,13724469
was no,13701414
as they,13601432
from her,13578208
It is,13549575
his own,13522965
she did,13517580
she would,13497549
his face,13396984
around the,13360516
know what,13349858
part of,13347965
He 's,13344657
to you,13263535
a lot,13246522
for me,13205663
off the,13198684
not a,13052926
with him,13026358
each other,12968032
as well,12956379
what he,12926357
to my,12907171
out the,12896937
was going,12872567
enough to,12801071
such a,12738665
at all,12698606
about it,12662689
But I,12626946
to tell,12566268
who had,12539871
of their,12528005
in this,12484002
at least,12468824
at his,12462435
not even,12355857
This is,12304175
for him,12282473
side of,12122877
time to,12060507
and they,11955329
the two,11895586
you were,11868481
the table,11837700
could be,11799768
not think,11769597
at a,11696328
that they,11679919
In the,11633870
on my,11600560
her face,11534753
the next,11494109
to come,11489840
the most,11405333
into his,11382333
by a,11374387
when the,11323188
the one,11318111
so much,11317691
him and,11258304
He 'd,11225431
of that,11213381
that had,11203662
with me,11194978
at me,11189930
was still,11150545
you want,11148879
had no,11098768
took a,11048981
way to,11000117
what you,10988373
to look,10964266
If you,10938536
toward the,10920341
the end,10906194
not the,10895038
the only,10887645
the floor,10868895
her hand,10868602
you think,10866481
I should,10841541
of him,10809365
it had,10801618
a small,10796485
of course,10654595
Are you,10586743
look at,10523960
with you,10515574
like the,10510098
his hands,10418401
were not,10417377
the ground,10411950
the rest,10392324
a bit,10316902
her and,10305470
Of course,10282913
They were,10268393
end of,10267039
used to,10263689
might be,10251004
I knew,10169105
who was,10116601
all of,10115346
like that,10100760
and was,10091985
turned to,10031452
be the,10007466
the night,9932858
came to,9929400
from a,9928509
under the,9883009
she 's,9870763
the old,9797799
as it,9775608
was so,9775302
and you,9762379
could see,9751283
went to,9729645
to give,9723873
the day,9723356
have not,9708136
come to,9654893
up in,9620033
She 'd,9618828
this is,9596277
if it,9591323
know that,9579794
go to,9542018
no one,9521875
out to,9518257
to think,9503334
and we,9489354
the front,9470680
are not,9453539
over to,9450600
must have,9415334
of us,9410593
her own,9379651
for his,9364768
the air,9329195
been a,9325849
had the,9325234
He did,9312443
must be,9285708
the kitchen,9285533
down to,9256157
I just,9255972
could have,9239932
tell you,9215727
we were,9212430
And I,9207927
see the,9204810
in their,9196229
into her,9170913
There 's,9109603
the car,9050851
there 's,9039098
them to,9014186
what she,9001071
we can,8998579
of your,8968138
rest of,8949916
we 're,8946294
you will,8927525
so I,8926936
the whole,8913483
was to,8912193
of you,8859287
She 's,8844599
was just,8817502
like to,8754791
and said,8707434
when you,8683668
some of,8681620
him in,8675190
up with,8666112
should be,8660737
I saw,8660223
to talk,8660163
he is,8641632
the best,8622086
You know,8619887
up at,8587694
told me,8579855
this time,8578733
to help,8543414
might have,8535178
I need,8527781
so that,8508506
What 's,8492143
there is,8482825
it in,8474602
we have,8470273
a very,8468342
the right,8444477
tell me,8437014
back and,8387175
has been,8368884
lot of,8368715
in that,8367144
did you,8355844
of all,8354100
out a,8350664
a great,8349499
the window,8334264
over her,8300236
they 'd,8280875
sort of,8278031
to leave,8266023
the bed,8232435
think I,8193371
about to,8173287
me and,8138507
and in,8135374
next to,8130112
he asked,8122859
that is,8118200
That was,8099422
and had,8089183
when they,8083360
You can,8070248
not been,8029348
be able,8007483
made a,8006671
do it,8000859
where the,7992963
told him,7963013
not like,7945610
if they,7923016
her hands,7908462
a couple,7903370
should have,7901946
how to,7853166
and there,7843498
back of,7839258
He could,7827884
that we,7825192
was an,7819810
the water,7812102
there were,7809179
said the,7804547
me a,7802726
before the,7776469
you 've,7756284
him a,7678828
not see,7672080
I told,7668956
you and,7642443
along the,7621286
he knew,7617829
She did,7598507
back in,7596370
couple of,7576626
thought of,7562932
have the,7552876
not going,7541543
of an,7534580
the wall,7527504
I mean,7485880
this was,7479855
which was,7455957
had never,7454807
a woman,7435204
of our,7396103
He looked,7371964
She could,7361510
needed to,7329583
and looked,7318752
in an,7303052
his arms,7297686
knew that,7284490
a new,7282048
the side,7281916
was that,7271057
the top,7268993
top of,7243010
as though,7227778
what was,7221694
not get,7218545
We 're,7208320
they are,7196044
of those,7192000
and to,7191096
to work,7182890
You are,7181330
up a,7157624
told her,7154974
her in,7146799
with my,7140020
her mother,7135107
soon as,7122980
you 'll,7102232
they would,7071055
I wanted,7050933
just a,7026253
first time,7023506
after the,7002558
just as,6988108
I got,6987850
my head,6987415
to hear,6983313
that would,6979502
the road,6975287
looked up,6973669
You have,6970414
This was,6968992
and all,6955876
all that,6947530
onto the,6944175
over his,6943886
of me,6936637
if the,6935990
of what,6923640
a while,6920444
too much,6917451
Thank you,6902354
shook his,6891263
stared at,6875222
think of,6869022
You do,6850107
for it,6844455
his mouth,6836354
There were,6821963
I asked,6810444
got to,6807143
she asked,6797547
looking at,6787700
know how,6777014
than a,6775575
I say,6757964
ready to,6757802
the woman,6757302
try to,6725399
as you,6724060
waiting for,6721729
close to,6717811
I felt,6717705
than the,6713380
where he,6708585
said to,6703181
Then he,6688294
I guess,6685621
with an,6655401
to let,6631989
they could,6627275
we are,6626287
before he,6621862
What do,6620317
But he,6612118
talk to,6606098
in your,6566759
to meet,6558113
is that,6536989
and my,6535540
most of,6525666
to stay,6517158
Let 's,6516661
to it,6485548
around her,6476296
my own,6474741
make a,6470119
she knew,6468057
But the,6467806
out and,6466080
it all,6456350
to ask,6450933
no longer,6441530
down on,6431494
not sure,6427660
which he,6425964
do with,6423009
down at,6394050
started to,6375815
like this,6363653
saw the,6340767
should not,6332246
I see,6325118
the truth,6316212
was all,6314708
the street,6302480
was too,6285564
full of,6283192
his father,6276388
on to,6266735
was on,6247638
her a,6247088
the moment,6238968
picked up,6234839
behind the,6219373
down and,6216074
take a,6191990
about her,6191907
the morning,6189984
they 're,6181703
to their,6180429
may be,6162159
me that,6158884
upon the,6135806
When he,6132164
and when,6126736
you 'd,6120050
But it,6113348
not do,6110579
up on,6100903
the phone,6098610
and not,6091451
the little,6091364
is it,6088201
all right,6087430
he thought,6077534
took the,6064585
he saw,6052924
And then,6041323
the middle,6040278
going on,6031777
as much,6031437
to put,6025724
man who,6021685
not believe,6020749
see you,6003692
be in,6001976
She looked,5997374
the city,5993628
I never,5982165
had come,5968824
because I,5968248
between the,5958741
supposed to,5933478
to stop,5923298
his mind,5922270
his voice,5914934
eyes and,5905541
man 's,5902206
it and,5900480
think you,5891650
a hand,5884849
it out,5873043
right now,5857032
back into,5855609
a big,5844614
made her,5841783
can be,5841657
her father,5841137
left the,5825408
towards the,5823411
was only,5823101
have no,5822589
get a,5820272
the fact,5815642
his wife,5793540
an hour,5778789
he wanted,5772735
her back,5768118
looking for,5766533
because he,5765000
you could,5752725
the others,5743680
do that,5742310
head and,5737748
with it,5733936
the edge,5728175
any of,5725835
her mouth,5721453
and so,5708657
When I,5699323
him with,5688573
got a,5687322
we 'll,5680175
and took,5672457
We 'll,5666184
you would,5659416
was about,5658568
or the,5652028
to them,5636254
as we,5621090
At the,5619777
I love,5611074
There is,5607520
to speak,5607488
I hope,5605670
On the,5605334
let me,5604445
only a,5603384
my life,5599060
fact that,5596071
that there,5588329
If I,5571669
in and,5571422
the men,5570343
a second,5567742
me in,5550110
it up,5535946
Did you,5520692
a large,5518318
a deep,5514869
the past,5486640
to your,5480637
he has,5476893
not say,5473372
get to,5469242
for that,5467157
what it,5467042
in which,5461891
get the,5458294
what they,5458270
out in,5452190
on it,5450841
and went,5446433
It had,5441162
so he,5440240
sound of,5438976
I heard,5436502
she thought,5434302
hand and,5422231
were the,5417285
not help,5410254
the girl,5409142
over and,5380300
the sun,5365731
when we,5342664
my eyes,5341610
the corner,5340419
It would,5336181
but they,5329915
what 's,5325297
the place,5313154
you did,5311902
the people,5307015
I must,5303253
that his,5297237
edge of,5294836
opened the,5287956
make it,5273547
think it,5271770
her body,5270172
shook her,5262922
because of,5260555
but that,5257819
at this,5252421
We have,5250747
but not,5240236
the dark,5238538
in one,5236157
long time,5235204
she is,5233539
sense of,5230927
to this,5226763
his life,5226069
at once,5219158
like it,5217282
a way,5217041
decided to,5214071
I suppose,5209544
my father,5194345
his way,5192342
door and,5191924
what the,5187210
her arms,5141763
and as,5136469
if we,5135618
his feet,5134773
The man,5134125
when it,5131919
know you,5128443
about that,5125392
last night,5120966
on their,5114200
him as,5092570
she felt,5086430
how much,5075958
heard the,5069140
But she,5064431
well as,5060550
talking about,5059380
I feel,5058883
managed to,5057859
that a,5055674
And the,5048319
of these,5045645
the light,5039027
say that,5036998
it will,5034789
it on,5033207
then he,5024931
for my,5021380
as to,5021355
I shall,5016942
And you,5005748
the second,4997171
the sound,4996192
not tell,4995917
all over,4995470
the words,4992626
care of,4991397
the stairs,4990996
and now,4987593
with them,4987435
went on,4986159
not let,4979099
two of,4978649
sat down,4976663
the young,4971645
had gone,4970190
there are,4966610
her mind,4966152
a smile,4965128
No one,4963792
to that,4949306
we had,4944314
looked like,4941018
is to,4931152
seem to,4929702
think that,4928563
was as,4924259
his lips,4918455
his mother,4915797
You 've,4912316
as his,4910988
I went,4904135
They 're,4890208
much as,4882570
nothing to,4880916
the very,4878763
that this,4867561
the police,4860362
what to,4853446
her with,4853289
in it,4841050
his body,4838278
from him,4836644
his chest,4836294
piece of,4832179
and with,4828858
with that,4818158
as soon,4807128
but you,4804908
not need,4800066
him that,4799203
had taken,4799098
were a,4796875
instead of,4796477
told you,4795560
she wanted,4790307
during the,4787836
the fire,4779572
at that,4771489
What are,4768216
her hair,4764301
he looked,4763606
take the,4758195
was one,4755867
would never,4754804
for them,4747802
something to,4741894
it with,4732543
you like,4732187
think about,4731861
my mother,4730924
his arm,4726178
said that,4716569
years ago,4714239
middle of,4713831
But you,4711601
we do,4706417
were in,4706361
after all,4702100
What is,4698509
was very,4688755
he felt,4685597
father 's,4684927
not that,4683891
like you,4680309
so many,4679832
her lips,4678732
to move,4678375
at my,4677746
back at,4670912
find out,4670033
by his,4669639
I looked,4665064
before she,4664481
He would,4657745
the hell,4648486
could do,4637383
old man,4635501
with their,4628699
hard to,4627128
one who,4626518
before I,4619922
where she,4619257
They had,4605430
on your,4604103
her heart,4602671
behind her,4600878
you see,4600008
their own,4595130
but there,4594230
When she,4587862
not go,4586403
them in,4583828
even if,4582388
through her,4579518
happened to,4575161
had made,4574256
better than,4573354
her voice,4566699
up his,4557812
the new,4557242
can do,4555790
And he,4550181
from my,4544359
and turned,4544079
her husband,4541970
see that,4539927
not make,4538427
New York,4537187
long as,4536271
not really,4532417
returned to,4532239
it for,4528713
an old,4526945
is no,4508074
have you,4498523
are the,4496848
they did,4496243
the hall,4486576
the boy,4481412
no more,4476540
you get,4471582
There are,4464997
If he,4464601
not understand,4463928
said he,4462602
to call,4461622
had seen,4460109
a minute,4459444
on him,4455383
into my,4452776
on this,4450711
only one,4447458
you need,4447428
until the,4444947
she saw,4443776
made it,4441657
or a,4438710
want you,4438307
but a,4437066
his back,4434978
for this,4430188
her life,4428439
you a,4425646
the small,4425386
her as,4423619
and put,4419054
no idea,4413243
after a,4412636
you in,4408606
it did,4407939
has a,4407514
come back,4404881
had just,4404047
not in,4401127
with all,4397457
hand on,4396288
not it,4393171
us to,4387241
When the,4386535
all this,4384756
you for,4384297
to live,4371463
time I,4363171
He is,4361162
even though,4358675
my hand,4356372
not take,4348339
to show,4343567
a time,4330403
near the,4326331
his fingers,4319453
back on,4315142
along with,4313078
and if,4305071
then I,4304478
he might,4303577
out on,4297602
my mind,4295602
I get,4288320
the sky,4287412
you had,4285676
glanced at,4273878
was his,4270633
between them,4268638
filled with,4264973
been in,4255792
for an,4254116
was more,4249124
and let,4247367
was at,4244711
eyes were,4244059
young man,4240810
bit of,4233986
we could,4231885
mother 's,4231624
and for,4229859
get out,4226456
You 'll,4224359
I took,4222726
go back,4214247
for some,4214027
so she,4212787
where I,4206807
One of,4193070
and pulled,4192564
because she,4191456
not care,4186920
reached the,4186861
or not,4178757
make sure,4175673
Then she,4173755
which I,4167918
was now,4162785
a single,4162413
and their,4158654
behind him,4155123
way of,4154006
felt the,4149826
talk about,4149534
of which,4145466
for your,4136036
in all,4126513
That is,4126373
that her,4125525
which is,4124061
same time,4123963
you mean,4118497
for all,4114320
though he,4111128
tell him,4109075
the great,4107826
He said,4106507
not seem,4105130
see her,4103742
out for,4102790
few minutes,4099812
to one,4099601
not just,4093386
me the,4086553
on that,4085382
a chance,4078044
He took,4077698
I found,4070757
to bring,4068779
a word,4061486
at last,4060820
I believe,4060755
in love,4059813
As he,4058672
felt like,4056134
him for,4045517
her that,4045011
At least,4044089
about this,4043668
not look,4042884
through his,4032048
to kill,4026215
know the,4024564
of its,4023893
the river,4023008
other side,4018878
he went,4014411
I might,4012978
and down,4010976
For a,4010451
of being,4008155
with your,4005921
far as,4005471
or two,4001440
see what,3998778
to feel,3998065
and walked,3993836
you say,3990038
gave him,3985809
and more,3982288
know it,3978415
and made,3973501
and began,3955716
me with,3954993
her feet,3952246
his heart,3951803
was like,3947740
him the,3939702
this morning,3937059
pair of,3936214
said as,3926568
against his,3923474
room and,3921949
corner of,3918299
that way,3915508
and get,3905166
time he,3905033
put the,3904476
among the,3903948
time for,3898757
she looked,3892470
and even,3891172
the name,3890992
which the,3890369
said with,3889811
a child,3886753
to use,3883271
up for,3881595
had done,3880251
again and,3877976
any more,3873421
his shoulder,3866831
is in,3863395
the head,3862557
Have you,3860029
that if,3855456
them and,3854164
a look,3852214
He turned,3848258
was something,3847984
stood up,3841692
at it,3839686
what we,3839216
sight of,3838494
where they,3835424
continued to,3828399
it a,3821143
He knew,3817818
of time,3816943
to try,3812829
has not,3808351
the more,3801219
up from,3796551
see him,3795731
about a,3794483
made the,3791451
on me,3789478
had already,3787357
the family,3783452
I really,3777587
in our,3772713
was there,3771307
up her,3768312
By the,3767992
until he,3767390
even more,3767292
about him,3763883
he says,3762990
which had,3756917
We can,3755151
it seemed,3755092
knew it,3753294
the bottom,3751929
gave her,3751838
against her,3749268
was nothing,3747008
find a,3742560
what happened,3742251
to face,3741748
felt a,3740263
in any,3733837
let him,3729844
see if,3729092
not mean,3727910
was already,3727339
for us,3726384
not come,3724520
You will,3724142
I wish,3721634
thought about,3721576
Come on,3721478
thought it,3720849
off to,3716167
can see,3712514
inside the,3712428
had left,3711366
out his,3709597
of one,3706699
now that,3706617
Then I,3706156
chance to,3698252
the main,3697699
about his,3697238
be so,3696778
than I,3695786
and saw,3694720
they have,3692267
he took,3692002
about you,3684642
made him,3683795
and what,3681992
to sleep,3680545
to run,3676605
I like,3675181
then the,3672237
Why do,3671552
love you,3666098
not so,3662284
We were,3662005
with this,3658998
have done,3657911
at home,3656092
been the,3650652
to believe,3649450
was right,3644952
think he,3644129
you should,3643968
by her,3642514
while the,3640125
She would,3634436
thought that,3633301
not only,3628452
and this,3627575
a week,3626275
here and,3624161
front door,3623129
much of,3620125
were all,3619258
With a,3614315
it as,3610995
Is that,3609408
to hold,3600022
to an,3590851
in order,3582101
let her,3581900
the wind,3578652
give you,3575258
what had,3572993
to eat,3572151
take it,3564728
as an,3564140
number of,3560998
the idea,3554766
face and,3554384
the three,3553905
to turn,3549895
After a,3546482
in its,3542838
the thought,3539571
above the,3532023
gave a,3531435
around his,3530468
we 've,3530239
the big,3528834
those who,3527578
the sea,3525746
had said,3525139
Let me,3523952
is going,3523032
make the,3522437
a place,3521660
and see,3516613
for their,3512459
know I,3510991
knew he,3507406
tell her,3496448
like he,3495177
the case,3495141
my face,3489181
came out,3484192
you that,3481431
here to,3477315
he told,3476063
the hospital,3470561
off his,3465618
as her,3464884
and how,3463406
put it,3458871
while he,3458177
could hear,3457150
the money,3455119
your own,3453796
For the,3451979
turned and,3450662
both of,3449986
the point,3448735
unable to,3446411
As the,3443458
the crowd,3438757
like an,3434585
let 's,3433976
how he,3428842
to sit,3428490
And she,3428023
a young,3420968
like I,3420861
through a,3420581
few days,3420309
thought I,3420305
staring at,3415666
he got,3414428
he can,3407665
thinking about,3407234
What was,3407031
see it,3406874
deep breath,3405037
hand to,3398760
but we,3396581
had happened,3394992
with one,3394952
look like,3389215
took her,3385593
the matter,3384807
to us,3384796
the long,3383026
over a,3382738
a short,3378400
what is,3376760
so far,3375461
without a,3373180
and no,3371475
could feel,3370638
he turned,3369245
In fact,3368885
of people,3362564
we will,3356682
voice was,3356634
thought he,3353021
me as,3349363
the entire,3349130
man in,3345844
my heart,3343885
why I,3342351
then she,3340037
You were,3334984
a day,3334789
got the,3333954
him on,3333176
wants to,3328946
about what,3327849
with us,3327590
none of,3324735
rather than,3323325
We are,3323159
in some,3322316
her fingers,3320896
the office,3320682
What did,3319733
looked down,3318564
who were,3316813
once more,3315313
down in,3313763
the bar,3310040
we 'd,3308977
never been,3308173
entered the,3308015
found the,3307422
have any,3307410
do this,3303973
which she,3301726
idea of,3296966
no doubt,3294011
will have,3291494
out with,3288481
the country,3287654
he will,3287311
it could,3283592
came back,3283120
The only,3280382
me for,3280206
from me,3279422
was her,3279390
We 've,3279040
his neck,3270794
that were,3269331
to himself,3265939
that one,3263495
said in,3261924
His eyes,3256591
the story,3251959
he does,3251748
so long,3251089
one thing,3247641
order to,3247220
I tried,3247207
Can you,3244673
is my,3243041
on top,3240952
he should,3230720
the living,3230351
the children,3230103
give me,3229954
aware of,3228599
to play,3227900
out there,3227393
the building,3226398
closer to,3225266
go on,3224484
I came,3223624
time in,3222901
She knew,3215915
people who,3209587
down her,3208903
you must,3200648
living room,3200015
get it,3199395
In a,3198782
was always,3198172
has to,3196778
to walk,3195214
outside the,3192115
may have,3191321
of life,3190449
thank you,3188427
talking to,3186401
the face,3186352
some time,3181580
thought you,3181397
to start,3180559
made me,3178519
are a,3177289
and gave,3176919
of some,3176725
while I,3173535
was it,3172251
was gone,3170964
and started,3170760
been so,3169485
and your,3161922
hands and,3161000
If she,3158426
her way,3156033
it might,3154726
because it,3154255
and one,3153786
they do,3153501
he came,3152606
believe that,3151631
that night,3151057
did he,3150212
to wait,3146885
and did,3146359
And it,3145812
one to,3139204
only to,3137281
was almost,3136708
and sat,3135911
could get,3135898
who 'd,3134443
So I,3133136
Why did,3133041
to our,3132709
just like,3131467
gave me,3128857
and at,3128196
know about,3124245
that in,3122123
anything to,3120776
just the,3120513
What about,3118427
I remember,3118344
at first,3117174
open the,3114716
seems to,3113384
ought to,3112798
was doing,3110598
did it,3110280
found a,3105393
put his,3104350
a quick,3104255
find the,3101229
on one,3099774
she might,3097184
deal with,3096390
but his,3096292
was also,3092645
They are,3090200
the darkness,3089805
have had,3089452
her for,3087787
the town,3086797
hear the,3082156
She turned,3080596
get back,3080433
though she,3079412
right to,3077641
the evening,3075924
a half,3075541
And that,3073449
in time,3072097
out from,3070502
she has,3069265
his throat,3068779
more of,3067847
a year,3064980
face was,3064562
knew what,3063999
would you,3061020
not quite,3060804
the word,3060136
to watch,3060085
you go,3059922
until she,3059084
willing to,3057576
was looking,3056340
as far,3055527
last time,3055456
How could,3053816
we should,3052109
had ever,3048853
her the,3047919
as possible,3047496
and out,3046780
and left,3045400
put her,3045139
their way,3042579
as long,3041656
he found,3039526
As I,3039356
the ship,3038784
do the,3038516
the baby,3036964
came from,3034562
one day,3031915
not worry,3027828
a thing,3024214
the trees,3021450
enough for,3019118
bed and,3015890
since the,3015161
sure that,3013860
return to,3012687
much more,3011412
the open,3007776
than he,3007276
a hundred,3005518
do anything,3003804
saw that,3002084
the bathroom,2997017
under his,2995026
this one,2994164
the doctor,2993162
his gaze,2988968
of any,2988374
wondered if,2987060
beginning to,2984141
very much,2982187
way he,2978946
hands on,2978331
and on,2978205
that of,2976531
said it,2974660
time she,2974615
A few,2974445
smiled at,2974187
to pay,2973942
Tell me,2971212
had always,2970775
to catch,2970493
than that,2967461
in to,2965106
take care,2961339
was being,2961083
feel the,2960862
around and,2960153
And what,2959500
waited for,2958641
to read,2956323
She felt,2954079
know if,2950605
think we,2950555
my hands,2947206
knew the,2944401
looked around,2943863
All the,2942511
had an,2938953
saw a,2938710
had given,2936567
much to,2933232
that could,2932920
to stand,2931615
head to,2931559
I still,2929997
that made,2928729
it from,2928098
but then,2927209
He has,2923819
himself to,2923111
it back,2921940
got up,2920926
As she,2917857
and held,2916921
the question,2916712
for what,2915549
am not,2908106
to follow,2906174
the chair,2905371
is an,2902282
her shoulder,2900743
help you,2899218
were going,2892374
the line,2889685
of water,2888971
she told,2883564
it were,2882661
one hand,2882413
sat on,2881092
all his,2880877
and an,2880250
he and,2879389
hair and,2877870
any other,2877262
off her,2876310
a bad,2875125
having a,2873505
no matter,2872149
something that,2871795
And if,2868313
not stop,2867623
Her eyes,2867528
I tell,2865876
sure you,2864959
her throat,2864912
and have,2862448
less than,2861354
to bed,2860424
him from,2857965
worry about,2855545
the body,2854327
All right,2850546
them all,2850032
not feel,2847512
I made,2847455
went back,2847448
You must,2846866
around him,2845945
away and,2844868
in there,2844707
even the,2844573
be here,2843128
She is,2839952
her arm,2839568
how I,2838590
a pair,2837968
here in,2826463
She took,2825803
if there,2823683
knew she,2822656
who is,2822297
the girls,2821744
not mind,2821721
every day,2820036
it into,2818788
can get,2815795
you doing,2809599
all I,2808389
the walls,2808057
were still,2807819
being a,2803284
your father,2802224
And now,2800738
feel like,2800275
arms and,2799560
pulled out,2795721
that my,2795209
The two,2792908
with some,2792385
The first,2791552
no way,2790576
put on,2789937
now and,2789836
until I,2788293
meant to,2787188
had become,2784116
and some,2782271
love with,2781596
know where,2777927
out into,2777905
let the,2777573
a girl,2776546
attention to,2776474
she went,2774561
though I,2774368
not give,2769947
interested in,2767513
a friend,2766973
not as,2766516
time and,2763488
her up,2760678
for one,2759689
all about,2758757
and of,2757477
But that,2754817
be there,2754035
ready for,2751302
the book,2751228
a different,2748930
with its,2744529
her neck,2744414
who would,2734300
and found,2733576
the glass,2731534
the subject,2726328
you going,2723563
only the,2720345
is so,2719007
You should,2717162
forward to,2716562
him out,2716127
that day,2713950
to understand,2712784
you all,2711903
matter of,2709549
how she,2708785
his brother,2703536
from their,2698183
too late,2694869
reached for,2693774
did the,2692443
it does,2691557
He wanted,2690652
It will,2688407
or something,2686144
to pull,2686086
the king,2685236
someone else,2685059
was trying,2684550
to change,2684328
kissed her,2684225
her from,2682919
his name,2682429
my way,2681368
a huge,2677279
beneath the,2677166
would take,2674963
not for,2674914
was my,2674688
could tell,2674675
to save,2674195
with no,2672021
table and,2670205
and would,2668997
but in,2668315
something else,2667360
You did,2666624
you the,2664060
She said,2663886
would do,2663630
appeared to,2662803
the kind,2661641
he 'll,2661620
her legs,2659899
What if,2658015
the distance,2657357
is what,2654316
So you,2653881
the future,2653812
man was,2651506
she says,2650354
not matter,2649823
her shoulders,2648849
this way,2648830
the desk,2645431
What the,2645427
around to,2645331
her into,2644499
in here,2644255
in fact,2642654
and asked,2642518
to hide,2641320
her on,2639978
nothing but,2639190
might not,2635673
put a,2632313
came in,2631405
that time,2629180
to protect,2626565
the situation,2626326
he heard,2626249
such as,2621725
that moment,2621413
hit the,2619614
If it,2619151
you might,2618846
come in,2617300
the doorway,2613860
want me,2612644
in case,2612166
the pain,2612126
He felt,2611496
once again,2607516
within the,2604907
woman 's,2604479
and me,2601731
the child,2599856
to join,2599613
see a,2599431
and make,2599401
How did,2598024
I ask,2596430
back from,2594341
if that,2593565
or so,2593228
where you,2592632
the black,2590645
that all,2590173
always been,2588159
a real,2586552
to explain,2582779
the cold,2580883
how it,2579423
to return,2578348
the left,2577933
and yet,2575612
listen to,2572717
had told,2572586
point of,2572337
me about,2572313
line of,2570625
leave the,2570482
held her,2570106
go and,2568025
thought she,2567177
at them,2563596
one another,2561150
a nice,2560387
while she,2560254
wait for,2557096
refused to,2554365
and tried,2554356
the village,2551252
one side,2550227
never seen,2549804
to pick,2549128
The next,2548000
She smiled,2547361
woman who,2544300
they will,2542957
been able,2542144
she turned,2541468
past the,2540365
the hotel,2539184
give him,2537512
the dead,2537451
I understand,2537355
where it,2536956
But there,2533383
my dear,2531140
in such,2529064
he made,2528713
but to,2526548
to check,2526546
would make,2526320
many of,2525784
not remember,2524498
is all,2524312
I turned,2523994
But what,2523313
down his,2520589
Is it,2520583
but this,2519269
door to,2518969
the counter,2514848
come out,2513394
herself to,2511575
to what,2506284
because the,2502143
were to,2501237
they can,2499684
arms around,2499407
a better,2499100
it over,2499036
a certain,2497883
watched the,2497270
than she,2494419
was he,2493014
this place,2488928
We do,2488922
the earth,2488671
I were,2487603
say anything,2487491
sat in,2487108
How do,2486555
could only,2486373
like she,2486250
need a,2485881
thing to,2485269
It seemed,2482869
wish to,2479717
Would you,2478445
let you,2476226
see how,2475419
house and,2475213
They 'd,2474072
some kind,2473043
his hair,2470419
think she,2465064
was getting,2464456
it off,2464122
the news,2463165
why he,2462908
heard a,2461366
from one,2460854
to fight,2459450
off and,2458999
am I,2456351
When they,2456180
the center,2455719
not seen,2455354
It did,2453953
in on,2453901
a low,2453642
a piece,2452941
He smiled,2448236
though it,2447515
pulled her,2446309
realized that,2446022
the white,2444564
good to,2440820
came up,2439868
went out,2439210
we need,2434779
exactly what,2433933
The other,2433775
it be,2433627
the boat,2430978
his shoulders,2430866
to all,2430533
stood in,2429978
not yet,2426955
him up,2426216
him at,2425566
would like,2424948
to die,2424779
to marry,2423503
before they,2423082
be more,2421964
But then,2420033
so it,2418491
to break,2418047
and take,2416300
She wanted,2415426
was standing,2414981
but when,2414290
her out,2414075
to learn,2414019
the good,2413721
From the,2412966
After all,2412635
keep the,2410207
place to,2408428
me out,2407541
she and,2406450
I needed,2406011
wanting to,2402143
speak to,2401150
about my,2400709
before you,2399642
of things,2398684
have some,2398674
his chair,2398431
since I,2397481
The woman,2396807
But if,2396776
a sudden,2395473
his side,2395162
come up,2394948
beside her,2394346
to avoid,2394084
and do,2392562
said she,2389414
what a,2388397
over my,2388261
saw her,2388239
she should,2384872
me what,2384568
can you,2384248
from behind,2383270
how the,2382704
name of,2381551
other hand,2380603
Not that,2380091
it down,2379000
can I,2378680
he needed,2377693
anything else,2377592
time of,2376891
at each,2376014
one that,2375585
she got,2374212
about me,2374055
plenty of,2372830
was out,2372488
help me,2370597
pick up,2370225
there and,2370208
and stood,2367003
let out,2366000
just to,2365333
be done,2365034
I may,2364077
other than,2362356
still in,2359132
a matter,2359058
take her,2357634
closed the,2357251
have an,2357242
because they,2356677
was sure,2354246
out at,2351976
do to,2351336
one in,2351145
there in,2350789
but her,2350075
between her,2346769
at night,2346593
bottom of,2346307
it has,2343223
look of,2342682
the wrong,2342463
how you,2341402
them with,2339126
the women,2338761
she took,2338497
and told,2338454
the worst,2336528
sign of,2335251
the war,2335101
get you,2334445
pulled the,2333882
come from,2333676
to open,2332232
out her,2331474
a whole,2328505
the far,2328420
a black,2328198
raised his,2327955
the church,2327783
and smiled,2327712
the couch,2327450
so we,2326336
it that,2325346
As soon,2320790
her chest,2320241
the boys,2319696
your mother,2318999
the third,2317629
it at,2316678
thinking of,2316645
the beach,2316337
If the,2314866
because you,2314569
the power,2314558
on our,2313830
on and,2312352
now I,2312271
be on,2311314
go out,2309628
so they,2309395
I wonder,2308140
was coming,2307966
beyond the,2306390
since he,2304468
I take,2302673
and over,2301354
are going,2300340
will you,2299465
the garden,2296447
in with,2296420
it came,2293669
made his,2291981
and ran,2291096
group of,2289161
have seen,2285471
saw him,2284846
years of,2284608
set up,2283303
do something,2281692
two men,2280714
quite a,2279119
to spend,2279063
be sure,2277735
and were,2277339
not much,2277112
read the,2275378
the woods,2274739
on you,2273449
is your,2273349
not find,2273018
be an,2272985
but now,2272540
know why,2270888
I look,2270367
to reach,2266259
What a,2265607
little girl,2265199
have it,2264907
she heard,2264246
the surface,2263263
believe it,2263158
be no,2262814
were on,2262765
afraid of,2261682
his family,2261118
I put,2260613
do I,2259549
to where,2259371
he were,2258444
head of,2257471
blue eyes,2255823
a dozen,2255274
way she,2253274
the real,2252535
next day,2252075
You could,2252054
very well,2251922
was sitting,2251432
about your,2251215
at one,2251046
far from,2250677
and other,2249486
coming to,2248300
all my,2245691
against him,2245072
even a,2245067
that to,2244381
but if,2242525
them on,2242459
under her,2242109
she whispered,2241115
the things,2240912
gone to,2240048
more to,2238674
say it,2237856
a full,2236566
were no,2236083
she needed,2233938
to answer,2233512
man with,2232757
her sister,2231004
about how,2230674
the blood,2227358
Then the,2227313
and got,2226745
him back,2225901
the sight,2223846
not he,2222648
turned back,2222125
to worry,2221715
This time,2221510
when a,2220960
inside her,2220101
his pocket,2219799
got out,2219771
do so,2219187
had had,2219087
love to,2219007
state of,2216101
you come,2215856
found out,2215188
the forest,2214537
the least,2214522
you tell,2214032
hand in,2210417
is this,2209700
to admit,2209102
me on,2205877
lack of,2204907
sitting on,2204455
in bed,2202718
were so,2201195
a white,2200124
make her,2200111
be back,2197526
Is not,2196864
you ever,2196369
think so,2192917
head in,2191834
was thinking,2190979
my body,2190847
my mouth,2189792
figure out,2189748
where we,2189528
the beginning,2189226
reached out,2188399
home and,2185961
his breath,2185433
his son,2183691
down a,2183632
why you,2179611
to happen,2179557
to buy,2179479
asked him,2179349
become a,2174922
his right,2173806
making a,2173179
give her,2172287
attempt to,2171098
was what,2166786
this man,2164648
let it,2164588
moved to,2164492
went into,2163491
back down,2163252
to herself,2162296
that will,2162017
she found,2161202
they all,2160847
ahead of,2160410
and kissed,2160407
the paper,2159229
We need,2158966
He nodded,2158824
smiled and,2157049
We will,2156873
the scene,2155876
and two,2154662
her gaze,2153974
be with,2153552
and could,2152333
make me,2151884
so you,2151510
took his,2151383
three of,2151302
was over,2151182
can tell,2150924
happy to,2150632
I left,2148740
something about,2146611
a step,2145453
the steps,2144518
me up,2143010
the land,2142418
found it,2142134
not I,2139614
the bedroom,2136983
all those,2136083
to remember,2132996
followed by,2132650
I hear,2132611
seen the,2131405
and go,2129577
without the,2129383
here for,2128283
we did,2126927
who could,2126465
the conversation,2124582
time with,2123450
a chair,2121429
your life,2117956
out what,2116998
and forth,2116817
are in,2115205
Did not,2115172
the driver,2114113
all these,2113859
there for,2113057
With the,2112967
the gun,2110232
all her,2109030
or even,2108598
sure he,2107115
to lose,2105094
never have,2104742
a part,2104715
is still,2103834
So what,2102280
and its,2101490
not at,2101036
thing that,2100796
never be,2099917
glad to,2097931
him into,2097549
it again,2097204
the box,2096737
would come,2095975
my friend,2094932
the direction,2094826
get her,2093949
thing I,2093887
anyone else,2093601
half a,2092658
we get,2091478
had her,2088243
cup of,2086412
someone who,2085379
you just,2084593
are we,2083605
and into,2082925
a strange,2082573
a person,2082536
have made,2081739
go home,2081080
the gate,2080702
of light,2080327
hold of,2080131
back the,2079849
asked me,2079733
he must,2079427
the hallway,2077991
is very,2074859
I go,2074783
which they,2073039
such an,2071858
on with,2071102
listening to,2070611
according to,2069996
know who,2069806
be seen,2069583
each of,2069575
they 'll,2068718
smell of,2067591
wearing a,2066968
We had,2065659
but as,2065104
and again,2064413
the area,2064349
over at,2063917
at any,2061446
you got,2061435
could make,2060395
starting to,2060064
Will you,2059346
of here,2058620
amount of,2057911
looks like,2057545
did she,2057165
If we,2056808
on its,2056662
the King,2056471
to become,2055837
and by,2055655
is one,2055009
them as,2053879
into it,2053796
felt that,2053581
shall be,2051476
one 's,2050971
things that,2050509
he spoke,2050289
beside him,2049755
the job,2047768
the heart,2047521
beside the,2047009
and headed,2045922
had his,2045877
who are,2045486
my brother,2045029
across his,2044659
out that,2044512
I always,2043642
hope you,2043148
that when,2041657
people in,2041233
feet and,2040713
the letter,2039522
was quite,2039404
It took,2039386
She nodded,2038312
he walked,2038228
He gave,2036943
best to,2036422
the screen,2036244
dressed in,2036208
had found,2035247
said I,2033971
let go,2032998
held the,2032939
see me,2032810
you feel,2032643
way out,2032562
the guy,2032172
he began,2031524
of men,2031167
heard of,2030525
life and,2030353
to each,2030209
held up,2029163
breath and,2029008
The last,2027368
a hard,2027026
and be,2026089
the opposite,2025391
face of,2024758
there to,2024514
the tree,2024102
the thing,2023536
that no,2023165
his tongue,2022868
after that,2022319
one was,2021124
she can,2020321
The old,2020135
reason to,2020062
He pulled,2019481
who 's,2017343
far away,2013918
out here,2013456
not hear,2012804
not wait,2012753
she does,2011659
the path,2011342
forward and,2010964
her again,2010681
a job,2010141
and set,2009890
As they,2008573
Can not,2008076
standing in,2006055
he left,2005871
him again,2005843
He shook,2005217
the group,2004962
her breath,2004241
we would,2002698
asked her,2002598
had heard,2002320
door of,2002215
name is,2001621
little more,2001325
the school,2000661
nothing more,2000530
Even if,1999100
not leave,1997190
the work,1997121
until they,1996763
and after,1996040
the heat,1995941
he added,1995058
up into,1994770
easy to,1993992
who has,1993840
at their,1993762
so hard,1993348
to send,1991944
taking a,1991429
and stared,1990788
a dark,1990277
interest in,1988866
But we,1988528
was able,1987638
up my,1987470
though the,1987288
before we,1986709
said nothing,1986290
all day,1986147
for any,1985229
spite of,1983179
was never,1982868
had only,1981030
his friend,1980172
get away,1979892
how many,1978792
one more,1978241
that did,1977817
His voice,1973646
open and,1973608
but no,1972788
matter how,1972767
the truck,1971787
to another,1971327
pointed to,1970414
you may,1969490
was really,1966903
me from,1966732
the reason,1966612
away with,1965872
mean to,1965174
on them,1964406
to write,1962649
turned his,1962557
years old,1962158
a more,1961540
I gave,1960373
car and,1959800
glass of,1958879
arm and,1956752
Can I,1956380
He stood,1954851
asked the,1953536
sat up,1953385
in place,1952028
say to,1951075
not move,1950572
how long,1949921
the hill,1948717
you two,1945183
man and,1945043
a thousand,1944367
mother and,1942795
you said,1942253
for another,1940994
the ceiling,1939499
man of,1938827
from that,1938333
what do,1937543
Some of,1937135
allowed to,1936213
the streets,1935502
told them,1935483
more and,1935433
was she,1935138
You want,1935090
minutes later,1934619
watching the,1934576
a beautiful,1933137
to visit,1932260
his knees,1932070
you really,1930674
and is,1930327
round the,1930260
a voice,1927431
a kind,1926338
left her,1925230
do what,1925022
looked back,1923756
and tell,1923015
before him,1922699
between us,1922057
worried about,1921852
was with,1921439
still had,1921329
a glass,1920850
her at,1918729
All of,1918566
that might,1918202
turned away,1916841
to deal,1916701
sitting in,1916535
in silence,1915636
sure I,1914275
go with,1913604
back with,1913105
It does,1912877
she came,1912860
his left,1912411
I sat,1911460
so the,1911378
I only,1911309
make you,1911260
nodded and,1909873
the mirror,1909184
the entrance,1908236
of such,1907278
center of,1907101
after her,1907040
And so,1905999
She shook,1905772
of how,1904457
not answer,1903439
two years,1903424
difficult to,1901150
was probably,1900866
very good,1900423
felt as,1900189
men and,1900054
turned out,1896962
in every,1896671
took it,1896473
as my,1895753
Where are,1894775
light of,1894708
and watched,1894470
the dog,1893254
keep her,1893091
her cheeks,1892462
You think,1892220
live in,1891800
way I,1890879
long enough,1890052
called out,1889520
view of,1889227
you so,1889212
turned her,1888416
on an,1888280
the eyes,1888215
her skin,1886990
the sofa,1886762
have come,1886367
chair and,1886001
that for,1885974
And when,1885904
only thing,1885740
the years,1884811
was wrong,1884710
every time,1884660
there would,1883756
coming from,1883652
his words,1883244
lifted her,1882489
a problem,1882105
he stood,1881364
never had,1880948
from this,1880722
I promise,1880475
the field,1880169
the key,1879885
lived in,1877932
turned the,1877321
a boy,1876857
the roof,1874643
no time,1874166
listened to,1873635
the red,1873604
to touch,1871749
would go,1871731
ask you,1871491
the afternoon,1871487
many times,1870665
bottle of,1870445
the company,1869744
too many,1866595
come and,1866287
held out,1864235
with such,1863484
way back,1863461
What happened,1863003
you not,1862606
a month,1861892
day and,1861543
take you,1860921
back up,1860497
He went,1859287
this to,1858399
than you,1857415
now he,1856649
but did,1856107
not what,1855785
the person,1855625
the party,1854681
things to,1854415
before her,1852940
father had,1852562
them out,1852130
As a,1851181
toward her,1851082
her brother,1850629
place in,1850232
behind me,1849514
He held,1848629
away the,1847442
How can,1847283
we all,1847208
but at,1846459
came into,1846352
God 's,1846073
find it,1843702
She has,1843600
I walked,1842464
But when,1842096
he pulled,1840360
all he,1839141
get in,1839113
room was,1836712
in him,1836692
may not,1835800
to share,1835221
young woman,1834946
to fall,1834844
home to,1834629
me at,1833320
her daughter,1832503
since she,1831868
the poor,1831718
Why would,1829654
When you,1829255
desire to,1828473
mouth and,1828369
and felt,1826375
closed her,1825716
to escape,1825191
but for,1825169
As if,1824904
If they,1824148
give up,1823107
You need,1822671
Not a,1822432
than to,1821808
had brought,1821801
walked to,1820938
the train,1820659
arrived at,1820621
walked over,1820344
in town,1819620
He thought,1819442
next morning,1818833
That would,1818005
the island,1817803
too long,1816181
are all,1816065
the kids,1815968
why she,1814764
and who,1814111
The door,1812370
set of,1811759
like her,1810594
He glanced,1810560
the high,1808978
a pretty,1808763
before it,1808484
other people,1808363
the following,1808289
of paper,1807384
for years,1807129
he gave,1806734
looked over,1805596
down from,1804669
day of,1804521
get up,1804407
to carry,1800176
on in,1799879
Most of,1799379
some sort,1798770
not there,1797890
more like,1797763
behind them,1797552
due to,1796060
Now that,1795510
something in,1795290
to which,1795240
anything about,1794021
arm around,1793433
After the,1793092
set the,1792680
the horse,1792241
his nose,1792193
the chance,1792123
his teeth,1791940
across her,1791195
will do,1790957
in for,1790802
is just,1789144
we go,1788967
he reached,1788876
seen him,1788710
help but,1788507
a family,1788031
of something,1786352
capable of,1785991
and shook,1785973
a question,1784655
except for,1783738
for more,1782910
no other,1782535
hand over,1782230
Now I,1782146
opened her,1781035
the windows,1779246
to kiss,1778696
her name,1778099
was ready,1777455
she were,1777035
her side,1777025
a car,1776915
the present,1775957
be at,1775657
to its,1775360
wrong with,1774524
the answer,1774367
told the,1773105
through my,1772654
the rain,1772390
by one,1771851
the bridge,1769563
opened his,1769253
down into,1767749
form of,1767577
to pass,1767338
to some,1766826
she will,1766026
that what,1765985
was for,1765749
the better,1763927
called the,1763147
must not,1762999
happen to,1762109
my wife,1760095
for he,1759772
and just,1759568
a light,1759204
not we,1759104
had it,1758907
opportunity to,1758774
time the,1757278
turned around,1756611
all in,1756291
make him,1755816
was wearing,1755119
my back,1752618
sit down,1752077
the voice,1751465
stood there,1750811
a baby,1749384
I started,1748654
a number,1748587
side and,1747721
the game,1747101
cell phone,1747004
and opened,1746570
get some,1746464
her cheek,1745628
him down,1745570
it must,1745527
I hate,1744415
a high,1744407
was here,1742382
father and,1741462
a drink,1740682
give it,1739932
the large,1739409
way through,1739067
of God,1738796
his shirt,1738712
But they,1738648
ever seen,1738277
not too,1738021
At first,1736948
to set,1736628
United States,1736363
the seat,1736301
the hand,1735815
her knees,1735448
with which,1734911
had he,1734876
eyes on,1734668
But this,1734591
with each,1732944
hair was,1732937
be very,1732721
my arms,1732639
and from,1731776
How long,1731370
they might,1730857
the look,1729719
telling me,1727154
her parents,1726708
the picture,1726156
he never,1725781
from you,1724251
was good,1723745
forced to,1723340
the life,1722719
himself in,1722250
said and,1721148
you with,1720374
made of,1720224
and came,1720208
his attention,1720169
on earth,1719842
not an,1718285
them for,1717785
use the,1717355
by now,1716524
into an,1715967
been to,1714999
will take,1714895
an instant,1714648
five minutes,1713956
Why not,1713653
use of,1713163
look on,1712722
few moments,1712419
he called,1712138
determined to,1712103
think they,1710895
his desk,1709780
sure she,1709363
tell the,1709009
around in,1707926
a fine,1705932
we know,1703993
but what,1702739
And there,1702507
up as,1702464
off a,1702135
like me,1701733
did I,1700370
the snow,1700117
have known,1699979
its own,1698369
not one,1698340
him about,1696966
men who,1696722
But now,1696148
Was it,1695121
I used,1694988
something like,1694044
you about,1693251
him off,1693005
this moment,1691016
likely to,1690761
to listen,1689646
over him,1689510
water and,1688676
for our,1688573
and only,1688427
left to,1688381
from it,1688313
up there,1687962
he replied,1687566
the United,1687013
who did,1686985
we got,1686974
moment of,1686865
high school,1686645
until it,1686457
was afraid,1686439
direction of,1685979
made up,1685459
When we,1685204
matter what,1684660
the bank,1684573
the ones,1684377
have gone,1683267
turned on,1682914
her room,1682579
the stone,1682448
the rear,1682418
in London,1681762
his legs,1681347
to drive,1680858
our own,1680474
took off,1680412
my feet,1680390
mother had,1680379
and waited,1680135
long ago,1679727
man to,1679615
could never,1679576
me of,1679505
room to,1677644
her down,1677540
is he,1677116
rid of,1677103
will never,1676959
he still,1676769
agreed to,1676755
think the,1676647
it now,1676026
me like,1675447
not exactly,1675230
it took,1674937
two days,1673222
but with,1672974
down with,1672586
leaned forward,1672201
been there,1671595
his daughter,1671452
hands in,1670529
what would,1670246
parking lot,1669188
to death,1669112
She gave,1668858
had fallen,1668409
I find,1668293
was saying,1667875
call me,1667150
by this,1666882
I let,1664413
there had,1662534
her stomach,1662085
had some,1661860
it made,1661042
between his,1660134
a sigh,1659903
of blood,1659867
Even though,1659549
the local,1659417
the captain,1659041
a soft,1658141
walked out,1657073
a breath,1656807
leaving the,1655858
my sister,1655198
I wondered,1654462
his sister,1653989
by my,1652524
neck and,1652017
it the,1651419
I ever,1650286
which were,1649858
was born,1649789
you sure,1649192
she made,1648508
the moon,1648310
not ask,1648019
for two,1646106
or to,1645799
the shadows,1645252
Why are,1645097
for I,1644434
not my,1644222
walked into,1644147
way that,1643634
over there,1643499
You see,1643271
you out,1642717
He does,1641537
he tried,1641132
begin to,1640932
father was,1639984
he held,1639811
under a,1639370
just in,1637037
was time,1636945
by an,1636912
A man,1636910
focused on,1636892
me when,1636159
the number,1635120
even as,1635048
He 'll,1634450
and never,1634223
after he,1633220
me you,1632902
was hard,1632780
knew how,1632562
woman in,1632537
lots of,1632351
know he,1631954
gave the,1631208
the lake,1630846
led to,1630533
Look at,1630489
his office,1630409
a cup,1629598
man had,1629309
them a,1628833
closed his,1628572
he whispered,1628408
as one,1627999
then you,1627658
the doors,1627551
crossed the,1627473
spoke to,1626546
a slight,1626440
working on,1625583
a book,1625465
let them,1624914
if not,1624711
He sat,1621652
was supposed,1620910
up here,1620867
The girl,1620583
were you,1620111
their heads,1620091
You 'd,1619817
Her voice,1619457
many years,1619069
much for,1618796
his forehead,1618547
they came,1618374
an eye,1617807
the food,1617218
inside of,1617070
said you,1616562
it seems,1616333
Is there,1616094
had turned,1615507
prepared to,1615221
to any,1614461
of money,1614285
for something,1613755
in those,1613737
same thing,1613687
and still,1613653
shoulder and,1613332
half of,1613179
the grass,1612605
he sat,1611699
we must,1611385
He saw,1611304
Just as,1611078
taking the,1610230
long and,1610181
a strong,1610134
he just,1609964
her chin,1609670
to figure,1609261
impossible to,1609178
night and,1609071
even know,1609047
she 'll,1608542
her family,1607979
head back,1607424
talked about,1606833
turn to,1606431
be all,1605995
You mean,1605555
it when,1604172
look for,1603105
My father,1600432
you up,1600232
come here,1600155
her friend,1600059
just that,1599108
had passed,1598481
the station,1597989
them from,1597349
surrounded by,1597182
over it,1597005
these days,1596586
not she,1596408
They would,1595774
few seconds,1595743
are so,1595058
grabbed the,1594981
a tiny,1594698
expected to,1594503
seemed like,1593900
then we,1593460
I stood,1593134
not work,1593071
He reached,1592991
He paused,1591916
feeling of,1591496
They did,1591447
the law,1591100
saw it,1590839
it so,1590668
intended to,1589658
my parents,1588848
them into,1587364
She glanced,1587324
but was,1587205
shoulders and,1587136
watched as,1586918
thought to,1586173
my family,1585973
watched her,1585344
great deal,1585002
good for,1584436
tell them,1584284
him by,1584192
had in,1583743
he continued,1583693
they got,1583651
talked to,1583532
her son,1583409
the music,1583131
be happy,1582221
the enemy,1582004
they 've,1580085
away to,1578986
her breasts,1578565
at your,1578258
the porch,1578159
got it,1577890
show you,1577385
her ear,1577372
He told,1576555
filled the,1575577
put in,1574817
not speak,1574661
see them,1573642
made no,1573418
even in,1571516
be too,1570474
them both,1570199
the soft,1570184
found her,1569254
in New,1568921
noticed that,1568508
the coffee,1568359
Because I,1567587
right hand,1566991
with what,1566798
course I,1566718
get him,1566629
the eye,1566028
work for,1565571
the shop,1565359
looked as,1565188
the feeling,1564459
Where is,1563881
sorry for,1563460
you at,1563264
the dining,1562981
have taken,1562095
body was,1561305
was talking,1560689
the mountain,1560001
you here,1559344
went down,1558450
of two,1558286
his first,1557404
this point,1554413
room with,1553829
picture of,1553717
to accept,1553413
help her,1553137
that your,1552678
had known,1552304
I also,1552245
Maybe he,1551391
she walked,1551165
then it,1549892
have never,1549451
her nose,1549170
You look,1548905
ten minutes,1548504
find her,1548426
let us,1548025
wore a,1547828
their lives,1546415
He made,1546117
the Lord,1545885
and placed,1545424
Maybe I,1545187
the inside,1545113
them up,1544848
good at,1544076
to mention,1541883
knew I,1541175
stepped out,1540510
the four,1540294
seen her,1540230
was surprised,1537440
the cabin,1536980
behind his,1536901
my best,1536071
keep it,1535064
they went,1534899
proud of,1534502
length of,1534234
and every,1533475
reason for,1533004
a sense,1532705
toward him,1532427
a letter,1532214
body and,1531508
almost as,1531266
a kiss,1530820
had once,1530119
best friend,1528953
It has,1528677
my hair,1528446
in what,1527828
hint of,1527513
And yet,1527161
need you,1526773
the problem,1526753
me if,1526393
men in,1526329
come with,1526210
had all,1526209
would say,1525376
a seat,1524745
face in,1524355
she tried,1522754
in hand,1522739
series of,1522440
few hours,1522029
for now,1521853
stay in,1521749
still a,1520130
He put,1519995
found himself,1519861
is only,1519532
off with,1518509
do was,1517944
the stage,1517575
something I,1517195
the final,1517135
to wear,1516243
I realized,1516039
How about,1515938
more about,1514979
pointed out,1514836
to love,1513257
that much,1512638
could go,1512494
girl 's,1512393
stay here,1511968
was glad,1511851
He will,1511366
floor and,1510833
idea what,1510270
followed the,1510186
covered with,1508747
say something,1508649
None of,1506860
a life,1506757
hope that,1506662
how they,1506377
the outside,1506329
memory of,1506216
upon his,1505746
the spot,1505465
do we,1505065
like him,1504546
around me,1503701
all she,1503284
She thought,1503160
his cock,1502983
be like,1502204
to rest,1501936
more time,1501462
felt her,1500302
wish I,1500044
believe you,1499909
time you,1499779
and moved,1499734
They have,1499667
had nothing,1499414
having to,1499391
not all,1498723
a sort,1498429
the library,1498233
when his,1498116
What would,1498106
and closed,1497594
the blue,1496833
now she,1496106
She tried,1495867
needs to,1495760
you be,1495468
the author,1494632
no reason,1494624
could he,1494589
meet you,1494147
a fool,1493677
to continue,1492614
was done,1491855
a house,1491568
was dead,1490602
be fine,1490249
wonder if,1489760
right in,1489728
I called,1489601
to push,1489408
the year,1489238
my name,1489101
who have,1488732
raised her,1488699
a finger,1487856
place where,1487821
moment to,1487481
either side,1487425
up against,1487412
can go,1487286
members of,1487170
men were,1487096
power of,1486900
ability to,1486588
have said,1484997
call it,1484703
not imagine,1484517
understand that,1484094
myself to,1483977
will come,1483554
be as,1483312
a room,1482820
but still,1481291
upon her,1481219
Did he,1481025
you find,1480281
him of,1480052
your mind,1480036
spent the,1479868
the lights,1478750
be found,1478588
be that,1478098
about them,1477668
member of,1476997
through it,1476707
too far,1476508
five years,1476427
in spite,1476368
What I,1475993
their eyes,1475608
stopped and,1475487
to cover,1474420
He tried,1474246
my arm,1474166
work on,1474014
the corridor,1473966
in two,1472941
it should,1472901
in charge,1472288
I watched,1472110
Where 's,1471251
had lost,1470758
few weeks,1470394
of coffee,1470284
my dad,1470156
me back,1470067
So he,1469328
felt his,1469201
It could,1468662
were just,1468638
face with,1468427
eyes to,1468214
if to,1467567
leaned back,1467410
his car,1467348
to prove,1467270
time they,1467067
a secret,1466638
the empty,1466599
window and,1465980
was waiting,1465941
get into,1465363
that has,1465141
the bag,1465006
Maybe it,1463202
to myself,1463057
guess I,1462853
after him,1462396
glared at,1462286
occurred to,1461872
bunch of,1461608
her hips,1460886
My mother,1460807
and pushed,1460528
were both,1460460
but my,1460255
not keep,1458775
was even,1458543
room for,1458498
together and,1457705
she began,1457192
me into,1457100
looked out,1456963
He walked,1456943
Table of,1456760
a bottle,1456350
His face,1456170
in mind,1455802
As for,1454994
son of,1453961
us in,1453817
back against,1453785
what are,1453720
on which,1453617
could find,1453338
to cry,1452625
you hear,1451229
All I,1451104
chest and,1450753
for sure,1450412
not expect,1450381
was of,1450070
he seemed,1449926
work of,1449222
the death,1448651
glance at,1447705
do for,1447580
the early,1447575
held it,1447266
from all,1447262
have thought,1447073
headed for,1447068
of each,1446770
a group,1446718
pulled up,1445013
alone in,1444302
these things,1444265
no need,1444113
I met,1444067
hung up,1443607
to throw,1443346
comes to,1442863
at work,1441870
it can,1441777
person who,1441104
the general,1440643
not talk,1440541
love and,1440452
off in,1440344
liked to,1440272
get on,1438953
one else,1438508
the call,1438343
but also,1437512
of Contents,1437331
his chin,1437112
to begin,1436439
to finish,1436202
It seems,1436051
done it,1435979
whom he,1435168
pile of,1435161
lost in,1434970
end up,1434271
the store,1434204
living in,1434154
is more,1433847
to remain,1433697
ended up,1433525
care about,1433477
a brief,1433364
you as,1432773
by any,1432173
she replied,1431578
them that,1431328
makes me,1430883
still be,1430827
of love,1430702
up again,1430305
was another,1430244
saying that,1430242
We could,1430050
or at,1430011
the French,1429980
At this,1428894
his friends,1428748
have my,1428380
my room,1427638
his thoughts,1427593
has the,1426820
against a,1426666
that are,1426604
do a,1426427
you again,1426322
its way,1426168
had begun,1426043
How many,1425787
was making,1424990
is now,1423473
else to,1423371
is on,1422707
first place,1422623
the full,1422059
with two,1421890
his room,1421883
mother was,1421805
sure of,1421700
you on,1421520
and fell,1420222
in no,1419257
was up,1418492
than any,1417331
not had,1417326
the summer,1417139
time we,1416718
into their,1416134
this book,1415313
my shoulder,1415050
could take,1414312
so good,1414034
eyes of,1414030
took out,1413764
a dream,1413062
the base,1412871
been on,1412770
same way,1412734
the horses,1412639
few years,1412554
wife and,1412435
him so,1412390
to offer,1412252
ever since,1412037
to hurt,1411594
take me,1411577
The boy,1411517
I decided,1410531
go in,1410169
was left,1410068
could she,1409171
a heavy,1408678
those of,1407362
look in,1407223
and back,1406912
contact with,1406003
she realized,1405227
then turned,1404255
have time,1404167
Then you,1404156
from its,1404056
to those,1403866
would get,1403843
from your,1403579
his eye,1403420
life of,1403330
himself and,1403222
had she,1402427
see his,1401987
the barn,1401887
last thing,1401815
worse than,1401761
the latter,1401331
And we,1400939
can make,1400456
she added,1400408
need for,1400115
does it,1400022
the heavy,1399917
the castle,1399453
You would,1399364
together in,1398869
make out,1398203
in me,1397540
responsible for,1397191
was true,1396347
way you,1395836
still have,1395762
then a,1395739
shirt and,1395437
my son,1395116
image of,1394344
as good,1394088
turned into,1393802
the state,1393558
The one,1393276
she must,1393163
She sat,1393056
want a,1392727
to drink,1392711
from here,1392510
it before,1391952
not enough,1391900
found that,1391729
a table,1391327
begun to,1391089
away in,1390706
kept her,1390630
and handed,1390377
the apartment,1389751
fear of,1388847
us and,1387610
ten years,1387553
believe in,1387548
a red,1387453
old woman,1387435
go into,1387013
you what,1386990
the previous,1386408
them were,1386283
her about,1386201
his skin,1385219
was beginning,1385084
the bottle,1384831
for being,1384561
They all,1384398
She stood,1384189
her right,1384185
all night,1383747
it may,1383623
little bit,1382879
not very,1382337
aware that,1382211
scent of,1381821
A little,1381184
tired of,1381111
It 'll,1380668
urge to,1380432
at an,1380420
a point,1380161
me again,1380123
the north,1380122
it felt,1379988
him was,1379886
What does,1378876
over again,1378761
At last,1378727
is too,1378668
feeling that,1378664
stepped back,1378619
people were,1378537
and will,1378329
everyone else,1378275
a cold,1378131
around them,1377682
I nodded,1377645
to end,1377555
a sharp,1377506
He must,1377471
like they,1377393
watched him,1377349
other 's,1377255
was made,1376612
on what,1376395
if a,1376336
she sat,1376275
was pretty,1375884
pushed the,1375861
off my,1375779
here with,1375633
wanted her,1375362
in these,1374963
sure it,1374488
him like,1374308
and everything,1373704
And they,1373422
lifted his,1373373
said softly,1372708
stood and,1372503
all around,1372488
dining room,1372461
so close,1372199
wave of,1372053
someone to,1371530
the silence,1371484
you remember,1370142
far more,1369849
were at,1369177
can take,1369006
you look,1368975
he realized,1368392
had any,1368246
brother 's,1368136
why did,1367728
at you,1367480
have heard,1367085
and white,1366992
went up,1366801
many people,1366709
You may,1366410
asked for,1366275
list of,1366202
caught her,1366022
him when,1365673
belonged to,1365672
out as,1365331
one would,1364065
He leaned,1363872
the park,1363768
against my,1363731
the parking,1363443
the wedding,1360676
course of,1360483
take him,1359953
as that,1359688
friend of,1359440
her first,1359387
the business,1359052
a message,1358984
door opened,1358806
How are,1358698
you take,1358242
just about,1357700
type of,1357683
which would,1357292
three years,1357031
name was,1356119
and find,1355856
the mountains,1355704
after I,1355524
if this,1355354
up by,1354911
night before,1354355
had changed,1353554
effort to,1352460
behind a,1352407
they both,1351275
I kept,1350939
of other,1350861
was back,1350809
the deck,1350727
be my,1350372
around my,1350319
from which,1350119
than ever,1350055
and very,1350031
down there,1349467
the public,1349420
searching for,1349201
her chair,1348396
of yours,1347433
not here,1347345
upon a,1346905
be right,1346650
said a,1346275
go of,1346260
hard and,1346048
her off,1345875
her like,1345485
became a,1344862
life in,1344775
he wants,1344633
will go,1344479
to laugh,1343324
my chest,1343089
last of,1342875
without any,1342697
some other,1342225
three days,1342109
chance of,1341669
remember the,1341649
door behind,1341625
my husband,1341557
he put,1341392
his seat,1341342
the ball,1340916
while you,1340850
out loud,1340710
a feeling,1340631
looks at,1340615
woke up,1340591
of sight,1340101
the opportunity,1339923
first to,1339367
it 'll,1338808
or I,1338769
the tears,1338735
go through,1338297
moment he,1338007
grabbed her,1338000
will make,1337450
she stood,1337021
eye on,1336516
help him,1335809
and look,1335299
and stepped,1335088
do is,1334521
and leaned,1334042
pocket and,1333974
of mine,1333904
a corner,1333710
He laughed,1333671
by their,1333519
But as,1333397
far too,1333166
lips and,1333091
time that,1332904
for so,1332827
the lady,1332781
be better,1332703
to discuss,1332216
she left,1332190
and grabbed,1332115
there with,1331493
the yard,1331303
have told,1331289
with our,1331260
has no,1330954
it away,1330864
not hurt,1330677
would he,1330609
her so,1330369
you understand,1330134
which we,1329713
face to,1329467
throughout the,1328913
came over,1328558
I loved,1328437
your name,1328264
I pulled,1328098
for dinner,1327949
hundreds of,1327645
the perfect,1327442
would give,1327125
be good,1327120
is there,1327023
failed to,1326851
and most,1325853
in them,1325502
he kept,1325398
one had,1325395
they should,1325338
an end,1324933
some more,1324439
this world,1324140
not stand,1323901
give a,1323343
She went,1323120
I doubt,1322758
the smell,1322664
he really,1322650
you guys,1322622
had thought,1322572
the engine,1322512
I began,1321961
of thing,1321833
not about,1321787
you been,1321777
held his,1321710
she still,1321504
house was,1321344
door open,1321241
them the,1320998
we shall,1320731
walked away,1320609
a tree,1320225
the ocean,1319918
phone and,1319809
She pulled,1319753
the few,1319233
left him,1319178
one is,1318954
Is this,1318141
to draw,1317040
two weeks,1316597
us all,1316283
kept his,1316163
had died,1315778
few more,1315567
us a,1315149
not forget,1314999
was happening,1314744
the part,1314724
laughed and,1314531
pay for,1313915
half an,1313674
and another,1313575
lying on,1312766
his parents,1312219
the information,1312163
why do,1312053
the bus,1311872
the hard,1311365
loved her,1310438
she gave,1310106
and give,1309164
one and,1309056
the size,1308923
his best,1308540
get me,1308451
was clear,1308186
thought the,1308068
both hands,1307905
was much,1307302
her tongue,1306754
to anyone,1306446
and thought,1306257
am a,1306017
way down,1305120
be to,1304536
nothing else,1303746
looked to,1303638
They 'll,1302786
he answered,1302706
of having,1301973
from them,1301579
At that,1301389
a simple,1300778
I come,1300543
It must,1300152
eyes as,1299962
found in,1299250
his bed,1298437
deep in,1298031
was well,1297602
knowing that,1296945
people to,1296895
being the,1296702
air of,1296649
He stopped,1296559
to life,1296533
the arm,1296325
face as,1296261
or in,1296038
all to,1295789
and threw,1295642
his house,1294471
was this,1294452
sure what,1293888
their hands,1293869
You said,1293229
find him,1292912
mouth to,1292854
not always,1292605
her by,1292025
the elevator,1291892
herself in,1291400
an answer,1291399
come home,1291345
heard her,1291175
No matter,1290882
thousands of,1290732
is nothing,1290587
involved in,1290567
much time,1290322
did that,1290158
a note,1290105
tell us,1289248
on all,1289141
stay with,1288724
his horse,1288621
to fill,1288138
He seemed,1288135
waiting to,1287623
though they,1287314
not they,1286337
to enter,1286240
her waist,1286042
but only,1285958
who I,1285661
different from,1285477
come on,1285269
of every,1285049
some reason,1284822
the greatest,1284312
he started,1284174
a special,1283702
give the,1283444
nice to,1283265
a mistake,1283237
a dog,1282500
and brought,1282333
around here,1282325
case of,1282180
He got,1282173
me feel,1280859
one with,1280629
have her,1280557
her thoughts,1280239
door was,1279862
good idea,1279374
In this,1278957
and our,1278828
cried out,1278749
did so,1278258
say I,1277821
who can,1277571
the process,1277459
is why,1277252
wake up,1277202
been here,1277089
would 've,1276902
We all,1276692
not being,1276513
try and,1276207
the sort,1276059
size of,1275511
sat back,1275465
and nodded,1275410
looking up,1274927
not your,1274836
The young,1274519
then they,1273142
onto his,1273064
for several,1272816
the space,1272739
that their,1272607
The whole,1271175
right away,1271159
remember that,1271098
of wine,1270950
back home,1270776
presence of,1270745
pieces of,1270582
one could,1270397
the knife,1270228
No. I,1270157
despite the,1269571
so sorry,1269144
can only,1268802
even when,1268557
read it,1268157
could say,1267869
few months,1267636
making her,1267291
until we,1266379
so well,1265953
caught the,1264962
by that,1264932
decided that,1264527
long before,1264458
went through,1264414
live with,1264145
heart was,1264005
the hands,1263764
done to,1263710
that morning,1263627
care for,1262767
any one,1261993
the sand,1261345
hear it,1260922
sounded like,1260490
had grown,1259956
the restaurant,1259849
coming back,1259744
holding the,1259579
the palace,1259500
Now he,1259313
my mom,1259213
house in,1259167
dark and,1259166
several times,1258994
just wanted,1258516
said quietly,1258338
given her,1258237
his phone,1257924
my neck,1257283
a picture,1256407
time when,1256282
until you,1256011
the weather,1256005
she reached,1255638
his finger,1255432
followed her,1255186
to enjoy,1254957
where to,1254597
his men,1254535
have something,1254504
going back,1254364
made to,1253639
around a,1253564
done with,1252820
much better,1252422
but had,1252304
the memory,1252208
doing it,1252062
from an,1251915
He just,1251901
Just a,1251891
noticed the,1251638
the usual,1251497
sent to,1251446
he loved,1250651
you still,1250647
you wanted,1250615
everything that,1250000
your head,1249616
his ear,1249325
a terrible,1248926
where a,1248638
To the,1248598
on board,1248366
a story,1248293
stood on,1248243
look up,1248208
story of,1248186
now the,1247797
best of,1247621
holding her,1247552
got into,1247088
covered in,1246959
fell to,1246890
struggled to,1246871
whole thing,1246813
charge of,1246334
back a,1246119
found herself,1245646
Her heart,1244320
that can,1244135
life was,1243935
feel that,1243758
Then we,1243726
advantage of,1242062
head on,1242017
them had,1241249
days of,1240517
The room,1240330
the pool,1239830
They could,1239641
the human,1239113
either of,1239020
a glance,1238796
nothing of,1238405
did a,1238101
knowledge of,1238100
that as,1237364
I swear,1237244
making the,1236939
only way,1236797
kinds of,1236563
wall of,1236496
put up,1236023
And as,1235780
you I,1235450
stepped into,1235405
caught up,1235361
words were,1235030
approached the,1234622
ask him,1234192
as in,1234088
needed a,1233954
in life,1233526
ask me,1233445
came down,1233210
in another,1233187
doing here,1232863
something of,1232746
want him,1232057
In his,1231638
The sun,1230985
people are,1230884
I noticed,1230668
smile and,1230501
them at,1230376
a gun,1229888
brought the,1229847
other things,1229807
a face,1229704
is for,1229375
down my,1229229
to shake,1228166
is as,1228074
place for,1227776
place of,1227626
brought her,1227338
the tip,1226974
world of,1226861
the slightest,1226292
it not,1226226
put my,1226148
my first,1226100
go down,1225906
the details,1225876
the need,1225623
could I,1225434
left hand,1225335
the wood,1225174
We must,1224987
dealing with,1224153
get my,1224124
not bother,1224024
air and,1223341
of death,1223270
wanted him,1223013
heard him,1222924
her bed,1222677
while they,1222611
focus on,1222549
back door,1221618
She laughed,1221165
her words,1221036
to school,1220514
cold and,1220450
the fuck,1220292
from under,1219991
any longer,1219444
The men,1218751
watch the,1218367
can find,1218194
me so,1217679
a sound,1217658
took him,1216711
being in,1215882
work in,1215801
attached to,1215788
had started,1215638
It might,1214417
She held,1214048
call the,1213918
he moved,1213613
should I,1213578
that came,1213285
or three,1213110
mind was,1212870
And this,1212542
she called,1212455
first thing,1212050
can have,1211965
just have,1211563
even to,1211447
thing he,1211284
for himself,1211172
with another,1210950
my fingers,1210863
hoping to,1209833
Who is,1209108
We should,1209057
was some,1209026
had gotten,1208744
power to,1208359
a tall,1208331
after you,1208114
about their,1208037
same as,1207974
my house,1207932
that kind,1206925
our way,1206468
be made,1205484
a wide,1204680
account of,1204468
wondering if,1204294
is something,1203964
she cried,1202189
the shoulder,1201851
she spoke,1201370
her when,1201278
answer to,1201202
say the,1201004
a loud,1200890
their faces,1200828
reach the,1200162
glad you,1199827
that seemed,1198630
on either,1198484
really do,1198206
when her,1198204
should go,1198094
a mile,1197980
his ears,1197831
the ice,1197681
remembered the,1197317
the ring,1196873
one or,1196578
of anything,1196496
a bunch,1196108
the clock,1196105
they walked,1195941
signs of,1195866
the noise,1195842
to notice,1195822
and those,1195541
a horse,1195208
this afternoon,1195029
of pain,1194834
the green,1194465
looked away,1194461
it just,1194204
but could,1194188
she loved,1193902
You and,1193743
a fire,1193741
the foot,1193482
him away,1193417
be out,1193390
it looked,1193023
The rest,1192098
call you,1191569
glimpse of,1191471
and leave,1191464
known as,1191326
work out,1190964
got back,1190942
ask for,1190693
are no,1190545
money to,1190090
We 'd,1189594
over me,1189390
them back,1189316
was enough,1189233
a guy,1188354
was holding,1188334
the south,1188115
the storm,1187659
than it,1187540
enough of,1187435
as usual,1187266
boy 's,1187115
but one,1187075
below the,1187039
anything that,1186897
heart of,1186486
She put,1186296
you never,1186027
time it,1185779
taken a,1185567
were too,1185560
the course,1184608
surprised to,1184601
parts of,1184444
not his,1184416
given the,1184136
to act,1183752
thanks to,1183677
anything but,1183235
she just,1183094
turning to,1182574
again to,1181458
good thing,1180806
a human,1180650
Maybe she,1180431
the stars,1180134
given him,1180018
could think,1179832
leaned over,1179623
was taking,1179540
the hot,1179276
am sure,1179211
How much,1179040
and finally,1178935
down here,1178888
just before,1177874
light and,1177590
weight of,1177184
two hours,1177102
I remembered,1176875
was I,1176738
go away,1176610
death of,1176528
held a,1175759
desk and,1175479
They do,1175315
a perfect,1174856
one last,1174677
We did,1174578
the strength,1174558
she never,1173924
into this,1173795
Even the,1173715
me I,1173671
smile on,1173489
at some,1173318
upon him,1173214
is about,1173124
half the,1172470
with every,1172207
of relief,1172190
He opened,1171995
back as,1171816
the British,1171761
touched her,1171385
the plane,1170593
of white,1170497
not trust,1170420
from what,1170145
what did,1169979
I ran,1169816
know she,1169739
Give me,1169735
the tiny,1169638
could hardly,1169518
straight to,1169481
might as,1169415
her best,1169205
And how,1168939
He and,1168675
and has,1168473
his new,1167476
his stomach,1167239
s a,1166626
been an,1166279
If there,1166202
than one,1166113
his time,1165995
to allow,1165791
her forehead,1165618
that at,1165549
can help,1165327
were now,1164758
to forget,1164415
work and,1164413
heard that,1162621
called to,1162601
seen a,1162188
The thought,1162150
my throat,1162070
a call,1161693
eyes widened,1161289
afraid to,1161276
a dead,1161204
any way,1160508
that even,1160363
last few,1159978
hundred and,1158600
use it,1158566
husband 's,1158227
be one,1157936
know this,1157885
give them,1157730
took me,1157675
used the,1157597
followed him,1157055
I bet,1157037
his hat,1156869
from where,1156665
and reached,1156538
wondered what,1156422
Who 's,1155923
the days,1155902
the wheel,1155634
her was,1155544
the upper,1155510
have given,1155164
few of,1154949
sister 's,1154779
my friends,1154674
is true,1154527
hands were,1154469
your eyes,1154366
the valley,1153920
of town,1153831
of tea,1153812
really was,1153659
they reached,1153153
all you,1152851
to convince,1152731
an idea,1152452
the Great,1152364
the nearest,1152328
was because,1152182
lay on,1151788
plan to,1151639
why the,1151383
other end,1151274
would I,1151166
also a,1151113
It made,1150909
so as,1150801
any time,1150583
rose to,1150488
want it,1150253
They will,1150160
to cut,1150013
the papers,1149692
really did,1149527
loss of,1149526
deal of,1149321
had so,1149264
are still,1149004
The way,1148881
way and,1148789
the shower,1148489
appeared in,1148295
dropped the,1148125
was far,1147642
how could,1147589
continue to,1147202
tells me,1147071
much about,1146485
find that,1146127
just do,1145934
taken the,1145894
home in,1145856
ran to,1145768
Instead of,1145739
her home,1145529
the older,1145068
have your,1144821
kill him,1144709
hold on,1144577
of himself,1144438
want the,1144175
wait to,1143931
realize that,1143912
left in,1143842
you back,1143835
nature of,1143360
were there,1143024
which it,1142968
food and,1142884
He stared,1142874
He can,1142647
of work,1142592
you from,1142587
asked as,1142584
her attention,1142577
these people,1142433
now it,1142416
relationship with,1141667
the centre,1141653
before his,1141614
last year,1141338
the camp,1141282
tip of,1141004
the carriage,1140880
her feel,1140554
was full,1139919
had put,1139890
his work,1139845
to grab,1139588
my lips,1139427
outside of,1139243
just want,1138759
have one,1138414
is always,1138363
his cheek,1138144
seen it,1137989
He came,1137335
a million,1137213
her phone,1137115
her of,1137019
sound like,1136594
I opened,1136398
are to,1136372
the battle,1136270
beneath her,1136080
legs and,1135849
say you,1135314
ever been,1135246
the cave,1134590
was actually,1134472
work with,1134444
to lie,1134172
a series,1133769
But in,1133699
watching her,1133600
side to,1132424
never heard,1132249
a laugh,1132194
hands of,1132162
or what,1131344
his expression,1131340
was when,1131144
planned to,1130656
my legs,1130443
want her,1130380
never thought,1130176
a kid,1130138
a door,1129804
you make,1129534
had enough,1128437
the English,1128309
of old,1128296
he knows,1128246
looked into,1127969
Am I,1126675
she really,1126172
an arm,1126104
pointed at,1126008
Her mother,1126007
I try,1125834
lifted the,1125801
control of,1125119
not any,1124994
sides of,1124836
woman was,1124468
the deep,1124004
is she,1123155
be his,1123137
wait until,1122412
after his,1122365
to clear,1121486
on some,1121430
with those,1121367
walked up,1121285
of another,1121147
keep his,1121134
very little,1120147
had spent,1119671
to sell,1119481
head was,1118900
my lord,1118863
sat at,1118688
you came,1118610
the army,1118518
eager to,1118367
two or,1118328
me down,1118232
other way,1118184
She saw,1117652
always be,1117203
But not,1116971
make up,1116708
every one,1116654
good as,1115216
they knew,1114690
to prevent,1114460
and also,1113809
touched the,1113339
the horizon,1113330
wished to,1113288
pulled back,1112985
the narrow,1112720
opened it,1112543
was lying,1112449
mind and,1112390
was working,1112178
over with,1111598
have found,1111349
He shrugged,1111257
and women,1111024
She does,1110926
the rock,1110693
hands to,1110386
next time,1109908
stare at,1109103
them was,1108696
the weight,1108611
known to,1108537
out my,1107733
spend the,1107715
her away,1107685
after she,1107578
After that,1107572
what if,1107208
mind to,1106604
gave it,1106419
take my,1105842
you wish,1105741
body of,1105666
She reached,1105015
Or maybe,1104242
was watching,1104162
get your,1104101
a wonderful,1103998
the mother,1103266
the love,1103145
a warm,1103065
And in,1102961
the devil,1102935
friends and,1102770
cleared his,1102478
clothes and,1102394
a doctor,1102164
He might,1102132
They both,1101864
what about,1101654
the shore,1101444
a stop,1101422
put them,1101336
she pulled,1101209
a sign,1101083
only be,1100943
move on,1100850
a third,1100713
shall not,1100413
I read,1100134
they saw,1100078
are they,1099664
thing is,1099596
she answered,1099131
to ignore,1098994
within a,1098924
was taken,1098718
and without,1098437
no sign,1098294
shut the,1098167
would find,1098125
to consider,1096836
had one,1095840
fast as,1095787
sure to,1095673
and knew,1094505
with both,1094427
I make,1094344
To be,1093664
came the,1093139
I give,1093109
the chief,1093096
you ask,1092678
no choice,1092113
the week,1091827
love for,1091442
was having,1091218
coffee and,1091025
were already,1090458
a plan,1090031
a night,1089852
just for,1089614
Thanks for,1089421
they found,1089379
ground and,1089306
as many,1089027
the original,1088848
me off,1088841
wall and,1088440
was silent,1087869
She stared,1087222
me how,1086891
conversation with,1086864
She made,1086777
his jaw,1086773
an open,1086429
lit up,1086307
the meeting,1086137
rubbed his,1085380
How 's,1085179
who knew,1084867
feel it,1084794
over in,1084750
and picked,1084595
walked back,1084521
Her face,1084442
If only,1084372
means of,1083974
we might,1083437
believe me,1082970
six months,1082844
pulled a,1082363
could still,1082276
idea that,1082221
seen in,1082197
me now,1082123
way up,1081945
he watched,1081503
I reached,1080574
the court,1080507
it like,1080161
come down,1079925
they made,1079796
fond of,1079778
a private,1079687
he opened,1079625
take his,1079600
a slow,1079315
the club,1079247
her car,1079193
and kept,1079174
while we,1079166
walked in,1079153
doing the,1079009
Was he,1078939
beginning of,1078631
black hair,1078597
since you,1078514
it comes,1078366
the west,1077909
thing in,1077745
them down,1077727
get this,1077232
family and,1077142
had asked,1076998
a quiet,1076767
a hot,1076760
were being,1076604
were only,1076351
given to,1076094
your family,1075873
just how,1075610
The sound,1075572
and say,1075499
moment she,1075207
had felt,1075053
I figured,1074924
But why,1074867
that now,1074787
not heard,1074740
not bear,1074559
hours of,1074397
home with,1074190
handful of,1073831
room in,1073579
this woman,1073576
get them,1073294
right and,1072716
older than,1072650
It felt,1072263
to build,1071900
making it,1071884
your brother,1071863
things were,1071724
her teeth,1071630
will see,1071423
his old,1070942
led the,1070450
and called,1070084
She told,1070072
he have,1069822
this evening,1069546
the thick,1069478
two hundred,1069386
Maybe you,1069264
The words,1068958
May I,1068844
foot of,1068641
it or,1068155
got in,1068119
one for,1067792
As you,1067609
not allow,1067558
the message,1067202
the sink,1067201
better to,1067184
set off,1067035
would probably,1066791
he stopped,1066772
was feeling,1066439
felt it,1066376
or anything,1066247
a name,1065652
a reason,1065298
of man,1064923
with any,1064849
that led,1064449
her long,1064418
just now,1063978
what that,1063688
could use,1063500
mean that,1063293
young lady,1063289
my daughter,1063262
things in,1062474
for anything,1062442
then that,1062429
her friends,1061851
and keep,1061815
passed the,1061527
point in,1061323
sent a,1061281
than his,1061233
day in,1060655
his watch,1060483
will find,1060447
place and,1060360
a line,1060355
very long,1060296
start to,1060099
right here,1059920
as fast,1059867
not put,1059761
a stranger,1059525
or if,1059314
understand what,1059150
the presence,1058411
go for,1058388
her new,1058101
the trail,1057825
of years,1057771
seat and,1057705
and pressed,1056306
at school,1056298
to breathe,1056098
heart and,1056032
get his,1055367
the radio,1055170
fell into,1055007
be careful,1054960
right there,1054799
and maybe,1054740
all your,1053744
Right now,1053469
than anything,1053468
and continued,1053438
back for,1053331
the image,1053198
this day,1053056
But how,1052720
this case,1052103
According to,1052049
clung to,1051888
who he,1051615
you call,1051222
My heart,1051193
glanced up,1051184
You got,1050987
there a,1050693
They 've,1050629
only for,1050487
important to,1050434
told us,1050141
You might,1049619
flash of,1049275
the skin,1048958
warm and,1048627
to control,1048613
that some,1048044
her lap,1047733
black and,1047670
me by,1047629
get rid,1047545
brown eyes,1046567
She opened,1046367
coming up,1046176
under my,1045875
ask her,1045839
across from,1045679
the American,1045657
it by,1045467
had stopped,1045350
whether he,1045282
there will,1045239
everything was,1045008
as this,1044243
the warm,1044029
face the,1043803
inside and,1043274
seeing the,1043205
now you,1043089
I meant,1043057
him over,1042809
the team,1042703
if his,1042337
into one,1042336
not stay,1041405
the airport,1041038
he returned,1040864
way in,1040861
In that,1040814
and followed,1040630
thing she,1040306
kitchen and,1040203
met her,1039281
he remembered,1039177
onto her,1039082
was impossible,1038969
him he,1038867
not on,1038601
friend 's,1038383
stood at,1038086
Very well,1037932
them off,1037921
be taken,1037914
because we,1037726
and looking,1037643
a change,1037539
you believe,1037499
intention of,1037498
felt so,1037420
and which,1037376
need not,1037375
just been,1037370
a world,1037365
of mind,1037248
going out,1037169
few times,1036840
