ngram,freq
"_._ ""_. _END_",747849062
"_._ "" _END_",747849062
the_DET _NOUN_ _._,669437431
the _NOUN_ _._,669437431
the _NOUN_ _ADP_,560469823
the_DET _NOUN_ _ADP_,560469823
the _ADJ_ _NOUN_,417037992
the_DET _ADJ_ _NOUN_,417037992
a _ADJ_ _NOUN_,337211698
a_DET _ADJ_ _NOUN_,337211698
the_DET _NOUN_ ._.,336200782
the_DET _NOUN_ .,336200782
the _NOUN_ ._.,336200782
the _NOUN_ .,336200782
the_DET _NOUN_ of,322701483
the _NOUN_ of,322701483
the_DET _NOUN_ of_ADP,322701440
the _NOUN_ of_ADP,322701440
of_ADP _DET_ _NOUN_,294538798
of _DET_ _NOUN_,294538798
? _._ _END_,275395764
?_. _._ _END_,275394020
the_DET _NOUN_ _VERB_,269970710
the _NOUN_ _VERB_,269970710
I _VERB_ _VERB_,263849158
I_PRON _VERB_ _VERB_,263846799
"the _NOUN_ ,_.",257399667
"the _NOUN_ ,",257399667
"the_DET _NOUN_ ,_.",257399667
"the_DET _NOUN_ ,",257399667
to _VERB_ _PRON_,243270892
to_PRT _VERB_ _PRON_,243270550
I _VERB_ _ADV_,243082327
I_PRON _VERB_ _ADV_,243080570
in _DET_ _NOUN_,241335371
in_ADP _DET_ _NOUN_,241236367
a_DET _NOUN_ _ADP_,234717278
a _NOUN_ _ADP_,234717278
of the_DET _NOUN_,226651310
of the _NOUN_,226651310
of_ADP the _NOUN_,226651310
of_ADP the_DET _NOUN_,226651310
the_DET _NOUN_ _NOUN_,224536392
the _NOUN_ _NOUN_,224536392
a _NOUN_ _._,221791989
a_DET _NOUN_ _._,221791952
"? "" _END_",221252564
"?_. ""_. _END_",221250254
"?_. "" _END_",221250254
"? ""_. _END_",221250254
his_PRON _NOUN_ _._,211852961
his _NOUN_ _._,211852961
to _VERB_ _DET_,176393029
to_PRT _VERB_ _DET_,176392458
in the_DET _NOUN_,171590846
in the _NOUN_,171590846
in_ADP the_DET _NOUN_,171569357
in_ADP the _NOUN_,171569357
_._ '_. _END_,169660149
_._ ' _END_,169660149
of_ADP _NOUN_ _._,168645553
of _NOUN_ _._,168645553
her _NOUN_ _._,166603022
her_PRON _NOUN_ _._,166603022
I _VERB_ _PRON_,164754600
I_PRON _VERB_ _PRON_,164751892
to_PRT _DET_ _NOUN_,162302277
to _DET_ _NOUN_,162302277
and_CONJ _PRON_ _VERB_,156740803
and _PRON_ _VERB_,156740803
he_PRON _VERB_ _VERB_,147525681
he _VERB_ _VERB_,147525681
"_._ ""_. _PRON_",143689470
"_._ "" _PRON_",143689470
I _VERB_ not_ADV,142587948
I _VERB_ not,142587948
I_PRON _VERB_ not_ADV,142587347
I_PRON _VERB_ not,142587347
to _VERB_ _ADP_,141113080
to_PRT _VERB_ _ADP_,141112845
that _PRON_ _VERB_,136876818
that_ADP _PRON_ _VERB_,136805025
to_PRT the _NOUN_,132517575
to_PRT the_DET _NOUN_,132517575
to the_DET _NOUN_,132517575
to the _NOUN_,132517575
on _DET_ _NOUN_,131928153
on_ADP _DET_ _NOUN_,131588205
and_CONJ _VERB_ _PRON_,129169062
and _VERB_ _PRON_,129169062
to _VERB_ _._,126045174
to_PRT _VERB_ _._,126045031
the _NOUN_ _CONJ_,122614866
the_DET _NOUN_ _CONJ_,122614866
of _PRON_ _NOUN_,121889453
of_ADP _PRON_ _NOUN_,121889453
his _NOUN_ ._.,120809949
his_PRON _NOUN_ ._.,120809949
his _NOUN_ .,120809949
his_PRON _NOUN_ .,120809949
as _PRON_ _VERB_,120510576
as_ADP _PRON_ _VERB_,120509265
a _NOUN_ of_ADP,117372683
a_DET _NOUN_ of,117372683
a_DET _NOUN_ of_ADP,117372683
a _NOUN_ of,117372683
_VERB_ you_PRON _VERB_,115019154
The _NOUN_ _VERB_,114483537
The_DET _NOUN_ _VERB_,114191760
the _NOUN_ and,113608406
the_DET _NOUN_ and,113608406
the _NOUN_ and_CONJ,113608371
the_DET _NOUN_ and_CONJ,113608371
my _NOUN_ _._,111348304
my_PRON _NOUN_ _._,111348286
she _VERB_ _VERB_,109276183
she_PRON _VERB_ _VERB_,109276150
a _NOUN_ ._.,106980855
a _NOUN_ .,106980855
a_DET _NOUN_ .,106980834
a_DET _NOUN_ ._.,106980834
on the _NOUN_,105714581
on the_DET _NOUN_,105714581
on_ADP the_DET _NOUN_,105649309
on_ADP the _NOUN_,105649309
he_PRON _VERB_ _ADV_,104913124
he _VERB_ _ADV_,104913124
the _NOUN_ _PRT_,104705995
the_DET _NOUN_ _PRT_,104705995
I _VERB_ _._,102331534
I_PRON _VERB_ _._,102323356
in _PRON_ _NOUN_,101322060
in_ADP _PRON_ _NOUN_,101282048
at_ADP _DET_ _NOUN_,101007752
at _DET_ _NOUN_,101007752
"_._ "" _NOUN_",98454927
"_._ ""_. _NOUN_",98454927
her_PRON _NOUN_ ._.,98026474
her _NOUN_ .,98026474
her _NOUN_ ._.,98026474
her_PRON _NOUN_ .,98026474
not _VERB_ _PRON_,97700822
not_ADV _VERB_ _PRON_,97700800
did_VERB _ADV_ _VERB_,96030519
did _ADV_ _VERB_,96030519
did_VERB not _VERB_,95520259
did not _VERB_,95520259
did not_ADV _VERB_,95520259
did_VERB not_ADV _VERB_,95520259
for_ADP _DET_ _NOUN_,93369426
for _DET_ _NOUN_,93369426
and_CONJ _NOUN_ _._,93140489
and _NOUN_ _._,93140489
and_CONJ _DET_ _NOUN_,91846098
and _DET_ _NOUN_,91846098
he_PRON _VERB_ _._,90955124
he _VERB_ _._,90955124
with _DET_ _NOUN_,90235773
with_ADP _DET_ _NOUN_,90235754
I _VERB_ _DET_,89837976
I_PRON _VERB_ _DET_,89835939
if _PRON_ _VERB_,88906958
if_ADP _PRON_ _VERB_,88906958
to _VERB_ the,84156203
to _VERB_ the_DET,84156109
to_PRT _VERB_ the,84156019
to_PRT _VERB_ the_DET,84155925
to _VERB_ _NOUN_,83667899
to_PRT _VERB_ _NOUN_,83667670
but _PRON_ _VERB_,83157997
but_CONJ _PRON_ _VERB_,83117547
the _NOUN_ _PRON_,82932779
the_DET _NOUN_ _PRON_,82932779
you _VERB_ _VERB_,82705943
you_PRON _VERB_ _VERB_,82705942
in _NOUN_ _._,82533250
in_ADP _NOUN_ _._,82446654
"a _NOUN_ ,_.",82000144
"a _NOUN_ ,",82000144
"a_DET _NOUN_ ,",82000136
"a_DET _NOUN_ ,_.",82000136
she _VERB_ _ADV_,81835399
she_PRON _VERB_ _ADV_,81835258
his _NOUN_ _ADP_,80882459
his_PRON _NOUN_ _ADP_,80882459
and _VERB_ _ADP_,80846283
and_CONJ _VERB_ _ADP_,80846283
at the_DET _NOUN_,79903205
at the _NOUN_,79903205
at_ADP the _NOUN_,79903205
at_ADP the_DET _NOUN_,79903205
when _PRON_ _VERB_,78350993
when_ADV _PRON_ _VERB_,78350993
of _NOUN_ .,77370644
of_ADP _NOUN_ ._.,77370644
of _NOUN_ ._.,77370644
of_ADP _NOUN_ .,77370644
of_ADP _DET_ _ADJ_,76301810
of _DET_ _ADJ_,76301810
"his_PRON _NOUN_ ,",76079678
"his_PRON _NOUN_ ,_.",76079678
"his _NOUN_ ,",76079678
"his _NOUN_ ,_.",76079678
do _ADV_ _VERB_,76065355
do_VERB _ADV_ _VERB_,76065206
to _VERB_ _PRT_,75884728
to_PRT _VERB_ _PRT_,75884572
and_CONJ _NOUN_ _VERB_,75812208
and _NOUN_ _VERB_,75812208
do not_ADV _VERB_,75547482
do_VERB not_ADV _VERB_,75547482
do_VERB not _VERB_,75547482
do not _VERB_,75547482
in _DET_ _ADJ_,75201498
in_ADP _DET_ _ADJ_,75158560
I _VERB_ _ADP_,75090017
I_PRON _VERB_ _ADP_,75086410
I _VERB_ _PRT_,75042360
I_PRON _VERB_ _PRT_,75040551
a _NOUN_ _NOUN_,72817854
a_DET _NOUN_ _NOUN_,72817679
and _VERB_ _DET_,72466464
and_CONJ _VERB_ _DET_,72466464
she _VERB_ _._,71184405
she_PRON _VERB_ _._,71183880
the _NOUN_ _ADV_,70968770
the_DET _NOUN_ _ADV_,70968770
from _DET_ _NOUN_,70759760
from_ADP _DET_ _NOUN_,70759760
him _._ _END_,70464611
him_PRON _._ _END_,70464611
"of_ADP _NOUN_ ,_.",69839637
"of _NOUN_ ,",69839637
"of_ADP _NOUN_ ,",69839637
"of _NOUN_ ,_.",69839637
to _VERB_ ._.,69765350
to _VERB_ .,69765350
to_PRT _VERB_ ._.,69765312
to_PRT _VERB_ .,69765312
to _VERB_ _ADV_,69328134
to_PRT _VERB_ _ADV_,69327397
it _._ _END_,68230174
it_PRON _._ _END_,68229094
to_PRT _PRON_ _NOUN_,67532255
to _PRON_ _NOUN_,67532255
his_PRON _NOUN_ _VERB_,67319411
his _NOUN_ _VERB_,67319411
was_VERB _DET_ _NOUN_,66548436
was _DET_ _NOUN_,66548436
said_VERB _._ _END_,65361018
said _._ _END_,65361018
his_PRON _ADJ_ _NOUN_,65204308
his _ADJ_ _NOUN_,65204308
him . _END_,64883945
him_PRON ._. _END_,64882448
him_PRON . _END_,64882448
him ._. _END_,64882448
to _PRON_ _._,64820157
to_PRT _PRON_ _._,64820157
was _VERB_ _ADP_,64648184
was_VERB _VERB_ _ADP_,64647760
said . _END_,64540526
said_VERB ._. _END_,64539387
said_VERB . _END_,64539387
said ._. _END_,64539387
had_VERB _ADV_ _VERB_,64192975
had _ADV_ _VERB_,64192975
he_PRON _VERB_ _PRON_,63743065
he _VERB_ _PRON_,63743065
_X_ _X_ _X_,62314133
what _PRON_ _VERB_,61480483
what_PRON _PRON_ _VERB_,61459065
into _DET_ _NOUN_,61347469
into_ADP _DET_ _NOUN_,61347461
and the _NOUN_,61214537
and the_DET _NOUN_,61214537
and_CONJ the_DET _NOUN_,61214537
and_CONJ the _NOUN_,61214537
on _PRON_ _NOUN_,60978463
her_PRON _NOUN_ _ADP_,60944262
her _NOUN_ _ADP_,60944262
on_ADP _PRON_ _NOUN_,60567018
not _VERB_ _PRT_,60250693
not_ADV _VERB_ _PRT_,60250684
"_._ "" _VERB_",60030305
"_._ ""_. _VERB_",60030305
her _._ _END_,59984348
her_PRON _._ _END_,59984348
He _VERB_ _ADV_,59970771
He_PRON _VERB_ _ADV_,59970771
to _NOUN_ _._,59091979
to_PRT _NOUN_ _._,59091608
I _VERB_ to,59087099
I_PRON _VERB_ to,59085675
I _VERB_ to_PRT,59080616
I_PRON _VERB_ to_PRT,59079192
from_ADP the_DET _NOUN_,58931061
from the _NOUN_,58931061
from_ADP the _NOUN_,58931061
from the_DET _NOUN_,58931061
it . _END_,58560333
it ._. _END_,58558111
it_PRON . _END_,58558111
it_PRON ._. _END_,58558111
to _VERB_ _VERB_,58214502
to_PRT _VERB_ _VERB_,58213732
"her_PRON _NOUN_ ,_.",58157264
"her _NOUN_ ,",58157264
"her _NOUN_ ,_.",58157264
"her_PRON _NOUN_ ,",58157264
and _VERB_ _PRT_,58095846
and_CONJ _VERB_ _PRT_,58095846
of_ADP _ADJ_ _NOUN_,57968680
of _ADJ_ _NOUN_,57968680
my _NOUN_ .,57528232
my _NOUN_ ._.,57528232
my_PRON _NOUN_ ._.,57528230
my_PRON _NOUN_ .,57528230
could_VERB _ADV_ _VERB_,57408565
could _ADV_ _VERB_,57408565
not _VERB_ _DET_,57305442
not_ADV _VERB_ _DET_,57305427
it_PRON _VERB_ _ADV_,57098151
it _VERB_ _ADV_,57098151
you _VERB_ _ADV_,55613074
you_PRON _VERB_ _ADV_,55613071
her . _END_,55494989
her ._. _END_,55493720
her_PRON ._. _END_,55493720
her_PRON . _END_,55493720
the _NOUN_ to,55257598
the_DET _NOUN_ to,55257598
the_DET _NOUN_ to_PRT,55257177
the _NOUN_ to_PRT,55257177
he _VERB_ _ADP_,54235042
he_PRON _VERB_ _ADP_,54235042
and _VERB_ _ADV_,53473249
and_CONJ _VERB_ _ADV_,53473249
they_PRON _VERB_ _VERB_,53319049
they _VERB_ _VERB_,53319049
_VERB_ you_PRON _._,53189909
was _ADV_ _ADJ_,53163878
was_VERB _ADV_ _ADJ_,53163878
her _NOUN_ _VERB_,53118415
her_PRON _NOUN_ _VERB_,53118415
? ' _END_,52885222
?_. '_. _END_,52884689
?_. ' _END_,52884689
? '_. _END_,52884689
he _VERB_ _DET_,52507136
he_PRON _VERB_ _DET_,52507136
of _NOUN_ _ADP_,52239309
of_ADP _NOUN_ _ADP_,52239308
not _VERB_ to,51301341
not_ADV _VERB_ to,51301335
not _VERB_ to_PRT,51299839
not_ADV _VERB_ to_PRT,51299833
you _VERB_ _._,51197313
you_PRON _VERB_ _._,51197299
your _NOUN_ _._,51174502
your_PRON _NOUN_ _._,51174305
and I_PRON _VERB_,51113829
and I _VERB_,51113829
and_CONJ I_PRON _VERB_,51113829
and_CONJ I _VERB_,51113829
the _ADJ_ _._,50596109
the_DET _ADJ_ _._,50596109
it_PRON _VERB_ _VERB_,50172893
it _VERB_ _VERB_,50172893
He_PRON _VERB_ _VERB_,49843671
He _VERB_ _VERB_,49843671
I _VERB_ ._.,49066382
I _VERB_ .,49066382
I_PRON _VERB_ .,49064987
I_PRON _VERB_ ._.,49064987
of_ADP _PRON_ _._,48653360
of _PRON_ _._,48653360
He_PRON _VERB_ _PRON_,48632882
He _VERB_ _PRON_,48632882
was _ADV_ _VERB_,48624664
was_VERB _ADV_ _VERB_,48624664
her_PRON _ADJ_ _NOUN_,48378494
her _ADJ_ _NOUN_,48378494
She _VERB_ _ADV_,48271200
She_PRON _VERB_ _ADV_,48271197
into_ADP the_DET _NOUN_,48156845
into the _NOUN_,48156845
into the_DET _NOUN_,48156845
into_ADP the _NOUN_,48156845
was_VERB _DET_ _ADJ_,48126991
was _DET_ _ADJ_,48126991
I _VERB_ _ADJ_,47805116
I_PRON _VERB_ _ADJ_,47804505
me _._ _END_,47379392
me_PRON _._ _END_,47377182
not _VERB_ _._,47221479
not_ADV _VERB_ _._,47221475
we _VERB_ _VERB_,46974227
we_PRON _VERB_ _VERB_,46974165
of_ADP the_DET _ADJ_,46910261
of_ADP the _ADJ_,46910261
of the_DET _ADJ_,46910261
of the _ADJ_,46910261
not _VERB_ _ADP_,46884440
not_ADV _VERB_ _ADP_,46884283
she _VERB_ _PRON_,46739648
she_PRON _VERB_ _PRON_,46739537
I do _ADV_,46699826
I_PRON do _ADV_,46699826
I do_VERB _ADV_,46699826
I_PRON do_VERB _ADV_,46699826
and _ADJ_ _NOUN_,46519268
and_CONJ _ADJ_ _NOUN_,46519268
you _VERB_ _PRON_,46302015
you_PRON _VERB_ _PRON_,46301993
I do not,46206977
I_PRON do not_ADV,46206147
I_PRON do not,46206147
I do not_ADV,46206147
I_PRON do_VERB not,46206147
I_PRON do_VERB not_ADV,46206147
I do_VERB not_ADV,46206147
I do_VERB not,46206147
It _VERB_ _ADV_,46110885
It_PRON _VERB_ _ADV_,46110885
he_PRON _VERB_ .,45598784
he_PRON _VERB_ ._.,45598784
he _VERB_ .,45598784
he _VERB_ ._.,45598784
with _DET_ _ADJ_,45247565
with_ADP _DET_ _ADJ_,45247565
in _NOUN_ _ADP_,45094449
The _ADJ_ _NOUN_,45037828
in_ADP _NOUN_ _ADP_,45031909
The_DET _ADJ_ _NOUN_,45025007
of _NOUN_ _VERB_,44914503
of_ADP _NOUN_ _VERB_,44914502
for_ADP the _NOUN_,44880066
for the_DET _NOUN_,44880066
for_ADP the_DET _NOUN_,44880066
for the _NOUN_,44880066
this _NOUN_ _._,44769975
this_DET _NOUN_ _._,44769969
of _NOUN_ _NOUN_,44738584
of_ADP _NOUN_ _NOUN_,44738584
_X_ _._ _._,44380233
I _ADV_ _VERB_,44329346
I_PRON _ADV_ _VERB_,44328765
an_DET _ADJ_ _NOUN_,44315553
an _ADJ_ _NOUN_,44315553
to _VERB_ a,44289468
to_PRT _VERB_ a,44289189
to _VERB_ a_DET,44274166
to_PRT _VERB_ a_DET,44273887
of_ADP his _NOUN_,44242355
of his_PRON _NOUN_,44242355
of his _NOUN_,44242355
of_ADP his_PRON _NOUN_,44242355
and _NOUN_ ._.,44236348
and_CONJ _NOUN_ ._.,44236348
and_CONJ _NOUN_ .,44236348
and _NOUN_ .,44236348
his _NOUN_ _CONJ_,44101516
his_PRON _NOUN_ _CONJ_,44101516
he _VERB_ _PRT_,43871128
he_PRON _VERB_ _PRT_,43871128
a _NOUN_ _VERB_,43662478
a_DET _NOUN_ _VERB_,43662475
would_VERB _ADV_ _VERB_,43541837
would _ADV_ _VERB_,43541837
as _DET_ _NOUN_,43400604
as_ADP _DET_ _NOUN_,43400600
_VERB_ your _NOUN_,42935921
_VERB_ your_PRON _NOUN_,42935921
by _DET_ _NOUN_,42903628
by_ADP _DET_ _NOUN_,42903509
was _ADJ_ _._,42782791
was_VERB _ADJ_ _._,42782791
a_DET _ADJ_ _._,42672038
a _ADJ_ _._,42672038
could not_ADV _VERB_,42606794
could_VERB not _VERB_,42606794
could not _VERB_,42606794
could_VERB not_ADV _VERB_,42606794
"_._ "" he",42578546
"_._ ""_. he",42578546
"_._ "" he_PRON",42578546
"_._ ""_. he_PRON",42578546
was _VERB_ _PRT_,42558530
was_VERB _VERB_ _PRT_,42558266
with _NOUN_ _._,42396431
with_ADP _NOUN_ _._,42396425
to _VERB_ _ADJ_,42384462
to_PRT _VERB_ _ADJ_,42384034
and _PRON_ _NOUN_,42372367
and_CONJ _PRON_ _NOUN_,42372367
with the _NOUN_,42355194
with the_DET _NOUN_,42355194
with_ADP the_DET _NOUN_,42355194
with_ADP the _NOUN_,42355194
and _VERB_ _._,42228590
and_CONJ _VERB_ _._,42228590
you _._ _._,42214734
you_PRON _._ _._,42206435
out _ADP_ _DET_,41985065
his _NOUN_ and_CONJ,41954147
his _NOUN_ and,41954147
his_PRON _NOUN_ and_CONJ,41954147
his_PRON _NOUN_ and,41954147
had_VERB _VERB_ _PRON_,41888080
had _VERB_ _PRON_,41888080
to _VERB_ her,41619335
to _VERB_ her_PRON,41619335
to_PRT _VERB_ her,41619296
to_PRT _VERB_ her_PRON,41619296
going _PRT_ _VERB_,41494596
going_VERB _PRT_ _VERB_,41494552
going to_PRT _VERB_,41454292
going to _VERB_,41454292
going_VERB to _VERB_,41454248
going_VERB to_PRT _VERB_,41454248
in _NOUN_ ._.,41241896
in _NOUN_ .,41241896
to _DET_ _ADJ_,41231081
to_PRT _DET_ _ADJ_,41231081
in_ADP _NOUN_ .,41205774
in_ADP _NOUN_ ._.,41205774
the _NOUN_ in,41128503
the_DET _NOUN_ in,41128503
the _NOUN_ in_ADP,41109306
the_DET _NOUN_ in_ADP,41109306
me . _END_,40947290
me ._. _END_,40946048
me_PRON ._. _END_,40944301
me_PRON . _END_,40944301
"I _VERB_ ,",40875646
"I _VERB_ ,_.",40875646
"I_PRON _VERB_ ,",40869897
"I_PRON _VERB_ ,_.",40869897
He _VERB_ _DET_,40773538
He_PRON _VERB_ _DET_,40773538
for_ADP _PRON_ _._,40749107
for _PRON_ _._,40749107
a _NOUN_ _PRT_,40637495
a_DET _NOUN_ _PRT_,40637494
and _NOUN_ _ADP_,40607860
and_CONJ _NOUN_ _ADP_,40607854
she _VERB_ _ADP_,40597474
she_PRON _VERB_ _ADP_,40597094
and _ADV_ _VERB_,40594643
and_CONJ _ADV_ _VERB_,40594643
"my_PRON _NOUN_ ,",40579036
"my _NOUN_ ,",40579036
"my_PRON _NOUN_ ,_.",40579036
"my _NOUN_ ,_.",40579036
their _NOUN_ _._,40390487
their_PRON _NOUN_ _._,40390487
he_PRON _VERB_ not_ADV,40284479
he_PRON _VERB_ not,40284479
he _VERB_ not,40284479
he _VERB_ not_ADV,40284479
and_CONJ _VERB_ the,40242890
and _VERB_ the,40242890
and_CONJ _VERB_ the_DET,40242693
and _VERB_ the_DET,40242693
for _NOUN_ _._,40115640
for_ADP _NOUN_ _._,40115540
with_ADP _PRON_ _NOUN_,39905696
with _PRON_ _NOUN_,39905696
I _VERB_ you,39901281
I _VERB_ you_PRON,39901281
I_PRON _VERB_ you,39900708
I_PRON _VERB_ you_PRON,39900708
_X_ _._ _PRON_,39643851
the _NOUN_ _DET_,39395677
the_DET _NOUN_ _DET_,39395677
was _VERB_ _._,39331511
was_VERB _VERB_ _._,39331323
with _PRON_ _._,39268963
with_ADP _PRON_ _._,39268963
as_ADP he _VERB_,39181973
as_ADP he_PRON _VERB_,39181973
as he_PRON _VERB_,39181973
as he _VERB_,39181973
"to _VERB_ ,_.",38878412
"to _VERB_ ,",38878412
"to_PRT _VERB_ ,",38878370
"to_PRT _VERB_ ,_.",38878370
can _ADV_ _VERB_,38471716
can_VERB _ADV_ _VERB_,38471536
not _VERB_ _ADV_,38454910
not_ADV _VERB_ _ADV_,38454885
The _NOUN_ _ADP_,38418085
"he _VERB_ ,_.",38239731
"he _VERB_ ,",38239731
"he_PRON _VERB_ ,_.",38239731
"he_PRON _VERB_ ,",38239731
had _VERB_ _ADP_,38181281
had_VERB _VERB_ _ADP_,38181281
in the _ADJ_,38063250
in the_DET _ADJ_,38063250
in_ADP the_DET _ADJ_,38060374
in_ADP the _ADJ_,38060374
in his _NOUN_,37876428
in his_PRON _NOUN_,37876428
in_ADP his _NOUN_,37857522
in_ADP his_PRON _NOUN_,37857522
The_DET _NOUN_ _ADP_,37823467
She _VERB_ _PRON_,37805219
She_PRON _VERB_ _PRON_,37805218
She _VERB_ _VERB_,37638099
She_PRON _VERB_ _VERB_,37638096
But _PRON_ _VERB_,37593908
But_CONJ _PRON_ _VERB_,37564204
"_X_ ,_. _PRON_",37390874
"_X_ , _PRON_",37390874
that _NOUN_ _VERB_,37344305
"_._ "" I_PRON",37312663
"_._ ""_. I_PRON",37312663
"_._ ""_. I",37312663
"_._ "" I",37312663
for_ADP _DET_ _ADJ_,37094026
for _DET_ _ADJ_,37094026
I _VERB_ _NOUN_,37007484
I_PRON _VERB_ _NOUN_,37006593
she _VERB_ ._.,36982625
she _VERB_ .,36982625
she_PRON _VERB_ .,36982509
she_PRON _VERB_ ._.,36982509
of_ADP _NOUN_ _CONJ_,36967113
of _NOUN_ _CONJ_,36967113
"_X_ _._ ""_.",36950779
"_X_ _._ """,36950779
the _NOUN_ 's,36950537
the_DET _NOUN_ 's,36950537
_X_ _._ _END_,36939014
_._ ' _PRON_,36721417
that _NOUN_ _._,36672393
the_DET _NOUN_ 's_PRT,36438450
the _NOUN_ 's_PRT,36438450
the _NOUN_ that,36334167
the_DET _NOUN_ that,36334167
_._ '_. _PRON_,36306946
"and _NOUN_ ,_.",36123825
"and_CONJ _NOUN_ ,",36123825
"and_CONJ _NOUN_ ,_.",36123825
"and _NOUN_ ,",36123825
in a _NOUN_,36043899
in a_DET _NOUN_,36043899
in_ADP a _NOUN_,36003071
in_ADP a_DET _NOUN_,36003071
the _NOUN_ was_VERB,35979949
the_DET _NOUN_ was_VERB,35979949
the_DET _NOUN_ was,35979949
the _NOUN_ was,35979949
had_VERB _VERB_ _DET_,35946541
had _VERB_ _DET_,35946541
You _VERB_ _VERB_,35535204
You_PRON _VERB_ _VERB_,35534345
that he _VERB_,35521896
that he_PRON _VERB_,35521896
that_ADP he_PRON _VERB_,35517474
that_ADP he _VERB_,35517474
and_CONJ _DET_ _ADJ_,35448069
and _DET_ _ADJ_,35448069
she _VERB_ _DET_,35384097
she_PRON _VERB_ _DET_,35383808
had_VERB _DET_ _NOUN_,35324524
had _DET_ _NOUN_,35324524
her _NOUN_ _CONJ_,34971375
her_PRON _NOUN_ _CONJ_,34971375
that_DET _NOUN_ _._,34495483
that _DET_ _NOUN_,34436528
that_ADP _DET_ _NOUN_,34389640
to _PRON_ .,34125832
to_PRT _PRON_ .,34125832
to _PRON_ ._.,34125832
to_PRT _PRON_ ._.,34125832
"_._ ""_. she",34093167
"_._ "" she",34093167
"_._ "" she_PRON",34092648
"_._ ""_. she_PRON",34092648
"you _._ ""_.",33969902
"you _._ """,33969902
"you_PRON _._ """,33963338
"you_PRON _._ ""_.",33963338
and _NOUN_ _NOUN_,33799173
and_CONJ _NOUN_ _NOUN_,33799173
He _VERB_ _ADP_,33785811
He_PRON _VERB_ _ADP_,33785811
and _ADJ_ _._,33516273
and_CONJ _ADJ_ _._,33516273
want _PRT_ _VERB_,33491585
want to_PRT _VERB_,33484862
want to _VERB_,33484862
want_VERB _PRT_ _VERB_,33446821
want_VERB to_PRT _VERB_,33440124
want_VERB to _VERB_,33440124
of a _NOUN_,33340922
of_ADP a_DET _NOUN_,33340922
of_ADP a _NOUN_,33340922
of a_DET _NOUN_,33340922
her_PRON _NOUN_ and,33296492
her _NOUN_ and,33296492
her _NOUN_ and_CONJ,33296487
her_PRON _NOUN_ and_CONJ,33296487
of _NOUN_ and,33129147
of_ADP _NOUN_ and,33129147
of_ADP _NOUN_ and_CONJ,33129144
of _NOUN_ and_CONJ,33129144
on _DET_ _ADJ_,33058124
a_DET _NOUN_ _CONJ_,33023436
a _NOUN_ _CONJ_,33023436
had _VERB_ _VERB_,32970905
had_VERB _VERB_ _VERB_,32970905
that _VERB_ _VERB_,32923434
on_ADP _DET_ _ADJ_,32843859
I_PRON 'll _VERB_,32837550
I_PRON 'll_VERB _VERB_,32837550
I 'll_VERB _VERB_,32837550
I 'll _VERB_,32837550
have _DET_ _NOUN_,32824119
have_VERB _DET_ _NOUN_,32824119
out _ADP_ the,32728839
out _ADP_ the_DET,32728834
was _VERB_ to,32573827
was _VERB_ to_PRT,32573800
was_VERB _VERB_ to,32573703
was_VERB _VERB_ to_PRT,32573676
my _NOUN_ _ADP_,32541053
my_PRON _NOUN_ _ADP_,32541015
it _._ _._,32516861
it_PRON _._ _._,32515799
for a _NOUN_,32389193
for_ADP a_DET _NOUN_,32389193
for a_DET _NOUN_,32389193
for_ADP a _NOUN_,32389193
and he _VERB_,32379012
and_CONJ he _VERB_,32379012
and_CONJ he_PRON _VERB_,32379012
and he_PRON _VERB_,32379012
that_DET _VERB_ _VERB_,32353891
of her_PRON _NOUN_,32255364
of her _NOUN_,32255364
of_ADP her_PRON _NOUN_,32255364
of_ADP her _NOUN_,32255364
she _VERB_ _PRT_,32242091
she_PRON _VERB_ _PRT_,32242068
I _VERB_ the,32234083
I_PRON _VERB_ the,32233284
I _VERB_ the_DET,32230687
I_PRON _VERB_ the_DET,32229888
"in _NOUN_ ,_.",32149741
"in _NOUN_ ,",32149741
can_VERB not_ADV _VERB_,32121979
can not_ADV _VERB_,32121979
can not _VERB_,32121979
can_VERB not _VERB_,32121979
"in_ADP _NOUN_ ,_.",32110276
"in_ADP _NOUN_ ,",32110276
was_VERB _ADV_ _ADV_,32096577
was _ADV_ _ADV_,32096577
You _VERB_ _ADV_,32047941
You_PRON _VERB_ _ADV_,32046820
they_PRON _VERB_ _ADV_,31977485
they _VERB_ _ADV_,31977485
to be_VERB _VERB_,31788892
to_PRT be_VERB _VERB_,31788892
to be _VERB_,31788892
to_PRT be _VERB_,31788892
with_ADP a_DET _NOUN_,31765819
with_ADP a _NOUN_,31765819
with a _NOUN_,31765819
with a_DET _NOUN_,31765819
she _VERB_ not_ADV,31749126
she _VERB_ not,31749126
she_PRON _VERB_ not,31749028
she_PRON _VERB_ not_ADV,31749028
you_PRON _VERB_ _DET_,31671466
you _VERB_ _DET_,31671466
like _DET_ _NOUN_,31612698
have _PRT_ _VERB_,31524187
have_VERB _PRT_ _VERB_,31524187
have to _VERB_,31509395
have_VERB to _VERB_,31509395
have_VERB to_PRT _VERB_,31509395
have to_PRT _VERB_,31509395
my _NOUN_ _VERB_,31457184
my_PRON _NOUN_ _VERB_,31457180
was a_DET _NOUN_,31202119
was a _NOUN_,31202119
was_VERB a_DET _NOUN_,31202119
was_VERB a _NOUN_,31202119
by the _NOUN_,31155358
by the_DET _NOUN_,31155358
by_ADP the_DET _NOUN_,31155310
by_ADP the _NOUN_,31155310
and_CONJ _VERB_ _NOUN_,31120645
and _VERB_ _NOUN_,31120645
he_PRON _VERB_ to,31080313
he _VERB_ to,31080313
he _VERB_ to_PRT,31078079
he_PRON _VERB_ to_PRT,31078079
to _NOUN_ ._.,30982043
to _NOUN_ .,30982043
to_PRT _NOUN_ .,30981768
to_PRT _NOUN_ ._.,30981768
It_PRON _VERB_ _DET_,30963505
It _VERB_ _DET_,30963505
like_ADP _DET_ _NOUN_,30659669
all _DET_ _NOUN_,30602724
all_DET _DET_ _NOUN_,30602590
to _VERB_ it_PRON,30494630
to _VERB_ it,30494630
to_PRT _VERB_ it_PRON,30494622
to_PRT _VERB_ it,30494622
them _._ _END_,30439230
them_PRON _._ _END_,30439230
to _VERB_ to,30421187
to_PRT _VERB_ to,30421070
to _VERB_ to_PRT,30417634
to_PRT _VERB_ to_PRT,30417517
His _NOUN_ _VERB_,30290153
His_PRON _NOUN_ _VERB_,30290153
_X_ _X_ _._,30161770
a _NOUN_ to,30102509
a_DET _NOUN_ to,30102509
a_DET _NOUN_ to_PRT,30102442
a _NOUN_ to_PRT,30102442
be _VERB_ _ADP_,29997978
be_VERB _VERB_ _ADP_,29992582
the _VERB_ _NOUN_,29950814
the_DET _VERB_ _NOUN_,29941188
and_CONJ _VERB_ to,29725948
and _VERB_ to,29725948
and_CONJ _VERB_ to_PRT,29725343
and _VERB_ to_PRT,29725343
a _NOUN_ _ADV_,29700601
a_DET _NOUN_ _ADV_,29700600
at _NOUN_ _._,29676809
at_ADP _NOUN_ _._,29676455
who_PRON _VERB_ _VERB_,29634518
who _VERB_ _VERB_,29634518
it_PRON _VERB_ _DET_,29592095
it _VERB_ _DET_,29592095
his_PRON _NOUN_ _PRT_,29582777
his _NOUN_ _PRT_,29582777
If _PRON_ _VERB_,29512132
If_ADP _PRON_ _VERB_,29512132
not _VERB_ _NOUN_,29432535
not_ADV _VERB_ _NOUN_,29432533
"she _VERB_ ,",29403487
"she _VERB_ ,_.",29403487
"she_PRON _VERB_ ,_.",29403098
"she_PRON _VERB_ ,",29403098
from _PRON_ _NOUN_,29212428
from_ADP _PRON_ _NOUN_,29212428
at_ADP _PRON_ _._,28951922
at _PRON_ _._,28951922
a _ADJ_ _ADJ_,28854130
a_DET _ADJ_ _ADJ_,28854124
not _VERB_ _VERB_,28758891
not_ADV _VERB_ _VERB_,28758850
you _._ _END_,28755560
you_PRON _._ _END_,28755559
had_VERB been_VERB _VERB_,28713024
had_VERB been _VERB_,28713024
had been_VERB _VERB_,28713024
had been _VERB_,28713024
the _ADJ_ _ADJ_,28702711
the_DET _ADJ_ _ADJ_,28702711
as_ADP she _VERB_,28676130
as_ADP she_PRON _VERB_,28676130
as she_PRON _VERB_,28676130
as she _VERB_,28676130
me _._ _._,28423860
me_PRON _._ _._,28420016
think _PRON_ _VERB_,28386194
think_VERB _PRON_ _VERB_,28384349
would_VERB _VERB_ _VERB_,28305894
would _VERB_ _VERB_,28305894
to _VERB_ him,28292496
to _VERB_ him_PRON,28292496
to_PRT _VERB_ him,28292467
to_PRT _VERB_ him_PRON,28292467
She_PRON _VERB_ _DET_,28287018
She _VERB_ _DET_,28287018
with_ADP _ADJ_ _NOUN_,28250490
with _ADJ_ _NOUN_,28250490
of_ADP _PRON_ _VERB_,28182077
of _PRON_ _VERB_,28182077
you _VERB_ _PRT_,28137108
you_PRON _VERB_ _PRT_,28137108
I _VERB_ a,27984670
I_PRON _VERB_ a,27983945
he 'd _VERB_,27981793
he 'd_VERB _VERB_,27981793
he_PRON 'd _VERB_,27981793
he_PRON 'd_VERB _VERB_,27981793
I _VERB_ a_DET,27923865
I_PRON _VERB_ a_DET,27923141
them . _END_,27814123
them ._. _END_,27812771
them_PRON ._. _END_,27812771
them_PRON . _END_,27812771
And _PRON_ _VERB_,27784967
that I _VERB_,27784004
that I_PRON _VERB_,27783901
that_ADP I_PRON _VERB_,27780002
that_ADP I _VERB_,27780002
And_CONJ _PRON_ _VERB_,27773657
said _._ _._,27585716
said_VERB _._ _._,27585716
and _VERB_ her_PRON,27576176
and _VERB_ her,27576176
and_CONJ _VERB_ her_PRON,27576176
and_CONJ _VERB_ her,27576176
said _NOUN_ _._,27387308
said_VERB _NOUN_ _._,27387290
there _VERB_ _DET_,27351872
in _ADJ_ _NOUN_,27350015
I_PRON 'm _ADV_,27336903
I 'm_VERB _ADV_,27336903
I 'm _ADV_,27336903
I_PRON 'm_VERB _ADV_,27336903
in_ADP _ADJ_ _NOUN_,27310338
and_CONJ _VERB_ _VERB_,27220719
and _VERB_ _VERB_,27220719
that _VERB_ _ADV_,27141799
not_ADV _ADV_ _VERB_,27113234
not _ADV_ _VERB_,27113234
is _DET_ _NOUN_,27087513
is_VERB _DET_ _NOUN_,27087511
in a_DET _ADJ_,27065963
in a _ADJ_,27065963
in_ADP a_DET _ADJ_,27038686
in_ADP a _ADJ_,27038686
would_VERB not_ADV _VERB_,27023392
would not_ADV _VERB_,27023392
would not _VERB_,27023392
would_VERB not _VERB_,27023392
in her_PRON _NOUN_,27009497
in her _NOUN_,27009497
at _PRON_ _NOUN_,27004716
at_ADP _PRON_ _NOUN_,27004705
in_ADP her_PRON _NOUN_,27000614
in_ADP her _NOUN_,27000614
at_ADP _DET_ _ADJ_,26979499
at _DET_ _ADJ_,26979499
was_VERB a _ADJ_,26891712
was a_DET _ADJ_,26891712
was a _ADJ_,26891712
was_VERB a_DET _ADJ_,26891712
you _VERB_ not_ADV,26883706
you _VERB_ not,26883706
you_PRON _VERB_ not,26883706
you_PRON _VERB_ not_ADV,26883706
so _PRON_ _VERB_,26824387
my _ADJ_ _NOUN_,26777187
my_PRON _ADJ_ _NOUN_,26777144
there_DET _VERB_ _DET_,26703924
"_._ ""_. said_VERB",26692220
"_._ ""_. said",26692220
"_._ "" said_VERB",26692220
"_._ "" said",26692220
you _VERB_ _ADP_,26687681
you_PRON _VERB_ _ADP_,26687656
he_PRON was _VERB_,26633636
he was _VERB_,26633636
he was_VERB _VERB_,26633636
he_PRON was_VERB _VERB_,26633636
She _VERB_ _ADP_,26588069
She_PRON _VERB_ _ADP_,26588068
and_CONJ _ADP_ _DET_,26557153
and _ADP_ _DET_,26557153
that_DET _VERB_ _ADV_,26528034
of_ADP _PRON_ _ADJ_,26512082
of _PRON_ _ADJ_,26512082
_VERB_ you_PRON _ADV_,26479047
through _DET_ _NOUN_,26337995
through_ADP _DET_ _NOUN_,26337014
to_PRT the_DET _ADJ_,26326319
to the_DET _ADJ_,26326319
to the _ADJ_,26326319
to_PRT the _ADJ_,26326319
he said_VERB _._,26319064
he_PRON said _._,26319064
he_PRON said_VERB _._,26319064
he said _._,26319064
I 'm _VERB_,26277869
I 'm_VERB _VERB_,26277869
I_PRON 'm _VERB_,26277869
I_PRON 'm_VERB _VERB_,26277869
He _VERB_ _PRT_,26263479
He_PRON _VERB_ _PRT_,26263479
he_PRON had _VERB_,26065439
he_PRON had_VERB _VERB_,26065439
he had _VERB_,26065439
he had_VERB _VERB_,26065439
of _PRON_ .,26040791
of _PRON_ ._.,26040791
of_ADP _PRON_ .,26040791
of_ADP _PRON_ ._.,26040791
What _VERB_ _PRON_,26001113
What_PRON _VERB_ _PRON_,26000965
not _VERB_ .,25937941
not _VERB_ ._.,25937941
not_ADV _VERB_ ._.,25937940
not_ADV _VERB_ .,25937940
and_CONJ she _VERB_,25888489
and_CONJ she_PRON _VERB_,25888489
and she_PRON _VERB_,25888489
and she _VERB_,25888489
Her _NOUN_ _VERB_,25848092
Her_PRON _NOUN_ _VERB_,25848092
of _NOUN_ _PRT_,25795289
of_ADP _NOUN_ _PRT_,25795289
"it _._ ""_.",25739169
"it _._ """,25739169
"it_PRON _._ """,25738410
"it_PRON _._ ""_.",25738410
where _PRON_ _VERB_,25720199
where_ADV _PRON_ _VERB_,25720199
it_PRON _VERB_ _ADJ_,25702811
it _VERB_ _ADJ_,25702811
_X_ _._ _NOUN_,25690215
an _NOUN_ _._,25643600
an_DET _NOUN_ _._,25643588
again _._ _END_,25516192
again_ADV _._ _END_,25472301
had not _VERB_,25437429
had not_ADV _VERB_,25437429
had_VERB not _VERB_,25437429
had_VERB not_ADV _VERB_,25437429
his _NOUN_ _ADV_,25397005
his_PRON _NOUN_ _ADV_,25397005
so_ADP _PRON_ _VERB_,25347233
had _VERB_ _PRT_,25340760
had_VERB _VERB_ _PRT_,25340760
had _PRT_ _VERB_,25328524
had_VERB _PRT_ _VERB_,25328524
had_VERB to_PRT _VERB_,25287302
had to _VERB_,25287302
had to_PRT _VERB_,25287302
had_VERB to _VERB_,25287302
that_ADP _NOUN_ _VERB_,25250938
for_ADP _PRON_ _NOUN_,25201528
for _PRON_ _NOUN_,25201528
one _ADP_ _DET_,25089292
The _NOUN_ _NOUN_,24978759
but I _VERB_,24963755
but I_PRON _VERB_,24963755
but_CONJ I _VERB_,24950100
but_CONJ I_PRON _VERB_,24950100
been_VERB _VERB_ _ADP_,24913975
been _VERB_ _ADP_,24913975
that she _VERB_,24858756
that she_PRON _VERB_,24858739
that_ADP she _VERB_,24854722
that_ADP she_PRON _VERB_,24854722
It_PRON _VERB_ _VERB_,24809879
It _VERB_ _VERB_,24809879
The _NOUN_ of_ADP,24561617
The _NOUN_ of,24561617
We _VERB_ _VERB_,24507456
We_PRON _VERB_ _VERB_,24507456
it _VERB_ _._,24478696
it_PRON _VERB_ _._,24478696
we _VERB_ _ADV_,24425323
we_PRON _VERB_ _ADV_,24424934
will _ADV_ _VERB_,24407012
will_VERB _ADV_ _VERB_,24399795
out_ADP _ADP_ _DET_,24386480
one_NUM _ADP_ _DET_,24384022
a _ADV_ _ADJ_,24294253
a_DET _ADV_ _ADJ_,24293547
"said ,_. _._",24282507
"said_VERB , _._",24282507
"said , _._",24282507
"said_VERB ,_. _._",24282507
he _VERB_ the,24264826
he_PRON _VERB_ the,24264826
he _VERB_ the_DET,24264751
he_PRON _VERB_ the_DET,24264751
out _ADP_ _PRON_,24238256
_X_ . _END_,24222396
_X_ ._. _END_,24222396
The_DET _NOUN_ of_ADP,24110351
The_DET _NOUN_ of,24110351
_._ ' _NOUN_,24091925
to _VERB_ you,24088144
to_PRT _VERB_ you,24088128
to _VERB_ you_PRON,24087519
to_PRT _VERB_ you_PRON,24087503
a _NOUN_ and,24080826
a_DET _NOUN_ and,24080826
a_DET _NOUN_ and_CONJ,24080817
a _NOUN_ and_CONJ,24080817
about _DET_ _NOUN_,24063199
it_PRON _VERB_ not,24057834
it _VERB_ not,24057834
it _VERB_ not_ADV,24057833
it_PRON _VERB_ not_ADV,24057833
about_ADP _DET_ _NOUN_,24019096
was_VERB _ADJ_ _ADP_,23978222
was _ADJ_ _ADP_,23978222
her_PRON _NOUN_ _PRT_,23968585
her _NOUN_ _PRT_,23968585
again . _END_,23948922
again ._. _END_,23947391
again_ADV . _END_,23909887
again_ADV ._. _END_,23909887
she_PRON 'd _VERB_,23893509
she_PRON 'd_VERB _VERB_,23893509
she 'd_VERB _VERB_,23893509
she 'd _VERB_,23893509
all the _NOUN_,23775708
all the_DET _NOUN_,23775708
all_DET the_DET _NOUN_,23775708
all_DET the _NOUN_,23775708
that_ADP the _NOUN_,23767866
that the_DET _NOUN_,23767866
that_ADP the_DET _NOUN_,23767866
that the _NOUN_,23767866
it _VERB_ _ADP_,23750201
it_PRON _VERB_ _ADP_,23750201
with a _ADJ_,23729939
with_ADP a _ADJ_,23729939
with_ADP a_DET _ADJ_,23729939
with a_DET _ADJ_,23729939
to_PRT his _NOUN_,23698720
to his_PRON _NOUN_,23698720
to his _NOUN_,23698720
to_PRT his_PRON _NOUN_,23698720
you _VERB_ to,23644054
you_PRON _VERB_ to,23644054
you _VERB_ to_PRT,23641535
you_PRON _VERB_ to_PRT,23641535
up _DET_ _NOUN_,23600515
out of_ADP _DET_,23575597
out of _DET_,23575597
because _PRON_ _VERB_,23572765
because_ADP _PRON_ _VERB_,23572761
up _ADP_ _DET_,23571031
into_ADP _PRON_ _NOUN_,23533258
into _PRON_ _NOUN_,23533258
before _PRON_ _VERB_,23452461
before_ADP _PRON_ _VERB_,23435902
out_ADP of _DET_,23435223
out_ADP of_ADP _DET_,23435223
The_DET _NOUN_ _NOUN_,23379955
be _VERB_ _._,23346073
be_VERB _VERB_ _._,23342300
I _VERB_ it,23313795
I _VERB_ it_PRON,23313795
I_PRON _VERB_ it,23313397
I_PRON _VERB_ it_PRON,23313397
in _NOUN_ of_ADP,23272521
in _NOUN_ of,23272521
_._ '_. _NOUN_,23265283
be _ADJ_ _._,23259535
be_VERB _ADJ_ _._,23256771
in_ADP _NOUN_ of,23242511
in_ADP _NOUN_ of_ADP,23242511
I was _VERB_,23236813
I was_VERB _VERB_,23236813
I_PRON was _VERB_,23236746
I_PRON was_VERB _VERB_,23236746
wanted _PRT_ _VERB_,23206065
wanted_VERB _PRT_ _VERB_,23206038
wanted to _VERB_,23202644
wanted to_PRT _VERB_,23202644
wanted_VERB to_PRT _VERB_,23202619
wanted_VERB to _VERB_,23202619
I_PRON 'm_VERB _ADJ_,23132867
I 'm_VERB _ADJ_,23132867
I_PRON 'm _ADJ_,23132867
I 'm _ADJ_,23132867
"me _._ ""_.",23058049
"me _._ """,23058049
"me_PRON _._ """,23055577
"me_PRON _._ ""_.",23055577
There _VERB_ _DET_,23052527
There_DET _VERB_ _DET_,23014857
was _ADV_ _DET_,22911816
was_VERB _ADV_ _DET_,22911816
she _VERB_ to,22861773
she_PRON _VERB_ to,22861753
she _VERB_ to_PRT,22860784
she_PRON _VERB_ to_PRT,22860764
on his_PRON _NOUN_,22859225
on his _NOUN_,22859225
with _NOUN_ .,22822363
with _NOUN_ ._.,22822363
with_ADP _NOUN_ ._.,22822357
with_ADP _NOUN_ .,22822357
a few _NOUN_,22820758
a few_ADJ _NOUN_,22820758
a_DET few_ADJ _NOUN_,22820758
a_DET few _NOUN_,22820758
He_PRON _VERB_ not,22764622
He _VERB_ not,22764622
He_PRON _VERB_ not_ADV,22764621
He _VERB_ not_ADV,22764621
his _NOUN_ _NOUN_,22649693
his_PRON _NOUN_ _NOUN_,22649693
on the_DET _ADJ_,22639507
on the _ADJ_,22639507
on_ADP the _ADJ_,22620142
on_ADP the_DET _ADJ_,22620142
on_ADP his_PRON _NOUN_,22594625
on_ADP his _NOUN_,22594625
through the _NOUN_,22574007
through the_DET _NOUN_,22574007
through_ADP the_DET _NOUN_,22573322
through_ADP the _NOUN_,22573322
that _PRON_ was,22559365
that _PRON_ was_VERB,22559162
that_ADP _PRON_ was,22554590
that_ADP _PRON_ was_VERB,22554432
"_X_ , _NOUN_",22486796
"_X_ ,_. _NOUN_",22486796
I did_VERB _ADV_,22428716
I did _ADV_,22428716
I_PRON did_VERB _ADV_,22428509
I_PRON did _ADV_,22428509
and_CONJ _ADV_ _PRON_,22405095
and _ADV_ _PRON_,22405095
When _PRON_ _VERB_,22375579
When_ADV _PRON_ _VERB_,22375579
"said _._ """,22364510
"said _._ ""_.",22364510
"said_VERB _._ ""_.",22364510
"said_VERB _._ """,22364510
had_VERB _VERB_ _._,22337135
had _VERB_ _._,22337135
your _NOUN_ .,22303898
your _NOUN_ ._.,22303898
your_PRON _NOUN_ ._.,22303840
your_PRON _NOUN_ .,22303840
for _PRON_ ._.,22297433
for _PRON_ .,22297433
for_ADP _PRON_ ._.,22297433
for_ADP _PRON_ .,22297433
a _NOUN_ in,22220194
a_DET _NOUN_ in,22220194
a_DET _NOUN_ in_ADP,22211316
a _NOUN_ in_ADP,22211316
It _VERB_ _ADJ_,22197213
It_PRON _VERB_ _ADJ_,22197213
"to_PRT _PRON_ ,",22165637
"to_PRT _PRON_ ,_.",22165637
"to _PRON_ ,",22165637
"to _PRON_ ,_.",22165637
over _DET_ _NOUN_,22153280
"to _NOUN_ ,",22063144
"to _NOUN_ ,_.",22063144
"to_PRT _NOUN_ ,",22063087
"to_PRT _NOUN_ ,_.",22063087
and_CONJ _VERB_ it_PRON,22036819
and_CONJ _VERB_ it,22036819
and _VERB_ it,22036819
and _VERB_ it_PRON,22036819
to _VERB_ his_PRON,22029032
to _VERB_ his,22029032
to_PRT _VERB_ his_PRON,22028950
to_PRT _VERB_ his,22028950
the_DET _NOUN_ with,22006332
the _NOUN_ with,22006332
the_DET _NOUN_ with_ADP,22006253
the _NOUN_ with_ADP,22006253
I did not,21939422
I did_VERB not,21939026
I did_VERB not_ADV,21939026
I did not_ADV,21939026
I_PRON did_VERB not_ADV,21938827
I_PRON did not,21938827
I_PRON did not_ADV,21938827
I_PRON did_VERB not,21938827
had _VERB_ _ADV_,21881575
had_VERB _VERB_ _ADV_,21881575
he_PRON _ADV_ _VERB_,21846346
he _ADV_ _VERB_,21846346
The _NOUN_ was_VERB,21790423
The _NOUN_ was,21790423
_VERB_ you_PRON _ADP_,21765712
The_DET _NOUN_ was_VERB,21764029
The_DET _NOUN_ was,21764029
up_PRT _DET_ _NOUN_,21745625
their_PRON _NOUN_ .,21742665
their _NOUN_ ._.,21742665
their _NOUN_ .,21742665
their_PRON _NOUN_ ._.,21742665
the_DET _NOUN_ -_.,21721214
the _NOUN_ -,21721214
the_DET _NOUN_ -,21721214
the _NOUN_ -_.,21721214
an _NOUN_ _ADP_,21694673
an_DET _NOUN_ _ADP_,21694672
were _VERB_ _ADP_,21667163
were_VERB _VERB_ _ADP_,21666785
I 'd_VERB _VERB_,21586329
I 'd _VERB_,21586329
I_PRON 'd_VERB _VERB_,21586328
I_PRON 'd _VERB_,21586328
to _VERB_ with,21543456
to_PRT _VERB_ with,21543453
him_PRON _ADP_ _DET_,21537641
him _ADP_ _DET_,21537641
to _VERB_ with_ADP,21498678
to_PRT _VERB_ with_ADP,21498675
I 've_VERB _VERB_,21322646
I 've _VERB_,21322646
I_PRON 've_VERB _VERB_,21322646
I_PRON 've _VERB_,21322646
you . _END_,21303445
you_PRON ._. _END_,21301357
you ._. _END_,21301357
you_PRON . _END_,21301357
no _NOUN_ _ADP_,21295467
over_ADP _DET_ _NOUN_,21290807
no_DET _NOUN_ _ADP_,21284981
a _NOUN_ _PRON_,21271432
a_DET _NOUN_ _PRON_,21271432
to _VERB_ that,21249330
to_PRT _VERB_ that,21249317
that _._ _END_,21177451
that_DET _._ _END_,21175250
the _NOUN_ ?,21164574
the _NOUN_ ?_.,21164574
the_DET _NOUN_ ?_.,21164574
the_DET _NOUN_ ?,21164574
for _NOUN_ .,21155096
for _NOUN_ ._.,21155096
for_ADP _NOUN_ .,21155051
for_ADP _NOUN_ ._.,21155051
was _VERB_ ._.,21047883
was _VERB_ .,21047883
was_VERB _VERB_ ._.,21047788
was_VERB _VERB_ .,21047788
as _ADV_ _ADP_,20998318
that _VERB_ _PRON_,20927340
as _ADP_ _PRON_,20849414
as_ADV _ADV_ _ADP_,20836613
as_ADP _ADP_ _PRON_,20812842
I _VERB_ my,20800745
I_PRON _VERB_ my,20800535
I _VERB_ my_PRON,20797149
I_PRON _VERB_ my_PRON,20796939
do _PRON_ _VERB_,20679231
do_VERB _PRON_ _VERB_,20678682
She _VERB_ _PRT_,20649999
She_PRON _VERB_ _PRT_,20649997
have _VERB_ _PRON_,20587003
have_VERB _VERB_ _PRON_,20586721
when he _VERB_,20574603
when_ADV he_PRON _VERB_,20574603
when he_PRON _VERB_,20574603
when_ADV he _VERB_,20574603
the_DET _NOUN_ on,20558263
the _NOUN_ on,20558263
as _ADV_ as,20504633
with_ADP _PRON_ .,20492864
with _PRON_ ._.,20492864
with_ADP _PRON_ ._.,20492864
with _PRON_ .,20492864
be _DET_ _NOUN_,20446770
be_VERB _DET_ _NOUN_,20446769
as_ADV _ADV_ as,20419906
it was _ADV_,20401780
it was_VERB _ADV_,20401780
it_PRON was _ADV_,20401780
it_PRON was_VERB _ADV_,20401780
out_ADP _ADP_ the_DET,20379710
out_ADP _ADP_ the,20379710
was_VERB _ADV_ _ADP_,20364761
was _ADV_ _ADP_,20364761
one of_ADP _DET_,20361604
one of _DET_,20361604
the _NOUN_ on_ADP,20358627
the_DET _NOUN_ on_ADP,20358627
one_NUM of_ADP _DET_,20353529
one_NUM of _DET_,20353529
her _NOUN_ _ADV_,20335708
her_PRON _NOUN_ _ADV_,20335708
could _VERB_ _PRON_,20280184
could_VERB _VERB_ _PRON_,20280184
and_CONJ _ADP_ _PRON_,20250944
and _ADP_ _PRON_,20250944
would _VERB_ _PRON_,20243097
would_VERB _VERB_ _PRON_,20243095
was _ADJ_ ._.,20215956
was _ADJ_ .,20215956
was_VERB _ADJ_ ._.,20215956
was_VERB _ADJ_ .,20215956
the same_ADJ _NOUN_,20207918
the_DET same _NOUN_,20207918
the_DET same_ADJ _NOUN_,20207918
the same _NOUN_,20207918
on _NOUN_ _._,20170552
as_ADP the _NOUN_,20112739
as the _NOUN_,20112739
as the_DET _NOUN_,20112739
as_ADP the_DET _NOUN_,20112739
back _ADP_ _DET_,20009001
the _NOUN_ had,20000651
the _NOUN_ had_VERB,20000651
the_DET _NOUN_ had,20000651
the_DET _NOUN_ had_VERB,20000651
on_ADP _NOUN_ _._,20000183
as _ADV_ as_ADP,19959342
she said_VERB _._,19930508
she_PRON said _._,19930508
she_PRON said_VERB _._,19930508
she said _._,19930508
as_ADV _ADV_ as_ADP,19879147
It_PRON _VERB_ not,19860129
It_PRON _VERB_ not_ADV,19860129
It _VERB_ not,19860129
It _VERB_ not_ADV,19860129
no _NOUN_ _._,19801881
about _PRON_ _._,19798372
about_ADP _PRON_ _._,19798362
that_DET _VERB_ _PRON_,19788958
no_DET _NOUN_ _._,19780767
"_VERB_ you_PRON ,_.",19761380
"_VERB_ you_PRON ,",19761380
and_CONJ _VERB_ a,19745449
and _VERB_ a,19745449
and _VERB_ a_DET,19739757
and_CONJ _VERB_ a_DET,19739757
"said , """,19737123
"said_VERB , ""_.",19736155
"said_VERB , """,19736155
"said_VERB ,_. ""_.",19736155
"said ,_. """,19736155
"said , ""_.",19736155
"said_VERB ,_. """,19736155
"said ,_. ""_.",19736155
up_PRT _ADP_ _DET_,19719466
up _._ _END_,19700151
out of the,19673510
out of_ADP the,19672704
out of the_DET,19672704
out of_ADP the_DET,19672704
like a _NOUN_,19663333
like a_DET _NOUN_,19663333
_._ ' _VERB_,19599943
A _ADJ_ _NOUN_,19597787
she was _VERB_,19567892
she was_VERB _VERB_,19567892
she_PRON was_VERB _VERB_,19567892
she_PRON was _VERB_,19567892
to _VERB_ me,19565767
to _VERB_ me_PRON,19565767
to_PRT _VERB_ me_PRON,19565739
to_PRT _VERB_ me,19565739
I_PRON can_VERB _ADV_,19564061
I can_VERB _ADV_,19564061
I_PRON can _ADV_,19564061
I can _ADV_,19564061
out_ADP of_ADP the,19557533
out_ADP of the,19557533
out_ADP of the_DET,19557533
out_ADP of_ADP the_DET,19557533
let_VERB _PRON_ _VERB_,19555941
let _PRON_ _VERB_,19555941
_VERB_ you_PRON ._.,19485394
_VERB_ you_PRON .,19485394
if_ADP you_PRON _VERB_,19449132
if you _VERB_,19449132
if you_PRON _VERB_,19449132
if_ADP you _VERB_,19449132
could _VERB_ _DET_,19433816
could_VERB _VERB_ _DET_,19433816
not _VERB_ the,19431616
not_ADV _VERB_ the,19431606
not _VERB_ the_DET,19431371
not_ADV _VERB_ the_DET,19431361
like_ADP a _NOUN_,19427724
like_ADP a_DET _NOUN_,19427724
"_._ "" _DET_",19411661
"_._ ""_. _DET_",19411661
A_DET _ADJ_ _NOUN_,19390963
our_PRON _NOUN_ _._,19323904
our _NOUN_ _._,19323904
that _VERB_ _DET_,19275341
a_DET _ADJ_ -_.,19101616
a_DET _ADJ_ -,19101616
a _ADJ_ -,19101616
a _ADJ_ -_.,19101616
was _ADP_ _DET_,19009732
was_VERB _ADP_ _DET_,19009205
Then _PRON_ _VERB_,18991002
to _NOUN_ _NOUN_,18966828
to_PRT _NOUN_ _NOUN_,18966742
She _VERB_ not_ADV,18933375
She _VERB_ not,18933375
She_PRON _VERB_ not,18933374
She_PRON _VERB_ not_ADV,18933374
one _ADP_ the,18867653
one _ADP_ the_DET,18867645
this _NOUN_ .,18867523
this _NOUN_ ._.,18867523
this_DET _NOUN_ ._.,18867522
this_DET _NOUN_ .,18867522
that _ADJ_ _NOUN_,18860732
and _VERB_ ._.,18823454
and _VERB_ .,18823454
and_CONJ _VERB_ ._.,18823454
and_CONJ _VERB_ .,18823454
_._ '_. _VERB_,18806390
as_ADP a _NOUN_,18800231
as_ADP a_DET _NOUN_,18800231
as a_DET _NOUN_,18800231
as a _NOUN_,18800231
would_VERB _VERB_ _DET_,18729046
would _VERB_ _DET_,18729046
"and_CONJ _VERB_ ,_.",18727329
"and_CONJ _VERB_ ,",18727329
"and _VERB_ ,",18727329
"and _VERB_ ,_.",18727329
trying _PRT_ _VERB_,18714102
trying to_PRT _VERB_,18711342
trying to _VERB_,18711342
at the_DET _ADJ_,18703355
at_ADP the _ADJ_,18703355
at_ADP the_DET _ADJ_,18703355
at the _ADJ_,18703355
Then_ADV _PRON_ _VERB_,18678501
trying_VERB _PRT_ _VERB_,18674844
trying_VERB to _VERB_,18672089
trying_VERB to_PRT _VERB_,18672089
and the_DET _ADJ_,18665714
and the _ADJ_,18665714
and_CONJ the _ADJ_,18665714
and_CONJ the_DET _ADJ_,18665714
You _VERB_ not_ADV,18660629
You _VERB_ not,18660629
You_PRON _VERB_ not_ADV,18659856
You_PRON _VERB_ not,18659856
over the _NOUN_,18643278
over the_DET _NOUN_,18643278
my_PRON _NOUN_ _CONJ_,18630335
my _NOUN_ _CONJ_,18630335
of my _NOUN_,18605245
of_ADP my_PRON _NOUN_,18605245
of_ADP my _NOUN_,18605245
of my_PRON _NOUN_,18605245
was _VERB_ _ADV_,18603521
was_VERB _VERB_ _ADV_,18602804
asked _._ _END_,18601227
asked_VERB _._ _END_,18601215
He_PRON _VERB_ his,18569618
He_PRON _VERB_ his_PRON,18569618
He _VERB_ his,18569618
He _VERB_ his_PRON,18569618
so _ADJ_ _._,18546135
so_ADV _ADJ_ _._,18542625
to her_PRON _NOUN_,18520562
to her _NOUN_,18520562
to_PRT her _NOUN_,18520562
to_PRT her_PRON _NOUN_,18520562
to _VERB_ in,18514898
to_PRT _VERB_ in,18514864
asked . _END_,18496286
asked ._. _END_,18496192
asked_VERB ._. _END_,18496185
asked_VERB . _END_,18496185
you_PRON ._. _._,18481898
you ._. _._,18481898
you . _._,18481898
you_PRON . _._,18481898
said_VERB _._ _VERB_,18470078
said _._ _VERB_,18470078
if_ADP he_PRON _VERB_,18465661
if he _VERB_,18465661
if_ADP he _VERB_,18465661
if he_PRON _VERB_,18465661
My _NOUN_ _VERB_,18428772
he_PRON _VERB_ _ADJ_,18426253
he _VERB_ _ADJ_,18426253
one_NUM _ADP_ the,18426083
one_NUM _ADP_ the_DET,18426075
out _ADP_ _NOUN_,18422131
My_PRON _NOUN_ _VERB_,18395441
he_PRON _VERB_ _NOUN_,18395427
he _VERB_ _NOUN_,18395427
his _NOUN_ to,18384726
his_PRON _NOUN_ to,18384726
his _NOUN_ to_PRT,18384687
his_PRON _NOUN_ to_PRT,18384687
that _._ _._,18371938
that_DET _VERB_ _DET_,18370507
as I_PRON _VERB_,18358696
as I _VERB_,18358696
as_ADP I _VERB_,18358696
as_ADP I_PRON _VERB_,18358696
the_DET other _NOUN_,18347952
the other_ADJ _NOUN_,18347952
the_DET other_ADJ _NOUN_,18347952
the other _NOUN_,18347952
over_ADP the_DET _NOUN_,18292654
over_ADP the _NOUN_,18292654
she_PRON had _VERB_,18258594
she had _VERB_,18258594
she_PRON had_VERB _VERB_,18258594
she had_VERB _VERB_,18258594
I _VERB_ that,18237599
I_PRON _VERB_ that,18237332
the _NOUN_ that_ADP,18236698
the_DET _NOUN_ that_ADP,18236698
up . _END_,18230439
up ._. _END_,18230065
as _ADJ_ _ADP_,18227609
her _ADP_ _DET_,18156568
her_PRON _ADP_ _DET_,18156568
then _PRON_ _VERB_,18153897
then_ADV _PRON_ _VERB_,18153770
not_ADV _DET_ _NOUN_,18142120
not _DET_ _NOUN_,18142120
and_CONJ a _NOUN_,18127540
and a_DET _NOUN_,18127540
and a _NOUN_,18127540
and_CONJ a_DET _NOUN_,18127540
their_PRON _ADJ_ _NOUN_,18125180
their _ADJ_ _NOUN_,18125180
"said_VERB , _VERB_",18121357
"said , _VERB_",18121357
"said_VERB ,_. _VERB_",18121357
"said ,_. _VERB_",18121357
I_PRON can_VERB _VERB_,18107284
I_PRON can _VERB_,18107284
I can _VERB_,18107284
I can_VERB _VERB_,18107284
head _._ _END_,18103339
head_NOUN _._ _END_,18099356
which _PRON_ _VERB_,18023221
which_DET _PRON_ _VERB_,18023221
he_PRON was_VERB _ADV_,17973651
he_PRON was _ADV_,17973651
he was _ADV_,17973651
he was_VERB _ADV_,17973651
will not_ADV _VERB_,17943285
will not _VERB_,17943285
will_VERB not _VERB_,17942944
will_VERB not_ADV _VERB_,17942944
"_X_ _X_ ,",17893631
"_X_ _X_ ,_.",17893631
He _VERB_ the,17882963
He_PRON _VERB_ the,17882963
He_PRON _VERB_ the_DET,17882938
He _VERB_ the_DET,17882938
and _VERB_ his,17792140
and _VERB_ his_PRON,17792140
and_CONJ _VERB_ his_PRON,17792140
and_CONJ _VERB_ his,17792140
"this _NOUN_ ,",17751356
"this _NOUN_ ,_.",17751356
"this_DET _NOUN_ ,",17751352
"this_DET _NOUN_ ,_.",17751352
but _DET_ _NOUN_,17737286
I was _ADV_,17725756
I was_VERB _ADV_,17725756
I_PRON was_VERB _ADV_,17725724
I_PRON was _ADV_,17725724
other _NOUN_ _._,17719556
other_ADJ _NOUN_ _._,17719556
was_VERB the _NOUN_,17686204
was_VERB the_DET _NOUN_,17686204
was the_DET _NOUN_,17686204
was the _NOUN_,17686204
to_PRT _PRON_ _ADP_,17658376
to _PRON_ _ADP_,17658376
that_DET _._ _._,17654920
it _ADP_ _DET_,17654500
it_PRON _ADP_ _DET_,17654500
head . _END_,17652452
head ._. _END_,17652256
down _DET_ _NOUN_,17651975
head_NOUN ._. _END_,17649594
head_NOUN . _END_,17649594
in my _NOUN_,17636945
in my_PRON _NOUN_,17636945
the_DET _NOUN_ that_DET,17632335
the _NOUN_ that_DET,17632335
in_ADP my_PRON _NOUN_,17631873
in_ADP my _NOUN_,17631873
have _VERB_ _DET_,17631163
have_VERB _VERB_ _DET_,17630789
but_CONJ _DET_ _NOUN_,17628619
the_DET first _NOUN_,17625655
the_DET first_ADJ _NOUN_,17625655
the first _NOUN_,17625655
the first_ADJ _NOUN_,17625655
not_ADV _VERB_ _ADJ_,17615328
not _VERB_ _ADJ_,17615328
they _VERB_ _ADP_,17562691
they_PRON _VERB_ _ADP_,17562691
from_ADP _DET_ _ADJ_,17552575
from _DET_ _ADJ_,17552575
now _._ _END_,17505413
now_ADV _._ _END_,17505401
my _NOUN_ and,17456962
my_PRON _NOUN_ and,17456962
my_PRON _NOUN_ and_CONJ,17456960
my _NOUN_ and_CONJ,17456960
out _._ _END_,17449646
the _NOUN_ for,17441388
the_DET _NOUN_ for,17441388
the _NOUN_ for_ADP,17441372
the_DET _NOUN_ for_ADP,17441372
"your _NOUN_ ,_.",17411852
"your _NOUN_ ,",17411852
"your_PRON _NOUN_ ,_.",17411758
"your_PRON _NOUN_ ,",17411758
up _ADP_ _PRON_,17410082
they_PRON _VERB_ _DET_,17404172
they _VERB_ _DET_,17404172
time _._ _END_,17402615
time_NOUN _._ _END_,17393579
the _NOUN_ he_PRON,17354635
the _NOUN_ he,17354635
the_DET _NOUN_ he,17354635
the_DET _NOUN_ he_PRON,17354635
would have_VERB _VERB_,17344874
would have _VERB_,17344874
would_VERB have_VERB _VERB_,17344874
would_VERB have _VERB_,17344874
I could_VERB _VERB_,17341344
I_PRON could_VERB _VERB_,17341344
I_PRON could _VERB_,17341344
I could _VERB_,17341344
own _NOUN_ _._,17320806
own_ADJ _NOUN_ _._,17299603
do _ADV_ know_VERB,17292701
do _ADV_ know,17292701
do_VERB _ADV_ know,17292701
do_VERB _ADV_ know_VERB,17292701
do not know,17287724
do not know_VERB,17287370
do_VERB not know_VERB,17287370
do_VERB not_ADV know_VERB,17287370
do not_ADV know_VERB,17287370
do not_ADV know,17287370
do_VERB not_ADV know,17287370
do_VERB not know,17287370
not _VERB_ it,17280296
not_ADV _VERB_ it_PRON,17280296
not_ADV _VERB_ it,17280296
not _VERB_ it_PRON,17280296
at_ADP _PRON_ .,17259740
at _PRON_ ._.,17259740
at_ADP _PRON_ ._.,17259740
at _PRON_ .,17259740
She_PRON _VERB_ her_PRON,17206501
She _VERB_ her,17206501
She _VERB_ her_PRON,17206501
She_PRON _VERB_ her,17206501
but he _VERB_,17200606
but he_PRON _VERB_,17200606
but_CONJ he _VERB_,17200129
but_CONJ he_PRON _VERB_,17200129
need _PRT_ _VERB_,17194553
need to _VERB_,17187423
need to_PRT _VERB_,17187422
for_ADP the _ADJ_,17154671
for_ADP the_DET _ADJ_,17154671
for the _ADJ_,17154671
for the_DET _ADJ_,17154671
in _PRON_ _ADJ_,17142965
a _NOUN_ _DET_,17138876
a_DET _NOUN_ _DET_,17138872
in_ADP _PRON_ _ADJ_,17138270
I can not,17119719
I_PRON can_VERB not,17119166
I_PRON can_VERB not_ADV,17119166
I_PRON can not_ADV,17119166
I can_VERB not_ADV,17119166
I can not_ADV,17119166
I can_VERB not,17119166
I_PRON can not,17119166
in _NOUN_ _NOUN_,17100638
in_ADP _NOUN_ _NOUN_,17089128
"_._ "" _._",17067112
"_._ ""_. _._",17067112
into _DET_ _ADJ_,17043655
into_ADP _DET_ _ADJ_,17043644
in _NOUN_ _PRT_,17040909
out _DET_ _NOUN_,17037258
in_ADP _NOUN_ _PRT_,17030558
the_DET _ADJ_ -_.,17024672
the _ADJ_ -_.,17024672
the _ADJ_ -,17024672
the_DET _ADJ_ -,17024672
to _VERB_ out,17022146
to_PRT _VERB_ out,17022128
and _DET_ _VERB_,17015089
and_CONJ _DET_ _VERB_,17015089
They _VERB_ _VERB_,17013361
"a _ADJ_ ,_.",16996861
"a _ADJ_ ,",16996861
"a_DET _ADJ_ ,_.",16996861
"a_DET _ADJ_ ,",16996861
They_PRON _VERB_ _VERB_,16988843
"was_VERB _ADJ_ ,_.",16941548
"was_VERB _ADJ_ ,",16941548
"was _ADJ_ ,",16941548
"was _ADJ_ ,_.",16941548
_X_ _._ I,16930128
_X_ _._ I_PRON,16920776
to be_VERB _ADJ_,16916199
to be _ADJ_,16916199
to_PRT be _ADJ_,16916199
to_PRT be_VERB _ADJ_,16916199
to _NOUN_ _ADP_,16911385
to_PRT _NOUN_ _ADP_,16911226
that . _END_,16910077
that ._. _END_,16909694
that_DET ._. _END_,16909619
that_DET . _END_,16909619
about the _NOUN_,16900284
about the_DET _NOUN_,16900284
"the _ADJ_ ,",16896514
"the_DET _ADJ_ ,",16896514
"the _ADJ_ ,_.",16896514
"the_DET _ADJ_ ,_.",16896514
about_ADP the _NOUN_,16886647
about_ADP the_DET _NOUN_,16886647
said _ADV_ _._,16801601
said_VERB _ADV_ _._,16801601
it_PRON _VERB_ _PRON_,16788569
it _VERB_ _PRON_,16788569
is _DET_ _ADJ_,16784327
is_VERB _DET_ _ADJ_,16784327
on her_PRON _NOUN_,16769567
on her _NOUN_,16769567
is _ADV_ _ADJ_,16758434
is_VERB _ADV_ _ADJ_,16758434
It_PRON was_VERB _ADV_,16750758
It was_VERB _ADV_,16750758
It_PRON was _ADV_,16750758
It was _ADV_,16750758
of a _ADJ_,16702412
of a_DET _ADJ_,16702412
of_ADP a _ADJ_,16702412
of_ADP a_DET _ADJ_,16702412
on_ADP her_PRON _NOUN_,16681701
on_ADP her _NOUN_,16681701
I _VERB_ I,16681032
I_PRON _VERB_ I,16680852
I _VERB_ I_PRON,16680481
I_PRON _VERB_ I_PRON,16680305
is_VERB _ADJ_ _._,16665531
is _ADJ_ _._,16665531
thought _PRON_ _VERB_,16662231
"_X_ , _._",16650635
"_X_ ,_. _._",16650635
he_PRON _VERB_ a,16636352
he _VERB_ a,16636352
he_PRON _VERB_ a_DET,16628293
he _VERB_ a_DET,16628293
back _ADP_ the,16534451
back _ADP_ the_DET,16534440
to _VERB_ _CONJ_,16533727
to_PRT _VERB_ _CONJ_,16533708
when I _VERB_,16514906
when_ADV I_PRON _VERB_,16514906
when I_PRON _VERB_,16514906
when_ADV I _VERB_,16514906
thought_VERB _PRON_ _VERB_,16513235
It_PRON _VERB_ a,16491057
It _VERB_ a,16491057
It _VERB_ a_DET,16489110
It_PRON _VERB_ a_DET,16489110
know _PRON_ _VERB_,16484180
know_VERB _PRON_ _VERB_,16481677
it _ADP_ _PRON_,16462530
it_PRON _ADP_ _PRON_,16462529
had _VERB_ to,16450881
had_VERB _VERB_ to,16450881
had_VERB _VERB_ to_PRT,16450868
had _VERB_ to_PRT,16450868
her_PRON _NOUN_ _NOUN_,16411352
her _NOUN_ _NOUN_,16411352
do you_PRON _VERB_,16410001
do_VERB you _VERB_,16410001
do_VERB you_PRON _VERB_,16410001
do you _VERB_,16410001
"of_ADP _PRON_ ,_.",16404424
"of_ADP _PRON_ ,",16404424
"of _PRON_ ,",16404424
"of _PRON_ ,_.",16404424
out_PRT _DET_ _NOUN_,16386223
she _VERB_ the,16365443
she _VERB_ the_DET,16365404
she_PRON _VERB_ the,16365187
she_PRON _VERB_ the_DET,16365148
time _PRON_ _VERB_,16336050
time_NOUN _PRON_ _VERB_,16334982
and his_PRON _NOUN_,16207139
and_CONJ his_PRON _NOUN_,16207139
and his _NOUN_,16207139
and_CONJ his _NOUN_,16207139
up the _NOUN_,16199594
up the_DET _NOUN_,16199594
out . _END_,16197251
out ._. _END_,16196712
this_DET _ADJ_ _NOUN_,16170443
this _ADJ_ _NOUN_,16170443
"_X_ , I",16158585
"_X_ ,_. I",16158585
"_X_ , I_PRON",16158566
"_X_ ,_. I_PRON",16158566
out_PRT _ADP_ _DET_,16156508
one of the,16100274
one of_ADP the_DET,16099109
one of_ADP the,16099109
one of the_DET,16099109
one_NUM of_ADP the,16093902
one_NUM of the,16093902
one_NUM of_ADP the_DET,16093902
one_NUM of the_DET,16093902
"you_PRON _VERB_ ,",16088859
"you_PRON _VERB_ ,_.",16088859
"you _VERB_ ,_.",16088859
"you _VERB_ ,",16088859
the _ADV_ _ADJ_,16073902
the_DET _ADV_ _ADJ_,16073669
to _VERB_ in_ADP,16067385
to_PRT _VERB_ in_ADP,16067351
said _NOUN_ .,16059643
said _NOUN_ ._.,16059643
said_VERB _NOUN_ .,16059635
said_VERB _NOUN_ ._.,16059635
eyes _._ _END_,16046825
eyes_NOUN _._ _END_,16046825
from _NOUN_ _._,16011656
from_ADP _NOUN_ _._,16011654
time . _END_,16000996
to_PRT a_DET _NOUN_,16000445
to_PRT a _NOUN_,16000445
to a_DET _NOUN_,16000445
to a _NOUN_,16000445
time ._. _END_,15999835
time_NOUN . _END_,15999835
time_NOUN ._. _END_,15999835
she _ADV_ _VERB_,15977851
she_PRON _ADV_ _VERB_,15977590
like _PRON_ _VERB_,15971379
had _VERB_ _NOUN_,15930076
had_VERB _VERB_ _NOUN_,15930076
as if _PRON_,15849442
as if_ADP _PRON_,15849442
as_ADP if_ADP _PRON_,15838803
as_ADP if _PRON_,15838803
able_ADJ _PRT_ _VERB_,15807022
able _PRT_ _VERB_,15807022
He _VERB_ a,15806928
He_PRON _VERB_ a,15806928
He_PRON _VERB_ a_DET,15804783
He _VERB_ a_DET,15804783
able to_PRT _VERB_,15804238
able to _VERB_,15804238
able_ADJ to _VERB_,15804238
able_ADJ to_PRT _VERB_,15804238
back_ADV _ADP_ _DET_,15796531
as _ADJ_ as,15772148
can _VERB_ _PRON_,15760496
can_VERB _VERB_ _PRON_,15759647
that _NOUN_ .,15750808
that _NOUN_ ._.,15750808
as_ADV _ADJ_ _ADP_,15734661
out_ADP _ADP_ _PRON_,15717759
their _NOUN_ _ADP_,15702510
their_PRON _NOUN_ _ADP_,15702510
how _PRON_ _VERB_,15687434
how_ADV _PRON_ _VERB_,15687434
as _ADJ_ as_ADP,15686738
could_VERB _VERB_ _VERB_,15677815
could _VERB_ _VERB_,15677815
He_PRON _VERB_ to,15675316
He _VERB_ to,15675316
He_PRON _VERB_ to_PRT,15674846
He _VERB_ to_PRT,15674846
the_DET _ADJ_ time,15671113
the _ADJ_ time,15671113
the_DET _ADJ_ time_NOUN,15669312
the _ADJ_ time_NOUN,15669312
they_PRON _VERB_ _._,15659450
they _VERB_ _._,15659450
back _ADP_ _PRON_,15634458
does_VERB _ADV_ _VERB_,15611260
does _ADV_ _VERB_,15611260
on _PRON_ _._,15605241
on_ADP _PRON_ _._,15598238
out of_ADP _PRON_,15597773
out of _PRON_,15597773
tried _PRT_ _VERB_,15571674
tried_VERB _PRT_ _VERB_,15571674
to _VERB_ up,15570159
to_PRT _VERB_ up,15570140
tried to_PRT _VERB_,15567995
tried_VERB to _VERB_,15567995
tried_VERB to_PRT _VERB_,15567995
tried to _VERB_,15567995
had_VERB _VERB_ the,15560674
had _VERB_ the,15560674
had_VERB _VERB_ the_DET,15560224
had _VERB_ the_DET,15560224
does_VERB not_ADV _VERB_,15521993
does not _VERB_,15521993
does_VERB not _VERB_,15521993
does not_ADV _VERB_,15521993
you _VERB_ ?_.,15516534
you _VERB_ ?,15516534
you_PRON _VERB_ ?_.,15516521
you_PRON _VERB_ ?,15516521
out_ADP of _PRON_,15504041
out_ADP of_ADP _PRON_,15504041
eyes . _END_,15497843
eyes ._. _END_,15497537
eyes_NOUN . _END_,15497537
eyes_NOUN ._. _END_,15497537
back _._ _END_,15483910
He_PRON _VERB_ _._,15483648
He _VERB_ _._,15483648
that _NOUN_ _ADP_,15458691
down the_DET _NOUN_,15453406
down the _NOUN_,15453406
this _NOUN_ _VERB_,15441043
this_DET _NOUN_ _VERB_,15441042
like_ADP _PRON_ _VERB_,15431730
had_VERB _DET_ _ADJ_,15418324
had _DET_ _ADJ_,15418324
he_PRON _VERB_ his,15413337
he _VERB_ his,15413337
he_PRON _VERB_ his_PRON,15413337
he _VERB_ his_PRON,15413337
if_ADP I_PRON _VERB_,15393807
if I _VERB_,15393807
if I_PRON _VERB_,15393807
if_ADP I _VERB_,15393807
for a _ADJ_,15376095
for_ADP a _ADJ_,15376095
for a_DET _ADJ_,15376095
for_ADP a_DET _ADJ_,15376095
it _ADV_ _._,15371200
it_PRON _ADV_ _._,15371200
me _ADP_ _DET_,15364505
me_PRON _ADP_ _DET_,15364499
a_DET _NOUN_ that,15334337
a _NOUN_ that,15334337
"you . """,15331215
"you_PRON . """,15330653
"you_PRON . ""_.",15330653
"you ._. ""_.",15330653
"you . ""_.",15330653
"you_PRON ._. """,15330653
"you_PRON ._. ""_.",15330653
"you ._. """,15330653
until _PRON_ _VERB_,15312508
until_ADP _PRON_ _VERB_,15312508
You _VERB_ _PRON_,15305052
You_PRON _VERB_ _PRON_,15304874
at _NOUN_ .,15304200
at _NOUN_ ._.,15304200
at_ADP _NOUN_ ._.,15304032
at_ADP _NOUN_ .,15304032
good _NOUN_ _._,15300171
good_ADJ _NOUN_ _._,15298317
that_DET _NOUN_ ._.,15255370
that_DET _NOUN_ .,15255370
up_PRT _ADP_ _PRON_,15238967
you _VERB_ .,15238538
you _VERB_ ._.,15238538
you_PRON _VERB_ ._.,15238537
you_PRON _VERB_ .,15238537
this _NOUN_ _ADP_,15217362
this_DET _NOUN_ _ADP_,15217361
will _VERB_ _PRON_,15207414
up _ADP_ the,15187483
up _ADP_ the_DET,15187477
will_VERB _VERB_ _PRON_,15177960
over _PRON_ _NOUN_,15151919
be _ADJ_ _PRT_,15124966
be_VERB _ADJ_ _PRT_,15124730
and _ADP_ the,15118610
and_CONJ _ADP_ the,15118610
and_CONJ _ADP_ the_DET,15118596
and _ADP_ the_DET,15118596
"not _VERB_ ,_.",15082684
"not _VERB_ ,",15082684
"not_ADV _VERB_ ,_.",15082682
"not_ADV _VERB_ ,",15082682
it ._. _._,15062846
it . _._,15062846
it_PRON . _._,15062846
it_PRON ._. _._,15062846
of _NOUN_ 's,15050219
of_ADP _NOUN_ 's,15050219
over_ADP _PRON_ _NOUN_,15045349
to_PRT me _._,15032187
to me _._,15032187
to me_PRON _._,15032187
to_PRT me_PRON _._,15032187
he_PRON could_VERB _VERB_,15030316
he_PRON could _VERB_,15030316
he could_VERB _VERB_,15030316
he could _VERB_,15030316
or _NOUN_ _._,15024814
or_CONJ _NOUN_ _._,15024814
"with_ADP _NOUN_ ,_.",15018075
"with_ADP _NOUN_ ,",15018075
"with _NOUN_ ,",15018075
"with _NOUN_ ,_.",15018075
who _VERB_ _ADV_,15014176
who_PRON _VERB_ _ADV_,15014176
when she _VERB_,15012096
when she_PRON _VERB_,15012096
when_ADV she_PRON _VERB_,15012096
when_ADV she _VERB_,15012096
be _ADJ_ to,15011040
be_VERB _ADJ_ to,15010816
be _ADJ_ to_PRT,15010218
be_VERB _ADJ_ to_PRT,15009994
of _NOUN_ 's_PRT,14994137
of_ADP _NOUN_ 's_PRT,14994137
It was _DET_,14959713
It_PRON was _DET_,14959713
It_PRON was_VERB _DET_,14959713
It was_VERB _DET_,14959713
what I _VERB_,14914693
what I_PRON _VERB_,14914690
what_PRON I _VERB_,14914690
what_PRON I_PRON _VERB_,14914690
me _PRT_ _VERB_,14913178
me_PRON _PRT_ _VERB_,14913165
that _PRON_ had_VERB,14911638
that _PRON_ had,14911638
that_ADP _PRON_ had_VERB,14907475
that_ADP _PRON_ had,14907475
We _VERB_ _ADV_,14890483
We_PRON _VERB_ _ADV_,14890482
face _._ _END_,14886252
and_CONJ _ADV_ _._,14870999
and _ADV_ _._,14870999
did_VERB _PRON_ _VERB_,14861256
did _PRON_ _VERB_,14861256
me to_PRT _VERB_,14856703
me to _VERB_,14856703
me_PRON to_PRT _VERB_,14856691
me_PRON to _VERB_,14856691
away _._ _END_,14853198
away_ADV _._ _END_,14852390
_VERB_ you_PRON _PRT_,14826359
that _VERB_ _ADP_,14823899
now . _END_,14806486
now_ADV . _END_,14800264
now_ADV ._. _END_,14800264
now ._. _END_,14800264
and_CONJ it_PRON _VERB_,14795477
and it _VERB_,14795477
and_CONJ it _VERB_,14795477
and it_PRON _VERB_,14795477
one _NOUN_ _._,14762640
not _PRON_ _VERB_,14744014
not_ADV _PRON_ _VERB_,14743939
"their_PRON _NOUN_ ,",14732823
"their_PRON _NOUN_ ,_.",14732823
"their _NOUN_ ,_.",14732823
"their _NOUN_ ,",14732823
need_VERB _PRT_ _VERB_,14715699
need_VERB to _VERB_,14709415
need_VERB to_PRT _VERB_,14709414
my_PRON _NOUN_ _PRT_,14699891
my _NOUN_ _PRT_,14699891
"that _._ ""_.",14699295
"that _._ """,14699295
that_ADP it _VERB_,14674622
that_ADP it_PRON _VERB_,14674622
that it_PRON _VERB_,14674622
that it _VERB_,14674622
face_NOUN _._ _END_,14673501
It_PRON _VERB_ _ADP_,14665978
It _VERB_ _ADP_,14665978
some _NOUN_ _._,14648119
some_DET _NOUN_ _._,14648117
here _._ _._,14637946
here_ADV _._ _._,14637848
one_NUM _NOUN_ _._,14637569
was _ADJ_ _PRT_,14637135
was_VERB _ADJ_ _PRT_,14637135
have _ADV_ _VERB_,14616657
have_VERB _ADV_ _VERB_,14616650
back . _END_,14612777
back ._. _END_,14612321
As _PRON_ _VERB_,14609403
As_ADP _PRON_ _VERB_,14608098
and_CONJ _PRON_ was,14592491
and _PRON_ was,14592491
and _PRON_ was_VERB,14592338
and_CONJ _PRON_ was_VERB,14592338
she _VERB_ _ADJ_,14591372
she_PRON _VERB_ _ADJ_,14591363
was _ADJ_ to,14584764
was_VERB _ADJ_ to,14584764
was _ADJ_ to_PRT,14584352
was_VERB _ADJ_ to_PRT,14584352
some _NOUN_ _ADP_,14576949
some_DET _NOUN_ _ADP_,14576949
little _NOUN_ _._,14557857
little_ADJ _NOUN_ _._,14554611
They _VERB_ _ADV_,14548115
down _ADP_ _DET_,14531602
They_PRON _VERB_ _ADV_,14527638
a_DET good_ADJ _NOUN_,14515729
a good _NOUN_,14515729
a good_ADJ _NOUN_,14515729
a_DET good _NOUN_,14515729
up_PRT the_DET _NOUN_,14478974
up_PRT the _NOUN_,14478974
as _NOUN_ _VERB_,14471499
as_ADP _NOUN_ _VERB_,14469498
with_ADP his_PRON _NOUN_,14461185
with his_PRON _NOUN_,14461185
with his _NOUN_,14461185
with_ADP his _NOUN_,14461185
"was _VERB_ ,",14461168
"was _VERB_ ,_.",14461168
"was_VERB _VERB_ ,_.",14461098
"was_VERB _VERB_ ,",14461098
In _DET_ _NOUN_,14451534
In_ADP _DET_ _NOUN_,14418194
would _VERB_ _PRT_,14400909
would_VERB _VERB_ _PRT_,14400909
a _VERB_ _NOUN_,14383774
face . _END_,14382706
face ._. _END_,14382412
a_DET _VERB_ _NOUN_,14380167
to _VERB_ up_PRT,14378371
to_PRT _VERB_ up_PRT,14378355
not _._ _END_,14346497
not_ADV _._ _END_,14346497
"_._ "" ""_.",14330090
"_._ ""_. ""_.",14330090
"_._ ""_. """,14330090
"_._ "" """,14330090
have_VERB a _NOUN_,14329076
have a _NOUN_,14329076
have a_DET _NOUN_,14329076
have_VERB a_DET _NOUN_,14329076
was _VERB_ _PRON_,14328797
was_VERB _VERB_ _PRON_,14328604
to _VERB_ on,14325425
to_PRT _VERB_ on,14325402
was not _VERB_,14284443
was not_ADV _VERB_,14284443
was_VERB not _VERB_,14284443
was_VERB not_ADV _VERB_,14284443
but it _VERB_,14238279
but it_PRON _VERB_,14238279
but_CONJ it _VERB_,14234370
but_CONJ it_PRON _VERB_,14234370
not _PRT_ _VERB_,14222276
not_ADV _PRT_ _VERB_,14222275
not to _VERB_,14208215
not to_PRT _VERB_,14208215
not_ADV to_PRT _VERB_,14208215
not_ADV to _VERB_,14208215
face_NOUN . _END_,14201758
face_NOUN ._. _END_,14201758
"that _NOUN_ ,",14180579
"that _NOUN_ ,_.",14180579
him _PRT_ _VERB_,14152755
him_PRON _PRT_ _VERB_,14152755
"that_DET _._ ""_.",14137292
"that_DET _._ """,14137292
some _ADJ_ _NOUN_,14129144
some_DET _ADJ_ _NOUN_,14128741
the _NOUN_ is_VERB,14105357
the _NOUN_ is,14105357
the_DET _NOUN_ is_VERB,14105357
the_DET _NOUN_ is,14105357
him_PRON to _VERB_,14094793
him to_PRT _VERB_,14094793
him_PRON to_PRT _VERB_,14094793
him to _VERB_,14094793
him _ADP_ _PRON_,14088271
him_PRON _ADP_ _PRON_,14088271
_X_ _._ _X_,14087902
to _VERB_ them,14084540
to_PRT _VERB_ them,14084525
to _VERB_ them_PRON,14084466
to_PRT _VERB_ them_PRON,14084451
on a _NOUN_,14035384
on a_DET _NOUN_,14035384
as_ADV _ADJ_ as,14014350
and _VERB_ him,14007011
and_CONJ _VERB_ him_PRON,14007011
and _VERB_ him_PRON,14007011
and_CONJ _VERB_ him,14007011
away . _END_,14003319
away ._. _END_,14002722
away_ADV ._. _END_,14002423
away_ADV . _END_,14002423
"_X_ ,_. ""_.",13980304
"_X_ ,_. """,13980304
"_X_ , ""_.",13980304
"_X_ , """,13980304
there was _DET_,13972073
there was_VERB _DET_,13972073
was_VERB the_DET _ADJ_,13971125
was the_DET _ADJ_,13971125
was the _ADJ_,13971125
was_VERB the _ADJ_,13971125
"for _NOUN_ ,_.",13961105
"for _NOUN_ ,",13961105
"for_ADP _NOUN_ ,",13961056
"for_ADP _NOUN_ ,_.",13961056
that _PRON_ _NOUN_,13953596
seemed _PRT_ _VERB_,13950212
seemed_VERB _PRT_ _VERB_,13950212
seemed to_PRT _VERB_,13948481
seemed_VERB to _VERB_,13948481
seemed to _VERB_,13948481
seemed_VERB to_PRT _VERB_,13948481
she was_VERB _ADV_,13946467
she_PRON was_VERB _ADV_,13946467
she was _ADV_,13946467
she_PRON was _ADV_,13946467
as_ADV _ADJ_ as_ADP,13939430
room_NOUN _._ _END_,13930472
room _._ _END_,13930472
you _ADV_ _VERB_,13928848
you_PRON _ADV_ _VERB_,13928847
that_DET _NOUN_ _ADP_,13924148
you _VERB_ _NOUN_,13917515
you_PRON _VERB_ _NOUN_,13917511
there_DET was _DET_,13909933
there_DET was_VERB _DET_,13909933
they _VERB_ _PRON_,13899695
they_PRON _VERB_ _PRON_,13899695
one _ADP_ _PRON_,13899390
with _NOUN_ _ADP_,13891311
with_ADP _NOUN_ _ADP_,13891309
though _PRON_ _VERB_,13857192
though_ADP _PRON_ _VERB_,13857178
The _NOUN_ _._,13856062
I_PRON think_VERB _PRON_,13847932
I_PRON think _PRON_,13847932
I think _PRON_,13847932
I think_VERB _PRON_,13847932
on_ADP a_DET _NOUN_,13841659
on_ADP a _NOUN_,13841659
have _VERB_ _ADP_,13818581
have_VERB _VERB_ _ADP_,13818507
it_PRON _VERB_ _PRT_,13814414
it _VERB_ _PRT_,13814414
How _VERB_ _PRON_,13809492
How_ADV _VERB_ _PRON_,13809397
that you _VERB_,13802416
that you_PRON _VERB_,13802412
that_ADP you _VERB_,13801030
that_ADP you_PRON _VERB_,13801030
the _NOUN_ from_ADP,13799933
the _NOUN_ from,13799933
the_DET _NOUN_ from,13799933
the_DET _NOUN_ from_ADP,13799933
by _DET_ _ADJ_,13785932
by_ADP _DET_ _ADJ_,13785863
I said_VERB _._,13759220
I said _._,13759220
I_PRON said_VERB _._,13759207
I_PRON said _._,13759207
Do _ADV_ _VERB_,13739896
Do_VERB _ADV_ _VERB_,13731144
here_ADV _._ _END_,13730068
here _._ _END_,13730068
there _._ _END_,13729577
Do not_ADV _VERB_,13717644
Do not _VERB_,13717644
Do_VERB not _VERB_,13709610
Do_VERB not_ADV _VERB_,13709610
her _NOUN_ to,13709361
her_PRON _NOUN_ to,13709361
her_PRON _NOUN_ to_PRT,13709328
her _NOUN_ to_PRT,13709328
to him _._,13661403
to him_PRON _._,13661403
to_PRT him_PRON _._,13661403
to_PRT him _._,13661403
it_PRON _VERB_ _NOUN_,13654855
it _VERB_ _NOUN_,13654855
we _VERB_ _DET_,13642825
we_PRON _VERB_ _DET_,13642769
I 'm not,13641844
her _ADP_ _PRON_,13641736
her_PRON _ADP_ _PRON_,13641736
I_PRON 'm_VERB not_ADV,13641567
I_PRON 'm not,13641567
I_PRON 'm_VERB not,13641567
I 'm_VERB not_ADV,13641567
I 'm not_ADV,13641567
I 'm_VERB not,13641567
I_PRON 'm not_ADV,13641567
he_PRON _VERB_ her,13609799
he_PRON _VERB_ her_PRON,13609799
he _VERB_ her_PRON,13609799
he _VERB_ her,13609799
the_DET _NUM_ _NOUN_,13593425
the _NUM_ _NOUN_,13593425
not _ADJ_ _._,13591092
not_ADV _ADJ_ _._,13589758
off _DET_ _NOUN_,13588492
your _NOUN_ _VERB_,13582954
your_PRON _NOUN_ _VERB_,13582748
The_DET _NOUN_ _._,13570444
one_NUM _ADP_ _PRON_,13536121
me ._. _._,13451107
me . _._,13451107
me_PRON ._. _._,13450435
me_PRON . _._,13450435
with_ADP the_DET _ADJ_,13449901
with the_DET _ADJ_,13449901
with the _ADJ_,13449901
with_ADP the _ADJ_,13449901
she _VERB_ _NOUN_,13426504
she_PRON _VERB_ _NOUN_,13426484
in front _ADP_,13419767
in front_NOUN _ADP_,13419767
in_ADP front_NOUN _ADP_,13419612
in_ADP front _ADP_,13419612
had a_DET _NOUN_,13404904
had a _NOUN_,13404904
had_VERB a_DET _NOUN_,13404904
had_VERB a _NOUN_,13404904
Do _PRON_ _VERB_,13403374
him _._ _._,13384426
him_PRON _._ _._,13384426
room . _END_,13373651
room_NOUN . _END_,13373423
room_NOUN ._. _END_,13373423
room ._. _END_,13373423
was _VERB_ _DET_,13372784
was_VERB _VERB_ _DET_,13372472
in front of,13346291
in front of_ADP,13345949
in front_NOUN of_ADP,13345949
in front_NOUN of,13345949
in_ADP front of,13345794
in_ADP front_NOUN of,13345794
in_ADP front of_ADP,13345794
in_ADP front_NOUN of_ADP,13345794
not _VERB_ a,13322093
not_ADV _VERB_ a,13322092
not _VERB_ a_DET,13316772
not_ADV _VERB_ a_DET,13316771
door _._ _END_,13316336
if_ADP she _VERB_,13315076
if she_PRON _VERB_,13315076
if she _VERB_,13315076
if_ADP she_PRON _VERB_,13315076
door_NOUN _._ _END_,13312003
Do_VERB _PRON_ _VERB_,13310958
that_DET _VERB_ _ADP_,13307793
be _DET_ _ADJ_,13303473
be_VERB _DET_ _ADJ_,13303470
to_PRT be_VERB _DET_,13282797
to_PRT be _DET_,13282797
to be _DET_,13282797
to be_VERB _DET_,13282797
the_DET _NOUN_ as,13281696
the _NOUN_ as,13281696
not_ADV want _PRT_,13280717
not want_VERB _PRT_,13280717
not_ADV want_VERB _PRT_,13280717
not want _PRT_,13280717
not want to,13275107
not_ADV want to,13274762
not_ADV want to_PRT,13274762
not want_VERB to,13274762
not want to_PRT,13274762
not_ADV want_VERB to,13274762
not_ADV want_VERB to_PRT,13274762
not want_VERB to_PRT,13274762
the _NOUN_ were,13273672
the_DET _NOUN_ were_VERB,13273672
the_DET _NOUN_ were,13273672
the _NOUN_ were_VERB,13273672
it _VERB_ be,13271345
it_PRON _VERB_ be,13271345
it_PRON _VERB_ be_VERB,13270860
it _VERB_ be_VERB,13270860
the_DET door_NOUN _._,13269266
the_DET door _._,13269266
the door _._,13269266
the door_NOUN _._,13269266
there_ADV _._ _END_,13266004
they _VERB_ _PRT_,13248165
they_PRON _VERB_ _PRT_,13248165
but she _VERB_,13229939
but she_PRON _VERB_,13229939
but_CONJ she _VERB_,13229265
but_CONJ she_PRON _VERB_,13229265
What _VERB_ you_PRON,13215062
What _VERB_ you,13215062
What_PRON _VERB_ you_PRON,13215025
What_PRON _VERB_ you,13215025
its _NOUN_ _._,13209087
its_PRON _NOUN_ _._,13209087
he said .,13197383
he said_VERB ._.,13197032
he_PRON said ._.,13197032
he_PRON said_VERB .,13197032
he said_VERB .,13197032
he_PRON said_VERB ._.,13197032
he said ._.,13197032
he_PRON said .,13197032
across _DET_ _NOUN_,13193502
across_ADP _DET_ _NOUN_,13193463
began_VERB _PRT_ _VERB_,13176698
began _PRT_ _VERB_,13176698
him _ADV_ _._,13175056
him_PRON _ADV_ _._,13175056
began_VERB to_PRT _VERB_,13174427
began_VERB to _VERB_,13174427
began to _VERB_,13174427
began to_PRT _VERB_,13174427
to _VERB_ out_PRT,13139244
to_PRT _VERB_ out_PRT,13139228
to see_VERB _PRON_,13115756
to_PRT see _PRON_,13115756
to_PRT see_VERB _PRON_,13115756
to see _PRON_,13115756
shook _PRON_ _NOUN_,13104349
shook_VERB _PRON_ _NOUN_,13104349
and_CONJ _NOUN_ _CONJ_,13095084
and _NOUN_ _CONJ_,13095084
back_ADV _ADP_ the,13077121
back_ADV _ADP_ the_DET,13077110
what _VERB_ _VERB_,13074830
what_PRON _VERB_ _VERB_,13074489
"that_DET _NOUN_ ,",13069570
"that_DET _NOUN_ ,_.",13069570
looked_VERB _ADP_ _PRON_,13061986
looked _ADP_ _PRON_,13061986
the_DET _ADJ_ _ADP_,13060642
the _ADJ_ _ADP_,13060642
me _ADP_ _PRON_,13054656
me_PRON _ADP_ _PRON_,13054653
any _NOUN_ _._,13029505
any_DET _NOUN_ _._,13029505
I _VERB_ be,13027068
I_PRON _VERB_ be,13026952
I _VERB_ be_VERB,13026471
I_PRON _VERB_ be_VERB,13026356
to _VERB_ and,13023424
to_PRT _VERB_ and,13023407
and then _VERB_,13021996
and then_ADV _VERB_,13021996
and_CONJ then_ADV _VERB_,13021996
and_CONJ then _VERB_,13021996
to _VERB_ and_CONJ,13021210
to_PRT _VERB_ and_CONJ,13021193
and_CONJ _ADV_ _ADV_,13020226
and _ADV_ _ADV_,13020226
around _DET_ _NOUN_,13016741
like _DET_ _ADJ_,13015612
against _DET_ _NOUN_,13005305
against_ADP _DET_ _NOUN_,13005305
and _ADV_ _ADP_,13004200
and_CONJ _ADV_ _ADP_,13004200
You _VERB_ _DET_,12999227
You_PRON _VERB_ _DET_,12998943
around_ADP _DET_ _NOUN_,12989574
and _NOUN_ of,12987197
and _NOUN_ of_ADP,12987196
and_CONJ _NOUN_ of,12987191
and_CONJ _NOUN_ of_ADP,12987190
I _VERB_ have,12982899
I_PRON _VERB_ have,12982860
I _VERB_ have_VERB,12982529
I_PRON _VERB_ have_VERB,12982490
door . _END_,12930304
door ._. _END_,12929988
door_NOUN . _END_,12929797
door_NOUN ._. _END_,12929797
as they _VERB_,12922329
as_ADP they _VERB_,12922329
as_ADP they_PRON _VERB_,12922329
as they_PRON _VERB_,12922329
_VERB_ you_PRON _DET_,12909112
been_VERB _VERB_ _._,12908201
been _VERB_ _._,12908201
would _VERB_ _ADP_,12896848
would_VERB _VERB_ _ADP_,12896848
for _PRON_ _PRT_,12893533
for_ADP _PRON_ _PRT_,12893533
It 's_VERB _ADV_,12881077
It_PRON 's_VERB _ADV_,12881077
It_PRON 's _ADV_,12881077
It 's _ADV_,12881077
it _VERB_ a,12867003
it_PRON _VERB_ a,12867003
and_CONJ _ADJ_ .,12866847
and _ADJ_ ._.,12866847
and_CONJ _ADJ_ ._.,12866847
and _ADJ_ .,12866847
it_PRON _VERB_ a_DET,12864772
it _VERB_ a_DET,12864772
the_DET _NOUN_ she,12860656
the _NOUN_ she,12860656
the_DET _NOUN_ she_PRON,12860583
the _NOUN_ she_PRON,12860583
She _VERB_ _._,12819992
She_PRON _VERB_ _._,12819989
she _VERB_ her,12810300
she _VERB_ her_PRON,12810300
she_PRON _VERB_ her_PRON,12810285
she_PRON _VERB_ her,12810285
that_DET _ADJ_ _NOUN_,12799500
very _ADJ_ _NOUN_,12794005
you_PRON ? _._,12786770
you_PRON ?_. _._,12786770
you ? _._,12786770
you ?_. _._,12786770
it_PRON was_VERB _DET_,12782370
it was _DET_,12782370
it was_VERB _DET_,12782370
it_PRON was _DET_,12782370
like_ADP _DET_ _ADJ_,12781779
their_PRON _NOUN_ _VERB_,12771604
their _NOUN_ _VERB_,12771604
for_ADP _PRON_ to,12768705
for _PRON_ to,12768705
for_ADP _PRON_ to_PRT,12768422
for _PRON_ to_PRT,12768422
by _NOUN_ _._,12764580
by_ADP _NOUN_ _._,12764484
very_ADV _ADJ_ _NOUN_,12759671
were _ADV_ _VERB_,12701184
were_VERB _ADV_ _VERB_,12700905
"and_CONJ _ADJ_ ,",12699914
"and_CONJ _ADJ_ ,_.",12699914
"and _ADJ_ ,",12699914
"and _ADJ_ ,_.",12699914
while _PRON_ _VERB_,12695585
I _VERB_ him_PRON,12695027
I _VERB_ him,12695027
I_PRON _VERB_ him_PRON,12694771
I_PRON _VERB_ him,12694771
took _DET_ _NOUN_,12659080
took_VERB _DET_ _NOUN_,12659080
That _VERB_ _ADV_,12655599
your _NOUN_ _ADP_,12647329
your_PRON _NOUN_ _ADP_,12647207
be _VERB_ .,12645741
be _VERB_ ._.,12645741
be_VERB _VERB_ ._.,12644515
be_VERB _VERB_ .,12644515
"for _PRON_ ,_.",12635348
"for _PRON_ ,",12635348
"for_ADP _PRON_ ,",12635348
"for_ADP _PRON_ ,_.",12635348
across_ADP the_DET _NOUN_,12621476
across the _NOUN_,12621476
across_ADP the _NOUN_,12621476
across the_DET _NOUN_,12621476
they _VERB_ not_ADV,12617129
they_PRON _VERB_ not,12617129
they_PRON _VERB_ not_ADV,12617129
they _VERB_ not,12617129
he did _ADV_,12597926
he_PRON did _ADV_,12597926
he_PRON did_VERB _ADV_,12597926
he did_VERB _ADV_,12597926
out_ADP _ADP_ _NOUN_,12590638
a _NOUN_ for,12559598
a_DET _NOUN_ for,12559598
a _NOUN_ for_ADP,12559596
a_DET _NOUN_ for_ADP,12559596
you _PRT_ _VERB_,12540119
you_PRON _PRT_ _VERB_,12540119
I _VERB_ that_ADP,12532126
I_PRON _VERB_ that_ADP,12531953
he_PRON would _VERB_,12530686
he_PRON would_VERB _VERB_,12530686
he would_VERB _VERB_,12530686
he would _VERB_,12530686
out of_ADP _NOUN_,12528149
out of _NOUN_,12528149
her _ADV_ _._,12525197
her_PRON _ADV_ _._,12525197
you to_PRT _VERB_,12512961
you_PRON to _VERB_,12512961
you_PRON to_PRT _VERB_,12512961
you to _VERB_,12512961
an _NOUN_ ._.,12510465
an _NOUN_ .,12510465
an_DET _NOUN_ .,12510457
an_DET _NOUN_ ._.,12510457
what he _VERB_,12509762
what he_PRON _VERB_,12509762
up_PRT _._ _END_,12509628
That_DET _VERB_ _ADV_,12498339
knew_VERB _PRON_ _VERB_,12493290
knew _PRON_ _VERB_,12493290
what_PRON he_PRON _VERB_,12488524
what_PRON he _VERB_,12488524
I could_VERB _ADV_,12486125
I could _ADV_,12486125
I_PRON could _ADV_,12486125
I_PRON could_VERB _ADV_,12486125
There was _DET_,12458762
There was_VERB _DET_,12458762
was not_ADV _ADJ_,12444997
was_VERB not _ADJ_,12444997
was_VERB not_ADV _ADJ_,12444997
was not _ADJ_,12444997
There_DET was _DET_,12437761
There_DET was_VERB _DET_,12437761
be _ADJ_ _ADP_,12429751
would _VERB_ _ADJ_,12429652
would_VERB _VERB_ _ADJ_,12429652
be_VERB _ADJ_ _ADP_,12428997
the_DET _NOUN_ at,12426194
the _NOUN_ at,12426194
the _NOUN_ at_ADP,12426016
the_DET _NOUN_ at_ADP,12426016
out_ADP of_ADP _NOUN_,12424007
out_ADP of _NOUN_,12424007
and a _ADJ_,12423870
and_CONJ a _ADJ_,12423870
and_CONJ a_DET _ADJ_,12423870
and a_DET _ADJ_,12423870
and_CONJ _VERB_ _ADJ_,12409288
and _VERB_ _ADJ_,12409288
She _VERB_ to,12408316
She_PRON _VERB_ to,12408315
She _VERB_ to_PRT,12408150
She_PRON _VERB_ to_PRT,12408149
she_PRON could_VERB _VERB_,12366151
she could_VERB _VERB_,12366151
she_PRON could _VERB_,12366151
she could _VERB_,12366151
was _ADV_ _._,12353963
was_VERB _ADV_ _._,12353963
a_DET _NOUN_ on,12347871
a _NOUN_ on,12347871
shook_VERB _PRON_ head,12343092
shook _PRON_ head,12343092
shook _PRON_ head_NOUN,12333776
shook_VERB _PRON_ head_NOUN,12333776
"he said ,",12326540
"he said_VERB ,",12326154
"he_PRON said ,",12326154
"he said ,_.",12326154
"he said_VERB ,_.",12326154
"he_PRON said ,_.",12326154
"he_PRON said_VERB ,",12326154
"he_PRON said_VERB ,_.",12326154
and_CONJ _NOUN_ and,12320072
and _NOUN_ and,12320072
and _NOUN_ and_CONJ,12320057
and_CONJ _NOUN_ and_CONJ,12320057
the _NOUN_ who_PRON,12314128
the _NOUN_ who,12314128
the_DET _NOUN_ who_PRON,12314128
the_DET _NOUN_ who,12314128
A _NOUN_ _ADP_,12294098
a _NOUN_ on_ADP,12282968
a_DET _NOUN_ on_ADP,12282968
He_PRON _ADV_ _VERB_,12273791
He _ADV_ _VERB_,12273791
"it . """,12245041
"it_PRON . ""_.",12244637
"it_PRON . """,12244637
"it_PRON ._. ""_.",12244637
"it ._. ""_.",12244637
"it . ""_.",12244637
"it ._. """,12244637
"it_PRON ._. """,12244637
hand _._ _END_,12244345
as_ADP _DET_ _ADJ_,12237035
as _DET_ _ADJ_,12237035
hand_NOUN _._ _END_,12206017
there _VERB_ _NOUN_,12199959
than _PRON_ _VERB_,12198911
than_ADP _PRON_ _VERB_,12198911
enough _PRT_ _VERB_,12185023
She _VERB_ the,12182040
She_PRON _VERB_ the,12182040
She_PRON _VERB_ the_DET,12182019
She _VERB_ the_DET,12182019
enough to_PRT _VERB_,12181431
enough to _VERB_,12181431
_VERB_ you_PRON to,12177615
_VERB_ you_PRON to_PRT,12177615
_VERB_ you to,12177615
_VERB_ you to_PRT,12177615
were _VERB_ _PRT_,12165526
were_VERB _VERB_ _PRT_,12165201
we _VERB_ _PRT_,12159758
we_PRON _VERB_ _PRT_,12159696
my _NOUN_ _NOUN_,12150675
my_PRON _NOUN_ _NOUN_,12150675
while_ADP _PRON_ _VERB_,12142991
were _VERB_ _._,12132808
were_VERB _VERB_ _._,12132540
"with_ADP _PRON_ ,",12122972
"with_ADP _PRON_ ,_.",12122972
"with _PRON_ ,_.",12122972
"with _PRON_ ,",12122972
of _NOUN_ _PRON_,12122205
of_ADP _NOUN_ _PRON_,12122205
with_ADP _PRON_ _ADJ_,12121846
with _PRON_ _ADJ_,12121846
that_DET _NOUN_ _VERB_,12093276
your _ADJ_ _NOUN_,12093222
your_PRON _ADJ_ _NOUN_,12093120
had_VERB _ADV_ been,12085213
had _ADV_ been_VERB,12085213
had_VERB _ADV_ been_VERB,12085213
had _ADV_ been,12085213
all _NOUN_ _._,12046141
you _ADV_ _._,12041286
you_PRON _ADV_ _._,12041285
to _VERB_ my,12026895
to_PRT _VERB_ my,12026879
to _VERB_ my_PRON,12021620
to_PRT _VERB_ my_PRON,12021604
out_PRT _._ _END_,12017083
up_PRT _ADP_ the,12016410
up_PRT _ADP_ the_DET,12016406
not . _END_,12014374
not ._. _END_,12014081
not_ADV ._. _END_,12014081
not_ADV . _END_,12014081
"here _._ """,12004940
"here _._ ""_.",12004940
"here_ADV _._ """,12004939
"here_ADV _._ ""_.",12004939
Do you _VERB_,12003742
Do you_PRON _VERB_,12003742
all_DET _NOUN_ _._,12001437
a_DET little _NOUN_,12000944
a little _NOUN_,12000944
a little_ADJ _NOUN_,12000777
a_DET little_ADJ _NOUN_,12000777
Do_VERB you_PRON _VERB_,11995356
Do_VERB you _VERB_,11995356
when _DET_ _NOUN_,11970796
when_ADV _DET_ _NOUN_,11970796
but _PRON_ was,11950587
but _PRON_ was_VERB,11950347
but_CONJ _PRON_ was,11948853
but_CONJ _PRON_ was_VERB,11948613
of_ADP it _._,11942223
of it _._,11942223
of it_PRON _._,11942223
of_ADP it_PRON _._,11942223
him_PRON _ADP_ the,11920760
him _ADP_ the,11920760
him _ADP_ the_DET,11920757
him_PRON _ADP_ the_DET,11920757
there_DET _VERB_ _NOUN_,11896720
back_ADV _._ _END_,11893585
he did not,11867910
he_PRON did not_ADV,11867629
he_PRON did_VERB not,11867629
he_PRON did_VERB not_ADV,11867629
he did_VERB not,11867629
he_PRON did not,11867629
he did_VERB not_ADV,11867629
he did not_ADV,11867629
we _VERB_ _ADP_,11863512
we_PRON _VERB_ _ADP_,11863151
you _VERB_ me_PRON,11859626
you _VERB_ me,11859626
you_PRON _VERB_ me_PRON,11859626
you_PRON _VERB_ me,11859626
So _PRON_ _VERB_,11854625
from_ADP _PRON_ _._,11850768
from _PRON_ _._,11850768
be _ADJ_ .,11850265
be _ADJ_ ._.,11850265
be_VERB _ADJ_ ._.,11849697
be_VERB _ADJ_ .,11849697
get _DET_ _NOUN_,11843460
get_VERB _DET_ _NOUN_,11843451
and _NOUN_ _PRT_,11834715
and_CONJ _NOUN_ _PRT_,11834715
very _ADJ_ _._,11834606
hand . _END_,11831574
hand ._. _END_,11831348
very_ADV _ADJ_ _._,11826838
But I _VERB_,11802187
But I_PRON _VERB_,11802168
hand_NOUN . _END_,11798910
hand_NOUN ._. _END_,11798910
A_DET _NOUN_ _ADP_,11798494
be _VERB_ _PRT_,11785602
the_DET _NOUN_ _ADJ_,11783473
the _NOUN_ _ADJ_,11783473
be_VERB _VERB_ _PRT_,11783007
with _NOUN_ _CONJ_,11782961
with_ADP _NOUN_ _CONJ_,11782961
But_CONJ I _VERB_,11779739
But_CONJ I_PRON _VERB_,11779739
there . _END_,11771892
there ._. _END_,11771484
that _NOUN_ _NOUN_,11764356
there_ADV ._. _END_,11757406
there_ADV . _END_,11757406
was _ADP_ _PRON_,11739119
was_VERB _ADP_ _PRON_,11739031
"_._ ""_. _ADV_",11735079
"_._ "" _ADV_",11735079
one of _PRON_,11724193
one of_ADP _PRON_,11724193
from_ADP the _ADJ_,11712933
from the_DET _ADJ_,11712933
from the _ADJ_,11712933
from_ADP the_DET _ADJ_,11712933
one_NUM of_ADP _PRON_,11710800
one_NUM of _PRON_,11710800
not _VERB_ you,11702974
not_ADV _VERB_ you,11702972
not _VERB_ you_PRON,11702838
not_ADV _VERB_ you_PRON,11702836
the _NOUN_ I,11698795
the_DET _NOUN_ I,11698795
the _NOUN_ I_PRON,11688057
the_DET _NOUN_ I_PRON,11688057
"_X_ , _X_",11657059
"_X_ ,_. _X_",11657059
why_ADV _PRON_ _VERB_,11648341
why _PRON_ _VERB_,11648341
had_VERB _VERB_ a,11630509
had _VERB_ a,11630509
the_DET _ADJ_ .,11627006
the _ADJ_ .,11627006
the_DET _ADJ_ ._.,11627006
the _ADJ_ ._.,11627006
had_VERB _VERB_ a_DET,11626921
had _VERB_ a_DET,11626921
"at _NOUN_ ,_.",11618767
"at _NOUN_ ,",11618767
not _PRON_ _._,11618655
"at_ADP _NOUN_ ,",11618619
"at_ADP _NOUN_ ,_.",11618619
not_ADV _PRON_ _._,11618208
around the _NOUN_,11608269
around the_DET _NOUN_,11608269
around_ADP the _NOUN_,11604988
around_ADP the_DET _NOUN_,11604988
had_VERB _VERB_ _ADJ_,11586543
had _VERB_ _ADJ_,11586543
so _ADJ_ _ADP_,11576966
so_ADV _ADJ_ _ADP_,11574260
enough_ADV _PRT_ _VERB_,11544496
of _VERB_ _NOUN_,11542739
enough_ADV to_PRT _VERB_,11541205
enough_ADV to _VERB_,11541205
of_ADP _VERB_ _NOUN_,11539748
my_PRON _NOUN_ _ADV_,11535806
my _NOUN_ _ADV_,11535806
could_VERB _VERB_ _ADP_,11529375
could _VERB_ _ADP_,11529375
up_PRT ._. _END_,11527248
up_PRT . _END_,11527248
off the_DET _NOUN_,11505514
off the _NOUN_,11505514
was_VERB not_ADV _ADV_,11488962
was_VERB not _ADV_,11488962
was not_ADV _ADV_,11488962
was not _ADV_,11488962
not _VERB_ that,11477737
not_ADV _VERB_ that,11477727
against_ADP the _NOUN_,11476444
against_ADP the_DET _NOUN_,11476444
against the_DET _NOUN_,11476444
against the _NOUN_,11476444
from his _NOUN_,11469022
from_ADP his_PRON _NOUN_,11469022
from his_PRON _NOUN_,11469022
from_ADP his _NOUN_,11469022
was _ADV_ a,11463595
was_VERB _ADV_ a,11463595
to _PRON_ _ADJ_,11461120
to_PRT _PRON_ _ADJ_,11461120
is _VERB_ _ADP_,11455986
is_VERB _VERB_ _ADP_,11455973
was _ADV_ a_DET,11455149
was_VERB _ADV_ a_DET,11455149
with _NOUN_ _NOUN_,11454540
with_ADP _NOUN_ _NOUN_,11454536
must _VERB_ _VERB_,11440331
must_VERB _VERB_ _VERB_,11440331
