ngram,freq
I do not,46206977
I did not,21939422
out of the,19673510
do not know,17287724
I can not,17119719
one of the,16100274
I 'm not,13641844
in front of,13346291
not want to,13275107
he did not,11867910
did not know,10619702
did not want,9910807
I could not,9749281
she did not,9543962
was going to,9216368
back to the,9029797
do not want,8692165
you do not,8353888
It was a,8313226
He did not,8063254
the rest of,8041597
be able to,7936798
I want to,7785752
side of the,7757189
that he was,7695693
the back of,7446583
to be a,7372076
it was not,7189095
a lot of,7158146
for a moment,7024945
going to be,6971294
the end of,6959818
She did not,6672638
he could not,6649778
do not think,6623466
There was a,6577248
shook his head,6509953
not going to,6413926
did not have,6386698
a couple of,6255466
I was not,6216377
the first time,6211112
end of the,6188209
I 'm sorry,6156318
I 'm going,6153113
do not have,6024659
there was a,6010201
It was not,5996962
"him , and",5991217
it was a,5949973
she could not,5942706
he was not,5863771
You do not,5859595
that it was,5857121
that he had,5812372
it would be,5778292
What do you,5768660
would not be,5733959
I will not,5718201
that she was,5680795
not know what,5633152
I have to,5597522
had not been,5449387
to do with,5397246
there was no,5377404
not have to,5139310
as if he,5107986
but it was,5102330
I ' m,5019840
away from the,4993574
you want to,4949476
I would not,4876559
shook her head,4873982
I 'll be,4858554
"it , and",4822195
as well as,4817640
It 's a,4782969
I 'm sure,4763259
"her , and",4756959
she was not,4747020
would have been,4725020
I wanted to,4722747
I 've been,4684963
part of the,4678017
as soon as,4667711
the middle of,4654413
do not you,4647025
rest of the,4621066
It 's not,4600898
front of the,4580142
the edge of,4570611
and it was,4551570
the fact that,4541626
I have not,4534984
would not have,4475173
I had to,4448834
a long time,4438719
he had not,4428656
up to the,4389864
will not be,4316291
on the floor,4314930
was not a,4283899
There was no,4241587
in the middle,4238388
I need to,4230043
"me , and",4188571
in the world,4185959
out of his,4185777
the top of,4180020
on the other,4111406
some of the,4091973
the same time,4065267
he had been,4031050
seemed to be,4025445
the side of,3985443
It was the,3946933
that she had,3946222
had to be,3886323
I 've got,3885949
and he was,3835700
as if she,3810249
the other side,3808990
in the morning,3791375
to go to,3758254
at the same,3748623
was about to,3731962
to look at,3721794
it was the,3717075
I think I,3710435
What are you,3698346
she had not,3683037
out of her,3681305
was in the,3681152
of the room,3673268
I have a,3670101
to talk to,3667688
the sound of,3662052
for a while,3655767
"Well , I",3631861
do you think,3534166
he 'd been,3515506
to have a,3494156
on the table,3493579
was not the,3484611
edge of the,3477361
for a few,3471866
it had been,3462925
had been a,3458541
to be the,3433000
looked at the,3426204
"it , but",3391755
one of them,3387649
She could not,3374860
I had not,3363667
could not help,3355366
more than a,3331230
can not be,3326896
over to the,3303815
He could not,3298446
he would not,3295978
in the air,3287992
of the house,3271718
he had to,3264634
for the first,3263242
"him , but",3260162
a few minutes,3234488
you can not,3234336
to see the,3208484
could not be,3207395
a deep breath,3205754
it 's not,3195936
down to the,3174884
that I was,3166951
"No , I",3162168
want to be,3161535
You can not,3149891
she 'd been,3129450
down on the,3120801
the door and,3118610
want you to,3096529
and she was,3079032
I know you,3078003
was not sure,3075285
as much as,3062356
top of the,3061862
he wanted to,3045392
"said , and",3028462
he was a,3027873
He was not,3022076
would have to,2999281
at the end,2998717
for him to,2988144
went to the,2985700
most of the,2978405
and I 'm,2977760
it did not,2972221
not know how,2972187
you did not,2961545
she had been,2961218
back of the,2950761
back into the,2948143
looked at her,2917869
"Yes , I",2910732
as long as,2908552
on the ground,2896352
to make a,2892727
up and down,2889127
but he was,2885476
to see you,2882207
the front door,2874872
one of those,2851274
on his face,2850657
must have been,2844169
it 's a,2833754
I am not,2827994
did not even,2827143
would be a,2817858
when he was,2816217
did not think,2809949
"her , but",2793916
I 'm a,2791607
"me , I",2788699
have to be,2788080
was not going,2781673
for me to,2772168
him in the,2771383
all the time,2763853
middle of the,2757254
I love you,2756141
was one of,2746495
to the ground,2742178
all the way,2735571
take care of,2734008
up at the,2726890
"them , and",2725985
get out of,2715861
Do not you,2702506
in the same,2690612
a pair of,2687090
up in the,2684489
for a long,2682065
in order to,2679388
that he would,2678829
I want you,2676418
she had to,2673045
to the door,2665872
they did not,2662020
I would have,2660651
I told you,2644129
on top of,2643312
and I was,2643303
to make sure,2640355
a bit of,2619907
go to the,2603854
I think you,2597659
had no idea,2595785
he would have,2592032
said with a,2589114
the two of,2574480
what to do,2561734
in the room,2553181
she would not,2552690
I had a,2551941
to tell you,2545545
going to do,2545370
she wanted to,2544727
looked at him,2544011
that had been,2540757
in love with,2538016
That 's what,2536074
She was not,2535250
to do it,2515681
you have to,2513288
we do not,2513284
been able to,2507931
did not seem,2501676
and there was,2497424
it is not,2497422
not seem to,2491488
looked up at,2490707
in his eyes,2482148
if he was,2481634
way to the,2475951
is going to,2473689
I thought you,2472969
I have no,2471542
that he could,2471368
when I was,2466220
opened the door,2455332
as far as,2443227
the living room,2431054
that 's what,2428890
He was a,2427942
in the back,2427504
the one who,2424494
for her to,2423616
his head and,2421880
not have a,2421828
I 'd like,2420702
of the world,2417538
if he had,2412692
did not like,2400955
the corner of,2397994
he ' d,2397923
other side of,2393502
what he was,2392249
that they were,2387705
I think it,2386985
"again , and",2382435
are you doing,2368167
out of my,2359703
was trying to,2357246
down at the,2357082
I should have,2353068
was on the,2351327
might have been,2344445
to find out,2322996
do you mean,2312185
to take a,2309343
As soon as,2306948
to get a,2300776
one of his,2300215
he was going,2299279
I was a,2297812
going to have,2295293
could not have,2293045
if it was,2291948
I 've never,2289197
out into the,2288788
There 's a,2287868
to his feet,2280167
I tried to,2278522
you 're not,2270442
"up , and",2268374
to see if,2258604
and I 'll,2257599
front of her,2251074
and looked at,2250007
and did not,2246880
the bottom of,2244007
go back to,2243526
I could see,2238399
Do you think,2235534
but I 'm,2233855
was the only,2233343
at the door,2226642
of the day,2223951
to be in,2222279
at the time,2219672
did not say,2216225
Do you know,2214777
as if it,2211022
but there was,2201738
I 'm so,2200791
I thought I,2199828
two of them,2196388
do not like,2193949
It did not,2191865
that there was,2191281
on the bed,2189498
have to do,2186825
that I had,2184316
do not need,2178035
"me , but",2174309
some kind of,2174291
a piece of,2174289
but she was,2174185
front of him,2168951
One of the,2166351
it to the,2162203
We do not,2159817
to the floor,2159455
when she was,2158655
you will not,2153957
he had a,2152694
into the room,2152686
and began to,2146150
it ' s,2137054
supposed to be,2135975
It had been,2134306
to the other,2119590
want to know,2117542
I ' ll,2115036
I 'm just,2114258
in her eyes,2113691
You 're not,2112260
to get the,2111545
I 'm afraid,2102103
do you want,2094951
and he had,2094898
picked up the,2090702
that he 'd,2089964
a matter of,2089273
took a deep,2087780
By the time,2087145
but it 's,2087082
He looked at,2086779
It would be,2086730
but I do,2086176
he does not,2084358
look at the,2083420
a few days,2080325
back and forth,2072264
and tried to,2071962
could see the,2071217
But it was,2070233
of his own,2066967
to think about,2065553
He had not,2065435
for you to,2063818
she ' d,2061413
a man who,2054546
could not see,2054152
It ' s,2051278
as he was,2049140
know how to,2048924
to get out,2048842
up on the,2045441
and in the,2045303
I know that,2045243
the old man,2042745
to get to,2042302
the name of,2037154
not need to,2034320
on her face,2032929
have to go,2030503
to the side,2027892
"Oh , I",2027239
and I have,2024117
to tell me,2023685
on to the,2020714
were going to,2018517
a chance to,2017385
of the way,2015873
out in the,2014460
you going to,2013027
on the back,2011046
to think of,2004027
there 's a,2000675
want me to,1997431
I was going,1996729
is not a,1996252
did not see,1995008
in the kitchen,1994864
it in the,1988617
"him , he",1987523
to talk about,1979849
stared at the,1969985
gave him a,1968784
Do not worry,1966331
I had no,1963131
in the dark,1963051
to see her,1962966
"you , and",1959759
I have been,1955979
It is not,1949870
in the house,1948051
Why do not,1947770
back in the,1941242
I can see,1940047
know what to,1938327
do not understand,1937833
wanted to be,1933290
It 's the,1929285
out of here,1926882
of the other,1923585
she would have,1923003
and I do,1922951
did not look,1916614
the only one,1914895
the front of,1908884
do you know,1905734
in his arms,1905615
was the first,1903163
he would be,1902298
at each other,1897722
It 's just,1893899
How do you,1893713
that she could,1892338
was able to,1892260
the way to,1889216
if she was,1887433
she was a,1883962
the kind of,1879848
in his hand,1878132
is not it,1877799
who had been,1877327
did not care,1871706
have been a,1868856
did not mean,1865212
looked down at,1862795
her in the,1860782
not have been,1856484
let out a,1855507
did not need,1855314
What is it,1854405
She had not,1853971
that was not,1853575
to have to,1851372
if you do,1849978
to take the,1846300
going to get,1845440
the way he,1845063
the thought of,1843605
but he did,1842175
I was in,1841399
the man 's,1840718
to make it,1834920
want to go,1827186
against the wall,1827032
I 'll have,1826406
out on the,1825372
went back to,1825369
him to the,1823079
I ' d,1821059
and I will,1818981
"you , I",1814080
not to be,1813327
I told him,1813296
to deal with,1810068
There 's no,1806162
in the first,1802971
and I had,1799610
it does not,1798926
sat on the,1796565
out to the,1794652
That 's the,1792735
the sight of,1792222
that she would,1791267
and the other,1789351
he was in,1788173
her to the,1786282
corner of the,1783549
of the night,1777225
it would not,1774875
are going to,1772240
to see him,1769770
that she 'd,1769431
they do not,1768485
was a good,1764488
back to her,1757568
by the time,1756591
of the car,1752915
I hope you,1750300
know what I,1749969
returned to the,1749034
I 'm glad,1748972
gave her a,1748916
you have a,1747737
on the way,1745115
was a little,1744796
think it 's,1744499
should not have,1744194
up from the,1742800
a part of,1741127
You did not,1739748
to make the,1736262
she was going,1736238
the center of,1735425
He wanted to,1735027
up at him,1734174
the last time,1731404
and it 's,1729463
"her , she",1729300
it on the,1729128
not help but,1720714
you need to,1719577
He shook his,1717425
I think we,1716335
She shook her,1714050
had come to,1711248
"now , and",1707941
as if they,1705001
her head and,1704267
what had happened,1701706
said in a,1701130
to find a,1697155
you 're going,1695645
looked at me,1695067
"time , and",1694741
the man who,1693573
That 's why,1693528
with a smile,1689531
if she had,1689490
seemed to have,1688358
not know if,1686834
that did not,1683566
I can do,1681986
what she was,1680083
I ' ve,1679816
away from her,1676446
of all the,1674619
the idea of,1673826
and then he,1673459
do not care,1670912
close to the,1669413
and she had,1669116
a way to,1668582
they were not,1668487
I was just,1663855
he could see,1663241
her eyes and,1662573
She looked at,1660396
year - old,1658907
not be able,1658556
want to see,1657352
but did not,1654985
"it , I",1652349
and all the,1651259
if they were,1647591
to go back,1646657
to see what,1644940
next to the,1644004
that I 'm,1641819
it will be,1641308
I had been,1638511
could have been,1638415
there is no,1635658
there 's no,1635615
as it was,1631430
the other hand,1630180
was to be,1629483
the table and,1627653
"you , but",1627295
him on the,1626643
would be the,1622213
we can not,1618054
I know it,1616393
to the house,1614470
you know what,1613756
I should not,1613318
to do that,1608735
at the moment,1607056
in the past,1606410
would like to,1606330
was in a,1605043
not have the,1604881
What the hell,1604794
there was nothing,1604418
that 's all,1604297
me in the,1602340
but I was,1600705
It does not,1599897
on the edge,1598653
closed her eyes,1597927
had to do,1597165
That 's not,1595666
you ' re,1595272
You 're a,1594751
was supposed to,1593658
what it was,1590648
"out , and",1588091
This is a,1586225
at the top,1584522
in one of,1584196
that I could,1584106
She wanted to,1583399
nothing to do,1582044
and I can,1580085
"eyes , and",1579291
back of his,1574010
can not believe,1573392
I 'd be,1572844
was going on,1571860
if he were,1571212
any of the,1569564
there is a,1564644
and I could,1562828
not think I,1562536
that I have,1559841
the door to,1559436
all over the,1558803
He had a,1558116
as if the,1556974
Let 's go,1553376
in the way,1553107
did not get,1552243
Do you want,1552065
on the door,1551808
that was the,1549986
need to be,1549214
and out of,1547856
do not believe,1545335
I went to,1545016
Do not be,1540942
to tell him,1540219
his eyes and,1539814
in - law,1539022
but I can,1536963
should have been,1536660
the direction of,1536185
I 'd been,1534767
of a man,1534739
all of the,1533751
away from him,1530588
For a moment,1529660
I 'll take,1528740
a great deal,1527560
at a time,1525870
to know that,1525668
over his shoulder,1524599
is not the,1522945
appeared to be,1521838
do not see,1521794
did not you,1519197
back on the,1518835
as he had,1518788
to know what,1517203
back to his,1516241
she had a,1514342
to keep the,1513058
are you going,1512970
to the front,1510902
at the back,1510171
was the one,1507925
as she was,1507732
what you 're,1507587
some sort of,1504749
to her feet,1503278
had been the,1501926
into the kitchen,1500685
That 's a,1500025
we have to,1496499
It is a,1496145
to each other,1491415
the head of,1490486
get back to,1489034
should not be,1486806
trying to get,1486302
I 'll get,1484427
because of the,1483469
a kind of,1483222
What 's the,1482534
and took a,1482520
in such a,1481926
came to the,1481867
with all the,1480487
the United States,1480052
to find the,1479485
looked like a,1478848
thought it was,1478755
"hand , and",1478151
the same thing,1476730
at the table,1473700
you know that,1472956
one of her,1472914
but he had,1472850
to say that,1472304
the room and,1469475
in the direction,1468853
said as he,1468347
know what you,1467610
she would be,1466132
in spite of,1465119
out of it,1460362
of the bed,1459091
that would be,1457341
in a few,1456068
not have any,1454711
to have been,1454158
and they were,1453966
It 's all,1452767
I tell you,1450012
but she did,1447838
He 's a,1446929
I know what,1444225
of the most,1443778
This is not,1442362
He had to,1440633
This is the,1438061
but I did,1437844
of her own,1437816
Table of Contents,1436578
do not get,1434906
not in the,1432026
do not even,1430778
We need to,1430677
to worry about,1430591
out of a,1430518
to tell her,1430468
a few moments,1429903
in and out,1428974
I could have,1428333
what do you,1427397
her mother 's,1426261
I guess I,1426213
a sort of,1425879
all of them,1424697
turned back to,1423528
to do so,1422976
bottom of the,1422504
that I am,1417881
do not mind,1417560
for a second,1416838
in a way,1416626
I looked at,1415092
We can not,1413965
the face of,1412674
that you are,1412402
need to get,1411902
a little more,1411740
as he could,1410818
he had no,1409436
as though he,1408518
He 'd been,1407787
Do you have,1406248
what he had,1402944
I 'll go,1401908
and went to,1401242
you 'll be,1401098
did not feel,1399751
"back , and",1397161
out the window,1392430
to come to,1391691
we need to,1391682
knew it was,1391516
want to do,1391457
they had been,1390725
you would not,1389641
had never been,1388935
the bed and,1388723
to try to,1388179
to be able,1387869
to the kitchen,1385991
not say anything,1385943
not even know,1385622
if you 're,1384761
of the men,1384710
over and over,1383367
Are you sure,1381062
a number of,1380404
had been in,1376083
I think he,1376057
and that was,1375923
There is no,1375758
can not do,1375224
if he 'd,1374717
which he had,1372821
the way she,1372501
the first place,1371960
in the face,1371375
more and more,1370786
him with a,1368058
He does not,1367665
in my life,1364639
up with a,1363779
I 'm here,1360914
you 've got,1358589
looking at the,1358252
if it were,1355757
closed his eyes,1355167
it was all,1355160
there would be,1354937
She was a,1354212
What did you,1353601
as if to,1353589
in the car,1353478
could not get,1351279
told me that,1351172
his father 's,1350794
and then the,1349293
that 's the,1348460
He had been,1346930
that it would,1345740
walked over to,1345668
she does not,1345450
and that 's,1344673
was no longer,1340850
the next day,1340545
he was the,1339971
it 's the,1339315
"there , and",1339054
the same way,1338791
I 'll tell,1337839
of the two,1337725
"them , but",1337460
"door , and",1335447
for the rest,1334745
you think I,1332557
down at her,1330772
could not believe,1329541
if you want,1328766
of the city,1326145
on the wall,1324868
of one of,1322670
I know I,1321602
was beginning to,1319681
no matter how,1319314
the young man,1318812
them in the,1316222
She had to,1315123
How did you,1314769
as if I,1314747
up in a,1314371
"room , and",1313984
what I 'm,1313377
to him and,1311490
walked to the,1310227
was just a,1309701
of my life,1308595
she could see,1308423
in the corner,1308172
she was in,1307393
of his life,1306082
where he was,1303392
back of her,1302406
was not in,1301003
I thought it,1300922
that they had,1300337
only a few,1298729
were in the,1298159
Why do you,1296711
across the room,1295408
if I had,1294810
it might be,1293771
her on the,1292899
a sense of,1292353
down the hall,1288158
to keep her,1286226
"No , no",1284816
a cup of,1284255
used to be,1282385
up the stairs,1282188
I think that,1280450
have no idea,1279712
you are not,1279693
It was as,1279680
stared at him,1278253
you want me,1277706
a few seconds,1276837
both of them,1276194
that he did,1276115
They did not,1275585
closed the door,1274891
Thank you for,1274512
to one of,1274340
it would have,1272936
of the time,1272765
did not take,1269836
it was just,1269590
out the door,1268581
not know why,1266944
I wish I,1266460
T - shirt,1266377
there was something,1265217
I 'll see,1265032
back at the,1262760
did not answer,1262072
and then I,1261526
to get back,1260146
I used to,1259699
You have to,1258373
he tried to,1257474
in his voice,1257153
in the doorway,1256610
but I could,1256594
I am a,1256487
on the road,1255197
to see that,1254258
one of my,1254089
"head , and",1254027
you 're a,1253849
in the end,1253333
"Yeah , I",1252743
out to be,1252160
you think you,1251677
He took a,1250638
to pick up,1250562
when they were,1248638
had not seen,1247991
in the distance,1247871
if he could,1247776
if she were,1246807
went into the,1245559
over her shoulder,1243635
the door of,1243570
"face , and",1243030
be in the,1242872
think I 'm,1239288
to figure out,1238803
that it is,1238493
door of the,1238173
next to her,1237624
I told her,1236596
down the stairs,1235855
have to get,1235008
gave me a,1234461
but he could,1234396
to speak to,1233845
glanced at the,1233017
She 'd been,1232721
wanted to know,1232376
and a half,1232284
I 've seen,1231276
I will be,1227824
her father 's,1225509
to do this,1225362
down in the,1224976
But I 'm,1224868
to the right,1224364
it is a,1224155
the house and,1223336
and into the,1222470
"that , but",1221375
That was the,1219742
stared at her,1219135
was as if,1218190
was out of,1217986
But it 's,1217695
and when he,1216417
you have not,1216209
him as he,1216145
he 'd be,1215081
I 'd have,1212464
Why are you,1212413
to do something,1211829
that I would,1210518
did not understand,1207241
open the door,1206224
on the side,1203878
stood in the,1203072
and he 'd,1202853
think about it,1202821
I 'm the,1202371
to do the,1202262
you 've been,1202238
that 's not,1201665
no idea what,1201643
that you 're,1201581
"here , and",1199946
"Well , you",1199373
seem to be,1199260
his hand and,1199193
I knew that,1199147
I 'd never,1199123
up to her,1197295
that this was,1196510
get to the,1195156
what I was,1195124
he said to,1194921
they could not,1194590
I would be,1194113
knew he was,1193546
me to the,1192730
that I can,1192575
to the back,1192569
the last of,1192216
was at the,1190748
sitting on the,1190633
for the next,1190075
did not make,1189498
by the way,1189233
so he could,1189073
come to the,1189027
and he could,1187975
half an hour,1187968
the point of,1187733
look at him,1187402
"away , and",1186901
But I do,1186710
because he was,1185930
when he had,1184691
a few more,1184640
it was too,1183759
there was not,1182745
of the old,1182672
look at her,1182096
want to talk,1181883
into the house,1180368
he looked at,1179222
"it , he",1178958
when he 'd,1178478
was more than,1178070
turned to the,1175441
"down , and",1175426
to be with,1175420
come up with,1175113
can not help,1174969
at the bottom,1174589
of them were,1174221
felt as if,1173157
you tell me,1173089
I can tell,1171918
I am sure,1170263
That 's all,1169646
in his mind,1169088
and sat down,1168803
to leave the,1168239
she tried to,1167953
I needed to,1167571
the night before,1167273
There is a,1166998
talk to you,1164803
her hand and,1163533
to the point,1162120
we did not,1161799
in his hands,1161612
we 're going,1160551
to get her,1158085
in his own,1157716
the size of,1157538
stood up and,1157305
but she had,1155421
walked into the,1155086
might as well,1154700
what was going,1154015
and I did,1153725
on the couch,1153611
I 'm in,1151365
to return to,1150419
got out of,1150376
and I am,1150303
and turned to,1149998
a little bit,1149355
Of course I,1148156
there had been,1147792
for a minute,1146794
center of the,1146563
she had no,1146254
but she could,1145741
"day , and",1145297
"it , the",1144759
around the room,1144320
and she could,1144191
I 'm fine,1144077
will have to,1143972
not do it,1143015
You will not,1142190
I was so,1142063
the only thing,1141358
not know that,1138543
if he did,1138070
to one side,1137234
not tell me,1136524
on the phone,1136377
in his life,1134915
the door behind,1134729
her arms around,1134332
We have to,1133130
She tried to,1133009
out of this,1132883
a few hours,1132661
a glass of,1131346
and down the,1130695
to the window,1130668
"said , his",1130374
of his head,1130304
This was the,1130144
You 've got,1129068
of the man,1127281
to be done,1127070
did not come,1126425
have not been,1124943
a bunch of,1124639
the other end,1123541
if she 'd,1122388
it to be,1121499
out of sight,1121370
does not know,1121316
I 've had,1120537
to make her,1118342
want to get,1118271
that ' s,1118265
tell me what,1116872
was no way,1114316
a good idea,1113790
She took a,1112924
going to take,1112919
it was only,1112237
think you 're,1112170
front of me,1112129
a hand on,1111889
He turned to,1111788
through the door,1111664
to see me,1111367
not at all,1111300
to go on,1110944
for them to,1110905
can not see,1109361
Why did not,1109247
and do not,1108700
the parking lot,1108253
He would not,1108134
in New York,1107975
he was still,1107918
had always been,1107700
not want you,1106236
"No , it",1106234
It was an,1105618
"Well , it",1104219
not mean to,1104212
they would not,1103755
"know , I",1103356
wanted to see,1103247
so that he,1102003
he needed to,1100686
each other 's,1100250
what to say,1099425
her with a,1098515
no more than,1098433
need to know,1098158
them to the,1097552
that you have,1097431
if it 's,1097242
like he was,1096844
into the air,1096610
sat in the,1096357
"her , he",1096118
to me that,1095870
to take care,1095760
what he 'd,1094784
He tried to,1094734
to her and,1094491
as she could,1093486
was only a,1092997
If you do,1092914
his arms and,1092287
a man of,1090557
man in the,1090197
he told her,1089931
was like a,1089120
took a step,1088776
did not matter,1088706
a series of,1088399
are not you,1086746
I saw the,1086629
I 'll do,1086573
of the building,1086005
That 's right,1085851
did not do,1084825
at him and,1084543
You know what,1084399
first time in,1083238
in her life,1083020
It 's been,1082062
when he saw,1081456
and that he,1081187
not you think,1080332
I should be,1078118
at the thought,1077825
he saw the,1077245
staring at the,1075119
that kind of,1074677
soon as I,1074377
a group of,1074276
in his chair,1074048
It was like,1073509
came out of,1073268
of her life,1072965
this was the,1072817
the best of,1071438
his hand on,1071151
you will be,1071122
She had a,1070911
in the city,1069623
as she had,1069097
could hear the,1068927
of them had,1068459
soon as he,1067752
as I was,1067689
And I 'm,1067426
But he was,1067255
you in the,1065560
it was time,1063240
has to be,1063157
to take her,1063064
her as she,1062991
next to him,1062020
"Yes , sir",1061649
"life , and",1060940
out at the,1060850
on either side,1060648
do with the,1059794
and then she,1059672
a bottle of,1059626
"in , and",1057521
in her hand,1057203
wanted to do,1057062
got up and,1056373
not think so,1056103
him out of,1056065
this is the,1054688
going to make,1054457
back in his,1054447
it came to,1053944
It was just,1052667
could feel the,1052617
he began to,1052328
not be a,1052217
he 'd never,1051776
I took a,1051080
of the same,1050292
who did not,1050147
For the first,1049015
into his arms,1048713
"him , the",1048290
I would like,1047959
cleared his throat,1047259
of her head,1047205
as they were,1046506
to the left,1046178
"night , and",1045695
when you 're,1044984
when she 'd,1044602
does not matter,1044073
long enough to,1044000
up with the,1043267
does not have,1042566
the car and,1042103
What 's wrong,1041943
the floor and,1041503
be a good,1041308
of the people,1040958
That ' s,1040337
headed for the,1040312
on his way,1039021
two or three,1039012
he 's not,1038579
to have the,1038054
get rid of,1037738
"Well , that",1037553
back against the,1034619
between the two,1033639
it will not,1033627
There was nothing,1033543
been in the,1033495
let go of,1033286
could not tell,1033003
to meet you,1032932
She had been,1032430
of the road,1031832
because it was,1031817
and at the,1031725
and he did,1031353
and it is,1030981
it had not,1030671
"time , but",1030475
had been so,1030458
and he 's,1030386
it 's all,1029598
was the last,1029559
You need to,1029226
to me and,1028926
standing in the,1028547
but I have,1026257
she 'd be,1026093
no matter what,1025597
was not so,1025405
for the last,1025210
with the other,1024879
the same as,1024727
needed to be,1024664
hand on the,1024409
and she 'd,1023951
"us , and",1023917
But there was,1022755
now and then,1022470
or at least,1021083
sound of the,1020798
it to me,1020339
she 'd never,1019290
it to her,1018421
of the door,1018192
part of her,1017834
the back door,1016404
her out of,1015958
to see a,1015752
much of a,1015553
not like the,1014230
It was all,1013935
in the mirror,1013929
but they were,1012648
his hands on,1012004
"house , and",1011809
said as she,1011585
and I were,1011380
thought he was,1011190
is one of,1011170
head of the,1010625
but that was,1010085
he ' s,1009544
as though she,1009189
of his mouth,1009175
what she had,1008912
"again , but",1008003
direction of the,1006979
not do that,1006746
to get away,1006726
did not tell,1006082
going to the,1005916
came to a,1004350
Would you like,1003596
and a few,1003588
that she did,1003192
can not get,1002932
all of us,1001155
I am going,999886
and stared at,999731
man who had,999493
way through the,999228
his head to,998976
which had been,997876
of the first,997469
the next morning,997406
to the table,996922
in the darkness,996425
you and I,996391
his way to,995736
his head in,994599
"man , and",994359
to give him,993617
it seemed to,993482
the beginning of,993007
had nothing to,993006
it could be,992585
as I could,991821
Where are you,991091
to come back,990144
"time , I",989850
down into the,988765
not know where,987677
the presence of,987618
You 're right,987506
him to be,987162
did not really,986441
on one of,986419
to do was,985694
if you can,985303
in the other,984660
out of bed,984599
waiting for the,984227
such a thing,984152
that it 's,984060
He 's not,983907
three of them,983226
give me a,982546
door to the,982474
"now , but",980948
for some time,980940
as fast as,980791
she told him,980519
in the water,979486
I knew it,979038
"and , as",977891
the time of,977827
view of the,977180
of the water,977170
he 's a,976279
How are you,976044
had to get,975998
in her voice,975703
where she was,975607
hand on his,975149
if I could,975008
a moment to,974879
and with a,973987
to believe that,973264
I knew I,973154
she needed to,973088
the smell of,972865
you to be,972735
I could do,972492
the time I,972040
the dining room,971922
you were not,970967
it 's just,970677
What kind of,970511
was time to,970308
her back to,969849
when it was,969832
he can not,968225
I need you,968182
could see that,966507
tell you that,966395
looking at her,966272
"that , I",965621
that was a,965373
had not even,964968
nothing more than,964621
can not tell,963780
if I can,963761
along with the,963268
so she could,962943
but it is,962784
the foot of,962694
the time to,962388
will be a,962074
he was doing,961297
you like to,961292
the two men,961169
there in the,960725
If you 're,960638
what are you,960583
had never seen,960455
if I was,960051
pointed to the,959914
"him , she",959147
does not want,959137
closer to the,959085
to go home,958538
he knew that,958170
so much as,957834
"said , as",957742
It was only,957676
that 's a,957518
of the table,957243
They do not,957146
arrived at the,957127
for the night,957113
to say something,956980
the time he,956820
back from the,956775
not think it,955972
give you a,955964
at that moment,955392
they would be,954886
in time to,954810
at him with,954237
the window and,954204
We 're going,954075
this is a,953810
the only way,953400
members of the,950916
the midst of,950703
will not have,950448
"her , his",950040
and I are,949926
seems to be,949818
in the front,948766
what you want,948224
the hands of,947871
told him that,947306
if it had,947132
to be an,946483
no one else,945977
out from the,945914
was ready to,945519
he had never,944794
top of her,944613
to be seen,944369
that you were,944165
that I 'd,944146
what it is,942872
down from the,941780
you and your,941670
and could not,941433
was looking at,941340
not sure what,940772
in the last,940496
it out of,940190
not believe it,939629
Most of the,939078
deep breath and,938936
"that , and",938720
just wanted to,937382
if there was,937261
reached for the,936981
On the other,936860
She does not,936451
what happened to,936105
to go out,936010
We 've got,935936
to the next,935417
a look of,934880
the tip of,934606
he could do,934553
he might have,934540
shook my head,933394
know that I,932235
knew she was,931179
She would not,930760
looked at his,930328
thought of the,930086
would not let,929690
in her mind,929308
sight of the,928743
it into the,928614
to be so,928509
not think of,928081
to think that,927928
on the sofa,927767
down the street,927394
at the front,927345
a man 's,927224
it must be,926961
did not move,926710
was the same,925305
I 've ever,925262
as I can,924227
"on , and",924076
You want to,923556
was a very,923380
he could have,923354
a good thing,922876
if she could,922876
have been the,922683
what they were,922665
because she was,922083
what she 'd,922045
going to happen,921264
I 'm still,921252
to - day,921113
that no one,921069
it was to,920312
no sign of,920234
I was thinking,920157
to give her,919892
picked up a,919817
"too , and",919615
And it was,919130
so that the,919060
That would be,918765
him in a,916874
it was that,916816
the last few,916779
member of the,916345
for us to,916323
I was the,915702
As long as,915224
to be sure,915208
is in the,914571
that 's why,913881
was the most,913470
to the top,913450
that does not,913020
they had not,912881
and I know,912599
"now , I",912167
a little while,912079
You 're the,911938
"it , she",911566
You 're going,911254
had to go,911142
the death of,911046
in the center,910926
and I would,910824
and no one,910710
was not as,910702
the ground and,910550
to do anything,910537
the power of,910150
"you , you",909982
me and I,909768
of my own,909613
a look at,908657
the way of,908531
thought you were,908399
come back to,908309
and the others,908221
off to the,908005
is to be,907915
the base of,907153
was a man,906828
ought to be,906557
she was the,906371
there were no,906230
here and there,906064
on his own,905470
either side of,902940
left the room,902803
not think you,902673
a few years,901834
to help her,901644
and he would,901472
what 's going,900863
said it was,900854
and on the,900429
not the only,900266
to listen to,899760
this is not,899756
She looked up,899681
of the family,899307
that I did,899146
"Oh , yes",898631
He had no,898557
just do not,898528
in a low,897407
the light of,896874
to see it,896824
of his hand,896505
was a long,896177
Why did you,896025
this was a,895661
before he could,895593
not worry about,895356
to say to,895072
to be on,894348
he is not,894133
but I think,893816
time to time,893635
with the same,893518
for so long,893045
I think she,892522
Some of the,891605
was not even,891135
could not stop,891000
here in the,890961
and we 'll,890139
looked as if,890003
did not go,889930
the course of,889923
the kitchen and,889614
they were all,889557
the door open,889182
going to tell,888337
might not be,888283
pulled out a,888272
to the hospital,887422
the length of,887129
to the end,887054
side of his,886655
the sort of,886242
stepped into the,886164
he had the,885889
that they would,885576
made his way,885249
he will not,884343
me on the,883844
as good as,882676
This was not,881514
know you 're,881498
if you were,879786
You ' re,879520
fact that he,879427
a few times,878596
I have never,878413
not tell you,878120
and for a,878058
all of this,878048
just a little,877964
was hard to,877950
the whole thing,877527
my father 's,877181
him for a,876994
her into the,876688
look at me,876563
he had seen,876307
she was still,876292
It 's like,876222
soon as the,875125
be all right,874901
I might have,874584
I 've heard,874232
from the other,874080
was too late,874053
they had to,872879
the first to,872751
to see how,872691
not like it,872360
one of these,872358
far as I,871259
around his neck,871028
It will be,870981
might be a,870941
me to do,870541
many of the,869638
I just want,869445
the way you,869412
something to do,869325
hand on her,868470
did not believe,868329
the chance to,867731
the right thing,867665
looking for a,867593
at the other,867423
and the two,867178
and kissed her,867137
away from me,867075
"said , her",866860
the heart of,866512
was full of,866501
but could not,866387
What 's that,865700
they 'd been,865633
in the hall,865179
There was something,864852
at her and,864579
his face and,863711
sat down on,863652
and started to,863473
tried not to,863095
what was happening,862666
his mother 's,862564
in my head,862316
looked back at,862032
and you 're,861301
to take it,861012
and when I,860944
in the next,860893
to get up,860875
she looked at,860850
She turned to,860314
was filled with,860260
that he is,860074
the urge to,859727
a handful of,859633
I had the,859580
does not mean,859438
It would not,859103
"Oh , no",858433
not wait to,858085
The rest of,858003
way back to,857402
a few weeks,856135
and she did,855941
his hands and,855472
to get it,855188
return to the,854991
so I can,854950
aware of the,854943
as it is,854350
"her , the",853283
a lot more,852634
they would have,852223
twenty - four,852208
the way I,851888
attention to the,851509
You are not,851446
bit of a,851371
thought about it,851151
"Yes , it",851042
when she had,850835
at me and,850810
I 'll give,850704
to let him,850105
them on the,849649
a glimpse of,849237
of their own,848982
over the years,848880
though it was,848741
to help you,848618
and the rest,848345
was not there,848239
could not do,848072
you 're right,847096
felt like a,846693
I began to,846454
looking forward to,846247
He was the,845738
"know , but",845722
know it 's,845562
I feel like,844899
I could tell,844884
"time , he",844877
was not that,844114
You 've been,844034
as he did,843623
thing to do,843489
when she saw,842954
on the front,842892
"Yes , but",842681
I could feel,842477
in his head,842036
if I were,841389
me out of,841307
I wonder if,841209
and that the,840748
he said with,840708
to a stop,840118
her face and,839617
"up , but",839528
I came to,839200
have time to,839027
to be here,838456
this was not,838123
to let her,837191
have not seen,836707
men and women,836450
"No , you",836341
for a little,836316
on her own,835889
it was like,835722
a hint of,835215
"him , her",835038
I shook my,834968
his hand to,833744
find a way,833475
her and she,833319
toward the door,833201
that I do,833090
can not go,833049
"way , and",832597
to look for,831884
in my mind,831661
It 's okay,831448
at the sight,831383
came back to,831350
had time to,830277
I can get,829847
if I 'm,829647
She 's a,829509
"before , and",829102
twenty - five,828792
and you can,828549
asked me to,828478
could not even,828398
up to his,827672
Let 's get,827396
would be able,827330
But she was,827094
not have time,826988
some of them,826904
when it came,826889
he 'd had,826598
you could not,825878
This was a,825853
of the window,825729
in the night,824769
"him , I",824463
the eyes of,824171
up into the,823913
told her that,823739
side of her,822888
a young man,822863
have to say,822390
people in the,821777
able to get,821681
if she did,820089
they were in,820053
to help me,819967
her in a,819754
on his back,819002
I 'll make,818782
am going to,818744
to give you,818636
not know about,818341
again and again,818035
"was , and",818005
got to the,817587
the three of,817394
would never have,816196
that he 's,816112
the opportunity to,815777
more than that,815474
we have a,815239
sitting in the,815224
him and he,815009
if they had,814913
it as a,814716
to give up,814377
trying to make,814244
him into the,813980
not do anything,813806
We did not,813174
him at the,811948
think it was,811764
just have to,811487
of the great,811217
had gone to,810593
and I 've,810146
like she was,808294
me with a,808280
"said , looking",808248
in a long,808114
she 'd had,807903
had begun to,807638
not think he,806955
to go with,806791
were on the,806712
and when she,806223
His voice was,805954
in her throat,805549
that he might,805393
and his wife,805013
so that she,804891
me to be,804888
will not let,804837
her hand on,804795
it is the,804526
the weight of,804308
his arms around,804155
want to hear,803368
I could hear,803187
to the bed,802652
If you want,802504
not see the,802376
even if it,802211
and pulled out,801885
and there were,801872
I heard the,800571
on the top,800169
and for the,800166
when we were,799845
was waiting for,799549
to be there,799510
across the table,799436
wanted to go,799378
you have any,798796
why do not,798787
has not been,798434
he 'd have,798430
do the same,798042
for all the,797849
the centre of,797810
turned to look,797477
into the water,797457
look like a,797331
talk about it,797065
not look at,796778
not know the,796736
out his hand,796595
of what he,796130
in all the,795886
light of the,795263
need you to,795228
and I think,794977
we 'll be,793953
any of them,793794
at the edge,793705
to keep his,792856
could not find,792476
just a few,792329
She had no,792284
the day before,792284
in the sky,791713
what kind of,791509
There 's nothing,791373
I decided to,791343
before she could,790890
in the evening,790091
one in the,789987
back to my,789964
on the right,789386
across the street,789357
if I do,788896
her head to,788818
a few of,788667
talk to him,788456
and in a,788232
that I should,788064
a woman who,787304
as he walked,787134
You have a,786843
a hand to,786785
well as the,786702
And that 's,786525
her hands on,786515
It is the,786510
what I mean,785733
not think that,785459
in search of,785277
being able to,784944
more than one,784149
He looked up,784080
I 'll call,783954
to keep it,783953
"off , and",783903
an eye on,782929
sort of thing,782752
as he looked,782500
have you been,782325
it was an,782205
need to talk,782093
me when I,782011
not sure if,781855
may have been,781689
"away , but",781647
but it did,781583
on the street,781503
she began to,781486
"well , I",781407
and his eyes,781190
I have the,781140
she had never,780921
more or less,780899
reached out and,780562
way out of,780494
at least a,780151
one of us,778697
he seemed to,778633
came from the,778253
that it had,777449
up at her,776800
out of their,776743
As far as,776740
and one of,776632
of a sudden,776452
and picked up,776365
a way that,775970
You have not,775913
thought I was,775885
that is not,775282
turned to face,774937
turned out to,774786
if I did,774532
thought I 'd,774464
he had done,774106
in her hands,773930
wanted to get,773847
when I 'm,773835
it in his,773769
hands on her,773709
we 've got,773662
would not want,773374
There was not,773008
After a few,772803
but that 's,772588
to the edge,772097
she knew that,772013
What 's going,771929
was a small,771726
You 'll be,771449
in charge of,770733
do not mean,770683
her to be,770594
cup of coffee,770376
do not remember,770168
in the midst,770033
she said to,769945
was starting to,769936
was looking for,769570
The old man,769525
know what it,769226
it for a,768849
you 'd be,768702
That was a,768644
a lot to,768578
in any way,768309
"one , and",767961
in her own,767149
a good deal,766711
He glanced at,766670
shaking his head,766539
I 'd rather,766052
he went to,765992
with one of,765736
in which he,765671
he turned to,765649
trying not to,765618
I really do,764522
arm around her,764424
to make him,764290
looking at him,763838
in the woods,763672
there was the,763631
he came to,763592
do you have,763251
in the future,762967
his feet and,762915
he was about,762574
in which the,762458
the number of,762242
both of us,762127
I had never,762032
was not much,761907
part of this,761840
the way it,761779
to do is,761425
just want to,761285
have to tell,761141
and opened the,761088
"out , but",761008
I try to,760956
around the corner,760812
and I 'd,759669
one or two,759251
at her with,759121
it with a,758901
We 're not,758440
you can do,758370
He would have,758161
through the air,758123
in the eye,757981
going to say,757535
for the moment,757521
her for a,757199
did not hear,756742
she could do,756715
be on the,756157
of the country,756112
Are you going,756022
Please do not,755402
like it was,755321
it in a,755111
I 'm trying,755082
rolled her eyes,754989
she saw the,754938
you are a,754875
not about to,754671
part of his,754030
I said to,753612
they reached the,753406
not been able,753293
did you get,752832
to ask you,752544
and to the,752456
looked over at,752304
on the counter,751565
at this time,750127
but he 'd,749765
front of his,749436
in his pocket,749391
the sake of,749298
It will not,748955
did not stop,748911
arms around her,748866
could not remember,748352
in the living,748122
did not expect,748035
can not say,747750
a good time,747618
the memory of,747618
back to me,747533
much as I,747119
the woman 's,747094
you doing here,747083
I am sorry,747033
on his shoulder,746520
stood at the,746240
from time to,746163
to wait for,745703
him from the,745240
to try and,745208
"home , and",745045
for the door,744774
to his own,744672
and put it,744617
I am so,744332
you know how,743808
that of the,743801
with each other,743651
in the afternoon,743574
"you , my",743409
you 'll have,743308
and he knew,742989
a few months,742895
that there is,742664
where he had,742663
in the country,742543
though he was,742449
was in his,742301
you talking about,742100
need to go,741983
no need to,741205
His eyes were,741190
to help him,741120
"that , he",740859
alone in the,740796
for some reason,740696
Is not that,739988
in a small,739898
have to wait,739622
the one that,739546
there will be,739507
on my own,739320
had tried to,739278
if that 's,739147
"there , but",738939
all sorts of,738909
did not give,738733
it was his,738633
said to the,738544
that you can,738488
had a chance,738372
so that I,738280
to him that,738256
they were going,738237
for the day,737654
the time she,737465
but he 's,737432
give him a,737129
man with a,736950
to use the,736041
And then he,735847
find out what,735669
enough to make,735661
The sound of,735611
to find her,735084
the use of,734891
I was still,734802
great deal of,734556
"hands , and",734534
more than the,734271
to open the,733850
"yes , I",733634
thought she was,733148
to go and,733118
just did not,733007
to the man,732929
her from the,732699
soon as she,732162
to give me,732002
had told her,731878
came into the,731733
looked up and,731703
but in the,731434
"before , but",731388
had happened to,731234
made her feel,730853
foot of the,730804
I 've always,730789
going to go,730726
but I had,730572
was not just,730422
The only thing,730010
that seemed to,729367
really do not,729232
him that he,729146
lying on the,728986
place in the,728923
would not do,728230
he went on,728206
are we going,728125
tell you what,727615
would be no,727402
was not about,726436
knew that he,726217
opened her eyes,726196
"this , but",725983
at me with,725758
on the beach,725742
and made a,725590
"time , the",725453
her in his,725406
looking at me,725231
of his face,725218
I know how,724848
from the table,723828
where they were,723579
back to him,723333
the last thing,722759
name of the,722020
he told me,721264
he said in,721212
You know I,721038
"side , and",720864
he might be,720708
and left the,720622
face of the,720503
as quickly as,720137
anything to do,720137
There were no,720051
not like to,719987
Who are you,719853
You are a,719708
said he was,719605
At the same,719234
"together , and",718961
at this point,718718
his arm around,718655
what he wanted,718646
"fact , I",718613
my mother 's,718459
her hands and,718293
in her head,718193
with one hand,717667
that he should,717186
is a good,716889
next to me,716879
going to let,716604
was such a,716516
the story of,716514
moved to the,716234
to know the,716226
to get him,715939
down the road,715106
I would never,715099
she said with,714871
"No , not",714311
away from his,714128
I must have,713787
handed it to,713695
out of your,713416
talk to me,713151
more than I,713130
a picture of,712967
even though he,712665
"me , you",712643
was still in,712623
a member of,711765
the girl 's,711615
the wall and,711361
while he was,711286
waited for the,710754
for a couple,710514
on the first,710460
in his face,710048
on their way,709580
stepped out of,709309
on the same,708671
her husband 's,708606
so I could,708553
"open , and",708254
the inside of,708246
long time ago,708177
I shall be,708067
can not have,708026
up to him,707952
did you do,707941
he said as,707869
be the one,707819
when you were,707664
told me to,707183
couple of days,707170
with a little,706972
corner of his,706779
and saw the,705818
that there were,705648
I think the,705157
not one of,705062
long as you,704964
I am the,704916
it was as,704724
had not had,704250
out in a,703700
is the only,703661
on one side,703377
to face the,703337
looked at each,703320
I saw him,703268
which she had,702837
do not really,702752
up the phone,702604
waiting for him,701866
you 're the,701859
not so much,701739
if you are,701347
wanted him to,701137
"over , and",700941
like to be,700751
there was an,700576
time in the,700404
the loss of,700261
But he did,700134
you think it,700084
can not wait,700011
back at him,699884
But I can,699289
no idea how,699241
if he 's,699126
are you talking,699067
I see you,698328
you to the,698185
other end of,698151
to a halt,697311
thank you for,697069
Of course not,696959
talk to her,696555
want to make,696436
he was so,696387
you think that,696284
"this , and",696154
had told him,696050
to get in,695917
that we were,695723
the people who,695623
"you , too",695491
to stay in,695410
I thought about,695200
You know that,695039
the other two,694805
a little too,694017
and held it,693984
ready to go,693980
seem to have,693765
his right hand,693691
me if I,693637
of the river,693146
and she would,692804
and it would,692741
it to him,692719
and pulled her,692535
could not make,692513
the part of,692341
of his body,692242
and you will,692198
I is not,692178
and by the,692005
think of it,691952
and if you,691678
wanted to say,691575
each other and,691497
meant to be,691097
enough to be,690887
that could be,690626
to the bathroom,690560
"is , I",690385
one by one,690147
was a great,689960
him when he,689875
knew how to,689830
I got a,689517
was not an,689486
from one of,689239
he knew he,689224
the life of,688627
could be a,688539
was a bit,688513
even if he,688365
I 'll just,688315
"moment , and",687749
in the garden,687747
it was in,687666
back of my,687512
to get into,687448
out onto the,687447
was the best,687333
I thought that,687159
she could have,686754
the one to,686728
and I knew,686601
want him to,686545
side by side,686508
he 'd seen,686388
because I was,686352
of the past,686334
"all , and",685976
had not yet,685660
and there 's,685439
waiting for her,685310
part of a,685250
"himself , and",684662
and had a,684536
He must have,683997
shut the door,683621
it 's time,682750
of her mouth,682496
a long way,682301
stood on the,682157
opened his eyes,682123
the air and,681612
the driver 's,681548
the other day,681393
old - fashioned,681335
come out of,681321
me for a,680765
she might have,680532
to do what,680424
It was so,680294
been trying to,680280
to get some,680224
In the end,680083
When I was,680081
on my way,679791
with his hands,679404
"it , then",679225
it to you,678993
she was doing,678731
smiled at her,678714
leaned against the,678233
"bed , and",677923
"No , he",677562
I thought of,677363
and her eyes,677191
it was so,676570
"years , and",676449
have a good,676082
not try to,676039
She 'd never,675894
not be the,675884
at the very,675740
I wish you,675736
could think of,675585
for the sake,675484
like to see,675447
He stared at,675429
no reason to,675417
could not bear,675342
"said , with",675036
the right to,675019
as it had,674964
"and , in",674956
a pile of,674902
the boy 's,674852
"place , and",674556
not be so,674505
"too , but",674496
me that I,674323
the surface of,674143
and all that,673833
He told me,673753
"him , as",673491
have to take,673240
front of a,673163
think he 's,673160
her hand to,673013
to get you,672949
that you will,672821
and waited for,672785
but I am,672246
"table , and",672223
get away from,672178
"Oh , my",672163
It 'll be,672121
He 'd never,672023
Maybe it was,671842
the way they,671621
the need to,671619
that in the,671048
There had been,670846
to live in,670496
and a little,670433
But that 's,670367
and try to,669932
can tell you,669922
rest of his,669914
in the street,669801
think that 's,669506
was wearing a,669359
I just wanted,669248
going back to,669192
a man in,669169
for the past,669160
her head in,669103
to the police,669091
All rights reserved,669027
for more than,668954
There was an,668649
cup of tea,668643
only one who,668518
a few feet,668487
could not imagine,668379
trying to find,668269
of the stairs,667719
a state of,667719
"said , but",667716
you 're doing,667476
something like that,667099
she 's not,667045
not make it,666879
She stared at,666863
I suppose I,666410
it was still,666328
to hear the,666020
I saw you,665986
was still a,665821
and I want,665622
to his knees,665553
do not do,665299
her at the,665051
not supposed to,665004
He was in,664961
looked around the,664575
of her hand,664399
his mouth and,664280
as to the,664184
he could be,663968
He knew that,663732
to be found,663638
That 's it,663608
That was not,663487
on the shoulder,663328
and took the,663089
do not worry,662929
the next few,662835
fact that she,662827
I was about,662251
I know the,662201
and shook his,661928
and she 's,661746
"moment , then",661601
of the sea,661546
They were not,661506
we 're not,661478
the line of,661409
the far end,661346
what I want,661109
in the chair,661077
my eyes and,661072
was on his,660897
he must have,660703
did not bother,660662
I saw a,660629
I 'm doing,660447
it should be,660357
It must be,660132
one side of,660072
and looked up,660059
through the window,659966
if you have,659854
We 'll be,659696
He said he,659638
to tell the,659514
the look of,659204
it was her,658908
"well , and",658894
at the house,658855
you so much,658637
a set of,658235
took her hand,657853
You would not,657683
he heard the,657494
just in case,657491
to - morrow,657490
And it 's,657293
could not wait,657128
all the same,657074
in a very,657001
I got to,656866
we 'll have,656815
more of a,656780
two of you,656722
"Oh , you",656616
will be the,656441
what the hell,656414
walked out of,656263
none of the,656230
might be able,656117
less than a,655795
in his heart,655757
you 're here,655371
few minutes later,655174
in her arms,655032
over his head,654757
against his chest,654711
I wondered if,654694
it could not,654315
that would have,654278
to get his,653829
not say that,653084
I thought he,653034
to the car,652976
that sort of,652841
at that time,652600
I suppose you,652567
of the last,652526
two of the,652091
in the process,651967
is not going,651842
We have a,651423
as he 'd,651134
But that was,651046
she 'd ever,650939
may not be,650916
must be a,650722
as you can,650591
whether or not,650547
a very good,650434
you all right,650391
let me know,650321
had a good,650227
that I 've,650039
My name is,649953
it 's been,649904
on the desk,649893
can not imagine,649452
thought it would,649125
By the way,649119
surface of the,649033
they will not,648951
according to the,648691
How can you,648661
Not at all,648654
to face him,648648
two of us,648608
they ' d,648494
but I 've,648339
to live with,648168
so far as,647854
last of the,647584
you know it,647394
sides of the,647088
they can not,647035
and she knew,646992
she ' s,646982
of her body,646948
into the night,646946
I 'm on,646938
we can do,646872
If I had,646688
of a woman,646543
not know who,646373
where I was,646064
of the town,646026
you to do,645875
have to make,645347
"time , she",645076
to get rid,644737
that they could,644561
to make me,644548
and then we,644417
and that she,644393
she 'd have,644328
all the other,644179
to be more,644047
It 's my,644027
tried to get,643718
floor of the,642969
it comes to,642860
he 'd ever,642819
to pay for,642728
followed by a,642598
have a lot,642563
I 'd say,642515
their way to,642420
too much to,642292
not want him,642052
of the earth,642027
piece of paper,641886
did not ask,641455
he was on,641094
But I was,640706
a woman 's,640333
in the hospital,640312
still in the,640266
was talking about,640153
and with the,639960
you have been,639955
could not think,639736
really did not,639575
while I was,639403
to go through,639279
you can see,639279
of her neck,639219
"course , but",639166
"water , and",638974
if you 'd,638793
She 's not,638594
he thought he,638319
listening to the,638184
One of them,638017
it from the,638011
in a hurry,637973
out of him,637936
can not even,637604
What about the,637332
"mean , I",636938
the corners of,636909
and see if,636882
to come and,636842
I just do,636525
fell to the,636506
that if he,636339
there ' s,635790
me to go,635767
except for the,635701
"Instead , he",635650
is a very,635237
the man in,635213
had given her,634929
in the open,634922
part of it,634707
was too much,634318
was not to,634036
do with it,634028
of the author,633952
with his own,633701
It would have,633665
she knew she,633639
was that he,633601
a friend of,633321
the nature of,633195
do not feel,633122
and have a,632963
that was all,632904
front of them,632859
most of them,632834
I 'll never,632615
not believe that,632582
able to see,632491
into his eyes,632251
but she 'd,631825
get used to,631585
got to be,631556
She glanced at,631493
the scent of,631418
much of the,631262
we will not,631144
a place to,631043
do not be,630564
wish I could,630546
this kind of,630533
the cause of,630491
even though she,630477
to kiss her,630378
know what he,630335
need to do,630200
he 'd done,629652
"them , the",629408
wanted to make,628749
It seemed to,628701
if I 'd,628628
"not , but",628574
wanted me to,628456
"other , and",628446
the subject of,628432
to work on,628350
in the eyes,628045
"No , but",628004
"here , but",627835
let 's go,627830
back at her,627809
side to side,627751
at the foot,627720
over the edge,627254
had ever seen,627090
to watch the,627039
none of them,627027
there 's nothing,626924
his hands in,626782
that made her,626690
and that I,626637
to come out,626621
more like a,626319
not want her,626157
you wanted to,626116
time to get,625877
top of his,625333
is going on,624845
to the wall,624764
had given him,624746
not look like,624440
out over the,624191
pick up the,624145
"not , I",624032
he took a,624027
and as he,623959
how much I,623901
as though it,623828
his chest and,623755
know I 'm,623656
a long moment,623654
does not seem,623638
on the left,623481
You 'll have,623402
not sure how,623395
be one of,622861
held out his,622321
and she felt,622238
over her head,622182
into the living,622145
sat at the,622029
had no choice,621785
do not let,621704
there is not,621671
her way to,621526
as she walked,621156
But I did,620752
managed to get,620510
a moment of,620100
coming from the,620087
would have done,619794
no time to,619791
was not quite,619783
the age of,619751
and they had,619572
she had the,619553
but at least,619412
to focus on,619251
out for a,619240
because he had,619128
to be at,618957
into the back,618796
all kinds of,618629
close to her,618331
Are you okay,618242
the way the,617954
in his mouth,617912
of his neck,617841
In the meantime,617810
to come up,617747
He could see,617744
I have seen,617450
at his watch,616958
could not take,616136
"here , I",616051
I guess you,616010
he would never,615959
the place where,615925
I took the,615851
his eyes were,615664
the past few,615591
long as I,615551
The fact that,615265
he 's been,615100
be the first,614857
as I am,614756
into her eyes,614669
Her eyes were,614655
The next day,614450
rest of us,614359
"Yes , you",614341
it may be,614298
the shape of,614246
in on the,614152
as I have,613661
to his lips,613632
of the new,613028
not for the,612786
the feel of,612726
did you know,612718
put his hand,612625
Are not you,612586
soon as possible,612454
no intention of,612440
of the best,612140
made her way,612054
of such a,611556
I know he,611514
she was so,611504
you would have,611446
I could get,611363
it up and,611245
I felt a,611061
led to the,610452
turned his head,610448
she 'd seen,610393
the heat of,610388
do not go,610212
"course , I",610151
