ngram,freq
I do not know,13384838
did not want to,6748415
I do not want,5773325
I do not think,5560971
do not want to,5185486
I 'm going to,5130876
the rest of the,4075148
the end of the,3834472
in the middle of,3554826
I did not know,3268347
"said , "" I",3267817
at the same time,3197398
in front of the,3191592
do not know what,3152237
the edge of the,3105299
for the first time,2818944
the back of the,2781612
the middle of the,2723072
was not going to,2541401
at the end of,2476418
I did not want,2468379
the side of the,2367901
the other side of,2363769
I do not have,2226450
do not have to,2180471
I 'm not sure,2152347
the top of the,2148104
in front of him,2120101
did not know what,2103300
on the other side,2099259
in front of her,2028734
I want you to,1954712
took a deep breath,1941938
other side of the,1930243
What do you mean,1891662
he was going to,1859205
for a long time,1749493
and I do not,1727895
was going to be,1726314
I 'd like to,1721494
but I do not,1716561
She shook her head,1680620
He shook his head,1676479
I was going to,1668689
not be able to,1648220
do not know how,1631972
did not have to,1626919
but he did not,1582674
if you do not,1547347
the back of his,1531983
the two of them,1507057
not want to be,1500913
not know what to,1487735
What are you doing,1459278
on the edge of,1451448
Why do not you,1448221
could not help but,1444138
did not seem to,1421455
she was going to,1404190
you 're going to,1380168
to be able to,1373967
I 'm not going,1368914
was one of the,1361699
the bottom of the,1361128
to get out of,1353164
I do not like,1352988
he did not want,1336505
"you , "" he",1332910
What do you think,1309615
I do not care,1308008
going to have to,1300213
nothing to do with,1300087
I can not believe,1299249
she did not want,1278337
the back of her,1267903
but she did not,1249225
for the rest of,1243665
the front of the,1231023
I do not understand,1230507
"me , and I",1225481
but I did not,1207228
do not think I,1200159
I did not think,1198195
in the first place,1185632
"you , "" she",1174276
out of the way,1169231
I did not have,1165018
You do not have,1157753
I do not see,1153533
at the top of,1149259
in the direction of,1147310
he did not know,1147067
did not know how,1118620
I do not believe,1112839
you want me to,1104667
as if he were,1093731
in front of me,1086852
out of the room,1077057
the center of the,1076811
to go to the,1075165
that he did not,1067656
to take care of,1061475
are you going to,1055886
She did not want,1055509
"him , and he",1051140
at the back of,1049675
the first time in,1044682
not know how to,1040213
do not know if,1040179
did not have a,1028265
on the back of,1025708
she did not know,1022864
you do not want,1014070
in the back of,1003645
"me , "" he",988440
but I can not,984193
He did not want,984060
I did not mean,977686
I think it 's,976911
going to be a,976772
What do you want,971870
what was going on,966659
I do not need,960385
For the first time,951824
"her , and she",950444
"said , "" You",949657
not going to be,939084
did not say anything,936896
the direction of the,934576
and I did not,929650
to do with the,927463
But I do not,920030
in one of the,919137
I would not have,913072
If you do not,911187
I 'll tell you,910318
we 're going to,909686
out of the car,906140
I 'm sure you,901310
a deep breath and,900982
I 've got to,889035
as if she were,880116
I 'm so sorry,879808
do not need to,878876
He did not know,869012
"me , "" she",869009
know what to do,868536
you do not have,868252
as if he had,867223
I will not be,867116
to go back to,867049
did not need to,865956
and he did not,861833
that she did not,858748
in and out of,853237
do not know why,851182
She did not know,848553
on the other hand,843949
"he said , and",836916
It was as if,835501
the corner of the,834437
You do not know,834391
did not have the,832074
at the bottom of,830074
"it , "" he",828252
do not have a,823261
you do not know,822766
but it was not,821733
I shook my head,821663
would be able to,819934
he did not have,819398
I was not sure,805391
that he was not,805061
You 're going to,804802
"the door , and",803868
do not think so,802634
How do you know,801834
That 's what I,801030
I am going to,799878
to talk to you,799691
as if it were,798160
the head of the,791848
as if he was,791188
I had no idea,787112
but I could not,786285
but he could not,785137
Do you want to,784204
I 've got a,780370
get out of here,779203
one of the most,778264
do not want you,776268
on the side of,775075
what 's going on,773587
I 'll have to,773100
I do not even,768014
if he did not,765021
a bit of a,764782
for a few minutes,762410
as well as the,759094
but there was no,758782
as if they were,758204
the way to the,758170
I could not help,757746
I can not help,757673
We 're going to,757538
but she could not,756572
I 'll see you,755741
not been able to,747136
of one of the,746594
in the midst of,745598
at the edge of,745275
from time to time,745012
to one of the,742862
did not mean to,742664
on top of the,742420
all the way to,740272
I would like to,739229
up and down the,738301
the door of the,731718
and she did not,731125
as soon as I,731047
that he could not,730962
would not be able,730870
that I did not,730121
she did not have,725263
and I can not,724412
turned out to be,722824
I have no idea,722045
is going to be,720222
do you want to,719929
I thought you were,719693
What 's going on,717265
the fact that he,715731
are you doing here,715252
I ' m not,714207
"to him , and",714133
a great deal of,710388
not want you to,707316
that I do not,705577
was supposed to be,705181
the foot of the,703979
I want to be,700131
Why did not you,699718
I 'm not a,699565
had no idea what,697971
in the living room,696162
"him , but he",695899
"me , but I",695315
"said , ' I",694539
the sound of the,694376
at the sight of,691640
I want to know,689809
was the first time,689492
as soon as he,688905
the other end of,688612
you do not mind,687070
looked up at him,684506
anything to do with,682437
to look at the,682356
would not have been,679708
it would have been,678427
to the back of,675929
That 's why I,675919
it would not be,673553
in the center of,670646
for the sake of,669805
the back of my,669618
and there was a,668884
when it came to,667501
I did not see,667376
I should not have,665523
I have to go,660295
Are you going to,659372
to get back to,658010
out of the house,656794
I 'm glad you,656421
are you talking about,654860
I can not tell,653574
looked at each other,653244
it was too late,652035
might be able to,650813
that it was not,649563
he was about to,648709
"it , "" she",648230
on either side of,646901
it was time to,646468
do not even know,644647
On the other hand,642622
at the thought of,641904
something to do with,640546
to get rid of,639636
It was not a,639559
it would be a,637123
was the one who,636737
not want to go,636620
the rest of his,636499
other end of the,636359
if you want to,634745
that she was not,634311
in front of a,634168
that he had not,633909
but it did not,632820
"said , "" but",631186
the name of the,630972
had nothing to do,629672
I would not be,629559
I can not do,629077
the only one who,628903
I 'm trying to,626123
I did not even,624932
the door to the,622764
looked down at the,620978
in a way that,620396
"she said , and",619144
do not think you,616867
"her , but she",616021
"to me , and",615550
to the edge of,614635
At the same time,612595
will not be able,610676
as if she had,609437
on one of the,608070
"I mean , I",607729
got out of the,606090
as if she was,605911
he had not been,605645
went back to the,604985
looked up at the,603447
walked over to the,602507
in front of them,601598
why do not you,601445
at the foot of,600751
for a couple of,599024
get out of the,599023
a long time ago,598478
I just do not,597160
but he was not,595542
I thought it was,595541
I can tell you,594497
know what to say,594135
and I could not,593469
sat down on the,593298
shook his head and,590810
I do not remember,590259
to get to the,590000
do not you think,589301
go back to the,589127
and shook his head,587104
had a chance to,584645
It had been a,584392
as soon as possible,584014
into the living room,583597
I just want to,583069
there was no way,581230
"a moment , then",581143
I can not see,580309
was not about to,580301
"of course , but",580282
the last of the,580179
out of the window,580107
but I 'm not,579025
did not know if,576743
did not even know,574654
as if he 'd,573906
find a way to,571720
came out of the,571566
I need you to,571439
is not going to,570831
to look at him,570788
"it , "" said",570751
"you , "" said",570721
But he did not,570543
that she could not,570520
"you , "" I",569537
to the side of,568654
if she did not,566810
do not have any,566763
to the end of,566021
it had not been,565203
if I do not,565077
in the way of,564074
"No , I 'm",563959
I have not seen,563595
"he said , his",561369
that it would be,561218
I can not say,560696
I know it 's,560684
could not have been,559532
"here , "" he",558916
I wish I could,557985
the two of you,556679
the top of her,555718
he said with a,555433
he would not be,554388
that it was a,554189
that he had been,553120
and there was no,552841
it was not a,552543
opened the door and,552142
look on his face,551905
turned to look at,551902
he would not have,551270
the fact that she,549722
middle of the night,548370
is one of the,548152
and the rest of,547052
I was about to,547003
I 'll give you,546946
not know what you,545867
what he was doing,545717
did not have any,545542
I know you 're,544878
She closed her eyes,544274
"it , but I",544242
I want to see,543915
does not want to,542983
do not think it,542893
to do with it,542244
from side to side,540106
back in his chair,539824
I did not say,538772
the rest of us,538541
"to her , and",536531
At the end of,536342
the rest of her,535689
the corner of his,535032
for a few days,530933
not seem to be,528832
to the top of,528811
I really do not,528772
I have not been,528620
in a low voice,527298
to look at her,526589
and looked at the,526249
"In fact , I",526216
a matter of fact,525405
and it was not,524391
And I do not,523696
"No , I do",523500
the face of the,522184
The rest of the,521936
in the United States,521625
I just wanted to,521424
had not been able,520999
Are you all right,520218
as much as I,519753
It does not matter,519643
"you , but I",519287
you going to do,519205
But it was not,518624
was going to have,517610
walked out of the,516921
to his feet and,514046
for a few moments,513906
to the other side,513426
they were going to,513118
I do not mind,512293
have been able to,511685
He looked at her,510922
do not know where,510906
not have time to,510656
There was no way,510125
would have to be,509625
the first time I,508514
I 'll be back,508262
was the only one,507249
"me , "" I",506253
she had not been,504529
Do not worry about,504334
did not know that,502889
"said , "" and",502797
side of the road,502377
it 's going to,502208
I can not wait,502000
I can not imagine,501506
know what you 're,500771
that she had not,500739
"Well , I 'm",500506
for as long as,500066
We do not have,499553
want to talk about,498893
if I did not,498755
would not have to,498404
I do not mean,497307
was not sure what,497008
twenty - four hours,496547
You do not want,496148
the far end of,495678
no choice but to,495254
She looked at him,495065
do not think he,494750
did not like the,493901
in front of his,493622
the two of us,493329
to the front door,492785
"the room , and",492628
he was trying to,492483
for a few seconds,492390
that there was no,492202
the rest of my,491242
I thought I 'd,488195
"his head , and",488122
he 's going to,487631
the side of his,486943
over and over again,486884
the middle of a,486877
"said , his voice",486796
What 's the matter,485068
the centre of the,484911
a cup of coffee,484590
was not in the,483761
not know what I,481597
a couple of days,481460
closed her eyes and,481389
we do not have,481163
was not sure if,480977
and out of the,480705
"No , "" she",480563
all of a sudden,480409
and she could not,480304
But I did not,479291
stepped out of the,479119
the hell out of,478192
but she was not,478050
not want to see,477876
to be in the,477810
and he could not,477772
"Well , that 's",477612
her in his arms,477392
"No , it 's",477084
not have to be,476998
his way to the,476423
I 've never seen,475831
It 's not like,475699
for a moment and,475514
she said with a,475506
do not think that,475137
the far side of,474390
that there was a,472385
most of the time,472245
the top of his,472171
when it comes to,471901
It 's all right,471423
I could not see,470577
he said as he,470376
keep an eye on,470111
that he would not,470027
not want to talk,469942
want to talk to,469586
"that , "" he",468617
If you want to,467979
that 's what you,467918
as far as I,467701
at the head of,467610
Do you know what,467331
Would you like to,467214
I think you 're,466365
and handed it to,465882
that I could not,465837
it was going to,464139
"she said , her",464075
and I 'm not,463813
as soon as the,463300
as soon as she,463062
as if she 'd,463012
to get away from,462884
"of it , and",461370
it was not the,460702
far end of the,460694
looked down at her,459409
What are you talking,458969
on the table and,457879
and went to the,457487
"the house , and",457170
that 's what I,455711
I 'm sorry I,454404
stood in front of,454109
"Yes , "" she",453932
she would not be,453539
I was in the,453306
I was not going,453032
and headed for the,452055
what to do with,451911
he was not going,451151
the rear of the,450714
I know what you,450331
But she did not,449758
But I can not,449001
Do not you think,448240
with the rest of,447969
He did not have,447137
right in front of,446766
the base of the,446381
the three of them,446259
she would not have,445254
will be able to,445045
the surface of the,444705
he would have to,443639
a cup of tea,443256
she was about to,443043
"No , "" he",442894
so that he could,442723
on the verge of,442078
that you do not,441439
his arms around her,441328
I do not get,441121
if he had not,440204
of the corner of,440120
a member of the,439639
You 'll have to,439098
"said , "" It",439070
It 's just that,438915
do not have the,438885
Do you have any,438806
I need to get,438153
"it , "" I",437953
It was the first,437591
the first time since,436868
I do not really,436526
not the only one,436494
know what I mean,436427
are we going to,436314
that he was a,435612
do not know about,434204
a sigh of relief,433811
what do you think,433470
do not know that,433217
a couple of hours,433203
as long as I,432523
the door behind him,432401
the corner of her,431675
she could not help,431451
in the face of,431390
he said in a,430782
I was trying to,429662
on the top of,429353
had to do was,428837
I 'm sure he,428116
to think about it,427898
turned back to the,427744
You do not need,427475
"me , "" said",426781
the size of a,425814
standing in front of,425761
She looked up at,425384
I can not be,425280
We do not know,424962
a lot of time,424727
do you think you,424266
to the front of,424109
as long as you,423064
to find out what,422830
the first time he,422712
as if it had,422661
far side of the,422585
was one of those,422458
"Well , it 's",421771
the fact that the,420498
shook her head and,420479
her out of the,419796
to the door and,419683
I do not suppose,419232
said with a smile,418738
as far as the,418195
I went to the,418134
at the base of,418025
I did not like,417483
I was able to,417120
Are you sure you,416319
"know , "" he",416243
in a state of,416057
"Of course , I",415867
had no intention of,415186
him out of the,415130
for a long moment,415018
have to worry about,414976
It was not the,414286
from one of the,413350
that I can not,413333
would not want to,413045
it did not matter,412704
I 'll be right,412361
be able to get,412328
"said , "" We",411884
her into his arms,411475
"a moment , and",411030
way back to the,410759
as if it was,410627
I 'm afraid I,410405
held out his hand,409949
to talk to him,409193
did not have time,408527
have a lot of,408291
had been in the,408200
the sound of a,408180
there would be no,407975
He looked at the,407844
in the corner of,407427
It 's not a,407418
he was able to,406730
for a little while,406631
can not tell you,406319
"know , "" she",406255
to talk about it,406239
I could see the,405976
I 've never been,404601
you know what I,404128
It 's going to,404025
trying to figure out,403904
I do not feel,403760
was not the only,403394
the end of a,403371
He closed his eyes,402216
I think I 'll,401922
closed his eyes and,401874
I need to know,401123
did not want her,399987
"at him , and",399684
a hell of a,398924
a couple of times,398807
No part of this,398798
side of the bed,398690
It would have been,398654
the side of her,398415
you want to know,398111
you 'll have to,397942
on the way to,397929
I 'd love to,397267
and shook her head,396986
not know if I,396364
one side of the,395784
"that , "" she",395728
and for a moment,395534
was going to do,395018
in the name of,394673
"here , "" she",394479
thought it would be,394272
you were going to,394202
"with him , and",394056
and he was not,393706
not want to get,393486
not want him to,393199
As soon as the,393084
he was in the,392697
I want to go,392488
had no idea how,391960
going to have a,391786
"you , and I",391405
not have to worry,391105
"Yes , of course",390918
He was going to,390504
the man who had,390266
I ' m going,390064
it will not be,389915
at the far end,389747
I thought I was,389171
the fact that I,388996
It did not matter,388621
I think I 'm,388567
you will not be,388561
She did not have,388504
and stared at the,388471
back to the house,388424
but it was a,387938
she was not going,387892
in the form of,387875
he could not help,386969
I 'll let you,386347
it had been a,386228
on the floor and,385895
It 's been a,385705
would have been a,385649
edge of the bed,385574
thought for a moment,385557
the beginning of the,385462
to make sure that,384780
never be able to,384444
"of them , and",384050
at the other end,384030
I 'd have to,383561
could not wait to,383496
I closed my eyes,383250
I did not get,382993
in spite of the,382193
was no sign of,382074
side of the room,381410
the entrance to the,380952
to the bottom of,380883
"said , trying to",380768
but that did not,380748
what had happened to,380708
"Yes , "" said",380641
took a sip of,380500
that I was not,380331
a part of the,380148
she was not sure,380017
"it , and I",379903
It was one of,379856
did not want him,379557
for the most part,378976
"the table , and",378856
on the other end,378538
back of his neck,378361
I can not get,378344
in love with her,377509
not going to let,377289
should be able to,377287
"his eyes , and",376896
not want to hear,376703
I 'm sure I,376548
It was hard to,375778
if it had been,375233
he shook his head,375000
get back to the,374894
a work of fiction,374586
her arms around his,373811
"each other , and",373450
what she was doing,373352
need to talk to,372541
of the United States,372408
you want to do,371966
look on her face,371701
did not know where,371501
She took a deep,371496
you want to go,371419
to talk to her,371329
He gave her a,371174
and went back to,371109
he was not sure,371024
is a work of,370917
it was hard to,369982
I 'm pretty sure,369813
She was not sure,369756
we do not know,369586
"I know , but",369175
at one of the,369119
do not know who,369098
can not wait to,368993
in the presence of,368979
to come up with,368712
when I was a,368680
the hell are you,368478
the light of the,368330
as long as he,367784
smile on his face,367666
what are you doing,367573
"said , her voice",367407
had been able to,366895
How did you know,366832
What are you going,366618
have no idea what,366572
to see you again,366365
on his way to,366196
as much as he,366086
Do you want me,365990
but I was not,365493
that she had been,365213
it had to be,365069
that sort of thing,364838
more than a few,364273
rest of the day,363851
and pulled out a,362998
either side of the,362978
she said in a,362896
I will not let,362634
no more than a,362183
on top of her,362143
Do you have a,361936
"asked , "" What",361343
at the sound of,361107
did not know why,360924
of the author 's,360813
As soon as he,360790
a lot of things,360113
I wanted to be,359898
not you tell me,359879
it was as if,359628
the heart of the,359453
he could see the,359112
A few minutes later,358748
in love with him,358394
and I want to,358259
I knew it was,358134
and closed the door,358049
his arm around her,357638
She gave him a,357289
It 's not that,357242
closed the door behind,357042
in a few minutes,356907
not want to know,356828
could not think of,356702
He was not sure,356690
the sight of the,356299
the length of the,356288
as soon as they,356116
"his hand , and",355513
"No , "" I",355180
You 've got to,355124
her hands on her,354750
in the course of,354607
in the hands of,354593
in an attempt to,354521
was not sure how,353698
a lot of people,352957
Do not tell me,352952
"Yes , "" he",352659
to think of it,352651
a very long time,352636
As a matter of,352550
"the world , and",352550
did not know the,352485
she said as she,352114
there was no one,352025
It would not be,351073
that he would be,350895
"that , "" said",350650
or by any means,350552
I want to do,350480
I just can not,350267
nothing more than a,350232
for the time being,350029
to pick up the,350010
of the car and,349852
took a step back,349650
had a lot of,349452
"her eyes , and",348608
I could not have,348486
I 'm so glad,347888
caught a glimpse of,347733
she would have to,347455
to the fact that,347438
"now , "" he",346661
I had not been,346628
so as not to,346161
on the bed and,346101
was out of the,345997
the first time she,345787
I can not think,345269
in any form or,345167
I did not care,345164
she shook her head,344892
It would be a,344621
It must have been,344613
was the first to,344592
I could not believe,344512
"You know , I",344297
I 'm sure it,344239
the back of a,344078
up in front of,343639
I feel like I,343288
for a moment before,343092
to the point of,342989
and at the same,342328
You want me to,342234
to do the same,342218
not want to do,341947
The two of them,341903
out in front of,341822
"said , with a",341626
It was not until,341615
a day or two,341535
I 'm sorry to,341524
I think we should,341479
But I 'm not,341448
that she would not,341396
one of the men,341087
out to be a,340643
in a long time,340406
I have to do,340303
in a couple of,340040
"to him , but",339984
can not do that,339907
are not going to,339189
I 'll show you,339096
and one of the,339094
to figure out what,339075
you are going to,338732
if it was not,338561
wrapped her arms around,338184
Where are you going,338078
to tell you that,337801
"the ground , and",337634
to find a way,337565
I can not even,337324
expression on his face,336303
to be on the,336273
in his arms and,336241
not say a word,335977
I think that 's,335761
do you think I,335673
I can not remember,335654
as well as a,335562
out of the water,335496
and I will not,335254
form or by any,334985
the floor of the,334983
"right , "" he",334823
in a deep breath,334600
there was not a,334560
"No , "" said",334473
