ngram,freq
de la,121474614
en el,57252447
de los,52420759
en la,51205130
a la,46248690
de las,33993939
que se,33523656
lo que,30099470
que no,21560452
de su,21184201
a los,20058084
y la,19642341
de que,19514901
de un,18788477
que la,17819762
con la,17060402
que el,16842542
y el,16048019
con el,15523928
de una,15497601
por la,14686136
por el,14082430
en los,13857287
a su,13731291
en su,13512130
en un,12090274
y de,11897633
y se,11477623
en las,11044914
a las,10671077
no se,9924950
de sus,9504288
que los,9328072
en una,8869733
y que,8813597
que le,8535152
y los,8396262
a un,8041850
la que,7926781
que me,7898406
para que,7829271
y en,7556216
y a,7476203
con los,7249962
y no,7198898
con un,7154842
de lo,7007347
todos los,6999327
el que,6888202
que en,6849419
los que,6758747
con una,6746861
que había,6629752
para la,6623188
en que,6606892
no es,6503785
la vida,6356083
es el,6331911
que lo,6238956
y las,6097166
es la,6033932
que es,5956020
para el,5878720
a una,5850504
antes de,5836077
sobre la,5816590
uno de,5550009
es que,5357922
es un,5342670
la cabeza,5268784
como si,5223839
que las,5146875
parte de,5080706
por los,4985655
sobre el,4953570
por lo,4900205
y su,4889329
después de,4843881
de mi,4820239
se había,4764588
con las,4719385
los ojos,4706183
con su,4698525
pero no,4653754
En el,4529965
es una,4491107
se ha,4479707
la puerta,4470881
todo el,4410897
como un,4394429
se le,4368519
a través,4341121
a sus,4292868
más que,4244696
todas las,4239661
de este,4159407
la mano,4122537
que te,4019833
que nos,4014868
el mundo,4014103
un poco,3993010
como el,3953949
por su,3951102
una de,3873096
Sin embargo,3861027
en sus,3833877
a lo,3833476
como la,3790487
más de,3770523
y con,3760156
la misma,3759326
y me,3738383
por las,3699081
y lo,3696960
que su,3694653
y le,3635513
través de,3634162
de esta,3626349
entre los,3597767
no me,3586556
tipo de,3560538
por un,3559604
ya que,3551521
a mi,3538995
las que,3537669
que era,3536697
en este,3492203
y por,3434130
no lo,3427226
En la,3392489
todo lo,3392322
a que,3370996
como una,3366048
que a,3346334
hasta que,3342377
por qué,3318342
de ser,3262996
y un,3174826
punto de,3152889
la casa,3121009
que estaba,3055596
la de,3030516
la ciudad,3028650
toda la,3002296
dentro de,2982681
desde el,2981317
que yo,2973034
no le,2972679
así como,2969999
y sus,2967286
si no,2959810
no era,2953996
le había,2937774
el tiempo,2907641
iba a,2903719
y una,2886060
de forma,2873896
de todo,2851496
las cosas,2846651
la primera,2837458
con sus,2827335
de nuevo,2823317
Por qué,2821031
o de,2812911
forma de,2782638
el mismo,2780795
un hombre,2770305
hasta el,2767487
los dos,2767086
de manera,2762552
la noche,2758773
en mi,2726483
caso de,2699153
ya no,2686098
no había,2670733
a ser,2659152
que él,2656060
el caso,2654659
pesar de,2640372
cuenta de,2639954
cuando se,2627912
vez que,2619155
una vez,2606442
de Dios,2602783
de ellos,2589259
de él,2587757
la historia,2573550
el de,2572625
de ella,2556081
para los,2549772
ha sido,2548919
y al,2538444
las manos,2524272
hacia el,2518506
era un,2517934
por ejemplo,2510633
va a,2510594
se puede,2509880
que un,2500684
en lo,2495331
que ha,2483706
las personas,2475721
por una,2461476
sobre todo,2429477
había sido,2428656
el momento,2428038
y yo,2416921
que ya,2399076
los demás,2390145
partir de,2386847
del mundo,2372219
con él,2342396
se lo,2327227
su vida,2323656
la gente,2305263
frente a,2285191
a partir,2262586
la muerte,2261503
que tenía,2254590
es lo,2246353
el día,2219418
sin embargo,2208546
sino que,2191666
es decir,2190590
hay que,2174048
puede ser,2163734
a mí,2161286
los hombres,2158207
hacia la,2154789
de trabajo,2154128
cada vez,2139270
junto a,2133002
era el,2131247
entre las,2120051
algo que,2117308
en ese,2112506
que ella,2103684
desde la,2086589
medio de,2085760
trata de,2074869
si se,2067184
y del,2064795
no podía,2063899
Lo que,2034835
no hay,2032564
de todos,2026071
que una,2019553
que está,2018297
al menos,2007846
su padre,2007484
al que,1986607
a pesar,1973875
llegar a,1963662
la tierra,1959407
las mujeres,1947902
le dijo,1947732
mayoría de,1942879
era una,1937685
fin de,1920988
mucho más,1913508
número de,1912626
creo que,1911196
se han,1910782
no te,1909244
la mujer,1907037
un momento,1897932
hasta la,1890221
así que,1885007
la sociedad,1870839
y luego,1870724
el hombre,1865212
de cada,1864788
idea de,1860171
sobre los,1858561
la luz,1856569
a él,1852505
en esta,1847737
lo mismo,1838645
en cuenta,1838479
como en,1836031
Estados Unidos,1833985
de acuerdo,1831754
voy a,1831533
capaz de,1822665
era la,1820470
la cama,1819471
cada uno,1815319
de tu,1815141
En este,1815071
su madre,1812303
la mesa,1805018
de ese,1802740
donde se,1799241
una mujer,1797454
vez más,1793594
la mirada,1791511
parte del,1790439
que les,1789902
hecho de,1787017
o la,1781891
la verdad,1781019
la parte,1779425
la cara,1776801
proceso de,1769137
la mayoría,1760456
entre el,1758211
a todos,1756652
con ella,1747079
que son,1746063
No es,1739755
lo más,1738814
la calle,1736308
o no,1735248
el primer,1734256
del siglo,1719827
lugar de,1717614
que tiene,1715889
en cuanto,1694254
la forma,1692973
de vida,1683169
volver a,1682761
Después de,1682503
la guerra,1679314
no puede,1672530
los niños,1670586
el suelo,1663062
la boca,1659827
a veces,1657237
volvió a,1654386
la cual,1649710
lo largo,1644898
la familia,1641347
casa de,1640919
decir que,1638278
de estos,1632119
de esa,1631718
que de,1629458
la idea,1623715
lo cual,1623015
No se,1622816
que hay,1621517
que si,1618660
que por,1613772
la situación,1612455
entre la,1606601
los años,1606525
o en,1599367
tiempo que,1598259
otra vez,1597907
es de,1595694
necesidad de,1588988
otro lado,1585931
se trata,1583878
de mí,1583847
que sea,1573338
No me,1563355
a ella,1554802
las dos,1551088
la mañana,1549365
la empresa,1548656
mientras que,1545486
como los,1541382
tal vez,1540576
la información,1537738
ese momento,1535537
durante el,1533922
sobre las,1528479
el cuerpo,1525315
igual que,1517333
en todo,1514518
Pero no,1512390
el trabajo,1512230
una gran,1508109
lo había,1503365
tenía que,1503333
a hacer,1500081
a cabo,1498215
no tenía,1497591
de dos,1491363
relación con,1488009
o el,1482618
primera vez,1482584
la realidad,1479692
son los,1479491
el camino,1475987
el proceso,1475305
ni siquiera,1471015
el resto,1469096
el cual,1467754
posibilidad de,1461943
par de,1460993
un buen,1458913
para su,1455934
a casa,1454845
se encuentra,1454556
la Ley,1453291
está en,1450748
el otro,1450582
que han,1450252
del Estado,1448754
a ver,1445086
la persona,1443761
sabía que,1442489
sus ojos,1438012
falta de,1437566
es muy,1436404
y otros,1435803
los de,1435149
y más,1434234
la vista,1432073
tiene que,1426243
una persona,1424845
ir a,1422019
durante la,1421391
el amor,1420817
y como,1413504
fuera de,1413282
que nunca,1412625
un gran,1412124
dijo que,1404410
y sin,1403897
con lo,1402807
años de,1400815
un lado,1395778
al mismo,1395482
grupo de,1394584
cuando el,1391227
muy bien,1391163
la voz,1391019
estaba en,1389505
la ley,1389167
cerca de,1389039
el nombre,1387910
modo que,1387553
que habían,1381869
la naturaleza,1381620
hora de,1380233
la hora,1377745
contra la,1377365
y para,1374896
de no,1371978
empezó a,1367666
no tiene,1364947
más allá,1364292
es más,1363575
a tu,1360832
como para,1357803
de mis,1356008
se me,1352983
sí mismo,1352948
mismo tiempo,1350045
el desarrollo,1349585
no son,1349476
resto de,1349423
Creo que,1342873
que todo,1340917
acerca de,1340671
más tarde,1340048
contra el,1336347
los derechos,1334551
en realidad,1333824
de agua,1330116
la población,1325352
personas que,1324916
la otra,1324721
que puede,1323712
sistema de,1323011
había hecho,1322325
que sus,1319055
nombre de,1313658
la habitación,1313231
estado de,1312571
el corazón,1312078
momento de,1310996
no sólo,1307193
el punto,1302013
de nuestra,1301525
en él,1297920
encima de,1295395
me ha,1294019
un par,1293857
porque no,1292782
por eso,1290559
las palabras,1288405
de estas,1285655
a quien,1285486
de vista,1284412
de haber,1283717
por parte,1281403
en ella,1280608
a punto,1280234
Por lo,1278702
serie de,1275072
la posibilidad,1269992
Una vez,1269758
su cuerpo,1268823
ante la,1267973
el hecho,1264457
por encima,1264109
su casa,1260186
cuando la,1259883
es posible,1258182
la palabra,1254914
si el,1254144
del mismo,1253933
de hacer,1251731
detrás de,1249325
por sus,1248490
para las,1246215
uso de,1244573
un día,1242638
mi padre,1241400
además de,1241300
su propia,1241202
si la,1241163
no estaba,1239844
como se,1237174
la vez,1235532
largo de,1232419
que al,1232252
Por eso,1232187
el sistema,1231532
al final,1229646
la obra,1225883
Así que,1224513
acuerdo con,1221829
el agua,1221699
qué no,1220739
la relación,1219866
no la,1216390
vez en,1216046
de modo,1214603
de ellas,1213546
se habían,1212657
yo no,1209750
mi vida,1209654
debido a,1208296
y es,1205429
se quedó,1202097
o a,1201881
la necesidad,1200878
desarrollo de,1200408
la zona,1199875
el número,1198254
único que,1197376
el año,1195710
ser un,1195181
vida de,1194446
que mi,1193786
el lugar,1190372
el poder,1188002
capacidad de,1187381
respecto a,1186438
en forma,1184732
No te,1182511
la atención,1181287
en cada,1178700
que ver,1178322
delante de,1176843
de todas,1170812
que más,1169797
por tanto,1168496
cosas que,1167680
una nueva,1166164
se les,1166021
lo tanto,1165331
que hacer,1164629
millones de,1164408
el artículo,1162202
que fue,1160540
con que,1158139
se puso,1158078
lado de,1157352
en medio,1153206
los primeros,1152881
una sonrisa,1152145
sin que,1150604
el aire,1147985
nivel de,1146970
en casa,1146345
pero que,1144712
mi madre,1142971
et al,1140239
los días,1139936
a este,1139586
y también,1137708
la última,1135795
comenzó a,1135573
historia de,1135147
la mayor,1133899
una serie,1132457
tiempo de,1132051
un lugar,1124144
el centro,1123400
los cuales,1117683
que con,1117088
como las,1114864
de nuestro,1113303
su hijo,1112306
a menudo,1111209
son las,1110488
no ha,1108282
No lo,1108056
presencia de,1106896
los últimos,1105576
la existencia,1105450
cantidad de,1105448
y después,1104506
de San,1101505
ha de,1101330
los otros,1100105
que también,1098514
mucho tiempo,1097817
Es un,1097355
la fuerza,1097130
un nuevo,1097008
pensar en,1094733
En los,1094237
los brazos,1092618
fue el,1092363
lo mejor,1090989
mejor que,1090536
la cocina,1086855
aunque no,1083764
no solo,1082886
del que,1081573
bajo la,1081413
pero la,1081365
y cuando,1080823
sobre su,1076956
para no,1076860
dice que,1074737
y si,1071594
otra parte,1070533
manera de,1070137
vamos a,1068359
me había,1066420
en tu,1063881
una buena,1063619
la presencia,1062506
la segunda,1062036
pero en,1061616
para mí,1061418
él y,1061324
especie de,1061237
gracias a,1058837
No obstante,1058769
el fin,1057963
se dio,1051678
la única,1050813
para poder,1050372
las relaciones,1050367
los labios,1049729
sensación de,1048448
no sé,1047130
que sí,1045625
cuanto a,1045411
su lado,1040853
se refiere,1040817
la libertad,1039922
que todos,1037982
la Iglesia,1037610
modo de,1036757
me lo,1036695
la Universidad,1036421
no está,1033882
como lo,1032015
hombre que,1031736
pero el,1031207
me dijo,1030395
bajo el,1029978
los casos,1029347
de estar,1028893
y él,1028007
los mismos,1027055
No sé,1026926
la acción,1024911
a otro,1023910
Tal vez,1022815
de toda,1021306
de aquel,1018199
dentro del,1017347
Por ejemplo,1017185
que este,1016471
el uso,1016020
día de,1015236
a Dios,1014317
la política,1013991
del sistema,1012868
había visto,1012726
la capacidad,1012006
la sala,1011852
sin duda,1011001
se la,1010221
que tienen,1009001
hablar de,1003950
poco de,1003414
manera que,1003080
y nos,1002444
la actividad,1001223
en España,1000439
que para,1000148
que he,998993
de personas,998874
al otro,997841
ver a,997828
A la,994332
para hacer,994059
parece que,994038
la imagen,993487
esto es,992995
Si no,992299
la espalda,991020
del tiempo,990682
una forma,990200
No hay,989244
puesto que,989080
de otros,988943
también se,987426
el más,984845
que esta,984810
se debe,984149
Es una,982544
ante el,982433
derecho a,982084
es necesario,980600
a sí,980051
un grupo,979910
cómo se,979602
se hace,979473
desde que,978096
los más,975526
el último,975139
de verdad,974436
la razón,973711
los Estados,973091
la tarde,972668
final de,972639
el sentido,971493
momento en,968605
la base,968508
la ventana,967447
ya se,967077
la más,967076
el derecho,965158
a ti,964983
llegó a,962436
alrededor de,962195
una especie,961712
De hecho,961350
este caso,960849
en general,960402
vas a,957537
han sido,955921
de unos,954600
y otra,954274
ella se,952455
de seguridad,951600
allá de,948625
nada más,948515
del país,947686
a todo,947101
de diciembre,947071
el valor,946976
En cuanto,946364
una mano,945824
en aquel,945793
y ella,944440
conjunto de,944353
de esos,944167
en relación,943607
los medios,942374
en cualquier,941684
nada de,939456
que están,936521
puerta de,936146
con mi,935999
el rostro,935201
los datos,932636
Universidad de,931597
centro de,929794
poco más,928919
otra cosa,928721
algo más,928599
del hombre,928586
of the,928564
través del,927298
como de,925763
base de,925311
dicho que,924515
A pesar,924358
a esta,923761
se encontraba,923512
la entrada,922858
el único,922197
en torno,921942
por medio,921202
él se,920994
en esa,920566
que nadie,920562
que tú,919711
su propio,919223
la escuela,919147
más bien,919065
que hace,917567
algo de,917388
clase de,916848
los tres,915244
al lado,914940
las condiciones,912578
o por,911773
fue la,911770
la educación,909610
la pared,909048
de pie,908168
a nadie,908124
objeto de,907034
los dedos,906957
una parte,906819
Y no,906677
la cultura,906303
causa de,906249
si es,904984
el cielo,903053
de cualquier,903015
pueden ser,902792
los países,901381
en lugar,900790
En ese,900702
su vez,900680
tipos de,900596
los pies,900241
era de,899535
la había,899222
de datos,899106
en silencio,899052
con más,897948
de ello,897381
la piel,897021
la producción,896811
Nueva York,894985
de España,894402
Buenos Aires,893567
debe ser,893349
Y si,892703
las de,892335
ojos de,891802
de México,891653
que pueden,890847
cada una,890378
entrar en,889661
la señora,889027
dejar de,887795
y así,886967
nada que,886918
función de,885577
le dio,885180
el pelo,884515
junto con,884190
se pueden,883581
como a,882591
le preguntó,882295
el tema,881902
claro que,881058
el pueblo,880807
con ellos,880222
se encuentran,879878
la mente,879427
que fuera,878813
la experiencia,876138
van a,875503
la lengua,874630
e incluso,873437
ella y,873090
que iba,871929
ser el,871642
la práctica,871463
trataba de,871331
eso no,870411
y otras,868563
los resultados,868303
que siempre,867324
no puedo,866493
vida y,866344
a tener,866037
ver con,865254
sino también,864836
por fin,864534
vez de,864091
la madre,862082
de aquella,862058
el campo,860609
una sola,860341
de julio,860297
el siglo,859385
para un,858909
ser una,857807
este tipo,857711
dijo el,856882
cambio de,856726
un sistema,856509
a otros,855369
pensar que,855352
no quería,854298
de tener,851962
la época,851382
de comunicación,850741
a cada,850190
se acercó,849761
la salud,849489
Yo no,849005
el fondo,848746
pero también,847737
las mismas,847018
el señor,845919
de ti,845497
que ahora,845323
el gobierno,844954
de eso,844875
de información,844709
lo menos,844552
cosa que,843713
tiene un,843577
para ser,842370
la organización,841850
la sangre,837419
entre ellos,836313
un tiempo,834278
la iglesia,833936
debajo de,833923
su hermano,831270
en dos,830511
a alguien,830288
Antes de,830272
el principio,829823
el futuro,829430
no nos,829047
sus hijos,828594
la propia,827993
del cuerpo,827525
del día,826936
a poco,826405
la comunidad,826144
la mitad,824638
existencia de,824456
En un,823331
más importante,823250
seguro de,822488
medida que,821874
del pueblo,821541
que podía,821410
por supuesto,819724
su parte,819144
posible que,817732
había estado,817107
en todos,815714
ha hecho,815671
el problema,815346
muerte de,814168
de tres,813802
eso es,813687
la creación,811095
hijo de,810917
DE LA,810646
la siguiente,809481
la respuesta,806903
los problemas,806342
el interior,805888
de madera,805713
se volvió,805389
de qué,805238
la pena,804011
Nacional de,803947
o menos,803734
su nombre,802739
o un,802398
que cuando,801725
persona que,801350
hablar con,798958
el país,797263
había dicho,796159
de esas,795533
el brazo,795227
de sí,794275
no sabía,793356
el dinero,793178
salir de,792032
de mayo,791802
algunos de,790831
a toda,790137
de tiempo,789712
mayor parte,789339
él no,788513
era que,788105
aún más,787488
de poder,786547
de junio,786371
que ser,785765
el control,785588
sus manos,785510
al día,784994
para una,784282
un proceso,783982
que pueda,782104
los siguientes,781812
las cuales,781665
grado de,780914
al ver,780439
el libro,780260
cual se,779192
de uno,779085
cabeza y,778227
el ámbito,777796
principio de,777465
de otra,777229
obra de,777047
si lo,776974
de color,776394
los hijos,775071
formas de,774460
de nosotros,773393
el dolor,773270
concepto de,772778
de otro,772435
que estaban,771775
ciudad de,771677
la gran,771187
pero se,770495
el rey,768812
menos que,767831
un pequeño,767656
por primera,767012
un solo,766831
día siguiente,766483
En su,766307
por favor,766099
de noviembre,765998
la vuelta,765217
en todas,764628
miró a,763737
a decir,762939
tanto en,762325
de octubre,760917
riesgo de,760795
la región,760373
que sólo,759997
la figura,759806
también en,759441
sentido de,759187
en voz,758378
su mano,758309
la nueva,758155
cuenta que,757697
mientras se,757480
la música,757408
en sí,757388
sí misma,757091
dio un,757042
de La,755737
y todo,755156
o que,755127
un año,754671
sus padres,754453
llevar a,754029
y te,753638
el sol,751631
el Estado,751528
mucho que,751427
de marzo,751401
mano de,751059
miembros de,750979
Cuando se,750949
que cada,749802
que eso,749427
te lo,749392
si fuera,749363
una relación,748017
del trabajo,747799
de enero,747593
Se trata,747030
que haya,744667
a uno,744214
de oro,743561
de tal,743061
Por supuesto,742163
la formación,742109
su familia,741882
una vida,741260
no fue,740704
las siguientes,740549
el resultado,739511
llena de,739445
tuvo que,738128
se sentía,737944
tengo que,737699
por ello,737669
lugar a,737280
las empresas,737174
su hija,737066
consiste en,736630
menos de,736411
valor de,735918
la manera,735616
tener que,735454
y eso,735451
un niño,735028
los efectos,734785
a mis,734637
A veces,733544
lo único,732852
de abril,732382
trabajo de,732204
a ese,731260
su rostro,730738
un rato,730069
el segundo,729420
el paso,729280
sé que,729193
el espacio,729169
lo sé,728323
hombre de,728188
el papel,726972
lleno de,726923
por completo,725432
tiempo para,725206
se fue,724097
las piernas,724096
ser humano,723195
por ciento,723122
la investigación,722864
de repente,722247
para evitar,720442
este libro,720175
más o,719938
si bien,719788
tiene una,718756
un gesto,718046
de inmediato,717887
la economía,716994
la construcción,716245
control de,716118
la dirección,715855
los recursos,715851
a dar,715071
mitad de,713824
a continuación,713401
saber que,713244
no pudo,710443
mismo que,710352
la memoria,710203
y mi,710184
la sensación,710099
para él,709844
porque el,709555
los procesos,708905
los elementos,708666
campo de,707760
de pronto,707670
voz de,707478
una pequeña,707450
la República,707231
diciembre de,707053
una cosa,706964
aquellos que,706606
los padres,706489
todo esto,706213
ojos y,705223
se levantó,704791
Todos los,704022
tiempo y,703826
los miembros,703441
la función,702777
el estado,702287
la expresión,701425
Eso es,700800
para ver,700772
y hasta,700424
de sangre,700348
la línea,699668
mano y,697590
ella no,697487
porque la,697177
por no,696476
haber sido,696261
que solo,695217
poco a,694484
y ahora,694099
el tipo,694049
tal como,693423
el propio,692924
los pacientes,692471
una manera,691826
la clase,691631
se hizo,691581
los servicios,691576
la del,690464
estar en,690439
la policía,690104
En las,690032
la enfermedad,690019
dio cuenta,689899
años y,689748
fue a,689539
en nuestro,689472
toda su,688174
mediante la,687556
las partes,686173
las actividades,686122
en estos,686030
de más,686027
había tenido,685760
a esa,685644
se va,685301
en particular,684219
El hombre,682974
ser la,681872
hay un,681296
lejos de,680116
es tan,679879
con fuerza,679424
hay una,678793
su trabajo,678184
de hecho,678173
que pudiera,678086
condiciones de,676739
manos de,675910
los trabajadores,675844
era lo,675776
convertido en,675636
resultado de,675585
de nuestros,675377
en función,675173
la cantidad,674882
un punto,673699
en cambio,673264
entre sus,673195
con todo,673083
para siempre,672909
la estructura,672593
la mejor,671914
el pecho,670981
ganas de,670931
de septiembre,669452
el contrario,668267
del grupo,668044
ver que,667778
que hemos,667578
torno a,667523
del año,667492
tratando de,667285
la importancia,667283
primer lugar,666895
un instante,666727
Uno de,666712
ha dicho,666704
llegado a,666128
interior de,665949
las leyes,665918
el mercado,665466
fue un,665418
es como,665362
tener un,665088
la superficie,664971
o una,664608
Y el,663972
y ya,663800
de carácter,663591
No había,663568
una mirada,662756
de otras,662182
que debe,662163
siempre que,661874
la Constitución,661589
a nivel,661361
la ciencia,660857
que va,659169
la seguridad,658560
estudio de,658158
de salud,657659
días de,657196
era muy,657173
la falta,656031
del todo,655789
la teoría,655551
la calidad,655474
el niño,655419
el padre,655323
la medida,655220
casa y,655102
la oscuridad,654972
al tiempo,654607
pérdida de,653620
derecho de,653392
en términos,653368
de ver,653160
por mi,653100
de edad,651649
había dejado,650710
Es el,650367
este sentido,650081
al fin,649852
Era un,649807
acababa de,649244
el primero,648377
De la,648363
en caso,647712
Con el,647408
había dado,647205
las primeras,647130
calidad de,647109
todo en,646270
de control,645476
análisis de,644742
intención de,644547
expresión de,644142
contra los,644087
aún no,643909
tenía la,643296
los hechos,643119
alguien que,642797
oportunidad de,642597
a hablar,642201
qué se,642144
frente al,641842
tenía un,641488
se ve,640939
al igual,640904
o bien,640704
enero de,640669
tener en,639989
por él,639962
Por el,639798
por sí,639719
que eran,639660
lo contrario,639494
De acuerdo,639283
situación de,638768
En realidad,638272
No era,638261
capaces de,638176
las normas,637995
suficiente para,637153
se produce,635676
según la,635434
tras la,634946
que llevaba,634394
de gran,634382
al cabo,634174
su marido,633910
las necesidades,632390
de investigación,632202
durante un,632105
le ha,631728
general de,631597
poder de,631355
mundo de,630529
en materia,630238
según el,629942
se detuvo,629910
el cuello,629698
el tratamiento,629141
el estudio,628576
en busca,628034
había pasado,627821
medios de,627625
total de,627441
el ejercicio,627402
me he,626997
de febrero,626800
que Dios,626404
acceso a,626008
no ser,625765
en nuestra,625402
y sobre,625341
en otros,625209
miles de,625008
el coche,624651
que podría,624357
deseo de,623328
también la,623154
la causa,622938
No puedo,622924
contacto con,622883
que quería,622605
la aplicación,622581
era su,622194
de aquí,621879
palabras de,621066
o más,621009
Hay que,619799
la comida,619756
un modo,618994
Pero el,618963
más en,618584
en vez,618536
segura de,618518
se trataba,618318
el grupo,618298
Es la,618059
el mejor,617434
creación de,617280
los valores,617115
lo de,616650
la Administración,616208
del proceso,615704
luz de,615138
se sentó,614968
en toda,614923
el pasado,613369
de cómo,613351
consciente de,613287
cara de,612872
muchas veces,611925
de alguna,611656
Pero la,611631
cuando los,611267
la Unión,611237
al suelo,610982
una y,610486
del otro,609940
el nivel,609719
Si el,609187
hacia atrás,609126
favor de,607960
la violencia,607796
el conocimiento,607375
junio de,607284
mujer que,607046
tener una,605912
las autoridades,605908
la oportunidad,605745
la edad,605116
también a,604621
Y en,604561
yo me,604137
mayo de,604117
Esto es,603920
que debía,603534
de agosto,603100
Y qué,601517
qué es,601367
en algún,601331
de interés,600940
a todas,600646
diferencia de,599910
hijos de,599674
las puertas,599460
lo hizo,599001
a nuestro,598326
su hermana,598142
su esposa,597430
el alma,597134
su voz,596478
ayudar a,596424
un mundo,596370
la justicia,596163
esta vez,596048
las fuerzas,595886
con respecto,595868
la década,595701
con toda,595683
sobre un,595168
a fin,595052
su cabeza,594878
que aún,594812
en mí,594750
creer que,593910
forma que,593884
En una,592982
de origen,592854
que alguien,592771
dos años,592545
la fecha,592238
de amor,591954
octubre de,591829
al mundo,591207
En esta,591021
marzo de,590791
a buscar,590645
un libro,590421
junto al,590255
la esperanza,590050
que parecía,590036
el mar,589794
lugar en,589306
la actualidad,589248
de aquellos,588835
de Jesús,588774
la fe,588481
la voluntad,588414
cuerpo de,588176
es su,587825
cuestión de,587667
y fue,587456
o los,587343
en donde,587006
julio de,586871
le dije,586323
imagen de,585749
después del,585739
un problema,585278
llevó a,584486
la Tierra,583690
tiene la,583330
su corazón,583229
que usted,583190
busca de,583108
la literatura,582937
era más,582836
tanto que,582829
fuerza de,582690
de producción,582564
Si se,582301
dispuesto a,582265
cabo de,581690
durante los,581534
gente que,581291
que uno,581107
una situación,580682
ya había,580563
servicio de,579943
la izquierda,579911
al principio,579188
con otros,579184
no tienen,579096
No podía,578648
no pueden,577637
en qué,577116
por ser,576865
del derecho,576539
A partir,576312
el riesgo,575937
la comunicación,575928
en contra,575836
Era una,575710
ejercicio de,575668
si me,575021
se da,574696
que ellos,574396
las tres,573933
las calles,573911
en aquella,573702
la paz,572861
de hombros,572830
el texto,572723
convertirse en,572588
modelo de,571970
a ellos,571826
la posición,571658
que esto,571644
en uno,571585
se dirigió,571458
en marcha,571165
No le,570953
A lo,570861
día en,570391
habían sido,570268
es algo,570142
los hombros,569512
vida en,569153
Ya no,568972
orden de,568495
Con la,568089
los pueblos,568071
estaba a,567389
que ese,567291
del gobierno,567253
más a,567024
libro de,566216
abril de,565744
donde la,565104
he dicho,564408
lo ha,563971
la ropa,563825
cada día,563579
donde el,563527
al hombre,562658
Cuando el,562620
que tengo,562418
las características,562079
La primera,561754
la niña,561230
camino de,560658
materia de,560493
cuando no,560201
noviembre de,560056
los grandes,559930
los libros,559901
tiempo en,558149
tenía una,558037
los cambios,557759
la administración,557461
del poder,557361
tienes que,557348
se está,557317
las más,557025
lleva a,556589
su alrededor,556421
aplicación de,556319
es mi,556283
General de,556190
un paso,555690
tenemos que,555522
de algún,555481
la diferencia,555263
grupos de,555125
vista de,554579
la semana,554494
Es decir,554423
a quienes,554357
la derecha,553992
en cuando,553972
la conciencia,553931
significa que,553843
tendría que,553605
la humanidad,552989
él mismo,552425
a trabajar,551964
que tu,551885
pero a,551804
de Madrid,551713
Y la,551668
social y,551431
la presión,550811
es cierto,550578
alguna vez,550063
su mujer,549880
niveles de,549499
Por otra,549490
en pie,548875
la isla,548689
y había,547883
por ella,547493
le habían,547313
a otra,546779
antes que,546749
consecuencia de,546525
las acciones,546488
y dos,546473
dio la,546244
Supongo que,545518
no tengo,544015
el siguiente,543994
Lo siento,543853
la responsabilidad,543739
no sea,543616
de desarrollo,543134
del rey,542976
la decisión,542666
y muy,542440
sido un,542066
una idea,541872
la cuestión,541546
algunas de,540812
iban a,540779
Qué es,540649
trabajo y,540587
el concepto,540275
aquello que,539560
Si la,539558
A los,539410
en otro,539304
en otras,539069
ausencia de,538996
el teléfono,538889
un tipo,538805
más y,538769
las formas,538363
el movimiento,537946
la lucha,536992
pero lo,536848
sobre una,536752
y les,536630
le hizo,536307
este modo,535918
refiere a,535407
septiembre de,535335
o se,534836
el objetivo,534449
un segundo,534230
la pregunta,534179
construcción de,533953
o con,533721
la participación,533672
con voz,533518
de tus,533488
Es que,533414
sus brazos,533301
acercó a,532948
cargo de,532925
Y por,532868
la conversación,532772
que esa,532187
cuando me,532002
el nuevo,531357
son de,531093
dijo ella,530721
por todo,530639
las ideas,530371
papel de,530221
el cambio,530160
década de,530003
es así,529868
del agua,529811
me parece,529516
de pensar,529433
ver la,529132
una hora,528943
pero es,528431
lado del,528341
a pensar,527970
que sería,527904
entre sí,527904
su mente,527901
no les,527820
febrero de,527559
ser de,526127
los grupos,526083
todos sus,525964
que estoy,525824
que ni,525768
los principios,525710
un papel,525502
de guerra,524891
ha pasado,524779
se nos,524380
ninguno de,524364
que hacía,524301
en algunos,523961
para ti,523851
fuente de,523641
el deseo,522625
la autoridad,522404
sobre sus,521965
los estudios,521859
de esto,521658
a medida,521626
más grande,521563
lo he,521532
al respecto,521359
quiero que,521247
como su,521233
podía ser,520251
la impresión,519763
las circunstancias,519315
me gusta,519305
porque se,518887
nunca se,518653
también de,518596
las obras,518551
entre otros,518348
lo miró,518309
el orden,518292
que tanto,518087
ya lo,518004
aquel momento,517878
de hablar,517809
convirtió en,517303
se convirtió,516882
Por tanto,516873
todas partes,516664
de allí,516542
pacientes con,516202
hacer un,515231
del artículo,515165
producción de,514985
la plaza,514937
sus propios,514913
cierto que,514636
el ceño,514297
la crisis,514197
no quiero,514127
su mirada,513835
formación de,513755
aumento de,513599
el final,513022
Pero si,513009
procesos de,512800
ni de,512497
hace que,512492
a dos,512471
el marco,512395
la miró,511717
muchos de,510927
pese a,510871
pero con,510797
mirada de,510620
como es,510425
en parte,510373
es importante,510320
in the,510068
A continuación,509671
hasta los,509592
la silla,509536
a favor,509337
de luz,508460
no eran,508251
que antes,507884
la Comisión,507768
no de,507149
el gran,506242
a tomar,506041
esta noche,505530
los sistemas,505403
había llegado,505128
entró en,504927
en tanto,504359
era tan,503894
tu vida,503646
sala de,503395
sus labios,503168
ni la,503051
Ni siquiera,502658
por otro,502401
lo es,502215
de dar,501977
Sé que,501960
no en,501709
de algunos,501137
ámbito de,501000
una casa,500847
de algo,500803
sistemas de,500501
problemas de,500328
los seres,500304
con tu,500262
más importantes,500225
en México,499956
el capítulo,499935
con frecuencia,499836
y todos,499773
todas sus,499756
la frente,499564
hombres y,499321
política de,498631
Sabía que,498236
Por favor,497860
ser que,497657
de Cristo,497211
los tiempos,496742
la carta,496586
convierte en,496545
el análisis,496256
por mí,496180
a causa,496116
las paredes,495950
a no,495172
se llama,495130
principios de,495067
Ministerio de,495033
condición de,494990
su amigo,494977
y otro,494811
sabe que,494779
dijo a,494744
para dar,494513
a unos,494300
los ciudadanos,493437
a estar,493419
están en,493051
o al,492392
lista de,492276
de energía,491875
el autor,491735
le gustaba,491226
tienen que,490816
con nosotros,490553
con mayor,489792
esta manera,489540
que tenemos,489114
incapaz de,489008
pensando en,488915
esperanza de,487794
los intereses,487746
casos de,487713
y cada,487679
Una de,487469
también el,487445
Ella se,487425
que tenían,487252
dijo él,487143
sino de,487037
puso en,487020
razón de,486946
un trabajo,486793
hacer una,486639
de servicios,486551
a vivir,486474
conocimiento de,486206
se hubiera,486177
cabeza de,486072
efectos de,485741
desde su,485421
ha dado,485418
para todos,485276
Voy a,484937
atención a,484836
la nariz,484744
la joven,484568
la energía,484513
el Señor,484501
su lugar,484217
de nada,484007
ejemplo de,483956
sus palabras,483687
De esta,483435
partir del,483398
los bienes,483265
si los,483247
No quiero,482847
había un,482620
problema de,481947
mano en,481868
sólo se,481427
el fuego,481424
las instituciones,481330
como por,481261
verdad es,481017
decía que,480924
mi casa,480815
quería que,480396
por debajo,480010
la gestión,479998
al de,479909
probable que,479690
Ley de,479520
todavía no,479388
fuera del,479361
de Estado,479339
la pérdida,479320
los dientes,479218
Claro que,478972
los estudiantes,478762
los árboles,478721
es en,478434
el modelo,478132
he visto,478113
la universidad,478105
el contenido,478052
que hizo,478000
vuelve a,477922
sí que,477901
que sean,477897
puerta y,477621
de piedra,477386
una voz,477333
podría ser,477215
la evolución,477053
el efecto,476973
en dirección,476660
en serio,476550
el miedo,476269
la unidad,476182
línea de,476111
ya en,475716
las medidas,475288
encuentra en,475235
ver el,474846
siglo XIX,474725
relacionados con,474481
relación entre,474476
evidente que,474054
desde los,473863
por otra,473795
de protección,473774
fue una,473386
más adelante,473266
los objetivos,472920
los alumnos,472614
la distancia,472323
dado que,472285
el pensamiento,472013
no existe,471531
se estaba,471274
pero al,471232
de menos,471158
que hubiera,471092
una palabra,471016
su interior,470780
no he,470772
derechos de,470724
objetivo de,470258
han de,469768
abrió la,469724
ni un,469560
importancia de,469367
del paciente,469299
todo caso,468808
tanto de,468799
de El,468123
en mis,467878
la ayuda,467823
la suya,467090
hizo un,466410
los productos,466396
plan de,466377
seres humanos,466291
el proyecto,465993
lo hace,465962
que has,465957
no fuera,465537
de casa,465528
libertad de,465442
cinco años,465390
a cualquier,465377
de acción,465301
de nuestras,465280
las grandes,465030
los animales,464878
este momento,464834
la industria,464703
la protección,464218
y dijo,464056
padre de,463793
pero me,463351
el silencio,463128
y entonces,463109
Al final,462880
los jóvenes,462847
había ido,462802
Se ha,462639
sus propias,462581
la realización,462297
servicios de,462132
agosto de,462118
para ella,462094
mediante el,462065
Los dos,462061
en contacto,461801
ser más,461310
la tradición,461214
como yo,460698
a salir,460299
términos de,459587
cuando lo,459553
cuarto de,459530
se convierte,459171
años después,458921
final del,458876
que soy,458642
tratar de,458620
la oficina,458570
manos y,457838
fondo de,457797
puerta del,457629
lo demás,457564
equipo de,457516
ver si,457511
no hubiera,457421
la materia,457245
La mayoría,457097
vuelto a,456933
el presente,456775
de ahí,456705
mí me,456474
las otras,456158
las demás,455746
zona de,455635
el viento,455600
lugar donde,455518
había una,455181
Cuando la,455162
impresión de,455132
ni a,455125
que os,455064
te ha,454999
el contexto,454979
en ellos,454750
alguno de,454691
pensó que,454528
Por otro,454268
la altura,453771
respecto de,453755
esto no,453601
siglo XX,453566
el mayor,453431
jefe de,453370
son más,453205
En efecto,452580
en especial,452528
el carácter,452406
si le,452285
un cambio,452257
que estamos,452196
la red,452124
no por,451955
a pasar,451952
llega a,451656
un beso,451545
Pero en,451225
ni en,451168
la garganta,451079
que hoy,451074
se sintió,450933
o las,450471
tres años,450464
la lectura,450190
tema de,450105
de quien,449994
de llegar,449910
de mayor,449832
tal y,449785
la propiedad,449601
las nuevas,449359
cuerpo y,449146
la cena,448988
en absoluto,448964
la tienda,448856
relación de,448665
quien se,448531
ayuda a,448397
del libro,447891
que nada,447659
la filosofía,447456
y cómo,447198
propósito de,446623
desde luego,446394
referencia a,446385
el sueño,445791
largo del,445755
una sociedad,445747
en ocasiones,445542
Dios y,445426
la capital,445198
el arte,445153
llegar al,445093
no iba,444324
algo así,444129
A mí,444008
el medio,443511
ni el,443467
el asunto,443412
de noche,442807
ella le,442585
la visión,442359
dijo con,442288
Por ello,442255
la compañía,442158
Y ahora,441721
por si,441513
para ir,441307
Consejo de,440924
forma en,440867
horas de,440466
a qué,440134
pero si,439929
sus amigos,439803
tiene el,439694
una mayor,439243
toma de,439106
nos ha,439079
por todas,439021
el paciente,438986
hombres de,438497
puntos de,438269
él la,438181
pasar por,437917
entre otras,437841
poner en,437818
hacia los,437217
la cuenta,437211
él le,436847
del mar,436755
le daba,436274
lo general,436223
la chica,435764
crees que,435499
que hasta,435462
las consecuencias,435338
el precio,435122
resto del,435051
muchos años,434704
largo plazo,434659
bien que,434557
de tipo,434518
la playa,434488
más fácil,434479
cualquier cosa,434193
un conjunto,433648
gran parte,433644
gobierno de,433522
se las,433481
proyecto de,433387
tanto como,433118
última vez,432930
la fiesta,432879
de Israel,432618
la prensa,432534
hizo una,432347
de comer,432061
se podía,431974
montón de,431910
las últimas,431864
un estado,431847
en otra,431795
la escena,431145
América Latina,430487
a nosotros,430372
gestión de,430326
que puedan,430062
la intención,429708
un espacio,429182
Y a,429031
no obstante,428970
programa de,428907
había que,428760
los diferentes,428558
del suelo,428553
miró con,428510
darse cuenta,428328
hacia él,428296
del río,428262
Desde el,428163
del Consejo,428149
de don,428026
otra persona,428024
seguro que,427954
trabajo en,427819
y estaba,427689
ayuda de,427585
la salida,427570
y era,427154
búsqueda de,427032
Por su,426893
la llegada,426833
dije que,426786
un país,426695
dos veces,426660
padre y,426625
que estás,426446
hizo que,426366
día que,426201
la búsqueda,426129
realización de,426107
la carretera,426073
marco de,426060
todo su,425953
Vamos a,425631
el objeto,425326
encima del,425116
la democracia,424954
para ello,424475
los niveles,424398
el modo,424208
años que,424122
también es,424031
del estado,423930
sé si,423911
que tenga,423278
a nuestra,423129
obras de,423059
la costa,422695
tenido que,422428
los aspectos,422181
su boca,422103
en muchos,422053
del amor,422036
una respuesta,421992
los límites,421987
con dos,421898
De pronto,421850
tales como,421495
muy importante,420823
la prueba,420665
acto de,420638
Puede que,420539
hacer que,419801
hombres que,419656
los términos,419641
por haber,419507
la luna,419399
medio del,419299
la carne,419271
quiere decir,418961
Estado de,418893
que desde,418843
En cambio,418790
rey de,418167
mucho menos,418131
en esos,418065
ya estaba,417883
finales de,417720
una empresa,417501
de vuelta,417334
del mercado,417265
madre y,417133
el doctor,417088
la religión,416858
empezaron a,416781
con este,416661
se dice,416407
Por la,416258
se siente,416000
el del,415960
su presencia,415857
el título,415846
qué te,415755
Y lo,415727
el espíritu,415582
no soy,415472
una carta,415309
si te,414653
el ser,414425
su caso,414409
las ciudades,414373
datos de,414193
no han,414062
llevado a,413650
un número,413485
la lista,413429
madre de,413154
el peso,413045
rostro de,412767
cree que,412559
solo se,411242
contra de,410251
agua y,410210
ha tenido,410179
años en,410074
gesto de,410069
que todavía,409845
mujer de,409823
cuál es,409662
un ser,409640
una familia,409479
hacer el,409320
de semana,409277
que estos,409240
conforme a,409211
la condición,409038
cumplimiento de,408737
se veía,408618
período de,408316
de hombres,408109
la competencia,408041
no podemos,407848
voluntad de,407732
qué me,407703
de salir,407569
una noche,407353
por todos,407261
prueba de,407223
de recursos,406905
la demanda,406892
antes del,406887
de ir,406852
a otras,406543
movimiento de,406335
ahora que,406178
de Europa,406018
pero su,405968
no los,405930
unos segundos,405731
La mujer,405697
que ir,405548
luego se,405158
el conjunto,405037
pero sin,404742
tan solo,404652
primero que,404500
con esa,404183
Todas las,404171
bien y,404132
mitad del,403976
se realiza,403846
para sus,403776
algo en,403583
ido a,403430
los cuatro,403224
su cara,403056
creía que,402929
la tarea,402894
pero sí,402829
de Estados,402591
de dolor,402587
Tengo que,402456
todo tipo,402336
un hijo,402128
a ir,402112
hacer lo,402076
las lágrimas,402037
dos de,401919
la intervención,401891
obligado a,401724
el término,401620
muchas cosas,401273
cualquiera de,401244
de cosas,401191
la escalera,400982
el hombro,400981
una semana,400563
Por un,400531
de América,400333
tratamiento de,400318
se presenta,400281
año de,399932
La verdad,399926
poco tiempo,399589
son muy,399558
Además de,399490
por ti,399428
teoría de,399410
un largo,399288
de productos,399050
el viaje,398948
las funciones,398689
respecto al,398660
de dinero,398542
la opinión,398380
así lo,398321
está bien,398064
se haya,397741
con ese,397735
la pequeña,397603
te he,397582
hasta las,397498
como consecuencia,397404
También se,396606
Se había,396505
también lo,396430
hubiera sido,396423
los distintos,396348
mayor de,396178
que tienes,396110
la novela,396093
importante que,395958
ya sea,395694
la vía,395650
como él,395619
el presidente,395597
sido una,395487
había quedado,395442
deja de,395361
y tú,395173
tono de,395150
las escaleras,395077
se iba,394793
cualquier caso,394679
de bienes,394486
la perspectiva,394251
su obra,394192
evitar que,394041
las reglas,393843
una historia,393479
que permite,393329
tu padre,393254
sino en,393231
otras cosas,393112
es para,392983
Ahora bien,392889
la aparición,392727
habla de,392622
el bien,392587
diez años,392417
a conocer,392107
que fueron,392002
esta forma,391951
la batalla,391939
de cinco,391885
sea el,391860
empezaba a,391806
una niña,391630
el sector,391627
mí y,391445
de vez,391329
a tiempo,391318
Y yo,391278
por delante,391226
que existe,391128
empieza a,391112
mi hermano,390840
un tono,390647
no haber,390408
Y es,390269
la felicidad,390253
unos minutos,390247
trató de,390241
que esté,390007
pero de,389902
cualquier otro,389880
posibilidades de,389874
que parece,389763
dejó de,389365
del pasado,389351
señal de,389237
las células,389231
en gran,389129
este punto,388997
la revolución,388949
siempre se,388874
lo hacía,388824
de muerte,388749
Por último,388616
respuesta a,388537
la cárcel,388521
desde hace,388413
los principales,388199
vio que,388172
la caja,387960
el lenguaje,387943
las clases,387935
un montón,387623
parecía que,387568
cuando le,387495
corazón de,387492
o del,387346
de cuatro,387278
responsable de,387009
los nuevos,386869
más tiempo,386747
brazos y,386495
intento de,386448
el río,386387
que tener,386277
las aguas,386271
el acceso,385890
a cambio,385785
del sol,385718
que hacen,385635
pero los,385488
de riesgo,385418
porque es,385083
porque en,385066
me han,385042
de donde,385015
los dioses,384815
dos o,384755
Él se,384557
a seguir,384438
de hoy,384330
con otras,384275
muy poco,384208
este mundo,384157
y desde,384067
de calidad,383853
contar con,383826
protección de,383810
hasta ahora,383754
en aquellos,383465
no quiere,383269
últimos años,383193
personas con,383121
Si bien,382790
con todas,382763
con gran,382672
se te,382655
puesto de,382645
verdad que,381671
en primer,381539
tenía el,381457
para cada,381295
de muchos,381268
no siempre,381205
o si,381155
la pantalla,381008
el joven,381005
Lo único,380976
vida que,380692
que eres,380517
todo eso,380267
en La,380218
depende de,380096
donde los,380087
sin saber,380029
posición de,379991
los soldados,379984
se dijo,379736
mientras el,379390
del cielo,379310
la enseñanza,379170
suerte de,379073
De repente,378998
de entrada,378718
estaban en,378641
más fuerte,378423
and the,378355
la velocidad,378290
motivo de,378283
pensaba que,378228
la tercera,378010
los movimientos,377992
el equipo,377855
voz baja,376846
el estómago,376659
en día,376185
ha ido,376169
el interés,375835
la llamada,375778
su tiempo,375601
te preocupes,375530
de decir,375449
de papel,375248
la reina,375025
una visión,374962
que tuvo,374746
del Gobierno,374697
me siento,374576
sus compañeros,374332
sin la,374267
teniendo en,374098
Tenía que,374019
de unas,373986
el Gobierno,373570
tienen un,373474
es por,373458
las políticas,373436
deben ser,373183
aparición de,373125
de gestión,373022
con esta,372942
con tanta,372940
a estas,372882
salió de,372786
se pone,372767
de por,372761
contenido de,372637
mi cuerpo,372484
unos días,372236
el calor,372130
nunca había,372089
amor de,372045
Sin duda,372045
son la,371992
día y,371884
sobre él,371647
los individuos,371559
en ningún,371551
las diferentes,371326
de referencia,371224
el programa,371159
mi corazón,371092
paso de,370953
eran los,370412
estaba muy,370360
es uno,370320
su muerte,370215
lado y,369963
con mis,369840
Está bien,369819
un mes,369770
en manos,369645
ni una,369628
la noticia,369602
llegaron a,369509
decisión de,369413
un acto,369398
el lado,369053
con todos,368767
Y eso,368765
ante los,368627
un modelo,368227
unos cuantos,368148
de plata,368025
el servicio,367991
al servicio,367981
los mejores,367875
no están,367774
no debe,367661
que estar,367616
se considera,367577
n º,367543
dar un,367490
dejado de,367454
solo en,367073
él en,367023
la obligación,366891
de hierro,366786
información que,366739
en tres,366729
comenzaron a,366690
que van,366556
las armas,366460
para llegar,366366
las noches,366233
luego de,366189
puede hacer,366137
el sonido,366106
o sea,365873
La gente,365795
una imagen,365635
que quiere,365477
Para el,365333
de aprendizaje,365306
bien en,365060
mesa de,365014
efecto de,364960
resultados de,364915
cerca del,364863
el acto,364794
que da,364775
para conseguir,364716
mientras la,364703
la cosa,364693
puesto en,364512
tan sólo,364488
la conducta,364104
de valor,364037
que deben,364015
contra su,363926
de hacerlo,363916
pero yo,363874
que así,363690
en estas,363564
como siempre,363548
hay en,363430
en efecto,363372
de cambio,363302
las diferencias,363277
una obra,363249
sé qué,363233
ellos y,363140
del campo,363084
a menos,363047
de mujeres,362970
tras el,362899
se encontraban,362815
los puntos,362647
puede que,362429
necesario para,362328
Al menos,362323
en ello,362029
la identidad,361997
la sombra,361893
la orden,361848
de atención,361827
amor y,361615
y cinco,361580
del proyecto,361215
era como,361080
la señorita,360893
la cintura,360871
a reír,360784
más alto,360762
A su,360756
de ambos,360674
de volver,360472
del conocimiento,360174
hacer algo,360158
conciencia de,360158
el apoyo,360144
del primer,360125
varias veces,360117
de Derecho,359901
treinta y,359844
acción de,359818
desde un,359170
dado cuenta,359159
de Santa,359076
cuando las,358916
sociales y,358886
de apoyo,358797
el juego,358774
no a,358752
en paz,358724
la ausencia,358676
con ello,358231
sobre lo,358162
del cual,358099
ir al,358064
al ser,358046
relacionadas con,357885
de años,357838
mejor de,357784
Todo el,357209
la ejecución,357059
alguna de,357055
al pueblo,357050
de vino,357026
pueblo de,356877
difícil de,356792
las distintas,356705
cualquier otra,356576
tasa de,356459
derechos humanos,356398
de arte,356161
un plan,356093
Todo lo,355953
todos modos,355822
programas de,355814
la televisión,355758
cierto es,355607
del lugar,355605
la provincia,355604
vez se,355603
hija de,355104
del desarrollo,355104
en cuestión,355079
los clientes,355048
es verdad,354816
paso a,354806
el mal,354633
se sabe,354442
tenía en,354322
al parecer,354209
de aire,354117
que lleva,354007
mundo y,353978
del centro,353934
el curso,353908
sido el,353702
contra las,353545
encogió de,353457
de vivir,353445
información sobre,353408
no tener,353393
y miró,353342
de género,353292
la punta,353021
se encontró,352960
que decir,352928
que algo,352814
bien de,352688
y tenía,352029
del sector,351994
estilo de,351985
lo sabía,351975
Juan de,351925
los artículos,351883
las imágenes,351559
La vida,351551
visto en,351094
luz del,351068
un mensaje,351051
el salón,351025
que tal,350842
la estación,350816
un proyecto,350603
dijo la,350503
eso que,350474
fuera a,350464
los factores,350356
mes de,350260
No tengo,350081
un amigo,349977
la lluvia,349818
de Justicia,349818
miembros del,349814
la tensión,349765
a estos,349640
no sería,349623
familia de,349573
mujeres que,349516
un estudio,349513
la respiración,349396
su pecho,349332
la menor,349255
Eso no,349238
Y así,349113
puso a,349092
cosas de,349071
se vio,349018
la solución,348938
importante de,348927
No tenía,348883
del Señor,348845
basada en,348789
estado en,348786
y aunque,348663
a saber,348636
que podemos,348611
las familias,348571
metros de,348485
vivir en,348450
hace un,348377
y siempre,348377
por más,348350
las casas,348294
un movimiento,348284
le da,348245
cientos de,348221
El que,348175
mucho de,348105
los españoles,348033
A las,347957
No sabía,347719
la fuente,347651
echó a,347549
y sólo,347510
de varios,347320
Es muy,347301
de tierra,347203
el cuarto,347136
me da,346650
que jamás,346649
de aplicación,346484
el viejo,346273
ellos se,346256
Al principio,346160
hoy en,346056
las pruebas,345845
había en,345779
una expresión,345734
y medio,345672
por cada,345614
del niño,345375
fuera un,345339
pensé que,345331
todo aquello,345279
son el,345214
se encogió,345204
de derechos,345199
ahora mismo,345164
los campos,345018
el pasillo,344976
de gobierno,344967
me gustaría,344963
experiencia de,344929
el crecimiento,344733
no podría,344254
la página,344201
producto de,344066
hacia ella,343913
el hijo,343842
el origen,343797
a usted,343632
hombre y,343600
fecha de,343519
Es posible,343501
y media,343498
que sentía,343486
hacia su,343297
levantó la,343062
que nosotros,343043
de estudio,342759
manos en,342735
en alguna,342661
ese día,342564
Parece que,342446
para obtener,342342
actividades de,342268
se hallaba,341425
la defensa,341382
del coche,341362
de gente,341227
No quería,341226
pie de,341200
medida en,341105
la orilla,340946
Entre los,340943
mayor que,340919
en algo,340819
fines de,340818
todo un,340616
de arriba,340442
pues no,340378
el dedo,340307
las decisiones,340293
menos en,340240
gente de,340161
ley de,340054
alrededor del,340007
libros de,339913
mismo modo,339494
que como,339425
del ser,339422
la carrera,339411
palabras que,339332
hace falta,339282
el mensaje,339007
debía de,338995
del tipo,338961
que pasa,338821
mezcla de,338732
acaba de,338666
la influencia,338616
ha estado,338351
no habría,338112
el procedimiento,338077
defensa de,338030
consumo de,337959
en ti,337920
la doctrina,337792
saber qué,337789
Yo me,337714
algún día,337672
la confianza,337599
y además,337512
Espero que,337471
la revista,337465
todos ellos,337216
la planta,337168
una larga,336749
se los,336736
Muy bien,336572
en blanco,336505
niños y,336390
sin más,336373
vez no,336306
Cómo se,336206
es todo,336166
desde las,336127
había vuelto,336049
miedo a,335916
lo suficiente,335853
de clase,335788
mismo y,335702
tiempos de,335692
las sociedades,335572
porque los,335505
De este,335437
De qué,335399
y qué,335369
han hecho,335247
el área,335235
Y cuando,335177
te has,335057
un sentido,335020
su capacidad,334934
había puesto,334896
inicio de,334871
a más,334710
dirección de,334582
da la,334562
del brazo,334554
superior a,334506
existe una,334438
relacionado con,334346
la operación,334334
el éxito,334315
caer en,334164
al frente,333954
o para,333919
la Revolución,333724
En primer,333712
Y tú,333651
la evaluación,333650
voz alta,333557
el uno,333525
hacia delante,333466
época de,333395
como no,333368
la nación,333263
dos días,333094
personal de,332989
cama y,332973
de entre,332861
se tiene,332849
los objetos,332819
en condiciones,332815
hacia las,332624
mis padres,332568
como ya,332557
en Madrid,332514
sea la,332427
personas de,332424
tienen una,332403
este último,332303
a comer,332215
el grado,331879
sólo en,331825
la distribución,331559
social de,331485
la mejilla,331473
mantener la,331322
la película,331224
si las,331000
él con,330942
la culpa,330897
un ejemplo,330609
características de,330525
del equipo,330497
sentimiento de,330482
ella con,330194
y tan,330184
la poesía,330135
necesidades de,330125
siempre en,330099
las organizaciones,329962
la cámara,329884
diciendo que,329774
de cabeza,329755
la legislación,329691
o incluso,329487
el cerebro,329406
suelo y,329360
Para ello,329233
he hecho,329123
capacidad para,329059
de diez,329042
Y se,328992
Historia de,328957
su habitación,328922
se utiliza,328846
la resolución,328799
de formación,328769
a nuestros,328550
y ha,328534
el terreno,328417
de 1,328124
Se le,328103
los partidos,328028
un vistazo,327877
los autores,327876
la Biblia,327861
que éste,327816
la frontera,327816
la elección,327808
que cualquier,327802
empezar a,327698
qué hacer,327580
ha llegado,327557
un sueño,327546
se muestra,327517
de Juan,327500
de educación,327494
que viene,327458
veinte años,327315
de acceso,326984
el régimen,326944
y vio,326767
que dice,326713
hacer nada,326643
se abrió,326383
tanto a,326381
en Europa,326353
con mucha,326143
Dentro de,325963
para lo,325814
hay nada,325743
el período,325735
mi lado,325621
se echó,325614
supuesto que,325604
un programa,325590
me hizo,325407
las elecciones,325380
una ciudad,325371
Se puede,325324
fin y,325273
otras personas,325219
entre dos,325111
para realizar,325088
El primer,325080
estaba de,324986
nosotros mismos,324811
sin dejar,324776
me dio,324709
aquí y,324527
Era la,324501
Qué te,324445
Lo sé,324217
el art,324101
Así pues,324010
su relación,323907
los judíos,323832
la mía,323814
hablando de,323659
un aspecto,323656
y solo,323635
hasta su,323440
Un día,323401
Seguro que,323399
En cualquier,323366
régimen de,323076
ver cómo,323045
di cuenta,323045
un principio,323033
presidente de,322975
de paz,322883
que quiero,322854
basado en,322726
la belleza,322719
un error,322691
Como si,322462
aunque en,322416
el destino,322410
volvía a,322306
de confianza,322069
ser muy,322066
se llevó,321868
incluso en,321785
la carga,321732
virtud de,321672
el general,321579
la venta,321557
se vuelve,321536
área de,321532
llegada de,321491
nombre del,321404
los acontecimientos,321220
tu madre,321160
una chica,321133
meses de,321126
cambios en,321002
diferencia entre,320734
título de,320580
obligación de,320472
el plan,320154
las causas,319967
venido a,319954
nuestra vida,319911
ese mismo,319738
necesarios para,319676
ha visto,319665
dispuesta a,319576
por aquí,319531
me has,319414
sentado en,319293
borde de,319184
las cuatro,319105
el tono,319103
la temperatura,318998
presente en,318780
la representación,318771
se inclinó,318581
de dólares,318473
lo alto,318420
un cuerpo,318383
plazo de,318345
que estas,318291
un tanto,318243
es capaz,318142
Pero lo,318076
los nombres,318010
Esta es,317955
El problema,317891
llenos de,317833
Para que,317810
tamaño de,317758
un golpe,317586
de alta,317520
que significa,317510
o lo,317474
Por fin,317402
interior del,317291
a largo,317253
pero cuando,317245
atención de,317117
llamar a,317108
que casi,317025
una mesa,316938
pero él,316926
Así es,316913
relación a,316846
lo posible,316804
a mirar,316683
sus pies,316676
el borde,316597
unidad de,316407
desde una,316379
los músculos,316114
Espíritu Santo,316097
dejar que,316089
puesta en,316062
aquel que,316056
los trabajos,315794
a entender,315713
el ambiente,315594
y hacer,315537
tiempo a,315484
y volvió,315400
Gracias a,315152
estudios de,315118
para mantener,315074
está el,314750
el cuadro,314677
los chicos,314654
aunque la,314593
los suyos,314347
y está,314234
sobre ella,314163
las posibilidades,314125
los lugares,314069
a tus,313970
las zonas,313837
mujeres y,313793
de saber,313708
noche de,313597
espacio de,313574
trabajo que,313460
hasta llegar,313438
del arte,313364
Cuál es,313252
que otros,313184
todo se,312980
para nosotros,312871
de crecimiento,312820
que realmente,312621
si en,312456
tener la,312446
tres días,312348
vuelta a,312273
había perdido,312214
dolor de,312140
miedo de,312127
cuales se,311942
No creo,311780
la masa,311751
el piso,311718
los documentos,311584
mi hermana,311460
entrada de,311325
es mucho,311307
está a,311282
de Educación,311230
todo a,311178
en Estados,311147
origen de,311028
altura de,310947
Y de,310899
por ahí,310786
que sin,310714
y esto,310660
en América,310623
los centros,310617
las respuestas,310508
cuenta con,310503
Este es,310502
la interpretación,310435
dirigió a,310343
no estoy,310222
vio a,310218
alguna manera,310140
trabajar en,310033
la toma,310004
que algunos,309894
la barra,309894
la frase,309664
vuelta y,309632
de uso,309495
Para la,309485
ni se,309420
familia y,309362
compañía de,309248
hacia un,309114
periodo de,309080
los actos,309039
mi hijo,309014
a dejar,308822
juego de,308759
el apartado,308745
se basa,308686
vino a,308653
noche en,308361
los siglos,308353
práctica de,308314
el color,308069
que todas,308009
la norma,307938
política y,307910
toda una,307873
para ellos,307860
curso de,307806
el capitán,307796
un valor,307630
Se lo,307425
la buena,307146
me dice,307034
esta obra,307027
elementos de,306906
a poner,306879
yo le,306837
el ejército,306740
aprender a,306720
las comunidades,306690
Mi padre,306442
sin el,306422
regresar a,306373
y casi,306285
a llorar,306230
del lenguaje,306207
lo cierto,306173
el territorio,306160
este capítulo,306135
entender que,306093
no habían,306084
se preguntó,306068
bien la,306010
en virtud,305937
los detalles,305658
me di,305588
si hubiera,305520
ella lo,305483
taza de,305237
de servicio,305228
sí mismos,305128
a aquel,304759
en El,304669
hecho que,304464
los beneficios,304358
los programas,304140
el jefe,304023
margen de,304004
de Francia,303973
distribución de,303927
mundo que,303916
importante para,303831
pero ya,303814
eso era,303737
un nivel,303618
dicen que,303519
sino por,303325
que acababa,303234
El señor,303151
caso del,303139
el exterior,303112
la tabla,303094
la fase,303069
de carne,303015
si estuviera,302962
y salió,302933
se van,302929
y empezó,302754
un pueblo,302738
g de,302695
sabes que,302658
que después,302634
disfrutar de,302392
miembro de,302381
visión de,302316
la Casa,302314
que aquel,302241
nuevo en,302157
medida de,302025
es tu,302019
que aquí,301992
las redes,301985
la esquina,301957
los gastos,301868
un elemento,301799
una decisión,301797
sido la,301749
la pareja,301744
no tenían,301660
un hecho,301516
hasta entonces,301458
había sentido,301225
de dónde,301175
por esta,301114
naturaleza de,301103
tanto la,301076
no creo,301058
un mismo,301008
de Nueva,300964
su atención,300923
a cargo,300900
el comportamiento,300700
pero ahora,300691
habría sido,300642
está muy,300547
del pensamiento,300431
de aquellas,300425
se observa,300399
cuando en,300374
la escritura,300364
qué le,300320
del alma,300318
de quienes,300171
por tu,300150
bien a,300115
esto se,300101
debajo del,300082
sino a,299927
supone que,299921
volvió hacia,299826
su forma,299799
medidas de,299748
sintió que,299731
el médico,299728
su piel,299706
el aspecto,299700
los estados,299690
cuatro años,299528
los órganos,299454
participar en,299340
precio de,299067
más difícil,299017
con quien,298972
mi familia,298859
los alimentos,298815
á la,298724
a salvo,298720
el profesor,298719
aspecto de,298583
el sofá,298573
les había,298536
la camisa,298530
historia del,298394
hemos visto,298324
De verdad,298155
Cada vez,298143
que muchos,297812
utilización de,297762
seguridad de,297759
las razones,297610
le pareció,297583
todo y,297581
que será,297408
en ellas,297347
es mejor,297283
la reforma,297280
el método,297264
las preguntas,297257
Desde luego,297075
la Junta,296990
los textos,296899
digo que,296879
tú no,296746
hacia arriba,296639
las tareas,296566
a modo,296410
no podían,296213
con unos,296207
de piel,296206
y menos,296187
el cumplimiento,296174
la Corte,296141
la reunión,295975
las emociones,295954
ser tan,295924
para lograr,295910
ojos se,295904
podría haber,295874
Unión Europea,295862
libre de,295806
el consumo,295780
también que,295695
eso lo,295643
administración de,295634
importante en,295627
se deben,295497
le decía,295425
su alma,295402
tan bien,295321
los cuerpos,295303
no sabe,295212
a finales,295208
especialmente en,295202
peso de,295092
del texto,295083
ella en,295048
en inglés,295043
al aire,294805
la opción,294801
del autor,294723
las estrellas,294654
los requisitos,294601
del corazón,294565
es a,294536
será el,294536
durante las,294301
las gracias,294171
La idea,294171
entre nosotros,294144
aquella noche,294132
yo lo,294115
de fuego,293916
norte de,293904
Era el,293808
de negocios,293792
has hecho,293777
el producto,293605
necesario que,293487
o tres,293386
De modo,293384
esa noche,293338
del servicio,293310
la tecnología,293276
día a,293152
al año,292987
ella misma,292930
lo habían,292823
estructura de,292801
la marcha,292745
que apenas,292718
te parece,292691
el Consejo,292655
del edificio,292599
las rodillas,292567
A qué,292470
el equilibrio,292446
En todo,292414
el jardín,292380
De ahí,292339
de encontrar,292338
le hacía,292195
acerca del,291952
un tema,291788
aun así,291717
información de,291557
la entidad,291555
y mujeres,291509
convencido de,291440
las operaciones,291366
del camino,291326
la cadena,291262
El día,291259
la utilización,291177
un caso,291176
y son,290721
supongo que,290662
del espacio,290621
el norte,290462
o dos,290449
un objeto,290409
las principales,290331
para qué,290325
duda de,290242
Ya lo,290219
la actitud,290118
él había,289884
no va,289862
otro de,289806
lo suficientemente,289736
de Castilla,289636
por dos,289504
una posición,289319
salir a,289307
participación de,289288
mirando a,288967
los sentimientos,288949
un sitio,288935
la sección,288883
como tú,288806
de golpe,288784
arte de,288755
del señor,288750
University Press,288724
algunos casos,288708
una pausa,288651
los precios,288531
por cierto,288476
Y entonces,288406
a solas,288401
de mercado,288392
corresponde a,288345
que entre,288261
tenían que,288236
de dicha,288173
de si,288132
tanto tiempo,288120
la suerte,288071
de libertad,288013
carta de,287943
que luego,287787
y servicios,287744
eso se,287649
cambiar de,287605
de diferentes,287598
estaba tan,287471
de algunas,287450
la técnica,287416
todo ello,287318
la infancia,287252
a hacerlo,287090
los habitantes,287079
la resistencia,287026
unas cuantas,286949
le dice,286752
principal de,286662
los muertos,286657
tiene en,286560
la espada,286549
con cuidado,286405
a diferencia,286341
la pobreza,286319
ya está,286284
le parecía,286129
por este,286073
el propósito,285958
la hija,285713
Dios mío,285566
cuidado de,285399
y nunca,285372
el significado,285366
de 2010,285318
el reconocimiento,285188
información y,285137
bien el,285109
de de,285091
mujer y,285033
las hojas,284976
sentó en,284965
de capital,284948
del movimiento,284856
comienza a,284767
al trabajo,284660
vez a,284629
de tomar,284473
a dormir,284462
las tierras,284392
se hacía,284387
red de,284333
las ventanas,284257
la columna,284244
de buena,284199
pero eso,284107
Aunque no,284041
y mucho,284006
aparece en,283838
así se,283831
en consecuencia,283819
de alguien,283768
momentos de,283693
de seis,283674
sus pensamientos,283618
su poder,283597
un joven,283585
aparte de,283519
sería el,283478
el cabello,283463
las montañas,283351
ese tipo,283346
la caída,283343
de transporte,283306
más la,283151
y tu,283101
que allí,282840
al rey,282803
noche y,282793
su amiga,282597
los indios,282341
veces se,282255
con tal,282017
de cuentas,281953
vez la,281898
el discurso,281791
lo dispuesto,281712
por dentro,281640
empezado a,281576
la biblioteca,281559
sonido de,281507
del ejército,281465
mesa y,281376
una sensación,281252
la percepción,281200
acceder a,281137
pasó a,281129
que mis,281091
desarrollo del,281079
los pocos,281057
estaba haciendo,280990
un esfuerzo,280854
espíritu de,280845
por teléfono,280653
Mi madre,280612
al niño,280534
del contrato,280498
Durante el,280496
el sujeto,280383
mirar a,280218
Yo también,280180
el menor,280168
mano a,280095
de cristal,280080
Aun así,279984
al margen,279917
de libros,279792
la definición,279682
entre ellas,279651
muy lejos,279546
que fuese,279501
la propuesta,279425
amigo de,279254
la Guerra,279244
fuerza y,279062
por donde,279004
a correr,278886
que durante,278808
pero por,278698
nadie se,278678
las tropas,278660
Esto no,278604
los mercados,278565
técnicas de,278503
Departamento de,278259
su primer,278097
el plano,278000
sabemos que,277959
sigue siendo,277937
Como se,277923
el ruido,277901
pie y,277899
el asiento,277894
hacer la,277773
ninguna de,277733
las bases,277719
la Comunidad,277676
para llevar,277612
permitir que,277546
cómo la,277542
de justicia,277429
el motivo,277384
una silla,277331
Y los,277205
necesaria para,277163
el sitio,277088
fase de,277045
es fácil,277025
las luces,276999
la bolsa,276996
la corriente,276976
los gobiernos,276899
fue de,276858
en tono,276760
necesarias para,276704
la multitud,276527
con mucho,276506
le estaba,276476
en algunas,276448
mis ojos,276340
podía hacer,276329
y demás,276273
figura de,276209
era algo,276111
director de,276079
Con un,276041
contexto de,276010
no puedes,275974
no será,275908
tierra y,275891
seis meses,275792
de armas,275724
se halla,275601
es eso,275586
tierra de,275576
aunque el,275510
eso me,275460
la antigua,275435
considera que,275356
el pequeño,275316
días después,275308
se habría,275269
nada en,275179
me voy,275156
lo primero,275099
habían hecho,275073
el entorno,275050
quién es,275039
la tasa,275027
razón por,275022
es difícil,274993
he tenido,274980
tanto el,274965
y tiene,274890
es imposible,274804
En qué,274799
relaciones de,274704
reconocimiento de,274633
De los,274413
noche anterior,274409
indica que,274178
la sentencia,274170
se trate,274109
aunque se,274082
del propio,274034
y comenzó,274032
ya me,273984
y tres,273970
y puede,273890
mercado de,273888
que habría,273830
otra manera,273801
le gusta,273773
se conoce,273540
es preciso,273448
reducción de,273289
de valores,273280
y esta,273271
punta de,273237
las horas,273223
había convertido,273153
recuerdo de,273123
cuanto al,272834
muy difícil,272830
guerra de,272824
del Derecho,272694
lo bastante,272628
manera en,272596
fue que,272470
está la,272413
en peligro,272385
de Chile,272349
salir del,272293
New York,272284
de manifiesto,272251
un camino,272234
su espalda,272173
lo siguiente,272096
dispuesto en,272048
la vieja,272046
El hecho,272038
vaya a,271946
y entre,271799
el inicio,271778
los del,271599
se llamaba,271587
caja de,271461
muchas de,271412
la conclusión,271264
era demasiado,271224
que iban,271137
Centro de,271131
no hace,271116
soy un,271076
ello se,271047
variedad de,271022
autor de,270986
las cartas,270925
en sentido,270773
pues la,270771
los riesgos,270770
países de,270723
no haya,270523
el botón,270433
la elaboración,270398
un aumento,270366
la verdadera,270321
pero ella,270309
el plazo,270279
de decisiones,270272
de pasar,270252
Al fin,270218
para mi,270054
ese hombre,270051
del resto,270016
para sí,269993
un mayor,269988
aquel hombre,269967
mi mente,269837
el esfuerzo,269775
a ello,269764
días en,269729
el bosque,269679
debe de,269644
había llevado,269562
que debería,269560
dar a,269507
saber si,269477
Él no,269415
otras palabras,269398
la misión,269364
los criterios,269350
cual no,269346
se produjo,269299
Es importante,269249
de muchas,269237
decirle que,269211
para hablar,269096
se acercaba,269068
Sobre la,269022
pero era,268930
porque me,268897
la exposición,268884
pensando que,268851
sus dedos,268835
edad de,268772
era posible,268738
visto a,268708
solo un,268640
de actividades,268547
estaba allí,268482
eran las,268358
el aprendizaje,268310
la muchacha,268273
o como,268222
para tener,268199
partes de,268167
Me parece,268052
una pregunta,268029
una actitud,267831
largo y,267777
Crees que,267705
pago de,267467
los propios,267398
sur de,267288
ante un,267130
el periodo,267109
como tal,267100
Pero es,267095
la víctima,266986
de derecho,266974
la montaña,266886
pues el,266867
un acuerdo,266606
ya de,266490
en muchas,266481
le pidió,266450
unos pocos,266447
que daba,266420
el espejo,266394
aquel día,266389
reino de,266318
las fuentes,266316
el hospital,265971
los asuntos,265940
puso de,265926
basa en,265917
Es más,265912
ejecución de,265868
un efecto,265706
cara a,265673
Tenemos que,265662
para tomar,265561
de conocimiento,265549
restos de,265367
Durante la,265347
puede tener,265337
las prácticas,265330
su camino,265287
casi todos,265286
de niños,265212
las ciencias,265138
viene a,265137
de crédito,265106
la igualdad,265055
la crítica,265045
en común,265031
de lado,264993
para saber,264992
el estilo,264928
Journal of,264822
segundo lugar,264797
al cielo,264743
el sexo,264722
cuarenta y,264613
vida a,264609
de realizar,264563
de café,264527
pone en,264491
la estrategia,264431
de 10,264285
a entrar,264268
de seguir,264264
en línea,264114
más rápido,264032
media hora,264024
yo también,264003
una enfermedad,264002
de partida,263854
comparación con,263780
al no,263766
el bolsillo,263749
desde entonces,263735
vez el,263706
la oferta,263685
lo hacen,263334
la inteligencia,263272
Sus ojos,263210
y allí,263128
poco después,263111
en París,262813
se ven,262794
la corte,262710
de Roma,262681
al contrario,262635
su carácter,262620
Ella no,262593
directamente a,262578
y algunos,262575
ahora se,262526
no las,262473
encuentran en,262284
por toda,262280
se marchó,262218
finales del,262206
y aun,262187
de actividad,262176
ella había,262174
el patio,262162
una experiencia,262152
los personajes,262109
los amigos,262095
años más,262091
le he,261892
la letra,261867
más se,261811
de ánimo,261786
la comprensión,261746
siempre había,261740
Lo mismo,261704
culpa de,261610
dice el,261567
las plantas,261481
habitación de,261265
volumen de,261191
le hubiera,261189
al instante,261173
el sur,261153
donde no,261131
los pasos,261125
me hace,260968
los procedimientos,260889
de dicho,260850
es también,260769
más cerca,260714
las chicas,260692
por mucho,260615
que necesitaba,260583
el contrato,260366
uno y,260356
modo en,260249
encontraba en,260188
y unos,260186
el juicio,260163
el diseño,260134
pero las,260028
un viaje,260026
agua de,259902
perspectiva de,259793
de alimentos,259771
de 2011,259695
compañeros de,259666
boca de,259652
forma más,259640
mucho en,259637
con ellas,259628
el matrimonio,259624
el juez,259554
también por,259547
Dios que,259545
aun cuando,259497
la inversión,259496
los agentes,259469
como resultado,259464
de viaje,259423
los ingresos,259418
método de,259380
preguntó si,259350
los temas,259314
ver en,259285
nombres de,259280
su historia,259262
carácter de,259177
a realizar,259106
clases de,259017
buena parte,259006
el respeto,258972
medio ambiente,258951
después se,258932
que sabía,258725
que además,258604
que decía,258450
actividad de,258448
cuando él,258381
ha dejado,258286
responder a,258262
trozo de,258107
y este,258044
sino la,257995
de voz,257959
ciento de,257943
también los,257914
la arena,257806
con eso,257773
todos estos,257629
grande y,257538
planes de,257523
DE LOS,257498
una línea,257465
Real Decreto,257423
casi siempre,257420
mi cabeza,257279
una actividad,257268
también un,256976
se queda,256851
en pacientes,256787
esas cosas,256748
las páginas,256632
los pobres,256539
mejorar la,256492
las dificultades,256487
Ha sido,256476
no parecía,256444
su origen,256194
la pierna,256178
la lógica,256154
pasar a,256131
que somos,256122
a ambos,256072
dirección a,255999
amigos y,255946
al paciente,255903
San Juan,255896
existe un,255816
la unión,255794
confiar en,255781
en eso,255748
y social,255739
ante las,255706
los restos,255701
la piedra,255631
el pago,255616
en brazos,255579
de campo,255558
el público,255486
de alto,255435
de Barcelona,255404
de a,255398
sólo un,255347
no tienes,255150
cuando te,255133
una puerta,255081
es porque,255054
del momento,254945
uno a,254923
un minuto,254867
sería la,254737
yo te,254702
del nuevo,254682
primero de,254680
a España,254675
el extremo,254618
que aquella,254570
propuesta de,254534
la presentación,254479
Es cierto,254473
de Estudios,254423
tiene su,254396
exceso de,254271
una mueca,254264
eso de,254238
para salir,254184
alto de,254160
hacia abajo,254084
allá del,254036
participación en,254012
una fuente,253952
el volumen,253929
era capaz,253868
personal y,253786
afirma que,253771
una zona,253766
personas y,253764
como parte,253760
esta situación,253702
ni por,253673
a quién,253606
años antes,253569
un salto,253414
y uno,253396
mano para,253394
de entrar,253368
las veces,253330
un grito,253287
lo has,253148
el ritmo,253122
la versión,253118
la boda,253093
función del,253064
de mantener,253000
de cerca,252916
al llegar,252897
del Código,252884
se hacen,252775
la imaginación,252724
desde hacía,252667
La Habana,252522
al borde,252513
vez por,252430
su primera,252306
atrás y,252249
seguridad y,252245
la totalidad,252244
muestra de,252220
el olor,252179
el tamaño,252171
no como,252162
venir a,252147
de Salud,252136
en nombre,252135
el reino,252130
en Francia,252117
una fuerza,251894
Y que,251866
vestido de,251854
fuera una,251815
por último,251751
cualquier momento,251705
el recuerdo,251647
se acerca,251603
tarea de,251463
su posición,251362
algún momento,251343
evaluación de,251284
las entidades,251268
misma manera,251251
uso del,251234
de colores,251186
en verdad,251079
de estudios,251077
sin tener,251059
otro modo,251037
la deuda,250984
evitar la,250913
que puedo,250904
combinación de,250842
blanco y,250819
centros de,250807
N º,250750
en diferentes,250715
conocer a,250628
acciones de,250572
otro día,250545
En general,250476
de violencia,250457
obligó a,250452
veces en,250449
ya era,250441
Naciones Unidas,250252
no tuvo,250196
a perder,250189
definición de,250125
me la,250025
Es lo,250008
el techo,249745
una perspectiva,249697
con alguien,249694
España y,249654
confianza en,249584
alcance de,249580
un análisis,249576
las sombras,249561
nuestro país,249543
elaboración de,249531
Instituto de,249490
En otras,249479
En lo,249425
lo peor,249398
lado a,249369
contrato de,249365
en nuestras,249344
piel de,249336
el buen,249324
sus vidas,249227
cuenta la,249144
En mi,249095
a aquellos,249091
Desde la,249075
una enorme,249013
las líneas,248810
ocasión de,248801
primero en,248790
de llevar,248767
del partido,248717
supo que,248639
de José,248636
las víctimas,248633
forma parte,248567
bajo su,248525
al resto,248465
las órdenes,248457
fuerte y,248327
frunció el,248304
Si es,248283
de largo,248187
Estado y,248126
durante su,248091
dispuestos a,248087
el Espíritu,248063
del orden,247947
una cuestión,247891
para seguir,247820
dolor y,247758
la sonrisa,247757
la victoria,247666
evolución de,247624
el universo,247621
un medio,247605
salud y,247603
momento y,247564
yo soy,247408
su existencia,247336
pero nunca,247277
la gracia,247226
con otra,247202
En caso,247134
un fuerte,247118
pruebas de,247094
salida de,247039
generación de,247032
hombre se,246972
Al igual,246942
En estos,246882
a muchos,246857
los usuarios,246810
la llave,246809
afirmar que,246773
de Colombia,246644
siempre y,246631
En aquel,246630
de 2,246609
No estoy,246552
fuentes de,246541
el impacto,246531
delante del,246527
lugar que,246261
aceite de,246249
un suspiro,246216
los conceptos,246206
su uso,246140
se producen,246110
del producto,246083
que hablar,246046
los negocios,246016
el mes,245933
la oración,245886
de plástico,245815
bajo las,245794
los caballos,245784
en esto,245783
las mejores,245762
de 5,245692
Los ojos,245680
la personalidad,245657
una oportunidad,245582
Al día,245494
sobre mi,245489
ni idea,245428
ahora no,245402
el edificio,245400
entonces se,245380
que tengan,245261
uno o,245241
el ejemplo,245222
relaciones entre,245190
el seno,245141
para nada,245095
la barbilla,245082
vida es,244978
un coche,244969
Los que,244853
vaso de,244831
de veces,244756
valores de,244716
relaciones con,244698
la institución,244665
porcentaje de,244661
hay más,244631
tiempo se,244611
que pasó,244595
los hermanos,244500
sus dos,244477
de cuero,244286
sea un,244222
apoyo de,244175
el diagnóstico,244043
siglo XVIII,244042
del Tribunal,244030
los planes,244029
ciudad y,244020
una realidad,243983
ahí que,243869
Yo soy,243843
donde estaba,243790
una ocasión,243733
Que no,243684
al momento,243600
de pelo,243586
se fueron,243473
tres meses,243468
el contacto,243454
similar a,243430
de 2012,243341
sin poder,243330
el director,243320
había ocurrido,243270
había oído,243248
se presentan,243245
de París,243083
con otro,243060
palabra de,243010
el pie,242864
son un,242807
de peso,242783
relacionada con,242755
el horizonte,242698
su amor,242662
de obra,242579
de Seguridad,242523
mundo en,242304
dar una,242247
un verdadero,242234
brazo y,242211
los momentos,242195
este proceso,242059
declaración de,242024
las piedras,241986
Si te,241957
cosas en,241872
dos hombres,241850
del presente,241785
nuevo a,241759
Pero a,241666
poder y,241665
le pregunté,241614
media de,241598
fue en,241554
el aumento,241524
sino el,241515
de familia,241417
dijo en,241313
encargado de,241284
Al cabo,241248
fruto de,241194
la independencia,241189
si yo,241149
se dan,241147
una cierta,241124
cuando un,241099
puertas de,241060
frente de,240987
funcionamiento de,240976
una solución,240964
cambio en,240938
habitantes de,240877
campos de,240854
cabeza en,240812
la perfección,240795
interés por,240715
Es como,240622
estos casos,240591
corazón y,240582
que haber,240561
el comercio,240518
las disposiciones,240512
de conocer,240512
todo es,240486
que existen,240479
Si lo,240452
negó con,240407
de aceite,240348
la visita,240311
para estar,240191
al pie,240126
hacia mí,240090
quiere que,240071
un nombre,239996
un cierto,239951
de entender,239940
Ciudad de,239936
la Historia,239776
son una,239742
Pese a,239740
Desde que,239712
un equipo,239699
aspectos de,239591
boca y,239590
él era,239418
de primera,239406
a leer,239394
la alegría,239354
a eso,239273
un árbol,239194
mal que,239099
llamó a,239094
casa en,239068
no significa,239004
perder el,238991
multitud de,238984
pronto se,238984
la Virgen,238893
del programa,238803
quién era,238778
La segunda,238753
Esta vez,238693
su libro,238494
la máquina,238465
cual es,238310
color de,238276
cadena de,238270
algún tipo,238213
de seda,238156
Y luego,238110
reconocer que,238106
redes sociales,238075
cuando ya,238073
recordar que,238066
todavía más,238066
igual a,238049
hacer con,238005
que haga,238001
abrir la,237981
los empleados,237939
un futuro,237919
cuando nos,237857
del Norte,237856
a cenar,237828
de ninguna,237809
de grandes,237798
como era,237790
organización de,237764
tienen la,237762
estar con,237652
volvería a,237592
al fondo,237579
Te lo,237565
la nieve,237550
ojos en,237548
mano derecha,237460
en unos,237299
influencia de,237279
incluso a,237276
ha venido,237247
empecé a,237188
Los hombres,237182
golpe de,237158
las áreas,237042
p. ej,237021
sabiendo que,237020
su esposo,236991
lo han,236944
el verdadero,236937
No puede,236903
será la,236852
había encontrado,236843
donde había,236754
fueron los,236753
cómo el,236747
la Escuela,236737
que voy,236676
las mejillas,236626
el ojo,236558
sus hermanos,236454
el Tribunal,236439
al señor,236427
un determinado,236338
estas cosas,236323
las estructuras,236312
casos en,236312
actitud de,236288
la esencia,236251
de consumo,236230
o algo,236223
también con,236213
un juego,236186
Cuando los,236149
y ser,236100
productos de,236015
Y también,235997
su estado,235988
botella de,235945
con cierta,235901
hombros y,235852
de conciencia,235811
del hotel,235781
los cinco,235771
la concentración,235598
provincia de,235537
cerró los,235524
la diversidad,235404
Seguridad Social,235368
del régimen,235365
dos horas,235251
lo hubiera,235222
un ataque,235221
del Ministerio,235205
y mis,235147
fue lo,235122
a esos,235077
que estuviera,235050
por escrito,235040
mi alma,235015
la riqueza,234973
me pareció,234948
suma de,234933
sólo por,234836
hojas de,234825
El tiempo,234812
de inversión,234782
centro del,234781
por cualquier,234771
en vano,234694
sonrisa de,234597
si su,234543
hasta un,234532
que ésta,234495
tú y,234309
padres y,234169
de análisis,234088
si era,234029
de poner,234018
del dolor,233965
tan grande,233957
detrás del,233913
dio a,233900
de regreso,233895
un producto,233867
base en,233813
de sol,233808
cara y,233757
comienzo de,233752
el placer,233751
la reacción,233719
haya sido,233717
para alcanzar,233560
la India,233531
se podría,233432
la pintura,233425
más grandes,233347
de palabras,233342
de éste,233323
según las,233321
entra en,233318
a por,233313
los colores,233311
un campo,233281
tres veces,233204
ella la,233137
tanto por,233048
los meses,233029
la nave,233019
Pero cuando,233012
cumplir con,233012
la declaración,232996
con claridad,232935
el funcionamiento,232850
lo anterior,232829
la pasión,232757
Un hombre,232635
otros países,232621
pidió que,232586
esa manera,232573
factores de,232546
le digo,232466
una lista,232455
los humanos,232370
temo que,232342
suele ser,232311
un brazo,232269
por unos,232219
una habitación,232110
y nada,232107
pesar del,232030
las obligaciones,231951
mientras los,231943
gran cantidad,231820
los tipos,231745
responsabilidad de,231741
cuando su,231729
a bordo,231723
el conflicto,231694
vida del,231681
interés en,231623
debe a,231569
olor a,231558
por ellos,231539
mañana siguiente,231483
una misma,231399
Y me,231345
Guerra Mundial,231291
la radio,231259
nos encontramos,231142
A través,231123
una acción,231065
mujeres de,231015
establecimiento de,230951
Qué pasa,230920
una estructura,230919
más profundo,230908
según los,230901
los huesos,230741
las enfermedades,230703
líneas de,230641
por Dios,230603
en fin,230546
la estancia,230533
de distancia,230524
mantener el,230522
Dónde está,230522
del ejercicio,230514
noción de,230513
en Colombia,230492
a encontrar,230489
había conseguido,230474
velocidad de,230423
dejaba de,230286
un mal,230263
como ella,230244
personas en,230212
que sigue,230161
la oposición,230131
la campaña,230130
cualquiera que,230090
camino a,230084
una función,230080
la Ciudad,229984
se dejó,229980
no tenemos,229946
de 2009,229882
esperar a,229857
el escenario,229825
de nuevos,229806
de ropa,229796
Para los,229789
que ocurre,229743
responsables de,229706
también una,229702
a pie,229598
acuerdo a,229553
La voz,229545
La respuesta,229450
nos hemos,229393
la noción,229380
solo por,229362
en adelante,229263
de memoria,229257
en nada,229244
Al parecer,229234
que quieres,229220
el reloj,229102
había salido,229080
En fin,229071
espera de,229019
mí mismo,229013
pero le,228986
y aún,228953
del padre,228939
para mejorar,228898
normas de,228829
decir nada,228737
de responsabilidad,228714
que pudieran,228704
de alegría,228649
del norte,228631
y poco,228613
cuanto más,228570
tiende a,228551
la marca,228450
La historia,228416
mi hija,228411
los síntomas,228351
que nuestro,228320
cual el,228293
dejó caer,228273
una amplia,228239
el café,228228
en cierto,228144
es demasiado,228119
el personal,228111
soy yo,228107
quien no,228094
todo de,227937
me preguntó,227893
durante unos,227845
hoja de,227838
Gracias por,227825
a algunos,227798
De todos,227772
la suma,227768
días y,227715
tal manera,227608
camino que,227607
a aquella,227538
ni los,227524
las escuelas,227509
lo sabes,227390
grande que,227348
de fondo,227322
otros dos,227319
es bueno,227311
su país,227310
sería un,227294
unos instantes,227229
Al llegar,227228
de evaluación,227160
entre un,227079
los mecanismos,227049
bolsa de,227048
un viejo,227033
el empleo,226997
a escribir,226965
paso del,226918
puede estar,226895
La señora,226736
propio de,226637
amor que,226626
la pista,226499
sólo una,226430
esta última,226326
el chico,226279
mediante un,226197
los sentidos,226183
del cuello,226127
que pudo,226092
los actores,226090
uno mismo,226085
el negocio,226061
presentes en,226042
sentido del,226027
Pensé que,226022
un período,226019
la cruz,225997
ministro de,225993
volvieron a,225984
esperaba que,225941
mi amigo,225762
también me,225750
los espacios,225747
solo para,225725
Se me,225713
esa misma,225711
aquí en,225668
ya la,225658
acabar con,225599
ese modo,225568
quien le,225465
de varias,225443
tan pronto,225385
Hasta que,225362
había pensado,225356
la publicación,225297
los poderes,225251
principios del,225187
sino un,225178
me miró,225127
estrategia de,225108
la emoción,224926
sangre de,224924
las situaciones,224849
sino una,224810
las nubes,224794
por esa,224689
que aparece,224666
para crear,224608
para este,224598
elementos que,224558
solo una,224535
no para,224521
la media,224504
se apartó,224479
disposición de,224469
Volvió a,224449
un perro,224304
que toda,224299
la espera,224294
de veinte,224292
un enorme,224259
levantó y,224257
una reunión,224195
los cristianos,224151
mecanismos de,224144
sombra de,224141
que resulta,224066
José María,223959
políticas de,223921
situaciones de,223868
los médicos,223867
tuvo la,223865
etapa de,223834
me sentía,223721
de problemas,223707
no estaban,223618
el frío,223578
establecido en,223488
opinión de,223407
de 20,223367
obliga a,223352
Me gustaría,223301
intereses de,223281
u otro,223241
del territorio,223155
treinta años,223139
hijos y,223133
porque su,223111
elección de,223099
un dedo,223091
parte superior,223083
de paso,223069
se dirige,222973
padres de,222948
crecimiento de,222948
el periódico,222912
una organización,222894
la reducción,222876
a mano,222853
con unas,222844
de comida,222814
al interior,222744
porque lo,222736
de pan,222635
Pero también,222629
Y como,222602
de relaciones,222596
en comparación,222559
da un,222544
quieres que,222527
una guerra,222469
A medida,222457
mundo se,222454
el partido,222444
seis años,222408
que pasaba,222404
hacia una,222388
a propósito,222386
ayudó a,222323
tomó la,222299
sé cómo,222294
las letras,222263
por ese,222254
interpretación de,222165
diseño de,222078
la intensidad,222053
los vecinos,221970
resolución de,221956
casa del,221950
había de,221935
dio una,221848
tuve que,221803
las técnicas,221695
