ngram,freq
de lo que,3905256
a través de,3421946
uno de los,3357022
en el que,2917461
en la que,2425212
por lo que,2414483
una de las,2398654
todo lo que,2239976
que no se,2121528
lo que se,1959749
y de la,1863883
de la vida,1816299
a partir de,1814594
a pesar de,1777207
cuenta de que,1639027
antes de que,1627006
el caso de,1591295
de que el,1517080
es lo que,1509695
de que la,1412969
a lo largo,1412014
la mayoría de,1382595
a la que,1371904
"que , en",1353232
de la ciudad,1317053
parte de la,1313656
la que se,1278364
un par de,1265347
"y , por",1251731
el que se,1247342
y a la,1243007
a los que,1180283
a punto de,1176507
en los que,1174373
se trata de,1174313
todo el mundo,1167876
lo largo de,1164673
a la vez,1149489
de que se,1148860
la posibilidad de,1148523
en lo que,1131413
"y , en",1128109
de la casa,1107903
al mismo tiempo,1106177
y en el,1099114
de que no,1095428
y en la,1087351
hecho de que,1084300
de todos los,1077505
una serie de,1071233
cada vez más,1064894
la idea de,1064853
el hecho de,1047532
con la cabeza,1032612
en que se,1031605
través de la,1027005
de la misma,1020555
en el mundo,1018087
en el caso,1017141
de los que,1016111
cada uno de,1015429
a lo que,1012155
que se le,1001676
que en el,999594
que se había,975445
los que se,972410
la necesidad de,968770
lo que le,950811
de acuerdo con,926150
por parte de,926143
la hora de,916915
punto de vista,915850
el punto de,912408
en las que,906940
en el suelo,901752
una especie de,901293
el resto de,896406
a través del,879006
mayoría de los,867325
y de los,860280
un poco de,856832
de la historia,855411
en la vida,854525
A pesar de,842916
el fin de,841117
lo que es,835231
más allá de,832851
a todos los,826337
en lugar de,820667
por encima de,819683
a su lado,816076
lo que había,814275
de la que,813036
el nombre de,809811
la puerta de,806406
el número de,805681
en medio de,805355
de la sociedad,796955
de la mano,795701
que ver con,792103
después de la,789485
a su vez,781836
con lo que,781192
que se ha,777265
de modo que,776726
lo que no,772495
de las personas,771680
que en la,767699
la historia de,764389
lo que me,758039
por primera vez,756540
que no es,755857
en ese momento,755812
de su vida,754251
en el momento,748848
la vida de,743676
el proceso de,740347
la presencia de,737194
la casa de,737171
pesar de que,735341
de la Ley,735219
a la hora,731823
y de las,727336
"que , por",720792
la existencia de,720657
de todas las,718713
de la noche,718601
de la familia,715003
dentro de la,712493
el momento de,710030
de la población,708960
parte de los,707895
de que los,703109
por medio de,702496
por lo tanto,701851
el desarrollo de,701155
de la empresa,698748
a la puerta,696504
más o menos,694739
en la cama,691401
con la que,691160
la muerte de,689219
este tipo de,685204
para que se,683179
que no me,681791
a los ojos,671317
un poco más,670627
en relación con,667373
cada una de,666915
de la muerte,666133
Por qué no,663563
y a los,657896
lo único que,649528
momento en que,648659
de los dos,645439
en el mismo,639797
en torno a,634358
que le había,633411
en forma de,633359
al igual que,633011
el uso de,632738
la cabeza y,631374
en todos los,624811
"que , a",621407
se dio cuenta,618593
por lo menos,618151
la capacidad de,613514
de la tierra,609033
de los años,607277
"No , no",605084
la falta de,604902
las que se,604284
un grupo de,602813
en la mano,601846
que iba a,596616
la mayor parte,595259
la ciudad de,591211
en vez de,587967
frente a la,586630
Se trata de,586286
lado de la,586050
de los hombres,585781
en el centro,585056
poco a poco,584820
de su padre,584138
junto a la,584108
uno de ellos,582477
para que no,582081
que no le,579227
con el que,578249
en cuanto a,576861
de la guerra,575444
que no lo,574496
la forma de,571044
la sensación de,570994
como si fuera,570610
la Universidad de,568880
los ojos de,568470
en el ámbito,568382
a fin de,567518
de la Universidad,567171
los Estados Unidos,565697
en este caso,562589
en caso de,560471
en la casa,559831
que no había,559406
uno de sus,559159
con los ojos,558348
de la puerta,558290
los ojos y,556489
de la mañana,555956
en busca de,555288
dio cuenta de,551883
y que no,549879
con el fin,549784
a las que,546889
que lo que,540606
cada vez que,539023
Por otra parte,537484
que ya no,536847
el momento en,534584
de diciembre de,529514
con una sonrisa,528846
de los derechos,528000
mayor parte de,527218
de las mujeres,526612
en la ciudad,524810
tener en cuenta,523851
y que se,523757
a su alrededor,523097
las personas que,522840
en la parte,521352
a los demás,521259
el centro de,520220
es que no,519915
por la que,519014
por el que,515987
una vez más,515591
y / o,514944
"que , como",514628
a sí mismo,513793
"que , si",512231
medio de la,511197
En el caso,509603
A partir de,509254
y otra vez,507069
de las que,506418
que no era,506265
por qué no,506259
antes de la,503988
a que se,503857
en el artículo,503072
en la misma,502203
y lo que,500262
al lado de,499403
una y otra,499059
en el campo,498458
al tiempo que,497450
en función de,492154
el de la,491339
seguro de que,491064
que es el,490303
de todo el,490287
de manera que,488091
la década de,488056
vez en cuando,487773
la base de,487683
la primera vez,486481
de la Iglesia,485940
de enero de,485112
de los demás,484422
de la mujer,483227
el tipo de,483038
a medida que,479576
que es la,479343
en que la,477991
a la luz,476738
de la República,476114
en materia de,474638
en cuenta que,473592
la creación de,472336
a un lado,472080
de su madre,472067
de la naturaleza,470797
en el siglo,468681
que se refiere,468455
en el fondo,467912
en el interior,466952
a la gente,466607
se trataba de,466549
en la calle,466061
partir de la,465568
de las cosas,465491
la mano de,463693
en que el,461226
de la cama,460859
Por lo tanto,460719
idea de que,458099
se refiere a,457682
el sentido de,457237
En cuanto a,457036
se convirtió en,456596
de mayo de,456001
mayoría de las,455813
de julio de,455620
al otro lado,455585
de una manera,455218
después de que,452654
de junio de,452638
de la información,451825
caso de que,451235
en la cabeza,450033
de un modo,449546
en el sentido,447431
llevar a cabo,446706
para que el,443971
de la calle,443657
de los casos,443096
la luz de,443093
la mano y,441426
para que la,440945
a las personas,440281
de la habitación,439810
lo mismo que,439033
de marzo de,438891
de octubre de,438853
En este sentido,438814
y con la,438625
y no se,437497
con respecto a,434289
de la mesa,434218
la voz de,433407
que había sido,433239
todos los días,432229
Por otro lado,431936
en todo el,430635
la puerta y,430328
en el tiempo,429675
a la casa,429602
en su vida,429022
la oportunidad de,429006
lo que el,427843
en los últimos,427689
Uno de los,427582
en el aire,427500
lo que la,426802
la cantidad de,426737
con la mano,426482
y de su,426161
que se han,425996
de los Estados,425814
primera vez que,425796
de la realidad,425333
no se puede,424982
final de la,424154
lo largo del,423546
de la tarde,423257
con las manos,423075
se acercó a,422902
tal y como,422844
de noviembre de,421828
en la puerta,421719
de abril de,420735
"que , al",420476
la mitad de,420197
lo que te,420060
se encuentra en,418790
la puerta del,418429
y a su,417821
en todas las,417777
verdad es que,417079
de que su,416751
miembros de la,416517
algunos de los,416454
en el proceso,415529
parte de su,414878
"y , a",414174
trata de un,412591
a su madre,411377
no es un,411256
segura de que,410873
de la obra,410238
a partir del,407537
de que las,407329
con la mirada,405790
a su padre,405354
en el año,405265
con los que,404630
y en los,403936
las cosas que,403671
de la ley,402008
la impresión de,401922
como en el,401357
de la cabeza,401202
en uno de,400845
que es un,400674
que no te,398125
que no podía,396881
de la persona,396237
que todos los,396036
de toda la,395120
de febrero de,394534
se convierte en,394364
trata de una,393963
llegar a la,392886
más que un,392745
"embargo , la",392546
encima de la,392201
más de lo,391363
de septiembre de,391218
la construcción de,390775
de la época,390249
través de los,389763
lo que estaba,389459
de vez en,389382
que tenía que,387850
a causa de,387551
el riesgo de,387334
en contra de,387200
y con el,386490
el valor de,386397
por la mañana,384926
que hay que,384686
el interior de,384363
en el mercado,383938
a la de,383367
"embargo , no",382114
En ese momento,382040
la importancia de,381790
una forma de,380775
sobre la mesa,380141
en la medida,379153
una de sus,379045
la obra de,378773
no iba a,378628
de mi vida,377791
por el contrario,376996
de los niños,376226
de la gente,376154
respecto a la,376144
los medios de,375506
La mayoría de,375267
parte de las,374378
por la noche,372905
a la vida,372071
una vez que,371313
de la primera,371054
"y , al",370823
en la historia,370785
de la Unión,369644
en su interior,369289
el día de,368673
así como la,368557
de un hombre,368232
acerca de la,368178
de los cuales,367265
de uno de,367219
a su casa,366939
la esperanza de,366473
en su casa,366381
lo que nos,363169
sobre todo en,363004
la sala de,362835
de la actividad,362829
debido a la,362395
de la cultura,362179
los hijos de,361466
de la política,360941
de todo lo,360739
en la zona,360048
en voz baja,359821
me dijo que,358969
el concepto de,358891
los miembros de,358756
en su caso,358624
de la comunidad,358212
y en las,357732
lo que ha,357505
al final de,357496
que la gente,356632
de Estados Unidos,356159
era lo que,355591
la formación de,354368
el estado de,354147
más de una,353691
que no hay,353644
historia de la,352900
a su hijo,352446
en una de,352235
la realización de,351941
"que , de",351258
en la tierra,351197
el sistema de,351133
de la situación,351120
al día siguiente,351082
teniendo en cuenta,351071
a un hombre,351048
y a las,350841
desarrollo de la,350586
puerta de la,350445
de las dos,349608
un sistema de,349439
desde el punto,349352
otro lado de,349271
encogió de hombros,348995
un montón de,348250
más de un,347132
la aplicación de,346146
es posible que,346115
hasta que se,346069
un hombre que,345904
de una vez,345589
relación con el,345526
como si no,345487
a los niños,345138
no es una,344911
cerca de la,343145
cierto es que,343055
la vida y,342975
a favor de,342923
una de ellas,342667
el principio de,342630
todo el tiempo,341570
en la habitación,340843
la producción de,340701
Lo único que,340696
resto de la,340304
en la actualidad,340134
fuera de la,339807
Una de las,338907
a los hombres,338819
que es una,338653
de la zona,338579
de agosto de,338349
que era un,338108
el nivel de,337624
lo que yo,337593
de su cuerpo,336896
En este caso,336457
por parte del,336055
se va a,336028
la de la,335775
en la boca,335766
un conjunto de,334953
del siglo XX,334765
es que la,334442
para que los,334180
la calidad de,333788
a todo el,333547
"embargo , el",333265
más que una,333035
largo de la,332507
a uno de,332446
medios de comunicación,332278
la cabeza de,331496
en la mesa,329982
el ámbito de,329264
el tiempo que,329200
en el cual,328957
la forma en,327585
es que el,327455
de la iglesia,327317
sensación de que,327171
el resultado de,327076
la Ley de,326376
en el lugar,326336
en voz alta,326160
es uno de,326155
a la vista,325830
la vez que,325618
a todas las,325613
o de la,324874
en el marco,324084
que va a,323811
en la sala,323722
por su parte,323631
de la cocina,323625
a la cama,323612
en el futuro,323605
debajo de la,323595
través de las,321417
de la organización,321265
la imagen de,321132
en los años,321069
a la mujer,320373
En primer lugar,320361
la persona que,320295
todos los que,320176
en contacto con,320023
posibilidad de que,319922
de que lo,319819
el control de,319085
de cada uno,319057
el campo de,318989
de una forma,318248
que en los,317798
relación con la,317525
no puede ser,317459
en el trabajo,317150
de que en,316998
y al cabo,316838
en términos de,315129
algunas de las,315071
por encima del,315069
la pérdida de,315038
se encogió de,314500
de los trabajadores,314246
la intención de,314184
el ejercicio de,314174
forma en que,313250
en primer lugar,313148
no es el,313147
un punto de,313118
cuanto a la,312969
los que no,312621
del siglo XIX,311929
como si se,310678
centro de la,310437
los derechos de,310162
con la misma,310129
la libertad de,309924
el poder de,308961
en la cara,308509
a los dos,307601
de los más,307568
que no tenía,307537
a la mesa,307106
en la cocina,306417
a largo plazo,305982
de la Administración,305859
No lo sé,304977
después de haber,304719
por debajo de,304217
todo el día,304185
que se puede,303860
y en su,303769
que se trata,303467
a la calle,303252
a ver a,303150
de las manos,303084
en la primera,302756
que en su,302725
los últimos años,302607
en Estados Unidos,302535
de la Constitución,302189
de la educación,301834
a la ciudad,301682
no se había,301492
no se ha,301285
todo tipo de,300824
de las relaciones,300621
en un momento,300252
en el capítulo,299921
"y , como",299678
Por su parte,298741
la relación entre,298083
de los países,297943
de los recursos,297904
le había dicho,297766
lo que está,297687
los procesos de,297642
de los mismos,297336
la fuerza de,297104
de la economía,296663
derecho a la,296650
a las mujeres,296536
y que la,296512
de este tipo,296415
"embargo , en",296325
algo que no,296157
a la altura,296111
es capaz de,295861
las palabras de,295709
en los ojos,295322
en el camino,294906
vez que se,294694
que el hombre,294572
al cabo de,294512
la de los,294451
la aparición de,294389
pesar de la,294320
a sí misma,293476
en aquel momento,293403
por un lado,293265
que acababa de,293220
el marco de,292878
en casa de,292665
en la oscuridad,292548
que se les,292160
y se lo,291918
en el país,291721
por lo general,291530
la medida en,290824
con las que,290548
y por la,290258
que a la,289902
de la región,289795
de sí mismo,289524
"él , y",289430
de la sala,289355
de este libro,288968
el resto del,288894
ninguno de los,288521
debido a que,287945
no se le,287925
a modo de,287875
el camino de,287848
el estudio de,287717
con el tiempo,287626
medida en que,287427
"y , de",287288
una parte de,287176
el cuerpo de,286447
de la acción,286217
todas las cosas,285622
De este modo,285292
el mundo de,284593
caso de la,284372
un hombre de,284199
y empezó a,284126
de un lado,284053
un proceso de,284039
"y , con",283883
dentro de un,283650
interior de la,283538
es el que,283083
impresión de que,283074
que se habían,282865
día en que,282778
dentro de los,282712
abrió la puerta,282246
fin de semana,282189
de la libertad,281560
si no se,281262
que se me,281045
el objetivo de,280226
como en la,279918
lo que él,279887
en el primer,279692
el conjunto de,279574
pero no se,279518
la ausencia de,279186
de su casa,279143
Una vez que,278254
de la enfermedad,278150
que se encuentra,278055
el derecho de,277781
es la que,277511
"que , con",277420
de la existencia,277398
de la escuela,277280
tiene que ver,277196
el tiempo de,276999
"y , sobre",276907
es una de,276672
Por el contrario,276431
los efectos de,276284
en mi vida,276257
las condiciones de,276030
que era una,275633
de la ciencia,275611
y por eso,275442
lo que en,275313
a mi lado,275054
que yo no,274855
que ha sido,274735
los seres humanos,274728
y que el,274692
como el de,274416
fin y al,273972
en la práctica,273822
en manos de,273811
"ejemplo , en",273512
que se lo,273343
la zona de,273303
de mi padre,273228
"y , sin",272947
detrás de la,272894
la situación de,272722
Por lo que,272580
nada que ver,272332
en el pasado,271892
estaba a punto,271782
la llegada de,271773
la cama y,271732
el deseo de,271451
toda la vida,271361
otra cosa que,271221
de que me,270759
el derecho a,270678
el trabajo de,270609
en el pecho,270536
la parte de,270522
de su propia,270489
En cualquier caso,270080
de los elementos,268880
por la puerta,268547
de la salud,268526
en un lugar,268331
como si estuviera,268306
la cual se,268243
de una persona,268200
lo que más,268175
darse cuenta de,267771
de los servicios,267214
la Unión Europea,267128
no es la,267051
en la sociedad,267037
consciente de que,266922
al que se,266796
por todo el,266444
el grado de,266190
de más de,265956
me di cuenta,265885
en el desarrollo,265857
es más que,265744
y sobre todo,265357
que me había,265253
dos o tres,264630
el papel de,264493
a una mujer,264469
razón por la,264451
No creo que,264282
de la verdad,264087
las manos en,263893
la búsqueda de,263802
así como el,263465
y la de,263439
lo que era,263078
en el cielo,262824
a sus hijos,262774
iba a ser,262570
de la palabra,262369
primera vez en,262075
de la producción,262040
de la clase,261571
la manera de,261375
de la cual,261223
a la cabeza,260748
y el de,260500
en que los,260270
de volver a,260177
desde el principio,259902
gracias a la,259716
De modo que,259652
al ver que,259181
y de sus,259049
las manos y,258981
la toma de,258756
dio la vuelta,258616
a mí me,258041
luz de la,258019
se dirigió a,257921
de los medios,257708
a la persona,257526
que había en,257446
el caso del,257203
la que el,257142
se puso a,256966
momento de la,256781
gran parte de,256541
se puso en,256479
de la relación,256173
a menos que,256162
por otra parte,255917
y por lo,255621
ir a la,255493
de la humanidad,255232
La verdad es,255186
la altura de,255070
por ciento de,255057
el tema de,254847
va a ser,254845
en el contexto,254643
que era el,254627
la ayuda de,254607
de una de,253904
de forma que,253693
la teoría de,253573
la luz del,253470
los resultados de,253374
de los otros,253316
de la lengua,252924
de los pacientes,252860
le dio un,252664
que estaba en,252624
de los datos,252489
estaba en el,252051
de la década,251795
de las empresas,251239
es el de,251149
en este momento,251118
en todo caso,251042
como la de,250775
de una mujer,250253
hoy en día,250145
que está en,250109
no creo que,249850
allá de la,249626
qué es lo,249521
a la derecha,249368
como consecuencia de,249135
la mirada de,248714
uso de la,248528
en el sistema,248437
por un momento,248151
de los primeros,247949
de su hijo,247919
lo que hace,247835
se basa en,247815
uno de esos,247777
la atención de,247770
en sus ojos,247350
la voluntad de,247348
de nuevo en,247172
y volvió a,247160
por todas partes,246818
la misma manera,246659
hacer lo que,246531
en la cual,246513
la gente que,246442
el rostro de,246377
el cual se,246310
de alguna manera,246218
resto de los,245991
lo que a,245908
y por el,245905
de ser un,245747
no se lo,245466
y comenzó a,245450
que no puede,245350
la que no,245247
mitad de la,245222
por la ventana,244833
Al igual que,244778
di cuenta de,244551
que a su,244498
las necesidades de,244413
ya que la,244377
de la luz,244367
en el corazón,244122
en el agua,244070
ya que el,243758
la madre de,243746
la expresión de,243629
No te preocupes,243128
en tanto que,243023
o en el,242821
de la investigación,242719
"y , cuando",242482
Antes de que,242421
y después de,242176
de la forma,242018
Al día siguiente,241982
sobre lo que,241648
lo dispuesto en,241161
aumento de la,240891
la mano en,240789
el que la,240749
en el bolsillo,240710
en la Universidad,240461
en el espacio,240386
estaba en la,240228
a su hija,240095
que no tiene,240091
a cambio de,240010
la mesa de,239932
que ni siquiera,239841
de esta manera,239766
con los brazos,239650
la entrada de,239616
se encuentran en,239569
en la mayoría,239499
hacia la puerta,239483
un tipo de,239371
través de un,239244
la noche anterior,239127
convencido de que,239109
en la forma,239046
causa de la,239013
se volvió hacia,238826
años de edad,238769
está en el,238677
"que , aunque",238230
de las cuales,237908
a que el,237865
que había hecho,237542
y le dijo,237381
de la experiencia,237268
el lugar de,237122
de los hechos,236943
que todo el,236865
en su lugar,236680
mientras que el,236344
"ejemplo , la",236278
se le había,236263
que la mayoría,235984
en la región,235914
la dirección de,235746
que la vida,235449
al servicio de,235321
caso de los,235107
sin dejar de,234974
el fondo de,234867
"que , sin",234351
sino que se,234301
a la izquierda,234211
"ejemplo , el",234115
a diferencia de,233486
a la misma,233358
la vista de,233138
hombres y mujeres,233094
era capaz de,233094
le dijo que,233040
de que había,233027
para el desarrollo,232967
de sus padres,232866
a que la,232658
De esta manera,232419
le dijo a,232318
en toda la,232264
de los hijos,231872
y se la,231728
la obligación de,231692
de este modo,231419
en el sofá,231325
"que , según",231312
que no son,231224
otro lado del,231175
del proceso de,230675
algo más que,230374
acuerdo con la,230319
"que , cuando",230143
negó con la,230103
si es que,230005
eso es lo,229948
un gesto de,229946
era un hombre,229822
millones de dólares,229759
de nuevo a,229663
en la escuela,229566
en la pared,229485
a mi madre,229239
la naturaleza de,229225
"ella , y",229091
a su hermano,229055
en cualquier momento,228942
de los pueblos,228776
la vida en,228543
"y , si",228437
de las partes,228271
toda la noche,228204
en dirección a,227983
alrededor de la,227769
a la muerte,227497
de la propia,227254
muchos de los,227093
de los grandes,227085
el cumplimiento de,227013
los niveles de,226900
la línea de,226657
y con un,226482
que a veces,226346
de mi madre,225883
el día en,225837
en virtud de,225765
es algo que,225418
y se puso,225347
los de la,225291
algún tipo de,224856
entre los dos,224581
en las manos,224425
frunció el ceño,224291
para ir a,224054
hasta el punto,224006
de los bienes,223906
que había estado,223834
Al cabo de,223678
de la Comisión,223563
el corazón de,223271
el análisis de,223026
la mesa y,223015
los derechos humanos,222983
salir de la,222817
frente a los,222619
la mañana siguiente,222501
pero no lo,222256
de la Tierra,222175
lo que los,221789
a la cocina,221698
y de que,221663
que se encuentran,221661
de los tres,221659
Todo lo que,221414
a mi padre,221362
ya que no,221201
la historia del,221044
De acuerdo con,220987
A medida que,220954
es el caso,220822
última vez que,220685
la decisión de,220368
es la de,220336
que en las,220142
para llegar a,219940
"decir , que",219819
la última vez,219726
mismo tiempo que,219679
más allá del,219659
una de esas,219606
través de una,219544
o en la,219512
que se encontraba,219489
hasta que el,219330
que las personas,219188
la cara de,219106
gran cantidad de,218989
quiere decir que,218839
la protección de,218807
duda de que,218667
de las mismas,218360
que lo había,218296
cerró los ojos,218158
el hombre que,217865
de las actividades,217698
que las cosas,217635
la causa de,217633
y no me,217567
la fecha de,217536
de la literatura,217303
no va a,217230
lugar en el,216725
se sentó en,216662
de la música,216618
En todo caso,216494
Y por qué,216362
A lo mejor,216166
que en realidad,216120
había convertido en,216001
el final de,215587
que tal vez,215508
se echó a,215456
se había convertido,215399
sentido de la,215377
los días de,215373
que hay en,214998
de que era,214644
El hecho de,214510
con los demás,214258
de llegar a,214151
en medio del,214005
de la nueva,213908
el que el,213826
los casos de,213627
lo que les,213493
a la familia,213435
que no sea,213391
de los padres,213322
en el seno,213289
por todos los,213149
No sé si,212813
que se trataba,212535
en el cuerpo,212336
en sí mismo,212241
a casa de,212179
que no estaba,212044
parte de un,211770
así como de,211757
que su padre,211579
ha de ser,211368
el de los,211166
ha dicho que,211150
está en la,211093
dado cuenta de,210993
la acción de,210847
los servicios de,210809
hasta llegar a,210626
de Buenos Aires,210534
momento en el,210457
que todas las,210364
Por supuesto que,210300
a los otros,210277
la mujer que,210136
hora de la,210117
se debe a,209908
a una persona,209832
poco más de,209790
que el de,209721
y todos los,209612
la que había,209210
de la justicia,209180
con el mismo,209115
la condición de,209112
función de la,209011
mientras que la,208823
de los miembros,208684
de lo más,208570
el contenido de,208467
la ley de,208367
acuerdo con el,208367
el propósito de,208338
es cierto que,208080
A lo largo,207928
al final del,207758
en el último,207698
y con una,207542
la gestión de,207032
Es posible que,207021
y se le,207006
en los casos,206892
acceso a la,206606
o a la,206565
Eso es lo,206561
de que él,206539
la lista de,206521
un estado de,206486
que me ha,206477
que él no,206410
lo mucho que,206259
a los de,206256
y se dirigió,205982
los sistemas de,205856
Al mismo tiempo,205736
y a sus,205726
ámbito de la,205428
alguno de los,205353
la utilización de,205315
el tratamiento de,205179
de que le,205098
de los ojos,205081
que es lo,205062
de la parte,204879
el problema de,204770
de tal manera,204740
con todos los,204737
del sistema de,204503
nombre de la,204499
por el camino,204453
que la de,204313
torno a la,204217
modo en que,204141
control de la,204136
En caso de,204053
que era la,203926
de la piel,203641
"decir , la",203576
de la madre,203573
la información que,203558
la función de,203549
toma de decisiones,203463
ver con la,203395
los hombres de,203321
de un año,203302
no ha sido,203126
y por tanto,203052
y luego se,202961
de la línea,202662
no es más,202545
de sus hijos,202461
de la ventana,202419
lo había hecho,202402
todos los demás,202301
pesar de su,202124
de los procesos,202004
de sus ojos,201828
en el salón,201470
en los términos,201371
partir de los,201133
borde de la,201094
se encontraba en,201042
el amor de,200899
no es posible,200895
en los labios,200742
el acceso a,200543
la tasa de,200210
de la fuerza,200209
y a veces,200206
que voy a,200084
las manos de,199982
nada más que,199980
que los hombres,199900
lo que ella,199735
en la época,199644
de la isla,199629
en torno al,199377
"que , para",199296
sacudió la cabeza,199178
Todo el mundo,199157
de un sistema,199017
lo que sea,198983
entre los que,198814
en sus manos,198811
que no la,198630
y con los,198560
mano en el,198550
la casa y,198541
con que se,198362
de su hermano,198263
"años , y",198117
lo que quería,197995
de la pared,197911
"tanto , la",197890
para que me,197884
el gobierno de,197723
le había dado,197624
de Nueva York,197549
teoría de la,197415
el que no,197317
más que el,197290
la punta de,197228
en este sentido,197183
del mismo modo,197180
a la realidad,197128
delante de la,197012
en algún momento,196987
más que la,196954
de otro modo,196937
la parte superior,196845
había dicho que,196839
por la tarde,196792
en el apartado,196719
no es así,196535
hasta que la,196523
manera en que,196386
el padre de,196247
que tiene que,196243
el paso de,196135
de su familia,195981
a lo mejor,195857
de otra manera,195640
que había visto,195565
no hay nada,195560
entrar en la,195205
por otro lado,194578
que puede ser,194566
de la cara,194534
la habitación de,194521
de la violencia,193904
no era un,193872
a cada uno,193862
la participación de,193814
el peso de,193808
con un gesto,193648
toda su vida,193482
en comparación con,193309
Cada vez que,193195
que los demás,193166
el ser humano,193153
la época de,193112
entrar en el,193098
para todos los,193087
para que lo,193068
en cuenta la,193009
no sé si,192932
ya no se,192852
la familia de,192735
no era el,192668
a cargo de,192595
de que estaba,192529
es lo mismo,192364
la manera en,192360
y se quedó,192260
de los problemas,192189
una mujer que,192129
presidente de la,192040
no voy a,191718
día de la,191280
que a los,191132
había llegado a,191109
cuenta de lo,190989
largo de los,190899
ese tipo de,190815
es que se,190687
no sé qué,190616
pesar de todo,190595
la provincia de,190425
los pacientes con,190361
esperanza de que,190304
en el hombro,190259
más de la,190186
así como los,190173
de las palabras,190171
la cabeza en,190101
después de un,190013
en gran medida,190002
como si la,189962
resultado de la,189906
punto de partida,189861
de los productos,189841
el libro de,189745
en algunos casos,189712
lo que hay,189647
de pensar en,189411
de vista de,189390
dentro de una,189368
fin de que,189244
salió de la,189107
el grupo de,188952
y que en,188905
de que ella,188862
en el hospital,188785
su relación con,188563
el objeto de,188486
de la fe,188409
la experiencia de,188343
de ella y,188246
de la memoria,188123
se puso de,188074
las características de,188071
por las que,187967
de esta obra,187904
a base de,187879
los que la,187865
de Dios y,187862
las formas de,187830
es mucho más,187370
de las más,187370
de personas que,187217
a la cara,187179
de la imagen,186904
A través de,186879
por el hecho,186875
las puertas de,186870
en condiciones de,186849
que no nos,186683
la verdad es,186654
"no , no",186510
para evitar que,186383
son los que,186336
la administración de,186212
de los ciudadanos,186184
en el rostro,186169
los miembros del,186038
la relación de,185862
de esa manera,185850
o al menos,185661
de la función,185541
después de todo,185530
de la otra,185521
que tenía en,185515
el nombre del,185472
el interior del,185448
En otras palabras,185430
a tener que,185377
de los sistemas,185318
se ha convertido,185251
que todo lo,185132
de acuerdo a,185085
la seguridad de,184839
de la segunda,184706
de la semana,184597
los problemas de,184560
de los grupos,184494
A mí me,184464
el curso de,184430
de la teoría,184152
la posición de,184052
que se hace,184027
refiere a la,183943
En lugar de,183862
"caso , la",183811
que en un,183704
a finales de,183672
de él y,183663
en el libro,183541
la conclusión de,183519
de la compañía,183456
la elaboración de,183376
la ciudad y,183238
en el sector,183166
la perspectiva de,183087
y le dio,182924
la clase de,182895
las obras de,182795
así que no,182730
en el otro,182710
década de los,182581
llegar a ser,181948
general de la,181782
en los países,181777
lo cierto es,181704
la evolución de,181655
de la mente,181598
de las acciones,181527
miembro de la,181463
y se sentó,181444
se limitó a,181422
consecuencia de la,181393
por la calle,181275
con la esperanza,181267
el origen de,181168
que el mundo,181155
un lado a,181114
de trabajo y,181112
en la segunda,180963
y a mí,180897
De todos modos,180892
el día que,180842
estudio de la,180717
en todo momento,180527
se dio la,180357
el título de,180287
en un mundo,180177
de un grupo,180164
"Sí , pero",180088
la diferencia entre,180016
de ir a,180004
los cuales se,179998
"y , además",179854
se iba a,179843
a la entrada,179804
no había sido,179679
de la razón,179552
en el pueblo,179523
ha convertido en,179504
sin necesidad de,179286
lo primero que,179226
para que le,179181
base de datos,179036
que ya se,179020
por toda la,178680
"y , aunque",178597
hasta el momento,178595
la práctica de,178565
de la comunicación,178482
con el nombre,178325
De esta forma,178321
que ella no,178293
de los árboles,178144
la gente de,178088
que las mujeres,178038
echó a reír,178034
que le habían,178009
si no lo,177995
en que no,177948
que no ha,177848
me parece que,177839
Y es que,177804
en el asiento,177796
"vida , y",177767
Después de todo,177347
la figura de,177340
a alguien que,177240
del Consejo de,177226
cabo de un,177220
en la espalda,177088
puso en pie,176919
las relaciones entre,176879
Qué es lo,176839
de la entrada,176754
lo que he,176718
llegó a la,176668
finales del siglo,176659
los nombres de,176655
de una nueva,176625
el tiempo y,176424
en el coche,176384
con el objetivo,176306
de la administración,176231
en la noche,176211
"tanto , el",176195
la que la,176175
una persona que,176129
no es lo,176127
"decir , el",176057
que había pasado,175877
"él , pero",175726
el lugar donde,175588
si fuera un,175493
en el estudio,175388
el contexto de,175295
entró en la,175188
la ejecución de,175146
la vuelta y,175108
de la policía,175058
buena parte de,174947
a la ventana,174928
el modo de,174886
"es , en",174591
tal manera que,174572
a la escuela,174554
de su propio,174534
de todos modos,174523
día a día,174518
como si fueran,174488
después de su,174479
en el presente,174442
que en este,174381
que la había,174287
de la nación,174278
con la ayuda,174241
tema de la,174222
a la otra,174178
a la conclusión,174146
de un nuevo,174102
las Naciones Unidas,173986
dentro de las,173896
a la sociedad,173887
a pensar que,173686
el centro del,173675
en nombre de,173580
de algún modo,173451
del ser humano,173288
de las instituciones,173256
relación con los,173241
y los que,173097
de la siguiente,173095
un momento en,172845
mucho más que,172823
más y más,172709
que uno de,172648
de la Comunidad,172528
"parte , la",172457
con la intención,172449
a la policía,172321
"caso , el",172275
de la crisis,172244
a los pies,172205
de ser una,172178
de la boca,172139
pero no me,172104
En la actualidad,172095
valor de la,172003
relacionados con la,171930
el sonido de,171766
el suelo y,171698
asegurarse de que,171506
es que los,171398
el cambio de,171389
de conformidad con,171264
se había quedado,171164
a una de,171130
lado a otro,171126
un momento de,170689
había sido un,170566
de la Revolución,170433
al menos en,170379
de la provincia,170330
de la estructura,170286
de las obras,170284
de su hija,170237
a él y,170124
ni idea de,170048
trataba de un,170043
a ser un,169888
a su hermana,169869
a toda la,169768
de las condiciones,169708
la estructura de,169645
al margen de,169559
los habitantes de,169539
los hombres que,169531
en una situación,169524
así como las,169507
de la filosofía,169309
en el plano,169284
de los resultados,169254
miró a su,169236
los ojos en,169219
en los primeros,169206
de las grandes,169191
de la democracia,169073
como si el,168935
de la conciencia,168845
la boca y,168819
que su madre,168789
un buen rato,168553
no se trata,168495
en la década,168488
en el ejercicio,168472
por los que,168465
las actividades de,168366
con los dedos,168310
hasta el final,168214
de los principales,168089
mientras que en,167984
que ha de,167927
a toda prisa,167921
los intereses de,167653
que aún no,167536
y se había,167512
que ella se,167504
la cuenta de,167159
casi todos los,167080
de la industria,167056
durante todo el,167052
había vuelto a,166843
"parte , el",166816
era más que,166637
de las fuerzas,166600
lo que tenía,166553
el único que,166345
en la silla,166278
sobre la base,166266
la guerra de,166197
"o , en",166126
medio de un,166090
de las normas,166054
de la luna,166052
Después de la,166042
es el único,166011
su padre y,166010
respecto a los,166005
más remedio que,165990
se levantó y,165975
convertido en un,165946
que se pueden,165806
que a mí,165733
en Nueva York,165608
tiene que ser,165571
en el mar,165552
y todo lo,165470
el seno de,165306
ver con el,165270
un trozo de,165261
"que , además",165247
de la calidad,165172
de los últimos,165142
en la cárcel,165120
las personas con,165082
no era una,165058
se refiere el,165023
a la primera,164876
junto a su,164821
al pie de,164813
y que los,164810
y el otro,164778
para llevar a,164740
y yo no,164718
en relación a,164678
de que un,164639
dentro de su,164609
la vida del,164543
favor de la,164527
el inicio de,164505
así como en,164328
he dicho que,164282
de la sangre,164277
en América Latina,164271
el modelo de,164250
de ese modo,164051
años más tarde,164031
en el estómago,163966
Por un lado,163953
los límites de,163951
a más de,163865
una mezcla de,163853
de los días,163846
toda clase de,163769
parte de una,163701
medio de una,163638
las posibilidades de,163574
a su marido,163510
como si hubiera,163440
es necesario que,163322
del resto de,163231
los datos de,163172
como por ejemplo,163127
frente a las,163007
para lo que,162986
mundo de la,162930
con base en,162927
para ver si,162850
la distribución de,162837
lo más importante,162812
que ir a,162790
por las calles,162776
de la señora,162746
se trate de,162699
ya que se,162637
que cada uno,162616
le había hecho,162243
decir que no,162196
después de una,162128
en la guerra,162094
que si no,162066
la noción de,161831
otro tipo de,161542
pero no es,161517
a su familia,161514
conclusión de que,161512
que un día,161500
en función del,161388
la mano a,161384
de la gran,161367
en la garganta,161257
la actividad de,161042
lo que respecta,160908
como parte de,160890
no podía ser,160877
de la base,160809
mientras que los,160788
lo que puede,160707
que los niños,160681
de la mayoría,160665
la vida que,160653
de su marido,160630
es la única,160583
de la creación,160497
a su mujer,160396
en la base,160373
la influencia de,160317
el conocimiento de,160264
que había tenido,160157
el otro lado,160129
y el resto,160098
Este tipo de,159861
de las ideas,159642
de las Naciones,159457
hizo un gesto,159413
cuenta de la,159402
caso de las,159399
del tipo de,159362
de la manera,159335
a pensar en,159243
en sus brazos,159090
del estado de,159066
los principios de,159045
no le había,159030
el paso del,159026
de que yo,158909
igual que el,158852
en el segundo,158843
con toda la,158799
de la voluntad,158763
la edad de,158761
lo mejor que,158712
en la figura,158637
la cuestión de,158605
sé por qué,158602
con la boca,158595
a lo lejos,158539
base de la,158413
y ya no,158401
al resto de,158393
en la obra,158311
de la red,158238
En segundo lugar,158211
efectos de la,158204
y en un,158189
para volver a,158107
mitad del siglo,157984
gran número de,157806
su madre y,157794
problema de la,157769
la tierra de,157609
en lo más,157526
de que es,157494
alguna de las,157409
que él se,157369
No es que,157334
de la novela,157318
calidad de vida,157090
al lado del,157055
con el resto,157043
la cara y,157012
a la habitación,156964
Se trataba de,156950
a no ser,156919
tiempo que se,156916
contra la pared,156863
siempre y cuando,156799
tanto en el,156791
de los dedos,156772
ya se había,156743
la defensa de,156742
que no quería,156729
de que te,156646
A diferencia de,156573
en su mente,156560
miró a los,156538
sino que también,156448
del Estado de,156423
que han sido,156340
de cada una,156325
la cabeza para,156214
se ha de,156143
la responsabilidad de,156136
No voy a,156011
en la frente,155967
la política de,155844
y de un,155829
mano de obra,155819
abrió los ojos,155772
a pesar del,155735
se supone que,155731
los niños y,155648
la cabeza hacia,155624
que se está,155603
en el área,155519
de la Junta,155515
el efecto de,155487
Historia de la,155276
pero que no,155195
el consumo de,155158
de los valores,155151
Estados Unidos y,155080
por la cual,155045
no dejaba de,154970
que no tienen,154963
la tierra y,154927
no era la,154808
mayor parte del,154700
en la mejilla,154634
de la tienda,154627
todo lo demás,154617
por sí mismo,154528
de la silla,154409
a la mañana,154305
estado de ánimo,154250
o lo que,154180
de su muerte,154159
por el momento,154153
cuarto de baño,154128
en el piso,154115
a su esposa,154082
de la capacidad,153990
el mes de,153979
me voy a,153856
la que le,153833
idea de la,153792
la Seguridad Social,153785
Poco a poco,153652
pesar de las,153589
en favor de,153539
se lo había,153532
del Ministerio de,153433
sobre el tema,153297
en su rostro,153227
a sus padres,153207
todos los hombres,153123
había ido a,153118
forma parte de,153063
no me lo,153057
lo que significa,152989
nada de lo,152888
por mucho que,152812
más de dos,152699
formar parte de,152679
puso de pie,152624
se fue a,152565
a cabo en,152498
la totalidad de,152342
Es lo que,152287
lugar de la,152266
de la revolución,152196
los pies de,152129
Es cierto que,152117
el desarrollo del,152008
en el extranjero,151987
en que las,151926
trataba de una,151908
No sé qué,151848
en la empresa,151782
por el cual,151667
la suma de,151590
el aumento de,151468
las relaciones de,151467
a ver si,151318
las que no,151318
en los Estados,151283
la realidad de,151221
ya se ha,151171
y yo nos,151126
y de una,151031
con todas las,150917
para que las,150879
sabía que no,150870
todas las personas,150869
a un grupo,150851
estuvo a punto,150758
vista de la,150753
campo de la,150704
de que todo,150703
no quería que,150685
de las leyes,150620
de vida de,150444
en este mundo,150384
el significado de,150376
en la Ley,150371
la cabeza con,150225
vez que la,150212
"ella , pero",150121
de las primeras,150079
que van a,149993
el precio de,149900
su capacidad de,149872
junto con el,149862
es probable que,149854
la tarea de,149823
en el cuarto,149815
ninguna de las,149812
en el espejo,149782
a corto plazo,149567
de la propiedad,149551
en el punto,149523
se apresuró a,149471
ya no es,149354
inicio de la,149350
se caracteriza por,149350
principio de la,149322
Esta es la,149316
y se fue,149274
para ayudar a,149224
el mundo se,149206
de los libros,149199
paso del tiempo,149194
los brazos y,149123
de los siglos,148954
el apoyo de,148897
no dijo nada,148826
una manera de,148815
que se llama,148809
la superficie de,148784
ejercicio de la,148718
que no está,148708
en lo alto,148690
que estaba a,148646
estilo de vida,148516
en la mente,148460
dijo que no,148344
que después de,148246
de los tiempos,148229
la orden de,148214
de lo contrario,148172
la mano para,148149
de una hora,148116
el modo en,148112
lleva a cabo,148000
no significa que,147960
sin perjuicio de,147874
la sombra de,147800
en cierto modo,147732
de las tres,147636
estaba seguro de,147522
en muchos casos,147490
que tener en,147472
llegado el momento,147445
que se haya,147441
en la iglesia,147433
y si no,147421
cerró la puerta,147343
las consecuencias de,147157
en la dirección,147104
"sí , pero",147062
que el que,147040
con el mundo,147027
con respecto al,146896
como para que,146851
dispuesto en el,146772
la definición de,146771
de un proceso,146757
fue lo que,146704
General de la,146693
a la perfección,146672
a la señora,146656
De ahí que,146509
que se va,146492
vida de los,146467
un programa de,146460
a su amigo,146361
en el exterior,146344
y no lo,146295
de la de,146294
entre otras cosas,146271
un lado y,146267
por más que,146261
importancia de la,146152
en un tono,146084
que se trate,146044
la mitad del,146035
acercó a la,145982
que una vez,145864
asintió con la,145852
de haber sido,145791
en la otra,145761
Este es el,145760
a las dos,145724
los libros de,145706
la isla de,145622
estaba segura de,145621
de los estudiantes,145607
una sensación de,145589
con todas sus,145540
los que el,145505
en cuenta el,145500
a la espera,145493
de una gran,145461
y por qué,145406
claro que no,145370
de la plaza,145354
la medida de,145289
del siglo XVIII,145184
y me dijo,145126
Lo cierto es,145077
con un hombre,145018
no pudo evitar,144970
la noche en,144938
que vamos a,144869
no hay que,144809
en el de,144783
se ha hecho,144703
a toda velocidad,144660
lo alto de,144634
no deja de,144594
de tu vida,144588
en el patio,144575
Una vez más,144572
que es más,144547
en todas partes,144523
como el que,144511
y al mismo,144510
de la Federación,144486
el que los,144441
el primero en,144414
se había ido,144399
que en ese,144372
con la de,144333
a ella y,144258
su forma de,144112
al borde de,144088
de vuelta a,143927
en sí misma,143902
entre sus brazos,143900
y cada uno,143887
que no puedo,143886
en la cuenta,143874
la elección de,143782
marco de la,143748
de las ciudades,143701
que se nos,143652
de la costa,143454
desarrollo de las,143429
los hombres y,143426
que los dos,143422
que un hombre,143276
en un estado,143255
las palabras que,143213
puntos de vista,143166
análisis de la,143118
por el otro,143095
el establecimiento de,143079
"bien , pero",143079
"Además , la",143059
Al fin y,142909
en el jardín,142906
la mujer de,142854
muerte de su,142852
aplicación de la,142835
no tiene nada,142794
de una serie,142788
la muerte del,142769
el que había,142723
con una mano,142720
la que los,142619
través de su,142615
en el cuello,142554
en toda su,142535
suficiente como para,142529
hay que tener,142464
de la religión,142423
en la universidad,142383
cuál es el,142334
muchas de las,142318
todo el cuerpo,142313
el borde de,142008
los tipos de,141913
de los alumnos,141790
como si le,141776
la finalidad de,141746
una lista de,141704
"embargo , los",141696
no es tan,141680
las mujeres que,141528
que se debe,141442
en la plaza,141377
a ser el,141364
su vida y,141322
a la población,141237
casa de la,141183
la unidad de,141182
la mente de,141174
una botella de,141153
lo que ya,141144
en su conjunto,141108
en el texto,141043
por la cabeza,141025
de los pies,141006
la que me,140872
las cosas de,140711
en realidad no,140672
saber lo que,140671
que con el,140666
estaba dispuesto a,140533
a que los,140480
no es de,140421
el plazo de,140369
cualquier tipo de,140359
de esta forma,140314
de la unidad,140305
más que a,140299
como en los,140299
"tanto , no",140242
a la iglesia,140217
la de un,140143
a la sala,140127
de las políticas,140112
los padres de,139989
a hablar con,139964
mismo modo que,139921
el movimiento de,139906
la población de,139904
y ella se,139900
ningún tipo de,139898
volver a la,139832
en mi casa,139752
a las necesidades,139737
de su corazón,139698
el siglo XIX,139669
que la persona,139510
por delante de,139509
que no fuera,139452
de su hermana,139436
de las formas,139421
cosas que no,139331
las calles de,139253
La idea de,139239
camino de la,139217
más importante de,139207
y la otra,139153
a decir que,139152
referencia a la,139102
entró en el,139080
de la materia,139065
de una sociedad,139041
la Edad Media,138961
son capaces de,138911
junto a él,138900
en todo lo,138899
a la tierra,138867
la noche y,138865
en las relaciones,138833
a ir a,138718
y se acercó,138678
debido a su,138635
de todo tipo,138538
se encontró con,138533
fondo de la,138511
para los que,138498
a la parte,138488
y no le,138402
al fin y,138359
No se trata,138332
los grupos de,138251
con todo el,138175
pese a que,138170
el jefe de,138165
de nuevo la,138127
de un salto,138005
todo lo posible,137944
la Ciudad de,137925
la vida cotidiana,137868
con la idea,137684
junto con la,137636
que se produce,137582
de los animales,137576
y sin embargo,137553
la mano derecha,137522
"Además , el",137347
"que , desde",137344
caso es que,137338
igual que en,137335
En cuanto al,137254
hasta qué punto,137176
de la competencia,137160
"embargo , se",137146
Del mismo modo,137133
le dije que,137110
la velocidad de,137055
Me parece que,137051
un total de,137002
había dado cuenta,136977
existencia de un,136925
los restos de,136878
de la Nación,136852
a la niña,136812
durante mucho tiempo,136755
no ser que,136751
con él y,136718
a la idea,136673
la organización de,136648
el recuerdo de,136630
o de los,136601
una suerte de,136564
se dice que,136562
en pacientes con,136540
que el niño,136535
ya que en,136528
sobre el que,136505
"casa , y",136485
que no sabía,136481
de que sus,136417
de la necesidad,136398
por falta de,136392
y que le,136153
eso lo que,136117
era uno de,136084
no lo es,136071
la boca de,136053
que se estaba,136028
igual que la,136026
lo cual se,136005
en su propia,135954
de la capital,135953
un vaso de,135946
el mundo y,135847
que él había,135786
sabía lo que,135771
de los objetivos,135766
una mano en,135761
la razón por,135738
los países de,135724
un acto de,135689
y miró a,135633
la misma forma,135598
como se ha,135572
que los que,135470
el área de,135448
en cada uno,135407
la sangre de,135337
en presencia de,135336
el hijo de,135266
estoy seguro de,135266
en el medio,135247
los valores de,135116
la cocina y,135074
de entrar en,135024
de las autoridades,135018
de la universidad,135013
la segunda mitad,134894
puede llegar a,134844
Ciudad de México,134792
lo que ocurre,134789
de arriba abajo,134784
por el pasillo,134764
de las características,134763
en compañía de,134741
el cuarto de,134737
las leyes de,134659
la razón de,134658
de vida y,134641
"Y , por",134579
un modelo de,134534
de sí misma,134453
a la boca,134450
sin que se,134439
en su mayoría,134398
de la presencia,134284
pero eso no,134254
el reconocimiento de,134232
que iban a,134225
"Ah , sí",134138
"Dios , y",134103
en su momento,134023
la Facultad de,134003
me ha dicho,133896
en más de,133766
de las células,133759
no tenía nada,133734
ha sido un,133698
de la mitad,133684
uno de estos,133659
que la mujer,133657
de la seguridad,133639
en la playa,133573
por lo cual,133560
Yo creo que,133522
de la superficie,133515
se convierten en,133483
que había que,133452
"tiempo , y",133446
la piel de,133420
a principios de,133292
Por primera vez,133269
tres o cuatro,133223
en el estado,133181
por medio del,133174
los programas de,133167
sé lo que,133148
de la construcción,133118
conocimiento de la,132997
y no en,132890
de los individuos,132874
Pero ¿ qué,132761
con el dedo,132761
de los estudios,132737
"lado , la",132711
en el grupo,132605
la hija de,132588
en la construcción,132565
un vistazo a,132475
de ser el,132433
el Ministerio de,132399
que el tiempo,132381
que me lo,132378
de la responsabilidad,132336
lo que dice,132266
amor de Dios,132265
también en el,132195
más que en,132188
con cara de,132187
convertido en una,132152
como los de,132044
en cuanto al,131972
que ya había,131948
por una parte,131943
de tal modo,131896
acerca de los,131793
que están en,131792
por el mismo,131788
a la semana,131762
la salud de,131740
se refiere al,131709
tono de voz,131685
de acuerdo en,131544
la Secretaría de,131449
En lo que,131415
que él mismo,131394
pero no podía,131385
que se la,131346
de los seres,131325
todo aquello que,131273
de su mano,131271
las redes sociales,131268
que el resto,131210
como es el,131193
de que una,131110
vale la pena,130968
el reino de,130928
en la oficina,130798
y con las,130792
había visto en,130715
la salida de,130674
de su boca,130636
imagen de la,130604
un cambio de,130590
había empezado a,130583
similar a la,130568
que pueden ser,130539
a mi casa,130322
Lo que no,130301
desde el primer,130278
jefe de la,130262
ser capaz de,130256
la iglesia de,130254
el proyecto de,130220
además de la,130196
uno al otro,130190
de miles de,130174
la Segunda Guerra,130167
de la evolución,130121
la Junta de,130114
de un solo,130086
la fuente de,130086
la caída de,130001
de la Historia,129971
Era como si,129956
"embargo , a",129923
como uno de,129785
con lo cual,129784
que no haya,129781
de los mejores,129772
un aumento de,129770
cualquiera de los,129744
un puñado de,129670
depende de la,129611
medida que se,129566
un período de,129555
el espíritu de,129490
dos tipos de,129432
mayoría de la,129404
en la línea,129375
los campos de,129360
si no es,129356
de que a,129327
sino más bien,129315
y el que,129278
las cuales se,129276
la palma de,129275
pero lo que,129264
la gente se,129181
una mujer de,129146
la lectura de,129076
dio un paso,129047
parte de sus,128997
Segunda Guerra Mundial,128980
de la carretera,128959
en el acto,128909
la calle de,128885
es que en,128816
en el curso,128768
la opinión pública,128728
que mi padre,128663
de la personalidad,128646
y no es,128631
el pago de,128597
las normas de,128593
había dejado de,128566
la probabilidad de,128439
esperar a que,128328
de los intereses,128285
de la deuda,128258
cuál es la,128232
lo que hacía,128209
y creo que,128205
a hablar de,128203
la memoria de,128162
da cuenta de,128129
con el de,128128
de parte de,128122
partir de las,128081
de la Guerra,128048
se había dado,127977
los brazos de,127900
la casa del,127806
que hace que,127793
aceite de oliva,127770
es que me,127739
los ojos cerrados,127699
en la isla,127687
no era más,127675
y él se,127669
y yo me,127631
el día anterior,127630
en el borde,127629
de los dioses,127617
la espalda y,127582
el plan de,127547
hacer frente a,127533
lo miró con,127517
vida de la,127504
se da cuenta,127479
la venta de,127423
de las funciones,127405
que tiene el,127403
que tengo que,127364
un beso en,127360
de que pudiera,127332
con el corazón,127303
las Comunidades Autónomas,127282
mundo de los,127202
en cuenta las,127089
con más fuerza,127071
que tiene la,127032
de la autoridad,126953
"Sí , sí",126943
con el propósito,126931
de un momento,126901
de nuevo el,126899
pie de la,126852
por el suelo,126839
se ha ido,126762
de agua y,126759
que yo me,126694
de las veces,126653
vez en la,126624
en los procesos,126568
es muy importante,126548
un millón de,126540
se le ocurrió,126538
y no de,126532
una situación de,126510
se había puesto,126492
de no ser,126407
mí no me,126402
la mano por,126229
Es que no,126091
Los ojos de,126069
de los límites,126061
en su sitio,126001
y todas las,125977
tanto en la,125972
en su cabeza,125966
a los hijos,125932
los años de,125831
No quiero que,125821
de la Casa,125805
En ese caso,125710
a entrar en,125701
en el art,125618
relacionadas con la,125606
de de de,125590
la estación de,125570
es la primera,125554
Por lo general,125529
que nunca se,125523
contacto con el,125474
de salir de,125397
había sido una,125376
así como a,125370
el carácter de,125359
pesar de los,125345
de su rostro,125336
es un hombre,125326
de los partidos,125325
la miró con,125311
En aquel momento,125235
que no pueden,125206
no sabía qué,125202
de la identidad,125191
No hay nada,125188
y los demás,125178
el Consejo de,125146
los dedos de,125100
en el bosque,125095
de la figura,125070
de los de,125057
la fase de,124946
de una empresa,124939
un plan de,124917
días de la,124909
por culpa de,124838
llevado a cabo,124775
en las calles,124719
respecto a las,124701
en la de,124691
la espera de,124686
el dolor de,124681
de la tradición,124664
a ser una,124546
Dirección General de,124541
de los jóvenes,124503
exactamente lo que,124499
con una mujer,124481
al aire libre,124407
a la historia,124394
desde la perspectiva,124384
por qué se,124274
cuanto a los,124219
en una especie,124176
de la oficina,124171
el tono de,124123
que son los,124102
y se ha,124096
a la cual,124088
pero en el,124074
en la memoria,124052
si fuera una,124051
el primer día,124033
de la energía,124015
ya que los,123979
de la madrugada,123969
de la izquierda,123948
fin de la,123910
a la acción,123865
el tamaño de,123826
la determinación de,123772
en este libro,123718
y mucho menos,123695
o de un,123656
la vista y,123626
al principio de,123584
la visión de,123535
junto a los,123517
lo que pasa,123412
no te preocupes,123404
de la aplicación,123393
lo que sucede,123364
relacionados con el,123311
sobre la cama,123246
como de la,123225
que también se,123217
los labios y,123211
en su totalidad,123199
de la demanda,123188
era la única,123162
el de las,123144
la obtención de,123098
se van a,123097
del mundo y,123039
las acciones de,122995
de las sociedades,122977
el Espíritu Santo,122958
respecto de la,122844
"ellos , y",122819
el arte de,122795
en esos momentos,122783
la adquisición de,122744
al frente de,122685
la suerte de,122678
"decir , en",122674
de un gran,122666
de su trabajo,122649
de las principales,122607
de los factores,122547
lo que quiere,122532
partir de ese,122486
mayor o menor,122443
de la paz,122420
lo que quieres,122351
de la formación,122343
el uso del,122290
la cabeza del,122276
la plaza de,122239
tenía que hacer,122210
la prueba de,122141
se dirigió hacia,122134
la reducción de,122127
por debajo del,122121
en cualquier caso,122094
a buscar a,122074
La mayor parte,122064
lo que hizo,122056
lo que tiene,122010
de América Latina,121885
los estudios de,121800
de los principios,121786
y por ello,121767
lo que realmente,121759
todo lo contrario,121741
y de lo,121723
a la guerra,121721
de un rato,121705
la opinión de,121699
defensa de la,121699
lo que pasó,121676
de un niño,121636
Pero lo que,121632
en la superficie,121579
de la joven,121546
la presencia del,121502
de las ciencias,121496
la presentación de,121471
no estaba en,121451
la resolución de,121386
que había llegado,121367
ver lo que,121296
tú y yo,121286
y que por,121283
por la ley,121278
uso de los,121273
la propuesta de,121253
a todo lo,121224
de pie y,121223
del número de,121174
la información y,121164
un día de,121145
el pueblo de,121125
se atrevió a,121059
atención a la,121041
una relación de,121007
del que se,120981
que habían sido,120945
dicho que no,120936
se ha visto,120916
por un instante,120897
se levantó de,120868
había sido el,120821
entre las manos,120777
como resultado de,120716
en la relación,120701
sobre la que,120618
la certeza de,120562
con la otra,120520
lo que su,120507
todos los casos,120486
trata de la,120357
de este mundo,120352
en la última,120351
de la revista,120340
el comportamiento de,120337
uno de nosotros,120332
al llegar a,120283
para que te,120260
sí mismo y,120248
la base del,120237
que al final,120235
en la entrada,120234
en un principio,120234
y uno de,120233
de nuevo y,120202
En vez de,120146
la generación de,120101
en la piel,120089
te voy a,120050
a las autoridades,120049
y los ojos,120029
"dijo , y",120001
su condición de,119976
de su amigo,119972
de la Seguridad,119960
y la vida,119955
antes de su,119945
no se me,119910
del Espíritu Santo,119879
junto a ella,119877
en el plazo,119857
a cabo la,119847
vez que lo,119846
a las de,119842
idea de lo,119826
de su tiempo,119822
de la comida,119770
de las nuevas,119723
en el poder,119695
también en la,119640
no está en,119599
la entrada del,119482
que respecta a,119473
el suelo de,119458
que es muy,119423
encima de los,119399
sentido de que,119346
de su esposa,119309
lo que quiero,119280
era el único,119228
acuerdo con las,119082
en ningún momento,119064
se había hecho,119011
los primeros años,118994
en un contexto,118993
"aquí , en",118992
a la información,118986
en los siguientes,118969
con el paso,118813
que volver a,118807
a entender que,118783
algo así como,118712
a sus pies,118649
En el momento,118636
de los diferentes,118635
De todas formas,118624
con un poco,118546
algunos de sus,118535
la mirada y,118526
resto de las,118518
fin de cuentas,118500
en el brazo,118493
lo establecido en,118465
los puntos de,118430
la figura del,118427
no había nada,118425
en donde se,118416
No se puede,118393
hablar con él,118379
y no había,118369
través de sus,118360
"pero , en",118338
en su propio,118330
que le ha,118313
y todo el,118296
"mí , y",118283
"Sí , claro",118266
el comienzo de,118265
la guerra civil,118226
su casa y,118091
en nuestro país,118028
forman parte de,117971
Y si no,117969
que se pueda,117944
años de la,117893
una cuestión de,117878
que han de,117863
de las clases,117839
casa de los,117838
el ruido de,117817
más grande que,117817
de la última,117808
como si fuese,117794
hasta que no,117790
y tal vez,117751
cualquier cosa que,117725
que el señor,117722
en que lo,117665
frente a un,117629
dirigió a la,117613
de las comunidades,117579
el mundo que,117573
todo el país,117518
a la obra,117513
años después de,117497
en la pantalla,117407
deja de ser,117368
en el día,117354
de la cadena,117353
en los dos,117342
"Así , el",117341
no quiero que,117320
no es que,117309
la calle y,117242
pero creo que,117207
de San Juan,117168
día de hoy,117109
de las organizaciones,117092
los fines de,117076
largo de su,117062
tiene nada que,117046
frente a él,116985
de una familia,116984
de las casas,116977
los casos en,116961
unos a otros,116944
los problemas que,116931
hacia atrás y,116922
las medidas de,116896
en el uso,116894
manos a la,116890
volver a casa,116876
Por un momento,116854
"y , después",116851
de control de,116849
el camino que,116840
por última vez,116800
de la gestión,116789
existencia de una,116766
producto de la,116764
convirtió en un,116717
eso no es,116717
de la presión,116687
la naturaleza y,116626
de los acontecimientos,116621
a nivel de,116620
que consiste en,116470
de la entidad,116438
aspectos de la,116396
hace referencia a,116394
"él , que",116385
convertirse en un,116384
allá de las,116305
que me he,116202
ha sido el,116199
los ojos del,116188
qué no me,116186
de la Biblia,116141
la publicación de,116114
decir que la,116032
y la muerte,116024
de todo esto,116011
beso en la,116006
le dio la,116000
durante toda la,115957
la Constitución de,115951
convencida de que,115942
La voz de,115927
en cada una,115891
vida y la,115852
mediados del siglo,115840
Me temo que,115815
de la montaña,115793
de aquellos que,115730
a la empresa,115706
conforme a la,115692
millones de personas,115679
con la vida,115678
de un país,115658
en el terreno,115610
"es , por",115587
los objetivos de,115539
del derecho de,115493
los planes de,115478
el transcurso de,115453
el que me,115431
"embargo , es",115420
de la nada,115394
a la madre,115338
que vas a,115335
la pena de,115328
en base a,115289
ni siquiera se,115201
de no haber,115190
y al final,115158
"más , y",115082
un ejemplo de,115048
la puerta con,114994
puede ser un,114969
el equipo de,114927
en un rincón,114855
Uno de ellos,114816
en tu vida,114778
disminución de la,114772
a mí mismo,114754
en la lucha,114728
en un solo,114726
Instituto Nacional de,114703
Cuál es el,114693
la oficina de,114654
abrir la puerta,114643
lugar a la,114636
en gran parte,114630
de la película,114626
sobre la tierra,114625
cuando se trata,114603
que una persona,114592
se conoce como,114539
no lo había,114523
el diseño de,114509
y que me,114507
por la fuerza,114500
en el nivel,114497
iba a hacer,114459
