ngram,freq
de _DET_ _NOUN_,292130896
de_ADP _DET_ _NOUN_,292118828
_VERB_ _ADP_ _DET_,229749911
en_ADP _DET_ _NOUN_,177429619
en _DET_ _NOUN_,177429619
la_DET _NOUN_ _ADP_,161178718
la _NOUN_ _ADP_,161178718
_VERB_ _ADP_ _NOUN_,145042407
de _NOUN_ _._,124269779
de_ADP _NOUN_ _._,124269547
_START_ _DET_ _NOUN_,114042331
a _DET_ _NOUN_,113178501
de la_DET _NOUN_,113137589
de la _NOUN_,113137589
de_ADP la _NOUN_,113137589
de_ADP la_DET _NOUN_,113137589
a_ADP _DET_ _NOUN_,113136073
_VERB_ _._ _END_,104820820
el _NOUN_ _ADP_,103114854
el_DET _NOUN_ _ADP_,103114854
la _NOUN_ _._,101496522
la_DET _NOUN_ _._,101496522
la_DET _NOUN_ de,100240364
la _NOUN_ de,100240364
la _NOUN_ de_ADP,100240341
la_DET _NOUN_ de_ADP,100240341
_VERB_ ._. _END_,85511409
_VERB_ . _END_,85511409
_VERB_ _ADP_ _VERB_,85297461
que _PRON_ _VERB_,75930765
de _NOUN_ _ADP_,75012384
de_ADP _NOUN_ _ADP_,75012306
la_DET _NOUN_ _ADJ_,74989943
la _NOUN_ _ADJ_,74989943
el_DET _NOUN_ de,67803110
el _NOUN_ de,67803110
el_DET _NOUN_ de_ADP,67803086
el _NOUN_ de_ADP,67803086
con _DET_ _NOUN_,65962028
con_ADP _DET_ _NOUN_,65962028
se_PRON _VERB_ _ADP_,64466482
se _VERB_ _ADP_,64466482
y _DET_ _NOUN_,62979468
y_CONJ _DET_ _NOUN_,62979468
"de _NOUN_ ,",62356889
"de _NOUN_ ,_.",62356889
"de_ADP _NOUN_ ,",62356747
"de_ADP _NOUN_ ,_.",62356747
de _NOUN_ _ADJ_,61684135
de_ADP _NOUN_ _ADJ_,61684053
que _DET_ _NOUN_,58197680
el_DET _NOUN_ _._,55639872
el _NOUN_ _._,55639872
que_PRON _PRON_ _VERB_,52100054
_VERB_ un _NOUN_,51511013
_VERB_ un_DET _NOUN_,51511013
en el_DET _NOUN_,49762355
en_ADP el _NOUN_,49762355
en_ADP el_DET _NOUN_,49762355
en el _NOUN_,49762355
por_ADP _DET_ _NOUN_,49042853
por _DET_ _NOUN_,49042853
que_CONJ _DET_ _NOUN_,48584045
que _VERB_ _ADP_,47522369
los_DET _NOUN_ _ADP_,46783257
los _NOUN_ _ADP_,46783257
"la_DET _NOUN_ ,_.",46180030
"la_DET _NOUN_ ,",46180030
"la _NOUN_ ,_.",46180030
"la _NOUN_ ,",46180030
de _NOUN_ .,46012654
de_ADP _NOUN_ .,46012590
de _NOUN_ ._.,46010102
de_ADP _NOUN_ ._.,46010038
en la_DET _NOUN_,45098063
en la _NOUN_,45098063
en_ADP la_DET _NOUN_,45098063
en_ADP la _NOUN_,45098063
que _VERB_ _DET_,45026294
de los_DET _NOUN_,44364654
de_ADP los_DET _NOUN_,44364654
de_ADP los _NOUN_,44364654
de los _NOUN_,44364654
_START_ _PRON_ _VERB_,43592130
la _NOUN_ .,43466841
la_DET _NOUN_ .,43466841
la _NOUN_ ._.,43465220
la_DET _NOUN_ ._.,43465220
el _NOUN_ _ADJ_,43427282
el_DET _NOUN_ _ADJ_,43427282
que _VERB_ _VERB_,42880158
_VERB_ una _NOUN_,42814993
_VERB_ una_DET _NOUN_,42814993
_START_ _NOUN_ _NOUN_,42560935
a_ADP la _NOUN_,41304499
a_ADP la_DET _NOUN_,41304499
a la_DET _NOUN_,41304499
a la _NOUN_,41304499
un _NOUN_ _ADP_,40872131
un_DET _NOUN_ _ADP_,40872131
_VERB_ _ADJ_ _ADP_,40863700
_START_ _ADP_ _DET_,40455803
del _NOUN_ _._,40126359
del_ADP _NOUN_ _._,40126359
su _NOUN_ _._,39582249
su_DET _NOUN_ _._,39582249
de _NOUN_ _CONJ_,39550793
de_ADP _NOUN_ _CONJ_,39550726
_VERB_ _ADP_ _PRON_,38062650
un_DET _NOUN_ _ADJ_,36674834
un _NOUN_ _ADJ_,36674834
_VERB_ _ADJ_ _._,36661170
las_DET _NOUN_ _ADP_,35767016
las _NOUN_ _ADP_,35767016
que_PRON _VERB_ _ADP_,35191993
_START_ _._ _._,34724124
_START_ _NOUN_ _VERB_,34488527
la _NOUN_ _CONJ_,34254469
la_DET _NOUN_ _CONJ_,34254469
los _NOUN_ _._,34205191
los_DET _NOUN_ _._,34205191
que_PRON _VERB_ _VERB_,33380485
los_DET _NOUN_ _ADJ_,33214784
los _NOUN_ _ADJ_,33214784
una_DET _NOUN_ _ADP_,32622272
una _NOUN_ _ADP_,32622272
una_DET _NOUN_ _ADJ_,32522740
una _NOUN_ _ADJ_,32522740
y _PRON_ _VERB_,32163513
y_CONJ _PRON_ _VERB_,32163513
_START_ _NOUN_ _._,32039832
_START_ _VERB_ _DET_,31766868
que_PRON _VERB_ _DET_,31597337
que se_PRON _VERB_,30976150
que se _VERB_,30976150
de _NOUN_ de,30694454
de _NOUN_ de_ADP,30694439
de_ADP _NOUN_ de,30694426
de_ADP _NOUN_ de_ADP,30694411
de _NOUN_ y_CONJ,29767032
de _NOUN_ y,29767032
de_ADP _NOUN_ y,29766975
de_ADP _NOUN_ y_CONJ,29766975
_START_ _ADP_ _NOUN_,29439840
de_ADP las _NOUN_,29307581
de_ADP las_DET _NOUN_,29307581
de las_DET _NOUN_,29307581
de las _NOUN_,29307581
del _NOUN_ _ADP_,29301018
del_ADP _NOUN_ _ADP_,29301018
en _NOUN_ _._,28257225
en_ADP _NOUN_ _._,28257225
_START_ El _NOUN_,28110285
_START_ El_DET _NOUN_,28110285
los _NOUN_ de,27972200
los_DET _NOUN_ de,27972200
los_DET _NOUN_ de_ADP,27972196
los _NOUN_ de_ADP,27972196
las_DET _NOUN_ _ADJ_,27619789
las _NOUN_ _ADJ_,27619789
se_PRON _VERB_ _VERB_,27288463
se _VERB_ _VERB_,27288463
_START_ La_DET _NOUN_,26970542
_START_ La _NOUN_,26970542
_START_ _ADV_ _VERB_,26956868
en_ADP _NOUN_ _ADP_,26625044
en _NOUN_ _ADP_,26625044
de _NOUN_ _NOUN_,26474287
de_ADP _NOUN_ _NOUN_,26473748
la _NOUN_ y,25676232
la _NOUN_ y_CONJ,25676232
la_DET _NOUN_ y_CONJ,25676232
la_DET _NOUN_ y,25676232
"el_DET _NOUN_ ,",25307434
"el_DET _NOUN_ ,_.",25307434
"el _NOUN_ ,",25307434
"el _NOUN_ ,_.",25307434
que _ADV_ _VERB_,24829249
la_DET _NOUN_ _VERB_,24592393
la _NOUN_ _VERB_,24592393
y _NOUN_ _._,24079445
y_CONJ _NOUN_ _._,24079445
un _NOUN_ de,24066122
un_DET _NOUN_ de,24066122
un_DET _NOUN_ de_ADP,24066109
un _NOUN_ de_ADP,24066109
que_PRON se _VERB_,23981503
que_PRON se_PRON _VERB_,23981503
que_CONJ _PRON_ _VERB_,23830711
el _NOUN_ .,23250197
el_DET _NOUN_ .,23250197
el_DET _NOUN_ ._.,23249938
el _NOUN_ ._.,23249938
no _PRON_ _VERB_,23023416
no_ADV _PRON_ _VERB_,23023416
la _NOUN_ del,22916098
la _NOUN_ del_ADP,22916098
la_DET _NOUN_ del_ADP,22916098
la_DET _NOUN_ del,22916098
se _VERB_ _DET_,22728868
se_PRON _VERB_ _DET_,22728868
la_DET _ADJ_ _NOUN_,22163285
la _ADJ_ _NOUN_,22163285
no _VERB_ _VERB_,21935901
no_ADV _VERB_ _VERB_,21931824
_START_ _VERB_ _ADP_,21557806
del _NOUN_ _ADJ_,21556643
del_ADP _NOUN_ _ADJ_,21556643
_START_ -- _._,21483796
_START_ --_. _._,21483796
de _NOUN_ _VERB_,21435763
de_ADP _NOUN_ _VERB_,21435730
el _NOUN_ _VERB_,21339802
el_DET _NOUN_ _VERB_,21339802
un _NOUN_ _._,21248568
un_DET _NOUN_ _._,21248568
a _NOUN_ _ADP_,21243287
a_ADP _NOUN_ _ADP_,21233925
las_DET _NOUN_ de,21002835
las _NOUN_ de,21002835
las_DET _NOUN_ de_ADP,21002833
las _NOUN_ de_ADP,21002833
a _VERB_ _ADP_,20981628
a_ADP _VERB_ _ADP_,20976697
_._ . _END_,20974713
_._ ._. _END_,20974713
_VERB_ _._ _VERB_,20961319
las_DET _NOUN_ _._,20697662
las _NOUN_ _._,20697662
_VERB_ _._ _CONJ_,20650961
y_CONJ _VERB_ _DET_,20234113
y _VERB_ _DET_,20234113
para_ADP _DET_ _NOUN_,20221457
para _DET_ _NOUN_,20221457
y_CONJ _ADP_ _DET_,19911774
y _ADP_ _DET_,19911774
la_DET _NOUN_ _PRON_,19901049
la _NOUN_ _PRON_,19901049
es _DET_ _NOUN_,19786350
es_VERB _DET_ _NOUN_,19786340
su_DET _NOUN_ _ADP_,19765007
su _NOUN_ _ADP_,19765007
y_CONJ _NOUN_ _ADP_,19711201
y _NOUN_ _ADP_,19711201
"_VERB_ ,_. _CONJ_",19548953
"_VERB_ , _CONJ_",19548953
una _NOUN_ de,19441165
una_DET _NOUN_ de,19441165
una _NOUN_ de_ADP,19441163
una_DET _NOUN_ de_ADP,19441163
_START_ -_NOUN _NOUN_,19359292
_START_ - _NOUN_,19359292
_START_ _._ _NOUN_,19331100
de_ADP su _NOUN_,19319138
de_ADP su_DET _NOUN_,19319138
de su _NOUN_,19319138
de su_DET _NOUN_,19319138
lo _PRON_ _VERB_,19257409
lo_DET _PRON_ _VERB_,19248138
y_CONJ _VERB_ _ADP_,19075809
y _VERB_ _ADP_,19075809
al _NOUN_ _ADP_,18859648
al_ADP _NOUN_ _ADP_,18859648
de _DET_ _ADJ_,18658310
de_ADP _DET_ _ADJ_,18657905
de _NOUN_ _PRON_,18355799
de_ADP _NOUN_ _PRON_,18355780
"del _NOUN_ ,",18330872
"del _NOUN_ ,_.",18330872
"del_ADP _NOUN_ ,",18330872
"del_ADP _NOUN_ ,_.",18330872
_START_ _VERB_ _VERB_,18259374
lo que _VERB_,18140957
lo_DET que_PRON _VERB_,18140957
lo que_PRON _VERB_,18140957
lo_DET que _VERB_,18140957
el_DET _NOUN_ _CONJ_,18032753
el _NOUN_ _CONJ_,18032753
"su_DET _NOUN_ ,_.",18010344
"su_DET _NOUN_ ,",18010344
"su _NOUN_ ,",18010344
"su _NOUN_ ,_.",18010344
_START_ _NOUN_ _ADP_,17967424
su_DET _NOUN_ .,17819583
su _NOUN_ .,17819583
su _NOUN_ ._.,17819428
su_DET _NOUN_ ._.,17819428
la _NOUN_ _NOUN_,17644609
la_DET _NOUN_ _NOUN_,17644609
se_PRON _VERB_ en_ADP,17580388
se_PRON _VERB_ en,17580388
se _VERB_ en,17580388
se _VERB_ en_ADP,17580388
"_VERB_ ,_. _VERB_",17530802
"_VERB_ , _VERB_",17530802
para _VERB_ _DET_,17528714
para_ADP _VERB_ _DET_,17528714
_START_ _._ ¿_.,17369493
_START_ _._ ¿,17369493
En _DET_ _NOUN_,17271755
En_ADP _DET_ _NOUN_,17271755
a _NOUN_ _._,17201469
a_ADP _NOUN_ _._,17187845
a _VERB_ _DET_,17087458
a_ADP _VERB_ _DET_,17082645
_START_ _NOUN_ _ADV_,17028063
de _VERB_ _DET_,16902615
de_ADP _VERB_ _DET_,16901531
del_ADP _NOUN_ .,16757601
del _NOUN_ .,16757601
del _NOUN_ ._.,16757313
del_ADP _NOUN_ ._.,16757313
"los _NOUN_ ,",16737868
"los _NOUN_ ,_.",16737868
"los_DET _NOUN_ ,",16737868
"los_DET _NOUN_ ,_.",16737868
_START_ _NOUN_ _PRON_,16695689
de un_DET _NOUN_,16666917
de un _NOUN_,16666917
de_ADP un _NOUN_,16666833
de_ADP un_DET _NOUN_,16666833
sobre _DET_ _NOUN_,16660869
sobre_ADP _DET_ _NOUN_,16651333
_START_ En _DET_,16523309
_START_ En_ADP _DET_,16523309
del _NOUN_ de,16517376
del_ADP _NOUN_ de,16517376
del _NOUN_ de_ADP,16517367
del_ADP _NOUN_ de_ADP,16517367
_VERB_ _ADJ_ .,16483758
_VERB_ _ADJ_ ._.,16477913
como _DET_ _NOUN_,16236384
y_CONJ la _NOUN_,16125665
y_CONJ la_DET _NOUN_,16125665
y la_DET _NOUN_,16125665
y la _NOUN_,16125665
como_CONJ _DET_ _NOUN_,16105160
_VERB_ _._ _ADP_,16000339
que _VERB_ _._,15903916
_START_ -- ¿,15678858
_START_ --_. ¿_.,15678818
_START_ -- ¿_.,15678818
_START_ --_. ¿,15678818
el_DET _NOUN_ _PRON_,15617937
el _NOUN_ _PRON_,15617937
_VERB_ _ADJ_ _CONJ_,15572366
_VERB_ _ADJ_ _NOUN_,15498471
"_VERB_ _ADJ_ ,",15453220
"_VERB_ _ADJ_ ,_.",15453220
el_DET _NOUN_ _NOUN_,15377068
el _NOUN_ _NOUN_,15377068
a_ADP los _NOUN_,15366099
a_ADP los_DET _NOUN_,15366099
a los_DET _NOUN_,15366099
a los _NOUN_,15366099
al_ADP _NOUN_ _._,15344658
al _NOUN_ _._,15344658
una_DET _NOUN_ _._,15225082
una _NOUN_ _._,15225082
en_ADP _NOUN_ de,15182911
en _NOUN_ de,15182911
en_ADP _NOUN_ de_ADP,15182877
en _NOUN_ de_ADP,15182877
"en_ADP _NOUN_ ,_.",15160475
"en_ADP _NOUN_ ,",15160475
"en _NOUN_ ,_.",15160475
"en _NOUN_ ,",15160475
sus_DET _NOUN_ _._,15076058
sus _NOUN_ _._,15076058
que no_ADV _VERB_,15048436
que no _VERB_,15048436
se_PRON _VERB_ a,14938494
se _VERB_ a,14938494
se_PRON _VERB_ a_ADP,14937248
se _VERB_ a_ADP,14937248
que el_DET _NOUN_,14923987
que el _NOUN_,14923987
_VERB_ y _VERB_,14907141
_VERB_ y_CONJ _VERB_,14907141
"_VERB_ , _ADP_",14772456
"_VERB_ ,_. _ADP_",14772456
con la _NOUN_,14549381
con_ADP la_DET _NOUN_,14549381
con la_DET _NOUN_,14549381
con_ADP la _NOUN_,14549381
de _VERB_ _ADP_,14535571
de_ADP _VERB_ _ADP_,14534909
una _ADJ_ _NOUN_,14481177
una_DET _ADJ_ _NOUN_,14480603
_START_ _CONJ_ _VERB_,14303888
se _VERB_ _._,14276840
se_PRON _VERB_ _._,14276840
un _ADJ_ _NOUN_,14124415
un_DET _ADJ_ _NOUN_,14124415
y _ADP_ _NOUN_,14102082
y_CONJ _ADP_ _NOUN_,14102082
_START_ - _ADV_,14097679
_START_ -_NOUN _ADV_,14097679
el _ADJ_ _NOUN_,14049811
el_DET _ADJ_ _NOUN_,14049811
y_CONJ el _NOUN_,14003673
y el _NOUN_,14003673
y_CONJ el_DET _NOUN_,14003673
y el_DET _NOUN_,14003673
_VERB_ _._ _NOUN_,13824269
y_CONJ _ADJ_ _._,13820358
y _ADJ_ _._,13820358
que _VERB_ a,13802960
que _VERB_ a_ADP,13800795
que _VERB_ _NOUN_,13765027
_START_ - _VERB_,13594288
_START_ -_NOUN _VERB_,13594288
que_PRON _ADV_ _VERB_,13572928
que la _NOUN_,13559742
que la_DET _NOUN_,13559742
La _NOUN_ _ADP_,13443573
La_DET _NOUN_ _ADP_,13443573
que_CONJ _VERB_ _DET_,13428957
los _NOUN_ _CONJ_,13425096
los_DET _NOUN_ _CONJ_,13425096
el_DET _NOUN_ y,13370704
el_DET _NOUN_ y_CONJ,13370704
el _NOUN_ y,13370704
el _NOUN_ y_CONJ,13370704
con_ADP el _NOUN_,13352632
con el_DET _NOUN_,13352632
con el _NOUN_,13352632
con_ADP el_DET _NOUN_,13352632
los_DET _NOUN_ .,13220927
los _NOUN_ .,13220927
los _NOUN_ ._.,13220610
los_DET _NOUN_ ._.,13220610
de una_DET _NOUN_,13168017
de una _NOUN_,13168017
de_ADP una_DET _NOUN_,13167944
de_ADP una _NOUN_,13167944
_START_ _VERB_ _CONJ_,13164464
no _VERB_ _DET_,13155655
no_ADV _VERB_ _DET_,13155499
el_DET _NOUN_ del_ADP,13141751
el_DET _NOUN_ del,13141751
el _NOUN_ del,13141751
el _NOUN_ del_ADP,13141751
_VERB_ _ADP_ _ADJ_,13006469
por_ADP la _NOUN_,12958631
por_ADP la_DET _NOUN_,12958631
por la_DET _NOUN_,12958631
por la _NOUN_,12958631
no _VERB_ _ADP_,12936785
no_ADV _VERB_ _ADP_,12936611
_START_ No _VERB_,12896125
_START_ No_ADV _VERB_,12896125
de _NOUN_ que,12746246
de_ADP _NOUN_ que,12746232
a su _NOUN_,12726881
a su_DET _NOUN_,12726881
a_ADP su_DET _NOUN_,12726738
a_ADP su _NOUN_,12726738
_START_ _NOUN_ .,12682655
_START_ _NOUN_ ._.,12680782
de _NOUN_ en_ADP,12665645
de _NOUN_ en,12665645
de_ADP _NOUN_ en_ADP,12665633
de_ADP _NOUN_ en,12665633
¿ _PRON_ _VERB_,12559310
¿_. _PRON_ _VERB_,12559310
"_START_ _NOUN_ ,_.",12547893
"_START_ _NOUN_ ,",12547893
_VERB_ ? _END_,12506141
_VERB_ ?_. _END_,12506141
la _NOUN_ que,12466452
la_DET _NOUN_ que,12466452
a _NOUN_ de,12380875
a _NOUN_ de_ADP,12380818
a_ADP _NOUN_ de,12374449
a_ADP _NOUN_ de_ADP,12374395
que_CONJ el_DET _NOUN_,12359210
que_CONJ el _NOUN_,12359210
que_CONJ _VERB_ _ADP_,12330376
que _VERB_ _ADV_,12248133
en su _NOUN_,12233979
en su_DET _NOUN_,12233979
en_ADP su_DET _NOUN_,12233979
en_ADP su _NOUN_,12233979
le_PRON _VERB_ _DET_,12187934
le _VERB_ _DET_,12187934
por el _NOUN_,12173963
por_ADP el_DET _NOUN_,12173963
por_ADP el _NOUN_,12173963
por el_DET _NOUN_,12173963
_START_ _ADV_ _._,12122070
su _NOUN_ _ADJ_,12082770
su_DET _NOUN_ _ADJ_,12082770
los _NOUN_ _VERB_,11953714
los_DET _NOUN_ _VERB_,11953714
que _VERB_ _ADJ_,11938638
en_ADP _DET_ _ADJ_,11910140
en _DET_ _ADJ_,11910140
se_PRON _VERB_ _ADV_,11868297
se _VERB_ _ADV_,11868297
_START_ _CONJ_ _DET_,11842330
para _VERB_ _ADP_,11804344
para_ADP _VERB_ _ADP_,11804344
en_ADP _NOUN_ _ADJ_,11756951
en _NOUN_ _ADJ_,11756951
se _PRON_ _VERB_,11715124
se_PRON _PRON_ _VERB_,11715124
"y _NOUN_ ,_.",11647315
"y_CONJ _NOUN_ ,_.",11647315
"y_CONJ _NOUN_ ,",11647315
"y _NOUN_ ,",11647315
la_DET _NOUN_ que_PRON,11604457
la _NOUN_ que_PRON,11604457
de _NOUN_ que_PRON,11592580
de_ADP _NOUN_ que_PRON,11592568
que_PRON _VERB_ _._,11580035
_START_ Se _VERB_,11538374
_START_ Se_PRON _VERB_,11538374
y_CONJ _NOUN_ _ADJ_,11498362
y _NOUN_ _ADJ_,11498362
que_CONJ la _NOUN_,11442402
que_CONJ la_DET _NOUN_,11442402
a _VERB_ _._,11418609
a_ADP _VERB_ _._,11416634
lo _VERB_ _._,11382159
lo_PRON _VERB_ _._,11381948
al_ADP _NOUN_ de,11381766
al _NOUN_ de,11381766
al_ADP _NOUN_ de_ADP,11381752
al _NOUN_ de_ADP,11381752
los_DET _NOUN_ _PRON_,11378693
los _NOUN_ _PRON_,11378693
El _NOUN_ _ADP_,11372059
El_DET _NOUN_ _ADP_,11372059
que _VERB_ _CONJ_,11320764
que_CONJ _ADV_ _VERB_,11256321
"_START_ _ADV_ ,_.",11245566
"_START_ _ADV_ ,",11245566
la_DET _NOUN_ en_ADP,11183543
la _NOUN_ en_ADP,11183543
la _NOUN_ en,11183543
la_DET _NOUN_ en,11183543
_START_ _NOUN_ _ADJ_,11052892
mi _NOUN_ _._,10972499
mi_DET _NOUN_ _._,10972499
de _ADJ_ _NOUN_,10964753
de_ADP _ADJ_ _NOUN_,10952505
y _NOUN_ de,10824767
y_CONJ _NOUN_ de,10824767
y_CONJ _NOUN_ de_ADP,10824766
y _NOUN_ de_ADP,10824766
se_PRON _VERB_ de,10722468
se _VERB_ de,10722468
se_PRON _VERB_ de_ADP,10722292
se _VERB_ de_ADP,10722292
había _VERB_ _ADP_,10699611
había_VERB _VERB_ _ADP_,10699611
de _PRON_ _._,10663804
de_ADP _PRON_ _._,10658980
en los_DET _NOUN_,10649791
en los _NOUN_,10649791
en_ADP los_DET _NOUN_,10649791
en_ADP los _NOUN_,10649791
con _NOUN_ _._,10648956
con_ADP _NOUN_ _._,10648956
_START_ _VERB_ _ADV_,10584002
que _VERB_ en_ADP,10573029
que _VERB_ en,10573029
_VERB_ _ADJ_ de,10571679
_VERB_ _ADJ_ de_ADP,10571279
en un _NOUN_,10559756
en_ADP un _NOUN_,10559756
en un_DET _NOUN_,10559756
en_ADP un_DET _NOUN_,10559756
_START_ _CONJ_ _ADV_,10532137
_START_ _DET_ _ADJ_,10502813
los_DET _NOUN_ y_CONJ,10494376
los _NOUN_ y,10494376
los _NOUN_ y_CONJ,10494376
los_DET _NOUN_ y,10494376
_START_ Los _NOUN_,10426649
_START_ Los_DET _NOUN_,10426649
_START_ _VERB_ que,10417650
_START_ _VERB_ que_CONJ,10416043
y_CONJ se_PRON _VERB_,10398021
y se _VERB_,10398021
y se_PRON _VERB_,10398021
y_CONJ se _VERB_,10398021
_START_ _._ _PRON_,10360260
de _DET_ _PRON_,10351006
de_ADP _DET_ _PRON_,10350910
del _NOUN_ _NOUN_,10334495
del_ADP _NOUN_ _NOUN_,10334495
por_ADP _NOUN_ _._,10309137
por _NOUN_ _._,10309137
en_ADP _DET_ _PRON_,10241567
en _DET_ _PRON_,10241567
de _DET_ _DET_,10202585
de_ADP _DET_ _DET_,10202265
con _NOUN_ _ADP_,10179247
con_ADP _NOUN_ _ADP_,10179247
su _NOUN_ _CONJ_,10169841
su_DET _NOUN_ _CONJ_,10169841
se _VERB_ _CONJ_,10105515
se_PRON _VERB_ _CONJ_,10105515
_VERB_ _._ _ADV_,10064529
del_ADP _NOUN_ _CONJ_,10041337
del _NOUN_ _CONJ_,10041337
_VERB_ _._ _DET_,10031095
le_PRON _VERB_ _VERB_,9927984
le _VERB_ _VERB_,9927984
entre _DET_ _NOUN_,9924219
"las_DET _NOUN_ ,",9905523
"las _NOUN_ ,",9905523
"las_DET _NOUN_ ,_.",9905523
"las _NOUN_ ,_.",9905523
entre_ADP _DET_ _NOUN_,9881618
que _VERB_ la,9854301
_START_ _ADV_ _PRON_,9847954
que _VERB_ la_DET,9830637
me_PRON _VERB_ _ADP_,9829736
me _VERB_ _ADP_,9829736
_START_ _CONJ_ _PRON_,9788023
_VERB_ _._ _._,9737539
en _NOUN_ .,9735091
en_ADP _NOUN_ .,9735091
en_ADP _NOUN_ ._.,9734720
en _NOUN_ ._.,9734720
que_PRON _DET_ _NOUN_,9613635
que_PRON _VERB_ _NOUN_,9608823
_VERB_ _._ _PRON_,9604396
_START_ _VERB_ _NOUN_,9514564
que_CONJ _VERB_ _VERB_,9499673
"un_DET _NOUN_ ,_.",9485916
"un_DET _NOUN_ ,",9485916
"un _NOUN_ ,",9485916
"un _NOUN_ ,_.",9485916
que_PRON _VERB_ a,9472186
que_PRON _VERB_ a_ADP,9471356
y_CONJ _NOUN_ .,9432314
y _NOUN_ .,9432314
y _NOUN_ ._.,9430907
y_CONJ _NOUN_ ._.,9430907
que _ADP_ _DET_,9389394
y_CONJ _ADJ_ _ADP_,9342600
y _ADJ_ _ADP_,9342600
a _DET_ _ADJ_,9201060
a_ADP _DET_ _ADJ_,9200038
_START_ _._ _VERB_,9140421
_VERB_ _ADP_ _ADV_,9137469
que _ADV_ _PRON_,9133900
"_VERB_ , _ADV_",9052651
"_VERB_ ,_. _ADV_",9052651
que _VERB_ el,9006633
que _VERB_ el_DET,9006470
La _NOUN_ de,8988667
La_DET _NOUN_ de,8988667
La_DET _NOUN_ de_ADP,8988665
La _NOUN_ de_ADP,8988665
las _NOUN_ _PRON_,8983584
las_DET _NOUN_ _PRON_,8983584
_START_ _NOUN_ _CONJ_,8981859
de _VERB_ _._,8962379
de_ADP _VERB_ _._,8961967
no_ADV se_PRON _VERB_,8941320
no se_PRON _VERB_,8941320
no se _VERB_,8941320
no_ADV se _VERB_,8941320
El _NOUN_ _VERB_,8914906
El_DET _NOUN_ _VERB_,8914906
las _NOUN_ _CONJ_,8873572
las_DET _NOUN_ _CONJ_,8873572
por_ADP _NOUN_ _ADP_,8861461
por _NOUN_ _ADP_,8861461
en las _NOUN_,8837590
en_ADP las_DET _NOUN_,8837590
en_ADP las _NOUN_,8837590
en las_DET _NOUN_,8837590
un _NOUN_ .,8786157
un_DET _NOUN_ .,8786157
un_DET _NOUN_ ._.,8786105
un _NOUN_ ._.,8786105
la_DET _NOUN_ _ADV_,8742701
la _NOUN_ _ADV_,8742701
le _VERB_ _ADP_,8616521
le_PRON _VERB_ _ADP_,8616521
más_ADV _ADJ_ _._,8603788
más _ADJ_ _._,8603788
de_ADP sus _NOUN_,8601160
de_ADP sus_DET _NOUN_,8601160
de sus_DET _NOUN_,8601160
de sus _NOUN_,8601160
en _DET_ que,8599240
en_ADP _DET_ que,8599240
en_ADP _DET_ que_PRON,8589208
en _DET_ que_PRON,8589208
el _NOUN_ que,8580738
el_DET _NOUN_ que,8580738
que_PRON _VERB_ en,8532440
que_PRON _VERB_ en_ADP,8532440
_START_ -_NOUN _PRON_,8522520
_START_ - _PRON_,8522520
no _VERB_ _NOUN_,8495950
no_ADV _VERB_ _NOUN_,8495449
me_PRON _VERB_ _VERB_,8480874
me _VERB_ _VERB_,8480874
» _._ _END_,8477602
que le_PRON _VERB_,8473454
que le _VERB_,8473454
"_VERB_ ,_. _PRON_",8466161
"_VERB_ , _PRON_",8466161
no _VERB_ _ADV_,8424689
no_ADV _VERB_ _ADV_,8424619
lo _VERB_ _ADP_,8392909
lo_PRON _VERB_ _ADP_,8392834
con_ADP _NOUN_ _ADJ_,8339226
con _NOUN_ _ADJ_,8339226
que_CONJ no_ADV _VERB_,8333224
que_CONJ no _VERB_,8333224
a las _NOUN_,8288835
a las_DET _NOUN_,8288835
a_ADP las_DET _NOUN_,8288835
a_ADP las _NOUN_,8288835
las _NOUN_ .,8258207
las_DET _NOUN_ .,8258207
las _NOUN_ ._.,8258150
las_DET _NOUN_ ._.,8258150
y_CONJ _ADV_ _VERB_,8249600
y _ADV_ _VERB_,8249600
"a _NOUN_ ,",8229239
"a _NOUN_ ,_.",8229239
"a_ADP _NOUN_ ,_.",8219717
"a_ADP _NOUN_ ,",8219717
más_ADV _ADJ_ _ADP_,8181987
más _ADJ_ _ADP_,8181987
el_DET _NOUN_ que_PRON,8143972
el _NOUN_ que_PRON,8143972
_START_ _._ .,8140516
_START_ _._ ._.,8140337
que_PRON _VERB_ _ADV_,8086032
de _NOUN_ _ADV_,8085953
de_ADP _NOUN_ _ADV_,8085941
_START_ _ADP_ _VERB_,8075160
El_DET _NOUN_ de_ADP,8074127
El _NOUN_ de,8074127
El _NOUN_ de_ADP,8074127
El_DET _NOUN_ de,8074127
_START_ _NOUN_ de,8047030
_START_ _NOUN_ de_ADP,8047006
su _NOUN_ _VERB_,8039371
su_DET _NOUN_ _VERB_,8039371
_START_ _VERB_ _ADJ_,8027353
_VERB_ _ADJ_ y,8007285
_VERB_ _ADJ_ y_CONJ,8007285
» . _END_,7965764
» ._. _END_,7965189
los_DET _NOUN_ que,7939871
los _NOUN_ que,7939871
que_PRON _VERB_ _CONJ_,7930701
_START_ _._ _DET_,7860498
"_VERB_ , _DET_",7814713
"_VERB_ ,_. _DET_",7814713
que_PRON _VERB_ _ADJ_,7783526
se_PRON _VERB_ _NOUN_,7749871
se _VERB_ _NOUN_,7749871
los_DET _NOUN_ que_PRON,7691172
los _NOUN_ que_PRON,7691172
se _VERB_ _ADJ_,7631489
se_PRON _VERB_ _ADJ_,7631489
La_DET _NOUN_ _VERB_,7626896
La _NOUN_ _VERB_,7626896
del_ADP _NOUN_ y,7606627
del _NOUN_ y_CONJ,7606627
del_ADP _NOUN_ y_CONJ,7606627
del _NOUN_ y,7606627
que_PRON _VERB_ la,7599303
su _NOUN_ y,7585182
su _NOUN_ y_CONJ,7585182
su_DET _NOUN_ y_CONJ,7585182
su_DET _NOUN_ y,7585182
que_PRON _VERB_ la_DET,7579775
que me_PRON _VERB_,7566432
que me _VERB_,7566432
los_DET _ADJ_ _NOUN_,7561887
los _ADJ_ _NOUN_,7561887
un_DET _NOUN_ _PRON_,7544295
un _NOUN_ _PRON_,7544295
era _DET_ _NOUN_,7526842
era_VERB _DET_ _NOUN_,7525508
_VERB_ _ADP_ _CONJ_,7506605
todos _DET_ _NOUN_,7488318
todos_DET _DET_ _NOUN_,7484102
_START_ En_ADP _NOUN_,7450257
_START_ En _NOUN_,7450257
"_VERB_ , _NOUN_",7443253
"_VERB_ ,_. _NOUN_",7443253
_VERB_ _ADJ_ a,7432431
_VERB_ _ADJ_ a_ADP,7429174
que _VERB_ de,7428161
que _VERB_ de_ADP,7428012
en una_DET _NOUN_,7379745
en_ADP una_DET _NOUN_,7379745
en_ADP una _NOUN_,7379745
en una _NOUN_,7379745
había_VERB _VERB_ _DET_,7377965
había _VERB_ _DET_,7377965
del _NOUN_ _VERB_,7238952
del_ADP _NOUN_ _VERB_,7238952
lo _PRON_ _PRON_,7221186
_VERB_ _ADJ_ en,7220411
_VERB_ _ADJ_ en_ADP,7220411
lo_DET _PRON_ _PRON_,7214038
_VERB_ una_DET _ADJ_,7168115
_VERB_ una _ADJ_,7168115
_START_ _VERB_ a,7142558
_START_ _VERB_ a_ADP,7138407
a un _NOUN_,7107679
a un_DET _NOUN_,7107679
a_ADP un_DET _NOUN_,7103092
a_ADP un _NOUN_,7103092
_VERB_ un_DET _ADJ_,7095888
_VERB_ un _ADJ_,7095888
_START_ _NOUN_ No,7093987
_START_ _NOUN_ No_ADV,7093977
que los_DET _NOUN_,7082960
que los _NOUN_,7082960
y _ADJ_ _NOUN_,7054228
y_CONJ _ADJ_ _NOUN_,7054228
_START_ ¿ _PRON_,7052388
_START_ ¿_. _PRON_,7052388
su _ADJ_ _NOUN_,7023427
su_DET _ADJ_ _NOUN_,7023427
al _NOUN_ _ADJ_,7018997
al_ADP _NOUN_ _ADJ_,7018997
no _VERB_ _ADJ_,7017273
no_ADV _VERB_ _ADJ_,7017242
que_CONJ se _VERB_,6994647
que_CONJ se_PRON _VERB_,6994647
"al_ADP _NOUN_ ,",6981657
"al _NOUN_ ,_.",6981657
"al _NOUN_ ,",6981657
"al_ADP _NOUN_ ,_.",6981657
las_DET _NOUN_ que,6973510
las _NOUN_ que,6973510
o_CONJ _DET_ _NOUN_,6964814
o _DET_ _NOUN_,6964814
las _NOUN_ y,6954931
las_DET _NOUN_ y,6954931
las _NOUN_ y_CONJ,6954931
las_DET _NOUN_ y_CONJ,6954931
_START_ _ADP_ _PRON_,6941096
y _VERB_ _VERB_,6934213
y_CONJ _VERB_ _VERB_,6934213
_VERB_ _ADJ_ _VERB_,6909206
que_PRON _VERB_ el,6903146
que_PRON _VERB_ el_DET,6903067
en _NOUN_ _CONJ_,6901808
en_ADP _NOUN_ _CONJ_,6901808
_START_ - No,6874065
_START_ - No_ADV,6874033
_START_ -_NOUN No,6874033
_START_ -_NOUN No_ADV,6874033
las _NOUN_ que_PRON,6867670
las_DET _NOUN_ que_PRON,6867670
el_DET _NOUN_ _ADV_,6863686
el _NOUN_ _ADV_,6863686
y _VERB_ a,6803212
y_CONJ _VERB_ a,6803212
y _VERB_ a_ADP,6799579
y_CONJ _VERB_ a_ADP,6799579
un_DET _NOUN_ _ADV_,6788068
un _NOUN_ _ADV_,6788068
a _NOUN_ .,6780246
a _NOUN_ ._.,6779305
a_ADP _NOUN_ .,6777597
a_ADP _NOUN_ ._.,6776657
_START_ Las _NOUN_,6776210
_START_ Las_DET _NOUN_,6776210
sus_DET _NOUN_ .,6774981
sus _NOUN_ .,6774981
sus_DET _NOUN_ ._.,6774968
sus _NOUN_ ._.,6774968
sus _NOUN_ _ADP_,6765089
sus_DET _NOUN_ _ADP_,6765089
"sus_DET _NOUN_ ,_.",6744897
"sus_DET _NOUN_ ,",6744897
"sus _NOUN_ ,_.",6744897
"sus _NOUN_ ,",6744897
desde _DET_ _NOUN_,6731143
desde_ADP _DET_ _NOUN_,6731143
me_PRON _VERB_ _._,6719123
me _VERB_ _._,6719123
que_PRON no_ADV _VERB_,6715212
que_PRON no _VERB_,6715212
_START_ _ADP_ el_DET,6686217
_START_ _ADP_ el,6686217
y _NOUN_ _NOUN_,6667348
y_CONJ _NOUN_ _NOUN_,6667348
un _NOUN_ _CONJ_,6657298
un_DET _NOUN_ _CONJ_,6657298
La_DET _NOUN_ _ADJ_,6646250
La _NOUN_ _ADJ_,6646250
que _VERB_ .,6623037
y los_DET _NOUN_,6622660
y_CONJ los _NOUN_,6622660
y los _NOUN_,6622660
y_CONJ los_DET _NOUN_,6622660
que _VERB_ ._.,6615773
lo _VERB_ _VERB_,6573934
lo_PRON _VERB_ _VERB_,6572916
una_DET _NOUN_ .,6540596
una _NOUN_ .,6540596
una_DET _NOUN_ ._.,6540575
una _NOUN_ ._.,6540575
de _DET_ que,6529961
de_ADP _DET_ que,6529952
_START_ _ADV_ _ADP_,6518287
_START_ _ADP_ la,6516561
_START_ _ADP_ la_DET,6514425
muy _ADJ_ _._,6507278
muy_ADV _ADJ_ _._,6507278
"una_DET _NOUN_ ,_.",6496173
"una _NOUN_ ,_.",6496173
"una _NOUN_ ,",6496173
"una_DET _NOUN_ ,",6496173
al_ADP _NOUN_ .,6495144
al _NOUN_ .,6495144
al _NOUN_ ._.,6495106
al_ADP _NOUN_ ._.,6495106
"se _VERB_ ,_.",6493775
"se_PRON _VERB_ ,_.",6493775
"se_PRON _VERB_ ,",6493775
"se _VERB_ ,",6493775
de _DET_ que_PRON,6480965
de_ADP _DET_ que_PRON,6480958
"que _VERB_ ,",6470272
"que _VERB_ ,_.",6470272
a _PRON_ _._,6468032
a_ADP _PRON_ _._,6461248
que _VERB_ que,6377592
que _VERB_ que_CONJ,6375180
este_DET _NOUN_ _._,6366976
este _NOUN_ _._,6366976
_VERB_ _._ y,6344620
_VERB_ _._ y_CONJ,6344620
el _NOUN_ en,6334612
el_DET _NOUN_ en_ADP,6334612
el_DET _NOUN_ en,6334612
el _NOUN_ en_ADP,6334612
_START_ _PRON_ _PRON_,6325520
lo que _PRON_,6325359
lo_DET que _PRON_,6325123
lo que_PRON _PRON_,6325123
lo_DET que_PRON _PRON_,6325123
las _ADJ_ _NOUN_,6292775
las_DET _ADJ_ _NOUN_,6292775
"y _ADJ_ ,_.",6288711
"y _ADJ_ ,",6288711
"y_CONJ _ADJ_ ,_.",6288711
"y_CONJ _ADJ_ ,",6288711
los _DET_ _NOUN_,6287706
los_DET _DET_ _NOUN_,6287555
_START_ Me_PRON _VERB_,6265749
_START_ Me _VERB_,6265749
que_PRON le _VERB_,6248907
que_PRON le_PRON _VERB_,6248907
una _NOUN_ _PRON_,6242008
una_DET _NOUN_ _PRON_,6242008
su _NOUN_ de,6230867
su_DET _NOUN_ de,6230867
su_DET _NOUN_ de_ADP,6230865
su _NOUN_ de_ADP,6230865
para_ADP la_DET _NOUN_,6206062
para_ADP la _NOUN_,6206062
para la_DET _NOUN_,6206062
para la _NOUN_,6206062
hasta _DET_ _NOUN_,6201751
hasta_ADP _DET_ _NOUN_,6201609
a _DET_ _PRON_,6200138
a_ADP _DET_ _PRON_,6197818
hacia_ADP _DET_ _NOUN_,6189809
hacia _DET_ _NOUN_,6189809
todos_DET los_DET _NOUN_,6188388
todos los_DET _NOUN_,6188388
todos_DET los _NOUN_,6188388
todos los _NOUN_,6188388
las_DET _NOUN_ _VERB_,6183557
las _NOUN_ _VERB_,6183557
_START_ _ADV_ _ADV_,6159311
un _NOUN_ que,6145771
un_DET _NOUN_ que,6145771
"por _NOUN_ ,_.",6134013
"por_ADP _NOUN_ ,_.",6134013
"por_ADP _NOUN_ ,",6134013
"por _NOUN_ ,",6134013
de _CONJ_ _DET_,6104604
de_ADP _CONJ_ _DET_,6104420
"_VERB_ ,_. y_CONJ",6082237
"_VERB_ , y_CONJ",6082237
"_VERB_ , y",6082237
"_VERB_ ,_. y",6082237
_START_ _NOUN_ _DET_,6069251
con _DET_ _ADJ_,6064529
con_ADP _DET_ _ADJ_,6064529
en_ADP _DET_ _DET_,6062594
en _DET_ _DET_,6062594
de _VERB_ _NOUN_,6026768
de_ADP _VERB_ _NOUN_,6025646
como _NOUN_ _ADP_,6004849
_START_ _VERB_ la,5999851
de _NUM_ _NOUN_,5995084
de_ADP _NUM_ _NOUN_,5995064
No _PRON_ _VERB_,5981204
No_ADV _PRON_ _VERB_,5981204
a _NOUN_ _ADJ_,5974619
con_ADP un _NOUN_,5973525
con_ADP un_DET _NOUN_,5973525
con un _NOUN_,5973525
con un_DET _NOUN_,5973525
que _NOUN_ _VERB_,5973220
como_CONJ _NOUN_ _ADP_,5970608
a_ADP _NOUN_ _ADJ_,5969138
de que _DET_,5967811
de_ADP que_CONJ _DET_,5967450
de que_CONJ _DET_,5967450
de_ADP que _DET_,5967450
_START_ _._ _ADP_,5954032
una_DET _NOUN_ _ADV_,5944770
una _NOUN_ _ADV_,5944770
El_DET _NOUN_ _ADJ_,5938965
El _NOUN_ _ADJ_,5938965
de _NOUN_ a,5932992
de_ADP _NOUN_ a,5932982
de _NOUN_ a_ADP,5926554
de_ADP _NOUN_ a_ADP,5926545
a _VERB_ _NOUN_,5922411
a_ADP _VERB_ _NOUN_,5918946
_START_ _VERB_ la_DET,5909837
que_CONJ _ADP_ _DET_,5909550
se _VERB_ .,5903249
se_PRON _VERB_ .,5903249
se_PRON _VERB_ ._.,5894179
se _VERB_ ._.,5894179
y_CONJ _ADJ_ .,5889110
y _ADJ_ .,5889110
que_CONJ los _NOUN_,5886917
que_CONJ los_DET _NOUN_,5886917
un _NOUN_ que_PRON,5886788
un_DET _NOUN_ que_PRON,5886788
y_CONJ _ADJ_ ._.,5886371
y _ADJ_ ._.,5886371
todo _DET_ _NOUN_,5863150
_START_ _._ ¡_.,5850422
_START_ _._ ¡,5850422
que _PRON_ _PRON_,5841737
todo_DET _DET_ _NOUN_,5825194
con_ADP los_DET _NOUN_,5785652
con los_DET _NOUN_,5785652
con los _NOUN_,5785652
con_ADP los _NOUN_,5785652
me_PRON _VERB_ _DET_,5780713
me _VERB_ _DET_,5780713
_START_ _CONJ_ _ADP_,5775812
_VERB_ y _PRON_,5774459
_VERB_ y_CONJ _PRON_,5774459
_START_ _._ _ADV_,5771687
los _NOUN_ del,5741419
los_DET _NOUN_ del,5741419
los_DET _NOUN_ del_ADP,5741419
los _NOUN_ del_ADP,5741419
le _VERB_ _._,5720147
le_PRON _VERB_ _._,5720147
a _VERB_ de,5695698
a _VERB_ de_ADP,5695530
a_ADP _VERB_ de,5693281
a_ADP _VERB_ de_ADP,5693113
a _VERB_ .,5687416
a_ADP _VERB_ .,5686777
_START_ _ADJ_ _NOUN_,5676665
a _VERB_ ._.,5675819
a_ADP _VERB_ ._.,5675181
lo _VERB_ .,5673053
lo_PRON _VERB_ .,5673003
lo _VERB_ ._.,5669807
lo_PRON _VERB_ ._.,5669758
y _NOUN_ _VERB_,5657212
y_CONJ _NOUN_ _VERB_,5657212
sin_ADP _NOUN_ _._,5642926
sin _NOUN_ _._,5642926
_START_ _VERB_ _._,5622764
no _VERB_ _CONJ_,5602794
no_ADV _VERB_ _CONJ_,5602684
_START_ _NUM_ _._,5594246
con una _NOUN_,5584474
con una_DET _NOUN_,5584474
con_ADP una_DET _NOUN_,5584474
con_ADP una _NOUN_,5584474
que_PRON _VERB_ de,5559485
que_PRON _VERB_ de_ADP,5559358
sus _NOUN_ _ADJ_,5544023
sus_DET _NOUN_ _ADJ_,5544023
a _NOUN_ _CONJ_,5534585
que había _VERB_,5531212
que había_VERB _VERB_,5531212
a_ADP _NOUN_ _CONJ_,5531194
una_DET _NOUN_ que,5522825
una _NOUN_ que,5522825
si_CONJ _PRON_ _VERB_,5473702
si _PRON_ _VERB_,5473702
la_DET _NOUN_ a,5466970
la _NOUN_ a,5466970
la _NOUN_ a_ADP,5462831
la_DET _NOUN_ a_ADP,5462831
_VERB_ _ADJ_ que,5442393
y de_ADP _DET_,5429959
y_CONJ de _DET_,5429959
y de _DET_,5429959
y_CONJ de_ADP _DET_,5429959
durante _DET_ _NOUN_,5421710
durante_ADP _DET_ _NOUN_,5421710
se _VERB_ con,5396737
se_PRON _VERB_ con,5396737
se_PRON _VERB_ con_ADP,5396737
se _VERB_ con_ADP,5396737
del _NOUN_ _PRON_,5395693
del_ADP _NOUN_ _PRON_,5395693
se_PRON _VERB_ la,5378604
se _VERB_ la,5378604
cuando _PRON_ _VERB_,5374907
cuando_CONJ _PRON_ _VERB_,5374904
de _NOUN_ (,5373311
de_ADP _NOUN_ (,5373295
se _VERB_ la_DET,5372083
se_PRON _VERB_ la_DET,5372083
y _ADP_ la,5371585
y_CONJ _ADP_ la,5371585
y _ADP_ la_DET,5368950
y_CONJ _ADP_ la_DET,5368950
¿ _ADP_ _PRON_,5360690
¿_. _ADP_ _PRON_,5360690
por_ADP _NOUN_ de,5340556
por _NOUN_ de,5340556
por _NOUN_ de_ADP,5340545
por_ADP _NOUN_ de_ADP,5340545
de _CONJ_ _VERB_,5329394
de_ADP _CONJ_ _VERB_,5329283
sobre la _NOUN_,5326245
sobre la_DET _NOUN_,5326245
sobre_ADP la_DET _NOUN_,5325942
sobre_ADP la _NOUN_,5325942
para el_DET _NOUN_,5305267
para_ADP el_DET _NOUN_,5305267
para_ADP el _NOUN_,5305267
para el _NOUN_,5305267
ha _VERB_ _ADP_,5260040
ha_VERB _VERB_ _ADP_,5260040
_START_ _CONJ_ _NOUN_,5252740
en _NOUN_ _NOUN_,5242658
en_ADP _NOUN_ _NOUN_,5242658
una _NOUN_ que_PRON,5218922
una_DET _NOUN_ que_PRON,5218922
la _VERB_ _ADP_,5189855
la_PRON _VERB_ _ADP_,5186803
de que _VERB_,5167713
de_ADP que _VERB_,5161041
uno _ADP_ _DET_,5159545
_START_ -- ¡,5153551
_START_ --_. ¡,5153528
_START_ --_. ¡_.,5153528
_START_ -- ¡_.,5153528
uno_PRON _ADP_ _DET_,5152116
todas _DET_ _NOUN_,5146531
todas_DET _DET_ _NOUN_,5146274
más_ADV _ADJ_ _CONJ_,5104244
más _ADJ_ _CONJ_,5104244
de_ADP que_CONJ _VERB_,5104156
de que_CONJ _VERB_,5104156
_START_ _VERB_ el,5094508
_START_ _VERB_ el_DET,5094351
de _NOUN_ del_ADP,5092262
de _NOUN_ del,5092262
de_ADP _NOUN_ del,5092259
de_ADP _NOUN_ del_ADP,5092259
a _NOUN_ _NOUN_,5091541
a_ADP _NOUN_ _NOUN_,5053907
y_CONJ las _NOUN_,5053241
y las_DET _NOUN_,5053241
y las _NOUN_,5053241
y_CONJ las_DET _NOUN_,5053241
¿_. _ADP_ qué,5051446
¿ _ADP_ qué,5051446
ha _VERB_ _DET_,5047242
ha_VERB _VERB_ _DET_,5047242
no _VERB_ _._,5042499
no_ADV _VERB_ _._,5042443
y_CONJ _VERB_ _._,5022512
y _VERB_ _._,5022512
No _VERB_ _VERB_,5017218
No_ADV _VERB_ _VERB_,5017195
a _DET_ _DET_,5009907
a_ADP _DET_ _DET_,5006503
esta_DET _NOUN_ _._,5001991
esta _NOUN_ _._,5001991
_START_ - _DET_,4995645
_START_ -_NOUN _DET_,4995645
los _NOUN_ _NOUN_,4985594
los_DET _NOUN_ _NOUN_,4985594
una_DET _NOUN_ _CONJ_,4973502
una _NOUN_ _CONJ_,4973502
es _ADJ_ _._,4970869
que _ADP_ _NOUN_,4970488
que _._ _ADP_,4967562
es_VERB _ADJ_ _._,4957293
lo _ADJ_ _._,4947650
lo_DET _ADJ_ _._,4947260
Se_PRON _VERB_ _ADP_,4946787
Se _VERB_ _ADP_,4946787
que no _PRON_,4943340
que no_ADV _PRON_,4943340
_VERB_ _ADJ_ por,4942896
_VERB_ _ADJ_ por_ADP,4942896
de _NOUN_ con,4934620
de _NOUN_ con_ADP,4934620
de_ADP _NOUN_ con,4934605
de_ADP _NOUN_ con_ADP,4934605
"que_PRON _VERB_ ,_.",4932749
"que_PRON _VERB_ ,",4932749
y _VERB_ _CONJ_,4929090
y_CONJ _VERB_ _CONJ_,4929090
por _DET_ _PRON_,4908252
por_ADP _DET_ _PRON_,4908252
de _NOUN_ para,4906719
de _NOUN_ para_ADP,4906719
de_ADP _NOUN_ para_ADP,4906716
de_ADP _NOUN_ para,4906716
para_ADP _VERB_ _._,4897184
para _VERB_ _._,4897184
_VERB_ _._ pero,4884949
_VERB_ _._ pero_CONJ,4884949
los _PRON_ _VERB_,4884936
los_DET _PRON_ _VERB_,4884649
de _VERB_ a,4884228
de_ADP _VERB_ a,4884052
de _VERB_ a_ADP,4879902
de_ADP _VERB_ a_ADP,4879728
de _NOUN_ _DET_,4874507
de_ADP _NOUN_ _DET_,4874476
las_DET _NOUN_ del,4874129
las _NOUN_ del_ADP,4874129
las_DET _NOUN_ del_ADP,4874129
las _NOUN_ del,4874129
"que ,_. _ADP_",4853537
"que , _ADP_",4853537
_START_ _._ _CONJ_,4851719
a _VERB_ _CONJ_,4849473
a_ADP _VERB_ _CONJ_,4848616
la_DET _NOUN_ se_PRON,4839929
la _NOUN_ se,4839929
la _NOUN_ se_PRON,4839929
la_DET _NOUN_ se,4839929
con _NOUN_ de,4830390
con_ADP _NOUN_ de,4830390
con _NOUN_ de_ADP,4830378
con_ADP _NOUN_ de_ADP,4830378
que lo _VERB_,4829995
que lo_PRON _VERB_,4829995
»_NOUN _._ _END_,4828259
de _PRON_ _VERB_,4828095
la_DET _NOUN_ con,4827628
la_DET _NOUN_ con_ADP,4827628
la _NOUN_ con_ADP,4827628
la _NOUN_ con,4827628
a una _NOUN_,4825991
a una_DET _NOUN_,4825991
a_ADP una _NOUN_,4823642
a_ADP una_DET _NOUN_,4823642
y _._ _ADP_,4821287
y_CONJ _._ _ADP_,4821287
"_VERB_ ,_. pero",4819897
"_VERB_ , pero_CONJ",4819897
"_VERB_ , pero",4819897
"_VERB_ ,_. pero_CONJ",4819897
_START_ _VERB_ un_DET,4818336
_START_ _VERB_ un,4818336
de_ADP _PRON_ _VERB_,4815088
se _VERB_ el,4805845
se_PRON _VERB_ el,4805845
se _VERB_ el_DET,4805827
se_PRON _VERB_ el_DET,4805827
en_ADP _NOUN_ y_CONJ,4791031
en_ADP _NOUN_ y,4791031
en _NOUN_ y_CONJ,4791031
en _NOUN_ y,4791031
con_ADP _NOUN_ .,4782134
con _NOUN_ .,4782134
con_ADP _NOUN_ ._.,4781989
con _NOUN_ ._.,4781989
que _VERB_ un,4776278
que _VERB_ un_DET,4776278
"y ,_. _ADP_",4764068
"y_CONJ ,_. _ADP_",4764068
"y_CONJ , _ADP_",4764068
"y , _ADP_",4764068
y en _DET_,4760459
y en_ADP _DET_,4760459
y_CONJ en _DET_,4760459
y_CONJ en_ADP _DET_,4760459
es _ADV_ _ADJ_,4734681
es_VERB _ADV_ _ADJ_,4734657
_VERB_ _ADJ_ _DET_,4730495
para_ADP _VERB_ a,4715688
para _VERB_ a,4715688
que_PRON _ADV_ _PRON_,4711608
mi _NOUN_ .,4711596
mi_DET _NOUN_ .,4711596
mi _NOUN_ ._.,4711531
mi_DET _NOUN_ ._.,4711531
no _VERB_ _PRON_,4707827
no_ADV _VERB_ _PRON_,4707645
para_ADP _VERB_ a_ADP,4706355
para _VERB_ a_ADP,4706355
tu_DET _NOUN_ _._,4705490
tu _NOUN_ _._,4705490
se había _VERB_,4703019
se_PRON había _VERB_,4703019
se_PRON había_VERB _VERB_,4703019
se había_VERB _VERB_,4703019
un _NOUN_ en,4699300
un _NOUN_ en_ADP,4699300
un_DET _NOUN_ en,4699300
un_DET _NOUN_ en_ADP,4699300
es_VERB un _NOUN_,4694801
es un_DET _NOUN_,4694801
es un _NOUN_,4694801
es_VERB un_DET _NOUN_,4694801
sus_DET _NOUN_ _CONJ_,4688395
sus _NOUN_ _CONJ_,4688395
"con _NOUN_ ,",4677611
"con _NOUN_ ,_.",4677611
"con_ADP _NOUN_ ,_.",4677611
"con_ADP _NOUN_ ,",4677611
"de _PRON_ ,_.",4668382
"de _PRON_ ,",4668382
"de_ADP _PRON_ ,_.",4666086
"de_ADP _PRON_ ,",4666086
los_DET _NOUN_ _ADV_,4664835
los _NOUN_ _ADV_,4664835
en_ADP _ADJ_ _NOUN_,4664815
en _ADJ_ _NOUN_,4664815
y_CONJ _DET_ _ADJ_,4663355
y _DET_ _ADJ_,4663355
es el_DET _NOUN_,4661173
es el _NOUN_,4661173
es_VERB el_DET _NOUN_,4661173
es_VERB el _NOUN_,4661173
y _VERB_ _NOUN_,4651680
y_CONJ _VERB_ _NOUN_,4651680
de la_DET _ADJ_,4649347
de la _ADJ_,4649347
de_ADP la_DET _ADJ_,4649347
de_ADP la _ADJ_,4649347
que_PRON había_VERB _VERB_,4627884
que_PRON había _VERB_,4627884
que_PRON _VERB_ .,4623966
uno de_ADP _DET_,4623391
uno de _DET_,4623391
"mi_DET _NOUN_ ,",4622431
"mi _NOUN_ ,_.",4622431
"mi_DET _NOUN_ ,_.",4622431
"mi _NOUN_ ,",4622431
que_PRON _VERB_ ._.,4620375
que_PRON me_PRON _VERB_,4617496
que_PRON me _VERB_,4617496
uno_PRON de_ADP _DET_,4616931
uno_PRON de _DET_,4616931
de _PRON_ .,4614989
de _PRON_ ._.,4614976
de_ADP _PRON_ .,4612951
de_ADP _PRON_ ._.,4612938
»_NOUN ._. _END_,4601073
»_NOUN . _END_,4601073
que en_ADP _DET_,4566418
que en _DET_,4566418
lo _ADJ_ _ADP_,4565946
lo_DET _ADJ_ _ADP_,4565738
y _VERB_ la,4561900
y_CONJ _VERB_ la,4561900
y_CONJ _VERB_ la_DET,4554154
y _VERB_ la_DET,4554154
de _VERB_ _VERB_,4523287
nos_PRON _VERB_ _ADP_,4522516
nos _VERB_ _ADP_,4522516
de_ADP _VERB_ _VERB_,4522358
toda_DET _DET_ _NOUN_,4517526
toda _DET_ _NOUN_,4517526
la_DET _NOUN_ _DET_,4512803
la _NOUN_ _DET_,4512803
la _DET_ _NOUN_,4511161
la_DET _DET_ _NOUN_,4511120
de mi _NOUN_,4503003
de mi_DET _NOUN_,4503003
de_ADP mi_DET _NOUN_,4502736
de_ADP mi _NOUN_,4502736
la _PRON_ _VERB_,4490973
la_DET _PRON_ _VERB_,4490349
_START_ Por_ADP _DET_,4479086
_START_ Por _DET_,4479086
a _VERB_ a,4466112
a_ADP _VERB_ a,4465412
a _VERB_ a_ADP,4463880
a_ADP _VERB_ a_ADP,4463186
sobre el _NOUN_,4458259
sobre el_DET _NOUN_,4458259
sobre_ADP el _NOUN_,4455975
sobre_ADP el_DET _NOUN_,4455975
¿_. _ADP_ qué_PRON,4448535
¿ _ADP_ qué_PRON,4448535
que_CONJ _ADV_ _PRON_,4422292
y_CONJ su_DET _NOUN_,4414422
y su _NOUN_,4414422
y su_DET _NOUN_,4414422
y_CONJ su _NOUN_,4414422
es la _NOUN_,4413589
es la_DET _NOUN_,4413589
es_VERB la_DET _NOUN_,4413589
es_VERB la _NOUN_,4413589
y_CONJ _NOUN_ _PRON_,4408519
y _NOUN_ _PRON_,4408519
que_CONJ _NOUN_ _VERB_,4398704
al _NOUN_ _CONJ_,4396966
al_ADP _NOUN_ _CONJ_,4396966
_START_ Su _NOUN_,4382551
_START_ Su_DET _NOUN_,4382551
para_ADP _VERB_ _NOUN_,4371884
para _VERB_ _NOUN_,4371884
_START_ _DET_ _PRON_,4350733
se le_PRON _VERB_,4341326
se_PRON le _VERB_,4341326
se le _VERB_,4341326
se_PRON le_PRON _VERB_,4341326
con_ADP _PRON_ _._,4332729
con _PRON_ _._,4332729
y de _NOUN_,4332659
y de_ADP _NOUN_,4332659
y_CONJ de _NOUN_,4332659
y_CONJ de_ADP _NOUN_,4332659
en _NOUN_ _DET_,4332489
en_ADP _NOUN_ _DET_,4332489
que_CONJ _VERB_ a,4330774
que_CONJ _VERB_ a_ADP,4329439
_START_ _NUM_ .,4328963
para_ADP _VERB_ la,4327624
para _VERB_ la,4327624
y_CONJ _PRON_ _PRON_,4325097
y _PRON_ _PRON_,4325097
que_CONJ _VERB_ _._,4323881
para _VERB_ la_DET,4323655
para_ADP _VERB_ la_DET,4323655
las _DET_ _NOUN_,4315265
las_DET _DET_ _NOUN_,4315265
contra _DET_ _NOUN_,4312549
« _NOUN_ _ADJ_,4308960
contra_ADP _DET_ _NOUN_,4307967
se ha_VERB _VERB_,4307604
se_PRON ha_VERB _VERB_,4307604
se ha _VERB_,4307604
se_PRON ha _VERB_,4307604
de _VERB_ _CONJ_,4306692
de_ADP _VERB_ _CONJ_,4306504
_VERB_ _._ _ADJ_,4303228
a través_NOUN _ADP_,4299286
a través _ADP_,4299286
a_ADP través _ADP_,4299104
a_ADP través_NOUN _ADP_,4299104
parte_NOUN _ADP_ _DET_,4296417
parte _ADP_ _DET_,4296417
_START_ _NUM_ ._.,4295700
del_ADP _ADJ_ _NOUN_,4294977
del _ADJ_ _NOUN_,4294977
todo_DET el_DET _NOUN_,4283026
todo_DET el _NOUN_,4283026
todo el _NOUN_,4283026
todo el_DET _NOUN_,4283026
a _DET_ que,4261852
a_ADP _DET_ que,4261798
_START_ Sin _NOUN_,4257694
_START_ Sin_ADP _NOUN_,4257694
con _NOUN_ _CONJ_,4251119
con_ADP _NOUN_ _CONJ_,4251119
a _DET_ que_PRON,4236925
a_ADP _DET_ que_PRON,4236883
pero_CONJ _ADV_ _VERB_,4234628
pero _ADV_ _VERB_,4234628
_START_ _NOUN_ se_PRON,4231046
_START_ _NOUN_ se,4231046
_START_ Una_DET _NOUN_,4227105
_START_ Una _NOUN_,4227105
_START_ _NUM_ _NOUN_,4223277
_START_ -_NOUN _CONJ_,4215533
_START_ - _CONJ_,4215533
_VERB_ : _._,4207622
_VERB_ :_. _._,4207622
_START_ _CONJ_ _._,4206821
si _DET_ _NOUN_,4205656
si_CONJ _DET_ _NOUN_,4205656
y_CONJ _VERB_ _ADV_,4205247
y _VERB_ _ADV_,4205247
_START_ _ADP_ _ADV_,4203920
él _._ _END_,4201134
él_PRON _._ _END_,4201134
el _NOUN_ se_PRON,4190606
el _NOUN_ se,4190606
el_DET _NOUN_ se_PRON,4190606
el_DET _NOUN_ se,4190606
por los _NOUN_,4186424
por los_DET _NOUN_,4186424
por_ADP los_DET _NOUN_,4186424
por_ADP los _NOUN_,4186424
cuando _DET_ _NOUN_,4175157
cuando_CONJ _DET_ _NOUN_,4174933
que_PRON _VERB_ que,4170187
que_PRON _VERB_ que_CONJ,4168862
como _NOUN_ _._,4164686
_START_ Un _NOUN_,4162177
_START_ Un_DET _NOUN_,4162177
que_CONJ _VERB_ _ADV_,4162101
que _VERB_ con,4159297
que _VERB_ con_ADP,4159297
los_DET _NOUN_ en_ADP,4157475
los_DET _NOUN_ en,4157475
los _NOUN_ en_ADP,4157475
los _NOUN_ en,4157475
que_CONJ _VERB_ _NOUN_,4156204
que_CONJ _VERB_ _ADJ_,4155112
En_ADP _NOUN_ _._,4150221
En _NOUN_ _._,4150221
había _VERB_ _._,4149186
había_VERB _VERB_ _._,4149186
que _VERB_ una,4144998
_START_ _DET_ _DET_,4141042
o_CONJ _NOUN_ _._,4128606
o _NOUN_ _._,4128606
la_DET _NOUN_ para,4119192
la_DET _NOUN_ para_ADP,4119192
la _NOUN_ para_ADP,4119192
la _NOUN_ para,4119192
de _VERB_ .,4110852
de_ADP _VERB_ .,4110712
de _VERB_ ._.,4101509
de_ADP _VERB_ ._.,4101369
de lo _PRON_,4095331
de lo_DET _PRON_,4095331
de_ADP lo _PRON_,4095331
de_ADP lo_DET _PRON_,4095331
que las _NOUN_,4073010
que las_DET _NOUN_,4073010
por_ADP _DET_ _ADJ_,4072238
por _DET_ _ADJ_,4072238
le _VERB_ _NOUN_,4066656
le_PRON _VERB_ _NOUN_,4066656
que _VERB_ una_DET,4059289
_START_ _NOUN_ :,4043625
_START_ _NOUN_ :_.,4043625
como_CONJ _NOUN_ _._,4040790
_START_ _VERB_ _PRON_,4034246
Sin _NOUN_ _._,4032498
Sin_ADP _NOUN_ _._,4032498
su _NOUN_ en,4026624
su _NOUN_ en_ADP,4026624
su_DET _NOUN_ en_ADP,4026624
su_DET _NOUN_ en,4026624
por_ADP _NOUN_ _ADJ_,4026538
por _NOUN_ _ADJ_,4026538
y no_ADV _VERB_,4020763
y_CONJ no_ADV _VERB_,4020763
y_CONJ no _VERB_,4020763
y no _VERB_,4020763
que _VERB_ _PRON_,4014909
el _PRON_ _VERB_,4012024
el_DET _PRON_ _VERB_,4010848
que _DET_ _ADJ_,4003250
_START_ _ADP_ embargo,4003120
_START_ _ADP_ embargo_NOUN,4003120
con_ADP su_DET _NOUN_,4000816
con_ADP su _NOUN_,4000816
con su_DET _NOUN_,4000816
con su _NOUN_,4000816
o_CONJ _NOUN_ _ADP_,3999819
o _NOUN_ _ADP_,3999819
parte_NOUN de _DET_,3999713
parte de _DET_,3999713
parte_NOUN de_ADP _DET_,3999713
parte de_ADP _DET_,3999713
que _ADV_ se,3997233
que _ADV_ se_PRON,3997233
de _NOUN_ se_PRON,3992696
de _NOUN_ se,3992696
de_ADP _NOUN_ se_PRON,3992695
de_ADP _NOUN_ se,3992695
me_PRON _VERB_ _CONJ_,3988947
me _VERB_ _CONJ_,3988947
el_DET _DET_ _NOUN_,3977064
el _DET_ _NOUN_,3977064
todas_DET las _NOUN_,3974173
todas las_DET _NOUN_,3974173
todas las _NOUN_,3974173
todas_DET las_DET _NOUN_,3974173
_START_ _NOUN_ _NUM_,3955129
"lo _VERB_ ,",3939764
"lo _VERB_ ,_.",3939764
"lo_PRON _VERB_ ,_.",3939658
"lo_PRON _VERB_ ,",3939658
como un_DET _NOUN_,3939375
como un _NOUN_,3939375
que nos _VERB_,3938261
que nos_PRON _VERB_,3938261
como_CONJ un_DET _NOUN_,3935053
como_CONJ un _NOUN_,3935053
En_ADP el _NOUN_,3927329
En el _NOUN_,3927329
En el_DET _NOUN_,3927329
En_ADP el_DET _NOUN_,3927329
"Sin _NOUN_ ,_.",3922867
"Sin _NOUN_ ,",3922867
"Sin_ADP _NOUN_ ,_.",3922867
"Sin_ADP _NOUN_ ,",3922867
en _NOUN_ _VERB_,3909533
en_ADP _NOUN_ _VERB_,3909533
a sus_DET _NOUN_,3906034
a sus _NOUN_,3906034
a_ADP sus_DET _NOUN_,3906018
a_ADP sus _NOUN_,3906018
de lo que,3905256
de_ADP lo_DET que_PRON,3904946
de lo que_PRON,3904946
de lo_DET que,3904946
de_ADP lo_DET que,3904946
de_ADP lo que_PRON,3904946
de_ADP lo que,3904946
de lo_DET que_PRON,3904946
te_PRON _VERB_ _._,3898298
te _VERB_ _._,3898298
no_ADV _VERB_ a,3891361
no _VERB_ a,3891361
no _VERB_ a_ADP,3891051
no_ADV _VERB_ a_ADP,3891051
_START_ _ADV_ _CONJ_,3888420
de _CONJ_ _PRON_,3883634
de_ADP _CONJ_ _PRON_,3883585
puede _VERB_ _ADP_,3882732
puede_VERB _VERB_ _ADP_,3882732
"más_ADV _ADJ_ ,",3869042
"más_ADV _ADJ_ ,_.",3869042
"más _ADJ_ ,",3869042
"más _ADJ_ ,_.",3869042
un _NOUN_ _VERB_,3865885
un_DET _NOUN_ _VERB_,3865885
o _ADP_ _DET_,3865689
o_CONJ _ADP_ _DET_,3865689
pero_CONJ _DET_ _NOUN_,3858496
pero _DET_ _NOUN_,3858496
con _DET_ _PRON_,3852268
con_ADP _DET_ _PRON_,3852268
Los _NOUN_ _ADP_,3850992
Los_DET _NOUN_ _ADP_,3850992
"a _VERB_ ,",3847429
"a _VERB_ ,_.",3847429
"a_ADP _VERB_ ,",3846815
"a_ADP _VERB_ ,_.",3846815
de _NOUN_ o_CONJ,3844978
de _NOUN_ o,3844978
de_ADP _NOUN_ o,3844975
de_ADP _NOUN_ o_CONJ,3844975
por _DET_ que,3839707
por_ADP _DET_ que,3839707
_START_ _VERB_ una,3839056
Por_ADP _DET_ _NOUN_,3833431
Por _DET_ _NOUN_,3833431
por _DET_ que_PRON,3833122
por_ADP _DET_ que_PRON,3833122
"este _NOUN_ ,",3827403
"este _NOUN_ ,_.",3827403
"este_DET _NOUN_ ,_.",3827403
"este_DET _NOUN_ ,",3827403
un _NOUN_ y_CONJ,3822706
un _NOUN_ y,3822706
un_DET _NOUN_ y_CONJ,3822706
un_DET _NOUN_ y,3822706
_START_ _ADV_ de,3811175
_START_ _ADV_ de_ADP,3810980
_START_ _CONJ_ no_ADV,3804132
_START_ _CONJ_ no,3804132
otra _NOUN_ _._,3794937
otra_DET _NOUN_ _._,3794703
¿_. _DET_ _NOUN_,3790334
¿ _DET_ _NOUN_,3790334
_START_ _ADJ_ _._,3786139
_START_ A _NOUN_,3782340
_START_ A_ADP _NOUN_,3782340
que_CONJ las_DET _NOUN_,3773162
que_CONJ las _NOUN_,3773162
y_CONJ _VERB_ que,3767022
y _VERB_ que,3767022
y_CONJ _VERB_ que_CONJ,3765100
y _VERB_ que_CONJ,3765100
con las _NOUN_,3762420
con_ADP las_DET _NOUN_,3762420
con_ADP las _NOUN_,3762420
con las_DET _NOUN_,3762420
el _NOUN_ a,3759505
el_DET _NOUN_ a,3759505
el _NOUN_ a_ADP,3756592
el_DET _NOUN_ a_ADP,3756592
le _VERB_ a,3753879
le_PRON _VERB_ a,3753879
le _VERB_ a_ADP,3753611
le_PRON _VERB_ a_ADP,3753611
de _VERB_ la,3751771
de_ADP _VERB_ la,3751395
de que _PRON_,3750545
que te _VERB_,3750322
que te_PRON _VERB_,3750322
"En_ADP _NOUN_ ,_.",3748774
"En _NOUN_ ,_.",3748774
"En_ADP _NOUN_ ,",3748774
"En _NOUN_ ,",3748774
de_ADP que_CONJ _PRON_,3748336
de_ADP que _PRON_,3748336
de que_CONJ _PRON_,3748336
más _ADJ_ .,3747644
más_ADV _ADJ_ .,3747644
más _ADJ_ ._.,3745895
más_ADV _ADJ_ ._.,3745895
_VERB_ ; _END_,3745494
_VERB_ ;_. _END_,3745494
de _VERB_ la_DET,3742412
es_VERB una_DET _NOUN_,3742391
es_VERB una _NOUN_,3742391
es una _NOUN_,3742391
es una_DET _NOUN_,3742391
_VERB_ -_NOUN _._,3742266
_VERB_ - _._,3742266
de_ADP _VERB_ la_DET,3742043
de _NOUN_ -,3740723
de_ADP _NOUN_ -,3740713
_START_ _ADV_ se_PRON,3736883
_START_ _ADV_ se,3736883
y a_ADP _DET_,3734021
y_CONJ a _DET_,3734021
y_CONJ a_ADP _DET_,3734021
y a _DET_,3734021
a _NOUN_ y,3733596
a _NOUN_ y_CONJ,3733596
_START_ _VERB_ una_DET,3732863
_START_ --_. _NOUN_,3731904
_START_ -- _NOUN_,3731904
a_ADP _NOUN_ y_CONJ,3731710
a_ADP _NOUN_ y,3731710
a _VERB_ _ADV_,3726707
a_ADP _VERB_ _ADV_,3725509
de _NOUN_ -_NOUN,3723661
de_ADP _NOUN_ -_NOUN,3723651
"de _VERB_ ,",3720879
"de _VERB_ ,_.",3720879
"de_ADP _VERB_ ,",3720743
"de_ADP _VERB_ ,_.",3720743
El _NOUN_ _PRON_,3719120
El_DET _NOUN_ _PRON_,3719120
como _NOUN_ de_ADP,3718911
como _NOUN_ de,3718911
él . _END_,3705001
él_PRON . _END_,3704897
él_PRON ._. _END_,3704897
él ._. _END_,3704897
como_CONJ _NOUN_ de_ADP,3699595
como_CONJ _NOUN_ de,3699595
de este_DET _NOUN_,3698323
de este _NOUN_,3698323
de_ADP este _NOUN_,3698289
de_ADP este_DET _NOUN_,3698289
_START_ En el,3695039
_START_ En_ADP el,3694722
_START_ En_ADP el_DET,3694722
_START_ En el_DET,3694722
la que _VERB_,3686924
la_DET que _VERB_,3686924
la que_PRON _VERB_,3686924
la_DET que_PRON _VERB_,3686924
« _DET_ _NOUN_,3686599
ella _._ _END_,3686202
ella_PRON _._ _END_,3686202
dos _NOUN_ _._,3680976
dos_DET _NOUN_ _._,3680789
"sin_ADP _NOUN_ ,",3672409
"sin _NOUN_ ,",3672409
"sin _NOUN_ ,_.",3672409
"sin_ADP _NOUN_ ,_.",3672409
con _ADJ_ _NOUN_,3671727
con_ADP _ADJ_ _NOUN_,3671727
Sin embargo _._,3667161
Sin_ADP embargo _._,3667161
Sin_ADP embargo_NOUN _._,3667161
Sin embargo_NOUN _._,3667161
a _VERB_ en,3661427
a _VERB_ en_ADP,3661427
a_ADP _VERB_ en_ADP,3660855
a_ADP _VERB_ en,3660855
"Sin embargo ,",3653200
"Sin embargo ,_.",3653039
"Sin embargo_NOUN ,",3653039
"Sin_ADP embargo_NOUN ,_.",3653039
"Sin embargo_NOUN ,_.",3653039
"Sin_ADP embargo ,",3653039
"Sin_ADP embargo ,_.",3653039
"Sin_ADP embargo_NOUN ,",3653039
para _VERB_ el,3652234
para_ADP _VERB_ el,3652234
para _VERB_ el_DET,3652157
para_ADP _VERB_ el_DET,3652157
_START_ Sin embargo,3648519
_START_ Sin embargo_NOUN,3648350
_START_ Sin_ADP embargo,3648350
_START_ Sin_ADP embargo_NOUN,3648350
se _VERB_ y,3647030
se_PRON _VERB_ y,3647030
se _VERB_ y_CONJ,3647030
se_PRON _VERB_ y_CONJ,3647030
en _PRON_ _VERB_,3646549
en_ADP _PRON_ _VERB_,3646549
sus _NOUN_ y_CONJ,3645249
sus_DET _NOUN_ y,3645249
sus_DET _NOUN_ y_CONJ,3645249
sus _NOUN_ y,3645249
y _VERB_ el,3640199
y_CONJ _VERB_ el,3640199
y_CONJ _VERB_ el_DET,3640071
y _VERB_ el_DET,3640071
su_DET _NOUN_ _PRON_,3634011
su _NOUN_ _PRON_,3634011
ante _DET_ _NOUN_,3633302
ante_ADP _DET_ _NOUN_,3633302
como _PRON_ _VERB_,3625543
como_CONJ _PRON_ _VERB_,3622301
_START_ _._ Qué,3620583
una _ADP_ _DET_,3617226
y le _VERB_,3611303
y le_PRON _VERB_,3611303
y_CONJ le _VERB_,3611303
y_CONJ le_PRON _VERB_,3611303
_START_ _ADV_ _NUM_,3610365
ese_DET _NOUN_ _._,3609827
ese _NOUN_ _._,3609827
y_CONJ _ADP_ _VERB_,3591444
y _ADP_ _VERB_,3591444
_START_ _VERB_ en_ADP,3586629
_START_ _VERB_ en,3586629
de _NOUN_ :_.,3586605
de _NOUN_ :,3586605
de_ADP _NOUN_ :,3586602
de_ADP _NOUN_ :_.,3586602
se_PRON _VERB_ por_ADP,3584757
se _VERB_ por_ADP,3584757
se_PRON _VERB_ por,3584757
se _VERB_ por,3584757
los que _VERB_,3581320
los_DET que _VERB_,3581320
los que_PRON _VERB_,3581320
los_DET que_PRON _VERB_,3581320
una_PRON _ADP_ _DET_,3567446
y me _VERB_,3562861
y me_PRON _VERB_,3562861
y_CONJ me_PRON _VERB_,3562861
y_CONJ me _VERB_,3562861
más_ADV _ADJ_ de,3556486
más _ADJ_ de,3556486
más_ADV _ADJ_ de_ADP,3556340
más _ADJ_ de_ADP,3556340
[ _NUM_ ],3546606
__ __ __,3543556
"_VERB_ , _ADJ_",3537682
"_VERB_ ,_. _ADJ_",3537682
_START_ _NOUN_ y,3537295
_START_ _NOUN_ y_CONJ,3537295
_START_ _ADV_ _DET_,3515950
mi_DET _NOUN_ _ADP_,3515697
mi _NOUN_ _ADP_,3515697
a _VERB_ la,3513451
a_ADP _VERB_ la,3512303
_START_ _ADJ_ _ADP_,3510888
a _VERB_ la_DET,3507059
a_ADP _VERB_ la_DET,3505917
_VERB_ : _NOUN_,3493773
_VERB_ :_. _NOUN_,3493773
tipo_NOUN _ADP_ _NOUN_,3493180
tipo _ADP_ _NOUN_,3493180
más _ADP_ _DET_,3491689
más_ADV _ADP_ _DET_,3491689
_START_ ¿ _VERB_,3491379
_START_ ¿_. _VERB_,3491379
la_DET _NOUN_ -,3486743
la _NOUN_ -,3486743
la_DET _NOUN_ -_NOUN,3480441
la _NOUN_ -_NOUN,3480441
que_PRON _ADP_ _DET_,3479844
[ _NUM_ _NOUN_,3475112
¿_. Qué_PRON _VERB_,3472269
¿ Qué_PRON _VERB_,3472269
¿_. Qué _VERB_,3472269
¿ Qué _VERB_,3472269
_START_ _CONJ_ _CONJ_,3472071
_START_ No_ADV _PRON_,3463896
_START_ No _PRON_,3463896
tan_ADV _ADJ_ _CONJ_,3457684
tan _ADJ_ _CONJ_,3457684
que_CONJ _DET_ _ADJ_,3451456
muy_ADV _ADJ_ _ADP_,3447450
muy _ADJ_ _ADP_,3447450
una _NOUN_ en_ADP,3445726
una _NOUN_ en,3445726
una_DET _NOUN_ en_ADP,3445726
una_DET _NOUN_ en,3445726
por _PRON_ _._,3445526
por_ADP _PRON_ _._,3445526
como _NOUN_ _ADJ_,3442008
son _DET_ _NOUN_,3439540
son_VERB _DET_ _NOUN_,3439284
tipo de _NOUN_,3437973
tipo de_ADP _NOUN_,3437973
tipo_NOUN de _NOUN_,3437973
tipo_NOUN de_ADP _NOUN_,3437973
_VERB_ -_NOUN _VERB_,3434862
_VERB_ - _VERB_,3434862
que su_DET _NOUN_,3428620
que su _NOUN_,3428620
_START_ _VERB_ de,3428349
_START_ _VERB_ de_ADP,3428172
le_PRON _VERB_ _CONJ_,3427207
le _VERB_ _CONJ_,3427207
ser _DET_ _NOUN_,3422668
como_CONJ _NOUN_ _ADJ_,3422182
a través de,3421946
ser_VERB _DET_ _NOUN_,3420909
[ _NUM_ ]_NOUN,3418318
a través_NOUN de_ADP,3417465
a través_NOUN de,3417465
a través de_ADP,3417465
a_ADP través de,3417318
a_ADP través_NOUN de,3417318
a_ADP través_NOUN de_ADP,3417318
a_ADP través de_ADP,3417318
y _ADV_ _ADJ_,3417284
y_CONJ _ADV_ _ADJ_,3417284
para_ADP _VERB_ _CONJ_,3413757
para _VERB_ _CONJ_,3413757
en el _PRON_,3412369
en_ADP el_DET _PRON_,3412369
en_ADP el _PRON_,3412369
en el_DET _PRON_,3412369
por_ADP su_DET _NOUN_,3406447
por_ADP su _NOUN_,3406447
por su _NOUN_,3406447
por su_DET _NOUN_,3406447
_VERB_ _ADJ_ para,3405547
_VERB_ _ADJ_ para_ADP,3405547
y_CONJ _ADV_ _PRON_,3403430
y _ADV_ _PRON_,3403430
en_ADP sus_DET _NOUN_,3394731
en_ADP sus _NOUN_,3394731
en sus _NOUN_,3394731
en sus_DET _NOUN_,3394731
te _VERB_ _ADP_,3391457
te_PRON _VERB_ _ADP_,3391457
que_CONJ _VERB_ _CONJ_,3390063
»_ADJ _._ _END_,3379844
uno _ADP_ los,3376321
uno _ADP_ los_DET,3376052
«_NUM _NOUN_ _ADJ_,3375629
tiene_VERB _DET_ _NOUN_,3372183
tiene _DET_ _NOUN_,3372183
uno_PRON _ADP_ los,3371325
uno_PRON _ADP_ los_DET,3371056
_START_ _PRON_ _ADV_,3370069
más _ADJ_ que,3368326
más_ADV _ADJ_ que,3368326
el _NOUN_ _NUM_,3367804
el_DET _NOUN_ _NUM_,3367804
en_ADP _DET_ momento,3366829
en_ADP _DET_ momento_NOUN,3366829
en _DET_ momento,3366829
en _DET_ momento_NOUN,3366829
o_CONJ _ADP_ _NOUN_,3366144
o _ADP_ _NOUN_,3366144
de _DET_ vida_NOUN,3361556
de _DET_ vida,3361556
de_ADP _DET_ vida,3361536
de_ADP _DET_ vida_NOUN,3361536
una de _DET_,3359035
una de_ADP _DET_,3359014
uno de los,3357022
uno de_ADP los,3356655
uno de los_DET,3356389
uno de_ADP los_DET,3356389
uno_PRON de los,3351722
uno_PRON de_ADP los,3351722
uno_PRON de_ADP los_DET,3351456
uno_PRON de los_DET,3351456
_START_ -_NOUN _ADP_,3342047
_START_ - _ADP_,3342047
_START_ A _DET_,3339587
_START_ A_ADP _DET_,3339587
A _DET_ _NOUN_,3325967
¡_. _X_ _._,3315221
¡ _X_ _._,3315221
a mi_DET _NOUN_,3314059
a mi _NOUN_,3314059
a_ADP mi _NOUN_,3313476
a_ADP mi_DET _NOUN_,3313476
una_PRON de _DET_,3312900
una_PRON de_ADP _DET_,3312900
sus _NOUN_ _VERB_,3300829
sus_DET _NOUN_ _VERB_,3300829
_VERB_ _._ en,3298999
_VERB_ _._ en_ADP,3298999
no_ADV me_PRON _VERB_,3287446
no me _VERB_,3287446
no_ADV me _VERB_,3287446
no me_PRON _VERB_,3287446
ella . _END_,3280317
ella_PRON . _END_,3280203
ella_PRON ._. _END_,3280203
ella ._. _END_,3280203
o _NOUN_ _ADJ_,3279991
o_CONJ _NOUN_ _ADJ_,3279991
la _NOUN_ es_VERB,3276841
la _NOUN_ es,3276841
la_DET _NOUN_ es,3276841
la_DET _NOUN_ es_VERB,3276841
y _ADP_ _PRON_,3263681
y_CONJ _ADP_ _PRON_,3263681
no_ADV lo_PRON _VERB_,3261107
no lo_PRON _VERB_,3261107
no lo _VERB_,3261107
no_ADV lo _VERB_,3261107
no _VERB_ que,3256355
no_ADV _VERB_ que,3256283
no _VERB_ que_CONJ,3255348
no_ADV _VERB_ que_CONJ,3255276
en _PRON_ _._,3255037
en_ADP _PRON_ _._,3255037
de _PRON_ _ADP_,3254109
de_ADP _PRON_ _ADP_,3252338
me _VERB_ a,3252311
me_PRON _VERB_ a,3252311
me _VERB_ a_ADP,3251878
me_PRON _VERB_ a_ADP,3251878
"_START_ _CONJ_ ,",3232366
"_START_ _CONJ_ ,_.",3232366
gran _NOUN_ _ADP_,3223562
gran_ADJ _NOUN_ _ADP_,3223562
en_ADP este _NOUN_,3222158
en este_DET _NOUN_,3222158
en este _NOUN_,3222158
en_ADP este_DET _NOUN_,3222158
_VERB_ _ADJ_ que_CONJ,3221499
a _ADJ_ _NOUN_,3218699
A_ADP _DET_ _NOUN_,3214630
tenía_VERB _DET_ _NOUN_,3210901
tenía _DET_ _NOUN_,3210901
al_ADP _NOUN_ _NOUN_,3209081
al _NOUN_ _NOUN_,3209081
de esta_DET _NOUN_,3207021
de esta _NOUN_,3207021
de_ADP esta_DET _NOUN_,3206188
de_ADP esta _NOUN_,3206188
Los _NOUN_ _VERB_,3205771
Los_DET _NOUN_ _VERB_,3205771
de _VERB_ el,3205599
de _VERB_ el_DET,3205532
la _VERB_ _VERB_,3205502
de_ADP _VERB_ el,3205462
de_ADP _VERB_ el_DET,3205395
y _ADV_ _ADP_,3204655
y_CONJ _ADV_ _ADP_,3204655
es _VERB_ _._,3204082
es_VERB _VERB_ _._,3204079
dos _NOUN_ _ADP_,3200285
dos_DET _NOUN_ _ADP_,3200161
con _NOUN_ y,3196655
con_ADP _NOUN_ y,3196655
con _NOUN_ y_CONJ,3196655
con_ADP _NOUN_ y_CONJ,3196655
te _VERB_ _VERB_,3189406
te_PRON _VERB_ _VERB_,3189406
bajo _DET_ _NOUN_,3188525
_X_ _._ _END_,3181336
y_CONJ que _VERB_,3169710
y que _VERB_,3169710
las_DET _NOUN_ _ADV_,3169708
las _NOUN_ _ADV_,3169708
_START_ Le_PRON _VERB_,3165719
_START_ Le _VERB_,3165719
puede_VERB _VERB_ _DET_,3154536
puede _VERB_ _DET_,3154536
que_CONJ su_DET _NOUN_,3151561
que_CONJ su _NOUN_,3151561
por_ADP un _NOUN_,3151453
por un_DET _NOUN_,3151453
por_ADP un_DET _NOUN_,3151453
por un _NOUN_,3151453
que _VERB_ los,3150223
a_ADP _ADJ_ _NOUN_,3149037
pero _PRON_ _VERB_,3146508
pero_CONJ _PRON_ _VERB_,3146508
»_ADJ ._. _END_,3146441
»_ADJ . _END_,3146441
la_PRON _VERB_ _VERB_,3142677
que _VERB_ los_DET,3142548
que_CONJ no _PRON_,3131465
que_CONJ no_ADV _PRON_,3131465
del_ADP _NOUN_ en_ADP,3127583
del_ADP _NOUN_ en,3127583
del _NOUN_ en,3127583
del _NOUN_ en_ADP,3127583
_START_ ¿ Qué,3122367
_START_ ¿_. Qué,3122185
bajo_ADP _DET_ _NOUN_,3121812
que_CONJ _ADP_ _NOUN_,3118591
había_VERB _VERB_ a,3116911
había _VERB_ a,3116911
había _VERB_ a_ADP,3116800
había_VERB _VERB_ a_ADP,3116800
el que_PRON _VERB_,3111852
el que _VERB_,3111852
el_DET que _VERB_,3111852
el_DET que_PRON _VERB_,3111852
se _VERB_ al_ADP,3110680
se_PRON _VERB_ al,3110680
se_PRON _VERB_ al_ADP,3110680
se _VERB_ al,3110680
"_VERB_ , en",3110348
"_VERB_ , en_ADP",3110348
"_VERB_ ,_. en_ADP",3110348
"_VERB_ ,_. en",3110348
La _NOUN_ _._,3108904
La_DET _NOUN_ _._,3108904
al_ADP _VERB_ _DET_,3100183
al _VERB_ _DET_,3100183
este_DET _NOUN_ _ADP_,3099886
este _NOUN_ _ADP_,3099886
la _VERB_ _._,3099527
a _VERB_ el,3099447
a _VERB_ el_DET,3099427
a_ADP _VERB_ el,3098566
a_ADP _VERB_ el_DET,3098546
la_PRON _VERB_ _._,3095522
Es_VERB _DET_ _NOUN_,3089649
Es _DET_ _NOUN_,3089649
del _NOUN_ que,3089000
del_ADP _NOUN_ que,3089000
con_ADP _DET_ _DET_,3086453
con _DET_ _DET_,3086453
por las_DET _NOUN_,3085246
por las _NOUN_,3085246
por_ADP las _NOUN_,3085246
por_ADP las_DET _NOUN_,3085246
_START_ ¿ _ADP_,3081689
_START_ ¿_. _ADP_,3081689
del_ADP _NOUN_ del_ADP,3070181
del _NOUN_ del,3070181
del _NOUN_ del_ADP,3070181
del_ADP _NOUN_ del,3070181
"_START_ _VERB_ ,_.",3068226
"_START_ _VERB_ ,",3068226
había _VERB_ _VERB_,3066042
había_VERB _VERB_ _VERB_,3066042
p _._ _END_,3064713
p . _END_,3061625
p ._. _END_,3061593
al _NOUN_ y_CONJ,3060935
al _NOUN_ y,3060935
al_ADP _NOUN_ y,3060935
al_ADP _NOUN_ y_CONJ,3060935
es _DET_ _ADJ_,3060852
es_VERB _DET_ _ADJ_,3060851
me _VERB_ _ADV_,3056746
me_PRON _VERB_ _ADV_,3056746
estaba _ADJ_ _ADP_,3054733
estaba_VERB _ADJ_ _ADP_,3054733
De_ADP _DET_ _NOUN_,3048927
De _DET_ _NOUN_,3048927
como_CONJ el _NOUN_,3046693
como el _NOUN_,3046693
como el_DET _NOUN_,3046693
como_CONJ el_DET _NOUN_,3046693
La _NOUN_ _PRON_,3042638
La_DET _NOUN_ _PRON_,3042638
_VERB_ !_. _END_,3036341
_VERB_ ! _END_,3036341
a _PRON_ _ADP_,3035339
a_ADP _PRON_ _ADP_,3032113
nos_PRON _VERB_ _VERB_,3018240
nos _VERB_ _VERB_,3018240
para_ADP _PRON_ _._,3016307
para _PRON_ _._,3016307
que_CONJ _PRON_ _PRON_,3015586
su _NOUN_ _NOUN_,3009458
su_DET _NOUN_ _NOUN_,3009458
p_NOUN _._ _END_,3007771
p_NOUN . _END_,3005241
p_NOUN ._. _END_,3005241
muy _ADJ_ .,3003619
muy_ADV _ADJ_ .,3003619
muy _ADJ_ ._.,3002510
muy_ADV _ADJ_ ._.,3002510
_START_ Y_CONJ _ADV_,2999571
_START_ Y _ADV_,2999571
"_._ ""_. _END_",2994729
"_._ "" _END_",2994729
_START_ _ADP_ _ADJ_,2982676
_START_ _ADP_ los,2981726
_START_ _ADP_ los_DET,2981268
y _VERB_ _ADJ_,2976818
y_CONJ _VERB_ _ADJ_,2976818
y _ADJ_ de,2974000
y_CONJ _ADJ_ de,2974000
y_CONJ _ADJ_ de_ADP,2973878
y _ADJ_ de_ADP,2973878
le_PRON _VERB_ la,2973619
le _VERB_ la,2973619
le_PRON _VERB_ la_DET,2969451
le _VERB_ la_DET,2969451
El _NOUN_ _NOUN_,2960764
El_DET _NOUN_ _NOUN_,2960764
que _VERB_ al_ADP,2960721
que _VERB_ al,2960721
y_CONJ _VERB_ en_ADP,2954065
y_CONJ _VERB_ en,2954065
y _VERB_ en,2954065
y _VERB_ en_ADP,2954065
a _NOUN_ _PRON_,2952691
no_ADV le _VERB_,2951870
no_ADV le_PRON _VERB_,2951870
no le_PRON _VERB_,2951870
no le _VERB_,2951870
antes_ADV _ADP_ _VERB_,2949688
antes _ADP_ _VERB_,2949688
que_PRON nos_PRON _VERB_,2948971
que_PRON nos _VERB_,2948971
que_CONJ me_PRON _VERB_,2948936
que_CONJ me _VERB_,2948936
En la _NOUN_,2948650
En la_DET _NOUN_,2948650
En_ADP la _NOUN_,2948650
En_ADP la_DET _NOUN_,2948650
« _NOUN_ »,2948052
a_ADP _NOUN_ _PRON_,2947744
toda_DET la_DET _NOUN_,2945220
toda_DET la _NOUN_,2945220
toda la_DET _NOUN_,2945220
toda la _NOUN_,2945220
_START_ _CONJ_ el,2944688
_START_ _CONJ_ el_DET,2943235
El _NOUN_ _._,2943167
El_DET _NOUN_ _._,2943167
por_ADP _NOUN_ .,2939053
por _NOUN_ .,2939053
por _NOUN_ ._.,2938859
por_ADP _NOUN_ ._.,2938859
es _ADJ_ _ADP_,2935207
como una _NOUN_,2934901
como una_DET _NOUN_,2934901
del_ADP _NOUN_ que_PRON,2933643
del _NOUN_ que_PRON,2933643
es_VERB _ADJ_ _ADP_,2924748
en el que,2917461
antes_ADV de_ADP _VERB_,2917203
antes_ADV de _VERB_,2917203
antes de_ADP _VERB_,2917203
antes de _VERB_,2917203
en el_DET que_PRON,2917100
en el_DET que,2917100
en el que_PRON,2917100
en_ADP el_DET que_PRON,2917100
en_ADP el_DET que,2917100
en_ADP el que,2917100
en_ADP el que_PRON,2917100
había _VERB_ _ADV_,2914985
había_VERB _VERB_ _ADV_,2914985
que _PRON_ había,2913165
que _PRON_ había_VERB,2913165
el _NOUN_ con_ADP,2910201
el _NOUN_ con,2910201
el_DET _NOUN_ con,2910201
el_DET _NOUN_ con_ADP,2910201
o_CONJ _ADJ_ _._,2909792
o _ADJ_ _._,2909792
como _ADP_ _DET_,2908980
como_CONJ _ADP_ _DET_,2908980
como_CONJ una_DET _NOUN_,2898253
como_CONJ una _NOUN_,2898253
de _VERB_ _ADV_,2892075
de_ADP _VERB_ _ADV_,2891836
vida _._ _END_,2876390
vida_NOUN _._ _END_,2876390
me _VERB_ .,2874231
me_PRON _VERB_ .,2874231
me _VERB_ ._.,2873099
me_PRON _VERB_ ._.,2873099
tan_ADV _ADJ_ _._,2872633
tan _ADJ_ _._,2872633
la misma _NOUN_,2871535
la misma_DET _NOUN_,2871535
la_DET misma _NOUN_,2871529
la_DET misma_DET _NOUN_,2871529
_VERB_ un poco,2870418
_VERB_ un_DET poco,2870418
otro _NOUN_ _._,2863727
otro_DET _NOUN_ _._,2861263
está_VERB _ADJ_ _ADP_,2861149
está _ADJ_ _ADP_,2861149
sus_DET _ADJ_ _NOUN_,2859670
sus _ADJ_ _NOUN_,2859670
al_ADP _NOUN_ _PRON_,2852837
al _NOUN_ _PRON_,2852837
la_DET _NOUN_ por_ADP,2851551
la _NOUN_ por_ADP,2851551
la _NOUN_ por,2851551
la_DET _NOUN_ por,2851551
como la _NOUN_,2850395
como la_DET _NOUN_,2850395
_VERB_ _ADJ_ _PRON_,2850052
las _NOUN_ en,2849808
las _NOUN_ en_ADP,2849808
las_DET _NOUN_ en,2849808
las_DET _NOUN_ en_ADP,2849808
_START_ De_ADP _NOUN_,2846542
_START_ De _NOUN_,2846542
le había _VERB_,2843107
le había_VERB _VERB_,2843107
le_PRON había _VERB_,2843107
le_PRON había_VERB _VERB_,2843107
de _VERB_ en_ADP,2842924
de _VERB_ en,2842924
de_ADP _VERB_ en,2842814
de_ADP _VERB_ en_ADP,2842814
de _NOUN_ ;_.,2840770
de _NOUN_ ;,2840770
de_ADP _NOUN_ ;_.,2840759
de_ADP _NOUN_ ;,2840759
_X_ !_. _END_,2839204
_X_ ! _END_,2839204
no _VERB_ de,2835369
no _VERB_ de_ADP,2835316
no_ADV _VERB_ de,2835218
no_ADV _VERB_ de_ADP,2835165
"a _PRON_ ,",2834870
"a _PRON_ ,_.",2834870
"a_ADP _PRON_ ,_.",2831630
"a_ADP _PRON_ ,",2831630
que_PRON _PRON_ _PRON_,2826151
es _ADJ_ _CONJ_,2823945
a _PRON_ .,2820019
a _PRON_ ._.,2820018
es_VERB _ADJ_ _CONJ_,2817917
a_ADP _PRON_ .,2817227
a_ADP _PRON_ ._.,2817226
como_CONJ la_DET _NOUN_,2811324
como_CONJ la _NOUN_,2811324
"muy_ADV _ADJ_ ,",2808982
"muy _ADJ_ ,",2808982
"muy_ADV _ADJ_ ,_.",2808982
"muy _ADJ_ ,_.",2808982
en_ADP _DET_ caso,2806646
en _DET_ caso,2806646
en _DET_ caso_NOUN,2806646
en_ADP _DET_ caso_NOUN,2806646
con _DET_ que,2806084
con_ADP _DET_ que,2806084
través _ADP_ _DET_,2804006
través_NOUN _ADP_ _DET_,2801846
_START_ _NOUN_ ),2801094
esa _NOUN_ _._,2798028
esa_DET _NOUN_ _._,2798028
que_CONJ en_ADP _DET_,2796424
que_CONJ en _DET_,2796424
_VERB_ - .,2796027
_VERB_ -_NOUN .,2796027
_VERB_ -_NOUN ._.,2795835
_VERB_ - ._.,2795835
Las_DET _NOUN_ _ADP_,2795136
Las _NOUN_ _ADP_,2795136
través de_ADP _DET_,2794674
través de _DET_,2794674
través_NOUN de_ADP _DET_,2792593
través_NOUN de _DET_,2792593
_START_ Por _NOUN_,2791722
_START_ Por_ADP _NOUN_,2791722
de _NUM_ _ADP_,2790193
de_ADP _NUM_ _ADP_,2790170
con _DET_ que_PRON,2786804
con_ADP _DET_ que_PRON,2786804
en _NOUN_ con_ADP,2779933
en _NOUN_ con,2779933
en_ADP _NOUN_ con,2779933
en_ADP _NOUN_ con_ADP,2779933
en_ADP la _PRON_,2778700
en la _PRON_,2778700
en la_DET _PRON_,2778700
en_ADP la_DET _PRON_,2778700
las _NOUN_ _NOUN_,2766437
las_DET _NOUN_ _NOUN_,2766437
_START_ Pero_CONJ _ADV_,2762475
_START_ Pero _ADV_,2762475
el _NOUN_ _DET_,2762374
el_DET _NOUN_ _DET_,2762374
y_CONJ que_PRON _VERB_,2761746
y que_PRON _VERB_,2761746
_START_ En la,2758454
_START_ En_ADP la,2758091
_START_ En la_DET,2757635
_START_ En_ADP la_DET,2757635
en_ADP _NOUN_ _PRON_,2753855
en _NOUN_ _PRON_,2753855
una_DET _NOUN_ y_CONJ,2752655
una_DET _NOUN_ y,2752655
una _NOUN_ y_CONJ,2752655
una _NOUN_ y,2752655
¿ Por qué,2744166
¿_. Por_ADP qué,2744098
¿_. Por qué,2744098
¿ Por_ADP qué,2744098
al_ADP _NOUN_ del_ADP,2737128
al _NOUN_ del,2737128
al _NOUN_ del_ADP,2737128
al_ADP _NOUN_ del,2737128
_VERB_ todo _DET_,2736498
_VERB_ _._ no_ADV,2733919
_VERB_ _._ no,2733919
_VERB_ tu_DET _NOUN_,2729084
_VERB_ tu _NOUN_,2729084
¿_. Por _PRON_,2727473
¿ Por_ADP _PRON_,2727473
¿_. Por_ADP _PRON_,2727473
¿ Por _PRON_,2727473
a _NOUN_ _VERB_,2726639
iba_VERB _ADP_ _VERB_,2721357
iba _ADP_ _VERB_,2721357
a_ADP _NOUN_ _VERB_,2720421
_START_ _PRON_ _ADP_,2718382
iba_VERB a _VERB_,2715530
iba a_ADP _VERB_,2715530
iba a _VERB_,2715530
iba_VERB a_ADP _VERB_,2715530
_START_ De _DET_,2715347
_START_ De_ADP _DET_,2715347
la _NOUN_ no,2713232
la_DET _NOUN_ no,2713232
por lo _PRON_,2711164
por lo_DET _PRON_,2711164
por_ADP lo_DET _PRON_,2711164
por_ADP lo _PRON_,2711164
la _NOUN_ no_ADV,2710619
la_DET _NOUN_ no_ADV,2710619
no _VERB_ nada,2697761
no_ADV _VERB_ nada,2697659
Los _NOUN_ _ADJ_,2696823
Los_DET _NOUN_ _ADJ_,2696823
pero no_ADV _VERB_,2694676
pero_CONJ no _VERB_,2694676
pero no _VERB_,2694676
pero_CONJ no_ADV _VERB_,2694676
que la _VERB_,2687873
este _NOUN_ _VERB_,2687737
este_DET _NOUN_ _VERB_,2687737
_START_ _CONJ_ la,2686209
y_CONJ sus _NOUN_,2684143
y sus _NOUN_,2684143
y_CONJ sus_DET _NOUN_,2684143
y sus_DET _NOUN_,2684143
_START_ ¿ _NOUN_,2683626
_START_ ¿_. _NOUN_,2683626
una _NOUN_ _VERB_,2678763
una_DET _NOUN_ _VERB_,2678763
_START_ _._ No_ADV,2678427
_START_ _._ No,2678427
"esta _NOUN_ ,_.",2678007
"esta_DET _NOUN_ ,_.",2678007
"esta _NOUN_ ,",2678007
"esta_DET _NOUN_ ,",2678007
le _VERB_ _ADV_,2674787
le_PRON _VERB_ _ADV_,2674787
si _VERB_ _VERB_,2673465
si_CONJ _VERB_ _VERB_,2673465
la_DET _NOUN_ o_CONJ,2672580
la _NOUN_ o_CONJ,2672580
la _NOUN_ o,2672580
la_DET _NOUN_ o,2672580
que la_PRON _VERB_,2672550
No _VERB_ _DET_,2670662
No_ADV _VERB_ _DET_,2670654
de_ADP los _ADJ_,2667481
de_ADP los_DET _ADJ_,2667481
de los _ADJ_,2667481
de los_DET _ADJ_,2667481
se _VERB_ que,2657805
se_PRON _VERB_ que,2657805
Por_ADP _NOUN_ _._,2657389
Por _NOUN_ _._,2657389
se_PRON _VERB_ que_CONJ,2656209
se _VERB_ que_CONJ,2656209
un _NOUN_ _NOUN_,2656191
un_DET _NOUN_ _NOUN_,2656191
que_PRON _VERB_ con_ADP,2655502
que_PRON _VERB_ con,2655502
¿ Por qué_PRON,2648994
¿_. Por_ADP qué_PRON,2648994
¿_. Por qué_PRON,2648994
¿ Por_ADP qué_PRON,2648994
que_PRON _VERB_ un,2648736
que_PRON _VERB_ un_DET,2648736
la _PRON_ _PRON_,2646050
la_DET _PRON_ _PRON_,2646001
en _PRON_ _ADP_,2645775
en_ADP _PRON_ _ADP_,2645775
ha_VERB _VERB_ _._,2644827
ha _VERB_ _._,2644827
no _VERB_ en_ADP,2644057
no _VERB_ en,2644057
no_ADV _VERB_ en,2644039
no_ADV _VERB_ en_ADP,2644039
Los _NOUN_ de,2642730
Los _NOUN_ de_ADP,2642730
Los_DET _NOUN_ de,2642730
Los_DET _NOUN_ de_ADP,2642730
"_._ ""_. _NOUN_",2642348
"_._ "" _NOUN_",2642348
_START_ _._ _END_,2641902
entre los_DET _NOUN_,2637708
entre los _NOUN_,2637708
entre_ADP los _NOUN_,2637672
entre_ADP los_DET _NOUN_,2637672
de _NOUN_ _NUM_,2631914
de_ADP _NOUN_ _NUM_,2631886
lo _VERB_ _ADV_,2630534
lo_PRON _VERB_ _ADV_,2630458
en _PRON_ _PRON_,2630184
en_ADP _PRON_ _PRON_,2630184
su_DET _NOUN_ _ADV_,2626770
su _NOUN_ _ADV_,2626770
Y _DET_ _NOUN_,2625182
La_DET _ADJ_ _NOUN_,2623509
La _ADJ_ _NOUN_,2623509
de _NOUN_ por,2622813
de _NOUN_ por_ADP,2622813
de_ADP _NOUN_ por_ADP,2622812
de_ADP _NOUN_ por,2622812
Y_CONJ _DET_ _NOUN_,2621031
_START_ Es _DET_,2610547
_START_ Es_VERB _DET_,2610547
mis_DET _NOUN_ _._,2608504
mis _NOUN_ _._,2608504
la_DET _NOUN_ (,2607574
la _NOUN_ (,2607574
_START_ Y _VERB_,2607389
_START_ Y_CONJ _VERB_,2607389
Con _DET_ _NOUN_,2601535
Con_ADP _DET_ _NOUN_,2601535
_START_ -- _VERB_,2599913
_START_ --_. _VERB_,2599913
¡ _X_ !,2598199
¡ _X_ !_.,2598199
¡_. _X_ !_.,2598199
¡_. _X_ !,2598199
más _ADJ_ y,2591874
más_ADV _ADJ_ y,2591874
más _ADJ_ y_CONJ,2591874
más_ADV _ADJ_ y_CONJ,2591874
_START_ _NOUN_ Sí,2577764
_START_ _DET_ vez_NOUN,2577087
_START_ _DET_ vez,2577087
todo _DET_ _PRON_,2572831
_VERB_ _ADJ_ con,2572648
_VERB_ _ADJ_ con_ADP,2572648
había _VERB_ en,2571621
había_VERB _VERB_ en,2571621
había _VERB_ en_ADP,2571621
había_VERB _VERB_ en_ADP,2571621
que_CONJ _._ _ADP_,2570581
_START_ - Sí,2569801
_START_ -_NOUN Sí,2569750
que_PRON el _NOUN_,2564777
que_PRON el_DET _NOUN_,2564777
[_ADV _NUM_ _NOUN_,2564576
y_CONJ un _NOUN_,2563703
y_CONJ un_DET _NOUN_,2563703
y un _NOUN_,2563703
y un_DET _NOUN_,2563703
como _CONJ_ _VERB_,2563565
en_ADP mi _NOUN_,2559860
en mi_DET _NOUN_,2559860
en mi _NOUN_,2559860
en_ADP mi_DET _NOUN_,2559860
_START_ Esta_DET _NOUN_,2559288
_START_ Esta _NOUN_,2559288
y _VERB_ de,2551141
y_CONJ _VERB_ de,2551141
y _VERB_ de_ADP,2551071
y_CONJ _VERB_ de_ADP,2551071
Y _PRON_ _VERB_,2550417
_START_ _ADV_ que,2547603
_START_ Al_ADP _NOUN_,2547376
_START_ Al _NOUN_,2547376
me _VERB_ _NOUN_,2545180
me_PRON _VERB_ _NOUN_,2545180
que_PRON lo _VERB_,2544326
que_PRON lo_PRON _VERB_,2544326
por _NOUN_ _NOUN_,2540536
por_ADP _NOUN_ _NOUN_,2540536
_START_ _ADV_ que_CONJ,2540306
a _PRON_ _VERB_,2539142
para _VERB_ _VERB_,2537024
para_ADP _VERB_ _VERB_,2537024
la_DET _NOUN_ _NUM_,2533302
la _NOUN_ _NUM_,2533302
[_ADV _NUM_ ],2533096
[_ADV _NUM_ ]_NOUN,2530082
_START_ La _ADJ_,2530001
_START_ La_DET _ADJ_,2530001
como_CONJ _CONJ_ _VERB_,2528954
que _VERB_ por_ADP,2528778
que _VERB_ por,2528778
dijo _NOUN_ _._,2527890
dijo_VERB _NOUN_ _._,2527890
_START_ _CONJ_ la_DET,2527645
_VERB_ _ADP_ _NUM_,2527571
para_ADP _CONJ_ _VERB_,2525808
para _CONJ_ _VERB_,2525808
que _VERB_ las,2524679
que _VERB_ las_DET,2520950
mi _NOUN_ _VERB_,2520190
mi_DET _NOUN_ _VERB_,2520190
"_VERB_ , no",2518523
"_VERB_ ,_. no_ADV",2518523
"_VERB_ , no_ADV",2518523
"_VERB_ ,_. no",2518523
para_ADP _VERB_ .,2515456
para _VERB_ .,2515456
desde el_DET _NOUN_,2513189
desde_ADP el_DET _NOUN_,2513189
desde el _NOUN_,2513189
desde_ADP el _NOUN_,2513189
vida . _END_,2512549
vida_NOUN . _END_,2512153
vida_NOUN ._. _END_,2512153
vida ._. _END_,2512153
_START_ Con_ADP _DET_,2511219
_START_ Con _DET_,2511219
de los _PRON_,2510227
de_ADP los _PRON_,2510227
de los_DET _PRON_,2510227
de_ADP los_DET _PRON_,2510227
_START_ _ADP_ este,2509903
_START_ _ADP_ este_DET,2509794
para _VERB_ ._.,2508681
para_ADP _VERB_ ._.,2508681
_VERB_ _._ por,2501280
_VERB_ _._ por_ADP,2501280
_START_ _NOUN_ Sí_ADV,2499994
donde _PRON_ _VERB_,2498689
a_ADP _PRON_ _VERB_,2497595
_START_ Cuando _VERB_,2496408
_START_ Cuando_CONJ _VERB_,2496408
_START_ _ADV_ _ADJ_,2495662
_START_ - Sí_ADV,2494502
_START_ -_NOUN Sí_ADV,2494502
no _._ _END_,2493440
no_ADV _._ _END_,2493396
y _NOUN_ que,2491277
y_CONJ _NOUN_ que,2491277
con_ADP _NOUN_ _NOUN_,2491126
con _NOUN_ _NOUN_,2491126
en el _ADJ_,2489150
en_ADP el_DET _ADJ_,2489150
en_ADP el _ADJ_,2489150
en el_DET _ADJ_,2489150
a _PRON_ _PRON_,2488623
porque _DET_ _NOUN_,2484807
porque_CONJ _DET_ _NOUN_,2484807
para_ADP que _VERB_,2479803
para que _VERB_,2479803
se_PRON _VERB_ un,2476594
se _VERB_ un,2476594
se _VERB_ un_DET,2476594
se_PRON _VERB_ un_DET,2476594
_START_ Pero _DET_,2476213
_START_ Pero_CONJ _DET_,2476213
mi _NOUN_ _CONJ_,2476075
mi_DET _NOUN_ _CONJ_,2476075
por _PRON_ _VERB_,2475724
por_ADP _PRON_ _VERB_,2475724
que _VERB_ su_DET,2474974
que _VERB_ su,2474974
esta _NOUN_ _ADP_,2474333
esta_DET _NOUN_ _ADP_,2474333
que_PRON _VERB_ los,2474030
¿_. _PRON_ _PRON_,2473460
¿ _PRON_ _PRON_,2473460
"que_CONJ , _ADP_",2471248
"que_CONJ ,_. _ADP_",2471248
que_PRON _VERB_ los_DET,2467393
Se _VERB_ _DET_,2463018
Se_PRON _VERB_ _DET_,2463018
y_CONJ _ADP_ los,2462997
y _ADP_ los,2462997
y _ADP_ los_DET,2462150
y_CONJ _ADP_ los_DET,2462150
_VERB_ todo_DET _DET_,2461231
a_ADP _PRON_ _PRON_,2460665
el _PRON_ _PRON_,2460536
el_DET _PRON_ _PRON_,2460535
fue_VERB _DET_ _NOUN_,2460372
fue _DET_ _NOUN_,2460372
para que_CONJ _VERB_,2457313
para_ADP que_CONJ _VERB_,2457313
como si_CONJ _VERB_,2455639
como si _VERB_,2455639
_START_ _._ Qué_PRON,2455150
_VERB_ _._ que,2450034
cuando _VERB_ _ADP_,2449763
no _VERB_ la,2448824
no_ADV _VERB_ la,2448824
más de _DET_,2448521
más de_ADP _DET_,2448521
más_ADV de_ADP _DET_,2448521
más_ADV de _DET_,2448521
_START_ Al_ADP _VERB_,2447607
_START_ Al _VERB_,2447607
de _ADV_ _._,2447432
no _VERB_ la_DET,2446368
no_ADV _VERB_ la_DET,2446368
de_ADP _ADV_ _._,2446271
ser _VERB_ _ADP_,2445146
ser_VERB _VERB_ _ADP_,2444246
dentro_ADV _ADP_ _DET_,2435664
dentro _ADP_ _DET_,2435664
a _NOUN_ del,2434184
a _NOUN_ del_ADP,2434184
a_ADP _NOUN_ del_ADP,2433630
a_ADP _NOUN_ del,2433630
cuando_CONJ _VERB_ _ADP_,2432663
le_PRON _VERB_ el,2430977
le _VERB_ el,2430977
le _VERB_ el_DET,2430923
le_PRON _VERB_ el_DET,2430923
es_VERB _DET_ _PRON_,2429546
es _DET_ _PRON_,2429546
todo lo _PRON_,2427848
todo lo_DET _PRON_,2427604
"es _VERB_ ,",2426479
"es _VERB_ ,_.",2426479
"es_VERB _VERB_ ,_.",2426478
"es_VERB _VERB_ ,",2426478
en la que,2425212
en_ADP la_DET que,2424934
en_ADP la que,2424934
en_ADP la que_PRON,2424934
en la que_PRON,2424934
en la_DET que_PRON,2424934
en la_DET que,2424934
en_ADP la_DET que_PRON,2424934
pp_NOUN _._ _END_,2424252
pp _._ _END_,2424252
pp . _END_,2424110
pp_NOUN ._. _END_,2424039
pp_NOUN . _END_,2424039
pp ._. _END_,2424039
se puede_VERB _VERB_,2423665
se_PRON puede _VERB_,2423665
se_PRON puede_VERB _VERB_,2423665
se puede _VERB_,2423665
como_CONJ si_CONJ _VERB_,2421036
como_CONJ si _VERB_,2421036
bien _._ _END_,2419804
por lo que,2414483
por lo_DET que_PRON,2414342
por lo que_PRON,2414342
por lo_DET que,2414342
por_ADP lo que,2414342
por_ADP lo_DET que_PRON,2414342
por_ADP lo que_PRON,2414342
por_ADP lo_DET que,2414342
donde_PRON _PRON_ _VERB_,2414047
cuando_CONJ se_PRON _VERB_,2413220
cuando se_PRON _VERB_,2413220
cuando se _VERB_,2413220
cuando_CONJ se _VERB_,2413220
_START_ Si_CONJ _VERB_,2409638
_START_ Si _VERB_,2409638
"_VERB_ ,_. por_ADP",2408820
"_VERB_ , por_ADP",2408820
"_VERB_ ,_. por",2408820
"_VERB_ , por",2408820
hacer _DET_ _NOUN_,2407240
hacer_VERB _DET_ _NOUN_,2407240
lo _ADV_ _ADJ_,2407164
una _ADP_ las,2404391
una _ADP_ las_DET,2404253
una_PRON _ADP_ las,2399161
una_PRON _ADP_ las_DET,2399025
una de las,2398654
una de_ADP las,2398404
una de las_DET,2398268
una de_ADP las_DET,2398268
que _VERB_ y_CONJ,2397838
que _VERB_ y,2397838
que_PRON _._ _ADP_,2396981
que_PRON _VERB_ una,2394830
lo_DET _ADV_ _ADJ_,2394364
una_PRON de las,2393229
una_PRON de_ADP las,2393229
una_PRON de las_DET,2393095
una_PRON de_ADP las_DET,2393095
es _VERB_ _ADP_,2392152
es_VERB _VERB_ _ADP_,2392138
Se _VERB_ _VERB_,2390982
Se_PRON _VERB_ _VERB_,2390982
¿_. _NOUN_ _._,2386759
¿ _NOUN_ _._,2386759
Y_CONJ _PRON_ _VERB_,2384846
el_DET _NOUN_ no,2383586
el _NOUN_ no,2383586
el _NOUN_ no_ADV,2383458
el_DET _NOUN_ no_ADV,2383458
mismo _NOUN_ _._,2383290
mismo_DET _NOUN_ _._,2383128
"que_PRON , _ADP_",2382289
"que_PRON ,_. _ADP_",2382289
todo _DET_ que,2382024
dentro de _DET_,2380313
dentro_ADV de_ADP _DET_,2380313
dentro_ADV de _DET_,2380313
dentro de_ADP _DET_,2380313
lo _PRON_ _ADV_,2379071
de _NOUN_ ),2378953
de_ADP _NOUN_ ),2378950
lo_DET _PRON_ _ADV_,2378926
todo _DET_ que_PRON,2373600
es _ADJ_ _VERB_,2372060
y_CONJ _NOUN_ que_PRON,2372030
y _NOUN_ que_PRON,2372030
es_VERB _ADJ_ _VERB_,2370201
"como _NOUN_ ,",2365370
"como _NOUN_ ,_.",2365370
"_VERB_ _._ ""_.",2364535
"_VERB_ _._ """,2364535
después_ADV _ADP_ _DET_,2363977
después _ADP_ _DET_,2363977
la _NOUN_ ;,2363746
la _NOUN_ ;_.,2363746
la_DET _NOUN_ ;_.,2363746
la_DET _NOUN_ ;,2363746
más_ADV _._ _END_,2362827
más _._ _END_,2362827
hasta el _NOUN_,2361387
hasta el_DET _NOUN_,2361387
hasta_ADP el _NOUN_,2361247
hasta_ADP el_DET _NOUN_,2361247
ser _ADJ_ _._,2358644
_START_ ¿ Qué_PRON,2358317
_START_ ¿_. Qué_PRON,2358317
el _NOUN_ -,2355825
el_DET _NOUN_ -,2355825
y_CONJ _NOUN_ en_ADP,2353275
y _NOUN_ en_ADP,2353275
y _NOUN_ en,2353275
y_CONJ _NOUN_ en,2353275
el_DET _NOUN_ -_NOUN,2351294
el _NOUN_ -_NOUN,2351294
va_VERB _ADP_ _VERB_,2346125
va _ADP_ _VERB_,2346125
si _VERB_ _DET_,2344321
si_CONJ _VERB_ _DET_,2344321
que_PRON _VERB_ una_DET,2343855
con sus_DET _NOUN_,2343698
con_ADP sus_DET _NOUN_,2343698
con sus _NOUN_,2343698
con_ADP sus _NOUN_,2343698
era _ADJ_ _._,2342016
que _DET_ _DET_,2341655
y una _NOUN_,2340770
y_CONJ una_DET _NOUN_,2340770
y_CONJ una _NOUN_,2340770
y una_DET _NOUN_,2340770
o_CONJ _NOUN_ de,2339061
o _NOUN_ de,2339061
o _NOUN_ de_ADP,2339059
o_CONJ _NOUN_ de_ADP,2339059
le _VERB_ .,2337832
le_PRON _VERB_ .,2337832
va_VERB a _VERB_,2337610
va a_ADP _VERB_,2337610
va_VERB a_ADP _VERB_,2337610
va a _VERB_,2337610
_START_ _DET_ que,2337086
le_PRON _VERB_ ._.,2337040
le _VERB_ ._.,2337040
habían_VERB _VERB_ _ADP_,2334477
habían _VERB_ _ADP_,2334477
"_._ , _NOUN_",2323663
"_._ ,_. _NOUN_",2323663
_._ --_. _._,2323212
_._ -- _._,2323212
que _ADV_ _ADV_,2321601
_START_ _DET_ que_PRON,2320790
y lo_PRON _VERB_,2319176
y_CONJ lo_PRON _VERB_,2319176
y lo _VERB_,2319176
y_CONJ lo _VERB_,2319176
que_PRON _VERB_ al,2312601
que_PRON _VERB_ al_ADP,2312601
que_PRON _ADV_ se,2310213
que_PRON _ADV_ se_PRON,2310213
los _PRON_ _PRON_,2305754
los_DET _PRON_ _PRON_,2305723
"me _VERB_ ,",2305243
"me_PRON _VERB_ ,",2305243
"me_PRON _VERB_ ,_.",2305243
"me _VERB_ ,_.",2305243
han _VERB_ _ADP_,2304895
han_VERB _VERB_ _ADP_,2304895
un_DET _NOUN_ a,2304072
un _NOUN_ a,2304072
la_DET _NOUN_ :_.,2303822
la _NOUN_ :,2303822
la _NOUN_ :_.,2303822
la_DET _NOUN_ :,2303822
un _NOUN_ a_ADP,2303540
un_DET _NOUN_ a_ADP,2303540
que se _PRON_,2302483
que se_PRON _PRON_,2302483
dos _NOUN_ _ADJ_,2299072
dos_DET _NOUN_ _ADJ_,2299038
parte _ADP_ _NOUN_,2294892
parte_NOUN _ADP_ _NOUN_,2294892
que ha_VERB _VERB_,2292055
que ha _VERB_,2292055
me _VERB_ que,2292004
me_PRON _VERB_ que,2292004
"es _ADJ_ ,_.",2291848
"es _ADJ_ ,",2291848
me_PRON _VERB_ que_CONJ,2291819
me _VERB_ que_CONJ,2291819
era _ADV_ _ADJ_,2287190
que_CONJ lo _VERB_,2285669
que_CONJ lo_PRON _VERB_,2285669
"es_VERB _ADJ_ ,_.",2285472
"es_VERB _ADJ_ ,",2285472
hacia_ADP el _NOUN_,2284291
hacia_ADP el_DET _NOUN_,2284291
hacia el_DET _NOUN_,2284291
hacia el _NOUN_,2284291
ha _VERB_ _VERB_,2282818
ha_VERB _VERB_ _VERB_,2282818
era_VERB _ADV_ _ADJ_,2282475
el mismo _NOUN_,2282105
el mismo_DET _NOUN_,2282105
el_DET mismo _NOUN_,2282105
el_DET mismo_DET _NOUN_,2282105
se_PRON lo_PRON _VERB_,2280479
se_PRON lo _VERB_,2280479
se lo_PRON _VERB_,2280479
se lo _VERB_,2280479
No _VERB_ _CONJ_,2277544
No_ADV _VERB_ _CONJ_,2277533
esta _NOUN_ _VERB_,2275786
esta_DET _NOUN_ _VERB_,2275786
_START_ _NOUN_ preguntó,2274264
_START_ _NOUN_ preguntó_VERB,2274262
"como_CONJ _NOUN_ ,",2271201
"como_CONJ _NOUN_ ,_.",2271201
"_VERB_ , que",2270259
"_VERB_ ,_. que",2270259
_VERB_ y_CONJ _DET_,2267961
_VERB_ y _DET_,2267961
si_CONJ _ADV_ _VERB_,2267896
si _ADV_ _VERB_,2267896
a lo_DET _ADJ_,2267532
a lo _ADJ_,2267532
a_ADP lo _ADJ_,2267391
a_ADP lo_DET _ADJ_,2267391
No_ADV _VERB_ _ADP_,2264888
No _VERB_ _ADP_,2264888
mayor_ADJ _NOUN_ _ADP_,2264478
mayor _NOUN_ _ADP_,2264478
los _NOUN_ se_PRON,2264151
los_DET _NOUN_ se,2264151
los _NOUN_ se,2264151
los_DET _NOUN_ se_PRON,2264151
cuando _VERB_ _DET_,2263501
era_VERB _ADJ_ _._,2263379
