ngram,freq
la _NOUN_ _ADP_ _DET_ _NOUN_,57610899
la _NOUN_ de _DET_ _NOUN_,41508483
de _DET_ _NOUN_ _._ _END_,41080499
el _NOUN_ _ADP_ _DET_ _NOUN_,37475259
de _DET_ _NOUN_ . _END_,36882289
de _DET_ _NOUN_ _ADP_ _NOUN_,33980932
el _NOUN_ de _DET_ _NOUN_,28494198
en _DET_ _NOUN_ _ADP_ _NOUN_,26468603
se _VERB_ _ADP_ _DET_ _NOUN_,26416859
de _NOUN_ _ADP_ _DET_ _NOUN_,24557585
en _DET_ _NOUN_ _._ _END_,24064991
de _DET_ _NOUN_ _ADP_ _DET_,23738682
la _NOUN_ _ADP_ _NOUN_ _._,22164732
de _DET_ _NOUN_ _ADJ_ _._,21674574
en _DET_ _NOUN_ . _END_,21604637
de _DET_ _NOUN_ de _NOUN_,21272055
la _NOUN_ _ADP_ la _NOUN_,20142156
en _DET_ _NOUN_ _ADP_ _DET_,19470299
que _VERB_ _ADP_ _DET_ _NOUN_,18900636
en _DET_ _NOUN_ de _NOUN_,17161557
a _DET_ _NOUN_ _._ _END_,16398400
los _NOUN_ _ADP_ _DET_ _NOUN_,16375220
la _NOUN_ _ADP_ _NOUN_ _ADP_,15830115
_START_ _DET_ _NOUN_ _ADP_ _NOUN_,15678381
la _NOUN_ de la _NOUN_,15390548
de la _NOUN_ _._ _END_,15332898
de _DET_ _NOUN_ _ADJ_ _ADP_,15224088
el _NOUN_ _ADP_ la _NOUN_,15190175
de la _NOUN_ _ADP_ _NOUN_,14763633
en _DET_ _NOUN_ de _DET_,14612713
a _DET_ _NOUN_ . _END_,14512630
a _DET_ _NOUN_ _ADP_ _NOUN_,14512047
que _VERB_ _DET_ _NOUN_ _ADP_,14393505
de la _NOUN_ . _END_,13934593
el _NOUN_ _ADP_ _NOUN_ _._,13852444
las _NOUN_ _ADP_ _DET_ _NOUN_,12706450
a _DET_ _NOUN_ _ADP_ _DET_,12615172
la _NOUN_ de _NOUN_ _._,12545479
el _NOUN_ de la _NOUN_,12336645
de _NOUN_ _ADP_ _NOUN_ _._,12243280
la _NOUN_ _ADJ_ _ADP_ _DET_,12053075
de _DET_ _NOUN_ de _DET_,11902790
en _DET_ _NOUN_ _ADJ_ _._,11848259
_START_ _DET_ _NOUN_ _PRON_ _VERB_,11227970
los _NOUN_ de _DET_ _NOUN_,11184960
_START_ _DET_ _NOUN_ _ADP_ _DET_,10775977
de la _NOUN_ _ADP_ _DET_,10733899
"la _NOUN_ _ADP_ _NOUN_ ,",10725375
la _NOUN_ _ADJ_ _._ _END_,10700038
la _NOUN_ _CONJ_ _DET_ _NOUN_,10621659
de _DET_ _NOUN_ _PRON_ _VERB_,10613659
_START_ _ADP_ _DET_ _NOUN_ _._,10600537
el _NOUN_ _ADP_ _NOUN_ _ADP_,10558186
_START_ _VERB_ _DET_ _NOUN_ _ADP_,10377751
_START_ _DET_ _NOUN_ de _NOUN_,10262113
"de _DET_ _NOUN_ _ADJ_ ,",10159523
"_START_ _ADP_ _DET_ _NOUN_ ,",10107555
que _PRON_ _VERB_ _ADP_ _DET_,10085115
se _VERB_ en _DET_ _NOUN_,10050140
la _NOUN_ _ADJ_ . _END_,9772595
la _NOUN_ _ADP_ _NOUN_ _ADJ_,9765560
un _NOUN_ _ADP_ _DET_ _NOUN_,9533833
con _DET_ _NOUN_ _ADP_ _NOUN_,9507452
de _NOUN_ _ADJ_ _._ _END_,9401800
la _NOUN_ _ADJ_ _ADP_ _NOUN_,9374111
del _NOUN_ _ADP_ _DET_ _NOUN_,9226007
y _DET_ _NOUN_ _ADP_ _NOUN_,9212243
la _NOUN_ _ADP_ _NOUN_ .,9047914
la _NOUN_ _ADP_ los _NOUN_,9043002
que _PRON_ _VERB_ _DET_ _NOUN_,8900481
de _DET_ _NOUN_ _ADJ_ .,8900185
de la _NOUN_ de _NOUN_,8838909
en _NOUN_ _ADP_ _DET_ _NOUN_,8746176
a _VERB_ _ADP_ _DET_ _NOUN_,8682081
de _NOUN_ _ADJ_ . _END_,8606375
las _NOUN_ de _DET_ _NOUN_,8580463
en _DET_ _NOUN_ _ADJ_ _ADP_,8558630
de _NOUN_ _ADP_ la _NOUN_,8540231
de _DET_ _NOUN_ _ADP_ la,8510144
la _NOUN_ y _DET_ _NOUN_,8442907
a _DET_ _NOUN_ de _NOUN_,8307889
que _VERB_ _DET_ _NOUN_ _._,8235441
la _NOUN_ de _NOUN_ _ADP_,8208121
de la _NOUN_ _ADJ_ _._,8142344
el _NOUN_ de _NOUN_ _._,8101851
de _NOUN_ de _DET_ _NOUN_,8054135
se _VERB_ _DET_ _NOUN_ _ADP_,7998730
de _DET_ _NOUN_ _._ _CONJ_,7980735
que _VERB_ _VERB_ _DET_ _NOUN_,7955313
y _DET_ _NOUN_ _ADP_ _DET_,7891149
en el _NOUN_ _ADP_ _NOUN_,7868718
en la _NOUN_ _ADP_ _NOUN_,7821064
una _NOUN_ _ADP_ _DET_ _NOUN_,7778530
a _DET_ _NOUN_ de _DET_,7776544
con _DET_ _NOUN_ _._ _END_,7770910
que _VERB_ _DET_ _NOUN_ de,7731828
_START_ _NOUN_ _VERB_ _DET_ _NOUN_,7715250
_START_ _DET_ _NOUN_ de _DET_,7701347
_START_ _PRON_ _VERB_ _DET_ _NOUN_,7657890
"de _DET_ _NOUN_ , _CONJ_",7646574
_START_ _ADP_ _DET_ _NOUN_ _ADP_,7631398
la _NOUN_ _._ _DET_ _NOUN_,7622661
se _VERB_ _ADP_ la _NOUN_,7582937
de _DET_ _NOUN_ _._ _VERB_,7564569
la _NOUN_ de los _NOUN_,7547080
a _NOUN_ _ADP_ _DET_ _NOUN_,7505944
y _VERB_ _DET_ _NOUN_ _ADP_,7456637
de _NOUN_ _ADJ_ _ADP_ _DET_,7394931
la _NOUN_ _ADP_ _NOUN_ de,7386854
de _NOUN_ _ADP_ _NOUN_ _ADP_,7375607
en el _NOUN_ _ADP_ _DET_,7354284
al _NOUN_ _ADP_ _DET_ _NOUN_,7330592
en _DET_ _NOUN_ _ADP_ la,7327974
que _VERB_ _DET_ _NOUN_ _ADJ_,7301277
el _NOUN_ _ADJ_ _ADP_ _DET_,7271985
de _DET_ _NOUN_ _._ _DET_,7250870
_START_ _VERB_ _ADP_ _DET_ _NOUN_,7239473
de _NOUN_ de _NOUN_ _._,7184666
la _NOUN_ _ADP_ _NOUN_ _CONJ_,7107888
la _NOUN_ del _NOUN_ _._,7014336
"la _NOUN_ , _DET_ _NOUN_",7006958
con _DET_ _NOUN_ _ADP_ _DET_,6987842
de _NOUN_ _._ _DET_ _NOUN_,6933403
los _NOUN_ _ADP_ _NOUN_ _._,6927884
"de _DET_ _NOUN_ , _VERB_",6924163
y _NOUN_ _ADP_ _DET_ _NOUN_,6923536
de _DET_ _NOUN_ _._ _ADP_,6917344
con _DET_ _NOUN_ . _END_,6880974
un _NOUN_ _ADP_ _NOUN_ _._,6794919
y _VERB_ _ADP_ _DET_ _NOUN_,6774490
"el _NOUN_ _ADP_ _NOUN_ ,",6714624
su _NOUN_ _ADP_ _DET_ _NOUN_,6706345
el _NOUN_ _CONJ_ _DET_ _NOUN_,6617522
"de _DET_ _NOUN_ , _ADP_",6577244
por _DET_ _NOUN_ _ADP_ _NOUN_,6571314
a _DET_ _NOUN_ _ADJ_ _._,6555351
por _DET_ _NOUN_ _._ _END_,6545401
_START_ _DET_ _NOUN_ _VERB_ _DET_,6538408
de _DET_ _NOUN_ del _NOUN_,6509713
"de _DET_ _NOUN_ , _DET_",6493722
en _DET_ _NOUN_ del _NOUN_,6466700
los _NOUN_ _ADP_ la _NOUN_,6463568
con _DET_ _NOUN_ de _NOUN_,6463044
que se _VERB_ _ADP_ _DET_,6438996
el _NOUN_ de _NOUN_ _ADP_,6416357
que _DET_ _NOUN_ _PRON_ _VERB_,6408301
de la _NOUN_ de _DET_,6365641
"la _NOUN_ de _NOUN_ ,",6331257
a la _NOUN_ _ADP_ _NOUN_,6302922
en el _NOUN_ _._ _END_,6293038
de _DET_ _NOUN_ _ADJ_ _CONJ_,6286905
el _NOUN_ _ADP_ _NOUN_ _ADJ_,6285680
de _NOUN_ en _DET_ _NOUN_,6283386
que _VERB_ en _DET_ _NOUN_,6271683
en el _NOUN_ de _DET_,6257326
en la _NOUN_ _ADP_ _DET_,6179224
la _NOUN_ _ADJ_ de _DET_,6175205
"de _NOUN_ , _DET_ _NOUN_",6140713
y _DET_ _NOUN_ _._ _END_,6139689
"de _NOUN_ _ADP_ _NOUN_ ,",6071403
en _DET_ _NOUN_ de la,6051855
que _DET_ _NOUN_ _ADP_ _NOUN_,6012160
de _VERB_ _ADP_ _DET_ _NOUN_,5968943
a la _NOUN_ _ADP_ _DET_,5949920
de _DET_ _NOUN_ _CONJ_ _DET_,5928208
que _VERB_ _VERB_ _ADP_ _DET_,5909819
por _DET_ _NOUN_ . _END_,5896714
y _DET_ _NOUN_ de _NOUN_,5873664
de _DET_ _NOUN_ que _VERB_,5807511
un _NOUN_ _ADJ_ _._ _END_,5803903
en la _NOUN_ _._ _END_,5779854
de la _NOUN_ _ADJ_ _ADP_,5769577
que _PRON_ _VERB_ _._ _END_,5702950
en el _NOUN_ . _END_,5689659
para _VERB_ _DET_ _NOUN_ _ADP_,5641911
_START_ _DET_ _NOUN_ _VERB_ _VERB_,5601235
el _NOUN_ _ADP_ _NOUN_ .,5594685
los _NOUN_ _ADJ_ _ADP_ _DET_,5571327
al _NOUN_ de _DET_ _NOUN_,5569865
de los _NOUN_ _ADP_ _NOUN_,5564973
el _NOUN_ _ADJ_ _._ _END_,5534824
y _DET_ _NOUN_ . _END_,5514425
_START_ _DET_ _NOUN_ _VERB_ _ADP_,5497923
la _NOUN_ _ADP_ _NOUN_ y,5451761
_START_ _DET_ _NOUN_ se _VERB_,5444421
"en _DET_ _NOUN_ _ADJ_ ,",5440488
la _NOUN_ _ADP_ _NOUN_ _NOUN_,5436620
a _VERB_ _DET_ _NOUN_ _ADP_,5428782
que _VERB_ _ADP_ la _NOUN_,5425145
de _NOUN_ _CONJ_ _DET_ _NOUN_,5423885
del _NOUN_ _ADP_ _NOUN_ _._,5410865
con _DET_ _NOUN_ _ADJ_ _._,5403362
_START_ _DET_ _NOUN_ _ADJ_ _ADP_,5391628
de _DET_ _NOUN_ _._ _NOUN_,5385879
la _NOUN_ en _DET_ _NOUN_,5352061
de _VERB_ _DET_ _NOUN_ _ADP_,5329119
que _VERB_ a _DET_ _NOUN_,5326601
la _NOUN_ _ADP_ las _NOUN_,5323352
a la _NOUN_ _._ _END_,5309503
_START_ _ADP_ _DET_ _NOUN_ de,5304823
por _DET_ _NOUN_ _ADP_ _DET_,5300812
un _NOUN_ _ADJ_ _ADP_ _DET_,5278319
un _NOUN_ de _NOUN_ _._,5266742
de _NOUN_ _CONJ_ _NOUN_ _._,5262533
que _PRON_ _VERB_ _ADP_ _NOUN_,5261895
un _NOUN_ _ADJ_ . _END_,5256651
del _NOUN_ de _DET_ _NOUN_,5248609
a _DET_ _NOUN_ _ADJ_ _ADP_,5231790
el _NOUN_ _ADP_ _NOUN_ de,5228877
el _NOUN_ y _DET_ _NOUN_,5222179
un _NOUN_ _ADP_ _NOUN_ _ADP_,5221397
en la _NOUN_ . _END_,5215670
se _VERB_ _ADP_ _NOUN_ _ADP_,5198222
de _NOUN_ _ADP_ _NOUN_ _ADJ_,5191992
las _NOUN_ _ADP_ _NOUN_ _._,5191465
de _NOUN_ _ADJ_ _ADP_ _NOUN_,5184837
_START_ _VERB_ _DET_ _NOUN_ de,5170592
el _NOUN_ _ADJ_ _ADP_ _NOUN_,5169781
una _NOUN_ _ADJ_ _._ _END_,5165475
y _PRON_ _VERB_ _ADP_ _DET_,5148444
la _NOUN_ de _NOUN_ _ADJ_,5134672
una _NOUN_ _ADP_ _NOUN_ _._,5130568
una _NOUN_ _ADJ_ _ADP_ _DET_,5108066
_START_ _VERB_ _DET_ _NOUN_ _ADJ_,5107588
se _VERB_ a _DET_ _NOUN_,5093752
en la _NOUN_ de _DET_,5064465
de _DET_ _NOUN_ _._ _PRON_,5059494
en _DET_ _NOUN_ _ADJ_ .,5038871
de _DET_ _NOUN_ _ADJ_ de,5037956
el _NOUN_ _ADJ_ . _END_,5036980
y _DET_ _NOUN_ de _DET_,5012986
de _DET_ _NOUN_ de la,5005111
_START_ _DET_ _NOUN_ _ADJ_ _VERB_,4953832
los _NOUN_ de la _NOUN_,4948743
para _VERB_ _ADP_ _DET_ _NOUN_,4919416
La _NOUN_ _ADP_ _DET_ _NOUN_,4918251
a _NOUN_ de _DET_ _NOUN_,4900995
de su _NOUN_ _._ _END_,4899860
se _VERB_ _VERB_ _ADP_ _DET_,4894168
que _PRON_ _VERB_ . _END_,4894079
_START_ _NOUN_ _NOUN_ _._ _NOUN_,4877473
la _NOUN_ de _NOUN_ .,4876553
_START_ _NOUN_ _ADP_ _DET_ _NOUN_,4869207
en el _NOUN_ de _NOUN_,4847998
que _PRON_ _VERB_ _VERB_ _ADP_,4843115
de los _NOUN_ _._ _END_,4835048
en la _NOUN_ de _NOUN_,4834971
un _NOUN_ _ADP_ _NOUN_ _ADJ_,4808882
se _VERB_ _ADP_ el _NOUN_,4784622
"de _DET_ _NOUN_ , _PRON_",4782172
el _NOUN_ _ADP_ los _NOUN_,4771222
a la _NOUN_ . _END_,4767559
las _NOUN_ _ADJ_ _ADP_ _DET_,4766296
y _PRON_ _VERB_ _DET_ _NOUN_,4722967
la _NOUN_ del _NOUN_ _ADP_,4710548
una _NOUN_ _ADJ_ . _END_,4704740
_START_ _PRON_ _VERB_ _ADP_ _DET_,4704718
de _DET_ _NOUN_ y _DET_,4675217
_START_ _NOUN_ _._ _NOUN_ _._,4671622
de _NOUN_ _ADP_ _NOUN_ .,4670740
en _DET_ _NOUN_ _PRON_ _VERB_,4657369
la _NOUN_ _VERB_ _DET_ _NOUN_,4651780
la _NOUN_ _CONJ_ la _NOUN_,4642569
en _DET_ _NOUN_ _._ _CONJ_,4638819
la _NOUN_ _PRON_ _VERB_ _ADP_,4601900
de _DET_ _NOUN_ en _DET_,4597862
en _DET_ _NOUN_ _._ _VERB_,4594045
los _NOUN_ _ADP_ _NOUN_ _ADP_,4575042
y _ADP_ _DET_ _NOUN_ _ADP_,4544491
_START_ La _NOUN_ _ADP_ _NOUN_,4537928
de _DET_ _ADJ_ _NOUN_ _._,4537267
la _NOUN_ _ADJ_ _ADP_ la,4526719
de _DET_ _NOUN_ _ADJ_ y,4522264
a _DET_ _NOUN_ _ADP_ la,4511893
el _NOUN_ _._ _DET_ _NOUN_,4503889
de su _NOUN_ . _END_,4488256
"en _DET_ _NOUN_ , _CONJ_",4468252
de _NOUN_ _._ _PRON_ _VERB_,4466236
que _DET_ _NOUN_ _VERB_ _VERB_,4461197
a la _NOUN_ de _DET_,4453620
con _DET_ _NOUN_ _ADJ_ _ADP_,4438750
que _DET_ _NOUN_ _ADP_ _DET_,4426843
las _NOUN_ _ADP_ la _NOUN_,4381340
con _DET_ _NOUN_ de _DET_,4380639
de _DET_ _NOUN_ _CONJ_ _ADP_,4379205
se _VERB_ _VERB_ _DET_ _NOUN_,4365260
en _NOUN_ de _DET_ _NOUN_,4351963
de _NOUN_ _._ _NOUN_ _._,4343699
de _NOUN_ y _NOUN_ _._,4326733
de los _NOUN_ . _END_,4319220
la _NOUN_ de las _NOUN_,4311346
una _NOUN_ _ADP_ _NOUN_ _ADP_,4296887
se _VERB_ _ADP_ _NOUN_ _._,4289199
_START_ _ADV_ _VERB_ _DET_ _NOUN_,4277412
_START_ _ADP_ _DET_ _NOUN_ _ADJ_,4269046
se _VERB_ _DET_ _NOUN_ de,4241124
"en _DET_ _NOUN_ , _VERB_",4239504
el _NOUN_ _ADP_ _NOUN_ _CONJ_,4229961
de _DET_ _ADJ_ _NOUN_ _ADP_,4213633
de los _NOUN_ _ADP_ _DET_,4199137
la _ADJ_ _NOUN_ _ADP_ _NOUN_,4185949
_START_ El _NOUN_ _ADP_ _NOUN_,4183513
de _NOUN_ _CONJ_ _NOUN_ _ADP_,4182874
los _NOUN_ _ADJ_ _._ _END_,4176790
"el _NOUN_ , _DET_ _NOUN_",4175060
"de _NOUN_ , _PRON_ _VERB_",4168967
de _DET_ _NOUN_ _CONJ_ _NOUN_,4168218
el _NOUN_ del _NOUN_ _._,4160273
_START_ _VERB_ _VERB_ _DET_ _NOUN_,4154156
"_VERB_ , _ADP_ _DET_ _NOUN_",4143408
los _NOUN_ de _NOUN_ _._,4127945
de _NOUN_ _PRON_ _VERB_ _ADP_,4127592
_START_ _ADP_ _NOUN_ _._ _DET_,4120994
de _NOUN_ _VERB_ _DET_ _NOUN_,4117026
que _VERB_ la _NOUN_ _ADP_,4111243
de _NOUN_ _._ _ADP_ _DET_,4109170
el _NOUN_ _ADJ_ de _DET_,4108445
la _NOUN_ de _NOUN_ _CONJ_,4106968
por _DET_ _NOUN_ de _NOUN_,4091852
"el _NOUN_ de _NOUN_ ,",4088386
un _NOUN_ de _NOUN_ _ADJ_,4079614
la _NOUN_ _ADP_ _NOUN_ _VERB_,4078532
"_START_ _ADP_ _NOUN_ , _DET_",4075350
en _NOUN_ _ADP_ _NOUN_ _._,4073680
_START_ _DET_ _NOUN_ _ADP_ la,4060826
_START_ En _DET_ _NOUN_ _._,4050799
había _VERB_ _ADP_ _DET_ _NOUN_,4049508
la _NOUN_ _ADP_ su _NOUN_,4029689
y _DET_ _NOUN_ _ADJ_ _._,4028023
"_START_ _NOUN_ _NOUN_ , _NOUN_",4008995
y _ADJ_ _ADP_ _DET_ _NOUN_,4001717
el _NOUN_ de los _NOUN_,4001531
de la _NOUN_ _ADP_ la,3998587
para _VERB_ _DET_ _NOUN_ _._,3989115
de _DET_ _NOUN_ _NOUN_ _._,3981296
_START_ _VERB_ _DET_ _NOUN_ _._,3974335
el _NOUN_ _VERB_ _DET_ _NOUN_,3973367
y _VERB_ _DET_ _NOUN_ _._,3970107
una _NOUN_ _ADP_ _NOUN_ _ADJ_,3967327
la _ADJ_ _NOUN_ _ADP_ _DET_,3966853
de _NOUN_ _ADP_ el _NOUN_,3960499
le _VERB_ _DET_ _NOUN_ _ADP_,3950589
La _NOUN_ de _DET_ _NOUN_,3948969
la _NOUN_ y la _NOUN_,3943946
de _NOUN_ y _DET_ _NOUN_,3935145
de _NOUN_ _._ _ADP_ _NOUN_,3933908
un _NOUN_ _ADJ_ _ADP_ _NOUN_,3927464
y _NOUN_ de _DET_ _NOUN_,3913484
de las _NOUN_ _ADP_ _NOUN_,3912715
"_START_ En _DET_ _NOUN_ ,",3901934
que _DET_ _NOUN_ de _NOUN_,3896100
"de _NOUN_ , _ADP_ _DET_",3894556
de _DET_ _NOUN_ _VERB_ _DET_,3889254
a _VERB_ _DET_ _NOUN_ _._,3889178
_START_ _NOUN_ _PRON_ _VERB_ _ADP_,3888811
en _DET_ _NOUN_ _._ _ADP_,3867480
una _NOUN_ de _NOUN_ _._,3866002
_START_ La _NOUN_ _ADP_ _DET_,3864059
y _DET_ _NOUN_ _PRON_ _VERB_,3861332
"de _DET_ _NOUN_ , _NOUN_",3859700
la _NOUN_ _ADP_ el _NOUN_,3853119
que _VERB_ _DET_ _NOUN_ .,3848318
del _NOUN_ _ADP_ la _NOUN_,3842577
en _DET_ _NOUN_ _ADJ_ de,3842465
el _NOUN_ de _NOUN_ _ADJ_,3829005
la _NOUN_ _ADP_ un _NOUN_,3826729
un _NOUN_ de _NOUN_ _ADP_,3819591
que _DET_ _NOUN_ _VERB_ _ADP_,3814961
los _NOUN_ _ADJ_ . _END_,3801392
El _NOUN_ _ADP_ _DET_ _NOUN_,3800154
_START_ _._ _._ _PRON_ _VERB_,3772811
de _DET_ _NOUN_ _ADJ_ _NOUN_,3764946
de _NOUN_ _NOUN_ _._ _END_,3762052
se _VERB_ _DET_ _NOUN_ _._,3756556
"de _NOUN_ , _ADP_ _NOUN_",3756439
que se _VERB_ _DET_ _NOUN_,3755822
los _NOUN_ _CONJ_ _DET_ _NOUN_,3733519
el _NOUN_ _PRON_ _VERB_ _ADP_,3730591
"de la _NOUN_ _ADJ_ ,",3706818
la _NOUN_ _ADP_ _VERB_ _DET_,3704897
"_START_ _NOUN_ , _NOUN_ _._",3699287
a _DET_ _NOUN_ _PRON_ _VERB_,3697097
"en _DET_ _NOUN_ , _ADP_",3692901
que _VERB_ _ADP_ _NOUN_ _ADP_,3680041
que _PRON_ _VERB_ en _DET_,3676860
las _NOUN_ _ADP_ _NOUN_ _ADP_,3668542
"de _NOUN_ de _NOUN_ ,",3666147
la _NOUN_ _._ _PRON_ _VERB_,3665422
se _VERB_ _DET_ _NOUN_ _ADJ_,3661642
y _ADP_ _DET_ _NOUN_ _._,3654013
de _NOUN_ de la _NOUN_,3647704
a _DET_ _NOUN_ del _NOUN_,3640033
del _NOUN_ _ADJ_ _._ _END_,3637762
de _NOUN_ _ADP_ _NOUN_ de,3623134
de la _NOUN_ del _NOUN_,3621399
más _ADJ_ _ADP_ _DET_ _NOUN_,3591434
una _NOUN_ _ADJ_ _ADP_ _NOUN_,3581001
la _NOUN_ _ADJ_ de _NOUN_,3575275
y _DET_ _NOUN_ _ADJ_ _ADP_,3566623
por _DET_ _NOUN_ de _DET_,3561064
del _NOUN_ de _NOUN_ _._,3553668
que _PRON_ _VERB_ _ADP_ _VERB_,3549866
de _DET_ _NOUN_ _ADJ_ _ADJ_,3527973
los _NOUN_ _ADJ_ _ADP_ _NOUN_,3523764
no _VERB_ _ADP_ _DET_ _NOUN_,3512479
los _NOUN_ _ADP_ _NOUN_ _ADJ_,3502499
_START_ _ADP_ _DET_ _NOUN_ _VERB_,3494162
"de _NOUN_ , _NOUN_ _._",3485614
la _NOUN_ de _NOUN_ _NOUN_,3484141
se _VERB_ de _DET_ _NOUN_,3479223
de _DET_ _NOUN_ _ADP_ los,3476133
de _NOUN_ _CONJ_ _ADP_ _NOUN_,3475851
de _DET_ _NOUN_ _ADP_ _VERB_,3474507
el _NOUN_ _ADP_ las _NOUN_,3474356
un _NOUN_ _ADP_ la _NOUN_,3471045
"los _NOUN_ _ADP_ _NOUN_ ,",3466632
_START_ _._ ¿ _PRON_ _VERB_,3463623
de _DET_ _NOUN_ _CONJ_ _VERB_,3454777
"la _NOUN_ , _PRON_ _VERB_",3450156
de _VERB_ _DET_ _NOUN_ _._,3447448
de _NOUN_ _NOUN_ . _END_,3445381
que _DET_ _NOUN_ _VERB_ _DET_,3443493
del _NOUN_ _ADP_ _NOUN_ _ADP_,3436897
_START_ _DET_ _NOUN_ del _NOUN_,3431702
no _VERB_ _DET_ _NOUN_ _ADP_,3430165
que _VERB_ el _NOUN_ _ADP_,3419544
las _NOUN_ _ADJ_ _._ _END_,3393340
a la _NOUN_ de _NOUN_,3390574
de la _NOUN_ _ADJ_ .,3388656
y _VERB_ _DET_ _NOUN_ de,3386889
de los _NOUN_ de _NOUN_,3386848
en _DET_ _NOUN_ _._ _DET_,3369667
"_VERB_ , _VERB_ _DET_ _NOUN_",3364213
de _DET_ _NOUN_ _VERB_ _VERB_,3361647
en _DET_ _NOUN_ _DET_ _NOUN_,3359834
en _DET_ _ADJ_ _NOUN_ _ADP_,3358236
_START_ En _DET_ _NOUN_ _ADP_,3355800
le _VERB_ _DET_ _NOUN_ _._,3347599
_START_ _DET_ _NOUN_ _VERB_ _ADJ_,3341874
no _VERB_ _VERB_ _DET_ _NOUN_,3339736
la _NOUN_ del _NOUN_ _ADJ_,3339521
del _NOUN_ _ADJ_ . _END_,3337271
para _VERB_ _DET_ _NOUN_ de,3335606
por _NOUN_ _ADP_ _DET_ _NOUN_,3324087
que _VERB_ _ADP_ _NOUN_ _._,3322354
el _NOUN_ _ADP_ _NOUN_ _NOUN_,3321444
de _DET_ _NOUN_ y _ADP_,3321258
para _DET_ _NOUN_ _ADP_ _NOUN_,3314634
que _DET_ _NOUN_ de _DET_,3307478
la _NOUN_ _._ _ADP_ _DET_,3300124
"que _VERB_ _DET_ _NOUN_ ,",3296431
y _ADP_ _DET_ _NOUN_ _ADJ_,3295728
que _VERB_ _VERB_ _._ _END_,3292930
_START_ -- _._ _PRON_ _VERB_,3290466
un _NOUN_ de _DET_ _NOUN_,3285456
que _DET_ _NOUN_ se _VERB_,3283825
las _NOUN_ de la _NOUN_,3282768
de _DET_ _NOUN_ _._ _ADV_,3278254
la _NOUN_ _ADP_ _DET_ _ADJ_,3277728
la _NOUN_ de _NOUN_ de,3277426
de _NOUN_ y _NOUN_ _ADP_,3268315
y _NOUN_ _ADP_ _NOUN_ _._,3268257
una _NOUN_ de _NOUN_ _ADJ_,3259789
en _DET_ _NOUN_ _ADJ_ _CONJ_,3254188
la _NOUN_ _ADJ_ del _NOUN_,3252360
de _NOUN_ _ADP_ _NOUN_ _CONJ_,3250167
en _DET_ _ADJ_ _NOUN_ _._,3249257
__ __ __ __ __,3248652
_START_ _DET_ _NOUN_ _ADV_ _VERB_,3220032
a _DET_ _NOUN_ de la,3219793
de _DET_ _DET_ _NOUN_ _._,3216864
el _NOUN_ _ADP_ _NOUN_ y,3211637
de la _NOUN_ _PRON_ _VERB_,3204000
el _NOUN_ _ADP_ _NOUN_ _VERB_,3201622
la _NOUN_ _CONJ_ _PRON_ _VERB_,3201147
lo _VERB_ _ADP_ _DET_ _NOUN_,3197541
"la _NOUN_ del _NOUN_ ,",3196449
que _VERB_ _VERB_ _ADP_ _NOUN_,3185739
la _NOUN_ _PRON_ _PRON_ _VERB_,3174663
a _DET_ _NOUN_ _._ _CONJ_,3171501
de los _NOUN_ _ADJ_ _._,3162271
que _ADV_ _VERB_ _DET_ _NOUN_,3155160
la _NOUN_ _CONJ_ el _NOUN_,3142669
"la _NOUN_ , _ADP_ _DET_",3139633
a _DET_ _NOUN_ _ADP_ _VERB_,3137281
la _NOUN_ de _NOUN_ y,3134860
la _NOUN_ _ADP_ _NOUN_ _PRON_,3134644
un _ADJ_ _NOUN_ _ADP_ _NOUN_,3132677
las _NOUN_ _ADJ_ _ADP_ _NOUN_,3132291
me _VERB_ _ADP_ _DET_ _NOUN_,3123759
los _NOUN_ y _DET_ _NOUN_,3120917
El _NOUN_ de _DET_ _NOUN_,3120815
de _DET_ _NOUN_ _._ y,3117741
el _NOUN_ de _NOUN_ .,3109087
de _DET_ _NOUN_ _ADV_ _ADJ_,3103270
de _DET_ _NOUN_ _ADJ_ en,3098788
de _DET_ _NOUN_ _VERB_ _ADP_,3098032
_START_ _NOUN_ _ADP_ _NOUN_ _._,3095418
una _ADJ_ _NOUN_ _ADP_ _NOUN_,3092970
_START_ _DET_ _NOUN_ de la,3090745
las _NOUN_ _ADJ_ . _END_,3084954
de _NOUN_ _ADP_ los _NOUN_,3070495
un _NOUN_ _ADP_ _NOUN_ .,3059025
con _NOUN_ _ADP_ _DET_ _NOUN_,3058277
_START_ -- ¿ _PRON_ _VERB_,3052635
"a _DET_ _NOUN_ , _CONJ_",3051268
en el _NOUN_ _ADP_ la,3051249
la _NOUN_ del _NOUN_ .,3050625
la _NOUN_ _NOUN_ _._ _END_,3046758
_START_ La _NOUN_ de _DET_,3045129
la _ADJ_ _NOUN_ de _DET_,3037581
su _NOUN_ _ADP_ _NOUN_ _._,3027123
que _VERB_ _ADP_ el _NOUN_,3021799
"de _DET_ _NOUN_ , _ADV_",3020977
"de _DET_ _NOUN_ , y",3020568
"a _DET_ _NOUN_ _ADJ_ ,",3016734
de _DET_ _NOUN_ se _VERB_,3016107
de _DET_ _NOUN_ _ADJ_ _VERB_,3010082
el _NOUN_ de _NOUN_ de,3008072
la _NOUN_ _ADP_ _VERB_ _ADP_,3004868
a _DET_ _NOUN_ _._ _VERB_,3002770
una _NOUN_ de _NOUN_ _ADP_,3001585
para _DET_ _NOUN_ _._ _END_,2996019
_START_ _NOUN_ _NOUN_ _._ _END_,2995100
es _DET_ _NOUN_ _ADP_ _NOUN_,2994694
la _NOUN_ de su _NOUN_,2990096
al _NOUN_ _ADP_ la _NOUN_,2983988
"un _NOUN_ _ADP_ _NOUN_ ,",2983333
en el _NOUN_ _ADJ_ _._,2978055
que _PRON_ _VERB_ _VERB_ _._,2964269
"en _DET_ _NOUN_ , _DET_",2954449
no _VERB_ _DET_ _NOUN_ _._,2942288
por _DET_ _NOUN_ _ADJ_ _._,2927759
a su _NOUN_ _._ _END_,2926384
y _VERB_ _DET_ _NOUN_ _ADJ_,2926152
_START_ _NOUN_ _NOUN_ _NOUN_ _NOUN_,2914711
el _NOUN_ de las _NOUN_,2913153
las _NOUN_ de _NOUN_ _._,2909119
_START_ _CONJ_ _DET_ _NOUN_ _VERB_,2903789
que _DET_ _NOUN_ _ADJ_ _VERB_,2902031
la _NOUN_ de un _NOUN_,2889207
que se _VERB_ _ADP_ _NOUN_,2882929
para _DET_ _NOUN_ _ADP_ _DET_,2877807
y _ADP_ _DET_ _NOUN_ de,2875404
_START_ El _NOUN_ _ADP_ _DET_,2874718
de los _NOUN_ _ADJ_ _ADP_,2873620
una _NOUN_ de _DET_ _NOUN_,2869832
y _PRON_ _VERB_ _ADP_ _NOUN_,2868140
en _NOUN_ _ADP_ la _NOUN_,2867870
para _VERB_ _DET_ _NOUN_ _ADJ_,2867641
en _DET_ _NOUN_ _ADP_ los,2864528
que _PRON_ _VERB_ _VERB_ _DET_,2864186
al _NOUN_ _ADP_ _NOUN_ _._,2854827
que _VERB_ _DET_ _NOUN_ _CONJ_,2854349
de _NOUN_ de _NOUN_ _ADP_,2851612
de la _NOUN_ _._ _CONJ_,2844677
_START_ _PRON_ _VERB_ _ADP_ _NOUN_,2841934
_START_ _NOUN_ _NOUN_ . _END_,2841792
la _NOUN_ _NOUN_ . _END_,2840975
no _PRON_ _VERB_ _._ _END_,2840444
se _VERB_ en el _NOUN_,2838173
el _NOUN_ _ADP_ su _NOUN_,2830063
los _NOUN_ _._ _DET_ _NOUN_,2826690
en _NOUN_ de _NOUN_ _._,2822966
que _VERB_ _VERB_ . _END_,2814339
de las _NOUN_ _ADP_ _DET_,2813048
_START_ _NOUN_ _NOUN_ _NOUN_ _._,2812846
y la _NOUN_ _ADP_ _DET_,2812368
en el _NOUN_ de la,2804117
_START_ _ADP_ _DET_ _NOUN_ _PRON_,2800912
"de _NOUN_ _._ _NOUN_ ,",2796561
_START_ El _NOUN_ de _NOUN_,2792086
le _VERB_ _ADP_ _DET_ _NOUN_,2791790
de la _NOUN_ _._ _VERB_,2789476
a _DET_ _NOUN_ _ADJ_ .,2777631
la _NOUN_ _._ la _NOUN_,2775582
de _DET_ _NOUN_ _ADJ_ _PRON_,2774558
de _NOUN_ _._ _NOUN_ _ADP_,2769975
de la _NOUN_ _._ _DET_,2768972
"a _DET_ _NOUN_ , _VERB_",2762065
los _NOUN_ _ADP_ _NOUN_ _CONJ_,2757409
de _NOUN_ _CONJ_ de _NOUN_,2751368
el _NOUN_ _ADJ_ _ADP_ la,2741133
_START_ El _NOUN_ _PRON_ _VERB_,2737899
de _VERB_ _DET_ _NOUN_ _ADJ_,2732451
la _NOUN_ que _PRON_ _VERB_,2732100
"de la _NOUN_ , _CONJ_",2726534
de las _NOUN_ _ADJ_ _._,2725255
de _DET_ _NOUN_ y _VERB_,2720225
_START_ La _NOUN_ de _NOUN_,2719159
que _VERB_ _DET_ _ADJ_ _NOUN_,2715445
los _NOUN_ _ADP_ _NOUN_ .,2711626
a su _NOUN_ . _END_,2693047
se _VERB_ con _DET_ _NOUN_,2689117
en la _NOUN_ _ADJ_ _._,2685988
de la _NOUN_ _CONJ_ _DET_,2685157
para _DET_ _NOUN_ . _END_,2683248
se _VERB_ _ADP_ _NOUN_ _ADJ_,2683229
a _VERB_ _DET_ _NOUN_ de,2680012
la _NOUN_ y _PRON_ _VERB_,2678672
el _NOUN_ en _DET_ _NOUN_,2674313
de _DET_ _NOUN_ _ADP_ el,2669496
como _DET_ _NOUN_ _ADP_ _NOUN_,2664333
se _VERB_ _ADP_ _VERB_ _DET_,2662735
la _NOUN_ _PRON_ _VERB_ _VERB_,2661534
el _ADJ_ _NOUN_ _ADP_ _NOUN_,2659068
de _VERB_ _DET_ _NOUN_ de,2658101
y _DET_ _NOUN_ _ADP_ la,2657598
"la _NOUN_ , la _NOUN_",2647165
las _NOUN_ _ADP_ _NOUN_ _ADJ_,2646027
"del _NOUN_ _ADP_ _NOUN_ ,",2644797
de la _NOUN_ _._ _ADP_,2644643
que _PRON_ _VERB_ _ADP_ la,2641602
la _NOUN_ _._ _VERB_ _DET_,2638552
se _VERB_ _VERB_ _ADP_ _NOUN_,2636917
_START_ _DET_ _NOUN_ _VERB_ _ADV_,2633162
"los _NOUN_ , _DET_ _NOUN_",2630876
la _NOUN_ _ADJ_ de la,2630701
de _NOUN_ de _NOUN_ _ADJ_,2626197
que se _VERB_ en _DET_,2618880
de _NOUN_ de _NOUN_ .,2611657
sobre _DET_ _NOUN_ _ADP_ _NOUN_,2609542
de las _NOUN_ _._ _END_,2606564
en su _NOUN_ _._ _END_,2605511
una _NOUN_ _ADP_ la _NOUN_,2601825
y la _NOUN_ _ADP_ _NOUN_,2598254
el _NOUN_ de _NOUN_ _CONJ_,2596837
la _NOUN_ _ADP_ una _NOUN_,2595680
los _NOUN_ _PRON_ _VERB_ _ADP_,2595507
su _NOUN_ _ADJ_ _._ _END_,2593250
de _DET_ _NOUN_ y _NOUN_,2588495
del _NOUN_ _ADJ_ _ADP_ _DET_,2583967
_START_ _CONJ_ _VERB_ _DET_ _NOUN_,2581955
es _DET_ _NOUN_ _ADP_ _DET_,2580032
los _NOUN_ de _NOUN_ _ADP_,2579111
un _NOUN_ en _DET_ _NOUN_,2577447
"las _NOUN_ _ADP_ _NOUN_ ,",2572395
se _VERB_ _ADP_ _VERB_ _ADP_,2567226
de _NOUN_ _._ _VERB_ _DET_,2561558
_START_ _VERB_ _DET_ _NOUN_ _CONJ_,2559967
de _NOUN_ _PRON_ _PRON_ _VERB_,2557026
"de la _NOUN_ , _VERB_",2555647
a _DET_ _NOUN_ que _VERB_,2550600
de _NOUN_ _CONJ_ _NOUN_ _ADJ_,2548372
se _VERB_ en la _NOUN_,2548040
_START_ _VERB_ la _NOUN_ _ADP_,2545735
las _NOUN_ _CONJ_ _DET_ _NOUN_,2545240
la _NOUN_ y el _NOUN_,2544617
la _NOUN_ _CONJ_ _ADP_ _DET_,2541038
en _DET_ _NOUN_ _NOUN_ _._,2528491
al _NOUN_ de la _NOUN_,2526304
del _NOUN_ de la _NOUN_,2526051
"de _NOUN_ _CONJ_ _NOUN_ ,",2525206
el _NOUN_ del _NOUN_ _ADP_,2522919
a _NOUN_ _ADP_ _NOUN_ _._,2521404
en _DET_ _NOUN_ _CONJ_ _VERB_,2515879
había _VERB_ _DET_ _NOUN_ _ADP_,2514177
"de la _NOUN_ , _ADP_",2511591
de _NOUN_ _._ _NOUN_ _CONJ_,2510940
su _NOUN_ _._ _DET_ _NOUN_,2506061
de _NOUN_ _ADP_ _NOUN_ y,2505102
se _VERB_ _ADP_ un _NOUN_,2504852
la _NOUN_ de _NOUN_ _VERB_,2503005
con _DET_ _NOUN_ _ADP_ la,2502026
en _DET_ _NOUN_ _ADP_ _VERB_,2501342
a _NOUN_ _ADP_ la _NOUN_,2499441
de _DET_ _ADJ_ _NOUN_ de,2497040
_START_ _._ _NOUN_ _._ _END_,2495613
y _NOUN_ _ADP_ la _NOUN_,2490714
la _NOUN_ _ADP_ _DET_ _PRON_,2486852
de la _NOUN_ de la,2486075
a _DET_ _NOUN_ _._ _ADP_,2484159
de _NOUN_ y _ADP_ _NOUN_,2483950
que _VERB_ la _NOUN_ de,2483941
en _DET_ _NOUN_ _._ _PRON_,2483056
de un _NOUN_ _ADP_ _NOUN_,2481243
de _DET_ _NOUN_ _PRON_ _PRON_,2480109
se _VERB_ _ADV_ _ADP_ _DET_,2476150
que _DET_ _NOUN_ _ADV_ _VERB_,2475398
"de la _NOUN_ , _DET_",2474150
de _NOUN_ _PRON_ _VERB_ _VERB_,2468741
se _VERB_ _ADP_ _NOUN_ de,2465650
de los _NOUN_ de _DET_,2462755
el _ADJ_ _NOUN_ _ADP_ _DET_,2460924
un _ADJ_ _NOUN_ de _NOUN_,2459380
en _DET_ _PRON_ _PRON_ _VERB_,2457873
del _NOUN_ _._ _DET_ _NOUN_,2455680
de _DET_ _NOUN_ _DET_ _NOUN_,2450827
el _NOUN_ _CONJ_ el _NOUN_,2443316
"la _NOUN_ , _VERB_ _DET_",2440044
con _DET_ _NOUN_ _ADJ_ .,2439448
_START_ _DET_ _NOUN_ _ADJ_ de,2434916
_START_ _DET_ _ADJ_ _NOUN_ _ADP_,2434221
la _NOUN_ _ADJ_ _PRON_ _VERB_,2432549
de _NOUN_ _PRON_ _VERB_ _DET_,2431350
de _NOUN_ _ADP_ _NOUN_ _NOUN_,2428152
_START_ _ADV_ _._ _DET_ _NOUN_,2427018
por _DET_ _NOUN_ _ADJ_ _ADP_,2420869
la _NOUN_ _PRON_ _VERB_ _DET_,2416877
"de _NOUN_ , _NOUN_ ,",2414548
y _VERB_ _DET_ _NOUN_ .,2412782
"con _DET_ _NOUN_ _ADJ_ ,",2411509
el _NOUN_ _ADP_ _NOUN_ _PRON_,2411259
la _NOUN_ a _DET_ _NOUN_,2409485
el _NOUN_ _CONJ_ la _NOUN_,2407659
"_START_ _ADV_ , _DET_ _NOUN_",2401820
en el _NOUN_ del _NOUN_,2401042
la _NOUN_ con _DET_ _NOUN_,2400529
de las _NOUN_ _ADJ_ _ADP_,2399976
las _NOUN_ _ADP_ los _NOUN_,2394344
su _NOUN_ _ADJ_ . _END_,2390718
un _NOUN_ de _NOUN_ .,2390675
en su _NOUN_ . _END_,2390514
su _NOUN_ en _DET_ _NOUN_,2389880
los _NOUN_ _ADP_ los _NOUN_,2388111
en la _NOUN_ del _NOUN_,2386129
en la _NOUN_ _ADJ_ _ADP_,2384201
por _NOUN_ de _DET_ _NOUN_,2377141
"a _DET_ _NOUN_ , _ADP_",2371505
el _NOUN_ _PRON_ _PRON_ _VERB_,2371365
de _DET_ _NOUN_ _CONJ_ de,2370368
_START_ En _DET_ _NOUN_ de,2368711
_START_ _ADP_ el _NOUN_ _ADP_,2366722
_START_ _DET_ _NOUN_ _VERB_ _CONJ_,2360208
lo _ADJ_ _ADP_ _DET_ _NOUN_,2356730
"de _NOUN_ , _NOUN_ _CONJ_",2352575
"_VERB_ , _CONJ_ _DET_ _NOUN_",2350033
y _NOUN_ _ADJ_ _._ _END_,2347723
de las _NOUN_ . _END_,2347473
de _NOUN_ con _DET_ _NOUN_,2346882
la _NOUN_ _CONJ_ _NOUN_ _ADP_,2341468
no _PRON_ _VERB_ . _END_,2340793
se _VERB_ la _NOUN_ _ADP_,2340360
_START_ _DET_ _NOUN_ que _VERB_,2338002
"en _DET_ _NOUN_ , _PRON_",2335471
para _DET_ _NOUN_ de _DET_,2333172
_START_ El _NOUN_ de _DET_,2332571
de las _NOUN_ de _NOUN_,2331727
de _NOUN_ que _PRON_ _VERB_,2327063
del _NOUN_ _CONJ_ _DET_ _NOUN_,2324993
en _DET_ _NOUN_ de los,2319940
la _NOUN_ de _VERB_ _DET_,2316824
a _VERB_ _ADP_ la _NOUN_,2307440
de _DET_ _NOUN_ _CONJ_ _PRON_,2306224
en _DET_ _NOUN_ _._ _NOUN_,2305806
"un _NOUN_ de _NOUN_ ,",2303870
"su _NOUN_ , _DET_ _NOUN_",2301968
"_VERB_ , _ADP_ _NOUN_ _._",2300271
"de _NOUN_ , _VERB_ _DET_",2299285
_START_ _DET_ _NOUN_ _ADJ_ _._,2299094
_START_ _NOUN_ _ADV_ _PRON_ _VERB_,2294978
de _NOUN_ _CONJ_ _NOUN_ de,2294897
la _NOUN_ _ADP_ _NOUN_ en,2294177
una _NOUN_ _ADP_ _NOUN_ .,2293425
"de _NOUN_ , _NOUN_ _ADP_",2292485
a través _ADP_ _DET_ _NOUN_,2290978
una _ADJ_ _NOUN_ _ADP_ _DET_,2289935
los _NOUN_ _ADP_ _NOUN_ de,2288429
de _NOUN_ _ADJ_ _ADP_ la,2285976
a través de _DET_ _NOUN_,2285272
de _NOUN_ a _DET_ _NOUN_,2282912
una _ADJ_ _NOUN_ de _NOUN_,2282419
la _NOUN_ del _NOUN_ de,2281240
le _VERB_ _VERB_ _DET_ _NOUN_,2277227
el _NOUN_ _NOUN_ _._ _END_,2274721
la _ADJ_ _NOUN_ de _NOUN_,2274326
la _NOUN_ de _DET_ _ADJ_,2274097
en _DET_ _NOUN_ que _VERB_,2274017
de _NOUN_ _ADJ_ _CONJ_ _ADJ_,2273660
en _DET_ _DET_ _NOUN_ _._,2270972
de _DET_ _ADJ_ _NOUN_ _ADJ_,2267769
a _VERB_ _DET_ _NOUN_ _ADJ_,2267386
un _NOUN_ _ADP_ _NOUN_ _CONJ_,2267187
en _DET_ _NOUN_ _CONJ_ _ADP_,2266714
_START_ _VERB_ a _DET_ _NOUN_,2262448
"una _NOUN_ _ADP_ _NOUN_ ,",2259164
y _VERB_ a _DET_ _NOUN_,2258980
_START_ _ADV_ _ADP_ _DET_ _NOUN_,2253846
las _NOUN_ _ADP_ _NOUN_ _CONJ_,2252131
en _DET_ _NOUN_ _ADJ_ y,2250192
de _DET_ _NOUN_ en _NOUN_,2249013
y se _VERB_ _ADP_ _DET_,2244888
en el _NOUN_ _ADJ_ _ADP_,2244800
sobre _DET_ _NOUN_ _ADP_ _DET_,2242412
_START_ _VERB_ _CONJ_ _DET_ _NOUN_,2239907
de _DET_ _NOUN_ que _PRON_,2234332
la _NOUN_ _ADJ_ _._ _DET_,2233274
de _NOUN_ _ADJ_ en _DET_,2232898
sobre _DET_ _NOUN_ _._ _END_,2231008
para _VERB_ _DET_ _NOUN_ .,2230476
en _DET_ _NOUN_ _CONJ_ _DET_,2228286
"_VERB_ , _CONJ_ _PRON_ _VERB_",2227879
en _DET_ que _PRON_ _VERB_,2225131
el _NOUN_ de su _NOUN_,2222977
el _NOUN_ de _NOUN_ _NOUN_,2218648
se _VERB_ _ADP_ _DET_ _ADJ_,2218485
su _NOUN_ _ADP_ la _NOUN_,2218294
para _VERB_ a _DET_ _NOUN_,2217233
_START_ _ADP_ _NOUN_ _._ _VERB_,2217225
en _NOUN_ _ADP_ _NOUN_ _ADP_,2216825
en _NOUN_ _ADJ_ _._ _END_,2213430
la _NOUN_ _ADJ_ _CONJ_ _DET_,2210244
los _NOUN_ _ADP_ _NOUN_ y,2210050
sus _NOUN_ _ADP_ _DET_ _NOUN_,2203455
del _NOUN_ _ADJ_ _ADP_ _NOUN_,2201563
_START_ _ADP_ _NOUN_ _ADP_ _DET_,2197704
de _NOUN_ _ADJ_ _._ _NOUN_,2194441
_START_ La _NOUN_ _PRON_ _VERB_,2193187
a _DET_ _NOUN_ _ADJ_ _CONJ_,2193028
de la _NOUN_ y _DET_,2191871
con la _NOUN_ _ADP_ _DET_,2189889
a la _NOUN_ _ADJ_ _._,2187870
la _VERB_ _ADP_ _DET_ _NOUN_,2186827
que se _VERB_ _VERB_ _ADP_,2180879
la _NOUN_ _ADJ_ en _DET_,2179676
_START_ _ADP_ la _NOUN_ _ADP_,2176284
de _DET_ _NOUN_ de los,2175074
a _DET_ _NOUN_ _CONJ_ _VERB_,2173977
"los _NOUN_ de _NOUN_ ,",2173688
no _VERB_ _VERB_ _ADP_ _DET_,2173169
"_START_ _ADP_ _NOUN_ , _VERB_",2173062
de _VERB_ a _DET_ _NOUN_,2172357
de _NOUN_ _CONJ_ _NOUN_ .,2164426
las _NOUN_ y _DET_ _NOUN_,2164072
de la _NOUN_ _._ _NOUN_,2163618
en la _NOUN_ _ADP_ la,2163415
En _DET_ _NOUN_ _ADP_ _NOUN_,2162278
_START_ _ADP_ _DET_ _ADJ_ _NOUN_,2161464
de la _NOUN_ _NOUN_ _._,2160908
el _NOUN_ _PRON_ _VERB_ _VERB_,2158449
el _NOUN_ _ADJ_ de _NOUN_,2157508
que _DET_ _NOUN_ _ADJ_ _ADP_,2156092
de _DET_ _NOUN_ _._ que,2153022
"del _NOUN_ , _DET_ _NOUN_",2152600
y _NOUN_ _ADJ_ . _END_,2152249
la _NOUN_ _._ el _NOUN_,2151685
con la _NOUN_ _ADP_ _NOUN_,2149084
de _DET_ _NOUN_ _._ _._,2146901
de la _NOUN_ _ADJ_ de,2145876
que _PRON_ _VERB_ a _DET_,2145574
que _PRON_ _VERB_ la _NOUN_,2145205
a la _NOUN_ _ADP_ la,2144761
con _DET_ _NOUN_ _ADP_ _VERB_,2144541
a la _NOUN_ del _NOUN_,2144271
que _PRON_ _VERB_ a _VERB_,2143530
del _NOUN_ _ADP_ _NOUN_ .,2141904
y el _NOUN_ _ADP_ _NOUN_,2138680
que _ADV_ _PRON_ _VERB_ _VERB_,2137117
que _VERB_ _ADP_ _VERB_ _DET_,2135204
_START_ _NOUN_ _._ _NOUN_ _NOUN_,2134116
los _NOUN_ _ADJ_ de _DET_,2132908
de _DET_ _NOUN_ ; _END_,2131690
los _NOUN_ de _NOUN_ _ADJ_,2130404
_START_ _NOUN_ _PRON_ _VERB_ _DET_,2129954
el _NOUN_ _ADP_ _VERB_ _DET_,2125822
como _NOUN_ _ADP_ _DET_ _NOUN_,2123908
"_START_ _VERB_ _DET_ _NOUN_ ,",2121150
a _VERB_ de _DET_ _NOUN_,2119858
y _NOUN_ de _NOUN_ _._,2117365
_START_ _VERB_ _ADP_ la _NOUN_,2116623
y _VERB_ la _NOUN_ _ADP_,2115874
con el _NOUN_ _ADP_ _NOUN_,2115755
de _DET_ _NOUN_ _ADJ_ que,2114036
_START_ _VERB_ _DET_ _ADJ_ _NOUN_,2111826
_START_ _NOUN_ de _DET_ _NOUN_,2109792
de la _NOUN_ _ADJ_ _CONJ_,2108835
la _NOUN_ _CONJ_ _VERB_ _DET_,2107020
el _NOUN_ _ADP_ _DET_ _ADJ_,2104492
de _DET_ _NOUN_ _NOUN_ _NOUN_,2101411
de _NOUN_ _ADP_ las _NOUN_,2100649
en _DET_ _ADJ_ _NOUN_ de,2094658
_START_ Por _DET_ _NOUN_ _._,2091132
"_START_ _NOUN_ _._ _NOUN_ ,",2089272
que _PRON_ _VERB_ el _NOUN_,2089253
"de _DET_ _NOUN_ , que",2086230
el _NOUN_ _NOUN_ . _END_,2086104
la _NOUN_ que _VERB_ _ADP_,2085878
que _VERB_ con _DET_ _NOUN_,2085868
que _VERB_ _ADP_ _VERB_ _ADP_,2084713
se _VERB_ _CONJ_ _DET_ _NOUN_,2083432
de _DET_ _NOUN_ _ADP_ las,2079898
y la _NOUN_ de _DET_,2078034
"de _NOUN_ y _NOUN_ ,",2074960
_START_ _ADP_ _NOUN_ _ADP_ _NOUN_,2074815
de _DET_ _NOUN_ _NOUN_ _ADP_,2073367
a los _NOUN_ _ADP_ _NOUN_,2073335
un _NOUN_ _ADJ_ de _NOUN_,2072279
una _ADJ_ _NOUN_ _._ _END_,2069839
con _DET_ _NOUN_ _ADJ_ _CONJ_,2069099
el _NOUN_ de _NOUN_ _VERB_,2069006
a _VERB_ a _DET_ _NOUN_,2064252
de _NOUN_ _ADJ_ _PRON_ _VERB_,2062997
las _NOUN_ _ADP_ _NOUN_ .,2062668
que _VERB_ _NOUN_ _ADP_ _DET_,2062635
a _DET_ _NOUN_ _ADJ_ de,2060624
a _DET_ _NOUN_ _DET_ _NOUN_,2058608
se _VERB_ _ADP_ _NOUN_ .,2058491
"_START_ Por _DET_ _NOUN_ ,",2054097
a _VERB_ en _DET_ _NOUN_,2051419
que _VERB_ el _NOUN_ de,2050750
el _NOUN_ _._ _PRON_ _VERB_,2049802
_START_ - _VERB_ _DET_ _NOUN_,2049749
es _DET_ _NOUN_ _._ _END_,2048833
_START_ _VERB_ el _NOUN_ _ADP_,2048602
se _VERB_ _ADP_ los _NOUN_,2046793
un _NOUN_ _ADP_ _NOUN_ de,2046225
como _DET_ _NOUN_ _ADP_ _DET_,2044804
sobre _DET_ _NOUN_ . _END_,2044727
_START_ _ADP_ _VERB_ _DET_ _NOUN_,2043503
de _NOUN_ _._ _NOUN_ y,2038001
_START_ _NOUN_ _ADP_ _NOUN_ _ADP_,2037725
_START_ _DET_ _NOUN_ no _VERB_,2036866
y el _NOUN_ _ADP_ _DET_,2036830
"en _NOUN_ _ADP_ _NOUN_ ,",2036451
en _NOUN_ _ADJ_ . _END_,2034235
_START_ _NOUN_ _VERB_ _NOUN_ _._,2032159
"la _NOUN_ , el _NOUN_",2031315
y _NOUN_ _ADP_ _NOUN_ _ADP_,2029675
la _NOUN_ de _NOUN_ _PRON_,2029421
las _NOUN_ de _NOUN_ _ADP_,2028265
de _NOUN_ _NOUN_ _NOUN_ _._,2027743
los _NOUN_ _VERB_ _DET_ _NOUN_,2027600
se _VERB_ a la _NOUN_,2025647
para _DET_ _NOUN_ de _NOUN_,2024458
"_VERB_ , _ADP_ _NOUN_ ,",2023694
que _VERB_ _DET_ _NOUN_ y,2022315
"de _DET_ _ADJ_ _NOUN_ ,",2021852
de _NOUN_ _._ _CONJ_ _DET_,2021343
_START_ _VERB_ _DET_ _NOUN_ y,2019976
Se _VERB_ _ADP_ _DET_ _NOUN_,2019287
a _VERB_ _DET_ _NOUN_ .,2018806
del _NOUN_ de _NOUN_ _ADP_,2015192
en un _NOUN_ _ADP_ _NOUN_,2015084
de _NOUN_ _._ _VERB_ _ADP_,2013201
no _VERB_ _DET_ _NOUN_ _ADJ_,2010862
_START_ _NOUN_ _VERB_ _ADP_ _DET_,2009979
el _NOUN_ y la _NOUN_,2009957
_START_ _ADV_ _PRON_ _VERB_ _ADP_,2006258
_START_ _PRON_ _VERB_ _VERB_ _ADP_,2005960
que _DET_ _NOUN_ _VERB_ _ADJ_,2003242
los _NOUN_ en _DET_ _NOUN_,2002885
de _DET_ _NOUN_ _._ _ADJ_,1997839
de sus _NOUN_ _._ _END_,1995391
que _VERB_ _VERB_ en _DET_,1994582
"la _NOUN_ _ADJ_ , _DET_",1988004
el _NOUN_ _ADP_ un _NOUN_,1986300
de _NOUN_ y de _NOUN_,1986197
en _DET_ _NOUN_ _._ _ADV_,1985008
a _DET_ _NOUN_ _CONJ_ _ADP_,1983877
en los _NOUN_ _ADP_ _NOUN_,1983694
y _VERB_ _ADP_ la _NOUN_,1979756
por la _NOUN_ _ADP_ _NOUN_,1978622
de _NOUN_ _._ _NOUN_ de,1976158
es _DET_ _NOUN_ de _NOUN_,1974826
que _VERB_ _ADJ_ _ADP_ _DET_,1974585
el _NOUN_ y el _NOUN_,1974159
de _ADJ_ _NOUN_ _._ _END_,1972924
que _ADV_ _PRON_ _VERB_ _ADP_,1964926
se _VERB_ _ADP_ una _NOUN_,1964640
la _NOUN_ _ADP_ _ADJ_ _NOUN_,1962644
un _ADJ_ _NOUN_ _ADP_ _DET_,1961907
El _NOUN_ _VERB_ _DET_ _NOUN_,1961656
y _DET_ _NOUN_ _ADJ_ .,1961496
_START_ _ADV_ _PRON_ _VERB_ _VERB_,1960931
la _NOUN_ _VERB_ _ADP_ _DET_,1957869
la _NOUN_ _ADP_ _NOUN_ que,1956738
_START_ En _DET_ _NOUN_ _ADJ_,1955102
un _ADJ_ _NOUN_ _._ _END_,1954678
de _NOUN_ en el _NOUN_,1954442
la _NOUN_ _._ _VERB_ _ADP_,1952750
le _VERB_ _DET_ _NOUN_ .,1950593
se _VERB_ _VERB_ en _DET_,1950422
la _ADJ_ _NOUN_ _._ _END_,1949944
el _NOUN_ de _NOUN_ y,1949912
_START_ _CONJ_ _DET_ _NOUN_ _ADP_,1948385
ha _VERB_ _ADP_ _DET_ _NOUN_,1947922
la _NOUN_ de una _NOUN_,1947098
en _NOUN_ _ADP_ _NOUN_ _ADJ_,1946227
en _DET_ _NOUN_ y _VERB_,1946006
_START_ _CONJ_ _ADP_ _DET_ _NOUN_,1945007
de un _NOUN_ de _NOUN_,1943642
el _NOUN_ que _PRON_ _VERB_,1943613
que _VERB_ de _DET_ _NOUN_,1941662
la _NOUN_ _ADJ_ _._ _VERB_,1941500
de los _NOUN_ _PRON_ _VERB_,1941195
a _DET_ _NOUN_ _._ _PRON_,1939314
y _DET_ _NOUN_ del _NOUN_,1938042
no _VERB_ _VERB_ _._ _END_,1930577
"de _NOUN_ , _NOUN_ y",1926944
que _DET_ _NOUN_ no _VERB_,1926022
y _PRON_ _VERB_ _ADP_ _VERB_,1924688
a la _NOUN_ _ADJ_ _ADP_,1923705
a los _NOUN_ _ADP_ _DET_,1921762
"de _NOUN_ , _CONJ_ _DET_",1921596
_START_ _PRON_ _VERB_ la _NOUN_,1920968
de _NOUN_ que _VERB_ _ADP_,1919864
"el _NOUN_ , _PRON_ _VERB_",1919637
de _NOUN_ y _NOUN_ _ADJ_,1911716
los _NOUN_ _ADJ_ _ADP_ la,1911056
la _NOUN_ del _NOUN_ _CONJ_,1910841
