ngram,freq
se dio cuenta de que,415519
desde el punto de vista,331637
a lo largo de la,272474
en la medida en que,231785
en el momento en que,176974
"y , por lo tanto",175322
al otro lado de la,173253
de un lado a otro,169999
me di cuenta de que,168548
el punto de vista de,159639
a lo largo de los,152758
en la mayoría de los,147797
a la conclusión de que,143289
Al fin y al cabo,141859
la mayor parte de los,131405
al fin y al cabo,130683
a que se refiere el,126025
la mayoría de los casos,125656
en el ámbito de la,125204
en el centro de la,124499
lo que se refiere a,123253
en el caso de que,121995
"que , a pesar de",121586
en el sentido de que,114452
por el hecho de que,106352
Desde el punto de vista,105787
en el caso de los,105703
de cada uno de los,105092
en el caso de la,102895
la razón por la que,101662
a lo largo de su,98275
desde un punto de vista,95178
en el marco de la,94102
en el momento de la,92356
en el interior de la,91863
la segunda mitad del siglo,87971
el momento en el que,85922
en el campo de la,84295
con la esperanza de que,83316
hasta el punto de que,83109
la mayor parte de las,82467
"y , en su caso",82203
no tiene nada que ver,81561
a la luz de la,80249
que la mayoría de los,80089
en lo que se refiere,79160
punto de vista de la,78941
"y , al mismo tiempo",78575
lo largo de los años,77776
hay que tener en cuenta,76553
de cada una de las,76436
la mayor parte de la,76376
la palma de la mano,74872
que estaba a punto de,74053
era la primera vez que,73817
tiene nada que ver con,73340
a lo largo del tiempo,73104
todos y cada uno de,73008
el hecho de que la,72113
en el hecho de que,71380
los días de la semana,70971
que se trata de un,70941
en el caso de las,70533
de los medios de comunicación,70285
de la misma manera que,69960
el hecho de que el,69932
de una vez por todas,69273
que tener en cuenta que,68998
la luz de la luna,68492
me doy cuenta de que,67400
de la década de los,67349
desde el momento en que,67204
de la historia de la,67131
que se refiere el artículo,66854
"Por otra parte , la",66436
como si se tratara de,65796
se dio la vuelta y,65552
que se trata de una,65474
de los días de la,65471
el momento en que se,65313
en el seno de la,65170
se había dado cuenta de,64966
en la historia de la,64575
lo largo de la historia,64303
lo dispuesto en el artículo,64181
con el paso del tiempo,63772
que se refiere a la,63742
"de la semana , el",63727
en cada uno de los,63548
como en el caso de,62390
como es el caso de,62022
La verdad es que no,62016
tiene que ver con la,61893
el mejor de los casos,60894
el resto de su vida,60880
a la puerta de la,60685
"Por su parte , el",60585
la reproducción total o parcial,60119
se da cuenta de que,59588
reproducción total o parcial de,59171
un nudo en la garganta,59118
había dado cuenta de que,58790
en la cuenta de que,58728
En el caso de la,58533
En el caso de que,58413
en cada una de las,57558
y cada uno de los,57408
"que , a su vez",57363
"Por otra parte , el",57293
el punto de vista del,57169
no es más que un,56360
las manos en los bolsillos,56349
"Entonces , ¿ por qué",56336
a lo largo de toda,55827
que se trataba de un,55498
no es más que una,55350
"En este sentido , la",55319
Era la primera vez que,55095
y se dio cuenta de,54894
a la altura de la,54687
la medida de lo posible,54686
en el mejor de los,54618
En el caso de los,53973
de los miembros de la,53926
en lo que respecta a,53879
no tenía ni idea de,53513
con el fin de que,53444
en el contexto de la,53409
mucho más de lo que,52987
la mayor parte del tiempo,52647
a cada uno de los,52497
en la década de los,52474
y de las calidades mundanas,52426
simboliza : de los planetas,52369
a lo largo de las,52318
"Por otro lado , la",52213
América Latina y el Caribe,52029
lo más probable es que,51888
en el borde de la,51712
en la medida de lo,51585
es la primera vez que,51462
de la mayoría de los,51454
la mayoría de la gente,51174
de la Segunda Guerra Mundial,50749
en la mayoría de las,50722
por el que se aprueba,50420
que en el caso de,50359
la primera mitad del siglo,50181
la forma en que se,49985
la mayoría de las veces,49850
las razones por las que,49295
se había convertido en un,48970
no era más que un,48947
en la toma de decisiones,48722
la forma en la que,48639
un beso en la mejilla,48615
"o , en su caso",48391
algún fragmento de esta obra,48339
En la mayoría de los,48252
después de la muerte de,48239
todas y cada una de,48175
que se trataba de una,48068
de un momento a otro,47960
el otro lado de la,47917
lo que respecta a la,47738
no tenía nada que ver,47554
tenía nada que ver con,47092
De Versículos : 01 02,46998
Índice De Versículos : 01,46998
Versículos : 01 02 03,46957
"En este sentido , el",46951
que la mayoría de las,46857
se ha convertido en un,46646
el que se aprueba el,46565
lo que es lo mismo,46424
la noche a la mañana,46111
en el mundo de la,46037
dio cuenta de que no,45999
lo largo de su vida,45703
de la Administración de Justicia,45534
a lo largo de todo,45307
en la puerta de la,45263
A lo largo de la,45071
que la mayor parte de,44901
"y , a la vez",44862
en el desarrollo de la,44846
la idea de que la,44784
al pie de la letra,44762
"y , a pesar de",44730
En el momento en que,44682
la miró a los ojos,44395
lo miró a los ojos,44231
y se dirigió a la,44210
el paso de los años,44174
se encogió de hombros y,44148
Se dio cuenta de que,44042
es la razón por la,44009
las palmas de las manos,43968
A partir de ese momento,43938
los unos a los otros,43902
en la mayor parte de,43477
"Por su parte , la",43411
a partir de ese momento,43332
Centro Español de Derechos Reprográficos,43328
"Por lo tanto , la",43286
se había convertido en una,43184
"Por otro lado , el",43178
la parte superior de la,43150
tiene que ver con el,43085
en más de una ocasión,42979
se puso en pie y,42879
Lo que pasa es que,42737
nada que ver con la,42431
la Administración General del Estado,42423
de cada uno de ellos,42392
nada que ver con el,42294
de la noche a la,42290
"de los elementos , el",42216
"las calidades mundanas , la",41943
Heráldica familiar Españoles e Hispanoamericanos,41940
y Heráldica familiar Españoles e,41940
en la parte de atrás,41858
lo largo de todo el,41846
y cada una de las,41772
a la hora de la,41764
la mesa de la cocina,41628
el motivo por el que,41390
se daba cuenta de que,41279
en el campo de batalla,41258
lo que tenía que hacer,41182
abrir y cerrar de ojos,41174
un abrir y cerrar de,41071
al darse cuenta de que,40999
la idea de que el,40797
la verdad es que no,40704
en el ámbito de las,40683
a la vez que se,40656
el hecho de que los,40619
forma o por cualquier medio,40572
la puerta de la casa,40512
en los medios de comunicación,40385
la mayoría de las personas,40177
no era más que una,39923
por sus siglas en inglés,39879
más de la mitad de,39829
Universidad Nacional Autónoma de México,39797
tenía la sensación de que,39684
a CEDRO ( Centro Español,39663
pero lo cierto es que,39637
CEDRO ( Centro Español de,39583
puso los ojos en blanco,39580
Al cabo de un rato,39514
Diríjase a CEDRO ( Centro,39448
no es otra cosa que,39334
se puso de pie y,39276
Hay que tener en cuenta,39202
Diario Oficial de la Federación,39107
"Por lo tanto , el",38796
primera vez en su vida,38708
un momento en el que,38682
más allá de lo que,38656
a pesar de que la,38592
la puerta de la habitación,38336
En la medida en que,38288
en la segunda mitad del,38247
con el paso de los,38096
a pesar de que el,38047
"En este caso , el",37978
en lo más profundo de,37892
lo que se refiere al,37867
lo largo de toda la,37787
los Estados Unidos de América,37685
en lo alto de la,37658
se ha convertido en una,37597
dio un beso en la,37464
la mayor parte de su,37301
lo que se conoce como,37215
que tiene que ver con,37154
finales de la década de,36905
de la muerte de su,36873
el lugar en el que,36867
por encima de la cabeza,36863
En el caso de las,36797
con los ojos muy abiertos,36769
el momento en que el,36693
Me di cuenta de que,36679
primera hora de la mañana,36640
Organización Mundial de la Salud,36580
en los casos en que,36509
los miembros de la familia,36477
cualquier forma o por cualquier,36331
"por ejemplo , en el",36289
a la espera de que,36235
había estado a punto de,36091
"por lo tanto , no",36047
los casos en los que,35980
y el hecho de que,35936
la historia de la humanidad,35889
"por un lado , y",35863
de lo dispuesto en el,35830
"Sin embargo , en el",35714
lo largo de la vida,35665
de la misma forma que,35373
se sentó a su lado,35278
"En este caso , la",35214
con lágrimas en los ojos,35179
otro lado de la línea,35167
ni idea de lo que,35161
la vida y la muerte,35101
a los pies de la,34967
a la idea de que,34936
para el desarrollo de la,34893
da la impresión de que,34852
en el Diario Oficial de,34839
a primera hora de la,34739
de la Ciudad de México,34654
el centro de la ciudad,34533
el dorso de la mano,34521
le dio un beso en,34490
otro lado de la calle,34389
otro lado de la puerta,34339
de la Junta de Andalucía,34066
a pesar de que no,34022
en el cuarto de baño,34016
de un lado para otro,33915
el Diario Oficial de la,33904
en el momento en el,33861
el hecho de que no,33856
a la luz de las,33653
a lo largo del siglo,33622
en el momento de su,33601
dio cuenta de que estaba,33539
había llegado el momento de,33474
en el mundo de los,33445
La mayor parte de los,33423
a un lado de la,33209
"No , no , no",32902
a lo dispuesto en el,32669
se dieron cuenta de que,32597
con el hecho de que,32523
que el hecho de que,32488
con la idea de que,32488
Desde un punto de vista,32315
la mayoría de los países,32074
de la forma en que,31909
"Por el contrario , la",31839
de las razones por las,31835
desde la última vez que,31789
a la entrada de la,31702
de la teoría de la,31611
de las Naciones Unidas para,31600
"que , al igual que",31563
"las piedras preciosas , el",31561
y le dio un beso,31558
Vicente de Cadenas y Vicent,31551
"las piedras preciosas , la",31514
a lo largo de un,31509
"las virtudes cardinales , la",31473
"las virtudes teologales , la",31470
don Vicente de Cadenas y,31465
los que llevan este color,31455
de don Vicente de Cadenas,31453
total o parcial de este,31451
el resto de mi vida,31442
el momento en que la,31407
"Sin embargo , en la",31385
la muerte de su padre,31333
la posibilidad de que el,31315
A lo largo de los,31053
con un hilo de voz,31018
Por el amor de Dios,30995
Penguin Random House Grupo Editorial,30899
la entrada en vigor de,30877
lo largo de los siglos,30867
de los Estados Unidos Mexicanos,30858
o parcial de este libro,30841
Por lo que se refiere,30832
en un abrir y cerrar,30832
al cabo de un rato,30813
en el fondo de la,30779
la primera vez que se,30756
las cinco de la tarde,30714
hasta el día de hoy,30684
No tenía ni idea de,30680
las seis de la tarde,30623
a la altura de los,30463
la puerta de la cocina,30379
de la Dirección General de,30360
daba la impresión de que,30348
"que , a partir de",30327
por el amor de Dios,30312
te das cuenta de que,30303
las seis de la mañana,30292
el borde de la cama,30284
No cabe duda de que,30212
la puesta en marcha de,30212
un nudo en el estómago,30178
es el caso de la,30158
"De este modo , la",30091
de la base de datos,30058
Lo más probable es que,30018
llegado a la conclusión de,29990
son marcas registradas por Harlequin,29982
de Castilla - La Mancha,29949
de la mayor parte de,29906
a cada una de las,29859
en el ejercicio de sus,29797
llegó a la conclusión de,29750
que ninguno de los dos,29715
la calidad de vida de,29629
la parte de atrás de,29527
en cualquier forma o por,29485
a través de la ventana,29360
el caso de que el,29356
a la mayoría de los,29248
"en su caso , de",29177
de las personas con discapacidad,29140
la puerta de su casa,29110
tecnologías de la información y,29074
en la Ciudad de México,29058
por primera vez en la,29026
la primera vez que lo,29006
a ambos lados de la,28940
las yemas de los dedos,28929
si se tratara de un,28926
del otro lado de la,28918
Es la primera vez que,28860
los dedos de los pies,28830
que no se trata de,28758
"por ejemplo , en la",28745
"embargo , a pesar de",28719
pero la verdad es que,28687
de cada una de ellas,28662
del Parlamento Europeo y del,28596
"De este modo , el",28587
un hombre y una mujer,28585
que a lo largo de,28484
en la forma en que,28475
Parlamento Europeo y del Consejo,28433
la razón por la cual,28423
que se refiere el apartado,28421
a diferencia de lo que,28398
miró a los ojos y,28364
Todas las respuestas anteriores son,28355
todos los miembros de la,28350
de la Ley del Impuesto,28330
en la ciudad de México,28266
la medida en que se,28177
las tres de la tarde,28151
a la altura de las,28091
por cualquier medio o procedimiento,28045
"Por otra parte , en",28005
por primera vez en su,27958
se dio cuenta de lo,27931
en la parte superior de,27920
Si bien es cierto que,27857
la manera en la que,27834
lo más profundo de su,27791
de los derechos de los,27699
a través de la cual,27699
Consejo General del Poder Judicial,27627
dio cuenta de que había,27616
las ocho de la mañana,27608
de la segunda mitad del,27510
"No , claro que no",27491
a lo largo de este,27479
las diez de la mañana,27467
de de de de de,27457
no se había dado cuenta,27445
total o parcial de esta,27445
sobre la base de la,27435
a lo largo del día,27427
para cada uno de los,27372
esta obra por cualquier medio,27369
en el seno de una,27367
"de la ciudad , y",27351
el otro extremo de la,27342
"y que , por tanto",27304
las respuestas anteriores son correctas,27231
los ojos llenos de lágrimas,27218
las diez de la noche,27191
la gran mayoría de los,27088
las cuatro de la tarde,27055
"que , por el contrario",27042
de la ciudad de México,27017
lo que le había dicho,26994
la parte inferior de la,26958
"Por otra parte , los",26947
el hecho de que se,26907
y eso es lo que,26906
desde el otro lado de,26902
con lo dispuesto en el,26899
"o , por el contrario",26883
con el resto de la,26853
la parte trasera de la,26753
permiso previo y por escrito,26752
a los miembros de la,26742
dio cuenta de que la,26735
ha llegado el momento de,26660
"Sin embargo , a pesar",26645
la mano en el bolsillo,26643
o parcial de esta obra,26630
en el marco de una,26623
"Por el contrario , el",26609
obra por cualquier medio o,26585
la palma de su mano,26584
de esta obra por cualquier,26540
que tienen que ver con,26517
Ya te he dicho que,26511
de la puerta de la,26449
la década de los años,26376
"en su caso , la",26367
escrito de los titulares del,26364
una mano en el hombro,26333
un gesto con la mano,26310
mediados de la década de,26294
lo establecido en el artículo,26244
"Por su parte , los",26192
de la mitad de los,26186
la faz de la tierra,26137
no tuvo más remedio que,26105
Todos los derechos están reservados,26080
de la Administración General del,26050
"Por ejemplo , en el",26010
"En primer lugar , la",25982
de un lugar a otro,25977
a las seis de la,25940
Al otro lado de la,25887
las siete de la mañana,25853
el bien y el mal,25804
en mayor o menor medida,25795
hizo un gesto con la,25794
y se acercó a la,25753
una época en la que,25716
a través de los cuales,25676
texto refundido de la Ley,25676
he dado cuenta de que,25645
y de vez en cuando,25632
el umbral de la puerta,25558
y a pesar de que,25541
los primeros años de la,25517
una de las cosas que,25495
el marco de la puerta,25473
cuando se dio cuenta de,25456
"por lo tanto , la",25293
la menor duda de que,25239
una y otra vez en,25235
las tecnologías de la información,25211
en la base de la,25199
se muestra en la figura,25194
la medida en que la,25127
tuvo la sensación de que,25069
"que , a diferencia de",25058
"que , de acuerdo con",25032
en el terreno de la,25012
y me di cuenta de,25005
en el fondo de su,24963
de un modo u otro,24956
un lugar en el que,24913
de la mayoría de las,24911
el hecho de que las,24911
de los titulares del copyright,24911
desde la perspectiva de la,24908
por la forma en que,24888
y se dio la vuelta,24877
es el hecho de que,24815
Letrado de la Administración de,24778
con la mirada fija en,24746
me he dado cuenta de,24744
que de vez en cuando,24731
dio cuenta de que el,24695
a lo largo y ancho,24675
sin el permiso previo y,24668
no cabe duda de que,24650
En lo que se refiere,24644
Si te ha gustado este,24636
"Ja , ja , ja",24613
"que , en su caso",24612
las afueras de la ciudad,24599
las personas a las que,24556
momento en el que se,24554
la década de los ochenta,24535
de la mano de obra,24532
a las cinco de la,24522
las nueve de la mañana,24448
a las tres de la,24439
a la vuelta de la,24431
echó la cabeza hacia atrás,24409
"y que , por lo",24404
te ha gustado este libro,24402
se pasó la mano por,24392
"y , por otro lado",24378
en el supuesto de que,24364
a que se refiere la,24361
negó con la cabeza y,24341
principios de la década de,24311
un mundo en el que,24273
"Sin embargo , no se",24238
de la manera en que,24226
en el tratamiento de la,24203
A pesar de que la,24199
en el curso de la,24180
se sentó en la cama,24175
el caso de que se,24172
una sonrisa en los labios,24162
el uno para el otro,24153
asintió con la cabeza y,24089
Por lo que respecta a,24071
como se muestra en la,24067
se dio la vuelta para,24052
el permiso previo y por,24012
fue la última vez que,24002
dio la vuelta y se,23996
del Impuesto sobre la Renta,23939
"reproducción , distribución , comunicación",23934
de la Compañía de Jesús,23912
la oscuridad de la noche,23856
la situación en la que,23848
el caso de que la,23829
la medida en que el,23826
la punta de los dedos,23823
que está a punto de,23814
en el umbral de la,23809
con los ojos llenos de,23807
En lo que respecta a,23786
"forma de reproducción , distribución",23767
"Sin embargo , lo que",23762
la cabeza hacia atrás y,23755
el mismo momento en que,23739
con el resto de los,23728
al mismo tiempo que se,23711
si bien es cierto que,23709
por el rabillo del ojo,23688
no es lo mismo que,23685
la punta de la lengua,23674
por el simple hecho de,23638
el hecho de que en,23633
cayó en la cuenta de,23627
lo que hay que hacer,23626
a partir de la fecha,23609
de la información y la,23585
la década de los noventa,23578
o escanear algún fragmento de,23572
la cara con las manos,23569
en mitad de la noche,23557
escanear algún fragmento de esta,23555
si se tiene en cuenta,23552
la persona a la que,23548
"y , lo que es",23543
la velocidad de la luz,23538
de todo lo que había,23536
fotocopiar o escanear algún fragmento,23535
otro lado de la mesa,23523
la manera en que se,23479
"México , Fondo de Cultura",23458
"que , por otra parte",23457
Ella negó con la cabeza,23441
a a a a a,23405
"o , lo que es",23380
la vuelta de la esquina,23380
dio la impresión de que,23376
de los hijos de Israel,23373
de la Primera Guerra Mundial,23339
"electrónico , mecánico , por",23313
"por el contrario , se",23312
que ver con lo que,23308
si se tratara de una,23297
para la toma de decisiones,23293
de los Estados Unidos de,23279
"u otros métodos , sin",23268
de la Comunidad de Madrid,23241
delito contra la propiedad intelectual,23239
en los términos previstos en,23236
las dos de la tarde,23215
"otros métodos , sin el",23209
"que , por lo tanto",23208
"métodos , sin el permiso",23187
"que , en el caso",23186
y negó con la cabeza,23186
como si se tratase de,23176
por eso por lo que,23157
tienen que ver con la,23142
y media de la mañana,23127
"o , por lo menos",23122
los pies de la cama,23090
que en la mayoría de,23053
que se había convertido en,22986
y se dirigió hacia la,22985
Desde este punto de vista,22976
y se sentó en el,22965
la primera vez que la,22830
en el estudio de la,22810
después de todo lo que,22799
de acuerdo con lo que,22759
y estuvo a punto de,22743
la posibilidad de que la,22724
a formar parte de la,22711
que había llegado el momento,22660
hasta el final de la,22646
nada tiene que ver con,22643
"En cualquier caso , la",22638
No era la primera vez,22636
que se encuentra en el,22634
o lo que es lo,22630
a finales del siglo XIX,22625
de que se trataba de,22597
la cabeza a los pies,22550
"y , a su vez",22507
llevó la mano a la,22496
se pasó una mano por,22487
la Organización Mundial de la,22486
conforme a lo dispuesto en,22484
por lo que se refiere,22482
los hombres y las mujeres,22482
tengo la sensación de que,22474
y miró a su alrededor,22434
en un momento en que,22424
se dirigió a la puerta,22403
haga clic en el botón,22399
una de las razones por,22394
en la idea de que,22377
necesita fotocopiar o escanear algún,22367
"En primer lugar , el",22346
marcas registradas por Harlequin Enterprises,22320
no se trata de una,22319
en medio de la noche,22309
"por un lado , la",22291
en los primeros años de,22275
las cinco de la mañana,22267
Organización de las Naciones Unidas,22234
en la palma de la,22214
en la sala de espera,22211
"Por lo tanto , no",22208
uno al lado del otro,22204
registradas por Harlequin Enterprises Limited,22202
La mayor parte de las,22176
que se refiere a los,22173
mg / kg / día,22145
entrada en vigor de la,22142
No hay duda de que,22131
a las cuatro de la,22131
con un gesto de la,22125
que se refiere el párrafo,22124
lo previsto en el artículo,22113
el peor de los casos,22078
como por arte de magia,22070
di cuenta de que no,22042
a finales de los años,22039
"y , por otra parte",22025
la primera vez que me,22018
"de este libro , ni",21981
"que , en caso de",21942
las nueve de la noche,21939
A pesar de que el,21889
y se encogió de hombros,21883
que estuvo a punto de,21866
desde el día en que,21832
podía dejar de pensar en,21825
justo en el momento en,21799
que tenía en la mano,21790
en el día a día,21755
una situación en la que,21741
"y , a partir de",21732
el ejercicio de sus funciones,21732
a los medios de comunicación,21727
y se puso en pie,21721
de los meses del año,21709
a los que se les,21699
de la Real Academia de,21692
en el marco de un,21684
en la primera mitad del,21633
"Por otro lado , los",21566
de delito contra la propiedad,21560
La infracción de los derechos,21548
los motivos por los que,21537
"En este sentido , se",21521
"De esta manera , el",21505
a la puerta de su,21491
se levantó de la cama,21438
"de los metales , el",21424
"Por otro lado , en",21424
en el marco de las,21417
Política de los Estados Unidos,21412
constitutiva de delito contra la,21409
la parte posterior de la,21399
puede ser constitutiva de delito,21378
Constitución Política de los Estados,21371
ser constitutiva de delito contra,21371
a lo largo de una,21310
no se trata de un,21310
de los derechos mencionados puede,21296
los derechos mencionados puede ser,21289
"En todo caso , la",21279
de la cabeza a los,21273
Él se encogió de hombros,21269
es uno de los más,21264
Esto se debe a que,21252
"de los elementos , la",21250
del bien y del mal,21238
en la vida de los,21210
infracción de los derechos mencionados,21205
los medios de comunicación y,21179
Se dio la vuelta y,21171
lo que es más importante,21151
"de los planetas , la",21148
el uno con el otro,21132
puso una mano en el,21118
Pero lo cierto es que,21115
"meses del año , el",21084
preguntó : -- ¿ Qué,21083
ND ND ND ND ND,21080
"En otras palabras , la",21059
"los elementos , el fuego",21039
"que , en lugar de",21016
"por su parte , se",21015
la fecha en que se,21009
segunda mitad del siglo XX,21006
"de los planetas , a",21005
"los elementos , el agua",21000
"del año , el de",20999
con el dorso de la,20991
derechos mencionados puede ser constitutiva,20982
mencionados puede ser constitutiva de,20980
darse cuenta de lo que,20977
con que han de servir,20974
"las calidades mundanas , el",20970
los que llevan este metal,20970
la posibilidad de que se,20970
"los elementos , la Tierra",20970
nos damos cuenta de que,20941
por escrito de los titulares,20936
Impuesto sobre la Renta de,20920
para llevar a cabo la,20909
"este libro , ni su",20901
y la verdad es que,20857
que se encuentra en la,20855
a la luz del día,20846
"de la vida , y",20834
reproducir algún fragmento de esta,20833
la puerta de la calle,20832
a cada uno de ellos,20826
"un sistema informático , ni",20798
en el corazón de la,20778
cada uno de los cuales,20773
países en vías de desarrollo,20771
ni más ni menos que,20765
un beso en la frente,20752
una vez a la semana,20747
al alcance de la mano,20730
"que , a través de",20727
del Sistema Nacional de Salud,20707
"Por el contrario , en",20699
a la luz de los,20683
a pesar de lo que,20678
que no tenía nada que,20655
hasta el momento en que,20643
conformidad con lo dispuesto en,20631
de que se trata de,20617
con la condición de que,20582
transmisión en cualquier forma o,20567
su transmisión en cualquier forma,20547
por el mero hecho de,20512
"De esta manera , la",20508
abrió la puerta de la,20482
se mordió el labio inferior,20475
se echó a reír y,20464
por encima de su hombro,20461
es el caso de los,20457
a las ocho de la,20450
con la ayuda de un,20448
"por lo tanto , el",20445
"sistema informático , ni su",20444
"informático , ni su transmisión",20442
ni su transmisión en cualquier,20437
"o , en su defecto",20426
de prevención de riesgos laborales,20400
los siglos XVI y XVII,20378
"distribución , comunicación pública o",20376
si necesita fotocopiar o escanear,20366
No se permite la reproducción,20349
a pesar de que se,20348
en el bolsillo de la,20330
las copas de los árboles,20329
la Suprema Corte de Justicia,20328
punto de vista de los,20322
a través de la puerta,20312
lo que pasa es que,20296
las personas con las que,20289
las tres de la mañana,20286
de un día para otro,20267
se permite la reproducción total,20266
en el interior de las,20262
antes de llegar a la,20261
su incorporación a un sistema,20260
ni su incorporación a un,20218
en la punta de la,20200
incorporación a un sistema informático,20192
tener en cuenta que la,20179
permite la reproducción total o,20171
previo y por escrito del,20153
un lado y a otro,20127
"a su vez , se",20122
de la vida y de,20103
y en el caso de,20081
Con el paso del tiempo,20072
por la puerta de la,20066
que eso es lo que,20066
que se aprueba el Reglamento,20065
en el interior de su,20040
"y , en todo caso",20031
a un lado y a,20017
pasó la mano por el,20008
tenía la impresión de que,19999
mayor parte de los casos,19997
a las siete de la,19991
cuando estaba a punto de,19893
S.L. Reservados todos los derechos,19892
la protección de los derechos,19851
en la época de la,19850
lugar en el que se,19848
en el instante en que,19827
y a lo largo de,19803
necesita reproducir algún fragmento de,19792
"en su caso , el",19792
si necesita reproducir algún fragmento,19788
o transformación de esta obra,19788
para cada una de las,19785
"En cualquier caso , el",19782
que la mayoría de la,19777
por encima de su cabeza,19776
la idea de que los,19766
la década de los setenta,19749
de conformidad con lo dispuesto,19738
de la mitad de la,19733
comunicación pública o transformación de,19725
pública o transformación de esta,19724
de la Ley General de,19709
y la forma en que,19708
por lo que no se,19698
con una sonrisa en los,19682
General de la Seguridad Social,19654
si se trata de un,19641
le puso una mano en,19634
en cada uno de ellos,19627
para la mayoría de los,19611
"por cualquier medio , sea",19601
se levantó de un salto,19593
Española de Patentes y Marcas,19582
la información y la comunicación,19566
de la existencia de un,19559
por ciento de la población,19546
el interior de la casa,19511
de los países de la,19502
a las dos de la,19497
Oficina Española de Patentes y,19493
el modo en que se,19476
las manos a la cabeza,19443
se dan cuenta de que,19417
"Pero , ¿ por qué",19416
una mujer a la que,19405
dio cuenta de que se,19393
a partir de los años,19377
se llevó la mano a,19375
para el tratamiento de la,19365
en el camino de la,19361
excepción prevista por la ley,19359
que no es más que,19312
la Corte Suprema de Justicia,19306
se llevó las manos a,19299
"de la tierra , y",19287
en el interior de un,19282
a finales de la década,19278
la vida de las personas,19274
segunda mitad del siglo XIX,19255
No es de extrañar que,19226
en la oscuridad de la,19225
con el fin de evitar,19225
y se puso de pie,19217
y por escrito del editor,19204
en cada una de ellas,19198
a partir de la cual,19186
dio cuenta de que era,19183
que el resto de los,19178
Desde el momento en que,19145
que se refiere a las,19114
"por fotocopia , por grabación",19104
en el sentido de la,19072
del Río de la Plata,19061
la mano por el pelo,19054
"Por lo tanto , es",19052
"por el contrario , la",19049
"de la casa , y",19029
se tiene en cuenta que,19022
puede ser realizada con la,19020
con lo establecido en el,19013
la hora de la cena,19011
la mayor parte de sus,19007
"Por el contrario , los",19002
las calles de la ciudad,19001
en el ejercicio de la,18990
